"releasename","institutionid","unitid","comparisongroupid","institutionname","unitname","comparisongroupname","facultycount","facultycount_rank","articlecount","articlecount_rank","articlefacultycount","articlefacultycount_rank","articlecountperauthor","articlecountperauthor_rank","citationcount","citationcount_rank","citationfacultycount","citationfacultycount_rank","pctofauthorwithcitation","pctofauthorwithcitation_rank","grantfacultycount","grantfacultycount_rank","grantcount","grantcount_rank","grantdollars","grantdollars_rank","awardcount","awardcount_rank","awardfacultycount","awardfacultycount_rank","bookcount","bookcount_rank","bookfacultycount","bookfacultycount_rank","awardsweight","grantsweight","booksweight","citationsweight","articlesweight","pctoffacwithbook","pctoffacwithbook_zscore","pctoffacwithbook_rank","pctoffacwithbook_pct","bookcountperfaculty","bookcountperfaculty_zscore","bookcountperfaculty_rank","bookcountperfaculty_pct","pctoffacwitharticle","pctoffacwitharticle_zscore","pctoffacwitharticle_rank","pctoffacwitharticle_pct","articlecountperfaculty","articlecountperfaculty_zscore","articlecountperfaculty_rank","articlecountperfaculty_pct","pctoffacwithcitation","pctoffacwithcitation_zscore","pctoffacwithcitation_rank","pctoffacwithcitation_pct","citationcountperfaculty","citationcountperfaculty_zscore","citationcountperfaculty_rank","citationcountperfaculty_pct","citationcountperarticle","citationcountperarticle_zscore","citationcountperarticle_rank","citationcountperarticle_pct","pctoffacwithgrant","pctoffacwithgrant_zscore","pctoffacwithgrant_rank","pctoffacwithgrant_pct","grantcountperfaculty","grantcountperfaculty_zscore","grantcountperfaculty_rank","grantcountperfaculty_pct","grantdollarsperfaculty","grantdollarsperfaculty_zscore","grantdollarsperfaculty_rank","grantdollarsperfaculty_pct","dollarspergrant","dollarspergrant_zscore","dollarspergrant_rank","dollarspergrant_pct","awardcountperfaculty","awardcountperfaculty_zscore","awardcountperfaculty_rank","awardcountperfaculty_pct","pctoffacwithaward","pctoffacwithaward_zscore","pctoffacwithaward_rank","pctoffacwithaward_pct","sri","sri_rank","sri_pct","awardfacultycount_zscore","bookfacultycount_zscore","citationfacultycount_zscore","grantfacultycount_zscore","articlefacultycount_zscore","articlecountperauthor_zscore","pctofauthorwithcitation_zscore","awardcount_zscore","bookcount_zscore","citationcount_zscore","grantdollars_zscore","grantcount_zscore","articlecount_zscore","facultycount_zscore","awardfacultycount_pct","bookfacultycount_pct","citationfacultycount_pct","grantfacultycount_pct","articlefacultycount_pct","articlecountperauthor_pct","pctofauthorwithcitation_pct","awardcount_pct","bookcount_pct","citationcount_pct","grantdollars_pct","grantcount_pct","articlecount_pct","facultycount_pct","unitsincomparisongroup","createddate","confproccount","confprocfacultycount","confproccountperauthor","confproccountperfaculty","pctoffacwithconfproc","confprocfacultycount_rank","confproccountperauthor_rank","confproccount_rank","confproccountperfaculty_rank","pctoffacwithconfproc_rank","confprocfacultycount_zscore","confproccountperauthor_zscore","confproccount_zscore","confproccountperfaculty_zscore","pctoffacwithconfproc_zscore","confprocfacultycount_pct","confproccountperauthor_pct","confproccount_pct","confproccountperfaculty_pct","pctoffacwithconfproc_pct","confprocweight","chaptercount","chaptercount_pct","chaptercount_rank","chaptercount_zscore","chaptercountperfaculty","chaptercountperfaculty_pct","chaptercountperfaculty_rank","chaptercountperfaculty_zscore","chapterfacultycount","chapterfacultycount_pct","chapterfacultycount_rank","chapterfacultycount_zscore","patentcount","patentcount_pct","patentcount_rank","patentcount_zscore","patentcountperfaculty","patentcountperfaculty_pct","patentcountperfaculty_rank","patentcountperfaculty_zscore","patentfacultycount","patentfacultycount_pct","patentfacultycount_rank","patentfacultycount_zscore","pctoffacwithchapter","pctoffacwithchapter_pct","pctoffacwithchapter_rank","pctoffacwithchapter_zscore","pctoffacwithpatent","pctoffacwithpatent_pct","pctoffacwithpatent_rank","pctoffacwithpatent_zscore","pctoffacwithtrial","pctoffacwithtrial_pct","pctoffacwithtrial_rank","pctoffacwithtrial_zscore","trialcount","trialcount_pct","trialcount_rank","trialcount_zscore","trialcountperfaculty","trialcountperfaculty_pct","trialcountperfaculty_rank","trialcountperfaculty_zscore","trialfacultycount","trialfacultycount_pct","trialfacultycount_rank","trialfacultycount_zscore","chaptersweight","patentsweight","trialsweight"
"AAD2023.06.02752","103","93","23","Kansas State University","Biochemistry and Molecular Biophysics, Department of","Biochemistry","21","93.0000","178","108.0000","20","91.0000","8.9000","130.0000","2239","151.0000","21","80.0000","1.0000","1.0000","18","48.0000","34","70.0000","22570431.0000","90.0000","14","110.0000","9","95.0000","0","150.0000","0","150.0000","16","16","5","19","19","0.0000","-0.9800","150.0000","32.2700","0.0000","-0.5900","150.0000","32.2700","0.9500","0.3300","107.0000","51.8200","8.4800","-0.2600","123.0000","44.5500","1.0000","0.6100","1.0000","100.0000","106.6200","-0.7600","172.0000","22.2700","12.5800","-0.9600","199.0000","10.0000","0.8600","1.2200","19.0000","91.8200","1.6200","0.5300","66.0000","70.4500","1074782.4300","0.0000","98.0000","55.9100","663836.2100","-0.2100","128.0000","42.2700","0.6700","-0.3700","120.0000","45.9100","0.4300","-0.0900","118.0000","46.8200","-0.2000","113.0000","49.0900","-0.1700","-0.9600","0.1000","0.5200","0.0300","-0.3100","0.2509","-0.3400","-0.7100","-0.6300","-0.1600","0.1200","-0.2700","-0.0200","57.2700","32.2700","64.0900","78.6400","59.0900","41.3600","100.0000","50.4500","32.2700","31.8200","59.5500","68.6400","51.3600","58.1800","220","4/1/2025 16:37","5","1","5.0000","0.2400","0.0500","108.0000","8.0000","51.0000","50.0000","150.0000","-0.4500","2.3821","0.0000","0.1600","-0.5000","51.3600","96.8200","77.2700","77.7300","32.2700","7","5","71.3600","64.0000","-0.0100","0.2400","64.0900","80.0000","0.0800","4","73.1800","60.0000","0.1000","2","26.3600","163.0000","-0.5400","0.1000","17.2700","183.0000","-0.7500","2","35.9100","142.0000","-0.6100","0.1900","63.6400","81.0000","0.2500","0.1000","22.2700","172.0000","-0.8100","0.0000","87.7300","28.0000","-0.2600","0","87.7300","28.0000","-0.2700","0.0000","87.7300","28.0000","-0.2300","0","87.7300","28.0000","-0.2900","8","10","0"
"AAD2023.06.02752","106","139","23","Loma Linda University","Biochemistry, Division of","Biochemistry","10","184.0000","120","146.0000","10","169.0000","12.0000","74.0000","1835","161.0000","10","168.0000","1.0000","1.0000","2","194.0000","4","193.0000","7039552.0000","155.0000","2","191.0000","2","185.0000","0","150.0000","0","150.0000","16","16","5","19","19","0.0000","-0.9800","150.0000","32.2700","0.0000","-0.5900","150.0000","32.2700","1.0000","0.6600","1.0000","100.0000","12.0000","0.4000","73.0000","67.2700","1.0000","0.6100","1.0000","100.0000","183.5000","-0.5100","138.0000","37.7300","15.2900","-0.8100","187.0000","15.4500","0.2000","-1.4200","194.0000","12.2700","0.4000","-1.1600","190.0000","14.0900","703955.2000","-0.4200","123.0000","44.5500","1759888.0000","2.5200","1.0000","100.0000","0.2000","-0.7700","187.0000","15.4500","0.2000","-1.0200","179.0000","19.0900","-0.3000","123.0000","44.5500","-0.8900","-0.9600","-0.8300","-1.1000","-0.8200","0.2800","0.2509","-0.6100","-0.7100","-0.6800","-0.6600","-0.8900","-0.5300","-0.9700","16.3600","32.2700","24.0900","12.2700","23.6400","66.8200","100.0000","13.6400","32.2700","27.2700","30.0000","12.7300","34.0900","16.8200","220","4/1/2025 16:37","1","1","1.0000","0.1000","0.1000","108.0000","100.0000","121.0000","104.0000","81.0000","-0.4500","-0.2790","-0.3900","-0.3100","0.1000","51.3600","55.0000","45.4500","53.1800","63.6400","7","1","29.0900","157.0000","-0.7500","0.1000","30.4500","154.0000","-0.5800","1","32.2700","150.0000","-0.8000","20","74.0900","58.0000","0.0100","2.0000","91.3600","20.0000","1.5400","4","55.0000","100.0000","-0.2400","0.1000","34.5500","145.0000","-0.5700","0.4000","85.9100","32.0000","1.2000","0.0000","87.7300","28.0000","-0.2600","0","87.7300","28.0000","-0.2700","0.0000","87.7300","28.0000","-0.2300","0","87.7300","28.0000","-0.2900","8","10","0"
"AAD2023.06.02752","110","198","23","Louisiana State University Health Sciences Center, New Orleans","Biochemistry and Molecular Biology, Department of","Biochemistry","4","219.0000","32","199.0000","3","215.0000","10.6700","93.0000","1552","172.0000","4","212.0000","1.0000","1.0000","1","202.0000","1","203.0000","632739.0000","201.0000","3","183.0000","2","185.0000","0","150.0000","0","150.0000","16","16","5","19","19","0.0000","-0.9800","150.0000","32.2700","0.0000","-0.5900","150.0000","32.2700","0.7500","-1.0400","198.0000","10.4500","8.0000","-0.3500","127.0000","42.7300","1.0000","0.6100","1.0000","100.0000","388.0000","0.1700","71.0000","68.1800","48.5000","0.9600","28.0000","87.7300","0.2500","-1.2200","189.0000","14.5500","0.2500","-1.3700","196.0000","11.3600","158184.7500","-1.0300","189.0000","14.5500","632739.0000","-0.2900","132.0000","40.4500","0.7500","-0.3000","107.0000","51.8200","0.5000","0.2100","82.0000","63.1800","-0.5000","151.0000","31.8200","-0.8900","-0.9600","-1.3300","-1.2000","-1.4100","0.0200","0.2509","-0.5800","-0.7100","-0.7000","-0.8700","-0.9900","-0.9100","-1.4900","16.3600","32.2700","4.0900","8.6400","2.7300","58.1800","100.0000","17.2700","32.2700","22.2700","9.0900","8.1800","10.0000","0.9100","220","4/1/2025 16:37","0","0","0.0000","0.0000","0.0000","167.0000","167.0000","167.0000","167.0000","167.0000","-0.8100","-0.9443","-0.4800","-0.6400","-1.0400","24.5500","24.5500","24.5500","24.5500","24.5500","7","1","29.0900","157.0000","-0.7500","0.2500","65.4500","77.0000","0.1300","1","32.2700","150.0000","-0.8000","2","26.3600","163.0000","-0.5400","0.5000","55.4500","99.0000","-0.2600","1","25.4500","165.0000","-0.7900","0.2500","80.9100","43.0000","0.7900","0.2500","63.1800","82.0000","0.2100","0.0000","87.7300","28.0000","-0.2600","0","87.7300","28.0000","-0.2700","0.0000","87.7300","28.0000","-0.2300","0","87.7300","28.0000","-0.2900","8","10","0"
"AAD2023.06.02752","111","206","23","Louisiana State University Health Sciences Center, Shreveport","Biochemistry and Molecular Biology, Department of","Biochemistry","12","166.0000","90","166.0000","10","169.0000","9.0000","127.0000","1796","163.0000","10","168.0000","1.0000","1.0000","5","172.0000","10","168.0000","7778742.0000","148.0000","2","191.0000","2","185.0000","0","150.0000","0","150.0000","16","16","5","19","19","0.0000","-0.9800","150.0000","32.2700","0.0000","-0.5900","150.0000","32.2700","0.8300","-0.4700","175.0000","20.9100","7.5000","-0.4500","135.0000","39.0900","0.8300","-0.4700","180.0000","18.6400","149.6700","-0.6200","152.0000","31.3600","19.9600","-0.5600","153.0000","30.9100","0.4200","-0.5500","160.0000","27.7300","0.8300","-0.5600","150.0000","32.2700","648228.5000","-0.4800","132.0000","40.4500","777874.2000","0.0700","108.0000","51.3600","0.1700","-0.8000","195.0000","11.8200","0.1700","-1.1600","189.0000","14.5500","-0.5000","151.0000","31.8200","-0.8900","-0.9600","-0.8300","-0.8000","-0.8200","-0.2900","0.2509","-0.6100","-0.7100","-0.6800","-0.6400","-0.6900","-0.6600","-0.7900","16.3600","32.2700","24.0900","22.2700","23.6400","42.7300","100.0000","13.6400","32.2700","26.3600","33.1800","24.0900","25.0000","25.0000","220","4/1/2025 16:37","0","0","0.0000","0.0000","0.0000","167.0000","167.0000","167.0000","167.0000","167.0000","-0.8100","-0.9443","-0.4800","-0.6400","-1.0400","24.5500","24.5500","24.5500","24.5500","24.5500","7","2","38.6400","136.0000","-0.5700","0.1700","46.3600","119.0000","-0.2600","2","42.7300","127.0000","-0.5000","5","39.0900","135.0000","-0.4500","0.4200","48.1800","115.0000","-0.3600","3","45.9100","120.0000","-0.4200","0.1700","53.1800","104.0000","0.0400","0.2500","63.1800","82.0000","0.2100","0.0000","87.7300","28.0000","-0.2600","0","87.7300","28.0000","-0.2700","0.0000","87.7300","28.0000","-0.2300","0","87.7300","28.0000","-0.2900","8","10","0"
"AAD2023.06.02752","125","243","23","Augusta University (Medical College of Georgia)","Biochemistry and Molecular Biology, Department of","Biochemistry","12","166.0000","107","157.0000","12","156.0000","8.9200","129.0000","3464","131.0000","12","158.0000","1.0000","1.0000","8","136.0000","14","147.0000","9741779.0000","133.0000","5","168.0000","4","160.0000","0","150.0000","0","150.0000","16","16","5","19","19","0.0000","-0.9800","150.0000","32.2700","0.0000","-0.5900","150.0000","32.2700","1.0000","0.6600","1.0000","100.0000","8.9200","-0.1800","114.0000","48.6400","1.0000","0.6100","1.0000","100.0000","288.6700","-0.1600","94.0000","57.7300","32.3700","0.1000","86.0000","61.3600","0.6700","0.4600","80.0000","64.0900","1.1700","-0.1000","115.0000","48.1800","811814.9200","-0.3000","116.0000","47.7300","695841.3600","-0.1300","121.0000","45.4500","0.4200","-0.5800","161.0000","27.2700","0.3300","-0.4800","148.0000","33.1800","0.1000","65.0000","70.9100","-0.6900","-0.9600","-0.6600","-0.4900","-0.6500","-0.3100","0.2509","-0.5400","-0.7100","-0.5100","-0.5700","-0.5500","-0.5800","-0.7900","27.7300","32.2700","28.6400","38.6400","29.5500","41.8200","100.0000","24.0900","32.2700","40.9100","40.0000","33.6400","29.0900","25.0000","220","4/1/2025 16:37","0","0","0.0000","0.0000","0.0000","167.0000","167.0000","167.0000","167.0000","167.0000","-0.8100","-0.9443","-0.4800","-0.6400","-1.0400","24.5500","24.5500","24.5500","24.5500","24.5500","7","3","48.1800","115.0000","-0.3800","0.2500","65.4500","77.0000","0.1300","3","56.3600","97.0000","-0.2000","3","30.4500","154.0000","-0.5100","0.2500","33.1800","148.0000","-0.5700","3","45.9100","120.0000","-0.4200","0.2500","80.9100","43.0000","0.7900","0.2500","63.1800","82.0000","0.2100","0.0000","87.7300","28.0000","-0.2600","0","87.7300","28.0000","-0.2700","0.0000","87.7300","28.0000","-0.2300","0","87.7300","28.0000","-0.2900","8","10","0"
"AAD2023.06.02752","128","254","23","Medical University of South Carolina","Biochemistry and Molecular Biology, Department of","Biochemistry","26","52.0000","238","83.0000","26","48.0000","9.1500","126.0000","15166","40.0000","26","49.0000","1.0000","1.0000","16","61.0000","36","60.0000","30106460.0000","70.0000","37","49.0000","14","54.0000","0","150.0000","0","150.0000","16","16","5","19","19","0.0000","-0.9800","150.0000","32.2700","0.0000","-0.5900","150.0000","32.2700","1.0000","0.6600","1.0000","100.0000","9.1500","-0.1300","110.0000","50.4500","1.0000","0.6100","1.0000","100.0000","583.3100","0.8200","36.0000","84.0900","63.7200","1.7800","10.0000","95.9100","0.6200","0.2500","99.0000","55.4500","1.3800","0.2000","95.0000","57.2700","1157940.7700","0.0900","92.0000","58.6400","836290.5600","0.2200","101.0000","54.5500","1.4200","0.2800","54.0000","75.9100","0.5400","0.3700","74.0000","66.8200","0.1000","65.0000","70.9100","0.3400","-0.9600","0.5300","0.3200","0.5300","-0.2700","0.2509","0.1700","-0.7100","0.6900","0.0900","0.1900","-0.0100","0.4200","75.9100","32.2700","78.1800","72.7300","78.6400","43.1800","100.0000","78.1800","32.2700","82.2700","68.6400","73.1800","62.7300","76.8200","220","4/1/2025 16:37","0","0","0.0000","0.0000","0.0000","167.0000","167.0000","167.0000","167.0000","167.0000","-0.8100","-0.9443","-0.4800","-0.6400","-1.0400","24.5500","24.5500","24.5500","24.5500","24.5500","7","8","81.3600","42.0000","0.5400","0.3100","75.4500","55.0000","0.4100","6","83.1800","38.0000","0.7000","4","34.5500","145.0000","-0.4800","0.1500","23.1800","170.0000","-0.6800","4","55.0000","100.0000","-0.2400","0.2300","74.5500","57.0000","0.6200","0.1500","39.0900","135.0000","-0.4200","0.0400","90.9100","21.0000","0.6900","1","94.0900","14.0000","0.6000","0.0400","90.4500","22.0000","0.2800","1","95.9100","10.0000","1.1900","8","10","0"
"AAD2023.06.02752","129","263","23","Meharry Medical College","Biochemistry, Cancer Biology, Neuroscience and Pharmacology, Department of","Biochemistry","19","105.0000","125","140.0000","17","110.0000","7.3500","152.0000","2009","155.0000","18","100.0000","0.9500","190.0000","5","172.0000","12","159.0000","10762319.0000","129.0000","1","202.0000","1","201.0000","2","68.0000","2","44.0000","16","16","5","19","19","0.1100","0.6800","45.0000","80.0000","0.1100","0.0400","74.0000","66.8200","0.8900","-0.0600","156.0000","29.5500","6.5800","-0.6200","159.0000","28.1800","0.9500","0.2700","115.0000","48.1800","105.7400","-0.7600","173.0000","21.8200","16.0700","-0.7700","184.0000","16.8200","0.2600","-1.1700","187.0000","15.4500","0.6300","-0.8400","173.0000","21.8200","566437.8400","-0.5700","141.0000","36.3600","896859.9200","0.3700","89.0000","60.0000","0.0500","-0.8900","209.0000","5.4500","0.0500","-1.6300","209.0000","5.4500","-0.7000","174.0000","21.3600","-1.0000","0.4300","-0.1500","-0.8000","-0.2300","-0.6100","-0.1989","-0.6300","-0.0600","-0.6600","-0.5400","-0.6200","-0.5000","-0.1900","9.0900","80.4500","55.0000","22.2700","50.4500","31.3600","14.0900","8.6400","69.5500","30.0000","41.8200","28.1800","36.8200","52.7300","220","4/1/2025 16:37","0","0","0.0000","0.0000","0.0000","167.0000","167.0000","167.0000","167.0000","167.0000","-0.8100","-0.9443","-0.4800","-0.6400","-1.0400","24.5500","24.5500","24.5500","24.5500","24.5500","7","1","29.0900","157.0000","-0.7500","0.0500","17.2700","183.0000","-0.8000","1","32.2700","150.0000","-0.8000","0","13.6400","191.0000","-0.6000","0.0000","13.6400","191.0000","-0.8700","0","13.6400","191.0000","-0.9800","0.0500","18.6400","180.0000","-1.0000","0.0000","13.6400","191.0000","-1.4300","0.1100","97.2700","7.0000","2.3300","3","97.2700","7.0000","2.3200","0.1600","97.2700","7.0000","1.8600","2","98.6400","4.0000","2.6600","8","10","0"
"AAD2023.06.02752","131","320","23","Miami University","Chemistry and Biochemistry, Department of","Biochemistry","18","116.0000","227","85.0000","17","110.0000","13.3500","63.0000","4630","111.0000","17","115.0000","1.0000","1.0000","10","115.0000","27","92.0000","14878510.0000","115.0000","17","95.0000","8","111.0000","0","150.0000","0","150.0000","16","16","5","19","19","0.0000","-0.9800","150.0000","32.2700","0.0000","-0.5900","150.0000","32.2700","0.9400","0.2800","113.0000","49.0900","12.6100","0.5200","63.0000","71.8200","0.9400","0.2500","121.0000","45.4500","257.2200","-0.2600","107.0000","51.8200","20.4000","-0.5400","150.0000","32.2700","0.5600","0.0100","128.0000","42.2700","1.5000","0.3600","78.0000","65.0000","826583.8900","-0.2800","114.0000","48.6400","551055.9300","-0.4900","143.0000","35.4500","0.9400","-0.1300","86.0000","61.3600","0.4400","-0.0200","111.0000","50.0000","0.0000","84.0000","62.2700","-0.2700","-0.9600","-0.2300","-0.2900","-0.2300","0.5300","0.2509","-0.2700","-0.7100","-0.3900","-0.4100","-0.1100","-0.0500","-0.2800","50.0000","32.2700","48.1800","48.1800","50.4500","71.8200","100.0000","57.2700","32.2700","50.0000","48.1800","58.6400","61.8200","47.7300","220","4/1/2025 16:37","0","0","0.0000","0.0000","0.0000","167.0000","167.0000","167.0000","167.0000","167.0000","-0.8100","-0.9443","-0.4800","-0.6400","-1.0400","24.5500","24.5500","24.5500","24.5500","24.5500","7","1","29.0900","157.0000","-0.7500","0.0600","18.6400","180.0000","-0.7900","1","32.2700","150.0000","-0.8000","14","64.0900","80.0000","-0.1700","0.7800","70.0000","67.0000","0.0700","6","71.8200","63.0000","0.1300","0.0600","20.0000","177.0000","-0.9700","0.3300","78.6400","48.0000","0.7600","0.0000","87.7300","28.0000","-0.2600","0","87.7300","28.0000","-0.2700","0.0000","87.7300","28.0000","-0.2300","0","87.7300","28.0000","-0.2900","8","10","0"
"AAD2023.06.02752","137","333","23","Montana State University","Chemistry and Biochemistry, Department of","Biochemistry","20","101.0000","269","68.0000","20","91.0000","13.4500","61.0000","5797","97.0000","20","93.0000","1.0000","1.0000","14","78.0000","44","50.0000","20815113.0000","97.0000","27","62.0000","11","73.0000","0","150.0000","0","150.0000","16","16","5","19","19","0.0000","-0.9800","150.0000","32.2700","0.0000","-0.5900","150.0000","32.2700","1.0000","0.6600","1.0000","100.0000","13.4500","0.6800","56.0000","75.0000","1.0000","0.6100","1.0000","100.0000","289.8500","-0.1500","93.0000","58.1800","21.5500","-0.4800","143.0000","35.4500","0.7000","0.5900","72.0000","67.7300","2.2000","1.3300","22.0000","90.4500","1040755.6500","-0.0400","101.0000","54.5500","473070.7500","-0.6900","160.0000","27.7300","1.3500","0.2100","59.0000","73.6400","0.5500","0.4100","71.0000","68.1800","0.2000","54.0000","75.9100","0.0300","-0.9600","0.0200","0.1200","0.0300","0.5500","0.2509","-0.0500","-0.7100","-0.2700","-0.2100","0.4600","0.1300","-0.1000","67.2700","32.2700","58.1800","65.0000","59.0900","72.7300","100.0000","72.2700","32.2700","56.3600","56.3600","77.7300","69.5500","54.5500","220","4/1/2025 16:37","1","1","1.0000","0.0500","0.0500","108.0000","100.0000","121.0000","154.0000","149.0000","-0.4500","-0.2790","-0.3900","-0.4700","-0.4700","51.3600","55.0000","45.4500","30.4500","32.7300","7","1","29.0900","157.0000","-0.7500","0.0500","15.4500","187.0000","-0.8200","1","32.2700","150.0000","-0.8000","2","26.3600","163.0000","-0.5400","0.1000","19.0900","179.0000","-0.7500","2","35.9100","142.0000","-0.6100","0.0500","16.3600","185.0000","-1.0200","0.1000","24.5500","167.0000","-0.7800","0.0000","87.7300","28.0000","-0.2600","0","87.7300","28.0000","-0.2700","0.0000","87.7300","28.0000","-0.2300","0","87.7300","28.0000","-0.2900","8","10","0"
"AAD2023.06.02752","145","355","23","New York Medical College","Biochemistry and Molecular Biology, Department of","Biochemistry","9","199.0000","56","186.0000","9","180.0000","6.2200","180.0000","1065","182.0000","9","179.0000","1.0000","1.0000","3","185.0000","5","188.0000","5251809.0000","168.0000","5","168.0000","3","175.0000","1","98.0000","1","80.0000","16","16","5","19","19","0.1100","0.7700","34.0000","85.0000","0.1100","0.0700","63.0000","71.8200","1.0000","0.6600","1.0000","100.0000","6.2200","-0.6900","167.0000","24.5500","1.0000","0.6100","1.0000","100.0000","118.3300","-0.7200","166.0000","25.0000","19.0200","-0.6100","162.0000","26.8200","0.3300","-0.8800","174.0000","21.3600","0.5600","-0.9400","177.0000","20.0000","583534.3300","-0.5500","138.0000","37.7300","1050361.8000","0.7500","59.0000","73.6400","0.5600","-0.4600","138.0000","37.7300","0.3300","-0.4800","148.0000","33.1800","-0.5000","151.0000","31.8200","-0.7900","-0.2700","-0.9100","-1.0000","-0.9100","-0.8200","0.2509","-0.5400","-0.3900","-0.7500","-0.7200","-0.8500","-0.8100","-1.0500","20.9100","64.0900","19.0900","16.3600","18.6400","18.6400","100.0000","24.0900","55.9100","17.7300","24.0900","15.0000","15.9100","10.0000","220","4/1/2025 16:37","1","1","1.0000","0.1100","0.1100","108.0000","100.0000","121.0000","102.0000","66.0000","-0.4500","-0.2790","-0.3900","-0.2700","0.2200","51.3600","55.0000","45.4500","54.0900","70.4500","7","1","29.0900","157.0000","-0.7500","0.1100","34.0900","146.0000","-0.5300","1","32.2700","150.0000","-0.8000","1","19.5500","178.0000","-0.5700","0.1100","20.9100","175.0000","-0.7300","1","25.4500","165.0000","-0.7900","0.1100","38.6400","136.0000","-0.4700","0.1100","28.6400","158.0000","-0.7000","0.1100","97.7300","6.0000","2.4800","1","94.0900","14.0000","0.6000","0.1100","96.3600","9.0000","1.2400","1","95.9100","10.0000","1.1900","8","10","0"
"AAD2023.06.02752","146","366","23","New York University","Biochemistry and Molecular Pharmacology, Department of","Biochemistry","33","27.0000","600","15.0000","32","26.0000","18.7500","19.0000","36459","5.0000","32","27.0000","1.0000","1.0000","26","18.0000","67","17.0000","92650973.0000","9.0000","61","28.0000","19","32.0000","3","47.0000","3","22.0000","16","16","5","19","19","0.0900","0.4600","58.0000","74.0900","0.0900","-0.0500","88.0000","60.4500","0.9700","0.4500","87.0000","60.9100","18.1800","1.5700","17.0000","92.7300","0.9700","0.4200","92.0000","58.6400","1104.8200","2.5400","7.0000","97.2700","60.7700","1.6200","13.0000","94.5500","0.7900","0.9400","37.0000","83.6400","2.0300","1.1000","32.0000","85.9100","2807605.2400","1.9400","11.0000","95.4500","1382850.3400","1.5800","13.0000","94.5500","1.8500","0.6400","39.0000","82.7300","0.5800","0.5200","64.0000","71.3600","0.8000","8.0000","96.8200","0.8600","1.1200","1.0300","1.3300","1.0400","1.5600","0.2509","0.7100","0.2600","2.8600","2.1300","1.2400","1.5900","1.0200","85.9100","90.4500","88.1800","92.2700","88.6400","91.8200","100.0000","87.7300","79.0900","98.1800","96.3600","92.7300","93.6400","88.1800","220","4/1/2025 16:37","7","3","2.3300","0.2100","0.0900","48.0000","36.0000","35.0000","62.0000","93.0000","0.2700","0.6058","0.1900","0.0700","-0.0100","78.6400","84.0900","84.5500","72.2700","58.1800","7","9","84.0900","36.0000","0.7300","0.2700","68.6400","70.0000","0.2400","8","91.3600","20.0000","1.3000","63","92.2700","18.0000","1.3300","1.9100","90.0000","23.0000","1.4300","12","90.9100","21.0000","1.2500","0.2400","77.7300","50.0000","0.7200","0.3600","82.7300","39.0000","0.9600","0.0300","89.5500","24.0000","0.4900","1","94.0900","14.0000","0.6000","0.0300","89.5500","24.0000","0.1700","1","95.9100","10.0000","1.1900","8","10","0"
"AAD2023.06.02752","157","476","23","Ohio University","Chemistry and Biochemistry, Department of","Biochemistry","18","116.0000","116","149.0000","11","164.0000","10.5500","95.0000","1585","171.0000","14","143.0000","1.0000","1.0000","7","150.0000","10","168.0000","5561656.0000","164.0000","3","183.0000","2","185.0000","0","150.0000","0","150.0000","16","16","5","19","19","0.0000","-0.9800","150.0000","32.2700","0.0000","-0.5900","150.0000","32.2700","0.6100","-1.9800","211.0000","4.5500","6.4400","-0.6400","161.0000","27.2700","0.7800","-0.8200","195.0000","11.8200","88.0600","-0.8200","186.0000","15.9100","13.6600","-0.9000","196.0000","11.3600","0.3900","-0.6600","168.0000","24.0900","0.5600","-0.9400","177.0000","20.0000","308980.8900","-0.8600","171.0000","22.7300","556165.6000","-0.4800","142.0000","35.9100","0.1700","-0.8000","195.0000","11.8200","0.1100","-1.3900","200.0000","9.5500","-0.8000","180.0000","18.6400","-0.8900","-0.9600","-0.4900","-0.5900","-0.7400","0.0000","0.2509","-0.5800","-0.7100","-0.7000","-0.7100","-0.6900","-0.5400","-0.2800","16.3600","32.2700","35.4500","32.2700","25.9100","57.2700","100.0000","17.2700","32.2700","22.7300","25.9100","24.0900","32.7300","47.7300","220","4/1/2025 16:37","0","0","0.0000","0.0000","0.0000","167.0000","167.0000","167.0000","167.0000","167.0000","-0.8100","-0.9443","-0.4800","-0.6400","-1.0400","24.5500","24.5500","24.5500","24.5500","24.5500","7","1","29.0900","157.0000","-0.7500","0.0600","18.6400","180.0000","-0.7900","1","32.2700","150.0000","-0.8000","15","65.4500","77.0000","-0.1400","0.8300","73.1800","60.0000","0.1400","5","66.3600","75.0000","-0.0500","0.0600","20.0000","177.0000","-0.9700","0.2800","71.3600","64.0000","0.3900","0.0000","87.7300","28.0000","-0.2600","0","87.7300","28.0000","-0.2700","0.0000","87.7300","28.0000","-0.2300","0","87.7300","28.0000","-0.2900","8","10","0"
"AAD2023.06.02752","158","499","23","Oklahoma State University","Biochemistry and Molecular Biology, Department of","Biochemistry","21","93.0000","158","117.0000","17","110.0000","9.2900","123.0000","3462","132.0000","18","100.0000","0.9500","190.0000","8","136.0000","10","168.0000","5372638.0000","167.0000","4","177.0000","2","185.0000","4","32.0000","2","44.0000","16","16","5","19","19","0.1000","0.5200","55.0000","75.4500","0.1900","0.5400","25.0000","89.0900","0.8100","-0.6300","187.0000","15.4500","7.5200","-0.4400","134.0000","39.5500","0.8600","-0.3100","173.0000","21.8200","164.8600","-0.5700","148.0000","33.1800","21.9100","-0.4600","140.0000","36.8200","0.3800","-0.6900","170.0000","23.1800","0.4800","-1.0500","186.0000","15.9100","255839.9000","-0.9200","177.0000","20.0000","537263.8000","-0.5300","148.0000","33.1800","0.1900","-0.7800","191.0000","13.6400","0.1000","-1.4500","206.0000","6.8200","-0.7000","174.0000","21.3600","-0.8900","0.4300","-0.1500","-0.4900","-0.2300","-0.2400","-0.1989","-0.5600","0.5800","-0.5100","-0.7200","-0.6900","-0.3600","-0.0200","16.3600","80.4500","55.0000","38.6400","50.4500","44.5500","14.0900","20.0000","85.9100","40.4500","24.5500","24.0900","47.2700","58.1800","220","4/1/2025 16:37","0","0","0.0000","0.0000","0.0000","167.0000","167.0000","167.0000","167.0000","167.0000","-0.8100","-0.9443","-0.4800","-0.6400","-1.0400","24.5500","24.5500","24.5500","24.5500","24.5500","7","3","48.1800","115.0000","-0.3800","0.1400","40.9100","131.0000","-0.3700","2","42.7300","127.0000","-0.5000","6","41.8200","129.0000","-0.4200","0.2900","37.2700","139.0000","-0.5200","2","35.9100","142.0000","-0.6100","0.1000","29.0900","157.0000","-0.6100","0.1000","22.2700","172.0000","-0.8100","0.0000","87.7300","28.0000","-0.2600","0","87.7300","28.0000","-0.2700","0.0000","87.7300","28.0000","-0.2300","0","87.7300","28.0000","-0.2900","8","10","0"
"AAD2023.06.02752","15","545","23","Auburn University","Chemistry and Biochemistry, Department of","Biochemistry","21","93.0000","202","96.0000","21","79.0000","9.6200","111.0000","4322","117.0000","21","80.0000","1.0000","1.0000","13","92.0000","19","124.0000","10271706.0000","132.0000","22","75.0000","15","49.0000","0","150.0000","0","150.0000","16","16","5","19","19","0.0000","-0.9800","150.0000","32.2700","0.0000","-0.5900","150.0000","32.2700","1.0000","0.6600","1.0000","100.0000","9.6200","-0.0500","97.0000","56.3600","1.0000","0.6100","1.0000","100.0000","205.8100","-0.4300","132.0000","40.4500","21.4000","-0.4900","144.0000","35.0000","0.6200","0.2700","97.0000","56.3600","0.9000","-0.4600","146.0000","34.0900","489128.8600","-0.6600","147.0000","33.6400","540616.1100","-0.5200","146.0000","34.0900","1.0500","-0.0400","78.0000","65.0000","0.7100","1.0900","37.0000","83.6400","-0.1000","95.0000","57.2700","0.4500","-0.9600","0.1000","0.0100","0.1100","-0.1800","0.2509","-0.1600","-0.7100","-0.4200","-0.5600","-0.3800","-0.1600","-0.0200","78.1800","32.2700","64.0900","58.6400","64.5500","50.0000","100.0000","66.3600","32.2700","47.2700","40.4500","44.0900","56.8200","58.1800","220","4/1/2025 16:37","10","4","2.5000","0.4800","0.1900","33.0000","30.0000","27.0000","22.0000","25.0000","0.6300","0.7189","0.4800","0.9600","1.1200","85.4500","86.8200","88.1800","90.4500","89.0900","7","4","61.8200","85.0000","-0.2000","0.1900","53.1800","104.0000","-0.1500","3","56.3600","97.0000","-0.2000","37","85.0000","34.0000","0.5300","1.7600","88.6400","26.0000","1.2500","9","82.2700","40.0000","0.6900","0.1400","48.1800","115.0000","-0.1800","0.4300","90.0000","23.0000","1.3900","0.0000","87.7300","28.0000","-0.2600","0","87.7300","28.0000","-0.2700","0.0000","87.7300","28.0000","-0.2300","0","87.7300","28.0000","-0.2900","8","10","0"
"AAD2023.06.02752","160","578","23","Oregon Health & Science University","Chemical Physiology and Biochemistry, Department of","Biochemistry","29","42.0000","274","67.0000","29","38.0000","9.4500","115.0000","6276","92.0000","29","38.0000","1.0000","1.0000","25","22.0000","54","36.0000","61454926.0000","31.0000","19","89.0000","10","79.0000","2","68.0000","3","22.0000","16","16","5","19","19","0.1000","0.6500","48.0000","78.6400","0.0700","-0.1800","113.0000","49.0900","1.0000","0.6600","1.0000","100.0000","9.4500","-0.0800","101.0000","54.5500","1.0000","0.6100","1.0000","100.0000","216.4100","-0.4000","128.0000","42.2700","22.9100","-0.4100","135.0000","39.0900","0.8600","1.2400","18.0000","92.2700","1.8600","0.8600","46.0000","79.5500","2119135.3800","1.1700","29.0000","87.2700","1138054.1900","0.9700","38.0000","83.1800","0.6600","-0.3800","123.0000","44.5500","0.3400","-0.4300","146.0000","34.0900","0.1000","65.0000","70.9100","-0.0700","1.1200","0.7800","1.2300","0.7900","-0.2100","0.2509","-0.2300","-0.0600","-0.2200","1.1100","0.8000","0.1500","0.6800","64.5500","90.4500","83.1800","90.4500","83.1800","48.1800","100.0000","60.0000","69.5500","58.6400","86.3600","84.0900","70.0000","81.3600","220","4/1/2025 16:37","0","0","0.0000","0.0000","0.0000","167.0000","167.0000","167.0000","167.0000","167.0000","-0.8100","-0.9443","-0.4800","-0.6400","-1.0400","24.5500","24.5500","24.5500","24.5500","24.5500","7","10","86.8200","30.0000","0.9100","0.3400","80.9100","43.0000","0.5800","10","93.6400","15.0000","1.9000","21","75.4500","55.0000","0.0400","0.7200","67.2700","73.0000","0.0100","8","81.3600","42.0000","0.5100","0.3400","94.0900","14.0000","1.6500","0.2800","69.0900","69.0000","0.3800","0.0000","87.7300","28.0000","-0.2600","0","87.7300","28.0000","-0.2700","0.0000","87.7300","28.0000","-0.2300","0","87.7300","28.0000","-0.2900","8","10","0"
"AAD2023.06.02752","163","690","23","Pennsylvania State University - University Park","Biochemistry and Molecular Biology, Department of","Biochemistry","51","7.0000","447","35.0000","51","5.0000","8.7600","132.0000","30667","9.0000","51","5.0000","1.0000","1.0000","23","30.0000","58","30.0000","54336333.0000","39.0000","53","33.0000","24","18.0000","6","14.0000","2","44.0000","16","16","5","19","19","0.0400","-0.3600","129.0000","41.8200","0.1200","0.1100","59.0000","73.6400","1.0000","0.6600","1.0000","100.0000","8.7600","-0.2100","116.0000","47.7300","1.0000","0.6100","1.0000","100.0000","601.3100","0.8700","35.0000","84.5500","68.6100","2.0400","7.0000","97.2700","0.4500","-0.4100","155.0000","30.0000","1.1400","-0.1400","119.0000","46.3600","1065418.2900","-0.0100","100.0000","55.0000","936833.3300","0.4700","80.0000","64.0900","1.0400","-0.0500","80.0000","64.0900","0.4700","0.0900","101.0000","54.5500","0.0000","84.0000","62.2700","1.3700","0.4300","2.6400","1.0300","2.6500","-0.3400","0.2509","0.5300","1.2300","2.2700","0.8800","0.9400","0.9100","2.5800","92.2700","80.4500","98.1800","86.8200","98.1800","40.4500","100.0000","85.4500","94.0900","96.3600","82.7300","86.8200","84.5500","97.2700","220","4/1/2025 16:37","7","8","0.8800","0.1400","0.1600","9.0000","160.0000","35.0000","88.0000","40.0000","2.0600","-0.3588","0.1900","-0.1800","0.7400","96.3600","27.7300","84.5500","60.4500","82.2700","7","9","84.0900","36.0000","0.7300","0.1800","49.0900","113.0000","-0.2200","7","87.7300","28.0000","1.0000","9","55.0000","100.0000","-0.3200","0.1800","26.3600","163.0000","-0.6500","3","45.9100","120.0000","-0.4200","0.1400","45.0000","122.0000","-0.2300","0.0600","17.2700","183.0000","-1.0500","0.0000","87.7300","28.0000","-0.2600","0","87.7300","28.0000","-0.2700","0.0000","87.7300","28.0000","-0.2300","0","87.7300","28.0000","-0.2900","8","10","0"
"AAD2023.06.02752","178","822","23","Saint Louis University","Biochemistry and Molecular Biology, Department of","Biochemistry","17","131.0000","150","124.0000","16","124.0000","9.3800","119.0000","3977","127.0000","16","126.0000","1.0000","1.0000","11","105.0000","29","85.0000","28539405.0000","78.0000","12","118.0000","9","95.0000","0","150.0000","0","150.0000","16","16","5","19","19","0.0000","-0.9800","150.0000","32.2700","0.0000","-0.5900","150.0000","32.2700","0.9400","0.2600","119.0000","46.3600","8.8200","-0.2000","115.0000","48.1800","0.9400","0.2300","126.0000","43.1800","233.9400","-0.3400","118.0000","46.8200","26.5100","-0.2100","111.0000","50.0000","0.6500","0.3800","87.0000","60.9100","1.7100","0.6500","54.0000","75.9100","1678788.5300","0.6800","55.0000","75.4500","984117.4100","0.5900","69.0000","69.0900","0.7100","-0.3400","115.0000","48.1800","0.5300","0.3300","77.0000","65.4500","-0.1000","95.0000","57.2700","-0.1700","-0.9600","-0.3200","-0.1900","-0.3100","-0.2200","0.2509","-0.3800","-0.7100","-0.4600","0.0400","-0.0400","-0.3900","-0.3600","57.2700","32.2700","43.1800","52.7300","44.0900","46.3600","100.0000","46.8200","32.2700","42.7300","65.0000","61.8200","44.0900","40.9100","220","4/1/2025 16:37","3","1","3.0000","0.1800","0.0600","108.0000","18.0000","81.0000","70.0000","137.0000","-0.4500","1.0516","-0.1900","-0.0500","-0.3700","51.3600","92.2700","63.6400","68.6400","38.1800","7","1","29.0900","157.0000","-0.7500","0.0600","19.5500","178.0000","-0.7700","1","32.2700","150.0000","-0.8000","21","75.4500","55.0000","0.0400","1.2400","83.1800","38.0000","0.6200","9","82.2700","40.0000","0.6900","0.0600","20.9100","175.0000","-0.9400","0.5300","96.8200","8.0000","2.0500","0.0600","94.5500","13.0000","1.1900","1","94.0900","14.0000","0.6000","0.0600","92.2700","18.0000","0.5500","1","95.9100","10.0000","1.1900","8","10","0"
"AAD2023.06.02752","181","857","23","San Diego State University","Chemistry and Biochemistry, Department of","Biochemistry","22","81.0000","164","115.0000","21","79.0000","7.8100","145.0000","6280","90.0000","21","80.0000","1.0000","1.0000","14","78.0000","32","75.0000","16320971.0000","113.0000","17","95.0000","11","73.0000","0","150.0000","0","150.0000","16","16","5","19","19","0.0000","-0.9800","150.0000","32.2700","0.0000","-0.5900","150.0000","32.2700","0.9500","0.3500","104.0000","53.1800","7.4500","-0.4500","137.0000","38.1800","0.9500","0.3200","107.0000","51.8200","285.4500","-0.1700","96.0000","56.8200","38.2900","0.4200","51.0000","77.2700","0.6400","0.3300","92.0000","58.6400","1.4500","0.3000","88.0000","60.4500","741862.3200","-0.3700","121.0000","45.4500","510030.3400","-0.5900","155.0000","30.0000","0.7700","-0.2800","104.0000","53.1800","0.5000","0.2100","82.0000","63.1800","-0.3000","123.0000","44.5500","0.0300","-0.9600","0.1000","0.1200","0.1100","-0.5200","0.2509","-0.2700","-0.7100","-0.2200","-0.3600","0.0600","-0.3300","0.0700","67.2700","32.2700","64.0900","65.0000","64.5500","34.5500","100.0000","57.2700","32.2700","59.5500","49.0900","66.3600","48.1800","63.6400","220","4/1/2025 16:37","1","1","1.0000","0.0500","0.0500","108.0000","100.0000","121.0000","157.0000","154.0000","-0.4500","-0.2790","-0.3900","-0.4900","-0.5200","51.3600","55.0000","45.4500","29.0900","30.4500","7","2","38.6400","136.0000","-0.5700","0.0900","25.9100","164.0000","-0.6200","1","32.2700","150.0000","-0.8000","12","61.8200","85.0000","-0.2300","0.5500","57.7300","94.0000","-0.2100","7","76.3600","53.0000","0.3200","0.0500","15.4500","187.0000","-1.0600","0.3200","74.5500","57.0000","0.6600","0.0000","87.7300","28.0000","-0.2600","0","87.7300","28.0000","-0.2700","0.0000","87.7300","28.0000","-0.2300","0","87.7300","28.0000","-0.2900","8","10","0"
"AAD2023.06.02752","187","871","23","Seton Hall University","Chemistry and Biochemistry, Department of","Biochemistry","9","199.0000","46","192.0000","8","194.0000","5.7500","186.0000","392","205.0000","9","179.0000","1.0000","1.0000","2","194.0000","2","198.0000","384028.0000","204.0000","0","210.0000","0","210.0000","3","47.0000","2","44.0000","16","16","5","19","19","0.2200","2.5200","6.0000","97.7300","0.3300","1.3900","10.0000","95.9100","0.8900","-0.1000","159.0000","28.1800","5.1100","-0.9000","182.0000","17.7300","1.0000","0.6100","1.0000","100.0000","43.5600","-0.9700","201.0000","9.0900","8.5200","-1.1700","211.0000","4.5500","0.2200","-1.3300","193.0000","12.7300","0.2200","-1.4000","198.0000","10.4500","42669.7800","-1.1600","203.0000","8.1800","192014.0000","-1.3900","202.0000","8.6400","0.0000","-0.9400","210.0000","5.0000","0.0000","-1.8500","210.0000","5.0000","-1.0000","191.0000","13.6400","-1.1000","0.4300","-0.9100","-1.1000","-0.9900","-0.9100","0.2509","-0.6500","0.2600","-0.8200","-0.8800","-0.9600","-0.8500","-1.0500","5.0000","80.4500","19.0900","12.2700","12.2700","15.9100","100.0000","5.0000","79.0900","7.2700","7.7300","10.4500","13.1800","10.0000","220","4/1/2025 16:37","0","0","0.0000","0.0000","0.0000","167.0000","167.0000","167.0000","167.0000","167.0000","-0.8100","-0.9443","-0.4800","-0.6400","-1.0400","24.5500","24.5500","24.5500","24.5500","24.5500","7","2","38.6400","136.0000","-0.5700","0.2200","58.6400","92.0000","0.0000","1","32.2700","150.0000","-0.8000","12","61.8200","85.0000","-0.2300","1.3300","84.5500","35.0000","0.7400","5","66.3600","75.0000","-0.0500","0.1100","38.6400","136.0000","-0.4700","0.5600","98.6400","4.0000","2.2200","0.0000","87.7300","28.0000","-0.2600","0","87.7300","28.0000","-0.2700","0.0000","87.7300","28.0000","-0.2300","0","87.7300","28.0000","-0.2900","8","10","0"
"AAD2023.06.02752","192","885","23","Southern Illinois University Carbondale","Chemical and Biomolecular Sciences, School of","Biochemistry","17","131.0000","206","94.0000","14","140.0000","14.7100","47.0000","3988","126.0000","15","134.0000","1.0000","1.0000","11","105.0000","26","96.0000","9740269.0000","134.0000","19","89.0000","9","95.0000","0","150.0000","0","150.0000","16","16","5","19","19","0.0000","-0.9800","150.0000","32.2700","0.0000","-0.5900","150.0000","32.2700","0.8200","-0.5400","181.0000","18.1800","12.1200","0.4300","69.0000","69.0900","0.8800","-0.1500","164.0000","25.9100","234.5900","-0.3400","115.0000","48.1800","19.3600","-0.6000","158.0000","28.6400","0.6500","0.3800","87.0000","60.9100","1.5300","0.4000","76.0000","65.9100","572957.0000","-0.5600","140.0000","36.8200","374625.7300","-0.9300","176.0000","20.4500","1.1200","0.0200","73.0000","67.2700","0.5300","0.3300","77.0000","65.4500","-0.3000","123.0000","44.5500","-0.1700","-0.9600","-0.4000","-0.1900","-0.4800","0.7900","0.2509","-0.2300","-0.7100","-0.4600","-0.5700","-0.1500","-0.1500","-0.3600","57.2700","32.2700","39.5500","52.7300","36.8200","79.0900","100.0000","60.0000","32.2700","43.1800","39.5500","56.8200","57.7300","40.9100","220","4/1/2025 16:37","5","2","2.5000","0.2900","0.1200","69.0000","30.0000","51.0000","40.0000","61.0000","-0.0900","0.7189","0.0000","0.3500","0.3000","69.0900","86.8200","77.2700","82.2700","72.7300","7","4","61.8200","85.0000","-0.2000","0.2400","62.7300","83.0000","0.0600","4","73.1800","60.0000","0.1000","11","59.5500","90.0000","-0.2600","0.6500","62.2700","84.0000","-0.0900","8","81.3600","42.0000","0.5100","0.2400","76.3600","53.0000","0.6600","0.4700","94.5500","13.0000","1.6600","0.0000","87.7300","28.0000","-0.2600","0","87.7300","28.0000","-0.2700","0.0000","87.7300","28.0000","-0.2300","0","87.7300","28.0000","-0.2900","8","10","0"
"AAD2023.06.02752","19","950","23","Baylor College of Medicine","Biochemistry and Molecular Biology, Department of","Biochemistry","28","44.0000","472","29.0000","28","40.0000","16.8600","30.0000","20400","24.0000","28","41.0000","1.0000","1.0000","26","18.0000","61","26.0000","88565815.0000","10.0000","47","37.0000","22","26.0000","1","98.0000","1","80.0000","16","16","5","19","19","0.0400","-0.4100","133.0000","40.0000","0.0400","-0.3800","136.0000","38.6400","1.0000","0.6600","1.0000","100.0000","16.8600","1.3200","22.0000","90.4500","1.0000","0.6100","1.0000","100.0000","728.5700","1.3000","25.0000","89.0900","43.2200","0.6800","39.0000","82.7300","0.9300","1.5100","8.0000","96.8200","2.1800","1.3000","26.0000","88.6400","3163064.8200","2.3400","7.0000","97.2700","1451898.6100","1.7500","6.0000","97.7300","1.6800","0.4900","43.0000","80.9100","0.7900","1.3800","21.0000","90.9100","0.9000","5.0000","98.1800","1.1700","-0.2700","0.7000","1.3300","0.7000","1.2000","0.2509","0.4000","-0.3900","1.2200","1.9900","1.0400","1.0200","0.5900","88.6400","64.0900","81.8200","92.2700","82.2700","86.8200","100.0000","83.6400","55.9100","89.5500","95.9100","88.6400","87.2700","80.4500","220","4/1/2025 16:37","5","5","1.0000","0.1800","0.1800","19.0000","100.0000","51.0000","68.0000","31.0000","0.9900","-0.2790","0.0000","-0.0400","0.9900","91.8200","55.0000","77.2700","69.5500","86.3600","7","8","81.3600","42.0000","0.5400","0.2900","72.2700","62.0000","0.3000","8","91.3600","20.0000","1.3000","16","66.8200","74.0000","-0.1100","0.5700","59.0900","91.0000","-0.1800","7","76.3600","53.0000","0.3200","0.2900","86.3600","31.0000","1.1100","0.2500","63.1800","82.0000","0.2100","0.0000","87.7300","28.0000","-0.2600","0","87.7300","28.0000","-0.2700","0.0000","87.7300","28.0000","-0.2300","0","87.7300","28.0000","-0.2900","8","10","0"
"AAD2023.06.02752","204","988","23","University at Buffalo, State University of New York","Biochemistry, Department of","Biochemistry","21","93.0000","145","126.0000","20","91.0000","7.2500","158.0000","2566","144.0000","20","93.0000","1.0000","1.0000","12","97.0000","31","79.0000","26217532.0000","84.0000","17","95.0000","9","95.0000","2","68.0000","2","44.0000","16","16","5","19","19","0.1000","0.5200","55.0000","75.4500","0.1000","-0.0200","84.0000","62.2700","0.9500","0.3300","107.0000","51.8200","6.9000","-0.5600","149.0000","32.7300","0.9500","0.3000","111.0000","50.0000","122.1900","-0.7100","164.0000","25.9100","17.7000","-0.6800","169.0000","23.6400","0.5700","0.0700","121.0000","45.4500","1.4800","0.3300","85.0000","61.8200","1248453.9000","0.1900","80.0000","64.0900","845726.8400","0.2400","97.0000","56.3600","0.8100","-0.2500","100.0000","55.0000","0.4300","-0.0900","118.0000","46.8200","-0.3000","123.0000","44.5500","-0.1700","0.4300","0.0200","-0.0900","0.0300","-0.6300","0.2509","-0.2700","-0.0600","-0.6000","-0.0400","0.0200","-0.4200","-0.0200","57.2700","80.4500","58.1800","56.3600","59.0900","28.6400","100.0000","57.2700","69.5500","35.0000","62.2700","64.5500","43.1800","58.1800","220","4/1/2025 16:37","11","4","2.7500","0.5200","0.1900","33.0000","26.0000","25.0000","18.0000","25.0000","0.6300","0.8853","0.5800","1.1200","1.1200","85.4500","88.6400","89.0900","92.2700","89.0900","7","5","71.3600","64.0000","-0.0100","0.2400","64.0900","80.0000","0.0800","4","73.1800","60.0000","0.1000","0","13.6400","191.0000","-0.6000","0.0000","13.6400","191.0000","-0.8700","0","13.6400","191.0000","-0.9800","0.1900","63.6400","81.0000","0.2500","0.0000","13.6400","191.0000","-1.4300","0.0000","87.7300","28.0000","-0.2600","0","87.7300","28.0000","-0.2700","0.0000","87.7300","28.0000","-0.2300","0","87.7300","28.0000","-0.2900","8","10","0"
"AAD2023.06.02752","209","1043","23","SUNY Upstate Medical University","Biochemistry and Molecular Biology, Department of","Biochemistry","16","140.0000","100","161.0000","15","134.0000","6.6700","170.0000","1914","159.0000","15","134.0000","1.0000","1.0000","9","127.0000","23","108.0000","20874365.0000","96.0000","7","148.0000","6","130.0000","0","150.0000","0","150.0000","16","16","5","19","19","0.0000","-0.9800","150.0000","32.2700","0.0000","-0.5900","150.0000","32.2700","0.9400","0.2300","121.0000","45.4500","6.2500","-0.6800","166.0000","25.0000","0.9400","0.2100","129.0000","41.8200","119.6300","-0.7200","165.0000","25.4500","19.1400","-0.6100","161.0000","27.2700","0.5600","0.0400","123.0000","44.5500","1.4400","0.2800","89.0000","60.0000","1304647.8100","0.2600","75.0000","66.3600","907581.0900","0.4000","85.0000","61.8200","0.4400","-0.5600","157.0000","29.0900","0.3800","-0.3100","135.0000","39.0900","-0.3000","123.0000","44.5500","-0.4800","-0.9600","-0.4000","-0.3900","-0.4000","-0.7400","0.2509","-0.5000","-0.7100","-0.6700","-0.2100","-0.2500","-0.6100","-0.4500","41.3600","32.2700","39.5500","42.7300","39.5500","23.1800","100.0000","33.1800","32.2700","28.1800","56.8200","51.3600","27.2700","36.8200","220","4/1/2025 16:37","2","2","1.0000","0.1300","0.1300","69.0000","100.0000","101.0000","94.0000","56.0000","-0.0900","-0.2790","-0.2900","-0.2200","0.3800","69.0900","55.0000","54.5500","57.7300","75.0000","7","1","29.0900","157.0000","-0.7500","0.0600","20.9100","175.0000","-0.7600","1","32.2700","150.0000","-0.8000","10","58.6400","92.0000","-0.2900","0.6300","60.9100","87.0000","-0.1100","2","35.9100","142.0000","-0.6100","0.0600","22.2700","172.0000","-0.9100","0.1300","31.3600","152.0000","-0.6100","0.0000","87.7300","28.0000","-0.2600","0","87.7300","28.0000","-0.2700","0.0000","87.7300","28.0000","-0.2300","0","87.7300","28.0000","-0.2900","8","10","0"
"AAD2023.06.02752","215","1108","23","Texas A&M University","Biochemistry and Biophysics, Department of","Biochemistry","28","44.0000","332","49.0000","25","52.0000","13.2800","64.0000","8065","79.0000","25","52.0000","0.9600","185.0000","21","39.0000","42","54.0000","40226694.0000","53.0000","12","118.0000","10","79.0000","3","47.0000","3","22.0000","16","16","5","19","19","0.1100","0.7100","42.0000","81.3600","0.1100","0.0500","73.0000","67.2700","0.8900","-0.0700","158.0000","28.6400","11.8600","0.3800","74.0000","66.8200","0.8900","-0.0800","160.0000","27.7300","288.0400","-0.1600","95.0000","57.2700","24.2900","-0.3300","126.0000","43.1800","0.7500","0.7900","48.0000","78.6400","1.5000","0.3600","78.0000","65.0000","1436667.6400","0.4000","68.0000","69.5500","957778.4300","0.5200","75.0000","66.3600","0.4300","-0.5700","159.0000","28.1800","0.3600","-0.3800","142.0000","35.9100","-0.1000","95.0000","57.2700","-0.0700","1.1200","0.4400","0.8200","0.4500","0.5200","-0.0778","-0.3800","0.2600","-0.0400","0.4200","0.3900","0.4100","0.5900","64.5500","90.4500","76.8200","82.7300","76.8200","71.3600","16.3600","46.8200","79.0900","64.5500","76.3600","75.9100","78.1800","80.4500","220","4/1/2025 16:37","5","3","1.6700","0.1800","0.1100","48.0000","64.0000","51.0000","68.0000","76.0000","0.2700","0.1667","0.0000","-0.0400","0.1800","78.6400","71.3600","77.2700","69.5500","65.9100","7","4","61.8200","85.0000","-0.2000","0.1400","40.9100","131.0000","-0.3700","4","73.1800","60.0000","0.1000","19","73.1800","60.0000","-0.0200","0.6800","64.5500","79.0000","-0.0500","5","66.3600","75.0000","-0.0500","0.1400","48.1800","115.0000","-0.1800","0.1800","44.0900","124.0000","-0.2600","0.0000","87.7300","28.0000","-0.2600","0","87.7300","28.0000","-0.2700","0.0000","87.7300","28.0000","-0.2300","0","87.7300","28.0000","-0.2900","8","10","0"
"AAD2023.06.02752","222","1170","23","Texas Tech University","Chemistry and Biochemistry, Department of","Biochemistry","28","44.0000","473","28.0000","27","44.0000","17.5200","26.0000","10703","64.0000","27","46.0000","1.0000","1.0000","15","69.0000","23","108.0000","12873869.0000","125.0000","21","80.0000","15","49.0000","6","14.0000","3","22.0000","16","16","5","19","19","0.1100","0.7100","42.0000","81.3600","0.2100","0.6800","22.0000","90.4500","0.9600","0.4100","92.0000","58.6400","16.8900","1.3300","21.0000","90.9100","0.9600","0.3800","96.0000","56.8200","382.2500","0.1500","73.0000","67.2700","22.6300","-0.4200","136.0000","38.6400","0.5400","-0.0700","131.0000","40.9100","0.8200","-0.5700","153.0000","30.9100","459781.0400","-0.6900","155.0000","30.0000","559733.4300","-0.4700","140.0000","36.8200","0.7500","-0.3000","107.0000","51.8200","0.5400","0.3500","75.0000","66.3600","0.1000","65.0000","70.9100","0.4500","1.1200","0.6100","0.2200","0.6200","1.3300","0.2509","-0.1800","1.2300","0.2300","-0.4700","-0.2500","1.0300","0.5900","78.1800","90.4500","79.5500","69.0900","80.4500","88.6400","100.0000","64.0900","94.0900","71.3600","43.6400","51.3600","87.7300","80.4500","220","4/1/2025 16:37","4","3","1.3300","0.1400","0.1100","48.0000","89.0000","66.0000","84.0000","76.0000","0.2700","-0.0595","-0.1000","-0.1600","0.1800","78.6400","60.0000","70.4500","62.2700","65.9100","7","7","77.7300","50.0000","0.3600","0.2500","65.4500","77.0000","0.1300","5","78.1800","49.0000","0.4000","8","50.4500","110.0000","-0.3600","0.2900","37.2700","139.0000","-0.5200","4","55.0000","100.0000","-0.2400","0.1800","59.0900","91.0000","0.1400","0.1400","37.7300","138.0000","-0.4900","0.0000","87.7300","28.0000","-0.2600","0","87.7300","28.0000","-0.2700","0.0000","87.7300","28.0000","-0.2300","0","87.7300","28.0000","-0.2900","8","10","0"
"AAD2023.06.02752","223","1197","23","Texas Tech University Health Sciences Center","Cell Biology and Biochemistry, Department of","Biochemistry","16","140.0000","158","117.0000","16","124.0000","9.8800","107.0000","2737","143.0000","16","126.0000","1.0000","1.0000","7","150.0000","12","159.0000","7647339.0000","149.0000","4","177.0000","2","185.0000","0","150.0000","0","150.0000","16","16","5","19","19","0.0000","-0.9800","150.0000","32.2700","0.0000","-0.5900","150.0000","32.2700","1.0000","0.6600","1.0000","100.0000","9.8800","0.0000","93.0000","58.1800","1.0000","0.6100","1.0000","100.0000","171.0600","-0.5500","144.0000","35.0000","17.3200","-0.7000","176.0000","20.4500","0.4400","-0.4700","157.0000","29.0900","0.7500","-0.6700","161.0000","27.2700","477958.6900","-0.6700","149.0000","32.7300","637278.2500","-0.2800","131.0000","40.9100","0.2500","-0.7200","181.0000","18.1800","0.1300","-1.3300","198.0000","10.4500","-0.4000","137.0000","38.1800","-0.8900","-0.9600","-0.3200","-0.5900","-0.3100","-0.1300","0.2509","-0.5600","-0.7100","-0.5800","-0.6400","-0.6200","-0.3600","-0.4500","16.3600","32.2700","43.1800","32.2700","44.0900","51.8200","100.0000","20.0000","32.2700","35.4500","32.7300","28.1800","47.2700","36.8200","220","4/1/2025 16:37","1","1","1.0000","0.0600","0.0600","108.0000","100.0000","121.0000","139.0000","131.0000","-0.4500","-0.2790","-0.3900","-0.4300","-0.3300","51.3600","55.0000","45.4500","37.2700","40.9100","7","2","38.6400","136.0000","-0.5700","0.1300","37.2700","139.0000","-0.4600","3","56.3600","97.0000","-0.2000","4","34.5500","145.0000","-0.4800","0.2500","33.1800","148.0000","-0.5700","4","55.0000","100.0000","-0.2400","0.1900","62.7300","83.0000","0.2300","0.2500","63.1800","82.0000","0.2100","0.0000","87.7300","28.0000","-0.2600","0","87.7300","28.0000","-0.2700","0.0000","87.7300","28.0000","-0.2300","0","87.7300","28.0000","-0.2900","8","10","0"
"AAD2023.06.02752","225","1221","23","University of Montana, Missoula","Biomedical and Pharmaceutical Sciences, Department of","Biochemistry","27","51.0000","127","137.0000","19","97.0000","6.6800","169.0000","2387","148.0000","22","68.0000","1.0000","1.0000","9","127.0000","20","119.0000","17590535.0000","107.0000","12","118.0000","9","95.0000","1","98.0000","1","80.0000","16","16","5","19","19","0.0400","-0.3900","132.0000","40.4500","0.0400","-0.3700","135.0000","39.0900","0.7000","-1.3500","204.0000","7.7300","4.7000","-0.9700","187.0000","15.4500","0.8100","-0.5800","189.0000","14.5500","88.4100","-0.8200","185.0000","16.3600","18.8000","-0.6300","165.0000","25.4500","0.3300","-0.8800","174.0000","21.3600","0.7400","-0.6900","164.0000","25.9100","651501.3000","-0.4800","130.0000","41.3600","879526.7500","0.3300","90.0000","59.5500","0.4400","-0.5600","156.0000","29.5500","0.3300","-0.4800","148.0000","33.1800","-0.7000","174.0000","21.3600","-0.1700","-0.2700","0.1900","-0.3900","-0.0600","-0.7400","0.2509","-0.3800","-0.3900","-0.6200","-0.3200","-0.3500","-0.5000","0.5000","57.2700","64.0900","69.5500","42.7300","56.3600","23.6400","100.0000","46.8200","55.9100","33.1800","51.8200","46.3600","38.1800","77.2700","220","4/1/2025 16:37","4","3","1.3300","0.1500","0.1100","48.0000","89.0000","66.0000","83.0000","66.0000","0.2700","-0.0595","-0.1000","-0.1400","0.2200","78.6400","60.0000","70.4500","62.7300","70.4500","7","16","94.0900","14.0000","2.0200","0.5900","96.3600","9.0000","1.7600","4","73.1800","60.0000","0.1000","26","80.4500","44.0000","0.2000","0.9600","77.2700","51.0000","0.2900","11","89.0900","25.0000","1.0600","0.1500","48.6400","114.0000","-0.1300","0.4100","86.3600","31.0000","1.2500","0.0000","87.7300","28.0000","-0.2600","0","87.7300","28.0000","-0.2700","0.0000","87.7300","28.0000","-0.2300","0","87.7300","28.0000","-0.2900","8","10","0"
"AAD2023.06.02752","225","1222","23","University of Montana, Missoula","Chemistry and Biochemistry, Department of","Biochemistry","17","131.0000","136","131.0000","14","140.0000","9.7100","110.0000","3001","141.0000","16","126.0000","1.0000","1.0000","12","97.0000","29","85.0000","10695315.0000","130.0000","13","114.0000","9","95.0000","3","47.0000","1","80.0000","16","16","5","19","19","0.0600","-0.0500","98.0000","55.9100","0.1800","0.4600","30.0000","86.8200","0.8200","-0.5400","181.0000","18.1800","8.0000","-0.3500","127.0000","42.7300","0.9400","0.2300","126.0000","43.1800","176.5300","-0.5300","142.0000","35.9100","22.0700","-0.4500","139.0000","37.2700","0.7100","0.6100","70.0000","68.6400","1.7100","0.6500","54.0000","75.9100","629136.1800","-0.5000","134.0000","39.5500","368803.9700","-0.9500","179.0000","19.0900","0.7600","-0.2900","106.0000","52.2700","0.5300","0.3300","77.0000","65.4500","-0.4000","137.0000","38.1800","-0.1700","-0.2700","-0.3200","-0.0900","-0.4800","-0.1600","0.2509","-0.3600","0.2600","-0.5600","-0.5400","-0.0400","-0.4600","-0.3600","57.2700","64.0900","43.1800","56.3600","36.8200","50.4500","100.0000","48.6400","79.0900","36.3600","41.3600","61.8200","40.9100","40.9100","220","4/1/2025 16:37","0","0","0.0000","0.0000","0.0000","167.0000","167.0000","167.0000","167.0000","167.0000","-0.8100","-0.9443","-0.4800","-0.6400","-1.0400","24.5500","24.5500","24.5500","24.5500","24.5500","7","4","61.8200","85.0000","-0.2000","0.2400","62.7300","83.0000","0.0600","3","56.3600","97.0000","-0.2000","5","39.0900","135.0000","-0.4500","0.2900","37.7300","138.0000","-0.5100","5","66.3600","75.0000","-0.0500","0.1800","58.6400","92.0000","0.1300","0.2900","73.6400","59.0000","0.5000","0.0000","87.7300","28.0000","-0.2600","0","87.7300","28.0000","-0.2700","0.0000","87.7300","28.0000","-0.2300","0","87.7300","28.0000","-0.2900","8","10","0"
"AAD2023.06.02752","226","1238","23","University of Tennessee, The","Biochemistry and Cellular and Molecular Biology, Department of","Biochemistry","23","70.0000","246","76.0000","22","67.0000","11.1800","83.0000","5263","103.0000","22","68.0000","1.0000","1.0000","17","54.0000","31","79.0000","18692997.0000","102.0000","17","95.0000","11","73.0000","1","98.0000","1","80.0000","16","16","5","19","19","0.0400","-0.2900","121.0000","45.4500","0.0400","-0.3300","128.0000","42.2700","0.9600","0.3600","100.0000","55.0000","10.7000","0.1600","86.0000","61.3600","0.9600","0.3300","104.0000","53.1800","228.8300","-0.3600","122.0000","45.0000","21.3900","-0.4900","145.0000","34.5500","0.7400","0.7500","52.0000","76.8200","1.3500","0.1500","101.0000","54.5500","812739.0000","-0.2900","115.0000","48.1800","602999.9000","-0.3600","134.0000","39.5500","0.7400","-0.3100","110.0000","50.4500","0.4800","0.1200","97.0000","56.3600","-0.1000","95.0000","57.2700","0.0300","-0.2700","0.1900","0.4200","0.2000","0.1200","0.2509","-0.2700","-0.3900","-0.3300","-0.2800","0.0200","0.0300","0.1600","67.2700","64.0900","69.5500","75.9100","70.0000","62.7300","100.0000","57.2700","55.9100","53.6400","54.0900","64.5500","65.9100","68.6400","220","4/1/2025 16:37","7","5","1.4000","0.3000","0.2200","19.0000","82.0000","35.0000","38.0000","14.0000","0.9900","-0.0129","0.1900","0.3800","1.4300","91.8200","63.1800","84.5500","83.1800","94.0900","7","4","61.8200","85.0000","-0.2000","0.1700","48.1800","115.0000","-0.2300","4","73.1800","60.0000","0.1000","1","19.5500","178.0000","-0.5700","0.0400","15.0000","188.0000","-0.8100","1","25.4500","165.0000","-0.7900","0.1700","56.8200","96.0000","0.1000","0.0400","15.0000","188.0000","-1.1500","0.0000","87.7300","28.0000","-0.2600","0","87.7300","28.0000","-0.2700","0.0000","87.7300","28.0000","-0.2300","0","87.7300","28.0000","-0.2900","8","10","0"
"AAD2023.06.02752","228","1280","23","University of Texas Arlington","Chemistry and Biochemistry, Department of","Biochemistry","22","81.0000","327","51.0000","22","67.0000","14.8600","46.0000","11929","57.0000","22","68.0000","1.0000","1.0000","16","61.0000","26","96.0000","13408514.0000","122.0000","22","75.0000","8","111.0000","2","68.0000","2","44.0000","16","16","5","19","19","0.0900","0.4600","58.0000","74.0900","0.0900","-0.0500","88.0000","60.4500","1.0000","0.6600","1.0000","100.0000","14.8600","0.9400","40.0000","82.2700","1.0000","0.6100","1.0000","100.0000","542.2300","0.6800","43.0000","80.9100","36.4800","0.3200","61.0000","72.7300","0.7300","0.7000","57.0000","74.5500","1.1800","-0.0800","111.0000","50.0000","609477.9100","-0.5200","135.0000","39.0900","515712.0800","-0.5800","153.0000","30.9100","1.0000","-0.0800","82.0000","63.1800","0.3600","-0.3500","137.0000","38.1800","0.1000","65.0000","70.9100","-0.2700","0.4300","0.1900","0.3200","0.2000","0.8200","0.2509","-0.1600","-0.0600","0.3600","-0.4500","-0.1500","0.3900","0.0700","50.0000","80.4500","69.5500","72.7300","70.0000","79.5500","100.0000","66.3600","69.5500","74.5500","45.0000","56.8200","77.2700","63.6400","220","4/1/2025 16:37","2","2","1.0000","0.0900","0.0900","69.0000","100.0000","101.0000","117.0000","93.0000","-0.0900","-0.2790","-0.2900","-0.3400","-0.0100","69.0900","55.0000","54.5500","47.2700","58.1800","7","13","91.8200","19.0000","1.4600","0.5900","95.9100","10.0000","1.7500","5","78.1800","49.0000","0.4000","52","90.0000","23.0000","0.9900","2.3600","94.5500","13.0000","1.9800","10","86.3600","31.0000","0.8800","0.2300","73.6400","59.0000","0.5900","0.4500","93.1800","16.0000","1.5600","0.0000","87.7300","28.0000","-0.2600","0","87.7300","28.0000","-0.2700","0.0000","87.7300","28.0000","-0.2300","0","87.7300","28.0000","-0.2900","8","10","0"
"AAD2023.06.02752","231","1395","23","University of Texas at El Paso, The","Chemistry and Biochemistry, Department of","Biochemistry","25","57.0000","338","48.0000","23","59.0000","14.7000","48.0000","12659","53.0000","21","80.0000","0.9100","200.0000","14","78.0000","24","103.0000","16266781.0000","114.0000","10","129.0000","9","95.0000","8","8.0000","6","2.0000","16","16","5","19","19","0.2400","2.8000","4.0000","98.6400","0.3200","1.3100","12.0000","95.0000","0.9200","0.1100","132.0000","40.4500","13.5200","0.6900","55.0000","75.4500","0.8400","-0.4200","179.0000","19.0900","506.3600","0.5600","49.0000","78.1800","37.4500","0.3700","52.0000","76.8200","0.5600","0.0300","125.0000","43.6400","0.9600","-0.3800","138.0000","37.7300","650671.2400","-0.4800","131.0000","40.9100","677782.5400","-0.1800","126.0000","43.1800","0.4000","-0.6000","164.0000","25.9100","0.3600","-0.3700","139.0000","37.2700","0.0000","84.0000","62.2700","-0.1700","3.2000","0.1000","0.1200","0.2800","0.7900","-0.4922","-0.4300","1.8700","0.4300","-0.3600","-0.2100","0.4300","0.3300","57.2700","99.5500","64.0900","65.0000","73.6400","78.6400","9.5500","41.8200","96.8200","76.3600","48.6400","53.6400","78.6400","74.5500","220","4/1/2025 16:37","3","2","1.5000","0.1200","0.0800","69.0000","70.0000","81.0000","96.0000","106.0000","-0.0900","0.0536","-0.1900","-0.2400","-0.1300","69.0900","68.6400","63.6400","56.8200","52.2700","7","21","98.1800","5.0000","2.9400","0.8400","99.0900","3.0000","2.9300","8","91.3600","20.0000","1.3000","28","81.8200","41.0000","0.2600","1.1200","81.3600","42.0000","0.4800","10","86.3600","31.0000","0.8800","0.3200","91.3600","20.0000","1.4300","0.4000","85.9100","32.0000","1.2000","0.0000","87.7300","28.0000","-0.2600","0","87.7300","28.0000","-0.2700","0.0000","87.7300","28.0000","-0.2300","0","87.7300","28.0000","-0.2900","8","10","0"
"AAD2023.06.02752","233","1427","23","University of Texas Health Science Center at San Antonio, The","Biochemistry and Structural Biology, Department of","Biochemistry","43","12.0000","609","14.0000","43","11.0000","14.1600","54.0000","26830","14.0000","43","12.0000","1.0000","1.0000","28","15.0000","58","30.0000","73246006.0000","20.0000","28","61.0000","12","66.0000","2","68.0000","1","80.0000","16","16","5","19","19","0.0200","-0.6100","149.0000","32.7300","0.0500","-0.3100","125.0000","43.6400","1.0000","0.6600","1.0000","100.0000","14.1600","0.8100","49.0000","78.1800","1.0000","0.6100","1.0000","100.0000","623.9500","0.9500","33.0000","85.4500","44.0600","0.7200","35.0000","84.5500","0.6500","0.3900","86.0000","61.3600","1.3500","0.1500","100.0000","55.0000","1703395.4900","0.7000","51.0000","77.2700","1262862.1700","1.2800","21.0000","90.9100","0.6500","-0.3800","124.0000","44.0900","0.2800","-0.7000","165.0000","25.4500","0.3000","47.0000","79.0900","0.1400","-0.2700","1.9600","1.5300","1.9700","0.6900","0.2509","-0.0300","-0.0600","1.8800","1.5000","0.9400","1.6300","1.8900","70.4500","64.0900","95.0000","93.6400","95.4500","75.9100","100.0000","72.7300","69.5500","94.0900","91.3600","86.8200","94.0900","95.0000","220","4/1/2025 16:37","2","2","1.0000","0.0500","0.0500","69.0000","100.0000","101.0000","156.0000","153.0000","-0.0900","-0.2790","-0.2900","-0.4900","-0.5100","69.0900","55.0000","54.5500","29.5500","30.9100","7","18","96.8200","8.0000","2.3900","0.4200","89.5500","24.0000","0.9300","12","98.1800","5.0000","2.5000","23","77.7300","50.0000","0.1000","0.5300","56.8200","96.0000","-0.2200","5","66.3600","75.0000","-0.0500","0.2800","84.0900","36.0000","1.0500","0.1200","29.5500","156.0000","-0.6700","0.0700","95.4500","11.0000","1.4600","4","98.6400","4.0000","3.1800","0.0900","95.0000","12.0000","1.0000","3","99.5500","2.0000","4.1400","8","10","0"
"AAD2023.06.02752","234","1435","23","University of Texas Medical Branch, The","Biochemistry and Molecular Biology, Department of","Biochemistry","25","57.0000","318","55.0000","24","56.0000","13.2500","65.0000","16828","34.0000","25","52.0000","1.0000","1.0000","14","78.0000","26","96.0000","22418622.0000","91.0000","23","69.0000","10","79.0000","1","98.0000","1","80.0000","16","16","5","19","19","0.0400","-0.3500","128.0000","42.2700","0.0400","-0.3500","132.0000","40.4500","0.9600","0.3900","98.0000","55.9100","12.7200","0.5400","61.0000","72.7300","1.0000","0.6100","1.0000","100.0000","673.1200","1.1100","27.0000","88.1800","52.9200","1.2000","22.0000","90.4500","0.5600","0.0300","125.0000","43.6400","1.0400","-0.2700","128.0000","42.2700","896744.8800","-0.2000","112.0000","49.5500","862254.6900","0.2800","94.0000","57.7300","0.9200","-0.1500","89.0000","60.0000","0.4000","-0.2000","129.0000","41.8200","0.2000","54.0000","75.9100","-0.0700","-0.2700","0.4400","0.1200","0.3600","0.5200","0.2509","-0.1400","-0.3900","0.8600","-0.1600","-0.1500","0.3500","0.3300","64.5500","64.0900","76.8200","65.0000","75.0000","70.9100","100.0000","69.0900","55.9100","85.0000","59.0900","56.8200","75.4500","74.5500","220","4/1/2025 16:37","0","0","0.0000","0.0000","0.0000","167.0000","167.0000","167.0000","167.0000","167.0000","-0.8100","-0.9443","-0.4800","-0.6400","-1.0400","24.5500","24.5500","24.5500","24.5500","24.5500","7","3","48.1800","115.0000","-0.3800","0.1200","35.4500","143.0000","-0.4800","3","56.3600","97.0000","-0.2000","1","19.5500","178.0000","-0.5700","0.0400","14.0900","190.0000","-0.8200","1","25.4500","165.0000","-0.7900","0.1200","40.0000","133.0000","-0.3900","0.0400","14.0900","190.0000","-1.1700","0.0000","87.7300","28.0000","-0.2600","0","87.7300","28.0000","-0.2700","0.0000","87.7300","28.0000","-0.2300","0","87.7300","28.0000","-0.2900","8","10","0"
"AAD2023.06.02752","236","1443","23","Thomas Jefferson University","Biochemistry and Molecular Biology, Department of","Biochemistry","22","81.0000","152","123.0000","22","67.0000","6.9100","162.0000","4941","107.0000","22","68.0000","1.0000","1.0000","18","48.0000","60","28.0000","63798386.0000","29.0000","22","75.0000","11","73.0000","0","150.0000","0","150.0000","16","16","5","19","19","0.0000","-0.9800","150.0000","32.2700","0.0000","-0.5900","150.0000","32.2700","1.0000","0.6600","1.0000","100.0000","6.9100","-0.5600","148.0000","33.1800","1.0000","0.6100","1.0000","100.0000","224.5900","-0.3700","124.0000","44.0900","32.5100","0.1100","83.0000","62.7300","0.8200","1.0700","29.0000","87.2700","2.7300","2.0600","7.0000","97.2700","2899926.6400","2.0400","10.0000","95.9100","1063306.4300","0.7800","57.0000","74.5500","1.0000","-0.0800","82.0000","63.1800","0.5000","0.2100","82.0000","63.1800","0.1000","65.0000","70.9100","0.0300","-0.9600","0.1900","0.5200","0.2000","-0.6900","0.2509","-0.1600","-0.7100","-0.3600","1.1900","1.0000","-0.3900","0.0700","67.2700","32.2700","69.5500","78.6400","70.0000","26.8200","100.0000","66.3600","32.2700","51.8200","87.2700","87.7300","44.5500","63.6400","220","4/1/2025 16:37","5","4","1.2500","0.2300","0.1800","33.0000","94.0000","51.0000","56.0000","28.0000","0.6300","-0.1127","0.0000","0.1200","1.0200","85.4500","57.7300","77.2700","75.0000","87.7300","7","4","61.8200","85.0000","-0.2000","0.1800","51.8200","107.0000","-0.1900","6","83.1800","38.0000","0.7000","10","58.6400","92.0000","-0.2900","0.4500","51.8200","107.0000","-0.3200","7","76.3600","53.0000","0.3200","0.2700","83.1800","38.0000","1.0000","0.3200","74.5500","57.0000","0.6600","0.0000","87.7300","28.0000","-0.2600","0","87.7300","28.0000","-0.2700","0.0000","87.7300","28.0000","-0.2300","0","87.7300","28.0000","-0.2900","8","10","0"
"AAD2023.06.02752","246","1512","23","University of Alaska Fairbanks","Chemistry and Biochemistry, Department of","Biochemistry","10","184.0000","66","178.0000","9","180.0000","7.3300","153.0000","981","185.0000","9","179.0000","1.0000","1.0000","6","162.0000","16","133.0000","4632364.0000","173.0000","7","148.0000","3","175.0000","0","150.0000","0","150.0000","16","16","5","19","19","0.0000","-0.9800","150.0000","32.2700","0.0000","-0.5900","150.0000","32.2700","0.9000","-0.0200","147.0000","33.6400","6.6000","-0.6200","158.0000","28.6400","0.9000","-0.0300","150.0000","32.2700","98.1000","-0.7900","176.0000","20.4500","14.8600","-0.8400","189.0000","14.5500","0.6000","0.1900","107.0000","51.8200","1.6000","0.5000","69.0000","69.0900","463236.4000","-0.6900","154.0000","30.4500","289522.7500","-1.1400","189.0000","14.5500","0.7000","-0.3400","116.0000","47.7300","0.3000","-0.6100","159.0000","28.1800","-0.5000","151.0000","31.8200","-0.7900","-0.9600","-0.9100","-0.6900","-0.9100","-0.6100","0.2509","-0.5000","-0.7100","-0.7600","-0.7400","-0.4800","-0.7600","-0.9700","20.9100","32.2700","19.0900","26.8200","18.6400","30.9100","100.0000","33.1800","32.2700","16.3600","21.8200","40.0000","19.5500","16.8200","220","4/1/2025 16:37","3","3","1.0000","0.3000","0.3000","48.0000","100.0000","81.0000","39.0000","6.0000","0.2700","-0.2790","-0.1900","0.3700","2.3600","78.6400","55.0000","63.6400","82.7300","97.7300","7","1","29.0900","157.0000","-0.7500","0.1000","30.4500","154.0000","-0.5800","1","32.2700","150.0000","-0.8000","1","19.5500","178.0000","-0.5700","0.1000","19.0900","179.0000","-0.7500","1","25.4500","165.0000","-0.7900","0.1000","34.5500","145.0000","-0.5700","0.1000","24.5500","167.0000","-0.7800","0.0000","87.7300","28.0000","-0.2600","0","87.7300","28.0000","-0.2700","0.0000","87.7300","28.0000","-0.2300","0","87.7300","28.0000","-0.2900","8","10","0"
"AAD2023.06.02752","249","1610","23","University of Arkansas for Medical Sciences","Biochemistry and Molecular Biology, Department of","Biochemistry","21","93.0000","196","102.0000","21","79.0000","9.3300","121.0000","4917","109.0000","20","93.0000","0.9500","188.0000","11","105.0000","16","133.0000","24815671.0000","87.0000","6","156.0000","5","143.0000","1","98.0000","1","80.0000","16","16","5","19","19","0.0500","-0.2300","115.0000","48.1800","0.0500","-0.3100","122.0000","45.0000","1.0000","0.6600","1.0000","100.0000","9.3300","-0.1000","107.0000","51.8200","0.9500","0.3000","111.0000","50.0000","234.1400","-0.3400","117.0000","47.2700","25.0900","-0.2900","120.0000","45.9100","0.5200","-0.1200","136.0000","38.6400","0.7600","-0.6600","160.0000","27.7300","1181698.6200","0.1200","89.0000","60.0000","1550979.4400","2.0000","4.0000","98.6400","0.2900","-0.6900","175.0000","20.9100","0.2400","-0.8700","171.0000","22.7300","-0.1000","95.0000","57.2700","-0.5800","-0.2700","0.0200","-0.1900","0.1100","-0.2300","-0.1561","-0.5200","-0.3900","-0.3600","-0.0800","-0.4800","-0.1900","-0.0200","35.4500","64.0900","58.1800","52.7300","64.5500","45.4500","15.0000","29.5500","55.9100","50.9100","60.9100","40.0000","54.0900","58.1800","220","4/1/2025 16:37","7","5","1.4000","0.3300","0.2400","19.0000","82.0000","35.0000","33.0000","11.0000","0.9900","-0.0129","0.1900","0.4800","1.6600","91.8200","63.1800","84.5500","85.4500","95.4500","7","5","71.3600","64.0000","-0.0100","0.2400","64.0900","80.0000","0.0800","3","56.3600","97.0000","-0.2000","8","50.4500","110.0000","-0.3600","0.3800","45.9100","120.0000","-0.4100","4","55.0000","100.0000","-0.2400","0.1400","48.1800","115.0000","-0.1800","0.1900","45.9100","120.0000","-0.1800","0.0500","93.1800","16.0000","0.9100","1","94.0900","14.0000","0.6000","0.0500","91.3600","20.0000","0.4000","1","95.9100","10.0000","1.1900","8","10","0"
"AAD2023.06.02752","250","1625","23","University of Arkansas","Chemistry and Biochemistry, Department of","Biochemistry","23","70.0000","220","87.0000","21","79.0000","10.4800","98.0000","4516","114.0000","21","80.0000","1.0000","1.0000","12","97.0000","23","108.0000","8899794.0000","142.0000","31","54.0000","18","36.0000","4","32.0000","2","44.0000","16","16","5","19","19","0.0900","0.3900","65.0000","70.9100","0.1700","0.4400","33.0000","85.4500","0.9100","0.0700","138.0000","37.7300","9.5700","-0.0600","98.0000","55.9100","0.9100","0.0500","144.0000","35.0000","196.3500","-0.4600","134.0000","39.5500","20.5300","-0.5300","149.0000","32.7300","0.5200","-0.1300","137.0000","38.1800","1.0000","-0.3300","130.0000","41.3600","386947.5700","-0.7700","165.0000","25.4500","386947.5700","-0.9000","174.0000","21.3600","1.3500","0.2100","60.0000","73.1800","0.7800","1.3700","22.0000","90.4500","-0.2000","113.0000","49.0900","0.7500","0.4300","0.1000","-0.0900","0.1100","-0.0100","0.2509","0.0400","0.5800","-0.4000","-0.6000","-0.2500","-0.0900","0.1600","84.0900","80.4500","64.0900","56.3600","64.5500","55.9100","100.0000","75.9100","85.9100","48.6400","35.9100","51.3600","60.9100","68.6400","220","4/1/2025 16:37","2","3","0.6700","0.0900","0.1300","48.0000","162.0000","101.0000","120.0000","52.0000","0.2700","-0.4985","-0.2900","-0.3500","0.4400","78.6400","26.8200","54.5500","45.9100","76.8200","7","11","89.0900","25.0000","1.0900","0.4800","93.1800","16.0000","1.2200","4","73.1800","60.0000","0.1000","31","83.1800","38.0000","0.3500","1.3500","85.0000","34.0000","0.7600","8","81.3600","42.0000","0.5100","0.1700","56.8200","96.0000","0.1000","0.3500","80.0000","45.0000","0.8600","0.0000","87.7300","28.0000","-0.2600","0","87.7300","28.0000","-0.2700","0.0000","87.7300","28.0000","-0.2300","0","87.7300","28.0000","-0.2900","8","10","0"
"AAD2023.06.02752","254","1776","23","University of California, Los Angeles","Biological Chemistry, Department of","Biochemistry","31","31.0000","490","27.0000","30","33.0000","16.3300","34.0000","26664","15.0000","30","33.0000","1.0000","1.0000","23","30.0000","51","40.0000","64209862.0000","27.0000","151","9.0000","24","18.0000","2","68.0000","2","44.0000","16","16","5","19","19","0.0600","0.0400","95.0000","57.2700","0.0600","-0.2100","115.0000","48.1800","0.9700","0.4400","89.0000","60.0000","15.8100","1.1200","32.0000","85.9100","0.9700","0.4000","93.0000","58.1800","860.1300","1.7300","14.0000","94.0900","54.4200","1.2800","20.0000","91.3600","0.7400","0.7600","51.0000","77.2700","1.6500","0.5600","63.0000","71.8200","2071285.8700","1.1200","32.0000","85.9100","1259016.9000","1.2700","22.0000","90.4500","4.8700","3.2200","5.0000","98.1800","0.7700","1.3300","25.0000","89.0900","0.7000","13.0000","94.5500","1.3700","0.4300","0.8600","1.0300","0.8700","1.1000","0.2509","2.7100","-0.0600","1.8600","1.2000","0.7000","1.1000","0.8500","92.2700","80.4500","85.4500","86.8200","85.4500","85.0000","100.0000","96.3600","69.5500","93.6400","88.1800","82.2700","88.1800","86.3600","220","4/1/2025 16:37","4","2","2.0000","0.1300","0.0600","69.0000","41.0000","66.0000","92.0000","129.0000","-0.0900","0.3863","-0.1000","-0.2100","-0.3100","69.0900","81.8200","70.4500","58.6400","41.8200","7","8","81.3600","42.0000","0.5400","0.2600","66.3600","75.0000","0.1700","7","87.7300","28.0000","1.0000","39","85.4500","33.0000","0.5900","1.2600","84.0900","36.0000","0.6500","8","81.3600","42.0000","0.5100","0.2300","72.7300","61.0000","0.5700","0.2600","63.6400","81.0000","0.2700","0.0000","87.7300","28.0000","-0.2600","0","87.7300","28.0000","-0.2700","0.0000","87.7300","28.0000","-0.2300","0","87.7300","28.0000","-0.2900","8","10","0"
"AAD2023.06.02752","254","1780","23","University of California, Los Angeles","Chemistry and Biochemistry, Department of","Biochemistry","60","3.0000","1615","1.0000","60","3.0000","26.9200","2.0000","64493","1.0000","60","3.0000","1.0000","1.0000","48","2.0000","174","2.0000","137837833.0000","3.0000","368","1.0000","51","2.0000","15","5.0000","5","5.0000","16","16","5","19","19","0.0800","0.3400","68.0000","69.5500","0.2500","0.8900","17.0000","92.7300","1.0000","0.6600","1.0000","100.0000","26.9200","3.2200","1.0000","100.0000","1.0000","0.6100","1.0000","100.0000","1074.8800","2.4400","8.0000","96.8200","39.9300","0.5000","46.0000","79.5500","0.8000","0.9900","34.0000","85.0000","2.9000","2.3000","2.0000","99.5500","2297297.2200","1.3700","23.0000","90.0000","792171.4500","0.1100","105.0000","52.7300","6.1300","4.3000","3.0000","99.0900","0.8500","1.6500","13.0000","94.5500","1.0000","3.0000","99.0900","4.1500","2.5100","3.4000","3.5600","3.4100","3.1200","0.2509","7.5400","4.1300","5.7300","3.6000","4.8500","6.0600","3.3600","99.5500","98.1800","99.0900","99.5500","99.0900","99.5500","100.0000","100.0000","98.1800","100.0000","99.0900","99.5500","100.0000","99.0900","220","4/1/2025 16:37","21","12","1.7500","0.3500","0.2000","2.0000","63.0000","11.0000","30.0000","19.0000","3.5000","0.2200","1.5400","0.5400","1.2300","99.5500","71.8200","95.4500","86.8200","91.8200","7","18","96.8200","8.0000","2.3900","0.3000","73.1800","60.0000","0.3700","12","98.1800","5.0000","2.5000","274","100.0000","1.0000","7.8000","4.5700","100.0000","1.0000","4.6300","32","100.0000","1.0000","4.9600","0.2000","67.7300","72.0000","0.3400","0.5300","97.2700","7.0000","2.0800","0.0000","87.7300","28.0000","-0.2600","0","87.7300","28.0000","-0.2700","0.0000","87.7300","28.0000","-0.2300","0","87.7300","28.0000","-0.2900","8","10","0"
"AAD2023.06.02752","255","1843","23","University of California, Riverside","Biochemistry, Department of","Biochemistry","14","153.0000","156","120.0000","14","140.0000","11.1400","85.0000","18327","29.0000","14","143.0000","1.0000","1.0000","12","97.0000","24","103.0000","18167918.0000","104.0000","12","118.0000","8","111.0000","1","98.0000","1","80.0000","16","16","5","19","19","0.0700","0.1500","89.0000","60.0000","0.0700","-0.1700","109.0000","50.9100","1.0000","0.6600","1.0000","100.0000","11.1400","0.2400","78.0000","65.0000","1.0000","0.6100","1.0000","100.0000","1309.0700","3.2100","3.0000","99.0900","117.4800","4.6500","3.0000","99.0900","0.8600","1.2200","19.0000","91.8200","1.7100","0.6600","52.0000","76.8200","1297708.4300","0.2500","76.0000","65.9100","756996.5800","0.0200","111.0000","50.0000","0.8600","-0.2100","93.0000","58.1800","0.5700","0.5000","65.0000","70.9100","0.1000","65.0000","70.9100","-0.2700","-0.2700","-0.4900","-0.0900","-0.4800","0.1100","0.2509","-0.3800","-0.3900","1.0100","-0.3000","-0.2100","-0.3700","-0.6200","50.0000","64.0900","35.4500","56.3600","36.8200","61.8200","100.0000","46.8200","55.9100","87.2700","53.1800","53.6400","45.9100","30.9100","220","4/1/2025 16:37","0","0","0.0000","0.0000","0.0000","167.0000","167.0000","167.0000","167.0000","167.0000","-0.8100","-0.9443","-0.4800","-0.6400","-1.0400","24.5500","24.5500","24.5500","24.5500","24.5500","7","2","38.6400","136.0000","-0.5700","0.1400","40.9100","131.0000","-0.3700","1","32.2700","150.0000","-0.8000","9","55.0000","100.0000","-0.3200","0.6400","61.8200","85.0000","-0.0900","2","35.9100","142.0000","-0.6100","0.0700","23.1800","170.0000","-0.8300","0.1400","37.7300","138.0000","-0.4900","0.0000","87.7300","28.0000","-0.2600","0","87.7300","28.0000","-0.2700","0.0000","87.7300","28.0000","-0.2300","0","87.7300","28.0000","-0.2900","8","10","0"
"AAD2023.06.02752","256","1877","23","University of California, San Diego","Chemistry and Biochemistry, Department of","Biochemistry","67","2.0000","1187","2.0000","67","2.0000","17.7200","22.0000","38936","4.0000","67","2.0000","1.0000","1.0000","55","1.0000","189","1.0000","132251678.0000","5.0000","233","2.0000","57","1.0000","7","12.0000","5","5.0000","16","16","5","19","19","0.0700","0.2000","88.0000","60.4500","0.1000","0.0300","79.0000","64.5500","1.0000","0.6600","1.0000","100.0000","17.7200","1.4800","18.0000","92.2700","1.0000","0.6100","1.0000","100.0000","581.1300","0.8100","37.0000","83.6400","32.8000","0.1200","78.0000","65.0000","0.8200","1.0800","27.0000","88.1800","2.8200","2.1900","4.0000","98.6400","1973905.6400","1.0100","35.0000","84.5500","699744.3300","-0.1200","120.0000","45.9100","3.4800","2.0300","10.0000","95.9100","0.8500","1.6500","12.0000","95.0000","0.7000","13.0000","94.5500","4.7700","2.5100","3.9900","4.2600","4.0100","1.3700","0.2509","4.5400","1.5500","3.1100","3.4200","5.3600","4.1700","3.9600","100.0000","98.1800","99.5500","100.0000","99.5500","90.4500","100.0000","99.5500","95.0000","98.6400","98.1800","100.0000","99.5500","99.5500","220","4/1/2025 16:37","43","12","3.5800","0.6400","0.1800","2.0000","15.0000","3.0000","15.0000","30.0000","3.5000","1.4374","3.6600","1.5200","0.9900","99.5500","93.6400","99.0900","93.6400","86.8200","7","21","98.1800","5.0000","2.9400","0.3100","76.3600","53.0000","0.4300","15","99.5500","2.0000","3.4000","115","98.6400","4.0000","2.9200","1.7200","87.7300","28.0000","1.2000","22","98.1800","5.0000","3.1000","0.2200","71.3600","64.0000","0.5500","0.3300","75.0000","56.0000","0.7300","0.0000","87.7300","28.0000","-0.2600","0","87.7300","28.0000","-0.2700","0.0000","87.7300","28.0000","-0.2300","0","87.7300","28.0000","-0.2900","8","10","0"
"AAD2023.06.02752","257","1913","23","University of California, San Francisco","Biochemistry and Biophysics, Department of","Biochemistry","25","57.0000","468","31.0000","23","59.0000","20.3500","11.0000","29721","12.0000","24","56.0000","1.0000","1.0000","16","61.0000","66","19.0000","77430187.0000","14.0000","185","3.0000","25","15.0000","18","2.0000","5","5.0000","16","16","5","19","19","0.2000","2.1700","8.0000","96.8200","0.7200","3.6800","3.0000","99.0900","0.9200","0.1100","132.0000","40.4500","18.7200","1.6700","16.0000","93.1800","0.9600","0.3500","102.0000","54.0900","1188.8400","2.8200","5.0000","98.1800","63.5100","1.7600","11.0000","95.4500","0.6400","0.3500","91.0000","59.0900","2.6400","1.9400","9.0000","96.3600","3097207.4800","2.2700","8.0000","96.8200","1173184.6500","1.0600","32.0000","85.9100","7.4000","5.3800","1.0000","100.0000","1.0000","2.2600","1.0000","100.0000","0.7000","13.0000","94.5500","1.4800","2.5100","0.3600","0.3200","0.2800","1.8700","0.2509","3.4700","5.1000","2.1700","1.6300","1.2100","1.0100","0.3300","93.6400","98.1800","75.0000","72.7300","73.6400","95.4500","100.0000","99.0900","99.5500","95.0000","94.0900","91.8200","86.3600","74.5500","220","4/1/2025 16:37","8","4","2.0000","0.3200","0.1600","33.0000","41.0000","30.0000","36.0000","39.0000","0.6300","0.3863","0.2900","0.4400","0.7800","85.4500","81.8200","86.8200","84.0900","82.7300","7","4","61.8200","85.0000","-0.2000","0.1600","43.1800","126.0000","-0.2900","4","73.1800","60.0000","0.1000","24","79.0900","47.0000","0.1400","0.9600","76.8200","52.0000","0.2900","12","90.9100","21.0000","1.2500","0.1600","50.0000","111.0000","-0.0200","0.4800","95.0000","12.0000","1.7300","0.0000","87.7300","28.0000","-0.2600","0","87.7300","28.0000","-0.2700","0.0000","87.7300","28.0000","-0.2300","0","87.7300","28.0000","-0.2900","8","10","0"
"AAD2023.06.02752","259","1923","23","University of California, Santa Cruz","Chemistry and Biochemistry, Department of","Biochemistry","22","81.0000","468","31.0000","22","67.0000","21.2700","8.0000","18063","30.0000","22","68.0000","1.0000","1.0000","19","43.0000","48","44.0000","39179293.0000","57.0000","48","36.0000","17","40.0000","8","8.0000","4","9.0000","16","16","5","19","19","0.1800","1.8900","12.0000","95.0000","0.3600","1.5700","8.0000","96.8200","1.0000","0.6600","1.0000","100.0000","21.2700","2.1500","7.0000","97.2700","1.0000","0.6100","1.0000","100.0000","821.0500","1.6000","19.0000","91.8200","38.6000","0.4300","49.0000","78.1800","0.8600","1.2500","16.0000","93.1800","2.1800","1.3100","24.0000","89.5500","1780876.9500","0.7900","48.0000","78.6400","816235.2700","0.1700","104.0000","53.1800","2.1800","0.9200","30.0000","86.8200","0.7700","1.3300","27.0000","88.1800","0.8000","8.0000","96.8200","0.6500","1.8100","0.1900","0.6200","0.2000","2.0400","0.2509","0.4200","1.8700","0.9800","0.3900","0.6000","1.0100","0.0700","82.2700","96.3600","69.5500","80.9100","70.0000","96.8200","100.0000","84.0900","96.8200","86.8200","74.5500","80.4500","86.3600","63.6400","220","4/1/2025 16:37","3","3","1.0000","0.1400","0.1400","48.0000","100.0000","81.0000","89.0000","47.0000","0.2700","-0.2790","-0.1900","-0.1800","0.5100","78.6400","55.0000","63.6400","60.0000","79.0900","7","4","61.8200","85.0000","-0.2000","0.1800","51.8200","107.0000","-0.1900","4","73.1800","60.0000","0.1000","46","87.7300","28.0000","0.8100","2.0900","91.8200","19.0000","1.6500","14","94.0900","14.0000","1.6200","0.1800","61.8200","85.0000","0.1700","0.6400","100.0000","1.0000","2.7600","0.0000","87.7300","28.0000","-0.2600","0","87.7300","28.0000","-0.2700","0.0000","87.7300","28.0000","-0.2300","0","87.7300","28.0000","-0.2900","8","10","0"
"AAD2023.06.02752","266","1987","23","University of Colorado Denver","Biochemistry and Molecular Genetics, Department of","Biochemistry","23","70.0000","531","20.0000","23","59.0000","23.0900","5.0000","17281","31.0000","23","59.0000","1.0000","1.0000","21","39.0000","56","34.0000","59963478.0000","34.0000","34","52.0000","15","49.0000","2","68.0000","2","44.0000","16","16","5","19","19","0.0900","0.3900","65.0000","70.9100","0.0900","-0.0700","93.0000","58.1800","1.0000","0.6600","1.0000","100.0000","23.0900","2.5000","4.0000","98.6400","1.0000","0.6100","1.0000","100.0000","751.3500","1.3700","24.0000","89.5500","32.5400","0.1100","82.0000","63.1800","0.9100","1.4500","10.0000","95.9100","2.4300","1.6600","14.0000","94.0900","2607107.7400","1.7200","13.0000","94.5500","1070776.3900","0.8000","54.0000","75.9100","1.4800","0.3200","49.0000","78.1800","0.6500","0.8300","49.0000","78.1800","0.5000","26.0000","88.6400","0.4500","0.4300","0.2700","0.8200","0.2800","2.3900","0.2509","0.1100","-0.0600","0.9000","1.0600","0.8700","1.2800","0.1600","78.1800","80.4500","73.6400","82.7300","73.6400","98.1800","100.0000","76.8200","69.5500","86.3600","85.0000","85.0000","91.3600","68.6400","220","4/1/2025 16:37","13","6","2.1700","0.5700","0.2600","14.0000","38.0000","18.0000","17.0000","9.0000","1.3500","0.4994","0.7700","1.2600","1.9200","94.0900","83.1800","92.2700","92.7300","96.3600","7","5","71.3600","64.0000","-0.0100","0.2200","57.2700","95.0000","-0.0200","4","73.1800","60.0000","0.1000","5","39.0900","135.0000","-0.4500","0.2200","28.1800","159.0000","-0.6000","3","45.9100","120.0000","-0.4200","0.1700","56.8200","96.0000","0.1000","0.1300","32.2700","150.0000","-0.5800","0.0000","87.7300","28.0000","-0.2600","0","87.7300","28.0000","-0.2700","0.0000","87.7300","28.0000","-0.2300","0","87.7300","28.0000","-0.2900","8","10","0"
"AAD2023.06.02752","26","2082","23","Brandeis University","Biochemistry, Department of","Biochemistry","9","199.0000","57","184.0000","9","180.0000","6.3300","178.0000","1427","176.0000","9","179.0000","1.0000","1.0000","7","150.0000","10","168.0000","11160151.0000","127.0000","23","69.0000","6","130.0000","1","98.0000","1","80.0000","16","16","5","19","19","0.1100","0.7700","34.0000","85.0000","0.1100","0.0700","63.0000","71.8200","1.0000","0.6600","1.0000","100.0000","6.3300","-0.6700","164.0000","25.9100","1.0000","0.6100","1.0000","100.0000","158.5600","-0.5900","149.0000","32.7300","25.0400","-0.2900","121.0000","45.4500","0.7800","0.9000","40.0000","82.2700","1.1100","-0.1700","121.0000","45.4500","1240016.7800","0.1800","81.0000","63.6400","1116015.1000","0.9200","44.0000","80.4500","2.5600","1.2400","19.0000","91.8200","0.6700","0.8900","46.0000","79.5500","-0.1000","95.0000","57.2700","-0.4800","-0.2700","-0.9100","-0.5900","-0.9100","-0.8000","0.2509","-0.1400","-0.3900","-0.7200","-0.5300","-0.6900","-0.8000","-1.0500","41.3600","64.0900","19.0900","32.2700","18.6400","19.5500","100.0000","69.0900","55.9100","20.4500","42.7300","24.0900","16.8200","10.0000","220","4/1/2025 16:37","0","0","0.0000","0.0000","0.0000","167.0000","167.0000","167.0000","167.0000","167.0000","-0.8100","-0.9443","-0.4800","-0.6400","-1.0400","24.5500","24.5500","24.5500","24.5500","24.5500","7","1","29.0900","157.0000","-0.7500","0.1100","34.0900","146.0000","-0.5300","1","32.2700","150.0000","-0.8000","2","26.3600","163.0000","-0.5400","0.2200","30.9100","153.0000","-0.6000","1","25.4500","165.0000","-0.7900","0.1100","38.6400","136.0000","-0.4700","0.1100","28.6400","158.0000","-0.7000","0.0000","87.7300","28.0000","-0.2600","0","87.7300","28.0000","-0.2700","0.0000","87.7300","28.0000","-0.2300","0","87.7300","28.0000","-0.2900","8","10","0"
"AAD2023.06.02752","270","2092","23","University of Delaware","Chemistry and Biochemistry, Department of","Biochemistry","38","20.0000","458","34.0000","37","20.0000","12.3800","68.0000","11683","58.0000","37","19.0000","1.0000","1.0000","31","11.0000","71","14.0000","37853980.0000","58.0000","89","17.0000","29","12.0000","3","47.0000","3","22.0000","16","16","5","19","19","0.0800","0.2700","78.0000","65.0000","0.0800","-0.1200","103.0000","53.6400","0.9700","0.4800","86.0000","61.3600","12.0500","0.4100","71.0000","68.1800","0.9700","0.4400","91.0000","59.0900","307.4500","-0.1000","89.0000","60.0000","25.5100","-0.2700","117.0000","47.2700","0.8200","1.0600","30.0000","86.8200","1.8700","0.8700","44.0000","80.4500","996157.3700","-0.0900","105.0000","52.7300","533154.6500","-0.5400","151.0000","31.8200","2.3400","1.0600","26.0000","88.6400","0.7600","1.2900","30.0000","86.8200","0.2000","54.0000","75.9100","1.8900","1.1200","1.4600","1.8400","1.4700","0.3500","0.2509","1.3300","0.2600","0.3300","0.3400","1.3700","0.9600","1.4500","95.0000","90.4500","91.8200","95.4500","91.3600","69.5500","100.0000","92.7300","79.0900","74.0900","74.0900","94.0900","85.0000","91.3600","220","4/1/2025 16:37","18","7","2.5700","0.4700","0.1800","10.0000","29.0000","14.0000","23.0000","27.0000","1.7100","0.7655","1.2500","0.9600","1.0500","95.9100","87.2700","94.0900","90.0000","88.1800","7","14","93.1800","16.0000","1.6500","0.3700","83.1800","38.0000","0.7000","11","95.4500","11.0000","2.2000","17","69.5500","68.0000","-0.0800","0.4500","50.4500","110.0000","-0.3300","11","89.0900","25.0000","1.0600","0.2900","87.2700","29.0000","1.1500","0.2900","72.7300","61.0000","0.4700","0.0000","87.7300","28.0000","-0.2600","0","87.7300","28.0000","-0.2700","0.0000","87.7300","28.0000","-0.2300","0","87.7300","28.0000","-0.2900","8","10","0"
"AAD2023.06.02752","276","2199","23","University of Hawai'i - Manoa","Anatomy, Biochemistry, Physiology and Reproductive Biology, Department of","Biochemistry","19","105.0000","119","148.0000","18","99.0000","6.6100","173.0000","1262","179.0000","18","100.0000","1.0000","1.0000","6","162.0000","15","139.0000","8445068.0000","144.0000","6","156.0000","5","143.0000","2","68.0000","1","80.0000","16","16","5","19","19","0.0500","-0.1500","111.0000","50.0000","0.1100","0.0400","74.0000","66.8200","0.9500","0.3000","109.0000","50.9100","6.2600","-0.6800","165.0000","25.4500","0.9500","0.2700","115.0000","48.1800","66.4200","-0.8900","195.0000","11.8200","10.6100","-1.0600","205.0000","7.2700","0.3200","-0.9600","182.0000","17.7300","0.7900","-0.6200","156.0000","29.5500","444477.2600","-0.7100","158.0000","28.6400","563004.5300","-0.4600","138.0000","37.7300","0.3200","-0.6700","171.0000","22.7300","0.2600","-0.7600","168.0000","24.0900","-0.6000","166.0000","25.0000","-0.5800","-0.2700","-0.1500","-0.6900","-0.1400","-0.7500","0.2509","-0.5200","-0.0600","-0.7300","-0.6200","-0.5200","-0.5300","-0.1900","35.4500","64.0900","55.0000","26.8200","55.4500","21.8200","100.0000","29.5500","69.5500","19.0900","35.0000","37.2700","33.1800","52.7300","220","4/1/2025 16:37","0","0","0.0000","0.0000","0.0000","167.0000","167.0000","167.0000","167.0000","167.0000","-0.8100","-0.9443","-0.4800","-0.6400","-1.0400","24.5500","24.5500","24.5500","24.5500","24.5500","7","3","48.1800","115.0000","-0.3800","0.1600","42.2700","128.0000","-0.3000","3","56.3600","97.0000","-0.2000","0","13.6400","191.0000","-0.6000","0.0000","13.6400","191.0000","-0.8700","0","13.6400","191.0000","-0.9800","0.1600","49.5500","112.0000","-0.0400","0.0000","13.6400","191.0000","-1.4300","0.0000","87.7300","28.0000","-0.2600","0","87.7300","28.0000","-0.2700","0.0000","87.7300","28.0000","-0.2300","0","87.7300","28.0000","-0.2900","8","10","0"
"AAD2023.06.02752","279","2272","23","University of Illinois Chicago","Biochemistry and Molecular Genetics, Department of","Biochemistry","28","44.0000","138","130.0000","26","48.0000","5.3100","191.0000","6989","84.0000","28","41.0000","1.0000","1.0000","14","78.0000","30","83.0000","28396903.0000","79.0000","15","107.0000","12","66.0000","1","98.0000","1","80.0000","16","16","5","19","19","0.0400","-0.4100","133.0000","40.0000","0.0400","-0.3800","136.0000","38.6400","0.9300","0.1700","127.0000","42.7300","4.9300","-0.9300","184.0000","16.8200","1.0000","0.6100","1.0000","100.0000","249.6100","-0.2900","112.0000","49.5500","50.6400","1.0800","25.0000","89.0900","0.5000","-0.2100","141.0000","36.3600","1.0700","-0.2300","126.0000","43.1800","1014175.1100","-0.0700","103.0000","53.6400","946563.4300","0.4900","78.0000","65.0000","0.5400","-0.4800","141.0000","36.3600","0.4300","-0.0900","118.0000","46.8200","-0.4000","137.0000","38.1800","0.1400","-0.2700","0.7000","0.1200","0.5300","-1.0000","0.2509","-0.3200","-0.3900","-0.1500","0.0300","-0.0100","-0.4500","0.5900","70.4500","64.0900","81.8200","65.0000","78.6400","13.6400","100.0000","51.8200","55.9100","62.2700","64.5500","62.7300","41.3600","80.4500","220","4/1/2025 16:37","2","2","1.0000","0.0700","0.0700","69.0000","100.0000","101.0000","129.0000","117.0000","-0.0900","-0.2790","-0.2900","-0.4000","-0.2300","69.0900","55.0000","54.5500","41.8200","47.2700","7","1","29.0900","157.0000","-0.7500","0.0400","11.8200","195.0000","-0.8800","1","32.2700","150.0000","-0.8000","17","69.5500","68.0000","-0.0800","0.6100","60.4500","88.0000","-0.1400","8","81.3600","42.0000","0.5100","0.0400","12.2700","194.0000","-1.1500","0.2900","72.2700","62.0000","0.4500","0.0000","87.7300","28.0000","-0.2600","0","87.7300","28.0000","-0.2700","0.0000","87.7300","28.0000","-0.2300","0","87.7300","28.0000","-0.2900","8","10","0"
"AAD2023.06.02752","281","2321","23","University of Iowa, The","Biochemistry and Molecular Biology, Department of","Biochemistry","18","116.0000","135","132.0000","18","99.0000","7.5000","149.0000","2357","149.0000","16","126.0000","0.8900","209.0000","14","78.0000","32","75.0000","27740901.0000","81.0000","24","67.0000","14","54.0000","4","32.0000","1","80.0000","16","16","5","19","19","0.0600","-0.1000","102.0000","54.0900","0.2200","0.7300","20.0000","91.3600","1.0000","0.6600","1.0000","100.0000","7.5000","-0.4500","135.0000","39.0900","0.8900","-0.1100","161.0000","27.2700","130.9400","-0.6800","159.0000","28.1800","17.4600","-0.7000","175.0000","20.9100","0.7800","0.9000","40.0000","82.2700","1.7800","0.7500","48.0000","78.6400","1541161.1700","0.5200","60.0000","73.1800","866903.1600","0.2900","92.0000","58.6400","1.3300","0.2000","61.0000","72.7300","0.7800","1.3500","24.0000","89.5500","-0.1000","95.0000","57.2700","0.3400","-0.2700","-0.3200","0.1200","-0.1400","-0.5800","-0.6986","-0.1200","0.5800","-0.6200","0.0100","0.0600","-0.4600","-0.2800","75.9100","64.0900","43.1800","65.0000","55.4500","32.7300","5.4500","70.0000","85.9100","32.7300","63.6400","66.3600","40.4500","47.7300","220","4/1/2025 16:37","0","0","0.0000","0.0000","0.0000","167.0000","167.0000","167.0000","167.0000","167.0000","-0.8100","-0.9443","-0.4800","-0.6400","-1.0400","24.5500","24.5500","24.5500","24.5500","24.5500","7","2","38.6400","136.0000","-0.5700","0.1100","34.0900","146.0000","-0.5300","2","42.7300","127.0000","-0.5000","0","13.6400","191.0000","-0.6000","0.0000","13.6400","191.0000","-0.8700","0","13.6400","191.0000","-0.9800","0.1100","38.6400","136.0000","-0.4700","0.0000","13.6400","191.0000","-1.4300","0.0000","87.7300","28.0000","-0.2600","0","87.7300","28.0000","-0.2700","0.0000","87.7300","28.0000","-0.2300","0","87.7300","28.0000","-0.2900","8","10","0"
"AAD2023.06.02752","282","2393","23","University of Kansas, The","Biochemistry and Molecular Biology, Department of","Biochemistry","10","184.0000","123","143.0000","10","169.0000","12.3000","69.0000","3108","137.0000","10","168.0000","1.0000","1.0000","7","150.0000","13","153.0000","13088157.0000","123.0000","12","118.0000","9","95.0000","0","150.0000","0","150.0000","16","16","5","19","19","0.0000","-0.9800","150.0000","32.2700","0.0000","-0.5900","150.0000","32.2700","1.0000","0.6600","1.0000","100.0000","12.3000","0.4600","66.0000","70.4500","1.0000","0.6100","1.0000","100.0000","310.8000","-0.0900","88.0000","60.4500","25.2700","-0.2800","118.0000","46.8200","0.7000","0.5900","72.0000","67.7300","1.3000","0.0900","105.0000","52.7300","1308815.7000","0.2600","74.0000","66.8200","1006781.3100","0.6400","66.0000","70.4500","1.2000","0.0900","66.0000","70.4500","0.9000","1.8500","7.0000","97.2700","0.2000","54.0000","75.9100","-0.1700","-0.9600","-0.8300","-0.5900","-0.8200","0.3300","0.2509","-0.3800","-0.7100","-0.5500","-0.4600","-0.5800","-0.5100","-0.9700","57.2700","32.2700","24.0900","32.2700","23.6400","69.0900","100.0000","46.8200","32.2700","38.1800","44.5500","30.9100","35.4500","16.8200","220","4/1/2025 16:37","1","1","1.0000","0.1000","0.1000","108.0000","100.0000","121.0000","104.0000","81.0000","-0.4500","-0.2790","-0.3900","-0.3100","0.1000","51.3600","55.0000","45.4500","53.1800","63.6400","7","4","61.8200","85.0000","-0.2000","0.4000","88.1800","27.0000","0.8500","4","73.1800","60.0000","0.1000","0","13.6400","191.0000","-0.6000","0.0000","13.6400","191.0000","-0.8700","0","13.6400","191.0000","-0.9800","0.4000","98.1800","5.0000","2.1500","0.0000","13.6400","191.0000","-1.4300","0.0000","87.7300","28.0000","-0.2600","0","87.7300","28.0000","-0.2700","0.0000","87.7300","28.0000","-0.2300","0","87.7300","28.0000","-0.2900","8","10","0"
"AAD2023.06.02752","28","2491","23","Brown University","Molecular Biology, Cell Biology and Biochemistry, Department of","Biochemistry","33","27.0000","348","46.0000","32","26.0000","10.8800","90.0000","14269","43.0000","33","25.0000","1.0000","1.0000","29","13.0000","62","25.0000","75876490.0000","17.0000","56","31.0000","21","29.0000","1","98.0000","1","80.0000","16","16","5","19","19","0.0300","-0.5000","144.0000","35.0000","0.0300","-0.4100","145.0000","34.5500","0.9700","0.4500","87.0000","60.9100","10.5500","0.1300","90.0000","59.5500","1.0000","0.6100","1.0000","100.0000","432.3900","0.3200","59.0000","73.6400","41.0000","0.5600","43.0000","80.9100","0.8800","1.3100","14.0000","94.0900","1.8800","0.8900","40.0000","82.2700","2299287.5800","1.3700","21.0000","90.9100","1223814.3500","1.1800","26.0000","88.6400","1.7000","0.5100","42.0000","81.3600","0.6400","0.7700","51.0000","77.2700","0.4000","36.0000","84.0900","1.0600","-0.2700","1.1200","1.6300","1.0400","0.0600","0.2509","0.6000","-0.3900","0.5900","1.5800","1.0700","0.4800","1.0200","87.2700","64.0900","89.0900","94.5500","88.6400","59.5500","100.0000","86.3600","55.9100","80.9100","92.7300","89.0900","79.5500","88.1800","220","4/1/2025 16:37","5","4","1.2500","0.1500","0.1200","33.0000","94.0000","51.0000","81.0000","59.0000","0.6300","-0.1127","0.0000","-0.1300","0.3400","85.4500","57.7300","77.2700","63.6400","73.6400","7","13","91.8200","19.0000","1.4600","0.3900","87.2700","29.0000","0.8200","8","91.3600","20.0000","1.3000","10","58.6400","92.0000","-0.2900","0.3000","39.0900","135.0000","-0.5000","7","76.3600","53.0000","0.3200","0.2400","77.7300","50.0000","0.7200","0.2100","51.3600","108.0000","-0.0400","0.0300","89.5500","24.0000","0.4900","1","94.0900","14.0000","0.6000","0.0300","89.5500","24.0000","0.1700","1","95.9100","10.0000","1.1900","8","10","0"
"AAD2023.06.02752","292","2512","23","University of Massachusetts Medical School","Biochemistry and Molecular Biotechnology, Department of","Biochemistry","26","52.0000","304","60.0000","26","48.0000","11.6900","77.0000","10570","65.0000","26","49.0000","1.0000","1.0000","19","43.0000","50","41.0000","63408167.0000","30.0000","40","45.0000","16","45.0000","2","68.0000","2","44.0000","16","16","5","19","19","0.0800","0.2300","80.0000","64.0900","0.0800","-0.1300","104.0000","53.1800","1.0000","0.6600","1.0000","100.0000","11.6900","0.3500","75.0000","66.3600","1.0000","0.6100","1.0000","100.0000","406.5400","0.2300","66.0000","70.4500","34.7700","0.2300","69.0000","69.0900","0.7300","0.7100","55.0000","75.4500","1.9200","0.9500","37.0000","83.6400","2438775.6500","1.5300","15.0000","93.6400","1268163.3400","1.2900","19.0000","91.8200","1.5400","0.3800","47.0000","79.0900","0.6200","0.6800","56.0000","75.0000","0.4000","36.0000","84.0900","0.5500","0.4300","0.5300","0.6200","0.5300","0.2200","0.2509","0.2400","-0.0600","0.2200","1.1700","0.6700","0.2800","0.4200","80.0000","80.4500","78.1800","80.9100","78.6400","65.4500","100.0000","80.0000","69.5500","70.9100","86.8200","81.8200","73.1800","76.8200","220","4/1/2025 16:37","3","2","1.5000","0.1200","0.0800","69.0000","70.0000","81.0000","99.0000","110.0000","-0.0900","0.0536","-0.1900","-0.2500","-0.1700","69.0900","68.6400","63.6400","55.4500","50.4500","7","10","86.8200","30.0000","0.9100","0.3800","85.9100","32.0000","0.7700","8","91.3600","20.0000","1.3000","32","84.0900","36.0000","0.3800","1.2300","82.7300","39.0000","0.6200","10","86.3600","31.0000","0.8800","0.3100","89.5500","24.0000","1.3100","0.3800","83.6400","37.0000","1.1000","0.0000","87.7300","28.0000","-0.2600","0","87.7300","28.0000","-0.2700","0.0000","87.7300","28.0000","-0.2300","0","87.7300","28.0000","-0.2900","8","10","0"
"AAD2023.06.02752","293","2559","23","University of Massachusetts Amherst","Biochemistry and Molecular Biology, Department of","Biochemistry","12","166.0000","96","162.0000","12","156.0000","8.0000","142.0000","3133","136.0000","12","158.0000","1.0000","1.0000","11","105.0000","18","128.0000","16432056.0000","112.0000","20","85.0000","10","79.0000","1","98.0000","1","80.0000","16","16","5","19","19","0.0800","0.3400","68.0000","69.5500","0.0800","-0.0900","94.0000","57.7300","1.0000","0.6600","1.0000","100.0000","8.0000","-0.3500","127.0000","42.7300","1.0000","0.6100","1.0000","100.0000","261.0800","-0.2500","103.0000","53.6400","32.6400","0.1100","80.0000","64.0900","0.9200","1.4600","9.0000","96.3600","1.5000","0.3600","78.0000","65.0000","1369338.0000","0.3300","70.0000","68.6400","912892.0000","0.4100","83.0000","62.7300","1.6700","0.4800","44.0000","80.4500","0.8300","1.5800","15.0000","93.6400","0.2000","54.0000","75.9100","-0.0700","-0.2700","-0.6600","-0.1900","-0.6500","-0.4800","0.2509","-0.2100","-0.3900","-0.5400","-0.3600","-0.4200","-0.6300","-0.7900","64.5500","64.0900","28.6400","52.7300","29.5500","35.9100","100.0000","61.8200","55.9100","38.6400","49.5500","42.2700","26.8200","25.0000","220","4/1/2025 16:37","0","0","0.0000","0.0000","0.0000","167.0000","167.0000","167.0000","167.0000","167.0000","-0.8100","-0.9443","-0.4800","-0.6400","-1.0400","24.5500","24.5500","24.5500","24.5500","24.5500","7","4","61.8200","85.0000","-0.2000","0.3300","80.4500","44.0000","0.5300","4","73.1800","60.0000","0.1000","4","34.5500","145.0000","-0.4800","0.3300","41.3600","130.0000","-0.4700","3","45.9100","120.0000","-0.4200","0.3300","93.6400","15.0000","1.5500","0.2500","63.1800","82.0000","0.2100","0.0000","87.7300","28.0000","-0.2600","0","87.7300","28.0000","-0.2700","0.0000","87.7300","28.0000","-0.2300","0","87.7300","28.0000","-0.2900","8","10","0"
"AAD2023.06.02752","302","2613","23","University of Mississippi, The","Chemistry and Biochemistry, Department of","Biochemistry","16","140.0000","264","71.0000","15","134.0000","17.6000","24.0000","5625","99.0000","15","134.0000","0.9400","194.0000","9","127.0000","16","133.0000","4902284.0000","172.0000","11","126.0000","8","111.0000","3","47.0000","3","22.0000","16","16","5","19","19","0.1900","1.9800","9.0000","96.3600","0.1900","0.5200","27.0000","88.1800","0.9400","0.2300","121.0000","45.4500","16.5000","1.2500","27.0000","88.1800","0.9400","0.2100","129.0000","41.8200","351.5600","0.0500","79.0000","64.5500","21.3100","-0.4900","147.0000","33.6400","0.5600","0.0400","123.0000","44.5500","1.0000","-0.3300","130.0000","41.3600","306392.7500","-0.8600","172.0000","22.2700","306392.7500","-1.1000","185.0000","16.3600","0.6900","-0.3500","118.0000","46.8200","0.5000","0.2100","82.0000","63.1800","-0.1000","95.0000","57.2700","-0.2700","1.1200","-0.4000","-0.3900","-0.4000","1.3400","-0.2832","-0.4100","0.2600","-0.2900","-0.7300","-0.4800","0.1100","-0.4500","50.0000","90.4500","39.5500","42.7300","39.5500","89.5500","12.2700","43.1800","79.0900","55.4500","22.2700","40.0000","68.1800","36.8200","220","4/1/2025 16:37","7","5","1.4000","0.4400","0.3100","19.0000","82.0000","35.0000","25.0000","5.0000","0.9900","-0.0129","0.1900","0.8300","2.5000","91.8200","63.1800","84.5500","89.0900","98.1800","7","1","29.0900","157.0000","-0.7500","0.0600","20.9100","175.0000","-0.7600","1","32.2700","150.0000","-0.8000","8","50.4500","110.0000","-0.3600","0.5000","55.4500","99.0000","-0.2600","2","35.9100","142.0000","-0.6100","0.0600","22.2700","172.0000","-0.9100","0.1300","31.3600","152.0000","-0.6100","0.0000","87.7300","28.0000","-0.2600","0","87.7300","28.0000","-0.2700","0.0000","87.7300","28.0000","-0.2300","0","87.7300","28.0000","-0.2900","8","10","0"
"AAD2023.06.02752","303","2643","23","University of Mississippi Medical Center, The","Cell and Molecular Biology, Department of","Biochemistry","30","37.0000","244","79.0000","28","40.0000","8.7100","133.0000","8965","75.0000","28","41.0000","0.9700","184.0000","10","115.0000","16","133.0000","13645795.0000","121.0000","6","156.0000","4","160.0000","1","98.0000","1","80.0000","16","16","5","19","19","0.0300","-0.4500","138.0000","37.7300","0.0300","-0.3900","141.0000","36.3600","0.9300","0.2000","124.0000","44.0900","8.1300","-0.3300","126.0000","43.1800","0.9300","0.1800","133.0000","40.0000","298.8300","-0.1300","90.0000","59.5500","36.7400","0.3300","59.0000","73.6400","0.3300","-0.8800","174.0000","21.3600","0.5300","-0.9700","183.0000","17.2700","454859.8300","-0.7000","157.0000","29.0900","852862.1900","0.2600","95.0000","57.2700","0.2000","-0.7700","187.0000","15.4500","0.1300","-1.3000","194.0000","12.2700","-0.6000","166.0000","25.0000","-0.6900","-0.2700","0.7000","-0.2900","0.7000","-0.3500","-0.0438","-0.5200","-0.3900","0.0500","-0.4500","-0.4800","0.0200","0.7600","27.7300","64.0900","81.8200","48.1800","82.2700","40.0000","16.8200","29.5500","55.9100","66.3600","45.4500","40.0000","64.5500","83.6400","220","4/1/2025 16:37","3","2","1.5000","0.1000","0.0700","69.0000","70.0000","81.0000","104.0000","126.0000","-0.0900","0.0536","-0.1900","-0.3100","-0.2800","69.0900","68.6400","63.6400","53.1800","43.1800","7","3","48.1800","115.0000","-0.3800","0.1000","30.4500","154.0000","-0.5800","3","56.3600","97.0000","-0.2000","8","50.4500","110.0000","-0.3600","0.2700","33.6400","147.0000","-0.5500","4","55.0000","100.0000","-0.2400","0.1000","34.5500","145.0000","-0.5700","0.1300","33.1800","148.0000","-0.5600","0.0000","87.7300","28.0000","-0.2600","0","87.7300","28.0000","-0.2700","0.0000","87.7300","28.0000","-0.2300","0","87.7300","28.0000","-0.2900","8","10","0"
"AAD2023.06.02752","310","2720","23","University of Nebraska Medical Center","Biochemistry and Molecular Biology, Department of","Biochemistry","17","131.0000","194","103.0000","17","110.0000","11.4100","81.0000","6995","83.0000","17","115.0000","1.0000","1.0000","16","61.0000","28","87.0000","29820713.0000","74.0000","5","168.0000","4","160.0000","2","68.0000","2","44.0000","16","16","5","19","19","0.1200","0.8800","31.0000","86.3600","0.1200","0.1100","59.0000","73.6400","1.0000","0.6600","1.0000","100.0000","11.4100","0.2900","77.0000","65.4500","1.0000","0.6100","1.0000","100.0000","411.4700","0.2500","64.0000","71.3600","36.0600","0.3000","64.0000","71.3600","0.9400","1.5600","5.0000","98.1800","1.6500","0.5700","61.0000","72.7300","1754159.5900","0.7600","50.0000","77.7300","1065025.4600","0.7900","56.0000","75.0000","0.2900","-0.6900","174.0000","21.3600","0.2400","-0.8800","172.0000","22.2700","0.1000","65.0000","70.9100","-0.6900","0.4300","-0.2300","0.3200","-0.2300","0.1600","0.2509","-0.5400","-0.0600","-0.1500","0.0800","-0.0800","-0.2000","-0.3600","27.7300","80.4500","48.1800","72.7300","50.4500","63.6400","100.0000","24.0900","69.5500","62.7300","66.8200","60.9100","53.6400","40.9100","220","4/1/2025 16:37","4","1","4.0000","0.2400","0.0600","108.0000","11.0000","66.0000","53.0000","137.0000","-0.4500","1.7169","-0.1000","0.1500","-0.3700","51.3600","95.4500","70.4500","76.3600","38.1800","7","8","81.3600","42.0000","0.5400","0.4700","91.8200","19.0000","1.1800","6","83.1800","38.0000","0.7000","4","34.5500","145.0000","-0.4800","0.2400","31.3600","152.0000","-0.5800","4","55.0000","100.0000","-0.2400","0.3500","94.5500","13.0000","1.7200","0.2400","55.9100","98.0000","0.1200","0.0000","87.7300","28.0000","-0.2600","0","87.7300","28.0000","-0.2700","0.0000","87.7300","28.0000","-0.2300","0","87.7300","28.0000","-0.2900","8","10","0"
"AAD2023.06.02752","311","2730","23","University of Nevada, Las Vegas","Chemistry and Biochemistry, Department of","Biochemistry","24","65.0000","157","119.0000","24","56.0000","6.5400","175.0000","3626","129.0000","24","56.0000","1.0000","1.0000","6","162.0000","13","153.0000","7292168.0000","152.0000","14","110.0000","10","79.0000","3","47.0000","3","22.0000","16","16","5","19","19","0.1300","0.9900","26.0000","88.6400","0.1300","0.1500","53.0000","76.3600","1.0000","0.6600","1.0000","100.0000","6.5400","-0.6300","160.0000","27.7300","1.0000","0.6100","1.0000","100.0000","151.0800","-0.6100","151.0000","31.8200","23.1000","-0.4000","131.0000","40.9100","0.2500","-1.2200","189.0000","14.5500","0.5400","-0.9600","182.0000","17.7300","303840.3300","-0.8600","173.0000","21.8200","560936.0000","-0.4700","139.0000","37.2700","0.5800","-0.4400","133.0000","40.0000","0.4200","-0.1300","124.0000","44.0900","-0.4000","137.0000","38.1800","-0.0700","1.1200","0.3600","-0.6900","0.3600","-0.7600","0.2509","-0.3400","0.2600","-0.4900","-0.6500","-0.5800","-0.3600","0.2400","64.5500","90.4500","75.0000","26.8200","75.0000","20.9100","100.0000","50.4500","79.0900","41.8200","31.3600","30.9100","46.3600","70.9100","220","4/1/2025 16:37","8","7","1.1400","0.3300","0.2900","10.0000","99.0000","30.0000","33.0000","7.0000","1.7100","-0.1859","0.2900","0.4800","2.2700","95.9100","55.4500","86.8200","85.4500","97.2700","7","1","29.0900","157.0000","-0.7500","0.0400","13.1800","192.0000","-0.8600","1","32.2700","150.0000","-0.8000","29","82.7300","39.0000","0.2900","1.2100","82.2700","40.0000","0.5900","10","86.3600","31.0000","0.8800","0.0400","13.6400","191.0000","-1.0900","0.4200","88.1800","27.0000","1.3100","0.0000","87.7300","28.0000","-0.2600","0","87.7300","28.0000","-0.2700","0.0000","87.7300","28.0000","-0.2300","0","87.7300","28.0000","-0.2900","8","10","0"
"AAD2023.06.02752","312","2757","23","University of Nevada, Reno","Biochemistry and Molecular Biology, Department of","Biochemistry","12","166.0000","101","159.0000","11","164.0000","9.1800","125.0000","2152","152.0000","11","166.0000","1.0000","1.0000","10","115.0000","17","131.0000","9195885.0000","138.0000","7","148.0000","5","143.0000","1","98.0000","1","80.0000","16","16","5","19","19","0.0800","0.3400","68.0000","69.5500","0.0800","-0.0900","94.0000","57.7300","0.9200","0.0900","136.0000","38.6400","8.4200","-0.2700","124.0000","44.0900","0.9200","0.0700","141.0000","36.3600","179.3300","-0.5200","139.0000","37.2700","21.3100","-0.4900","146.0000","34.0900","0.8300","1.1300","23.0000","90.0000","1.4200","0.2500","92.0000","58.6400","766323.7500","-0.3500","120.0000","45.9100","540934.4100","-0.5200","145.0000","34.5500","0.5800","-0.4400","133.0000","40.0000","0.4200","-0.1300","124.0000","44.0900","-0.1000","95.0000","57.2700","-0.5800","-0.2700","-0.7400","-0.2900","-0.7400","-0.2600","0.2509","-0.5000","-0.3900","-0.6400","-0.5900","-0.4500","-0.6100","-0.7900","35.4500","64.0900","25.0000","48.1800","25.9100","43.6400","100.0000","33.1800","55.9100","31.3600","37.7300","40.9100","28.1800","25.0000","220","4/1/2025 16:37","0","0","0.0000","0.0000","0.0000","167.0000","167.0000","167.0000","167.0000","167.0000","-0.8100","-0.9443","-0.4800","-0.6400","-1.0400","24.5500","24.5500","24.5500","24.5500","24.5500","7","5","71.3600","64.0000","-0.0100","0.4200","89.0900","25.0000","0.9200","3","56.3600","97.0000","-0.2000","6","41.8200","129.0000","-0.4200","0.5000","55.4500","99.0000","-0.2600","5","66.3600","75.0000","-0.0500","0.2500","80.9100","43.0000","0.7900","0.4200","88.1800","27.0000","1.3100","0.0000","87.7300","28.0000","-0.2600","0","87.7300","28.0000","-0.2700","0.0000","87.7300","28.0000","-0.2300","0","87.7300","28.0000","-0.2900","8","10","0"
"AAD2023.06.02752","314","2812","23","University of New Mexico, The","Biochemistry and Molecular Biology, Department of","Biochemistry","9","199.0000","124","141.0000","9","180.0000","13.7800","58.0000","4037","122.0000","9","179.0000","1.0000","1.0000","3","185.0000","5","188.0000","8076584.0000","147.0000","7","148.0000","4","160.0000","1","98.0000","1","80.0000","16","16","5","19","19","0.1100","0.7700","34.0000","85.0000","0.1100","0.0700","63.0000","71.8200","1.0000","0.6600","1.0000","100.0000","13.7800","0.7400","54.0000","75.9100","1.0000","0.6100","1.0000","100.0000","448.5600","0.3700","56.0000","75.0000","32.5600","0.1100","81.0000","63.6400","0.3300","-0.8800","174.0000","21.3600","0.5600","-0.9400","177.0000","20.0000","897398.2200","-0.2000","111.0000","50.0000","1615316.8000","2.1600","3.0000","99.0900","0.7800","-0.2700","102.0000","54.0900","0.4400","-0.0200","111.0000","50.0000","0.0000","84.0000","62.2700","-0.6900","-0.2700","-0.9100","-1.0000","-0.9100","0.6200","0.2509","-0.5000","-0.3900","-0.4500","-0.6300","-0.8500","-0.5100","-1.0500","27.7300","64.0900","19.0900","16.3600","18.6400","74.0900","100.0000","33.1800","55.9100","45.0000","33.6400","15.0000","36.3600","10.0000","220","4/1/2025 16:37","2","1","2.0000","0.2200","0.1100","108.0000","41.0000","101.0000","57.0000","66.0000","-0.4500","0.3863","-0.2900","0.1100","0.2200","51.3600","81.8200","54.5500","74.5500","70.4500","7","0","11.3600","196.0000","-0.9400","0.0000","11.3600","196.0000","-1.0500","0","11.3600","196.0000","-1.1000","2","26.3600","163.0000","-0.5400","0.2200","30.9100","153.0000","-0.6000","1","25.4500","165.0000","-0.7900","0.0000","11.3600","196.0000","-1.4700","0.1100","28.6400","158.0000","-0.7000","0.2200","99.5500","2.0000","5.2100","5","99.0900","3.0000","4.0400","0.5600","99.0900","3.0000","7.1400","2","98.6400","4.0000","2.6600","8","10","0"
"AAD2023.06.02752","322","2910","23","University of Northern Colorado","Chemistry and Biochemistry, School of","Biochemistry","7","208.0000","23","205.0000","6","205.0000","3.8300","202.0000","652","197.0000","6","203.0000","1.0000","1.0000","1","202.0000","1","203.0000","118574.0000","208.0000","1","202.0000","1","201.0000","0","150.0000","0","150.0000","16","16","5","19","19","0.0000","-0.9800","150.0000","32.2700","0.0000","-0.5900","150.0000","32.2700","0.8600","-0.3100","169.0000","23.6400","3.2900","-1.2400","198.0000","10.4500","0.8600","-0.3100","173.0000","21.8200","93.1400","-0.8100","181.0000","18.1800","28.3500","-0.1100","103.0000","53.6400","0.1400","-1.6500","203.0000","8.1800","0.1400","-1.5100","204.0000","7.7300","16939.1400","-1.1900","207.0000","6.3600","118574.0000","-1.5700","208.0000","5.9100","0.1400","-0.8200","198.0000","10.4500","0.1400","-1.2600","191.0000","13.6400","-1.0000","191.0000","13.6400","-1.0000","-0.9600","-1.1600","-1.2000","-1.1600","-1.2800","0.2509","-0.6300","-0.7100","-0.8000","-0.8900","-0.9900","-0.9500","-1.2300","9.0900","32.2700","8.1800","8.6400","7.2700","8.6400","100.0000","8.6400","32.2700","10.9100","5.9100","8.1800","7.2700","5.9100","220","4/1/2025 16:37","0","0","0.0000","0.0000","0.0000","167.0000","167.0000","167.0000","167.0000","167.0000","-0.8100","-0.9443","-0.4800","-0.6400","-1.0400","24.5500","24.5500","24.5500","24.5500","24.5500","7","1","29.0900","157.0000","-0.7500","0.1400","40.9100","131.0000","-0.3700","1","32.2700","150.0000","-0.8000","0","13.6400","191.0000","-0.6000","0.0000","13.6400","191.0000","-0.8700","0","13.6400","191.0000","-0.9800","0.1400","48.1800","115.0000","-0.1800","0.0000","13.6400","191.0000","-1.4300","0.0000","87.7300","28.0000","-0.2600","0","87.7300","28.0000","-0.2700","0.0000","87.7300","28.0000","-0.2300","0","87.7300","28.0000","-0.2900","8","10","0"
"AAD2023.06.02752","323","2919","23","University of Notre Dame","Chemistry and Biochemistry, Department of","Biochemistry","52","6.0000","800","7.0000","51","5.0000","15.6900","37.0000","14740","41.0000","50","7.0000","0.9800","180.0000","32","9.0000","102","7.0000","77199826.0000","15.0000","95","16.0000","33","8.0000","5","21.0000","4","9.0000","16","16","5","19","19","0.0800","0.2300","80.0000","64.0900","0.1000","-0.0200","83.0000","62.7300","0.9800","0.5300","83.0000","62.7300","15.3800","1.0400","35.0000","84.5500","0.9600","0.3600","99.0000","55.4500","283.4600","-0.1800","97.0000","56.3600","18.4300","-0.6500","167.0000","24.5500","0.6200","0.2500","99.0000","55.4500","1.9600","1.0000","35.0000","84.5500","1484612.0400","0.4600","62.0000","72.2700","756861.0400","0.0200","112.0000","49.5500","1.8300","0.6200","40.0000","82.2700","0.6300","0.7600","52.0000","76.8200","0.4000","36.0000","84.0900","2.3000","1.8100","2.5600","1.9400","2.6500","0.9800","0.0833","1.4600","0.9000","0.6400","1.6200","2.4200","2.4700","2.6600","96.8200","96.3600","97.2700","96.3600","98.1800","83.6400","18.6400","93.1800","90.9100","81.8200","93.6400","97.2700","97.2700","97.7300","220","4/1/2025 16:37","21","7","3.0000","0.4000","0.1300","10.0000","18.0000","11.0000","27.0000","50.0000","1.7100","1.0516","1.5400","0.7200","0.4900","95.9100","92.2700","95.4500","88.1800","77.7300","7","9","84.0900","36.0000","0.7300","0.1700","46.8200","118.0000","-0.2300","6","83.1800","38.0000","0.7000","86","95.9100","10.0000","2.0300","1.6500","86.8200","30.0000","1.1200","23","98.6400","4.0000","3.2900","0.1200","39.5500","134.0000","-0.4300","0.4400","91.8200","19.0000","1.4800","0.0000","87.7300","28.0000","-0.2600","0","87.7300","28.0000","-0.2700","0.0000","87.7300","28.0000","-0.2300","0","87.7300","28.0000","-0.2900","8","10","0"
"AAD2023.06.02752","324","2941","23","University of Oklahoma","Chemistry and Biochemistry, Department of","Biochemistry","25","57.0000","331","50.0000","22","67.0000","15.0500","41.0000","12908","50.0000","22","68.0000","1.0000","1.0000","15","69.0000","38","57.0000","29031443.0000","77.0000","27","62.0000","12","66.0000","3","47.0000","3","22.0000","16","16","5","19","19","0.1200","0.9100","30.0000","86.8200","0.1200","0.1200","58.0000","74.0900","0.8800","-0.1600","165.0000","25.4500","13.2400","0.6400","57.0000","74.5500","0.8800","-0.1600","167.0000","24.5500","516.3200","0.5900","48.0000","78.6400","39.0000","0.4500","47.0000","79.0900","0.6000","0.1900","107.0000","51.8200","1.5200","0.3900","77.0000","65.4500","1161257.7200","0.1000","91.0000","59.0900","763985.3400","0.0400","109.0000","50.9100","1.0800","-0.0200","76.0000","65.9100","0.4800","0.1300","95.0000","57.2700","0.0000","84.0000","62.2700","0.1400","1.1200","0.1900","0.2200","0.2000","0.8600","0.2509","-0.0500","0.2600","0.4600","0.0500","0.2600","0.4000","0.3300","70.4500","90.4500","69.5500","69.0900","70.0000","81.8200","100.0000","72.2700","79.0900","77.7300","65.4500","74.5500","77.7300","74.5500","220","4/1/2025 16:37","3","2","1.5000","0.1200","0.0800","69.0000","70.0000","81.0000","96.0000","106.0000","-0.0900","0.0536","-0.1900","-0.2400","-0.1300","69.0900","68.6400","63.6400","56.8200","52.2700","7","3","48.1800","115.0000","-0.3800","0.1200","35.4500","143.0000","-0.4800","2","42.7300","127.0000","-0.5000","17","69.5500","68.0000","-0.0800","0.6800","65.0000","78.0000","-0.0500","11","89.0900","25.0000","1.0600","0.0800","25.4500","165.0000","-0.7500","0.4400","91.3600","20.0000","1.4600","0.0000","87.7300","28.0000","-0.2600","0","87.7300","28.0000","-0.2700","0.0000","87.7300","28.0000","-0.2300","0","87.7300","28.0000","-0.2900","8","10","0"
"AAD2023.06.02752","332","3052","23","University of South Carolina","Chemistry and Biochemistry, Department of","Biochemistry","31","31.0000","515","23.0000","31","29.0000","16.6100","33.0000","13402","49.0000","31","28.0000","1.0000","1.0000","22","35.0000","56","34.0000","26004794.0000","85.0000","65","26.0000","23","22.0000","4","32.0000","2","44.0000","16","16","5","19","19","0.0600","0.0400","95.0000","57.2700","0.1300","0.1800","49.0000","78.1800","1.0000","0.6600","1.0000","100.0000","16.6100","1.2700","25.0000","89.0900","1.0000","0.6100","1.0000","100.0000","432.3200","0.3200","60.0000","73.1800","26.0200","-0.2400","114.0000","48.6400","0.7100","0.6300","69.0000","69.0900","1.8100","0.7900","47.0000","79.0900","838864.3200","-0.2700","113.0000","49.0900","464371.3200","-0.7100","163.0000","26.3600","2.1000","0.8500","32.0000","85.9100","0.7400","1.2000","33.0000","85.4500","0.4000","36.0000","84.0900","1.2700","0.4300","0.9500","0.9200","0.9600","1.1500","0.2509","0.8000","0.5800","0.5100","-0.0400","0.8700","1.2100","0.8500","90.4500","80.4500","87.7300","84.5500","87.2700","85.4500","100.0000","88.6400","85.9100","78.1800","61.8200","85.0000","90.0000","86.3600","220","4/1/2025 16:37","5","4","1.2500","0.1600","0.1300","33.0000","94.0000","51.0000","77.0000","55.0000","0.6300","-0.1127","0.0000","-0.1000","0.4200","85.4500","57.7300","77.2700","65.4500","75.4500","7","5","71.3600","64.0000","-0.0100","0.1600","44.0900","124.0000","-0.2900","5","78.1800","49.0000","0.4000","53","90.4500","22.0000","1.0200","1.7100","87.2700","29.0000","1.1900","12","90.9100","21.0000","1.2500","0.1600","50.4500","110.0000","-0.0100","0.3900","84.0900","36.0000","1.1100","0.0000","87.7300","28.0000","-0.2600","0","87.7300","28.0000","-0.2700","0.0000","87.7300","28.0000","-0.2300","0","87.7300","28.0000","-0.2900","8","10","0"
"AAD2023.06.02752","336","3093","23","University of Southern Mississippi, The","Chemistry and Biochemistry, Department of","Biochemistry","10","184.0000","68","176.0000","10","169.0000","6.8000","163.0000","945","188.0000","10","168.0000","1.0000","1.0000","6","162.0000","11","164.0000","5232490.0000","169.0000","6","156.0000","5","143.0000","1","98.0000","1","80.0000","16","16","5","19","19","0.1000","0.6000","51.0000","77.2700","0.1000","0.0000","80.0000","64.0900","1.0000","0.6600","1.0000","100.0000","6.8000","-0.5800","152.0000","31.3600","1.0000","0.6100","1.0000","100.0000","94.5000","-0.8000","180.0000","18.6400","13.9000","-0.8900","193.0000","12.7300","0.6000","0.1900","107.0000","51.8200","1.1000","-0.1900","123.0000","44.5500","523249.0000","-0.6200","143.0000","35.4500","475680.9100","-0.6800","159.0000","28.1800","0.6000","-0.4300","130.0000","41.3600","0.5000","0.2100","82.0000","63.1800","-0.5000","151.0000","31.8200","-0.5800","-0.2700","-0.8300","-0.6900","-0.8200","-0.7100","0.2509","-0.5200","-0.3900","-0.7700","-0.7200","-0.6500","-0.7600","-0.9700","35.4500","64.0900","24.0900","26.8200","23.6400","26.3600","100.0000","29.5500","55.9100","15.0000","23.6400","25.9100","20.4500","16.8200","220","4/1/2025 16:37","1","1","1.0000","0.1000","0.1000","108.0000","100.0000","121.0000","104.0000","81.0000","-0.4500","-0.2790","-0.3900","-0.3100","0.1000","51.3600","55.0000","45.4500","53.1800","63.6400","7","1","29.0900","157.0000","-0.7500","0.1000","30.4500","154.0000","-0.5800","1","32.2700","150.0000","-0.8000","0","13.6400","191.0000","-0.6000","0.0000","13.6400","191.0000","-0.8700","0","13.6400","191.0000","-0.9800","0.1000","34.5500","145.0000","-0.5700","0.0000","13.6400","191.0000","-1.4300","0.0000","87.7300","28.0000","-0.2600","0","87.7300","28.0000","-0.2700","0.0000","87.7300","28.0000","-0.2300","0","87.7300","28.0000","-0.2900","8","10","0"
"AAD2023.06.02752","337","3115","23","University of Texas Southwestern Medical Center at Dallas, The","Biochemistry, Department of","Biochemistry","26","52.0000","317","56.0000","26","48.0000","12.1900","70.0000","11244","60.0000","26","49.0000","1.0000","1.0000","17","54.0000","36","60.0000","49004008.0000","42.0000","73","22.0000","19","32.0000","1","98.0000","1","80.0000","16","16","5","19","19","0.0400","-0.3700","130.0000","41.3600","0.0400","-0.3600","133.0000","40.0000","1.0000","0.6600","1.0000","100.0000","12.1900","0.4400","67.0000","70.0000","1.0000","0.6100","1.0000","100.0000","432.4600","0.3200","58.0000","74.0900","35.4700","0.2700","67.0000","70.0000","0.6500","0.4100","85.0000","61.8200","1.3800","0.2000","95.0000","57.2700","1884769.5400","0.9100","40.0000","82.2700","1361222.4400","1.5300","16.0000","93.1800","2.8100","1.4600","14.0000","94.0900","0.7300","1.1600","34.0000","85.0000","0.6000","23.0000","90.0000","0.8600","-0.2700","0.5300","0.4200","0.5300","0.3100","0.2509","0.9700","-0.3900","0.2900","0.7100","0.1900","0.3400","0.4200","85.9100","64.0900","78.1800","75.9100","78.6400","68.6400","100.0000","90.4500","55.9100","73.1800","81.3600","73.1800","75.0000","76.8200","220","4/1/2025 16:37","3","2","1.5000","0.1200","0.0800","69.0000","70.0000","81.0000","99.0000","110.0000","-0.0900","0.0536","-0.1900","-0.2500","-0.1700","69.0900","68.6400","63.6400","55.4500","50.4500","7","2","38.6400","136.0000","-0.5700","0.0800","23.1800","170.0000","-0.6900","2","42.7300","127.0000","-0.5000","98","97.2700","7.0000","2.4000","3.7700","99.5500","2.0000","3.6700","14","94.0900","14.0000","1.6200","0.0800","25.0000","166.0000","-0.7800","0.5400","98.1800","5.0000","2.1100","0.0000","87.7300","28.0000","-0.2600","0","87.7300","28.0000","-0.2700","0.0000","87.7300","28.0000","-0.2300","0","87.7300","28.0000","-0.2900","8","10","0"
"AAD2023.06.02752","342","3131","23","University of Tulsa, The","Chemistry and Biochemistry, Department of","Biochemistry","10","184.0000","30","201.0000","9","180.0000","3.3300","206.0000","517","200.0000","9","179.0000","1.0000","1.0000","1","202.0000","1","203.0000","125835.0000","207.0000","1","202.0000","1","201.0000","0","150.0000","0","150.0000","16","16","5","19","19","0.0000","-0.9800","150.0000","32.2700","0.0000","-0.5900","150.0000","32.2700","0.9000","-0.0200","147.0000","33.6400","3.0000","-1.2900","202.0000","8.6400","0.9000","-0.0300","150.0000","32.2700","51.7000","-0.9400","198.0000","10.4500","17.2300","-0.7100","177.0000","20.0000","0.1000","-1.8200","204.0000","7.7300","0.1000","-1.5700","205.0000","7.2700","12583.5000","-1.1900","208.0000","5.9100","125835.0000","-1.5500","206.0000","6.8200","0.1000","-0.8500","204.0000","7.7300","0.1000","-1.4400","203.0000","8.1800","-1.0000","191.0000","13.6400","-1.0000","-0.9600","-0.9100","-1.2000","-0.9100","-1.3700","0.2509","-0.6300","-0.7100","-0.8100","-0.8900","-0.9900","-0.9200","-0.9700","9.0900","32.2700","19.0900","8.6400","18.6400","6.8200","100.0000","8.6400","32.2700","9.5500","6.3600","8.1800","9.0900","16.8200","220","4/1/2025 16:37","0","0","0.0000","0.0000","0.0000","167.0000","167.0000","167.0000","167.0000","167.0000","-0.8100","-0.9443","-0.4800","-0.6400","-1.0400","24.5500","24.5500","24.5500","24.5500","24.5500","7","0","11.3600","196.0000","-0.9400","0.0000","11.3600","196.0000","-1.0500","0","11.3600","196.0000","-1.1000","3","30.4500","154.0000","-0.5100","0.3000","38.6400","136.0000","-0.5100","2","35.9100","142.0000","-0.6100","0.0000","11.3600","196.0000","-1.4700","0.2000","48.1800","115.0000","-0.1200","0.0000","87.7300","28.0000","-0.2600","0","87.7300","28.0000","-0.2700","0.0000","87.7300","28.0000","-0.2300","0","87.7300","28.0000","-0.2900","8","10","0"
"AAD2023.06.02752","343","3141","23","University of Utah, The","Biochemistry, Department of","Biochemistry","23","70.0000","256","72.0000","23","59.0000","11.1300","86.0000","15421","39.0000","23","59.0000","1.0000","1.0000","22","35.0000","43","51.0000","48203788.0000","44.0000","53","33.0000","18","36.0000","4","32.0000","1","80.0000","16","16","5","19","19","0.0400","-0.2900","121.0000","45.4500","0.1700","0.4400","33.0000","85.4500","1.0000","0.6600","1.0000","100.0000","11.1300","0.2400","79.0000","64.5500","1.0000","0.6100","1.0000","100.0000","670.4800","1.1000","28.0000","87.7300","60.2400","1.5900","14.0000","94.0900","0.9600","1.6200","4.0000","98.6400","1.8700","0.8700","42.0000","81.3600","2095816.8700","1.1400","30.0000","86.8200","1121018.3300","0.9300","43.0000","80.9100","2.3000","1.0300","27.0000","88.1800","0.7800","1.3700","22.0000","90.4500","0.5000","26.0000","88.6400","0.7500","-0.2700","0.2700","0.9200","0.2800","0.1100","0.2509","0.5300","0.5800","0.7100","0.6800","0.4300","0.0700","0.1600","84.0900","64.0900","73.6400","84.5500","73.6400","61.3600","100.0000","85.4500","85.9100","82.7300","80.4500","77.2700","67.7300","68.6400","220","4/1/2025 16:37","1","1","1.0000","0.0400","0.0400","108.0000","100.0000","121.0000","161.0000","159.0000","-0.4500","-0.2790","-0.3900","-0.5000","-0.5400","51.3600","55.0000","45.4500","27.2700","28.1800","7","1","29.0900","157.0000","-0.7500","0.0400","13.6400","191.0000","-0.8500","1","32.2700","150.0000","-0.8000","19","73.1800","60.0000","-0.0200","0.8300","72.2700","62.0000","0.1300","5","66.3600","75.0000","-0.0500","0.0400","14.0900","190.0000","-1.0800","0.2200","51.8200","107.0000","0.0000","0.0000","87.7300","28.0000","-0.2600","0","87.7300","28.0000","-0.2700","0.0000","87.7300","28.0000","-0.2300","0","87.7300","28.0000","-0.2900","8","10","0"
"AAD2023.06.02752","346","3246","23","University of Washington","Biochemistry, Department of","Biochemistry","24","65.0000","471","30.0000","24","56.0000","19.6300","14.0000","47341","2.0000","24","56.0000","1.0000","1.0000","23","30.0000","58","30.0000","70258974.0000","22.0000","71","23.0000","17","40.0000","2","68.0000","2","44.0000","16","16","5","19","19","0.0800","0.3400","68.0000","69.5500","0.0800","-0.0900","94.0000","57.7300","1.0000","0.6600","1.0000","100.0000","19.6300","1.8400","11.0000","95.4500","1.0000","0.6100","1.0000","100.0000","1972.5400","5.4100","1.0000","100.0000","100.5100","3.7400","4.0000","98.6400","0.9600","1.6300","3.0000","99.0900","2.4200","1.6300","15.0000","93.6400","2927457.2500","2.0800","9.0000","96.3600","1211361.6200","1.1500","28.0000","87.7300","2.9600","1.5900","13.0000","94.5500","0.7100","1.0600","39.0000","82.7300","0.7000","13.0000","94.5500","0.6500","0.4300","0.3600","1.0300","0.3600","1.7300","0.2509","0.9300","-0.0600","3.9700","1.4000","0.9400","1.0200","0.2400","82.2700","80.4500","75.0000","86.8200","75.0000","94.0900","100.0000","90.0000","69.5500","99.5500","90.4500","86.8200","86.8200","70.9100","220","4/1/2025 16:37","6","3","2.0000","0.2500","0.1300","48.0000","41.0000","45.0000","48.0000","56.0000","0.2700","0.3863","0.1000","0.2000","0.3800","78.6400","81.8200","80.0000","78.6400","75.0000","7","5","71.3600","64.0000","-0.0100","0.2100","55.4500","99.0000","-0.0600","3","56.3600","97.0000","-0.2000","66","93.1800","16.0000","1.4200","2.7500","95.9100","10.0000","2.4400","5","66.3600","75.0000","-0.0500","0.1300","41.8200","129.0000","-0.3400","0.2100","50.4500","110.0000","-0.0600","0.0000","87.7300","28.0000","-0.2600","0","87.7300","28.0000","-0.2700","0.0000","87.7300","28.0000","-0.2300","0","87.7300","28.0000","-0.2900","8","10","0"
"AAD2023.06.02752","348","3318","23","University of Wisconsin - Milwaukee","Chemistry and Biochemistry, Department of","Biochemistry","18","116.0000","127","137.0000","16","124.0000","7.9400","143.0000","1763","164.0000","17","115.0000","1.0000","1.0000","8","136.0000","13","153.0000","3812194.0000","178.0000","9","133.0000","4","160.0000","1","98.0000","1","80.0000","16","16","5","19","19","0.0600","-0.1000","102.0000","54.0900","0.0600","-0.2600","119.0000","46.3600","0.8900","-0.1000","159.0000","28.1800","7.0600","-0.5300","146.0000","34.0900","0.9400","0.2500","121.0000","45.4500","97.9400","-0.7900","177.0000","20.0000","13.8800","-0.8900","194.0000","12.2700","0.4400","-0.4400","156.0000","29.5500","0.7200","-0.7100","165.0000","25.4500","211788.5600","-0.9700","185.0000","16.3600","293245.6900","-1.1300","188.0000","15.0000","0.5000","-0.5100","144.0000","35.0000","0.2200","-0.9300","174.0000","21.3600","-0.6000","166.0000","25.0000","-0.6900","-0.2700","-0.2300","-0.4900","-0.3100","-0.5000","0.2509","-0.4500","-0.3900","-0.6800","-0.7700","-0.5800","-0.5000","-0.2800","27.7300","64.0900","48.1800","38.6400","44.0900","35.4500","100.0000","40.0000","55.9100","25.9100","19.5500","30.9100","38.1800","47.7300","220","4/1/2025 16:37","4","2","2.0000","0.2200","0.1100","69.0000","41.0000","66.0000","57.0000","66.0000","-0.0900","0.3863","-0.1000","0.1100","0.2200","69.0900","81.8200","70.4500","74.5500","70.4500","7","9","84.0900","36.0000","0.7300","0.5000","94.5500","13.0000","1.3200","4","73.1800","60.0000","0.1000","9","55.0000","100.0000","-0.3200","0.5000","55.4500","99.0000","-0.2600","5","66.3600","75.0000","-0.0500","0.2200","70.9100","65.0000","0.5400","0.2800","71.3600","64.0000","0.3900","0.0000","87.7300","28.0000","-0.2600","0","87.7300","28.0000","-0.2700","0.0000","87.7300","28.0000","-0.2300","0","87.7300","28.0000","-0.2900","8","10","0"
"AAD2023.06.02752","353","3471","23","Virginia Commonwealth University","Biochemistry and Molecular Biology, Department of","Biochemistry","14","153.0000","120","146.0000","13","150.0000","9.2300","124.0000","4128","121.0000","13","150.0000","1.0000","1.0000","10","115.0000","23","108.0000","21661470.0000","93.0000","8","144.0000","4","160.0000","2","68.0000","2","44.0000","16","16","5","19","19","0.1400","1.2700","17.0000","92.7300","0.1400","0.2600","40.0000","82.2700","0.9300","0.1700","127.0000","42.7300","8.5700","-0.2400","122.0000","45.0000","0.9300","0.1500","137.0000","38.1800","294.8600","-0.1400","91.0000","59.0900","34.4000","0.2100","71.0000","68.1800","0.7100","0.6500","63.0000","71.8200","1.6400","0.5600","64.0000","71.3600","1547247.8600","0.5300","59.0000","73.6400","941803.0400","0.4800","79.0000","64.5500","0.5700","-0.4500","136.0000","38.6400","0.2900","-0.6700","162.0000","26.8200","-0.1000","95.0000","57.2700","-0.6900","0.4300","-0.5700","-0.2900","-0.5700","-0.2500","0.2509","-0.4700","-0.0600","-0.4400","-0.1900","-0.2500","-0.5300","-0.6200","27.7300","80.4500","32.2700","48.1800","32.2700","44.0900","100.0000","35.0000","69.5500","45.4500","58.1800","51.3600","34.0900","30.9100","220","4/1/2025 16:37","1","1","1.0000","0.0700","0.0700","108.0000","100.0000","121.0000","129.0000","117.0000","-0.4500","-0.2790","-0.3900","-0.4000","-0.2300","51.3600","55.0000","45.4500","41.8200","47.2700","7","6","73.6400","59.0000","0.1700","0.4300","90.4500","22.0000","0.9800","4","73.1800","60.0000","0.1000","10","58.6400","92.0000","-0.2900","0.7100","66.3600","75.0000","-0.0100","2","35.9100","142.0000","-0.6100","0.2900","86.3600","31.0000","1.1100","0.1400","37.7300","138.0000","-0.4900","0.0000","87.7300","28.0000","-0.2600","0","87.7300","28.0000","-0.2700","0.0000","87.7300","28.0000","-0.2300","0","87.7300","28.0000","-0.2900","8","10","0"
"AAD2023.06.02752","355","3499","23","Wake Forest University","Biochemistry, Department of","Biochemistry","22","81.0000","305","59.0000","22","67.0000","13.8600","57.0000","18677","27.0000","22","68.0000","1.0000","1.0000","13","92.0000","20","119.0000","21720963.0000","92.0000","4","177.0000","4","160.0000","0","150.0000","0","150.0000","16","16","5","19","19","0.0000","-0.9800","150.0000","32.2700","0.0000","-0.5900","150.0000","32.2700","1.0000","0.6600","1.0000","100.0000","13.8600","0.7500","52.0000","76.8200","1.0000","0.6100","1.0000","100.0000","848.9500","1.6900","16.0000","93.1800","61.2400","1.6400","12.0000","95.0000","0.5900","0.1500","114.0000","48.6400","0.9100","-0.4500","144.0000","35.0000","987316.5000","-0.1000","106.0000","52.2700","1086048.1500","0.8400","52.0000","76.8200","0.1800","-0.7800","193.0000","12.7300","0.1800","-1.1000","184.0000","16.8200","0.1000","65.0000","70.9100","-0.6900","-0.9600","0.1900","0.0100","0.2000","0.6300","0.2509","-0.5600","-0.7100","1.0400","-0.1800","-0.3500","0.2900","0.0700","27.7300","32.2700","69.5500","58.6400","70.0000","74.5500","100.0000","20.0000","32.2700","88.1800","58.6400","46.3600","73.6400","63.6400","220","4/1/2025 16:37","11","3","3.6700","0.5000","0.1400","48.0000","14.0000","25.0000","20.0000","47.0000","0.2700","1.4973","0.5800","1.0400","0.5100","78.6400","94.0900","89.0900","91.3600","79.0900","7","2","38.6400","136.0000","-0.5700","0.0900","25.9100","164.0000","-0.6200","3","56.3600","97.0000","-0.2000","8","50.4500","110.0000","-0.3600","0.3600","44.0900","124.0000","-0.4300","8","81.3600","42.0000","0.5100","0.1400","44.5500","123.0000","-0.2400","0.3600","82.7300","39.0000","0.9600","0.1400","98.6400","4.0000","3.1000","4","98.6400","4.0000","3.1800","0.1800","98.1800","5.0000","2.1800","3","99.5500","2.0000","4.1400","8","10","0"
"AAD2023.06.02752","359","3544","23","Wayne State University","Biochemistry, Microbiology and Immunology, Department of","Biochemistry","17","131.0000","105","158.0000","14","140.0000","7.5000","149.0000","4639","110.0000","14","143.0000","1.0000","1.0000","4","182.0000","6","183.0000","6138854.0000","160.0000","7","148.0000","5","143.0000","1","98.0000","1","80.0000","16","16","5","19","19","0.0600","-0.0500","98.0000","55.9100","0.0600","-0.2400","118.0000","46.8200","0.8200","-0.5400","181.0000","18.1800","6.1800","-0.7000","168.0000","24.0900","0.8200","-0.5300","185.0000","16.3600","272.8800","-0.2100","100.0000","55.0000","44.1800","0.7300","34.0000","85.0000","0.2400","-1.2800","192.0000","13.1800","0.3500","-1.2200","192.0000","13.1800","361109.0600","-0.8000","166.0000","25.0000","1023142.3300","0.6800","62.0000","72.2700","0.4100","-0.5900","163.0000","26.3600","0.2900","-0.6400","161.0000","27.2700","-0.7000","174.0000","21.3600","-0.5800","-0.2700","-0.4900","-0.9000","-0.4800","-0.5800","0.2509","-0.5000","-0.3900","-0.3900","-0.6900","-0.8200","-0.5900","-0.3600","35.4500","64.0900","35.4500","17.7300","36.8200","32.7300","100.0000","33.1800","55.9100","50.4500","27.7300","17.2700","28.6400","40.9100","220","4/1/2025 16:37","1","1","1.0000","0.0600","0.0600","108.0000","100.0000","121.0000","143.0000","137.0000","-0.4500","-0.2790","-0.3900","-0.4400","-0.3700","51.3600","55.0000","45.4500","35.4500","38.1800","7","11","89.0900","25.0000","1.0900","0.6500","98.1800","5.0000","2.0200","4","73.1800","60.0000","0.1000","13","63.1800","82.0000","-0.2000","0.7600","68.6400","70.0000","0.0500","3","45.9100","120.0000","-0.4200","0.2400","76.3600","53.0000","0.6600","0.1800","43.6400","125.0000","-0.2700","0.0000","87.7300","28.0000","-0.2600","0","87.7300","28.0000","-0.2700","0.0000","87.7300","28.0000","-0.2300","0","87.7300","28.0000","-0.2900","8","10","0"
"AAD2023.06.02752","361","3619","23","Wesleyan University","Molecular Biology and Biochemistry, Department of","Biochemistry","12","166.0000","77","171.0000","12","156.0000","6.4200","176.0000","1362","177.0000","12","158.0000","1.0000","1.0000","8","136.0000","10","168.0000","5477100.0000","165.0000","7","148.0000","7","122.0000","0","150.0000","0","150.0000","16","16","5","19","19","0.0000","-0.9800","150.0000","32.2700","0.0000","-0.5900","150.0000","32.2700","1.0000","0.6600","1.0000","100.0000","6.4200","-0.6500","162.0000","26.8200","1.0000","0.6100","1.0000","100.0000","113.5000","-0.7400","168.0000","24.0900","17.6900","-0.6800","170.0000","23.1800","0.6700","0.4600","80.0000","64.0900","0.8300","-0.5600","150.0000","32.2700","456425.0000","-0.6900","156.0000","29.5500","547710.0000","-0.5000","144.0000","35.0000","0.5800","-0.4400","133.0000","40.0000","0.5800","0.5500","62.0000","72.2700","-0.5000","151.0000","31.8200","-0.3800","-0.9600","-0.6600","-0.4900","-0.6500","-0.7900","0.2509","-0.5000","-0.7100","-0.7200","-0.7100","-0.6900","-0.7200","-0.7900","45.0000","32.2700","28.6400","38.6400","29.5500","20.4500","100.0000","33.1800","32.2700","20.0000","25.4500","24.0900","22.7300","25.0000","220","4/1/2025 16:37","0","0","0.0000","0.0000","0.0000","167.0000","167.0000","167.0000","167.0000","167.0000","-0.8100","-0.9443","-0.4800","-0.6400","-1.0400","24.5500","24.5500","24.5500","24.5500","24.5500","7","1","29.0900","157.0000","-0.7500","0.0800","24.0900","168.0000","-0.6600","1","32.2700","150.0000","-0.8000","0","13.6400","191.0000","-0.6000","0.0000","13.6400","191.0000","-0.8700","0","13.6400","191.0000","-0.9800","0.0800","27.2700","161.0000","-0.7200","0.0000","13.6400","191.0000","-1.4300","0.0000","87.7300","28.0000","-0.2600","0","87.7300","28.0000","-0.2700","0.0000","87.7300","28.0000","-0.2300","0","87.7300","28.0000","-0.2900","8","10","0"
"AAD2023.06.02752","362","3620","23","West Virginia University","Biochemistry, Department of","Biochemistry","22","81.0000","127","137.0000","21","79.0000","6.0500","182.0000","2412","147.0000","21","80.0000","1.0000","1.0000","11","105.0000","19","124.0000","20692686.0000","98.0000","5","168.0000","4","160.0000","1","98.0000","1","80.0000","16","16","5","19","19","0.0500","-0.2600","119.0000","46.3600","0.0500","-0.3200","126.0000","43.1800","0.9500","0.3500","104.0000","53.1800","5.7700","-0.7700","174.0000","21.3600","0.9500","0.3200","107.0000","51.8200","109.6400","-0.7500","170.0000","23.1800","18.9900","-0.6200","163.0000","26.3600","0.5000","-0.2100","141.0000","36.3600","0.8600","-0.5200","148.0000","33.1800","940576.6400","-0.1500","108.0000","51.3600","1089088.7400","0.8500","50.0000","77.7300","0.2300","-0.7400","183.0000","17.2700","0.1800","-1.1000","184.0000","16.8200","-0.5000","151.0000","31.8200","-0.6900","-0.2700","0.1000","-0.1900","0.1100","-0.8600","0.2509","-0.5400","-0.3900","-0.6200","-0.2200","-0.3800","-0.5000","0.0700","27.7300","64.0900","64.0900","52.7300","64.5500","17.7300","100.0000","24.0900","55.9100","33.6400","55.9100","44.0900","38.1800","63.6400","220","4/1/2025 16:37","1","1","1.0000","0.0500","0.0500","108.0000","100.0000","121.0000","157.0000","154.0000","-0.4500","-0.2790","-0.3900","-0.4900","-0.5200","51.3600","55.0000","45.4500","29.0900","30.4500","7","4","61.8200","85.0000","-0.2000","0.1800","51.8200","107.0000","-0.1900","4","73.1800","60.0000","0.1000","6","41.8200","129.0000","-0.4200","0.2700","35.4500","143.0000","-0.5400","5","66.3600","75.0000","-0.0500","0.1800","61.8200","85.0000","0.1700","0.2300","53.1800","104.0000","0.0600","0.0000","87.7300","28.0000","-0.2600","0","87.7300","28.0000","-0.2700","0.0000","87.7300","28.0000","-0.2300","0","87.7300","28.0000","-0.2900","8","10","0"
"AAD2023.06.02752","366","3688","23","Worcester Polytechnic Institute","Chemistry and Biochemistry, Department of","Biochemistry","12","166.0000","84","169.0000","10","169.0000","8.4000","137.0000","1685","169.0000","10","168.0000","1.0000","1.0000","7","150.0000","9","175.0000","6511935.0000","159.0000","19","89.0000","9","95.0000","6","14.0000","2","44.0000","16","16","5","19","19","0.1700","1.6500","15.0000","93.6400","0.5000","2.3700","5.0000","98.1800","0.8300","-0.4700","175.0000","20.9100","7.0000","-0.5400","147.0000","33.6400","0.8300","-0.4700","180.0000","18.6400","140.4200","-0.6500","156.0000","29.5500","20.0600","-0.5600","152.0000","31.3600","0.5800","0.1200","117.0000","47.2700","0.7500","-0.6700","161.0000","27.2700","542661.2500","-0.6000","142.0000","35.9100","723548.3300","-0.0600","117.0000","47.2700","1.5800","0.4100","46.0000","79.5500","0.7500","1.2300","31.0000","86.3600","-0.4000","137.0000","38.1800","-0.1700","0.4300","-0.8300","-0.5900","-0.8200","-0.4100","0.2509","-0.2300","1.2300","-0.6900","-0.6800","-0.7200","-0.6800","-0.7900","57.2700","80.4500","24.0900","32.2700","23.6400","38.1800","100.0000","60.0000","94.0900","23.6400","28.1800","20.9100","23.6400","25.0000","220","4/1/2025 16:37","2","2","1.0000","0.1700","0.1700","69.0000","100.0000","101.0000","72.0000","35.0000","-0.0900","-0.2790","-0.2900","-0.0800","0.8500","69.0900","55.0000","54.5500","67.7300","84.5500","7","2","38.6400","136.0000","-0.5700","0.1700","46.3600","119.0000","-0.2600","1","32.2700","150.0000","-0.8000","9","55.0000","100.0000","-0.3200","0.7500","68.1800","71.0000","0.0400","3","45.9100","120.0000","-0.4200","0.0800","27.2700","161.0000","-0.7200","0.2500","63.1800","82.0000","0.2100","0.0000","87.7300","28.0000","-0.2600","0","87.7300","28.0000","-0.2700","0.0000","87.7300","28.0000","-0.2300","0","87.7300","28.0000","-0.2900","8","10","0"
"AAD2023.06.02752","368","3728","23","Yale University","Molecular Biophysics and Biochemistry, Department of","Biochemistry","23","70.0000","381","39.0000","22","67.0000","17.3200","27.0000","30304","10.0000","22","68.0000","1.0000","1.0000","23","30.0000","64","22.0000","75572942.0000","18.0000","106","13.0000","23","22.0000","5","21.0000","4","9.0000","16","16","5","19","19","0.1700","1.7600","14.0000","94.0900","0.2200","0.7000","21.0000","90.9100","0.9600","0.3600","100.0000","55.0000","16.5700","1.2600","26.0000","88.6400","0.9600","0.3300","104.0000","53.1800","1317.5700","3.2400","2.0000","99.5500","79.5400","2.6200","5.0000","98.1800","1.0000","1.8000","1.0000","100.0000","2.7800","2.1400","5.0000","98.1800","3285780.0900","2.4800","6.0000","97.7300","1180827.2200","1.0800","30.0000","86.8200","4.6100","3.0000","7.0000","97.2700","1.0000","2.2600","1.0000","100.0000","0.8000","8.0000","96.8200","1.2700","1.8100","0.1900","1.0300","0.2000","1.2900","0.2509","1.7100","0.9000","2.2300","1.5700","1.1400","0.6200","0.1600","90.4500","96.3600","69.5500","86.8200","70.0000","88.1800","100.0000","94.5500","90.9100","95.9100","92.2700","90.4500","82.7300","68.6400","220","4/1/2025 16:37","5","3","1.6700","0.2200","0.1300","48.0000","64.0000","51.0000","61.0000","52.0000","0.2700","0.1667","0.0000","0.0900","0.4400","78.6400","71.3600","77.2700","72.7300","76.8200","7","5","71.3600","64.0000","-0.0100","0.2200","57.2700","95.0000","-0.0200","4","73.1800","60.0000","0.1000","17","69.5500","68.0000","-0.0800","0.7400","67.7300","72.0000","0.0200","6","71.8200","63.0000","0.1300","0.1700","56.8200","96.0000","0.1000","0.2600","64.5500","79.0000","0.2800","0.0000","87.7300","28.0000","-0.2600","0","87.7300","28.0000","-0.2700","0.0000","87.7300","28.0000","-0.2300","0","87.7300","28.0000","-0.2900","8","10","0"
"AAD2023.06.02752","44","3853","23","Clemson University","Genetics and Biochemistry, Department of","Biochemistry","26","52.0000","201","97.0000","25","52.0000","8.0400","141.0000","5973","94.0000","23","59.0000","0.9200","199.0000","15","69.0000","25","99.0000","17115190.0000","108.0000","16","101.0000","8","111.0000","1","98.0000","1","80.0000","16","16","5","19","19","0.0400","-0.3700","130.0000","41.3600","0.0400","-0.3600","133.0000","40.0000","0.9600","0.4000","95.0000","57.2700","7.7300","-0.4000","133.0000","40.0000","0.8800","-0.1300","163.0000","26.3600","229.7300","-0.3500","121.0000","45.4500","29.7200","-0.0400","98.0000","55.9100","0.5800","0.1000","120.0000","45.9100","0.9600","-0.3800","137.0000","38.1800","658276.5400","-0.4700","129.0000","41.8200","684607.6000","-0.1600","124.0000","44.0900","0.6200","-0.4100","129.0000","41.8200","0.3100","-0.5800","157.0000","29.0900","-0.3000","123.0000","44.5500","-0.2700","-0.2700","0.2700","0.2200","0.4500","-0.4800","-0.4328","-0.2900","-0.3900","-0.2500","-0.3300","-0.1800","-0.1700","0.4200","50.0000","64.0900","73.6400","69.0900","76.8200","36.3600","10.0000","54.5500","55.9100","57.7300","51.3600","55.4500","56.3600","76.8200","220","4/1/2025 16:37","9","4","2.2500","0.3500","0.1500","33.0000","37.0000","29.0000","32.0000","41.0000","0.6300","0.5526","0.3800","0.5200","0.7100","85.4500","83.6400","87.2700","85.9100","81.8200","7","2","38.6400","136.0000","-0.5700","0.0800","23.1800","170.0000","-0.6900","2","42.7300","127.0000","-0.5000","7","45.9100","120.0000","-0.3900","0.2700","34.0900","146.0000","-0.5400","3","45.9100","120.0000","-0.4200","0.0800","25.0000","166.0000","-0.7800","0.1200","29.0900","157.0000","-0.6700","0.0000","87.7300","28.0000","-0.2600","0","87.7300","28.0000","-0.2700","0.0000","87.7300","28.0000","-0.2300","0","87.7300","28.0000","-0.2900","8","10","0"
"AAD2023.06.02752","48","3885","23","Colorado State University","Biochemistry and Molecular Biology, Department of","Biochemistry","18","116.0000","123","143.0000","17","110.0000","7.2400","159.0000","4592","112.0000","18","100.0000","1.0000","1.0000","18","48.0000","46","49.0000","39776115.0000","54.0000","21","80.0000","10","79.0000","2","68.0000","2","44.0000","16","16","5","19","19","0.1100","0.7700","34.0000","85.0000","0.1100","0.0700","63.0000","71.8200","0.9400","0.2800","113.0000","49.0900","6.8300","-0.5700","150.0000","32.2700","1.0000","0.6100","1.0000","100.0000","255.1100","-0.2700","110.0000","50.4500","37.3300","0.3700","54.0000","75.9100","1.0000","1.8000","1.0000","100.0000","2.5600","1.8200","11.0000","95.4500","2209784.1700","1.2700","24.0000","89.5500","864698.1500","0.2900","93.0000","58.1800","1.1700","0.0600","70.0000","68.6400","0.5600","0.4400","68.0000","69.5500","0.1000","65.0000","70.9100","-0.0700","0.4300","-0.1500","0.5200","-0.2300","-0.6300","0.2509","-0.1800","-0.0600","-0.3900","0.4000","0.5300","-0.5100","-0.2800","64.5500","80.4500","55.0000","78.6400","50.4500","28.1800","100.0000","64.0900","69.5500","49.5500","75.9100","78.1800","35.4500","47.7300","220","4/1/2025 16:37","1","1","1.0000","0.0600","0.0600","108.0000","100.0000","121.0000","146.0000","141.0000","-0.4500","-0.2790","-0.3900","-0.4600","-0.4100","51.3600","55.0000","45.4500","34.0900","36.3600","7","8","81.3600","42.0000","0.5400","0.4400","90.9100","21.0000","1.0600","7","87.7300","28.0000","1.0000","4","34.5500","145.0000","-0.4800","0.2200","30.9100","153.0000","-0.6000","1","25.4500","165.0000","-0.7900","0.3900","96.8200","8.0000","2.0500","0.0600","16.8200","184.0000","-1.0700","0.0000","87.7300","28.0000","-0.2600","0","87.7300","28.0000","-0.2700","0.0000","87.7300","28.0000","-0.2300","0","87.7300","28.0000","-0.2900","8","10","0"
"AAD2023.06.02752","5","4034","23","Albert Einstein College of Medicine of Yeshiva University","Biochemistry, Department of","Biochemistry","30","37.0000","283","64.0000","27","44.0000","10.4800","97.0000","10507","66.0000","28","41.0000","1.0000","1.0000","18","48.0000","35","65.0000","48842368.0000","43.0000","31","54.0000","13","61.0000","4","32.0000","4","9.0000","16","16","5","19","19","0.1300","1.1200","20.0000","91.3600","0.1300","0.2000","45.0000","80.0000","0.9000","-0.0200","147.0000","33.6400","9.4300","-0.0800","103.0000","53.6400","0.9300","0.1800","133.0000","40.0000","350.2300","0.0400","80.0000","64.0900","37.1300","0.3500","55.0000","75.4500","0.6000","0.1900","107.0000","51.8200","1.1700","-0.1000","115.0000","48.1800","1628078.9300","0.6200","58.0000","74.0900","1395496.2300","1.6100","10.0000","95.9100","1.0300","-0.0600","81.0000","63.6400","0.4300","-0.0700","117.0000","47.2700","0.1000","65.0000","70.9100","0.2400","1.8100","0.7000","0.5200","0.6200","-0.0100","0.2509","0.0400","0.5800","0.2100","0.7000","0.1600","0.1900","0.7600","72.7300","96.3600","81.8200","78.6400","80.4500","56.3600","100.0000","75.9100","85.9100","70.4500","80.9100","70.9100","71.3600","83.6400","220","4/1/2025 16:37","6","6","1.0000","0.2000","0.2000","14.0000","100.0000","45.0000","65.0000","19.0000","1.3500","-0.2790","0.1000","0.0300","1.2300","94.0900","55.0000","80.0000","70.9100","91.8200","7","7","77.7300","50.0000","0.3600","0.2300","60.9100","87.0000","0.0500","4","73.1800","60.0000","0.1000","70","93.6400","15.0000","1.5400","2.3300","93.1800","16.0000","1.9400","11","89.0900","25.0000","1.0600","0.1300","43.6400","125.0000","-0.2600","0.3700","83.1800","38.0000","0.9800","0.0300","90.4500","22.0000","0.5600","1","94.0900","14.0000","0.6000","0.0300","90.0000","23.0000","0.2100","1","95.9100","10.0000","1.1900","8","10","0"
"AAD2023.06.02752","61","4045","23","Duquesne University","Chemistry and Biochemistry, Department of","Biochemistry","11","178.0000","96","162.0000","10","169.0000","9.6000","112.0000","1842","160.0000","9","179.0000","0.9000","205.0000","5","172.0000","10","168.0000","2490054.0000","186.0000","4","177.0000","4","160.0000","0","150.0000","0","150.0000","16","16","5","19","19","0.0000","-0.9800","150.0000","32.2700","0.0000","-0.5900","150.0000","32.2700","0.9100","0.0400","142.0000","35.9100","8.7300","-0.2100","117.0000","47.2700","0.8200","-0.5600","186.0000","15.9100","167.4500","-0.5600","146.0000","34.0900","19.1900","-0.6000","160.0000","27.7300","0.4500","-0.4000","153.0000","30.9100","0.9100","-0.4500","144.0000","35.0000","226368.5500","-0.9500","181.0000","18.1800","249005.4000","-1.2500","194.0000","12.2700","0.3600","-0.6300","167.0000","24.5500","0.3600","-0.3500","137.0000","38.1800","-0.5000","151.0000","31.8200","-0.6900","-0.9600","-0.9100","-0.8000","-0.8200","-0.1800","-0.6037","-0.5600","-0.7100","-0.6800","-0.8100","-0.6900","-0.6300","-0.8800","27.7300","32.2700","19.0900","22.2700","23.6400","49.5500","7.2700","20.0000","32.2700","27.7300","15.9100","24.0900","26.8200","19.5500","220","4/1/2025 16:37","0","0","0.0000","0.0000","0.0000","167.0000","167.0000","167.0000","167.0000","167.0000","-0.8100","-0.9443","-0.4800","-0.6400","-1.0400","24.5500","24.5500","24.5500","24.5500","24.5500","7","0","11.3600","196.0000","-0.9400","0.0000","11.3600","196.0000","-1.0500","0","11.3600","196.0000","-1.1000","3","30.4500","154.0000","-0.5100","0.2700","35.4500","143.0000","-0.5400","1","25.4500","165.0000","-0.7900","0.0000","11.3600","196.0000","-1.4700","0.0900","20.9100","175.0000","-0.8400","0.0000","87.7300","28.0000","-0.2600","0","87.7300","28.0000","-0.2700","0.0000","87.7300","28.0000","-0.2300","0","87.7300","28.0000","-0.2900","8","10","0"
"AAD2023.06.02752","70","4083","23","Florida Atlantic University","Chemistry and Biochemistry, Department of","Biochemistry","15","147.0000","109","155.0000","15","134.0000","7.2700","157.0000","1916","158.0000","15","134.0000","1.0000","1.0000","10","115.0000","14","147.0000","5184108.0000","170.0000","9","133.0000","6","130.0000","0","150.0000","0","150.0000","16","16","5","19","19","0.0000","-0.9800","150.0000","32.2700","0.0000","-0.5900","150.0000","32.2700","1.0000","0.6600","1.0000","100.0000","7.2700","-0.4900","142.0000","35.9100","1.0000","0.6100","1.0000","100.0000","127.7300","-0.6900","162.0000","26.8200","17.5800","-0.6900","174.0000","21.3600","0.6700","0.4600","80.0000","64.0900","0.9300","-0.4200","142.0000","35.9100","345607.2000","-0.8200","167.0000","24.5500","370293.4300","-0.9400","178.0000","19.5500","0.6000","-0.4300","130.0000","41.3600","0.4000","-0.2000","129.0000","41.8200","-0.5000","151.0000","31.8200","-0.4800","-0.9600","-0.4000","-0.2900","-0.4000","-0.6200","0.2509","-0.4500","-0.7100","-0.6700","-0.7200","-0.5500","-0.5700","-0.5400","41.3600","32.2700","39.5500","48.1800","39.5500","29.0900","100.0000","40.0000","32.2700","28.6400","23.1800","33.6400","30.0000","33.6400","220","4/1/2025 16:37","2","1","2.0000","0.1300","0.0700","108.0000","41.0000","101.0000","91.0000","126.0000","-0.4500","0.3863","-0.2900","-0.1900","-0.2800","51.3600","81.8200","54.5500","59.0900","43.1800","7","3","48.1800","115.0000","-0.3800","0.2000","55.0000","100.0000","-0.1000","2","42.7300","127.0000","-0.5000","5","39.0900","135.0000","-0.4500","0.3300","41.3600","130.0000","-0.4700","4","55.0000","100.0000","-0.2400","0.1300","43.6400","125.0000","-0.2600","0.2700","65.9100","76.0000","0.3200","0.0000","87.7300","28.0000","-0.2600","0","87.7300","28.0000","-0.2700","0.0000","87.7300","28.0000","-0.2300","0","87.7300","28.0000","-0.2900","8","10","0"
"AAD2023.06.02752","72","4108","23","Florida International University","Chemistry and Biochemistry, Department of","Biochemistry","36","22.0000","562","19.0000","32","26.0000","17.5600","25.0000","9171","73.0000","31","28.0000","0.9700","183.0000","15","69.0000","34","70.0000","14722948.0000","116.0000","23","69.0000","14","54.0000","4","32.0000","4","9.0000","16","16","5","19","19","0.1100","0.7700","34.0000","85.0000","0.1100","0.0700","63.0000","71.8200","0.8900","-0.1000","159.0000","28.1800","15.6100","1.0800","33.0000","85.4500","0.8600","-0.2900","172.0000","22.2700","254.7500","-0.2700","111.0000","50.0000","16.3200","-0.7600","182.0000","17.7300","0.4200","-0.5500","160.0000","27.7300","0.9400","-0.4000","140.0000","36.8200","408970.7800","-0.7500","161.0000","27.2700","433027.8800","-0.7900","166.0000","25.0000","0.6400","-0.3900","125.0000","43.6400","0.3900","-0.2500","134.0000","39.5500","-0.1000","95.0000","57.2700","0.3400","1.8100","0.9500","0.2200","1.0400","1.3400","-0.0162","-0.1400","0.5800","0.0700","-0.4100","0.1200","1.4200","1.2800","75.9100","96.3600","87.7300","69.0900","88.6400","89.0900","17.2700","69.0900","85.9100","67.2700","47.7300","68.6400","91.8200","90.4500","220","4/1/2025 16:37","22","4","5.5000","0.6100","0.1100","33.0000","7.0000","10.0000","16.0000","66.0000","0.6300","2.7148","1.6400","1.4200","0.2200","85.4500","97.2700","95.9100","93.1800","70.4500","7","17","95.9100","10.0000","2.2000","0.4700","92.2700","18.0000","1.1900","7","87.7300","28.0000","1.0000","90","96.3600","9.0000","2.1600","2.5000","95.0000","12.0000","2.1400","18","97.2700","7.0000","2.3600","0.1900","65.0000","78.0000","0.2900","0.5000","96.3600","9.0000","1.8600","0.0000","87.7300","28.0000","-0.2600","0","87.7300","28.0000","-0.2700","0.0000","87.7300","28.0000","-0.2300","0","87.7300","28.0000","-0.2900","8","10","0"
"AAD2023.06.02752","73","4142","23","Florida State University","Chemistry and Biochemistry, Department of","Biochemistry","30","37.0000","568","18.0000","30","33.0000","18.9300","17.0000","18953","26.0000","30","33.0000","1.0000","1.0000","24","27.0000","66","19.0000","30694467.0000","68.0000","77","20.0000","25","15.0000","1","98.0000","1","80.0000","16","16","5","19","19","0.0300","-0.4500","138.0000","37.7300","0.0300","-0.3900","141.0000","36.3600","1.0000","0.6600","1.0000","100.0000","18.9300","1.7100","14.0000","94.0900","1.0000","0.6100","1.0000","100.0000","631.7700","0.9800","32.0000","85.9100","33.3700","0.1500","75.0000","66.3600","0.8000","0.9900","34.0000","85.0000","2.2000","1.3300","22.0000","90.4500","1023148.9000","-0.0600","102.0000","54.0900","465067.6800","-0.7100","162.0000","26.8200","2.5700","1.2500","18.0000","92.2700","0.8300","1.5800","15.0000","93.6400","0.7000","13.0000","94.5500","1.4800","-0.2700","0.8600","1.1300","0.8700","1.6000","0.2509","1.0600","-0.3900","1.0700","0.1100","1.2100","1.4500","0.7600","93.6400","64.0900","85.4500","88.1800","85.4500","92.7300","100.0000","91.3600","55.9100","88.6400","69.5500","91.8200","92.2700","83.6400","220","4/1/2025 16:37","13","5","2.6000","0.4300","0.1700","19.0000","27.0000","18.0000","26.0000","35.0000","0.9900","0.7855","0.7700","0.8200","0.8500","91.8200","88.1800","92.2700","88.6400","84.5500","7","7","77.7300","50.0000","0.3600","0.2300","60.9100","87.0000","0.0500","6","83.1800","38.0000","0.7000","110","98.1800","5.0000","2.7700","3.6700","98.6400","4.0000","3.5500","18","97.2700","7.0000","2.3600","0.2000","67.7300","72.0000","0.3400","0.6000","99.0900","3.0000","2.5200","0.0000","87.7300","28.0000","-0.2600","0","87.7300","28.0000","-0.2700","0.0000","87.7300","28.0000","-0.2300","0","87.7300","28.0000","-0.2900","8","10","0"
"AAD2023.06.02752","79","4205","23","George Mason University","Chemistry and Biochemistry, Department of","Biochemistry","23","70.0000","124","141.0000","17","110.0000","7.2900","156.0000","3534","130.0000","16","126.0000","0.9400","193.0000","7","150.0000","11","164.0000","6672850.0000","157.0000","3","183.0000","3","175.0000","1","98.0000","1","80.0000","16","16","5","19","19","0.0400","-0.2900","121.0000","45.4500","0.0400","-0.3300","128.0000","42.2700","0.7400","-1.1100","200.0000","9.5500","5.3900","-0.8400","180.0000","18.6400","0.7000","-1.3500","205.0000","7.2700","153.6500","-0.6100","150.0000","32.2700","28.5000","-0.1100","102.0000","54.0900","0.3000","-1.0000","183.0000","17.2700","0.4800","-1.0500","185.0000","16.3600","290123.9100","-0.8800","174.0000","21.3600","606622.7300","-0.3500","133.0000","40.0000","0.1300","-0.8300","202.0000","8.6400","0.1300","-1.3100","197.0000","10.9100","-0.9000","186.0000","15.9100","-0.7900","-0.2700","-0.3200","-0.5900","-0.2300","-0.6200","-0.2518","-0.5800","-0.3900","-0.5000","-0.6700","-0.6500","-0.5100","0.1600","20.9100","64.0900","43.1800","32.2700","50.4500","29.5500","12.7300","17.2700","55.9100","41.3600","29.0900","25.9100","36.3600","68.6400","220","4/1/2025 16:37","2","1","2.0000","0.0900","0.0400","108.0000","41.0000","101.0000","120.0000","159.0000","-0.4500","0.3863","-0.2900","-0.3500","-0.5400","51.3600","81.8200","54.5500","45.9100","28.1800","7","4","61.8200","85.0000","-0.2000","0.1700","48.1800","115.0000","-0.2300","3","56.3600","97.0000","-0.2000","23","77.7300","50.0000","0.1000","1.0000","79.5500","46.0000","0.3400","4","55.0000","100.0000","-0.2400","0.1300","42.7300","127.0000","-0.2900","0.1700","42.7300","127.0000","-0.2900","0.0000","87.7300","28.0000","-0.2600","0","87.7300","28.0000","-0.2700","0.0000","87.7300","28.0000","-0.2300","0","87.7300","28.0000","-0.2900","8","10","0"
"AAD2023.06.02752","97","4308","23","Indiana University - Indianapolis","Biochemistry and Molecular Biology, Department of","Biochemistry","24","65.0000","296","61.0000","23","59.0000","12.8700","66.0000","12660","52.0000","23","59.0000","1.0000","1.0000","18","48.0000","35","65.0000","40678537.0000","52.0000","18","93.0000","12","66.0000","2","68.0000","1","80.0000","16","16","5","19","19","0.0400","-0.3200","126.0000","43.1800","0.0800","-0.0900","94.0000","57.7300","0.9600","0.3700","99.0000","55.4500","12.3300","0.4700","65.0000","70.9100","0.9600","0.3400","103.0000","53.6400","527.5000","0.6300","45.0000","80.0000","42.7700","0.6600","42.0000","81.3600","0.7500","0.7900","48.0000","78.6400","1.4600","0.3100","87.0000","60.9100","1694939.0400","0.6900","53.0000","76.3600","1162243.9100","1.0300","34.0000","85.0000","0.7500","-0.3000","107.0000","51.8200","0.5000","0.2100","82.0000","63.1800","0.0000","84.0000","62.2700","0.1400","-0.2700","0.2700","0.5200","0.2800","0.4400","0.2509","-0.2500","-0.0600","0.4300","0.4300","0.1600","0.2500","0.2400","70.4500","64.0900","73.6400","78.6400","73.6400","70.4500","100.0000","58.1800","69.5500","76.8200","76.8200","70.9100","72.7300","70.9100","220","4/1/2025 16:37","4","2","2.0000","0.1700","0.0800","69.0000","41.0000","66.0000","72.0000","100.0000","-0.0900","0.3863","-0.1000","-0.0800","-0.0900","69.0900","81.8200","70.4500","67.7300","55.0000","7","3","48.1800","115.0000","-0.3800","0.1300","37.2700","139.0000","-0.4600","2","42.7300","127.0000","-0.5000","34","84.5500","35.0000","0.4400","1.4200","85.9100","32.0000","0.8400","5","66.3600","75.0000","-0.0500","0.0800","27.2700","161.0000","-0.7200","0.2100","50.4500","110.0000","-0.0600","0.0000","87.7300","28.0000","-0.2600","0","87.7300","28.0000","-0.2700","0.0000","87.7300","28.0000","-0.2300","0","87.7300","28.0000","-0.2900","8","10","0"
"AAD2023.06.02752","114","4374","23","Loyola University Chicago","Chemistry and Biochemistry, Department of","Biochemistry","17","131.0000","147","125.0000","17","110.0000","8.6500","135.0000","3045","139.0000","17","115.0000","1.0000","1.0000","11","105.0000","20","119.0000","4537193.0000","174.0000","4","177.0000","3","175.0000","3","47.0000","3","22.0000","16","16","5","19","19","0.1800","1.8000","13.0000","94.5500","0.1800","0.4600","30.0000","86.8200","1.0000","0.6600","1.0000","100.0000","8.6500","-0.2300","119.0000","46.3600","1.0000","0.6100","1.0000","100.0000","179.1200","-0.5200","140.0000","36.8200","20.7100","-0.5200","148.0000","33.1800","0.6500","0.3800","87.0000","60.9100","1.1800","-0.0800","113.0000","49.0900","266893.7100","-0.9100","175.0000","20.9100","226859.6500","-1.3000","198.0000","10.4500","0.2400","-0.7400","182.0000","17.7300","0.1800","-1.1200","187.0000","15.4500","-0.4000","137.0000","38.1800","-0.7900","1.1200","-0.2300","-0.1900","-0.2300","-0.3600","0.2509","-0.5600","0.2600","-0.5500","-0.7400","-0.3500","-0.4100","-0.3600","20.9100","90.4500","48.1800","52.7300","50.4500","39.0900","100.0000","20.0000","79.0900","37.2700","21.3600","46.3600","43.6400","40.9100","220","4/1/2025 16:37","0","0","0.0000","0.0000","0.0000","167.0000","167.0000","167.0000","167.0000","167.0000","-0.8100","-0.9443","-0.4800","-0.6400","-1.0400","24.5500","24.5500","24.5500","24.5500","24.5500","7","4","61.8200","85.0000","-0.2000","0.2400","62.7300","83.0000","0.0600","3","56.3600","97.0000","-0.2000","7","45.9100","120.0000","-0.3900","0.4100","47.2700","117.0000","-0.3700","3","45.9100","120.0000","-0.4200","0.1800","58.6400","92.0000","0.1300","0.1800","43.6400","125.0000","-0.2700","0.0000","87.7300","28.0000","-0.2600","0","87.7300","28.0000","-0.2700","0.0000","87.7300","28.0000","-0.2300","0","87.7300","28.0000","-0.2900","8","10","0"
"AAD2023.06.02752","127","4398","23","Medical College of Wisconsin","Biochemistry Department","Biochemistry","18","116.0000","199","99.0000","17","110.0000","11.7100","76.0000","5761","98.0000","17","115.0000","1.0000","1.0000","14","78.0000","34","70.0000","34608686.0000","63.0000","13","114.0000","10","79.0000","0","150.0000","0","150.0000","16","16","5","19","19","0.0000","-0.9800","150.0000","32.2700","0.0000","-0.5900","150.0000","32.2700","0.9400","0.2800","113.0000","49.0900","11.0600","0.2300","80.0000","64.0900","0.9400","0.2500","121.0000","45.4500","320.0600","-0.0600","86.0000","61.3600","28.9500","-0.0800","100.0000","55.0000","0.7800","0.9000","40.0000","82.2700","1.8900","0.9000","39.0000","82.7300","1922704.7800","0.9500","39.0000","82.7300","1017902.5300","0.6700","65.0000","70.9100","0.7200","-0.3200","113.0000","49.0900","0.5600","0.4400","68.0000","69.5500","0.2000","54.0000","75.9100","-0.0700","-0.9600","-0.2300","0.1200","-0.2300","0.2200","0.2509","-0.3600","-0.7100","-0.2700","0.2400","0.1200","-0.1800","-0.2800","64.5500","32.2700","48.1800","65.0000","50.4500","65.9100","100.0000","48.6400","32.2700","55.9100","71.8200","68.6400","55.4500","47.7300","220","4/1/2025 16:37","6","4","1.5000","0.3300","0.2200","33.0000","70.0000","45.0000","33.0000","13.0000","0.6300","0.0536","0.1000","0.4800","1.4800","85.4500","68.6400","80.0000","85.4500","94.5500","7","10","86.8200","30.0000","0.9100","0.5600","95.0000","12.0000","1.5800","7","87.7300","28.0000","1.0000","12","61.8200","85.0000","-0.2300","0.6700","64.0900","80.0000","-0.0600","5","66.3600","75.0000","-0.0500","0.3900","96.8200","8.0000","2.0500","0.2800","71.3600","64.0000","0.3900","0.0000","87.7300","28.0000","-0.2600","0","87.7300","28.0000","-0.2700","0.0000","87.7300","28.0000","-0.2300","0","87.7300","28.0000","-0.2900","8","10","0"
"AAD2023.06.02752","136","4439","23","Mississippi State University","Biochemistry, Molecular Biology, Entomology and Plant Pathology, Department of","Biochemistry","33","27.0000","358","44.0000","33","25.0000","10.8500","91.0000","6128","93.0000","33","25.0000","1.0000","1.0000","5","172.0000","11","164.0000","3078699.0000","184.0000","6","156.0000","4","160.0000","1","98.0000","1","80.0000","16","16","5","19","19","0.0300","-0.5000","144.0000","35.0000","0.0300","-0.4100","145.0000","34.5500","1.0000","0.6600","1.0000","100.0000","10.8500","0.1900","83.0000","62.7300","1.0000","0.6100","1.0000","100.0000","185.7000","-0.5000","137.0000","38.1800","17.1200","-0.7200","178.0000","19.5500","0.1500","-1.6200","202.0000","8.6400","0.3300","-1.2500","193.0000","12.7300","93293.9100","-1.1000","195.0000","11.8200","279881.7300","-1.1700","191.0000","13.6400","0.1800","-0.7800","193.0000","12.7300","0.1200","-1.3500","199.0000","10.0000","-0.3000","123.0000","44.5500","-0.6900","-0.2700","1.1200","-0.8000","1.1300","0.0600","0.2509","-0.5200","-0.3900","-0.2400","-0.7900","-0.6500","0.5200","1.0200","27.7300","64.0900","89.0900","22.2700","89.0900","59.0900","100.0000","29.5500","55.9100","58.1800","16.8200","25.9100","80.4500","88.1800","220","4/1/2025 16:37","1","2","0.5000","0.0300","0.0600","69.0000","163.0000","121.0000","166.0000","136.0000","-0.0900","-0.6116","-0.3900","-0.5400","-0.3500","69.0900","26.3600","45.4500","25.0000","38.6400","7","4","61.8200","85.0000","-0.2000","0.1200","35.9100","142.0000","-0.4800","4","73.1800","60.0000","0.1000","4","34.5500","145.0000","-0.4800","0.1200","21.3600","174.0000","-0.7200","2","35.9100","142.0000","-0.6100","0.1200","40.4500","132.0000","-0.3700","0.0600","17.7300","182.0000","-1.0300","0.0000","87.7300","28.0000","-0.2600","0","87.7300","28.0000","-0.2700","0.0000","87.7300","28.0000","-0.2300","0","87.7300","28.0000","-0.2900","8","10","0"
"AAD2023.06.02752","143","4484","23","New Mexico State University","Chemistry and Biochemistry, Department of","Biochemistry","19","105.0000","95","164.0000","15","134.0000","6.3300","178.0000","1323","178.0000","15","134.0000","1.0000","1.0000","10","115.0000","13","153.0000","8941531.0000","141.0000","9","133.0000","6","130.0000","0","150.0000","0","150.0000","16","16","5","19","19","0.0000","-0.9800","150.0000","32.2700","0.0000","-0.5900","150.0000","32.2700","0.7900","-0.7700","193.0000","12.7300","5.0000","-0.9200","183.0000","17.2700","0.7900","-0.7500","193.0000","12.7300","69.6300","-0.8800","192.0000","13.1800","13.9300","-0.8900","192.0000","13.1800","0.5300","-0.1100","135.0000","39.0900","0.6800","-0.7600","168.0000","24.0900","470606.8900","-0.6800","152.0000","31.3600","687810.0800","-0.1500","123.0000","44.5500","0.4700","-0.5300","152.0000","31.3600","0.3200","-0.5500","153.0000","30.9100","-0.8000","180.0000","18.6400","-0.4800","-0.9600","-0.4000","-0.2900","-0.4000","-0.8000","0.2509","-0.4500","-0.7100","-0.7300","-0.6000","-0.5800","-0.6400","-0.1900","41.3600","32.2700","39.5500","48.1800","39.5500","19.5500","100.0000","40.0000","32.2700","19.5500","36.3600","30.9100","25.9100","52.7300","220","4/1/2025 16:37","3","1","3.0000","0.1600","0.0500","108.0000","18.0000","81.0000","78.0000","146.0000","-0.4500","1.0516","-0.1900","-0.1100","-0.4400","51.3600","92.2700","63.6400","65.0000","34.0900","7","1","29.0900","157.0000","-0.7500","0.0500","17.2700","183.0000","-0.8000","1","32.2700","150.0000","-0.8000","7","45.9100","120.0000","-0.3900","0.3700","44.5500","123.0000","-0.4200","5","66.3600","75.0000","-0.0500","0.0500","18.6400","180.0000","-1.0000","0.2600","65.4500","77.0000","0.3000","0.0000","87.7300","28.0000","-0.2600","0","87.7300","28.0000","-0.2700","0.0000","87.7300","28.0000","-0.2300","0","87.7300","28.0000","-0.2900","8","10","0"
"AAD2023.06.02752","149","4508","23","North Dakota State University","Chemistry and Biochemistry, Department of","Biochemistry","18","116.0000","142","127.0000","14","140.0000","10.1400","103.0000","4336","116.0000","15","134.0000","1.0000","1.0000","13","92.0000","25","99.0000","10500913.0000","131.0000","23","69.0000","13","61.0000","2","68.0000","1","80.0000","16","16","5","19","19","0.0600","-0.1000","102.0000","54.0900","0.1100","0.0700","63.0000","71.8200","0.7800","-0.8500","194.0000","12.2700","7.8900","-0.3700","131.0000","40.9100","0.8300","-0.4700","180.0000","18.6400","240.8900","-0.3200","114.0000","48.6400","30.5400","0.0000","91.0000","59.0900","0.7200","0.6800","60.0000","73.1800","1.3900","0.2100","94.0000","57.7300","583384.0600","-0.5500","139.0000","37.2700","420036.5200","-0.8200","168.0000","24.0900","1.2800","0.1500","63.0000","71.8200","0.7200","1.1200","36.0000","84.0900","-0.4000","137.0000","38.1800","0.2400","-0.2700","-0.4000","0.0100","-0.4800","-0.0800","0.2509","-0.1400","-0.0600","-0.4200","-0.5500","-0.1800","-0.4300","-0.2800","72.7300","64.0900","39.5500","58.6400","36.8200","53.6400","100.0000","69.0900","69.5500","47.7300","40.9100","55.4500","42.7300","47.7300","220","4/1/2025 16:37","4","3","1.3300","0.2200","0.1700","48.0000","89.0000","66.0000","57.0000","35.0000","0.2700","-0.0595","-0.1000","0.1100","0.8500","78.6400","60.0000","70.4500","74.5500","84.5500","7","5","71.3600","64.0000","-0.0100","0.2800","69.5500","68.0000","0.2700","6","83.1800","38.0000","0.7000","8","50.4500","110.0000","-0.3600","0.4400","50.0000","111.0000","-0.3300","3","45.9100","120.0000","-0.4200","0.3300","93.6400","15.0000","1.5500","0.1700","41.8200","129.0000","-0.3400","0.0000","87.7300","28.0000","-0.2600","0","87.7300","28.0000","-0.2700","0.0000","87.7300","28.0000","-0.2300","0","87.7300","28.0000","-0.2900","8","10","0"
"AAD2023.06.02752","253","4654","23","University of California, Irvine","Molecular Biology and Biochemistry, Department of","Biochemistry","28","44.0000","340","47.0000","28","40.0000","12.1400","71.0000","13785","46.0000","28","41.0000","1.0000","1.0000","22","35.0000","43","51.0000","41216097.0000","50.0000","52","35.0000","19","32.0000","4","32.0000","3","22.0000","16","16","5","19","19","0.1100","0.7100","42.0000","81.3600","0.1400","0.2600","40.0000","82.2700","1.0000","0.6600","1.0000","100.0000","12.1400","0.4300","68.0000","69.5500","1.0000","0.6100","1.0000","100.0000","492.3200","0.5100","50.0000","77.7300","40.5400","0.5400","45.0000","80.0000","0.7900","0.9400","38.0000","83.1800","1.5400","0.4100","75.0000","66.3600","1472003.4600","0.4400","63.0000","71.8200","958513.8800","0.5200","74.0000","66.8200","1.8600","0.6500","37.0000","83.6400","0.6800","0.9400","45.0000","80.0000","0.5000","26.0000","88.6400","0.8600","1.1200","0.7000","0.9200","0.7000","0.3000","0.2509","0.5100","0.5800","0.5500","0.4500","0.4300","0.4400","0.5900","85.9100","90.4500","81.8200","84.5500","82.2700","68.1800","100.0000","84.5500","85.9100","79.5500","77.7300","77.2700","79.0900","80.4500","220","4/1/2025 16:37","2","2","1.0000","0.0700","0.0700","69.0000","100.0000","101.0000","129.0000","117.0000","-0.0900","-0.2790","-0.2900","-0.4000","-0.2300","69.0900","55.0000","54.5500","41.8200","47.2700","7","9","84.0900","36.0000","0.7300","0.3200","77.7300","50.0000","0.4700","10","93.6400","15.0000","1.9000","17","69.5500","68.0000","-0.0800","0.6100","60.4500","88.0000","-0.1400","7","76.3600","53.0000","0.3200","0.3600","95.0000","12.0000","1.7600","0.2500","63.1800","82.0000","0.2100","0.0000","87.7300","28.0000","-0.2600","0","87.7300","28.0000","-0.2700","0.0000","87.7300","28.0000","-0.2300","0","87.7300","28.0000","-0.2900","8","10","0"
"AAD2023.06.02752","258","4670","23","University of California, Santa Barbara","Chemistry and Biochemistry, Department of","Biochemistry","38","20.0000","827","6.0000","38","17.0000","21.7600","7.0000","31696","8.0000","38","16.0000","1.0000","1.0000","31","11.0000","96","11.0000","64102103.0000","28.0000","178","4.0000","33","8.0000","4","32.0000","3","22.0000","16","16","5","19","19","0.0800","0.2700","78.0000","65.0000","0.1100","0.0400","74.0000","66.8200","1.0000","0.6600","1.0000","100.0000","21.7600","2.2500","6.0000","97.7300","1.0000","0.6100","1.0000","100.0000","834.1100","1.6400","18.0000","92.2700","38.3300","0.4200","50.0000","77.7300","0.8200","1.0600","30.0000","86.8200","2.5300","1.7800","12.0000","95.0000","1686897.4500","0.6900","54.0000","75.9100","667730.2400","-0.2000","127.0000","42.7300","4.6800","3.0600","6.0000","97.7300","0.8700","1.7200","9.0000","96.3600","0.8000","8.0000","96.8200","2.3000","1.1200","1.5400","1.8400","1.5500","2.1400","0.2509","3.3100","0.5800","2.3800","1.2000","2.2200","2.5900","1.4500","96.8200","90.4500","93.1800","95.4500","92.7300","97.2700","100.0000","98.6400","85.9100","96.8200","87.7300","95.4500","97.7300","91.3600","220","4/1/2025 16:37","29","10","2.9000","0.7600","0.2600","7.0000","25.0000","6.0000","9.0000","8.0000","2.7800","0.9850","2.3100","1.9300","1.9400","97.2700","89.0900","97.7300","96.3600","96.8200","7","24","99.5500","2.0000","3.4900","0.6300","97.7300","6.0000","1.9400","11","95.4500","11.0000","2.2000","105","97.7300","6.0000","2.6200","2.7600","96.3600","9.0000","2.4600","16","95.9100","10.0000","1.9900","0.2900","87.2700","29.0000","1.1500","0.4200","88.6400","26.0000","1.3400","0.0000","87.7300","28.0000","-0.2600","0","87.7300","28.0000","-0.2700","0.0000","87.7300","28.0000","-0.2300","0","87.7300","28.0000","-0.2900","8","10","0"
"AAD2023.06.02752","261","4710","23","University of Chicago, The","Biochemistry and Molecular Biology, Department of","Biochemistry","22","81.0000","323","53.0000","22","67.0000","14.6800","49.0000","10740","62.0000","22","68.0000","1.0000","1.0000","19","43.0000","61","26.0000","76307480.0000","16.0000","57","29.0000","19","32.0000","3","47.0000","2","44.0000","16","16","5","19","19","0.0900","0.4600","58.0000","74.0900","0.1400","0.2200","44.0000","80.4500","1.0000","0.6600","1.0000","100.0000","14.6800","0.9100","41.0000","81.8200","1.0000","0.6100","1.0000","100.0000","488.1800","0.5000","51.0000","77.2700","33.2500","0.1500","76.0000","65.9100","0.8600","1.2500","16.0000","93.1800","2.7700","2.1200","6.0000","97.7300","3468521.8200","2.6800","5.0000","98.1800","1250942.3000","1.2500","23.0000","90.0000","2.5900","1.2700","17.0000","92.7300","0.8600","1.7000","10.0000","95.9100","0.7000","13.0000","94.5500","0.8600","0.4300","0.1900","0.6200","0.2000","0.7900","0.2509","0.6200","0.2600","0.2300","1.5900","1.0400","0.3700","0.0700","85.9100","80.4500","69.5500","80.9100","70.0000","78.1800","100.0000","87.2700","79.0900","72.2700","93.1800","88.6400","76.3600","63.6400","220","4/1/2025 16:37","2","1","2.0000","0.0900","0.0500","108.0000","41.0000","101.0000","117.0000","154.0000","-0.4500","0.3863","-0.2900","-0.3400","-0.5200","51.3600","81.8200","54.5500","47.2700","30.4500","7","4","61.8200","85.0000","-0.2000","0.1800","51.8200","107.0000","-0.1900","4","73.1800","60.0000","0.1000","10","58.6400","92.0000","-0.2900","0.4500","51.8200","107.0000","-0.3200","6","71.8200","63.0000","0.1300","0.1800","61.8200","85.0000","0.1700","0.2700","68.1800","71.0000","0.3600","0.0000","87.7300","28.0000","-0.2600","0","87.7300","28.0000","-0.2700","0.0000","87.7300","28.0000","-0.2300","0","87.7300","28.0000","-0.2900","8","10","0"
"AAD2023.06.02752","271","4749","23","University of Denver","Chemistry and Biochemistry, Department of","Biochemistry","13","160.0000","113","152.0000","12","156.0000","9.4200","117.0000","3383","133.0000","13","150.0000","1.0000","1.0000","8","136.0000","20","119.0000","9638152.0000","135.0000","11","126.0000","6","130.0000","2","68.0000","1","80.0000","16","16","5","19","19","0.0800","0.2300","80.0000","64.0900","0.1500","0.3200","39.0000","82.7300","0.9200","0.1400","131.0000","40.9100","8.6900","-0.2200","118.0000","46.8200","1.0000","0.6100","1.0000","100.0000","260.2300","-0.2500","104.0000","53.1800","29.9400","-0.0300","95.0000","57.2700","0.6200","0.2500","99.0000","55.4500","1.5400","0.4200","74.0000","66.8200","741396.3100","-0.3700","122.0000","45.0000","481907.6000","-0.6600","157.0000","29.0900","0.8500","-0.2200","95.0000","57.2700","0.4600","0.0500","102.0000","54.0900","0.0000","84.0000","62.2700","-0.4800","-0.2700","-0.5700","-0.4900","-0.6500","-0.2100","0.2509","-0.4100","-0.0600","-0.5200","-0.5800","-0.3500","-0.5600","-0.7100","41.3600","64.0900","32.2700","38.6400","29.5500","47.2700","100.0000","43.1800","69.5500","40.0000","39.0900","46.3600","31.3600","27.7300","220","4/1/2025 16:37","1","2","0.5000","0.0800","0.1500","69.0000","163.0000","121.0000","125.0000","41.0000","-0.0900","-0.6116","-0.3900","-0.3800","0.7100","69.0900","26.3600","45.4500","43.6400","81.8200","7","5","71.3600","64.0000","-0.0100","0.3800","85.9100","32.0000","0.7700","4","73.1800","60.0000","0.1000","9","55.0000","100.0000","-0.3200","0.6900","65.4500","77.0000","-0.0300","7","76.3600","53.0000","0.3200","0.3100","89.5500","24.0000","1.3100","0.5400","98.1800","5.0000","2.1100","0.0000","87.7300","28.0000","-0.2600","0","87.7300","28.0000","-0.2700","0.0000","87.7300","28.0000","-0.2300","0","87.7300","28.0000","-0.2900","8","10","0"
"AAD2023.06.02752","274","4764","23","University of Georgia","Biochemistry and Molecular Biology, Department of","Biochemistry","36","22.0000","502","26.0000","36","22.0000","13.9400","55.0000","12850","51.0000","36","22.0000","1.0000","1.0000","29","13.0000","63","23.0000","64751594.0000","25.0000","43","41.0000","22","26.0000","6","14.0000","2","44.0000","16","16","5","19","19","0.0600","-0.1000","102.0000","54.0900","0.1700","0.4000","36.0000","84.0900","1.0000","0.6600","1.0000","100.0000","13.9400","0.7700","50.0000","77.7300","1.0000","0.6100","1.0000","100.0000","356.9400","0.0700","77.0000","65.4500","25.6000","-0.2600","116.0000","47.7300","0.8100","1.0200","33.0000","85.4500","1.7500","0.7100","50.0000","77.7300","1798655.3900","0.8100","45.0000","80.0000","1027803.0800","0.7000","61.0000","72.7300","1.1900","0.0800","69.0000","69.0900","0.6100","0.6600","58.0000","74.0900","0.3000","47.0000","79.0900","1.1700","0.4300","1.3700","1.6300","1.3800","0.6500","0.2509","0.3100","1.2300","0.4500","1.2200","1.1000","1.1600","1.2800","88.6400","80.4500","90.4500","94.5500","90.4500","75.4500","100.0000","81.8200","94.0900","77.2700","89.0900","90.0000","88.6400","90.4500","220","4/1/2025 16:37","5","4","1.2500","0.1400","0.1100","33.0000","94.0000","51.0000","86.0000","66.0000","0.6300","-0.1127","0.0000","-0.1700","0.2200","85.4500","57.7300","77.2700","61.3600","70.4500","7","13","91.8200","19.0000","1.4600","0.3600","82.7300","39.0000","0.6600","13","99.0900","3.0000","2.8000","26","80.4500","44.0000","0.2000","0.7200","66.8200","74.0000","0.0000","13","91.3600","20.0000","1.4300","0.3600","95.4500","11.0000","1.8000","0.3600","81.3600","42.0000","0.9400","0.0000","87.7300","28.0000","-0.2600","0","87.7300","28.0000","-0.2700","0.0000","87.7300","28.0000","-0.2300","0","87.7300","28.0000","-0.2900","8","10","0"
"AAD2023.06.02752","280","4837","23","University of Illinois at Urbana-Champaign","Biochemistry, Department of","Biochemistry","18","116.0000","360","43.0000","18","99.0000","20.0000","12.0000","14696","42.0000","18","100.0000","1.0000","1.0000","13","92.0000","32","75.0000","32123213.0000","66.0000","15","107.0000","8","111.0000","2","68.0000","2","44.0000","16","16","5","19","19","0.1100","0.7700","34.0000","85.0000","0.1100","0.0700","63.0000","71.8200","1.0000","0.6600","1.0000","100.0000","20.0000","1.9100","9.0000","96.3600","1.0000","0.6100","1.0000","100.0000","816.4400","1.5900","20.0000","91.3600","40.8200","0.5500","44.0000","80.4500","0.7200","0.6800","60.0000","73.1800","1.7800","0.7500","48.0000","78.6400","1784622.9400","0.7900","46.0000","79.5500","1003850.4100","0.6400","67.0000","70.0000","0.8300","-0.2300","98.0000","55.9100","0.4400","-0.0200","111.0000","50.0000","0.2000","54.0000","75.9100","-0.2700","0.4300","-0.1500","0.0100","-0.1400","1.8000","0.2509","-0.3200","-0.0600","0.6400","0.1600","0.0600","0.5300","-0.2800","50.0000","80.4500","55.0000","58.6400","55.4500","95.0000","100.0000","51.8200","69.5500","81.3600","70.4500","66.3600","80.9100","47.7300","220","4/1/2025 16:37","5","3","1.6700","0.2800","0.1700","48.0000","64.0000","51.0000","45.0000","35.0000","0.2700","0.1667","0.0000","0.2900","0.8500","78.6400","71.3600","77.2700","80.0000","84.5500","7","3","48.1800","115.0000","-0.3800","0.1700","46.3600","119.0000","-0.2600","2","42.7300","127.0000","-0.5000","9","55.0000","100.0000","-0.3200","0.5000","55.4500","99.0000","-0.2600","5","66.3600","75.0000","-0.0500","0.1100","38.6400","136.0000","-0.4700","0.2800","71.3600","64.0000","0.3900","0.0000","87.7300","28.0000","-0.2600","0","87.7300","28.0000","-0.2700","0.0000","87.7300","28.0000","-0.2300","0","87.7300","28.0000","-0.2900","8","10","0"
"AAD2023.06.02752","288","4905","23","University of Maryland, Baltimore County","Chemistry and Biochemistry, Department of","Biochemistry","22","81.0000","171","111.0000","21","79.0000","8.1400","138.0000","1711","166.0000","21","80.0000","1.0000","1.0000","9","127.0000","17","131.0000","9180171.0000","139.0000","16","101.0000","10","79.0000","18","2.0000","2","44.0000","16","16","5","19","19","0.0900","0.4600","58.0000","74.0900","0.8200","4.2600","2.0000","99.5500","0.9500","0.3500","104.0000","53.1800","7.7700","-0.3900","132.0000","40.4500","0.9500","0.3200","107.0000","51.8200","77.7700","-0.8600","190.0000","14.0900","10.0100","-1.1000","207.0000","6.3600","0.4100","-0.5800","165.0000","25.4500","0.7700","-0.6400","158.0000","28.6400","417280.5000","-0.7400","159.0000","28.1800","540010.0600","-0.5200","147.0000","33.6400","0.7300","-0.3200","112.0000","49.5500","0.4500","0.0200","105.0000","52.7300","-0.5000","151.0000","31.8200","-0.0700","0.4300","0.1000","-0.3900","0.1100","-0.4600","0.2509","-0.2900","5.1000","-0.6900","-0.5900","-0.4500","-0.3000","0.0700","64.5500","80.4500","64.0900","42.7300","64.5500","37.7300","100.0000","54.5500","99.5500","25.0000","37.2700","40.9100","50.0000","63.6400","220","4/1/2025 16:37","15","4","3.7500","0.6800","0.1800","33.0000","13.0000","17.0000","11.0000","28.0000","0.6300","1.5505","0.9600","1.6600","1.0200","85.4500","94.5500","92.7300","95.4500","87.7300","7","7","77.7300","50.0000","0.3600","0.3200","76.8200","52.0000","0.4600","4","73.1800","60.0000","0.1000","52","90.0000","23.0000","0.9900","2.3600","94.5500","13.0000","1.9800","6","71.8200","63.0000","0.1300","0.1800","61.8200","85.0000","0.1700","0.2700","68.1800","71.0000","0.3600","0.0000","87.7300","28.0000","-0.2600","0","87.7300","28.0000","-0.2700","0.0000","87.7300","28.0000","-0.2300","0","87.7300","28.0000","-0.2900","8","10","0"
"AAD2023.06.02752","300","4943","23","University of Michigan","Biological Chemistry, Department of","Biochemistry","56","4.0000","735","9.0000","54","4.0000","13.6100","60.0000","21881","22.0000","54","4.0000","1.0000","1.0000","44","5.0000","119","5.0000","134341154.0000","4.0000","125","11.0000","42","5.0000","4","32.0000","3","22.0000","16","16","5","19","19","0.0500","-0.1300","110.0000","50.4500","0.0700","-0.1700","109.0000","50.9100","0.9600","0.4100","92.0000","58.6400","13.1300","0.6200","58.0000","74.0900","0.9600","0.3800","96.0000","56.8200","390.7300","0.1800","69.0000","69.0900","29.7700","-0.0400","97.0000","56.3600","0.7900","0.9400","38.0000","83.1800","2.1300","1.2300","30.0000","86.8200","2398949.1800","1.4800","17.0000","92.7300","1128917.2600","0.9500","41.0000","81.8200","2.2300","0.9700","28.0000","87.7300","0.7500","1.2300","31.0000","86.3600","0.5000","26.0000","88.6400","3.2300","1.1200","2.8900","3.1500","2.9100","0.5800","0.2509","2.1300","0.5800","1.3700","3.4800","2.9900","2.1800","3.0100","98.1800","90.4500","98.6400","98.1800","98.6400","73.1800","100.0000","95.4500","85.9100","90.4500","98.6400","98.1800","96.3600","98.6400","220","4/1/2025 16:37","7","5","1.4000","0.1300","0.0900","19.0000","82.0000","35.0000","94.0000","98.0000","0.9900","-0.0129","0.1900","-0.2200","-0.0300","91.8200","63.1800","84.5500","57.7300","55.9100","7","17","95.9100","10.0000","2.2000","0.3000","73.6400","59.0000","0.3900","11","95.4500","11.0000","2.2000","57","91.3600","20.0000","1.1500","1.0200","80.0000","45.0000","0.3600","14","94.0900","14.0000","1.6200","0.2000","65.4500","77.0000","0.3100","0.2500","63.1800","82.0000","0.2100","0.0000","87.7300","28.0000","-0.2600","0","87.7300","28.0000","-0.2700","0.0000","87.7300","28.0000","-0.2300","0","87.7300","28.0000","-0.2900","8","10","0"
"AAD2023.06.02752","301","5014","23","University of Minnesota, Twin Cities","Biochemistry, Molecular Biology and Biophysics, Department of","Biochemistry","42","13.0000","727","11.0000","37","20.0000","19.6500","13.0000","24157","17.0000","37","19.0000","1.0000","1.0000","26","18.0000","67","17.0000","73782601.0000","19.0000","42","42.0000","23","22.0000","8","8.0000","4","9.0000","16","16","5","19","19","0.1000","0.5200","55.0000","75.4500","0.1900","0.5400","25.0000","89.0900","0.8800","-0.1500","164.0000","25.9100","17.3100","1.4100","19.0000","91.8200","0.8800","-0.1600","165.0000","25.4500","575.1700","0.7900","38.0000","83.1800","33.2300","0.1500","77.0000","65.4500","0.6200","0.2700","97.0000","56.3600","1.6000","0.5000","71.0000","68.1800","1756728.6000","0.7600","49.0000","78.1800","1101232.8500","0.8800","47.0000","79.0900","1.0000","-0.0800","82.0000","63.1800","0.5500","0.4000","73.0000","67.2700","0.4000","36.0000","84.0900","1.2700","1.8100","1.4600","1.3300","1.4700","1.7300","0.2509","0.2800","1.8700","1.6000","1.5100","1.2400","2.1500","1.8000","90.4500","96.3600","91.8200","92.2700","91.3600","94.5500","100.0000","81.3600","96.8200","92.7300","91.8200","92.7300","95.4500","94.5500","220","4/1/2025 16:37","3","2","1.5000","0.0700","0.0500","69.0000","70.0000","81.0000","129.0000","150.0000","-0.0900","0.0536","-0.1900","-0.4000","-0.5000","69.0900","68.6400","63.6400","41.8200","32.2700","7","16","94.0900","14.0000","2.0200","0.3800","85.0000","34.0000","0.7500","13","99.0900","3.0000","2.8000","52","90.0000","23.0000","0.9900","1.2400","83.6400","37.0000","0.6200","18","97.2700","7.0000","2.3600","0.3100","90.0000","23.0000","1.3300","0.4300","90.0000","23.0000","1.3900","0.0000","87.7300","28.0000","-0.2600","0","87.7300","28.0000","-0.2700","0.0000","87.7300","28.0000","-0.2300","0","87.7300","28.0000","-0.2900","8","10","0"
"AAD2023.06.02752","316","5087","23","University of North Carolina at Chapel Hill","Biochemistry and Biophysics, Department of","Biochemistry","39","16.0000","418","38.0000","39","13.0000","10.7200","92.0000","16178","36.0000","39","13.0000","1.0000","1.0000","20","41.0000","63","23.0000","70902826.0000","21.0000","56","31.0000","17","40.0000","1","98.0000","1","80.0000","16","16","5","19","19","0.0300","-0.5700","148.0000","33.1800","0.0300","-0.4400","149.0000","32.7300","1.0000","0.6600","1.0000","100.0000","10.7200","0.1600","85.0000","61.8200","1.0000","0.6100","1.0000","100.0000","414.8200","0.2600","63.0000","71.8200","38.7000","0.4400","48.0000","78.6400","0.5100","-0.1600","140.0000","36.8200","1.6200","0.5200","68.0000","69.5500","1818021.1800","0.8300","44.0000","80.4500","1125441.6800","0.9400","42.0000","81.3600","1.4400","0.2900","53.0000","76.3600","0.4400","-0.0600","116.0000","47.7300","0.4000","36.0000","84.0900","0.6500","-0.2700","1.6300","0.7200","1.6400","0.0300","0.2509","0.6000","-0.3900","0.7900","1.4200","1.1000","0.7900","1.5400","82.2700","64.0900","94.5500","81.8200","94.5500","58.6400","100.0000","86.3600","55.9100","84.0900","90.9100","90.0000","83.1800","93.1800","220","4/1/2025 16:37","5","3","1.6700","0.1300","0.0800","48.0000","64.0000","51.0000","93.0000","110.0000","0.2700","0.1667","0.0000","-0.2100","-0.1700","78.6400","71.3600","77.2700","58.1800","50.4500","7","3","48.1800","115.0000","-0.3800","0.0800","23.1800","170.0000","-0.6900","3","56.3600","97.0000","-0.2000","11","59.5500","90.0000","-0.2600","0.2800","35.9100","142.0000","-0.5300","5","66.3600","75.0000","-0.0500","0.0800","25.0000","166.0000","-0.7800","0.1300","31.8200","151.0000","-0.5900","0.0000","87.7300","28.0000","-0.2600","0","87.7300","28.0000","-0.2700","0.0000","87.7300","28.0000","-0.2300","0","87.7300","28.0000","-0.2900","8","10","0"
"AAD2023.06.02752","326","5140","23","University of Pennsylvania","Biochemistry and Biophysics, Department of","Biochemistry","23","70.0000","378","40.0000","22","67.0000","17.1800","29.0000","19624","25.0000","23","59.0000","1.0000","1.0000","16","61.0000","40","55.0000","56904076.0000","35.0000","41","44.0000","16","45.0000","3","47.0000","3","22.0000","16","16","5","19","19","0.1300","1.0800","24.0000","89.5500","0.1300","0.1800","48.0000","78.6400","0.9600","0.3600","100.0000","55.0000","16.4300","1.2400","28.0000","87.7300","1.0000","0.6100","1.0000","100.0000","853.2200","1.7100","15.0000","93.6400","51.9200","1.1400","23.0000","90.0000","0.7000","0.5700","75.0000","66.3600","1.7400","0.6900","51.0000","77.2700","2474090.2600","1.5700","14.0000","94.0900","1422601.9000","1.6800","9.0000","96.3600","1.7800","0.5800","41.0000","81.8200","0.7000","1.0100","42.0000","81.3600","0.7000","13.0000","94.5500","0.5500","1.1200","0.2700","0.3200","0.2000","1.2600","0.2509","0.2600","0.2600","1.1400","0.9600","0.3300","0.6100","0.1600","80.0000","90.4500","73.6400","72.7300","70.0000","87.2700","100.0000","80.4500","79.0900","89.0900","84.5500","75.4500","82.2700","68.6400","220","4/1/2025 16:37","12","5","2.4000","0.5200","0.2200","19.0000","35.0000","22.0000","19.0000","14.0000","0.9900","0.6524","0.6700","1.1200","1.4300","91.8200","84.5500","90.4500","91.8200","94.0900","7","7","77.7300","50.0000","0.3600","0.3000","74.5500","57.0000","0.3900","6","83.1800","38.0000","0.7000","23","77.7300","50.0000","0.1000","1.0000","79.5500","46.0000","0.3400","8","81.3600","42.0000","0.5100","0.2600","81.8200","41.0000","0.8900","0.3500","80.0000","45.0000","0.8600","0.0000","87.7300","28.0000","-0.2600","0","87.7300","28.0000","-0.2700","0.0000","87.7300","28.0000","-0.2300","0","87.7300","28.0000","-0.2900","8","10","0"
"AAD2023.06.02752","329","5240","23","University of Rochester","Biochemistry and Biophysics, Department of","Biochemistry","29","42.0000","198","101.0000","27","44.0000","7.3300","153.0000","5611","100.0000","27","46.0000","1.0000","1.0000","18","48.0000","34","70.0000","37362219.0000","59.0000","25","66.0000","10","79.0000","1","98.0000","1","80.0000","16","16","5","19","19","0.0300","-0.4300","137.0000","38.1800","0.0300","-0.3800","140.0000","36.8200","0.9300","0.1900","126.0000","43.1800","6.8300","-0.5700","151.0000","31.8200","0.9300","0.1700","136.0000","38.6400","193.4800","-0.4700","135.0000","39.0900","28.3400","-0.1200","104.0000","53.1800","0.6200","0.2700","96.0000","56.8200","1.1700","-0.0900","114.0000","48.6400","1288352.3800","0.2400","79.0000","64.5500","1098888.7900","0.8700","48.0000","78.6400","0.8600","-0.2000","92.0000","58.6400","0.3400","-0.4300","146.0000","34.0900","-0.2000","113.0000","49.0900","-0.0700","-0.2700","0.6100","0.5200","0.6200","-0.6100","0.2509","-0.0900","-0.3900","-0.2900","0.3300","0.1200","-0.1800","0.6800","64.5500","64.0900","79.5500","78.6400","80.4500","30.9100","100.0000","70.4500","55.9100","55.0000","73.6400","68.6400","54.5500","81.3600","220","4/1/2025 16:37","4","2","2.0000","0.1400","0.0700","69.0000","41.0000","66.0000","87.0000","125.0000","-0.0900","0.3863","-0.1000","-0.1800","-0.2600","69.0900","81.8200","70.4500","60.9100","43.6400","7","8","81.3600","42.0000","0.5400","0.2800","69.0900","69.0000","0.2600","5","78.1800","49.0000","0.4000","19","73.1800","60.0000","-0.0200","0.6600","63.1800","82.0000","-0.0800","6","71.8200","63.0000","0.1300","0.1700","53.6400","103.0000","0.0900","0.2100","49.0900","113.0000","-0.0700","0.0000","87.7300","28.0000","-0.2600","0","87.7300","28.0000","-0.2700","0.0000","87.7300","28.0000","-0.2300","0","87.7300","28.0000","-0.2900","8","10","0"
"AAD2023.06.02752","335","5277","23","University of Southern California","Biochemistry and Molecular Medicine, Department of","Biochemistry","11","178.0000","116","149.0000","11","164.0000","10.5500","95.0000","13672","47.0000","10","168.0000","0.9100","201.0000","8","136.0000","15","139.0000","14714910.0000","117.0000","9","133.0000","5","143.0000","0","150.0000","0","150.0000","16","16","5","19","19","0.0000","-0.9800","150.0000","32.2700","0.0000","-0.5900","150.0000","32.2700","1.0000","0.6600","1.0000","100.0000","10.5500","0.1300","90.0000","59.5500","0.9100","0.0200","147.0000","33.6400","1242.9100","3.0000","4.0000","98.6400","117.8600","4.6700","2.0000","99.5500","0.7300","0.7000","57.0000","74.5500","1.3600","0.1800","99.0000","55.4500","1337719.0900","0.2900","71.0000","68.1800","980994.0000","0.5800","70.0000","68.6400","0.8200","-0.2400","99.0000","55.4500","0.4500","0.0200","105.0000","52.7300","0.0000","84.0000","62.2700","-0.5800","-0.9600","-0.8300","-0.4900","-0.7400","0.0000","-0.5260","-0.4500","-0.7100","0.5300","-0.4100","-0.5200","-0.5400","-0.8800","35.4500","32.2700","24.0900","38.6400","25.9100","57.2700","9.0900","40.0000","32.2700","79.0900","47.2700","37.2700","32.7300","19.5500","220","4/1/2025 16:37","2","1","2.0000","0.1800","0.0900","108.0000","41.0000","101.0000","67.0000","93.0000","-0.4500","0.3863","-0.2900","-0.0300","-0.0100","51.3600","81.8200","54.5500","70.0000","58.1800","7","0","11.3600","196.0000","-0.9400","0.0000","11.3600","196.0000","-1.0500","0","11.3600","196.0000","-1.1000","7","45.9100","120.0000","-0.3900","0.6400","61.3600","86.0000","-0.1000","4","55.0000","100.0000","-0.2400","0.0000","11.3600","196.0000","-1.4700","0.3600","82.7300","39.0000","0.9600","0.0000","87.7300","28.0000","-0.2600","0","87.7300","28.0000","-0.2700","0.0000","87.7300","28.0000","-0.2300","0","87.7300","28.0000","-0.2900","8","10","0"
"AAD2023.06.02752","43","5440","23","Clarkson University","Chemistry and Biomolecular Science, Department of","Biochemistry","11","178.0000","170","112.0000","9","180.0000","18.8900","18.0000","3002","140.0000","9","179.0000","1.0000","1.0000","4","182.0000","6","183.0000","2425470.0000","187.0000","6","156.0000","5","143.0000","5","21.0000","1","80.0000","16","16","5","19","19","0.0900","0.4600","58.0000","74.0900","0.4500","2.1000","7.0000","97.2700","0.8200","-0.5700","184.0000","16.8200","15.4500","1.0600","34.0000","85.0000","0.8200","-0.5600","186.0000","15.9100","272.9100","-0.2100","99.0000","55.4500","17.6600","-0.6900","171.0000","22.7300","0.3600","-0.7600","172.0000","22.2700","0.5500","-0.9600","181.0000","18.1800","220497.2700","-0.9600","183.0000","17.2700","404245.0000","-0.8600","171.0000","22.7300","0.5500","-0.4700","140.0000","36.8200","0.4500","0.0200","105.0000","52.7300","-0.3000","123.0000","44.5500","-0.5800","-0.2700","-0.9100","-0.9000","-0.9100","1.5900","0.2509","-0.5200","0.9000","-0.5600","-0.8100","-0.8200","-0.3100","-0.8800","35.4500","64.0900","19.0900","17.7300","18.6400","92.2700","100.0000","29.5500","90.9100","36.8200","15.4500","17.2700","49.5500","19.5500","220","4/1/2025 16:37","1","1","1.0000","0.0900","0.0900","108.0000","100.0000","121.0000","117.0000","93.0000","-0.4500","-0.2790","-0.3900","-0.3400","-0.0100","51.3600","55.0000","45.4500","47.2700","58.1800","7","8","81.3600","42.0000","0.5400","0.7300","98.6400","4.0000","2.4000","4","73.1800","60.0000","0.1000","5","39.0900","135.0000","-0.4500","0.4500","51.8200","107.0000","-0.3200","3","45.9100","120.0000","-0.4200","0.3600","95.9100","10.0000","1.8200","0.2700","68.1800","71.0000","0.3600","0.0000","87.7300","28.0000","-0.2600","0","87.7300","28.0000","-0.2700","0.0000","87.7300","28.0000","-0.2300","0","87.7300","28.0000","-0.2900","8","10","0"
"AAD2023.06.02752","49","5463","23","Columbia University","Biochemistry and Molecular Biophysics, Department of","Biochemistry","30","37.0000","505","25.0000","30","33.0000","16.8300","31.0000","34490","6.0000","30","33.0000","1.0000","1.0000","22","35.0000","85","12.0000","118384590.0000","7.0000","165","7.0000","28","13.0000","8","8.0000","3","22.0000","16","16","5","19","19","0.1000","0.6000","51.0000","77.2700","0.2700","0.9900","14.0000","94.0900","1.0000","0.6600","1.0000","100.0000","16.8300","1.3200","23.0000","90.0000","1.0000","0.6100","1.0000","100.0000","1149.6700","2.6900","6.0000","97.7300","68.3000","2.0200","8.0000","96.8200","0.7300","0.7300","54.0000","75.9100","2.8300","2.2100","3.0000","99.0900","3946153.0000","3.2200","3.0000","99.0900","1392759.8800","1.6100","11.0000","95.4500","5.5000","3.7600","4.0000","98.6400","0.9300","1.9900","4.0000","98.6400","1.0000","3.0000","99.0900","1.7800","1.1200","0.8600","0.9200","0.8700","1.2000","0.2509","3.0200","1.8700","2.6600","2.9700","1.8500","1.1700","0.7600","94.5500","90.4500","85.4500","84.5500","85.4500","86.3600","100.0000","97.2700","96.8200","97.7300","97.2700","95.0000","89.0900","83.6400","220","4/1/2025 16:37","5","3","1.6700","0.1700","0.1000","48.0000","64.0000","51.0000","72.0000","81.0000","0.2700","0.1667","0.0000","-0.0800","0.1000","78.6400","71.3600","77.2700","67.7300","63.6400","7","7","77.7300","50.0000","0.3600","0.2300","60.9100","87.0000","0.0500","5","78.1800","49.0000","0.4000","46","87.7300","28.0000","0.8100","1.5300","86.3600","31.0000","0.9800","10","86.3600","31.0000","0.8800","0.1700","53.1800","104.0000","0.0400","0.3300","78.6400","48.0000","0.7600","0.0000","87.7300","28.0000","-0.2600","0","87.7300","28.0000","-0.2700","0.0000","87.7300","28.0000","-0.2300","0","87.7300","28.0000","-0.2900","8","10","0"
"AAD2023.06.02752","90","5577","23","Howard University","Biochemistry and Molecular Biology, Department of","Biochemistry","8","206.0000","47","190.0000","8","194.0000","5.8800","184.0000","827","192.0000","8","195.0000","1.0000","1.0000","2","194.0000","5","188.0000","1481191.0000","193.0000","0","210.0000","0","210.0000","1","98.0000","1","80.0000","16","16","5","19","19","0.1300","0.9900","26.0000","88.6400","0.1300","0.1500","53.0000","76.3600","1.0000","0.6600","1.0000","100.0000","5.8800","-0.7500","173.0000","21.8200","1.0000","0.6100","1.0000","100.0000","103.3800","-0.7700","175.0000","20.9100","17.6000","-0.6900","173.0000","21.8200","0.2500","-1.2200","189.0000","14.5500","0.6300","-0.8500","174.0000","21.3600","185148.8800","-1.0000","186.0000","15.9100","296238.2000","-1.1300","186.0000","15.9100","0.0000","-0.9400","210.0000","5.0000","0.0000","-1.8500","210.0000","5.0000","-0.9000","186.0000","15.9100","-1.1000","-0.2700","-1.0000","-1.1000","-0.9900","-0.8900","0.2509","-0.6500","-0.3900","-0.7800","-0.8400","-0.8500","-0.8500","-1.1400","5.0000","64.0900","11.8200","12.2700","12.2700","16.8200","100.0000","5.0000","55.9100","13.1800","12.7300","15.0000","14.0900","6.8200","220","4/1/2025 16:37","0","0","0.0000","0.0000","0.0000","167.0000","167.0000","167.0000","167.0000","167.0000","-0.8100","-0.9443","-0.4800","-0.6400","-1.0400","24.5500","24.5500","24.5500","24.5500","24.5500","7","3","48.1800","115.0000","-0.3800","0.3800","84.0900","36.0000","0.7300","2","42.7300","127.0000","-0.5000","0","13.6400","191.0000","-0.6000","0.0000","13.6400","191.0000","-0.8700","0","13.6400","191.0000","-0.9800","0.2500","80.9100","43.0000","0.7900","0.0000","13.6400","191.0000","-1.4300","0.0000","87.7300","28.0000","-0.2600","0","87.7300","28.0000","-0.2700","0.0000","87.7300","28.0000","-0.2300","0","87.7300","28.0000","-0.2900","8","10","0"
"AAD2023.06.02752","99","5685","23","Iowa State University","Biochemistry, Biophysics and Molecular Biology, Department of","Biochemistry","21","93.0000","215","90.0000","21","79.0000","10.2400","102.0000","6794","86.0000","21","80.0000","1.0000","1.0000","15","69.0000","35","65.0000","30676981.0000","69.0000","22","75.0000","10","79.0000","1","98.0000","1","80.0000","16","16","5","19","19","0.0500","-0.2300","115.0000","48.1800","0.0500","-0.3100","122.0000","45.0000","1.0000","0.6600","1.0000","100.0000","10.2400","0.0700","92.0000","58.6400","1.0000","0.6100","1.0000","100.0000","323.5200","-0.0400","84.0000","62.2700","31.6000","0.0600","90.0000","59.5500","0.7100","0.6500","63.0000","71.8200","1.6700","0.5900","60.0000","73.1800","1460808.6200","0.4300","64.0000","71.3600","876485.1700","0.3200","91.0000","59.0900","1.0500","-0.0400","78.0000","65.0000","0.4800","0.1100","98.0000","55.9100","0.1000","65.0000","70.9100","-0.0700","-0.2700","0.1000","0.2200","0.1100","-0.0600","0.2509","-0.1600","-0.3900","-0.1700","0.1100","0.1600","-0.1100","-0.0200","64.5500","64.0900","64.0900","69.0900","64.5500","54.0900","100.0000","66.3600","55.9100","61.3600","69.0900","70.9100","59.5500","58.1800","220","4/1/2025 16:37","5","2","2.5000","0.2400","0.1000","69.0000","30.0000","51.0000","50.0000","92.0000","-0.0900","0.7189","0.0000","0.1600","0.0400","69.0900","86.8200","77.2700","77.7300","58.6400","7","4","61.8200","85.0000","-0.2000","0.1900","53.1800","104.0000","-0.1500","2","42.7300","127.0000","-0.5000","5","39.0900","135.0000","-0.4500","0.2400","31.8200","151.0000","-0.5800","3","45.9100","120.0000","-0.4200","0.1000","29.0900","157.0000","-0.6100","0.1400","37.7300","138.0000","-0.4900","0.0000","87.7300","28.0000","-0.2600","0","87.7300","28.0000","-0.2700","0.0000","87.7300","28.0000","-0.2300","0","87.7300","28.0000","-0.2900","8","10","0"
"AAD2023.06.02752","35","5762","23","Case Western Reserve University","Biochemistry, Department of","Biochemistry","19","105.0000","163","116.0000","17","110.0000","9.5900","113.0000","8040","80.0000","18","100.0000","1.0000","1.0000","8","136.0000","13","153.0000","9013318.0000","140.0000","9","133.0000","6","130.0000","0","150.0000","0","150.0000","16","16","5","19","19","0.0000","-0.9800","150.0000","32.2700","0.0000","-0.5900","150.0000","32.2700","0.8900","-0.0600","156.0000","29.5500","8.5800","-0.2400","121.0000","45.4500","0.9500","0.2700","115.0000","48.1800","423.1600","0.2900","62.0000","72.2700","49.3300","1.0100","26.0000","88.6400","0.4200","-0.5300","159.0000","28.1800","0.6800","-0.7600","168.0000","24.0900","474385.1600","-0.6700","150.0000","32.2700","693332.1500","-0.1400","122.0000","45.0000","0.4700","-0.5300","152.0000","31.3600","0.3200","-0.5500","153.0000","30.9100","-0.2000","113.0000","49.0900","-0.4800","-0.9600","-0.1500","-0.4900","-0.2300","-0.1800","0.2509","-0.4500","-0.7100","-0.0400","-0.6000","-0.5800","-0.3400","-0.1900","41.3600","32.2700","55.0000","38.6400","50.4500","49.0900","100.0000","40.0000","32.2700","64.0900","36.8200","30.9100","47.7300","52.7300","220","4/1/2025 16:37","0","0","0.0000","0.0000","0.0000","167.0000","167.0000","167.0000","167.0000","167.0000","-0.8100","-0.9443","-0.4800","-0.6400","-1.0400","24.5500","24.5500","24.5500","24.5500","24.5500","7","1","29.0900","157.0000","-0.7500","0.0500","17.2700","183.0000","-0.8000","1","32.2700","150.0000","-0.8000","3","30.4500","154.0000","-0.5100","0.1600","24.0900","168.0000","-0.6800","2","35.9100","142.0000","-0.6100","0.0500","18.6400","180.0000","-1.0000","0.1100","25.9100","164.0000","-0.7400","0.0000","87.7300","28.0000","-0.2600","0","87.7300","28.0000","-0.2700","0.0000","87.7300","28.0000","-0.2300","0","87.7300","28.0000","-0.2900","8","10","0"
"AAD2023.06.02752","66","6017","23","Emory University","Biochemistry, Department of","Biochemistry","18","116.0000","355","45.0000","17","110.0000","20.8800","9.0000","9696","72.0000","18","100.0000","1.0000","1.0000","13","92.0000","27","92.0000","32856828.0000","65.0000","12","118.0000","10","79.0000","0","150.0000","0","150.0000","16","16","5","19","19","0.0000","-0.9800","150.0000","32.2700","0.0000","-0.5900","150.0000","32.2700","0.9400","0.2800","113.0000","49.0900","19.7200","1.8600","10.0000","95.9100","1.0000","0.6100","1.0000","100.0000","538.6700","0.6700","44.0000","80.4500","27.3100","-0.1700","109.0000","50.9100","0.7200","0.6800","60.0000","73.1800","1.5000","0.3600","78.0000","65.0000","1825379.3300","0.8400","43.0000","80.9100","1216919.5600","1.1700","27.0000","88.1800","0.6700","-0.3700","120.0000","45.9100","0.5600","0.4400","68.0000","69.5500","0.3000","47.0000","79.0900","-0.0700","-0.9600","-0.1500","0.0100","-0.2300","1.9700","0.2509","-0.3800","-0.7100","0.1300","0.1800","-0.1100","0.5100","-0.2800","64.5500","32.2700","55.0000","58.6400","50.4500","96.3600","100.0000","46.8200","32.2700","67.7300","70.9100","58.6400","80.0000","47.7300","220","4/1/2025 16:37","1","2","0.5000","0.0600","0.1100","69.0000","163.0000","121.0000","146.0000","66.0000","-0.0900","-0.6116","-0.3900","-0.4600","0.2200","69.0900","26.3600","45.4500","34.0900","70.4500","7","4","61.8200","85.0000","-0.2000","0.2200","58.6400","92.0000","0.0000","3","56.3600","97.0000","-0.2000","9","55.0000","100.0000","-0.3200","0.5000","55.4500","99.0000","-0.2600","5","66.3600","75.0000","-0.0500","0.1700","53.1800","104.0000","0.0400","0.2800","71.3600","64.0000","0.3900","0.0000","87.7300","28.0000","-0.2600","0","87.7300","28.0000","-0.2700","0.0000","87.7300","28.0000","-0.2300","0","87.7300","28.0000","-0.2900","8","10","0"
"AAD2023.06.02752","82","6187","23","Georgia Institute of Technology","Chemistry and Biochemistry, School of","Biochemistry","39","16.0000","861","4.0000","39","13.0000","22.0800","6.0000","30050","11.0000","39","13.0000","1.0000","1.0000","32","9.0000","101","8.0000","56445523.0000","36.0000","102","14.0000","33","8.0000","5","21.0000","4","9.0000","16","16","5","19","19","0.1000","0.6400","50.0000","77.7300","0.1300","0.1700","51.0000","77.2700","1.0000","0.6600","1.0000","100.0000","22.0800","2.3000","5.0000","98.1800","1.0000","0.6100","1.0000","100.0000","770.5100","1.4300","21.0000","90.9100","34.9000","0.2400","68.0000","69.5500","0.8200","1.0800","28.0000","87.7300","2.5900","1.8700","10.0000","95.9100","1447321.1000","0.4200","66.0000","70.4500","558866.5600","-0.4700","141.0000","36.3600","2.6200","1.2900","16.0000","93.1800","0.8500","1.6300","14.0000","94.0900","0.8000","8.0000","96.8200","2.3000","1.8100","1.6300","1.9400","1.6400","2.2000","0.2509","1.6200","0.9000","2.2100","0.9500","2.3900","2.7400","1.5400","96.8200","96.3600","94.5500","96.3600","94.5500","97.7300","100.0000","94.0900","90.9100","95.4500","84.0900","96.8200","98.6400","93.1800","220","4/1/2025 16:37","26","10","2.6000","0.6700","0.2600","7.0000","27.0000","7.0000","13.0000","10.0000","2.7800","0.7855","2.0200","1.6100","1.8700","97.2700","88.1800","97.2700","94.5500","95.9100","7","11","89.0900","25.0000","1.0900","0.2800","70.0000","67.0000","0.2900","9","92.2700","18.0000","1.6000","92","96.8200","8.0000","2.2200","2.3600","93.6400","15.0000","1.9700","14","94.0900","14.0000","1.6200","0.2300","74.5500","57.0000","0.6200","0.3600","80.9100","43.0000","0.9300","0.0000","87.7300","28.0000","-0.2600","0","87.7300","28.0000","-0.2700","0.0000","87.7300","28.0000","-0.2300","0","87.7300","28.0000","-0.2900","8","10","0"
"AAD2023.06.02752","132","6304","23","Michigan State University","Biochemistry and Molecular Biology, Department of","Biochemistry","51","7.0000","731","10.0000","49","8.0000","14.9200","45.0000","23459","19.0000","49","9.0000","1.0000","1.0000","38","7.0000","101","8.0000","140589544.0000","2.0000","64","27.0000","31","11.0000","6","14.0000","6","2.0000","16","16","5","19","19","0.1200","0.8800","31.0000","86.3600","0.1200","0.1100","59.0000","73.6400","0.9600","0.3900","97.0000","56.3600","14.3300","0.8400","47.0000","79.0900","0.9600","0.3600","101.0000","54.5500","459.9800","0.4100","53.0000","76.3600","32.0900","0.0800","88.0000","60.4500","0.7500","0.7700","50.0000","77.7300","1.9800","1.0300","34.0000","85.0000","2756657.7300","1.8800","12.0000","95.0000","1391975.6800","1.6000","12.0000","95.0000","1.2500","0.1300","64.0000","71.3600","0.6100","0.6500","59.0000","73.6400","0.4000","36.0000","84.0900","2.0900","3.2000","2.4700","2.5400","2.4800","0.8300","0.2509","0.7700","1.2300","1.5300","3.6900","2.3900","2.1700","2.5800","95.4500","99.5500","96.3600","97.2700","96.8200","80.0000","100.0000","88.1800","94.0900","91.8200","99.5500","96.8200","95.9100","97.2700","220","4/1/2025 16:37","13","11","1.1800","0.2500","0.2200","4.0000","98.0000","18.0000","47.0000","16.0000","3.1400","-0.1592","0.7700","0.2200","1.4100","98.6400","55.9100","92.2700","79.0900","93.1800","7","20","97.2700","7.0000","2.7600","0.3900","86.8200","30.0000","0.8100","12","98.1800","5.0000","2.5000","50","88.6400","26.0000","0.9300","0.9800","77.7300","50.0000","0.3100","14","94.0900","14.0000","1.6200","0.2400","76.3600","53.0000","0.6600","0.2700","68.6400","70.0000","0.3700","0.0200","88.1800","27.0000","0.2200","1","94.0900","14.0000","0.6000","0.0200","88.1800","27.0000","0.0300","1","95.9100","10.0000","1.1900","8","10","0"
"AAD2023.06.02752","150","6436","23","Northeastern University","Biology, Department of","Biochemistry","25","57.0000","200","98.0000","23","59.0000","8.7000","134.0000","6412","89.0000","23","59.0000","1.0000","1.0000","15","69.0000","35","65.0000","29586127.0000","76.0000","21","80.0000","12","66.0000","2","68.0000","2","44.0000","16","16","5","19","19","0.0800","0.2800","77.0000","65.4500","0.0800","-0.1100","102.0000","54.0900","0.9200","0.1100","132.0000","40.4500","8.0000","-0.3500","127.0000","42.7300","0.9200","0.0900","139.0000","37.2700","256.4800","-0.2700","108.0000","51.3600","32.0600","0.0800","89.0000","60.0000","0.6000","0.1900","107.0000","51.8200","1.4000","0.2300","93.0000","58.1800","1183445.0800","0.1200","88.0000","60.4500","845317.9100","0.2400","98.0000","55.9100","0.8400","-0.2200","97.0000","56.3600","0.4800","0.1300","95.0000","57.2700","-0.2000","113.0000","49.0900","0.1400","0.4300","0.2700","0.2200","0.2800","-0.3500","0.2509","-0.1800","-0.0600","-0.2100","0.0700","0.1600","-0.1700","0.3300","70.4500","80.4500","73.6400","69.0900","73.6400","39.5500","100.0000","64.0900","69.5500","60.0000","65.9100","70.9100","55.9100","74.5500","220","4/1/2025 16:37","12","2","6.0000","0.4800","0.0800","69.0000","4.0000","22.0000","21.0000","106.0000","-0.0900","3.0474","0.6700","0.9800","-0.1300","69.0900","98.6400","90.4500","90.9100","52.2700","7","5","71.3600","64.0000","-0.0100","0.2000","55.0000","100.0000","-0.1000","5","78.1800","49.0000","0.4000","29","82.7300","39.0000","0.2900","1.1600","81.8200","41.0000","0.5300","5","66.3600","75.0000","-0.0500","0.2000","67.7300","72.0000","0.3400","0.2000","48.1800","115.0000","-0.1200","0.0000","87.7300","28.0000","-0.2600","0","87.7300","28.0000","-0.2700","0.0000","87.7300","28.0000","-0.2300","0","87.7300","28.0000","-0.2900","8","10","0"
"AAD2023.06.02752","150","6443","23","Northeastern University","Chemistry and Chemical Biology, Department of","Biochemistry","39","16.0000","595","16.0000","39","13.0000","15.2600","40.0000","22231","20.0000","39","13.0000","1.0000","1.0000","23","30.0000","66","19.0000","51843206.0000","40.0000","57","29.0000","23","22.0000","5","21.0000","2","44.0000","16","16","5","19","19","0.0500","-0.1700","113.0000","49.0900","0.1300","0.1700","51.0000","77.2700","1.0000","0.6600","1.0000","100.0000","15.2600","1.0200","38.0000","83.1800","1.0000","0.6100","1.0000","100.0000","570.0300","0.7700","39.0000","82.7300","37.3600","0.3700","53.0000","76.3600","0.5900","0.1500","115.0000","48.1800","1.6900","0.6300","57.0000","74.5500","1329312.9700","0.2800","72.0000","67.7300","785503.1200","0.0900","106.0000","52.2700","1.4600","0.3100","50.0000","77.7300","0.5900","0.5800","61.0000","72.7300","0.4000","36.0000","84.0900","1.2700","0.4300","1.6300","1.0300","1.6400","0.9000","0.2509","0.6200","0.9000","1.4100","0.8000","1.2100","1.5700","1.5400","90.4500","80.4500","94.5500","86.8200","94.5500","82.2700","100.0000","87.2700","90.9100","91.3600","82.2700","91.8200","93.1800","93.1800","220","4/1/2025 16:37","8","6","1.3300","0.2100","0.1500","14.0000","89.0000","30.0000","64.0000","41.0000","1.3500","-0.0595","0.2900","0.0500","0.7100","94.0900","60.0000","86.8200","71.3600","81.8200","7","10","86.8200","30.0000","0.9100","0.2600","65.9100","76.0000","0.1600","8","91.3600","20.0000","1.3000","73","94.0900","14.0000","1.6400","1.8700","89.5500","24.0000","1.3900","16","95.9100","10.0000","1.9900","0.2100","68.1800","71.0000","0.3900","0.4100","86.8200","30.0000","1.2700","0.0000","87.7300","28.0000","-0.2600","0","87.7300","28.0000","-0.2700","0.0000","87.7300","28.0000","-0.2300","0","87.7300","28.0000","-0.2900","8","10","0"
"AAD2023.06.02752","152","6493","23","Northern Illinois University","Chemistry and Biochemistry, Department of","Biochemistry","12","166.0000","173","110.0000","10","169.0000","17.3000","28.0000","6278","91.0000","11","166.0000","1.0000","1.0000","7","150.0000","19","124.0000","6014186.0000","161.0000","8","144.0000","6","130.0000","1","98.0000","1","80.0000","16","16","5","19","19","0.0800","0.3400","68.0000","69.5500","0.0800","-0.0900","94.0000","57.7300","0.8300","-0.4700","175.0000","20.9100","14.4200","0.8600","46.0000","79.5500","0.9200","0.0700","141.0000","36.3600","523.1700","0.6200","47.0000","79.0900","36.2900","0.3100","63.0000","71.8200","0.5800","0.1200","117.0000","47.2700","1.5800","0.4800","72.0000","67.7300","501182.1700","-0.6400","145.0000","34.5500","316536.1100","-1.0800","183.0000","17.2700","0.6700","-0.3700","120.0000","45.9100","0.5000","0.2100","82.0000","63.1800","-0.4000","137.0000","38.1800","-0.4800","-0.2700","-0.7400","-0.5900","-0.8200","1.2900","0.2509","-0.4700","-0.3900","-0.2200","-0.6900","-0.3800","-0.2900","-0.7900","41.3600","64.0900","25.0000","32.2700","23.6400","87.7300","100.0000","35.0000","55.9100","59.0900","27.2700","44.0900","50.4500","25.0000","220","4/1/2025 16:37","2","1","2.0000","0.1700","0.0800","108.0000","41.0000","101.0000","72.0000","100.0000","-0.4500","0.3863","-0.2900","-0.0800","-0.0900","51.3600","81.8200","54.5500","67.7300","55.0000","7","1","29.0900","157.0000","-0.7500","0.0800","24.0900","168.0000","-0.6600","1","32.2700","150.0000","-0.8000","28","81.8200","41.0000","0.2600","2.3300","93.1800","16.0000","1.9400","6","71.8200","63.0000","0.1300","0.0800","27.2700","161.0000","-0.7200","0.5000","96.3600","9.0000","1.8600","0.0000","87.7300","28.0000","-0.2600","0","87.7300","28.0000","-0.2700","0.0000","87.7300","28.0000","-0.2300","0","87.7300","28.0000","-0.2900","8","10","0"
"AAD2023.06.02752","159","6516","23","Old Dominion University","Chemistry and Biochemistry, Department of","Biochemistry","19","105.0000","183","106.0000","16","124.0000","11.4400","80.0000","4347","115.0000","17","115.0000","1.0000","1.0000","12","97.0000","32","75.0000","7420920.0000","151.0000","16","101.0000","8","111.0000","5","21.0000","4","9.0000","16","16","5","19","19","0.2100","2.3400","7.0000","97.2700","0.2600","0.9700","15.0000","93.6400","0.8400","-0.4100","171.0000","22.7300","9.6300","-0.0400","96.0000","56.8200","0.8900","-0.0700","158.0000","28.6400","228.7900","-0.3600","123.0000","44.5500","23.7500","-0.3600","129.0000","41.8200","0.6300","0.3200","94.0000","57.7300","1.6800","0.6200","58.0000","74.0900","390574.7400","-0.7700","164.0000","25.9100","231903.7500","-1.2900","196.0000","11.3600","0.8400","-0.2200","96.0000","56.8200","0.4200","-0.1200","123.0000","44.5500","-0.4000","137.0000","38.1800","-0.2700","1.8100","-0.2300","-0.0900","-0.3100","0.1700","0.2509","-0.2900","0.9000","-0.4200","-0.6500","0.0600","-0.2500","-0.1900","50.0000","96.3600","48.1800","56.3600","44.0900","64.0900","100.0000","54.5500","90.9100","48.1800","31.8200","66.3600","52.2700","52.7300","220","4/1/2025 16:37","23","2","11.5000","1.2100","0.1100","69.0000","1.0000","8.0000","4.0000","78.0000","-0.0900","6.7065","1.7300","3.4400","0.1600","69.0900","100.0000","96.8200","98.6400","65.0000","7","5","71.3600","64.0000","-0.0100","0.2600","67.7300","72.0000","0.2000","4","73.1800","60.0000","0.1000","2","26.3600","163.0000","-0.5400","0.1100","20.0000","177.0000","-0.7400","2","35.9100","142.0000","-0.6100","0.2100","69.5500","68.0000","0.4300","0.1100","25.9100","164.0000","-0.7400","0.0000","87.7300","28.0000","-0.2600","0","87.7300","28.0000","-0.2700","0.0000","87.7300","28.0000","-0.2300","0","87.7300","28.0000","-0.2900","8","10","0"
"AAD2023.06.02752","177","6590","23","Rutgers - New Brunswick","Biochemistry and Microbiology, Department of","Biochemistry","12","166.0000","225","86.0000","11","164.0000","20.4500","10.0000","6701","87.0000","10","168.0000","0.9100","201.0000","5","172.0000","14","147.0000","9284785.0000","137.0000","16","101.0000","8","111.0000","0","150.0000","0","150.0000","16","16","5","19","19","0.0000","-0.9800","150.0000","32.2700","0.0000","-0.5900","150.0000","32.2700","0.9200","0.0900","136.0000","38.6400","18.7500","1.6800","15.0000","93.6400","0.8300","-0.4700","180.0000","18.6400","558.4200","0.7300","41.0000","81.8200","29.7800","-0.0400","96.0000","56.8200","0.4200","-0.5500","160.0000","27.7300","1.1700","-0.1000","115.0000","48.1800","773732.0800","-0.3400","119.0000","46.3600","663198.9300","-0.2100","129.0000","41.8200","1.3300","0.2000","61.0000","72.7300","0.6700","0.8900","46.0000","79.5500","0.4000","36.0000","84.0900","-0.2700","-0.9600","-0.8300","-0.8000","-0.7400","1.8900","-0.5260","-0.2900","-0.7100","-0.1800","-0.5900","-0.5500","-0.0600","-0.7900","50.0000","32.2700","24.0900","22.2700","25.9100","95.9100","9.0900","54.5500","32.2700","60.9100","38.1800","33.6400","61.3600","25.0000","220","4/1/2025 16:37","3","1","3.0000","0.2500","0.0800","108.0000","18.0000","81.0000","48.0000","100.0000","-0.4500","1.0516","-0.1900","0.2000","-0.0900","51.3600","92.2700","63.6400","78.6400","55.0000","7","5","71.3600","64.0000","-0.0100","0.4200","89.0900","25.0000","0.9200","4","73.1800","60.0000","0.1000","8","50.4500","110.0000","-0.3600","0.6700","64.0900","80.0000","-0.0600","4","55.0000","100.0000","-0.2400","0.3300","93.6400","15.0000","1.5500","0.3300","78.6400","48.0000","0.7600","0.1700","99.0900","3.0000","3.8400","3","97.2700","7.0000","2.3200","0.2500","98.6400","4.0000","3.0900","2","98.6400","4.0000","2.6600","8","10","0"
"AAD2023.06.02752","177","6669","23","Rutgers - New Brunswick","Molecular Biology and Biochemistry, Department of","Biochemistry","16","140.0000","75","173.0000","14","140.0000","5.3600","190.0000","2756","142.0000","14","143.0000","1.0000","1.0000","8","136.0000","16","133.0000","18292025.0000","103.0000","23","69.0000","7","122.0000","0","150.0000","0","150.0000","16","16","5","19","19","0.0000","-0.9800","150.0000","32.2700","0.0000","-0.5900","150.0000","32.2700","0.8800","-0.1900","166.0000","25.0000","4.6900","-0.9800","188.0000","15.0000","0.8800","-0.2000","169.0000","23.6400","172.2500","-0.5400","143.0000","35.4500","36.7500","0.3300","58.0000","74.0900","0.5000","-0.2100","141.0000","36.3600","1.0000","-0.3300","130.0000","41.3600","1143251.5600","0.0800","93.0000","58.1800","1143251.5600","0.9800","37.0000","83.6400","1.4400","0.2900","52.0000","76.8200","0.4400","-0.0500","115.0000","48.1800","-0.5000","151.0000","31.8200","-0.3800","-0.9600","-0.4900","-0.4900","-0.4800","-0.9900","0.2509","-0.1400","-0.7100","-0.5800","-0.2900","-0.4800","-0.7200","-0.4500","45.0000","32.2700","35.4500","38.6400","36.8200","14.0900","100.0000","69.0900","32.2700","35.9100","53.6400","40.0000","21.8200","36.8200","220","4/1/2025 16:37","1","1","1.0000","0.0600","0.0600","108.0000","100.0000","121.0000","139.0000","131.0000","-0.4500","-0.2790","-0.3900","-0.4300","-0.3300","51.3600","55.0000","45.4500","37.2700","40.9100","7","1","29.0900","157.0000","-0.7500","0.0600","20.9100","175.0000","-0.7600","1","32.2700","150.0000","-0.8000","7","45.9100","120.0000","-0.3900","0.4400","49.5500","112.0000","-0.3400","4","55.0000","100.0000","-0.2400","0.0600","22.2700","172.0000","-0.9100","0.2500","63.1800","82.0000","0.2100","0.0000","87.7300","28.0000","-0.2600","0","87.7300","28.0000","-0.2700","0.0000","87.7300","28.0000","-0.2300","0","87.7300","28.0000","-0.2900","8","10","0"
"AAD2023.06.02752","212","6838","23","Temple University","Medical Genetics And Molecular Biochemistry, Department of","Biochemistry","11","178.0000","78","170.0000","8","194.0000","9.7500","108.0000","1433","175.0000","8","195.0000","1.0000","1.0000","7","150.0000","13","153.0000","6968748.0000","156.0000","3","183.0000","3","175.0000","1","98.0000","1","80.0000","16","16","5","19","19","0.0900","0.4600","58.0000","74.0900","0.0900","-0.0500","88.0000","60.4500","0.7300","-1.1900","201.0000","9.0900","7.0900","-0.5200","145.0000","34.5500","0.7300","-1.1500","201.0000","9.0900","130.2700","-0.6800","161.0000","27.2700","18.3700","-0.6500","168.0000","24.0900","0.6400","0.3300","92.0000","58.6400","1.1800","-0.0800","111.0000","50.0000","633522.5500","-0.5000","133.0000","40.0000","536057.5400","-0.5300","149.0000","32.7300","0.2700","-0.7000","178.0000","19.5500","0.2700","-0.7300","167.0000","24.5500","-0.6000","166.0000","25.0000","-0.7900","-0.2700","-1.0000","-0.5900","-0.9900","-0.1500","0.2509","-0.5800","-0.3900","-0.7200","-0.6600","-0.5800","-0.7100","-0.8800","20.9100","64.0900","11.8200","32.2700","12.2700","51.3600","100.0000","17.2700","55.9100","20.9100","29.5500","30.9100","23.1800","19.5500","220","4/1/2025 16:37","0","0","0.0000","0.0000","0.0000","167.0000","167.0000","167.0000","167.0000","167.0000","-0.8100","-0.9443","-0.4800","-0.6400","-1.0400","24.5500","24.5500","24.5500","24.5500","24.5500","7","2","38.6400","136.0000","-0.5700","0.1800","51.8200","107.0000","-0.1900","2","42.7300","127.0000","-0.5000","3","30.4500","154.0000","-0.5100","0.2700","35.4500","143.0000","-0.5400","2","35.9100","142.0000","-0.6100","0.1800","61.8200","85.0000","0.1700","0.1800","45.0000","122.0000","-0.2400","0.0000","87.7300","28.0000","-0.2600","0","87.7300","28.0000","-0.2700","0.0000","87.7300","28.0000","-0.2300","0","87.7300","28.0000","-0.2900","8","10","0"
"AAD2023.06.02752","221","6910","23","Texas State University","Chemistry and Biochemistry, Department of","Biochemistry","19","105.0000","135","132.0000","18","99.0000","7.5000","149.0000","1983","156.0000","18","100.0000","1.0000","1.0000","14","78.0000","27","92.0000","11383492.0000","126.0000","9","133.0000","7","122.0000","0","150.0000","0","150.0000","16","16","5","19","19","0.0000","-0.9800","150.0000","32.2700","0.0000","-0.5900","150.0000","32.2700","0.9500","0.3000","109.0000","50.9100","7.1100","-0.5200","143.0000","35.4500","0.9500","0.2700","115.0000","48.1800","104.3700","-0.7700","174.0000","21.3600","14.6900","-0.8500","191.0000","13.6400","0.7400","0.7400","53.0000","76.3600","1.4200","0.2500","91.0000","59.0900","599131.1600","-0.5300","137.0000","38.1800","421610.8100","-0.8200","167.0000","24.5500","0.4700","-0.5300","152.0000","31.3600","0.3700","-0.3300","136.0000","38.6400","-0.4000","137.0000","38.1800","-0.3800","-0.9600","-0.1500","0.1200","-0.1400","-0.5800","0.2509","-0.4500","-0.7100","-0.6600","-0.5200","-0.1100","-0.4600","-0.1900","45.0000","32.2700","55.0000","65.0000","55.4500","32.7300","100.0000","40.0000","32.2700","29.5500","43.1800","58.6400","40.4500","52.7300","220","4/1/2025 16:37","0","0","0.0000","0.0000","0.0000","167.0000","167.0000","167.0000","167.0000","167.0000","-0.8100","-0.9443","-0.4800","-0.6400","-1.0400","24.5500","24.5500","24.5500","24.5500","24.5500","7","1","29.0900","157.0000","-0.7500","0.0500","17.2700","183.0000","-0.8000","1","32.2700","150.0000","-0.8000","18","70.9100","65.0000","-0.0500","0.9500","75.9100","54.0000","0.2700","5","66.3600","75.0000","-0.0500","0.0500","18.6400","180.0000","-1.0000","0.2600","65.4500","77.0000","0.3000","0.0000","87.7300","28.0000","-0.2600","0","87.7300","28.0000","-0.2700","0.0000","87.7300","28.0000","-0.2300","0","87.7300","28.0000","-0.2900","8","10","0"
"AAD2023.06.02752","238","7025","23","Tulane University","Biochemistry and Molecular Biology, Department of","Biochemistry","23","70.0000","213","92.0000","21","79.0000","10.1400","103.0000","5895","95.0000","21","80.0000","1.0000","1.0000","14","78.0000","43","51.0000","41035460.0000","51.0000","10","129.0000","8","111.0000","1","98.0000","1","80.0000","16","16","5","19","19","0.0400","-0.2900","121.0000","45.4500","0.0400","-0.3300","128.0000","42.2700","0.9100","0.0700","138.0000","37.7300","9.2600","-0.1100","109.0000","50.9100","0.9100","0.0500","144.0000","35.0000","256.3000","-0.2700","109.0000","50.9100","27.6800","-0.1500","107.0000","51.8200","0.6100","0.2200","104.0000","53.1800","1.8700","0.8700","42.0000","81.3600","1784150.4300","0.7900","47.0000","79.0900","954313.0200","0.5100","77.0000","65.4500","0.4300","-0.5700","158.0000","28.6400","0.3500","-0.4200","145.0000","34.5500","0.0000","84.0000","62.2700","-0.2700","-0.2700","0.1000","0.1200","0.1100","-0.0800","0.2509","-0.4300","-0.3900","-0.2600","0.4500","0.4300","-0.1200","0.1600","50.0000","64.0900","64.0900","65.0000","64.5500","53.6400","100.0000","41.8200","55.9100","57.2700","77.2700","77.2700","58.6400","68.6400","220","4/1/2025 16:37","2","1","2.0000","0.0900","0.0400","108.0000","41.0000","101.0000","120.0000","159.0000","-0.4500","0.3863","-0.2900","-0.3500","-0.5400","51.3600","81.8200","54.5500","45.9100","28.1800","7","4","61.8200","85.0000","-0.2000","0.1700","48.1800","115.0000","-0.2300","4","73.1800","60.0000","0.1000","8","50.4500","110.0000","-0.3600","0.3500","42.7300","127.0000","-0.4500","4","55.0000","100.0000","-0.2400","0.1700","56.8200","96.0000","0.1000","0.1700","42.7300","127.0000","-0.2900","0.0000","87.7300","28.0000","-0.2600","0","87.7300","28.0000","-0.2700","0.0000","87.7300","28.0000","-0.2300","0","87.7300","28.0000","-0.2900","8","10","0"
"AAD2023.06.02752","244","7325","23","University of Alabama at Birmingham, The","Biochemistry and Molecular Genetics, Department of","Biochemistry","23","70.0000","220","87.0000","21","79.0000","10.4800","98.0000","9739","71.0000","21","80.0000","1.0000","1.0000","14","78.0000","30","83.0000","27233690.0000","83.0000","6","156.0000","4","160.0000","4","32.0000","2","44.0000","16","16","5","19","19","0.0900","0.3900","65.0000","70.9100","0.1700","0.4400","33.0000","85.4500","0.9100","0.0700","138.0000","37.7300","9.5700","-0.0600","98.0000","55.9100","0.9100","0.0500","144.0000","35.0000","423.4300","0.2900","61.0000","72.7300","44.2700","0.7400","33.0000","85.4500","0.6100","0.2200","104.0000","53.1800","1.3000","0.0900","104.0000","53.1800","1184073.4800","0.1200","87.0000","60.9100","907789.6700","0.4000","84.0000","62.2700","0.2600","-0.7200","179.0000","19.0900","0.1700","-1.1300","188.0000","15.0000","-0.2000","113.0000","49.0900","-0.6900","0.4300","0.1000","0.1200","0.1100","-0.0100","0.2509","-0.5200","0.5800","0.1300","0.0000","-0.0100","-0.0900","0.1600","27.7300","80.4500","64.0900","65.0000","64.5500","55.9100","100.0000","29.5500","85.9100","68.1800","62.7300","62.7300","60.9100","68.6400","220","4/1/2025 16:37","8","4","2.0000","0.3500","0.1700","33.0000","41.0000","30.0000","31.0000","34.0000","0.6300","0.3863","0.2900","0.5300","0.9300","85.4500","81.8200","86.8200","86.3600","85.0000","7","7","77.7300","50.0000","0.3600","0.3000","74.5500","57.0000","0.3900","5","78.1800","49.0000","0.4000","8","50.4500","110.0000","-0.3600","0.3500","42.7300","127.0000","-0.4500","8","81.3600","42.0000","0.5100","0.2200","70.4500","66.0000","0.5000","0.3500","80.0000","45.0000","0.8600","0.0000","87.7300","28.0000","-0.2600","0","87.7300","28.0000","-0.2700","0.0000","87.7300","28.0000","-0.2300","0","87.7300","28.0000","-0.2900","8","10","0"
"AAD2023.06.02752","247","7412","23","University of Arizona, The","Chemistry and Biochemistry, Department of","Biochemistry","34","26.0000","521","22.0000","34","24.0000","15.3200","38.0000","15813","38.0000","34","24.0000","1.0000","1.0000","26","18.0000","75","13.0000","36789812.0000","60.0000","89","17.0000","27","14.0000","3","47.0000","2","44.0000","16","16","5","19","19","0.0600","-0.0500","98.0000","55.9100","0.0900","-0.0700","92.0000","58.6400","1.0000","0.6600","1.0000","100.0000","15.3200","1.0300","36.0000","84.0900","1.0000","0.6100","1.0000","100.0000","465.0900","0.4200","52.0000","76.8200","30.3500","-0.0100","92.0000","58.6400","0.7600","0.8500","47.0000","79.0900","2.2100","1.3400","21.0000","90.9100","1082053.2900","0.0100","97.0000","56.3600","490530.8300","-0.6400","156.0000","29.5500","2.6200","1.3000","15.0000","93.6400","0.7900","1.4200","20.0000","91.3600","0.4000","36.0000","84.0900","1.6800","0.4300","1.2000","1.3300","1.2100","0.9100","0.2509","1.3300","0.2600","0.7500","0.3100","1.5100","1.2400","1.1100","94.0900","80.4500","89.5500","92.2700","89.5500","83.1800","100.0000","92.7300","79.0900","83.1800","73.1800","94.5500","90.4500","88.6400","220","4/1/2025 16:37","35","6","5.8300","1.0300","0.1800","14.0000","5.0000","5.0000","5.0000","33.0000","1.3500","2.9343","2.8900","2.8300","0.9600","94.0900","98.1800","98.1800","98.1800","85.4500","7","11","89.0900","25.0000","1.0900","0.3200","78.1800","49.0000","0.4800","9","92.2700","18.0000","1.6000","79","95.0000","12.0000","1.8200","2.3200","92.2700","18.0000","1.9300","16","95.9100","10.0000","1.9900","0.2600","82.2700","40.0000","0.9200","0.4700","94.5500","13.0000","1.6600","0.0000","87.7300","28.0000","-0.2600","0","87.7300","28.0000","-0.2700","0.0000","87.7300","28.0000","-0.2300","0","87.7300","28.0000","-0.2900","8","10","0"
"AAD2023.06.02752","286","7649","23","University of Louisville","Biochemistry and Molecular Genetics, Department of","Biochemistry","12","166.0000","167","114.0000","12","156.0000","13.9200","56.0000","5404","102.0000","12","158.0000","1.0000","1.0000","6","162.0000","9","175.0000","8231394.0000","145.0000","5","168.0000","4","160.0000","1","98.0000","1","80.0000","16","16","5","19","19","0.0800","0.3400","68.0000","69.5500","0.0800","-0.0900","94.0000","57.7300","1.0000","0.6600","1.0000","100.0000","13.9200","0.7600","51.0000","77.2700","1.0000","0.6100","1.0000","100.0000","450.3300","0.3800","55.0000","75.4500","32.3600","0.1000","87.0000","60.9100","0.5000","-0.2100","141.0000","36.3600","0.7500","-0.6700","161.0000","27.2700","685949.5000","-0.4400","127.0000","42.7300","914599.3300","0.4100","82.0000","63.1800","0.4200","-0.5800","161.0000","27.2700","0.3300","-0.4800","148.0000","33.1800","-0.1000","95.0000","57.2700","-0.6900","-0.2700","-0.6600","-0.6900","-0.6500","0.6400","0.2509","-0.5400","-0.3900","-0.3100","-0.6200","-0.7200","-0.3200","-0.7900","27.7300","64.0900","28.6400","26.8200","29.5500","75.0000","100.0000","24.0900","55.9100","54.0900","34.5500","20.9100","48.6400","25.0000","220","4/1/2025 16:37","1","1","1.0000","0.0800","0.0800","108.0000","100.0000","121.0000","123.0000","100.0000","-0.4500","-0.2790","-0.3900","-0.3600","-0.0900","51.3600","55.0000","45.4500","44.5500","55.0000","7","4","61.8200","85.0000","-0.2000","0.3300","80.4500","44.0000","0.5300","4","73.1800","60.0000","0.1000","2","26.3600","163.0000","-0.5400","0.1700","25.9100","164.0000","-0.6700","1","25.4500","165.0000","-0.7900","0.3300","93.6400","15.0000","1.5500","0.0800","20.0000","177.0000","-0.8900","0.0000","87.7300","28.0000","-0.2600","0","87.7300","28.0000","-0.2700","0.0000","87.7300","28.0000","-0.2300","0","87.7300","28.0000","-0.2900","8","10","0"
"AAD2023.06.02752","289","7698","23","University of Maryland, College Park","Chemistry and Biochemistry, Department of","Biochemistry","30","37.0000","785","8.0000","29","38.0000","27.0700","1.0000","18572","28.0000","29","38.0000","1.0000","1.0000","25","22.0000","68","15.0000","36414212.0000","61.0000","75","21.0000","25","15.0000","4","32.0000","4","9.0000","16","16","5","19","19","0.1300","1.1200","20.0000","91.3600","0.1300","0.2000","45.0000","80.0000","0.9700","0.4300","91.0000","59.0900","26.1700","3.0800","2.0000","99.5500","0.9700","0.4000","95.0000","57.2700","619.0700","0.9300","34.0000","85.0000","23.6600","-0.3700","130.0000","41.3600","0.8300","1.1300","23.0000","90.0000","2.2700","1.4200","18.0000","92.2700","1213807.0700","0.1600","83.0000","62.7300","535503.1200","-0.5300","150.0000","32.2700","2.5000","1.2000","20.0000","91.3600","0.8300","1.5800","15.0000","93.6400","0.5000","26.0000","88.6400","1.4800","1.8100","0.7800","1.2300","0.7900","3.1500","0.2509","1.0200","0.5800","1.0300","0.3000","1.2700","2.4000","0.7600","93.6400","96.3600","83.1800","90.4500","83.1800","100.0000","100.0000","90.9100","85.9100","87.7300","72.7300","93.6400","96.8200","83.6400","220","4/1/2025 16:37","12","4","3.0000","0.4000","0.1300","33.0000","18.0000","22.0000","28.0000","51.0000","0.6300","1.0516","0.6700","0.7100","0.4700","85.4500","92.2700","90.4500","87.7300","77.2700","7","4","61.8200","85.0000","-0.2000","0.1300","37.7300","138.0000","-0.4200","3","56.3600","97.0000","-0.2000","41","86.3600","31.0000","0.6600","1.3700","85.4500","33.0000","0.7800","10","86.3600","31.0000","0.8800","0.1000","34.5500","145.0000","-0.5700","0.3300","78.6400","48.0000","0.7600","0.0000","87.7300","28.0000","-0.2600","0","87.7300","28.0000","-0.2700","0.0000","87.7300","28.0000","-0.2300","0","87.7300","28.0000","-0.2900","8","10","0"
"AAD2023.06.02752","299","7836","23","University of Miami","Biochemistry and Molecular Biology, Department of","Biochemistry","25","57.0000","243","80.0000","23","59.0000","10.5700","94.0000","8985","74.0000","23","59.0000","1.0000","1.0000","9","127.0000","25","99.0000","25039131.0000","86.0000","14","110.0000","9","95.0000","5","21.0000","4","9.0000","16","16","5","19","19","0.1600","1.5400","16.0000","93.1800","0.2000","0.6000","23.0000","90.0000","0.9200","0.1100","132.0000","40.4500","9.7200","-0.0300","95.0000","57.2700","0.9200","0.0900","139.0000","37.2700","359.4000","0.0800","76.0000","65.9100","36.9800","0.3500","57.0000","74.5500","0.3600","-0.7800","173.0000","21.8200","1.0000","-0.3300","130.0000","41.3600","1001565.2400","-0.0800","104.0000","53.1800","1001565.2400","0.6300","68.0000","69.5500","0.5600","-0.4600","137.0000","38.1800","0.3600","-0.3700","139.0000","37.2700","-0.1000","95.0000","57.2700","-0.1700","1.8100","0.2700","-0.3900","0.2800","0.0000","0.2509","-0.3400","0.9000","0.0500","-0.0800","-0.1800","0.0200","0.3300","57.2700","96.3600","73.6400","42.7300","73.6400","57.7300","100.0000","50.4500","90.9100","66.8200","61.3600","55.4500","64.0900","74.5500","220","4/1/2025 16:37","1","1","1.0000","0.0400","0.0400","108.0000","100.0000","121.0000","165.0000","164.0000","-0.4500","-0.2790","-0.3900","-0.5100","-0.5800","51.3600","55.0000","45.4500","25.4500","25.9100","7","4","61.8200","85.0000","-0.2000","0.1600","43.1800","126.0000","-0.2900","5","78.1800","49.0000","0.4000","24","79.0900","47.0000","0.1400","0.9600","76.8200","52.0000","0.2900","6","71.8200","63.0000","0.1300","0.2000","67.7300","72.0000","0.3400","0.2400","56.8200","96.0000","0.1500","0.0000","87.7300","28.0000","-0.2600","0","87.7300","28.0000","-0.2700","0.0000","87.7300","28.0000","-0.2300","0","87.7300","28.0000","-0.2900","8","10","0"
"AAD2023.06.02752","308","7977","23","University of Nebraska - Lincoln","Biochemistry, Department of","Biochemistry","21","93.0000","253","73.0000","21","79.0000","12.0500","73.0000","6679","88.0000","21","80.0000","1.0000","1.0000","15","69.0000","28","87.0000","20687122.0000","99.0000","17","95.0000","10","79.0000","1","98.0000","1","80.0000","16","16","5","19","19","0.0500","-0.2300","115.0000","48.1800","0.0500","-0.3100","122.0000","45.0000","1.0000","0.6600","1.0000","100.0000","12.0500","0.4100","72.0000","67.7300","1.0000","0.6100","1.0000","100.0000","318.0500","-0.0600","87.0000","60.9100","26.4000","-0.2200","113.0000","49.0900","0.7100","0.6500","63.0000","71.8200","1.3300","0.1300","103.0000","53.6400","985101.0500","-0.1000","107.0000","51.8200","738825.7900","-0.0200","114.0000","48.6400","0.8100","-0.2500","100.0000","55.0000","0.4800","0.1100","98.0000","55.9100","0.2000","54.0000","75.9100","-0.0700","-0.2700","0.1000","0.2200","0.1100","0.2900","0.2509","-0.2700","-0.3900","-0.1800","-0.2200","-0.0800","0.0600","-0.0200","64.5500","64.0900","64.0900","69.0900","64.5500","67.2700","100.0000","57.2700","55.9100","60.4500","55.4500","60.9100","67.2700","58.1800","220","4/1/2025 16:37","5","3","1.6700","0.2400","0.1400","48.0000","64.0000","51.0000","50.0000","46.0000","0.2700","0.1667","0.0000","0.1600","0.5800","78.6400","71.3600","77.2700","77.7300","79.5500","7","8","81.3600","42.0000","0.5400","0.3800","85.0000","34.0000","0.7500","6","83.1800","38.0000","0.7000","9","55.0000","100.0000","-0.3200","0.4300","49.0900","113.0000","-0.3500","3","45.9100","120.0000","-0.4200","0.2900","86.3600","31.0000","1.1100","0.1400","37.7300","138.0000","-0.4900","0.0000","87.7300","28.0000","-0.2600","0","87.7300","28.0000","-0.2700","0.0000","87.7300","28.0000","-0.2300","0","87.7300","28.0000","-0.2900","8","10","0"
"AAD2023.06.02752","341","8113","23","University of Toledo, The","Cell and Cancer Biology, Department of","Biochemistry","18","116.0000","109","155.0000","17","110.0000","6.4100","177.0000","2500","145.0000","17","115.0000","1.0000","1.0000","6","162.0000","9","175.0000","7063735.0000","154.0000","2","191.0000","2","185.0000","0","150.0000","0","150.0000","16","16","5","19","19","0.0000","-0.9800","150.0000","32.2700","0.0000","-0.5900","150.0000","32.2700","0.9400","0.2800","113.0000","49.0900","6.0600","-0.7200","170.0000","23.1800","0.9400","0.2500","121.0000","45.4500","138.8900","-0.6500","157.0000","29.0900","22.9400","-0.4000","134.0000","39.5500","0.3300","-0.8800","174.0000","21.3600","0.5000","-1.0200","184.0000","16.8200","392429.7200","-0.7700","163.0000","26.3600","784859.4400","0.0900","107.0000","51.8200","0.1100","-0.8400","203.0000","8.1800","0.1100","-1.3900","200.0000","9.5500","-0.5000","151.0000","31.8200","-0.8900","-0.9600","-0.2300","-0.6900","-0.2300","-0.7900","0.2509","-0.6100","-0.7100","-0.6100","-0.6600","-0.7200","-0.5700","-0.2800","16.3600","32.2700","48.1800","26.8200","50.4500","20.0000","100.0000","13.6400","32.2700","34.5500","30.4500","20.9100","30.0000","47.7300","220","4/1/2025 16:37","1","1","1.0000","0.0600","0.0600","108.0000","100.0000","121.0000","146.0000","141.0000","-0.4500","-0.2790","-0.3900","-0.4600","-0.4100","51.3600","55.0000","45.4500","34.0900","36.3600","7","3","48.1800","115.0000","-0.3800","0.1700","46.3600","119.0000","-0.2600","3","56.3600","97.0000","-0.2000","15","65.4500","77.0000","-0.1400","0.8300","73.1800","60.0000","0.1400","6","71.8200","63.0000","0.1300","0.1700","53.1800","104.0000","0.0400","0.3300","78.6400","48.0000","0.7600","0.0600","94.0900","14.0000","1.1100","1","94.0900","14.0000","0.6000","0.0600","91.8200","19.0000","0.5100","1","95.9100","10.0000","1.1900","8","10","0"
"AAD2023.06.02752","341","8121","23","University of Toledo, The","Chemistry and Biochemistry, Department of","Biochemistry","18","116.0000","132","136.0000","18","99.0000","7.3300","153.0000","2498","146.0000","18","100.0000","1.0000","1.0000","9","127.0000","14","147.0000","5625758.0000","162.0000","14","110.0000","9","95.0000","1","98.0000","1","80.0000","16","16","5","19","19","0.0600","-0.1000","102.0000","54.0900","0.0600","-0.2600","119.0000","46.3600","1.0000","0.6600","1.0000","100.0000","7.3300","-0.4800","139.0000","37.2700","1.0000","0.6100","1.0000","100.0000","138.7800","-0.6500","158.0000","28.6400","18.9200","-0.6200","164.0000","25.9100","0.5000","-0.2100","141.0000","36.3600","0.7800","-0.6400","157.0000","29.0900","312542.1100","-0.8600","170.0000","23.1800","401839.8600","-0.8600","172.0000","22.2700","0.7800","-0.2700","102.0000","54.0900","0.5000","0.2100","82.0000","63.1800","-0.4000","137.0000","38.1800","-0.1700","-0.2700","-0.1500","-0.3900","-0.1400","-0.6100","0.2509","-0.3400","-0.3900","-0.6100","-0.7100","-0.5500","-0.4700","-0.2800","57.2700","64.0900","55.0000","42.7300","55.4500","30.9100","100.0000","50.4500","55.9100","34.0900","26.8200","33.6400","38.6400","47.7300","220","4/1/2025 16:37","1","1","1.0000","0.0600","0.0600","108.0000","100.0000","121.0000","146.0000","141.0000","-0.4500","-0.2790","-0.3900","-0.4600","-0.4100","51.3600","55.0000","45.4500","34.0900","36.3600","7","4","61.8200","85.0000","-0.2000","0.2200","58.6400","92.0000","0.0000","3","56.3600","97.0000","-0.2000","14","64.0900","80.0000","-0.1700","0.7800","70.0000","67.0000","0.0700","6","71.8200","63.0000","0.1300","0.1700","53.1800","104.0000","0.0400","0.3300","78.6400","48.0000","0.7600","0.0000","87.7300","28.0000","-0.2600","0","87.7300","28.0000","-0.2700","0.0000","87.7300","28.0000","-0.2300","0","87.7300","28.0000","-0.2900","8","10","0"
"AAD2023.06.02752","344","8226","23","University of Vermont, The","Biochemistry, Department of","Biochemistry","11","178.0000","66","178.0000","11","164.0000","6.0000","183.0000","1829","162.0000","10","168.0000","0.9100","201.0000","3","185.0000","4","193.0000","3612338.0000","179.0000","15","107.0000","5","143.0000","1","98.0000","1","80.0000","16","16","5","19","19","0.0900","0.4600","58.0000","74.0900","0.0900","-0.0500","88.0000","60.4500","1.0000","0.6600","1.0000","100.0000","6.0000","-0.7300","171.0000","22.7300","0.9100","0.0200","147.0000","33.6400","166.2700","-0.5600","147.0000","33.6400","27.7100","-0.1500","106.0000","52.2700","0.2700","-1.1300","186.0000","15.9100","0.3600","-1.2100","191.0000","13.6400","328394.3600","-0.8400","168.0000","24.0900","903084.5000","0.3800","87.0000","60.9100","1.3600","0.2300","58.0000","74.0900","0.4500","0.0200","105.0000","52.7300","-0.1000","95.0000","57.2700","-0.5800","-0.2700","-0.8300","-1.0000","-0.7400","-0.8700","-0.5260","-0.3200","-0.3900","-0.6800","-0.7700","-0.8900","-0.7600","-0.8800","35.4500","64.0900","24.0900","16.3600","25.9100","17.2700","9.0900","51.8200","55.9100","26.8200","19.0900","12.7300","19.5500","19.5500","220","4/1/2025 16:37","0","0","0.0000","0.0000","0.0000","167.0000","167.0000","167.0000","167.0000","167.0000","-0.8100","-0.9443","-0.4800","-0.6400","-1.0400","24.5500","24.5500","24.5500","24.5500","24.5500","7","3","48.1800","115.0000","-0.3800","0.2700","68.6400","70.0000","0.2400","5","78.1800","49.0000","0.4000","9","55.0000","100.0000","-0.3200","0.8200","71.8200","63.0000","0.1200","3","45.9100","120.0000","-0.4200","0.4500","99.0900","3.0000","2.6400","0.2700","68.1800","71.0000","0.3600","0.0000","87.7300","28.0000","-0.2600","0","87.7300","28.0000","-0.2700","0.0000","87.7300","28.0000","-0.2300","0","87.7300","28.0000","-0.2900","8","10","0"
"AAD2023.06.02752","347","8327","23","University of Wisconsin - Madison","Biochemistry, Department of","Biochemistry","31","31.0000","465","33.0000","31","29.0000","15.0000","42.0000","14013","44.0000","31","28.0000","1.0000","1.0000","25","22.0000","58","30.0000","64471598.0000","26.0000","69","24.0000","24","18.0000","4","32.0000","2","44.0000","16","16","5","19","19","0.0600","0.0400","95.0000","57.2700","0.1300","0.1800","49.0000","78.1800","1.0000","0.6600","1.0000","100.0000","15.0000","0.9700","39.0000","82.7300","1.0000","0.6100","1.0000","100.0000","452.0300","0.3800","54.0000","75.9100","30.1400","-0.0200","94.0000","57.7300","0.8100","1.0200","32.0000","85.9100","1.8700","0.8800","41.0000","81.8200","2079728.9700","1.1300","31.0000","86.3600","1111579.2800","0.9000","46.0000","79.5500","2.2300","0.9600","29.0000","87.2700","0.7700","1.3300","25.0000","89.0900","0.6000","23.0000","90.0000","1.3700","0.4300","0.9500","1.2300","0.9600","0.8500","0.2509","0.8900","0.5800","0.5700","1.2100","0.9400","0.9900","0.8500","92.2700","80.4500","87.7300","90.4500","87.2700","81.3600","100.0000","89.5500","85.9100","80.4500","88.6400","86.8200","85.4500","86.3600","220","4/1/2025 16:37","2","2","1.0000","0.0600","0.0600","69.0000","100.0000","101.0000","138.0000","129.0000","-0.0900","-0.2790","-0.2900","-0.4300","-0.3100","69.0900","55.0000","54.5500","37.7300","41.8200","7","12","90.0000","23.0000","1.2800","0.3900","86.3600","31.0000","0.7800","7","87.7300","28.0000","1.0000","62","91.8200","19.0000","1.3000","2.0000","91.3600","20.0000","1.5400","14","94.0900","14.0000","1.6200","0.2300","72.7300","61.0000","0.5700","0.4500","92.2700","18.0000","1.5400","0.0000","87.7300","28.0000","-0.2600","0","87.7300","28.0000","-0.2700","0.0000","87.7300","28.0000","-0.2300","0","87.7300","28.0000","-0.2900","8","10","0"
"AAD2023.06.02752","347","8330","23","University of Wisconsin - Madison","Biomolecular Chemistry, Department of","Biochemistry","15","147.0000","243","80.0000","15","134.0000","16.2000","35.0000","8435","77.0000","15","134.0000","1.0000","1.0000","14","78.0000","28","87.0000","34475536.0000","64.0000","47","37.0000","14","54.0000","0","150.0000","0","150.0000","16","16","5","19","19","0.0000","-0.9800","150.0000","32.2700","0.0000","-0.5900","150.0000","32.2700","1.0000","0.6600","1.0000","100.0000","16.2000","1.2000","29.0000","87.2700","1.0000","0.6100","1.0000","100.0000","562.3300","0.7500","40.0000","82.2700","34.7100","0.2300","70.0000","68.6400","0.9300","1.5300","7.0000","97.2700","1.8700","0.8700","45.0000","80.0000","2298369.0700","1.3700","22.0000","90.4500","1231269.1400","1.2000","24.0000","89.5500","3.1300","1.7400","12.0000","95.0000","0.9300","1.9900","4.0000","98.6400","0.7000","13.0000","94.5500","0.3400","-0.9600","-0.4000","0.1200","-0.4000","1.0800","0.2509","0.4000","-0.7100","0.0000","0.2300","-0.0800","0.0200","-0.5400","75.9100","32.2700","39.5500","65.0000","39.5500","84.5500","100.0000","83.6400","32.2700","65.4500","71.3600","60.9100","64.0900","33.6400","220","4/1/2025 16:37","1","1","1.0000","0.0700","0.0700","108.0000","100.0000","121.0000","137.0000","126.0000","-0.4500","-0.2790","-0.3900","-0.4200","-0.2800","51.3600","55.0000","45.4500","38.1800","43.1800","7","5","71.3600","64.0000","-0.0100","0.3300","80.4500","44.0000","0.5300","4","73.1800","60.0000","0.1000","27","80.9100","43.0000","0.2300","1.8000","89.0900","25.0000","1.3000","5","66.3600","75.0000","-0.0500","0.2700","82.7300","39.0000","0.9400","0.3300","78.6400","48.0000","0.7600","0.0700","95.0000","12.0000","1.3800","1","94.0900","14.0000","0.6000","0.0700","93.1800","16.0000","0.6500","1","95.9100","10.0000","1.1900","8","10","0"
"AAD2023.06.02752","350","8444","23","Utah State University","Chemistry and Biochemistry, Department of","Biochemistry","20","101.0000","285","63.0000","16","124.0000","17.8100","21.0000","7529","82.0000","17","115.0000","1.0000","1.0000","11","105.0000","24","103.0000","9324991.0000","136.0000","17","95.0000","10","79.0000","0","150.0000","0","150.0000","16","16","5","19","19","0.0000","-0.9800","150.0000","32.2700","0.0000","-0.5900","150.0000","32.2700","0.8000","-0.7000","189.0000","14.5500","14.2500","0.8300","48.0000","78.6400","0.8500","-0.3600","178.0000","19.5500","376.4500","0.1300","74.0000","66.8200","26.4200","-0.2200","112.0000","49.5500","0.5500","-0.0100","129.0000","41.8200","1.2000","-0.0500","109.0000","50.9100","466249.5500","-0.6800","153.0000","30.9100","388541.2900","-0.9000","173.0000","21.8200","0.8500","-0.2100","94.0000","57.7300","0.5000","0.2100","82.0000","63.1800","-0.2000","113.0000","49.0900","-0.0700","-0.9600","-0.2300","-0.1900","-0.3100","1.3800","0.2509","-0.2700","-0.7100","-0.0900","-0.5900","-0.2100","0.2000","-0.1000","64.5500","32.2700","48.1800","52.7300","44.0900","90.9100","100.0000","57.2700","32.2700","63.1800","38.6400","53.6400","71.8200","54.5500","220","4/1/2025 16:37","4","2","2.0000","0.2000","0.1000","69.0000","41.0000","66.0000","65.0000","81.0000","-0.0900","0.3863","-0.1000","0.0300","0.1000","69.0900","81.8200","70.4500","70.9100","63.6400","7","2","38.6400","136.0000","-0.5700","0.1000","30.4500","154.0000","-0.5800","2","42.7300","127.0000","-0.5000","16","66.8200","74.0000","-0.1100","0.8000","70.9100","65.0000","0.1000","5","66.3600","75.0000","-0.0500","0.1000","34.5500","145.0000","-0.5700","0.2500","63.1800","82.0000","0.2100","0.0000","87.7300","28.0000","-0.2600","0","87.7300","28.0000","-0.2700","0.0000","87.7300","28.0000","-0.2300","0","87.7300","28.0000","-0.2900","8","10","0"
"AAD2023.06.02752","351","8498","23","Vanderbilt University","Biochemistry, Department of","Biochemistry","46","10.0000","530","21.0000","46","10.0000","11.5200","79.0000","17200","32.0000","46","10.0000","1.0000","1.0000","25","22.0000","49","43.0000","66797212.0000","23.0000","88","19.0000","24","18.0000","5","21.0000","3","22.0000","16","16","5","19","19","0.0700","0.0500","94.0000","57.7300","0.1100","0.0600","71.0000","68.1800","1.0000","0.6600","1.0000","100.0000","11.5200","0.3100","76.0000","65.9100","1.0000","0.6100","1.0000","100.0000","373.9100","0.1200","75.0000","66.3600","32.4500","0.1000","84.0000","62.2700","0.5400","-0.0400","130.0000","41.3600","1.0700","-0.2400","127.0000","42.7300","1452113.3000","0.4200","65.0000","70.9100","1363208.4100","1.5300","15.0000","93.6400","1.9100","0.6900","36.0000","84.0900","0.5200","0.3000","80.0000","64.0900","0.3000","47.0000","79.0900","1.3700","1.1200","2.2200","1.2300","2.2300","0.1900","0.2509","1.3100","0.9000","0.8900","1.2800","0.6300","1.2800","2.1500","92.2700","90.4500","95.9100","90.4500","95.9100","64.5500","100.0000","91.8200","90.9100","85.9100","90.0000","80.9100","90.9100","95.9100","220","4/1/2025 16:37","13","6","2.1700","0.2800","0.1300","14.0000","38.0000","18.0000","43.0000","52.0000","1.3500","0.4994","0.7700","0.3100","0.4400","94.0900","83.1800","92.2700","80.9100","76.8200","7","13","91.8200","19.0000","1.4600","0.2800","70.4500","66.0000","0.2900","8","91.3600","20.0000","1.3000","40","85.9100","32.0000","0.6300","0.8700","73.6400","59.0000","0.1800","11","89.0900","25.0000","1.0600","0.1700","56.8200","96.0000","0.1000","0.2400","56.3600","97.0000","0.1400","0.0000","87.7300","28.0000","-0.2600","0","87.7300","28.0000","-0.2700","0.0000","87.7300","28.0000","-0.2300","0","87.7300","28.0000","-0.2900","8","10","0"
"AAD2023.06.02752","358","8587","23","Washington University in St. Louis","Biochemistry and Molecular Biophysics, Department of","Biochemistry","19","105.0000","366","41.0000","19","97.0000","19.2600","15.0000","16934","33.0000","19","97.0000","1.0000","1.0000","17","54.0000","40","55.0000","46065113.0000","46.0000","45","40.0000","17","40.0000","2","68.0000","2","44.0000","16","16","5","19","19","0.1100","0.6800","45.0000","80.0000","0.1100","0.0400","74.0000","66.8200","1.0000","0.6600","1.0000","100.0000","19.2600","1.7700","12.0000","95.0000","1.0000","0.6100","1.0000","100.0000","891.2600","1.8300","13.0000","94.5500","46.2700","0.8400","29.0000","87.2700","0.8900","1.3700","12.0000","95.0000","2.1100","1.2000","31.0000","86.3600","2424479.6300","1.5100","16.0000","93.1800","1151627.8300","1.0000","35.0000","84.5500","2.3700","1.0800","24.0000","89.5500","0.8900","1.8300","8.0000","96.8200","0.7000","13.0000","94.5500","0.6500","0.4300","-0.0700","0.4200","-0.0600","1.6600","0.2509","0.3500","-0.0600","0.8700","0.6100","0.3300","0.5600","-0.1900","82.2700","80.4500","56.3600","75.9100","56.3600","93.6400","100.0000","82.2700","69.5500","85.4500","79.5500","75.4500","81.8200","52.7300","220","4/1/2025 16:37","1","1","1.0000","0.0500","0.0500","108.0000","100.0000","121.0000","152.0000","146.0000","-0.4500","-0.2790","-0.3900","-0.4700","-0.4400","51.3600","55.0000","45.4500","31.3600","34.0900","7","5","71.3600","64.0000","-0.0100","0.2600","67.7300","72.0000","0.2000","4","73.1800","60.0000","0.1000","19","73.1800","60.0000","-0.0200","1.0000","79.5500","46.0000","0.3400","4","55.0000","100.0000","-0.2400","0.2100","69.5500","68.0000","0.4300","0.2100","50.9100","109.0000","-0.0500","0.0000","87.7300","28.0000","-0.2600","0","87.7300","28.0000","-0.2700","0.0000","87.7300","28.0000","-0.2300","0","87.7300","28.0000","-0.2900","8","10","0"
"AAD2023.06.02752","27","8709","23","Brigham Young University","Chemistry and Biochemistry, Department of","Biochemistry","31","31.0000","447","35.0000","31","29.0000","14.4200","53.0000","10286","68.0000","31","28.0000","1.0000","1.0000","16","61.0000","38","57.0000","21485774.0000","94.0000","21","80.0000","14","54.0000","1","98.0000","1","80.0000","16","16","5","19","19","0.0300","-0.4700","140.0000","36.8200","0.0300","-0.4000","143.0000","35.4500","1.0000","0.6600","1.0000","100.0000","14.4200","0.8600","45.0000","80.0000","1.0000","0.6100","1.0000","100.0000","331.8100","-0.0200","83.0000","62.7300","23.0100","-0.4000","133.0000","40.0000","0.5200","-0.1500","139.0000","37.2700","1.2300","-0.0200","107.0000","51.8200","693089.4800","-0.4300","125.0000","43.6400","565415.1100","-0.4600","137.0000","38.1800","0.6800","-0.3600","119.0000","46.3600","0.4500","0.0100","110.0000","50.4500","0.1000","65.0000","70.9100","0.3400","-0.2700","0.9500","0.3200","0.9600","0.7400","0.2509","-0.1800","-0.3900","0.1900","-0.1900","0.2600","0.9100","0.8500","75.9100","64.0900","87.7300","72.7300","87.2700","76.3600","100.0000","64.0900","55.9100","69.5500","57.7300","74.5500","84.5500","86.3600","220","4/1/2025 16:37","62","11","5.6400","2.0000","0.3500","4.0000","6.0000","2.0000","2.0000","3.0000","3.1400","2.8079","5.4900","6.1100","2.9800","98.6400","97.7300","99.5500","99.5500","99.0900","7","5","71.3600","64.0000","-0.0100","0.1600","44.0900","124.0000","-0.2900","4","73.1800","60.0000","0.1000","85","95.4500","11.0000","2.0000","2.7400","95.4500","11.0000","2.4300","15","94.5500","13.0000","1.8000","0.1300","42.2700","128.0000","-0.3000","0.4800","95.4500","11.0000","1.7500","0.0000","87.7300","28.0000","-0.2600","0","87.7300","28.0000","-0.2700","0.0000","87.7300","28.0000","-0.2300","0","87.7300","28.0000","-0.2900","8","10","0"
"AAD2023.06.02752","60","8758","23","Duke University","Biochemistry, Department of","Biochemistry","17","131.0000","214","91.0000","16","124.0000","13.3800","62.0000","11547","59.0000","16","126.0000","1.0000","1.0000","10","115.0000","28","87.0000","36347151.0000","62.0000","42","42.0000","13","61.0000","0","150.0000","0","150.0000","16","16","5","19","19","0.0000","-0.9800","150.0000","32.2700","0.0000","-0.5900","150.0000","32.2700","0.9400","0.2600","119.0000","46.3600","12.5900","0.5100","64.0000","71.3600","0.9400","0.2300","126.0000","43.1800","679.2400","1.1300","26.0000","88.6400","53.9600","1.2500","21.0000","90.9100","0.5900","0.1400","116.0000","47.7300","1.6500","0.5700","61.0000","72.7300","2138067.7100","1.1900","27.0000","88.1800","1298112.5400","1.3700","18.0000","92.2700","2.4700","1.1700","21.0000","90.9100","0.7600","1.3000","29.0000","87.2700","0.5000","26.0000","88.6400","0.2400","-0.9600","-0.3200","-0.2900","-0.3100","0.5400","0.2509","0.2800","-0.7100","0.3200","0.2900","-0.0800","-0.1100","-0.3600","72.7300","32.2700","43.1800","48.1800","44.0900","72.2700","100.0000","81.3600","32.2700","73.6400","72.2700","60.9100","59.0900","40.9100","220","4/1/2025 16:37","5","2","2.5000","0.2900","0.1200","69.0000","30.0000","51.0000","40.0000","61.0000","-0.0900","0.7189","0.0000","0.3500","0.3000","69.0900","86.8200","77.2700","82.2700","72.7300","7","4","61.8200","85.0000","-0.2000","0.2400","62.7300","83.0000","0.0600","3","56.3600","97.0000","-0.2000","18","70.9100","65.0000","-0.0500","1.0600","80.4500","44.0000","0.4100","4","55.0000","100.0000","-0.2400","0.1800","58.6400","92.0000","0.1300","0.2400","55.9100","98.0000","0.1200","0.0000","87.7300","28.0000","-0.2600","0","87.7300","28.0000","-0.2700","0.0000","87.7300","28.0000","-0.2300","0","87.7300","28.0000","-0.2900","8","10","0"
"AAD2023.06.02752","102","8846","23","Johns Hopkins University","Biochemistry and Molecular Biology, Department of","Biochemistry","14","153.0000","194","103.0000","13","150.0000","14.9200","44.0000","13566","48.0000","13","150.0000","1.0000","1.0000","10","115.0000","21","115.0000","29937837.0000","72.0000","26","64.0000","9","95.0000","2","68.0000","2","44.0000","16","16","5","19","19","0.1400","1.2700","17.0000","92.7300","0.1400","0.2600","40.0000","82.2700","0.9300","0.1700","127.0000","42.7300","13.8600","0.7500","53.0000","76.3600","0.9300","0.1500","137.0000","38.1800","969.0000","2.0900","11.0000","95.4500","69.9300","2.1100","6.0000","97.7300","0.7100","0.6500","63.0000","71.8200","1.5000","0.3600","78.0000","65.0000","2138416.9300","1.1900","26.0000","88.6400","1425611.2900","1.6900","8.0000","96.8200","1.8600","0.6500","37.0000","83.6400","0.6400","0.7900","50.0000","77.7300","0.5000","26.0000","88.6400","-0.1700","0.4300","-0.5700","-0.2900","-0.5700","0.8300","0.2509","-0.0700","-0.0600","0.5200","0.0800","-0.3100","-0.2000","-0.6200","57.2700","80.4500","32.2700","48.1800","32.2700","80.4500","100.0000","71.3600","69.5500","78.6400","67.7300","48.1800","53.6400","30.9100","220","4/1/2025 16:37","2","1","2.0000","0.1400","0.0700","108.0000","41.0000","101.0000","84.0000","117.0000","-0.4500","0.3863","-0.2900","-0.1600","-0.2300","51.3600","81.8200","54.5500","62.2700","47.2700","7","2","38.6400","136.0000","-0.5700","0.1400","40.9100","131.0000","-0.3700","2","42.7300","127.0000","-0.5000","0","13.6400","191.0000","-0.6000","0.0000","13.6400","191.0000","-0.8700","0","13.6400","191.0000","-0.9800","0.1400","48.1800","115.0000","-0.1800","0.0000","13.6400","191.0000","-1.4300","0.0000","87.7300","28.0000","-0.2600","0","87.7300","28.0000","-0.2700","0.0000","87.7300","28.0000","-0.2300","0","87.7300","28.0000","-0.2900","8","10","0"
"AAD2023.06.02752","153","9000","23","Northwestern University","Pharmacology, Department of","Biochemistry","39","16.0000","363","42.0000","38","17.0000","9.5500","114.0000","15884","37.0000","38","16.0000","1.0000","1.0000","19","43.0000","47","47.0000","55272413.0000","37.0000","30","58.0000","14","54.0000","3","47.0000","2","44.0000","16","16","5","19","19","0.0500","-0.1700","113.0000","49.0900","0.0800","-0.1300","104.0000","53.1800","0.9700","0.4800","85.0000","61.8200","9.3100","-0.1000","108.0000","51.3600","0.9700","0.4500","90.0000","59.5500","407.2800","0.2300","65.0000","70.9100","43.7600","0.7100","37.0000","83.6400","0.4900","-0.2700","149.0000","32.7300","1.2100","-0.0400","108.0000","51.3600","1417241.3600","0.3800","69.0000","69.0900","1176008.7900","1.0700","31.0000","86.3600","0.7700","-0.2800","105.0000","52.7300","0.3600","-0.3700","141.0000","36.3600","0.1000","65.0000","70.9100","0.3400","0.4300","1.5400","0.6200","1.5500","-0.1900","0.2509","0.0200","0.2600","0.7600","0.9100","0.5600","0.5400","1.5400","75.9100","80.4500","93.1800","80.9100","92.7300","48.6400","100.0000","74.0900","79.0900","83.6400","83.6400","79.0900","81.3600","93.1800","220","4/1/2025 16:37","6","4","1.5000","0.1500","0.1000","33.0000","70.0000","45.0000","79.0000","80.0000","0.6300","0.0536","0.1000","-0.1200","0.1200","85.4500","68.6400","80.0000","64.5500","64.0900","7","6","73.6400","59.0000","0.1700","0.1500","41.3600","130.0000","-0.3200","7","87.7300","28.0000","1.0000","22","76.3600","53.0000","0.0700","0.5600","58.6400","92.0000","-0.1900","8","81.3600","42.0000","0.5100","0.1800","59.5500","90.0000","0.1500","0.2100","48.6400","114.0000","-0.0800","0.0000","87.7300","28.0000","-0.2600","0","87.7300","28.0000","-0.2700","0.0000","87.7300","28.0000","-0.2300","0","87.7300","28.0000","-0.2900","8","10","0"
"AAD2023.06.02752","153","9041","23","Northwestern University","Molecular Biosciences, Department of","Biochemistry","31","31.0000","266","70.0000","30","33.0000","8.8700","131.0000","12029","56.0000","30","33.0000","1.0000","1.0000","24","27.0000","52","39.0000","60768957.0000","33.0000","66","25.0000","22","26.0000","1","98.0000","1","80.0000","16","16","5","19","19","0.0300","-0.4700","140.0000","36.8200","0.0300","-0.4000","143.0000","35.4500","0.9700","0.4400","89.0000","60.0000","8.5800","-0.2400","120.0000","45.9100","0.9700","0.4000","93.0000","58.1800","388.0300","0.1700","70.0000","68.6400","45.2200","0.7900","30.0000","86.8200","0.7700","0.8900","44.0000","80.4500","1.6800","0.6100","59.0000","73.6400","1960288.9400","0.9900","37.0000","83.6400","1168633.7900","1.0500","33.0000","85.4500","2.1300","0.8800","31.0000","86.3600","0.7100","1.0700","38.0000","83.1800","0.0000","84.0000","62.2700","1.1700","-0.2700","0.8600","1.1300","0.8700","-0.3200","0.2509","0.8200","-0.3900","0.3700","1.0900","0.7300","0.1200","0.8500","88.6400","64.0900","85.4500","88.1800","85.4500","40.9100","100.0000","89.0900","55.9100","75.0000","85.4500","82.7300","68.6400","86.3600","220","4/1/2025 16:37","3","3","1.0000","0.1000","0.1000","48.0000","100.0000","81.0000","114.0000","91.0000","0.2700","-0.2790","-0.1900","-0.3200","0.0600","78.6400","55.0000","63.6400","48.6400","59.0900","7","7","77.7300","50.0000","0.3600","0.2300","59.5500","90.0000","0.0200","7","87.7300","28.0000","1.0000","10","58.6400","92.0000","-0.2900","0.3200","40.0000","133.0000","-0.4800","5","66.3600","75.0000","-0.0500","0.2300","72.7300","61.0000","0.5700","0.1600","40.4500","132.0000","-0.3700","0.0000","87.7300","28.0000","-0.2600","0","87.7300","28.0000","-0.2700","0.0000","87.7300","28.0000","-0.2300","0","87.7300","28.0000","-0.2900","8","10","0"
"AAD2023.06.02752","168","9069","23","Purdue University","Biochemistry, Department of","Biochemistry","20","101.0000","211","93.0000","18","99.0000","11.7200","75.0000","5188","106.0000","18","100.0000","1.0000","1.0000","17","54.0000","34","70.0000","24227457.0000","88.0000","20","85.0000","11","73.0000","2","68.0000","2","44.0000","16","16","5","19","19","0.1000","0.6000","51.0000","77.2700","0.1000","0.0000","80.0000","64.0900","0.9000","-0.0200","147.0000","33.6400","10.5500","0.1300","89.0000","60.0000","0.9000","-0.0300","150.0000","32.2700","259.4000","-0.2600","106.0000","52.2700","24.5900","-0.3200","123.0000","44.5500","0.8500","1.1900","22.0000","90.4500","1.7000","0.6400","56.0000","75.0000","1211372.8500","0.1500","84.0000","62.2700","712572.2600","-0.0900","119.0000","46.3600","1.0000","-0.0800","82.0000","63.1800","0.5500","0.4100","71.0000","68.1800","0.1000","65.0000","70.9100","0.0300","0.4300","-0.1500","0.4200","-0.1400","0.2200","0.2509","-0.2100","-0.0600","-0.3300","-0.1000","0.1200","-0.1300","-0.1000","67.2700","80.4500","55.0000","75.9100","55.4500","66.3600","100.0000","61.8200","69.5500","52.2700","60.4500","68.6400","58.1800","54.5500","220","4/1/2025 16:37","3","3","1.0000","0.1500","0.1500","48.0000","100.0000","81.0000","82.0000","45.0000","0.2700","-0.2790","-0.1900","-0.1400","0.6600","78.6400","55.0000","63.6400","63.1800","80.0000","7","4","61.8200","85.0000","-0.2000","0.2000","55.0000","100.0000","-0.1000","2","42.7300","127.0000","-0.5000","13","63.1800","82.0000","-0.2000","0.6500","62.7300","83.0000","-0.0800","4","55.0000","100.0000","-0.2400","0.1000","34.5500","145.0000","-0.5700","0.2000","48.1800","115.0000","-0.1200","0.0000","87.7300","28.0000","-0.2600","0","87.7300","28.0000","-0.2700","0.0000","87.7300","28.0000","-0.2300","0","87.7300","28.0000","-0.2900","8","10","0"
"AAD2023.06.02752","277","9182","23","University of Houston","Biology and Biochemistry, Department of","Biochemistry","46","10.0000","437","37.0000","42","12.0000","10.4000","101.0000","10059","69.0000","44","11.0000","1.0000","1.0000","28","15.0000","47","47.0000","31919150.0000","67.0000","34","52.0000","18","36.0000","5","21.0000","5","5.0000","16","16","5","19","19","0.1100","0.7400","41.0000","81.8200","0.1100","0.0600","71.0000","68.1800","0.9100","0.0700","138.0000","37.7300","9.5000","-0.0700","100.0000","55.0000","0.9600","0.3300","104.0000","53.1800","218.6700","-0.3900","127.0000","42.7300","23.0200","-0.4000","132.0000","40.4500","0.6100","0.2200","104.0000","53.1800","1.0200","-0.3000","129.0000","41.8200","693894.5700","-0.4300","124.0000","44.0900","679130.8500","-0.1700","125.0000","43.6400","0.7400","-0.3100","110.0000","50.4500","0.3900","-0.2400","133.0000","40.0000","-0.3000","123.0000","44.5500","0.7500","2.5100","2.0500","1.5300","1.8900","-0.0300","0.2509","0.1100","0.9000","0.1600","0.1500","0.5600","0.8700","2.1500","84.0900","98.1800","95.4500","93.6400","95.0000","54.5500","100.0000","76.8200","90.9100","69.0900","70.0000","79.0900","83.6400","95.9100","220","4/1/2025 16:37","7","5","1.4000","0.1500","0.1100","19.0000","82.0000","35.0000","80.0000","75.0000","0.9900","-0.0129","0.1900","-0.1300","0.1900","91.8200","63.1800","84.5500","64.0900","66.3600","7","10","86.8200","30.0000","0.9100","0.2200","57.2700","95.0000","-0.0200","8","91.3600","20.0000","1.3000","32","84.0900","36.0000","0.3800","0.7000","65.9100","76.0000","-0.0300","12","90.9100","21.0000","1.2500","0.1700","56.8200","96.0000","0.1000","0.2600","64.5500","79.0000","0.2800","0.0000","87.7300","28.0000","-0.2600","0","87.7300","28.0000","-0.2700","0.0000","87.7300","28.0000","-0.2300","0","87.7300","28.0000","-0.2900","8","10","0"
"AAD2023.06.02752","334","9560","23","University of South Florida","Molecular Medicine, Department of","Biochemistry","24","65.0000","509","24.0000","21","79.0000","24.2400","3.0000","12624","54.0000","22","68.0000","1.0000","1.0000","10","115.0000","22","112.0000","27898129.0000","80.0000","8","144.0000","5","143.0000","4","32.0000","2","44.0000","16","16","5","19","19","0.0800","0.3400","68.0000","69.5500","0.1700","0.4000","36.0000","84.0900","0.8800","-0.1900","166.0000","25.0000","21.2100","2.1400","8.0000","96.8200","0.9200","0.0700","141.0000","36.3600","526.0000","0.6300","46.0000","79.5500","24.8000","-0.3000","122.0000","45.0000","0.4200","-0.5500","160.0000","27.7300","0.9200","-0.4400","143.0000","35.4500","1162422.0400","0.1000","90.0000","59.5500","1268096.7700","1.2900","20.0000","91.3600","0.3300","-0.6500","169.0000","23.6400","0.2100","-0.9900","177.0000","20.0000","-0.3000","123.0000","44.5500","-0.5800","0.4300","0.1900","-0.2900","0.1100","2.6100","0.2509","-0.4700","0.5800","0.4300","0.0200","-0.2800","1.1900","0.2400","35.4500","80.4500","69.5500","48.1800","64.5500","99.0900","100.0000","35.0000","85.9100","75.9100","64.0900","49.5500","89.5500","70.9100","220","4/1/2025 16:37","4","2","2.0000","0.1700","0.0800","69.0000","41.0000","66.0000","72.0000","100.0000","-0.0900","0.3863","-0.1000","-0.0800","-0.0900","69.0900","81.8200","70.4500","67.7300","55.0000","7","34","100.0000","1.0000","5.3400","1.4200","99.5500","2.0000","5.6700","3","56.3600","97.0000","-0.2000","24","79.0900","47.0000","0.1400","1.0000","79.5500","46.0000","0.3400","7","76.3600","53.0000","0.3200","0.1300","41.8200","129.0000","-0.3400","0.2900","73.1800","60.0000","0.4900","0.0000","87.7300","28.0000","-0.2600","0","87.7300","28.0000","-0.2700","0.0000","87.7300","28.0000","-0.2300","0","87.7300","28.0000","-0.2900","8","10","0"
"AAD2023.06.02752","345","9599","23","University of Virginia","Biochemistry and Molecular Genetics, Department of","Biochemistry","14","153.0000","169","113.0000","14","140.0000","12.0700","72.0000","5525","101.0000","14","143.0000","1.0000","1.0000","12","97.0000","31","79.0000","29858413.0000","73.0000","13","114.0000","6","130.0000","1","98.0000","1","80.0000","16","16","5","19","19","0.0700","0.1500","89.0000","60.0000","0.0700","-0.1700","109.0000","50.9100","1.0000","0.6600","1.0000","100.0000","12.0700","0.4200","70.0000","68.6400","1.0000","0.6100","1.0000","100.0000","394.6400","0.1900","68.0000","69.5500","32.6900","0.1200","79.0000","64.5500","0.8600","1.2200","19.0000","91.8200","2.2100","1.3500","20.0000","91.3600","2132743.7900","1.1800","28.0000","87.7300","963174.6100","0.5300","72.0000","67.7300","0.9300","-0.1500","87.0000","60.9100","0.4300","-0.0900","118.0000","46.8200","0.2000","54.0000","75.9100","-0.4800","-0.2700","-0.4900","-0.0900","-0.4800","0.2900","0.2509","-0.3600","-0.3900","-0.3000","0.0800","0.0200","-0.3100","-0.6200","41.3600","64.0900","35.4500","56.3600","36.8200","67.7300","100.0000","48.6400","55.9100","54.5500","67.2700","64.5500","49.0900","30.9100","220","4/1/2025 16:37","1","1","1.0000","0.0700","0.0700","108.0000","100.0000","121.0000","129.0000","117.0000","-0.4500","-0.2790","-0.3900","-0.4000","-0.2300","51.3600","55.0000","45.4500","41.8200","47.2700","7","2","38.6400","136.0000","-0.5700","0.1400","40.9100","131.0000","-0.3700","2","42.7300","127.0000","-0.5000","0","13.6400","191.0000","-0.6000","0.0000","13.6400","191.0000","-0.8700","0","13.6400","191.0000","-0.9800","0.1400","48.1800","115.0000","-0.1800","0.0000","13.6400","191.0000","-1.4300","0.0000","87.7300","28.0000","-0.2600","0","87.7300","28.0000","-0.2700","0.0000","87.7300","28.0000","-0.2300","0","87.7300","28.0000","-0.2900","8","10","0"
"AAD2023.06.02752","24","9731","23","Boston University","Biochemistry, Department of","Biochemistry","42","13.0000","307","57.0000","38","17.0000","8.0800","140.0000","8334","78.0000","37","19.0000","0.9700","182.0000","27","17.0000","68","15.0000","81481418.0000","11.0000","39","46.0000","18","36.0000","4","32.0000","3","22.0000","16","16","5","19","19","0.0700","0.1500","89.0000","60.0000","0.1000","-0.0200","84.0000","62.2700","0.9000","0.0100","145.0000","34.5500","7.3100","-0.4800","140.0000","36.8200","0.8800","-0.1600","165.0000","25.4500","198.4300","-0.4600","133.0000","40.0000","27.1500","-0.1800","110.0000","50.4500","0.6400","0.3600","90.0000","59.5500","1.6200","0.5300","66.0000","70.4500","1940033.7600","0.9700","38.0000","83.1800","1198256.1500","1.1200","29.0000","87.2700","0.9300","-0.1500","87.0000","60.9100","0.4300","-0.0900","118.0000","46.8200","-0.2000","113.0000","49.0900","0.7500","1.1200","1.4600","1.4300","1.5500","-0.4700","0.0260","0.2200","0.5800","-0.0100","1.7600","1.2700","0.3000","1.8000","84.0900","90.4500","91.8200","92.7300","92.7300","36.8200","17.7300","79.5500","85.9100","65.0000","95.4500","93.6400","74.5500","94.5500","220","4/1/2025 16:37","37","5","7.4000","0.8800","0.1200","19.0000","3.0000","4.0000","8.0000","60.0000","0.9900","3.9788","3.0800","2.3300","0.3100","91.8200","99.0900","98.6400","96.8200","73.1800","7","12","90.0000","23.0000","1.2800","0.2900","72.2700","62.0000","0.3000","10","93.6400","15.0000","1.9000","7","45.9100","120.0000","-0.3900","0.1700","25.9100","164.0000","-0.6700","4","55.0000","100.0000","-0.2400","0.2400","76.8200","52.0000","0.6800","0.1000","22.2700","172.0000","-0.8100","0.0500","93.1800","16.0000","0.9100","3","97.2700","7.0000","2.3200","0.0700","94.0900","14.0000","0.7200","2","98.6400","4.0000","2.6600","8","10","0"
"AAD2023.06.02752","190","9778","23","South Dakota State University","Chemistry, Biochemistry and Physics, Department of","Biochemistry","10","184.0000","64","181.0000","9","180.0000","7.1100","161.0000","680","196.0000","9","179.0000","1.0000","1.0000","5","172.0000","11","164.0000","3171792.0000","181.0000","1","202.0000","1","201.0000","0","150.0000","0","150.0000","16","16","5","19","19","0.0000","-0.9800","150.0000","32.2700","0.0000","-0.5900","150.0000","32.2700","0.9000","-0.0200","147.0000","33.6400","6.4000","-0.6500","163.0000","26.3600","0.9000","-0.0300","150.0000","32.2700","68.0000","-0.8900","193.0000","12.7300","10.6300","-1.0600","204.0000","7.7300","0.5000","-0.2100","141.0000","36.3600","1.1000","-0.1900","123.0000","44.5500","317179.2000","-0.8500","169.0000","23.6400","288344.7300","-1.1500","190.0000","14.0900","0.1000","-0.8500","204.0000","7.7300","0.1000","-1.4400","203.0000","8.1800","-0.8000","180.0000","18.6400","-1.0000","-0.9600","-0.9100","-0.8000","-0.9100","-0.6500","0.2509","-0.6300","-0.7100","-0.7900","-0.7900","-0.6500","-0.7700","-0.9700","9.0900","32.2700","19.0900","22.2700","18.6400","27.2700","100.0000","8.6400","32.2700","11.3600","18.1800","25.9100","18.1800","16.8200","220","4/1/2025 16:37","1","1","1.0000","0.1000","0.1000","108.0000","100.0000","121.0000","104.0000","81.0000","-0.4500","-0.2790","-0.3900","-0.3100","0.1000","51.3600","55.0000","45.4500","53.1800","63.6400","7","0","11.3600","196.0000","-0.9400","0.0000","11.3600","196.0000","-1.0500","0","11.3600","196.0000","-1.1000","0","13.6400","191.0000","-0.6000","0.0000","13.6400","191.0000","-0.8700","0","13.6400","191.0000","-0.9800","0.0000","11.3600","196.0000","-1.4700","0.0000","13.6400","191.0000","-1.4300","0.0000","87.7300","28.0000","-0.2600","0","87.7300","28.0000","-0.2700","0.0000","87.7300","28.0000","-0.2300","0","87.7300","28.0000","-0.2900","8","10","0"
"AAD2023.06.02752","262","9876","23","University of Cincinnati, The","Molecular and Celllular Biosciences, Department of","Biochemistry","13","160.0000","72","175.0000","10","169.0000","7.2000","160.0000","1603","170.0000","10","168.0000","1.0000","1.0000","8","136.0000","18","128.0000","18695492.0000","101.0000","9","133.0000","6","130.0000","6","14.0000","1","80.0000","16","16","5","19","19","0.0800","0.2300","80.0000","64.0900","0.4600","2.1500","6.0000","97.7300","0.7700","-0.9100","196.0000","11.3600","5.5400","-0.8200","177.0000","20.0000","0.7700","-0.8800","197.0000","10.9100","123.3100","-0.7100","163.0000","26.3600","22.2600","-0.4400","137.0000","38.1800","0.6200","0.2500","99.0000","55.4500","1.3800","0.2000","95.0000","57.2700","1438114.7700","0.4100","67.0000","70.0000","1038638.4400","0.7200","60.0000","73.1800","0.6900","-0.3500","117.0000","47.2700","0.4600","0.0500","102.0000","54.0900","-0.5000","151.0000","31.8200","-0.4800","-0.2700","-0.8300","-0.4900","-0.8200","-0.6400","0.2509","-0.4500","1.2300","-0.7000","-0.2800","-0.4200","-0.7400","-0.7100","41.3600","64.0900","24.0900","38.6400","23.6400","27.7300","100.0000","40.0000","94.0900","23.1800","54.5500","42.2700","20.9100","27.7300","220","4/1/2025 16:37","0","0","0.0000","0.0000","0.0000","167.0000","167.0000","167.0000","167.0000","167.0000","-0.8100","-0.9443","-0.4800","-0.6400","-1.0400","24.5500","24.5500","24.5500","24.5500","24.5500","7","0","11.3600","196.0000","-0.9400","0.0000","11.3600","196.0000","-1.0500","0","11.3600","196.0000","-1.1000","2","26.3600","163.0000","-0.5400","0.1500","23.1800","170.0000","-0.6800","2","35.9100","142.0000","-0.6100","0.0000","11.3600","196.0000","-1.4700","0.1500","39.0900","135.0000","-0.4200","0.0000","87.7300","28.0000","-0.2600","0","87.7300","28.0000","-0.2700","0.0000","87.7300","28.0000","-0.2300","0","87.7300","28.0000","-0.2900","8","10","0"
"AAD2023.06.02752","304","9896","23","University of Missouri","Biochemistry, Department of","Biochemistry","35","24.0000","327","51.0000","35","23.0000","9.3400","120.0000","9884","70.0000","35","23.0000","1.0000","1.0000","25","22.0000","50","41.0000","41564416.0000","49.0000","37","49.0000","20","31.0000","1","98.0000","1","80.0000","16","16","5","19","19","0.0300","-0.5300","146.0000","34.0900","0.0300","-0.4200","147.0000","33.6400","1.0000","0.6600","1.0000","100.0000","9.3400","-0.1000","106.0000","52.2700","1.0000","0.6100","1.0000","100.0000","282.4000","-0.1800","98.0000","55.9100","30.2300","-0.0100","93.0000","58.1800","0.7100","0.6500","63.0000","71.8200","1.4300","0.2600","90.0000","59.5500","1187554.7400","0.1300","86.0000","61.3600","831288.3200","0.2100","102.0000","54.0900","1.0600","-0.0400","77.0000","65.4500","0.5700","0.5000","65.0000","70.9100","0.1000","65.0000","70.9100","0.9600","-0.2700","1.2900","1.2300","1.3000","-0.2300","0.2509","0.1700","-0.3900","0.1500","0.4600","0.6700","0.3900","1.1900","86.3600","64.0900","90.0000","90.4500","90.0000","45.9100","100.0000","78.1800","55.9100","68.6400","78.1800","81.8200","77.2700","89.5500","220","4/1/2025 16:37","6","4","1.5000","0.1700","0.1100","33.0000","70.0000","45.0000","71.0000","65.0000","0.6300","0.0536","0.1000","-0.0600","0.2600","85.4500","68.6400","80.0000","68.1800","70.9100","7","4","61.8200","85.0000","-0.2000","0.1100","34.5500","145.0000","-0.5100","3","56.3600","97.0000","-0.2000","15","65.4500","77.0000","-0.1400","0.4300","49.0900","113.0000","-0.3500","8","81.3600","42.0000","0.5100","0.0900","27.7300","160.0000","-0.7000","0.2300","53.6400","103.0000","0.0700","0.0300","88.6400","26.0000","0.4400","1","94.0900","14.0000","0.6000","0.0300","88.6400","26.0000","0.1500","1","95.9100","10.0000","1.1900","8","10","0"
"AAD2023.06.02752","354","10006","23","Virginia Polytechnic Institute and State University","Biochemistry, Department of","Biochemistry","19","105.0000","204","95.0000","18","99.0000","11.3300","82.0000","4017","125.0000","18","100.0000","1.0000","1.0000","9","127.0000","21","115.0000","17709152.0000","106.0000","10","129.0000","6","130.0000","3","47.0000","1","80.0000","16","16","5","19","19","0.0500","-0.1500","111.0000","50.0000","0.1600","0.3500","38.0000","83.1800","0.9500","0.3000","109.0000","50.9100","10.7400","0.1600","84.0000","62.2700","0.9500","0.2700","115.0000","48.1800","211.4200","-0.4100","130.0000","41.3600","19.6900","-0.5800","156.0000","29.5500","0.4700","-0.3200","150.0000","32.2700","1.1100","-0.1800","122.0000","45.0000","932060.6300","-0.1600","109.0000","50.9100","843292.9500","0.2400","100.0000","55.0000","0.5300","-0.4900","143.0000","35.4500","0.3200","-0.5500","153.0000","30.9100","-0.1000","95.0000","57.2700","-0.4800","-0.2700","-0.1500","-0.3900","-0.1400","0.1500","0.2509","-0.4300","0.2600","-0.4500","-0.3100","-0.3100","-0.1600","-0.1900","41.3600","64.0900","55.0000","42.7300","55.4500","63.1800","100.0000","41.8200","79.0900","43.6400","52.2700","48.1800","57.2700","52.7300","220","4/1/2025 16:37","1","1","1.0000","0.0500","0.0500","108.0000","100.0000","121.0000","152.0000","146.0000","-0.4500","-0.2790","-0.3900","-0.4700","-0.4400","51.3600","55.0000","45.4500","31.3600","34.0900","7","2","38.6400","136.0000","-0.5700","0.1100","31.3600","152.0000","-0.5500","1","32.2700","150.0000","-0.8000","0","13.6400","191.0000","-0.6000","0.0000","13.6400","191.0000","-0.8700","0","13.6400","191.0000","-0.9800","0.0500","18.6400","180.0000","-1.0000","0.0000","13.6400","191.0000","-1.4300","0.0000","87.7300","28.0000","-0.2600","0","87.7300","28.0000","-0.2700","0.0000","87.7300","28.0000","-0.2300","0","87.7300","28.0000","-0.2900","8","10","0"
"AAD2023.06.02752","175","10300","23","Rosalind Franklin University","Biochemistry and Molecular Biology, Department of","Biochemistry","9","199.0000","10","215.0000","6","205.0000","1.6700","215.0000","440","202.0000","7","199.0000","1.0000","1.0000","3","185.0000","5","188.0000","4237752.0000","175.0000","2","191.0000","2","185.0000","0","150.0000","0","150.0000","16","16","5","19","19","0.0000","-0.9800","150.0000","32.2700","0.0000","-0.5900","150.0000","32.2700","0.6700","-1.6000","208.0000","5.9100","1.1100","-1.6500","215.0000","2.7300","0.7800","-0.8200","195.0000","11.8200","48.8900","-0.9500","200.0000","9.5500","44.0000","0.7200","36.0000","84.0900","0.3300","-0.8800","174.0000","21.3600","0.5600","-0.9400","177.0000","20.0000","470861.3300","-0.6800","151.0000","31.8200","847550.4000","0.2500","96.0000","56.8200","0.2200","-0.7500","185.0000","16.3600","0.2200","-0.9300","174.0000","21.3600","-1.2000","204.0000","7.7300","-0.8900","-0.9600","-1.0800","-1.0000","-1.1600","-1.6900","0.2509","-0.6100","-0.7100","-0.8200","-0.7500","-0.8500","-1.0100","-1.0500","16.3600","32.2700","10.0000","16.3600","7.2700","2.7300","100.0000","13.6400","32.2700","8.6400","20.9100","15.0000","2.7300","10.0000","220","4/1/2025 16:37","0","0","0.0000","0.0000","0.0000","167.0000","167.0000","167.0000","167.0000","167.0000","-0.8100","-0.9443","-0.4800","-0.6400","-1.0400","24.5500","24.5500","24.5500","24.5500","24.5500","7","0","11.3600","196.0000","-0.9400","0.0000","11.3600","196.0000","-1.0500","0","11.3600","196.0000","-1.1000","2","26.3600","163.0000","-0.5400","0.2200","30.9100","153.0000","-0.6000","2","35.9100","142.0000","-0.6100","0.0000","11.3600","196.0000","-1.4700","0.2200","52.2700","106.0000","0.0300","0.0000","87.7300","28.0000","-0.2600","0","87.7300","28.0000","-0.2700","0.0000","87.7300","28.0000","-0.2300","0","87.7300","28.0000","-0.2900","8","10","0"
"AAD2023.06.02752","156","10419","23","Ohio State University, The","Chemistry and Biochemistry, Department of","Biochemistry","51","7.0000","850","5.0000","51","5.0000","16.6700","32.0000","22078","21.0000","51","5.0000","1.0000","1.0000","45","4.0000","137","3.0000","100641118.0000","8.0000","173","6.0000","44","4.0000","9","6.0000","3","22.0000","16","16","5","19","19","0.0600","-0.0500","98.0000","55.9100","0.1800","0.4600","30.0000","86.8200","1.0000","0.6600","1.0000","100.0000","16.6700","1.2800","24.0000","89.5500","1.0000","0.6100","1.0000","100.0000","432.9000","0.3200","57.0000","74.5500","25.9700","-0.2400","115.0000","48.1800","0.8800","1.3200","13.0000","94.5500","2.6900","2.0000","8.0000","96.8200","1973355.2500","1.0100","36.0000","84.0900","734606.7000","-0.0300","115.0000","48.1800","3.3900","1.9600","11.0000","95.4500","0.8600","1.7000","11.0000","95.4500","0.7000","13.0000","94.5500","3.4300","1.1200","2.6400","3.2500","2.6500","1.1700","0.2509","3.2000","2.1900","1.3900","2.3900","3.6000","2.6900","2.5800","98.6400","90.4500","98.1800","98.6400","98.1800","85.9100","100.0000","97.7300","97.7300","90.9100","96.8200","99.0900","98.1800","97.2700","220","4/1/2025 16:37","23","11","2.0900","0.4500","0.2200","4.0000","40.0000","8.0000","24.0000","16.0000","3.1400","0.4462","1.7300","0.8800","1.4100","98.6400","82.2700","96.8200","89.5500","93.1800","7","17","95.9100","10.0000","2.2000","0.3300","80.4500","44.0000","0.5300","12","98.1800","5.0000","2.5000","55","90.9100","21.0000","1.0800","1.0800","80.9100","43.0000","0.4300","22","98.1800","5.0000","3.1000","0.2400","76.3600","53.0000","0.6600","0.4300","90.4500","22.0000","1.4100","0.0000","87.7300","28.0000","-0.2600","0","87.7300","28.0000","-0.2700","0.0000","87.7300","28.0000","-0.2300","0","87.7300","28.0000","-0.2900","8","10","0"
"AAD2023.06.02752","156","10510","23","Ohio State University, The","Biological Chemistry and Pharmacology, Department of","Biochemistry","18","116.0000","121","145.0000","18","99.0000","6.7200","166.0000","4162","119.0000","18","100.0000","1.0000","1.0000","14","78.0000","28","87.0000","30088583.0000","71.0000","16","101.0000","9","95.0000","1","98.0000","1","80.0000","16","16","5","19","19","0.0600","-0.1000","102.0000","54.0900","0.0600","-0.2600","119.0000","46.3600","1.0000","0.6600","1.0000","100.0000","6.7200","-0.5900","154.0000","30.4500","1.0000","0.6100","1.0000","100.0000","231.2200","-0.3500","120.0000","45.9100","34.4000","0.2100","72.0000","67.7300","0.7800","0.9000","40.0000","82.2700","1.5600","0.4400","73.0000","67.2700","1671587.9400","0.6700","56.0000","75.0000","1074592.2500","0.8100","53.0000","76.3600","0.8900","-0.1800","91.0000","59.0900","0.5000","0.2100","82.0000","63.1800","-0.2000","113.0000","49.0900","-0.1700","-0.2700","-0.1500","0.1200","-0.1400","-0.7300","0.2509","-0.2900","-0.3900","-0.4400","0.0900","-0.0800","-0.5200","-0.2800","57.2700","64.0900","55.0000","65.0000","55.4500","25.0000","100.0000","54.5500","55.9100","46.3600","68.1800","60.9100","34.5500","47.7300","220","4/1/2025 16:37","1","1","1.0000","0.0600","0.0600","108.0000","100.0000","121.0000","146.0000","141.0000","-0.4500","-0.2790","-0.3900","-0.4600","-0.4100","51.3600","55.0000","45.4500","34.0900","36.3600","7","1","29.0900","157.0000","-0.7500","0.0600","18.6400","180.0000","-0.7900","1","32.2700","150.0000","-0.8000","9","55.0000","100.0000","-0.3200","0.5000","55.4500","99.0000","-0.2600","2","35.9100","142.0000","-0.6100","0.0600","20.0000","177.0000","-0.9700","0.1100","28.6400","158.0000","-0.7000","0.0600","94.0900","14.0000","1.1100","2","95.4500","11.0000","1.4600","0.1100","96.3600","9.0000","1.2400","1","95.9100","10.0000","1.1900","8","10","0"
"AAD2023.06.02752","252","11480","23","University of California, Davis","Biochemistry and Molecular Medicine, Department of","Biochemistry","25","57.0000","580","17.0000","25","52.0000","23.2000","4.0000","26223","16.0000","25","52.0000","1.0000","1.0000","17","54.0000","54","36.0000","54996335.0000","38.0000","30","58.0000","15","49.0000","9","6.0000","6","2.0000","16","16","5","19","19","0.2400","2.8000","4.0000","98.6400","0.3600","1.5400","9.0000","96.3600","1.0000","0.6600","1.0000","100.0000","23.2000","2.5200","3.0000","99.0900","1.0000","0.6100","1.0000","100.0000","1048.9200","2.3500","9.0000","96.3600","45.2100","0.7900","31.0000","86.3600","0.6800","0.5100","78.0000","65.0000","2.1600","1.2800","28.0000","87.7300","2199853.4000","1.2600","25.0000","89.0900","1018450.6500","0.6700","64.0000","71.3600","1.2000","0.0900","66.0000","70.4500","0.6000","0.6200","60.0000","73.1800","0.9000","5.0000","98.1800","0.4500","3.2000","0.4400","0.4200","0.4500","2.4100","0.2509","0.0200","2.1900","1.8200","0.9000","0.8000","1.5000","0.3300","78.1800","99.5500","76.8200","75.9100","76.8200","98.6400","100.0000","74.0900","97.7300","93.1800","83.1800","84.0900","92.7300","74.5500","220","4/1/2025 16:37","7","5","1.4000","0.2800","0.2000","19.0000","82.0000","35.0000","44.0000","19.0000","0.9900","-0.0129","0.1900","0.3000","1.2300","91.8200","63.1800","84.5500","80.4500","91.8200","7","14","93.1800","16.0000","1.6500","0.5600","95.4500","11.0000","1.6000","12","98.1800","5.0000","2.5000","74","94.5500","13.0000","1.6700","2.9600","96.8200","8.0000","2.7000","10","86.3600","31.0000","0.8800","0.4800","99.5500","2.0000","2.8700","0.4000","85.9100","32.0000","1.2000","0.0800","96.3600","9.0000","1.7100","4","98.6400","4.0000","3.1800","0.1600","97.7300","6.0000","1.8900","2","98.6400","4.0000","2.6600","8","10","0"
"AAD2023.06.02752","198","11633","23","Stanford University","Biochemistry, Department of","Biochemistry","22","81.0000","321","54.0000","22","67.0000","14.5900","50.0000","21197","23.0000","22","68.0000","1.0000","1.0000","16","61.0000","53","38.0000","77499946.0000","13.0000","140","10.0000","21","29.0000","1","98.0000","1","80.0000","16","16","5","19","19","0.0500","-0.2600","119.0000","46.3600","0.0500","-0.3200","126.0000","43.1800","1.0000","0.6600","1.0000","100.0000","14.5900","0.8900","42.0000","81.3600","1.0000","0.6100","1.0000","100.0000","963.5000","2.0700","12.0000","95.0000","66.0300","1.9000","9.0000","96.3600","0.7300","0.7000","57.0000","74.5500","2.4100","1.6200","16.0000","93.1800","3522724.8200","2.7400","4.0000","98.6400","1462263.1300","1.7800","5.0000","98.1800","6.3600","4.4900","2.0000","99.5500","0.9500","2.0700","3.0000","99.0900","1.1000","1.0000","100.0000","1.0600","-0.2700","0.1900","0.3200","0.2000","0.7700","0.2509","2.4700","-0.3900","1.3000","1.6300","0.7700","0.3600","0.0700","87.2700","64.0900","69.5500","72.7300","70.0000","77.7300","100.0000","95.9100","55.9100","90.0000","94.5500","83.1800","75.9100","63.6400","220","4/1/2025 16:37","3","3","1.0000","0.1400","0.1400","48.0000","100.0000","81.0000","89.0000","47.0000","0.2700","-0.2790","-0.1900","-0.1800","0.5100","78.6400","55.0000","63.6400","60.0000","79.0900","7","10","86.8200","30.0000","0.9100","0.4500","91.3600","20.0000","1.1000","7","87.7300","28.0000","1.0000","66","93.1800","16.0000","1.4200","3.0000","97.2700","7.0000","2.7400","10","86.3600","31.0000","0.8800","0.3200","90.9100","21.0000","1.4100","0.4500","93.1800","16.0000","1.5600","0.0500","92.2700","18.0000","0.8600","2","95.4500","11.0000","1.4600","0.0900","94.5500","13.0000","0.9800","1","95.9100","10.0000","1.1900","8","10","0"
"AAD2023.06.02752","253","11663","23","University of California, Irvine","Biological Chemistry, Department of","Biochemistry","17","131.0000","247","75.0000","17","110.0000","14.5300","51.0000","11058","61.0000","17","115.0000","1.0000","1.0000","12","97.0000","37","59.0000","39274799.0000","56.0000","24","67.0000","14","54.0000","2","68.0000","2","44.0000","16","16","5","19","19","0.1200","0.8800","31.0000","86.3600","0.1200","0.1100","59.0000","73.6400","1.0000","0.6600","1.0000","100.0000","14.5300","0.8800","43.0000","80.9100","1.0000","0.6100","1.0000","100.0000","650.4700","1.0400","29.0000","87.2700","44.7700","0.7600","32.0000","85.9100","0.7100","0.6100","70.0000","68.6400","2.1800","1.3000","27.0000","88.1800","2310282.2900","1.3800","19.0000","91.8200","1061481.0500","0.7800","58.0000","74.0900","1.4100","0.2700","55.0000","75.4500","0.8200","1.5400","18.0000","92.2700","0.5000","26.0000","88.6400","0.3400","0.4300","-0.2300","-0.0900","-0.2300","0.7600","0.2509","-0.1200","-0.0600","0.2700","0.3900","0.2300","0.0300","-0.3600","75.9100","80.4500","48.1800","56.3600","50.4500","77.2700","100.0000","70.0000","69.5500","72.7300","75.0000","73.6400","66.3600","40.9100","220","4/1/2025 16:37","2","2","1.0000","0.1200","0.1200","69.0000","100.0000","101.0000","98.0000","61.0000","-0.0900","-0.2790","-0.2900","-0.2500","0.3000","69.0900","55.0000","54.5500","55.9100","72.7300","7","3","48.1800","115.0000","-0.3800","0.1800","49.0900","113.0000","-0.2200","3","56.3600","97.0000","-0.2000","7","45.9100","120.0000","-0.3900","0.4100","47.2700","117.0000","-0.3700","6","71.8200","63.0000","0.1300","0.1800","58.6400","92.0000","0.1300","0.3500","80.4500","44.0000","0.8900","0.0000","87.7300","28.0000","-0.2600","0","87.7300","28.0000","-0.2700","0.0000","87.7300","28.0000","-0.2300","0","87.7300","28.0000","-0.2900","8","10","0"
"AAD2023.06.02752","87","11943","23","Harvard University","Biological Chemistry and Molecular Pharmacology, Department of","Biochemistry","40","15.0000","689","12.0000","39","13.0000","17.6700","23.0000","40292","3.0000","38","16.0000","0.9700","181.0000","35","8.0000","100","10.0000","170289781.0000","1.0000","175","5.0000","37","6.0000","3","47.0000","3","22.0000","16","16","5","19","19","0.0800","0.2000","87.0000","60.9100","0.0800","-0.1400","108.0000","51.3600","0.9800","0.4900","84.0000","62.2700","17.2300","1.3900","20.0000","91.3600","0.9500","0.2900","113.0000","49.0900","1007.3000","2.2200","10.0000","95.9100","58.4800","1.5000","17.0000","92.7300","0.8800","1.3000","15.0000","93.6400","2.5000","1.7500","13.0000","94.5500","4257244.5300","3.5700","1.0000","100.0000","1702897.8100","2.3800","2.0000","99.5500","4.3800","2.8000","8.0000","96.8200","0.9300","1.9500","6.0000","97.7300","1.1000","1.0000","100.0000","2.7100","1.1200","1.5400","2.2400","1.6400","1.3600","0.0317","3.2500","0.2600","3.2500","4.6600","2.3500","1.9800","1.6300","97.7300","90.4500","93.1800","96.8200","94.5500","90.0000","18.1800","98.1800","79.0900","99.0900","100.0000","95.9100","95.0000","93.6400","220","4/1/2025 16:37","4","5","0.8000","0.1000","0.1300","19.0000","161.0000","66.0000","104.0000","56.0000","0.9900","-0.4121","-0.1000","-0.3100","0.3800","91.8200","27.2700","70.4500","53.1800","75.0000","7","14","93.1800","16.0000","1.6500","0.3500","81.8200","41.0000","0.6100","11","95.4500","11.0000","2.2000","148","99.0900","3.0000","3.9300","3.7000","99.0900","3.0000","3.5900","25","99.0900","3.0000","3.6600","0.2800","83.6400","37.0000","1.0200","0.6300","99.5500","2.0000","2.6800","0.0000","87.7300","28.0000","-0.2600","0","87.7300","28.0000","-0.2700","0.0000","87.7300","28.0000","-0.2300","0","87.7300","28.0000","-0.2900","8","10","0"
"AAD2023.06.02752","80","12278","23","George Washington University","Biochemistry and Molecular Medicine, Department of","Biochemistry","20","101.0000","112","154.0000","18","99.0000","6.2200","180.0000","4144","120.0000","19","97.0000","1.0000","1.0000","8","136.0000","22","112.0000","21350278.0000","95.0000","7","148.0000","7","122.0000","0","150.0000","0","150.0000","16","16","5","19","19","0.0000","-0.9800","150.0000","32.2700","0.0000","-0.5900","150.0000","32.2700","0.9000","-0.0200","147.0000","33.6400","5.6000","-0.8000","176.0000","20.4500","0.9500","0.2900","113.0000","49.0900","207.2000","-0.4300","131.0000","40.9100","37.0000","0.3500","56.0000","75.0000","0.4000","-0.6200","166.0000","25.0000","1.1000","-0.1900","123.0000","44.5500","1067513.9000","-0.0100","99.0000","55.4500","970467.1800","0.5500","71.0000","68.1800","0.3500","-0.6400","168.0000","24.0900","0.3500","-0.4100","144.0000","35.0000","-0.3000","123.0000","44.5500","-0.3800","-0.9600","-0.0700","-0.4900","-0.1400","-0.8200","0.2509","-0.5000","-0.7100","-0.4400","-0.2000","-0.2800","-0.5600","-0.1000","45.0000","32.2700","56.3600","38.6400","55.4500","18.6400","100.0000","33.1800","32.2700","45.9100","57.2700","49.5500","30.4500","54.5500","220","4/1/2025 16:37","0","0","0.0000","0.0000","0.0000","167.0000","167.0000","167.0000","167.0000","167.0000","-0.8100","-0.9443","-0.4800","-0.6400","-1.0400","24.5500","24.5500","24.5500","24.5500","24.5500","7","1","29.0900","157.0000","-0.7500","0.0500","15.4500","187.0000","-0.8200","1","32.2700","150.0000","-0.8000","6","41.8200","129.0000","-0.4200","0.3000","38.6400","136.0000","-0.5100","5","66.3600","75.0000","-0.0500","0.0500","16.3600","185.0000","-1.0200","0.2500","63.1800","82.0000","0.2100","0.0000","87.7300","28.0000","-0.2600","0","87.7300","28.0000","-0.2700","0.0000","87.7300","28.0000","-0.2300","0","87.7300","28.0000","-0.2900","8","10","0"
"AAD2023.06.02752","158","12942","23","Oklahoma State University","Biochemistry and Microbiology, Department of","Biochemistry","6","213.0000","20","209.0000","6","205.0000","3.3300","206.0000","207","211.0000","6","203.0000","1.0000","1.0000","0","209.0000","0","209.0000","0.0000","209.0000","0","210.0000","0","210.0000","0","150.0000","0","150.0000","16","16","5","19","19","0.0000","-0.9800","150.0000","32.2700","0.0000","-0.5900","150.0000","32.2700","1.0000","0.6600","1.0000","100.0000","3.3300","-1.2300","196.0000","11.3600","1.0000","0.6100","1.0000","100.0000","34.5000","-1.0000","205.0000","7.2700","10.3500","-1.0800","206.0000","6.8200","0.0000","-2.2300","209.0000","5.4500","0.0000","-1.7100","209.0000","5.4500","0.0000","-1.2100","209.0000","5.4500","0.0000","-1.8700","209.0000","5.4500","0.0000","-0.9400","210.0000","5.0000","0.0000","-1.8500","210.0000","5.0000","-1.2000","204.0000","7.7300","-1.1000","-0.9600","-1.1600","-1.3000","-1.1600","-1.3700","0.2509","-0.6500","-0.7100","-0.8400","-0.8900","-1.0200","-0.9700","-1.3100","5.0000","32.2700","8.1800","5.4500","7.2700","6.8200","100.0000","5.0000","32.2700","4.5500","5.4500","5.4500","5.4500","3.6400","220","4/1/2025 16:37","0","0","0.0000","0.0000","0.0000","167.0000","167.0000","167.0000","167.0000","167.0000","-0.8100","-0.9443","-0.4800","-0.6400","-1.0400","24.5500","24.5500","24.5500","24.5500","24.5500","7","1","29.0900","157.0000","-0.7500","0.1700","46.3600","119.0000","-0.2600","1","32.2700","150.0000","-0.8000","0","13.6400","191.0000","-0.6000","0.0000","13.6400","191.0000","-0.8700","0","13.6400","191.0000","-0.9800","0.1700","53.1800","104.0000","0.0400","0.0000","13.6400","191.0000","-1.4300","0.0000","87.7300","28.0000","-0.2600","0","87.7300","28.0000","-0.2700","0.0000","87.7300","28.0000","-0.2300","0","87.7300","28.0000","-0.2900","8","10","0"
"AAD2023.06.02752","148","13361","23","North Carolina State University","Molecular and Structural Biochemistry, Department of","Biochemistry","19","105.0000","141","129.0000","18","99.0000","7.8300","144.0000","4019","124.0000","18","100.0000","1.0000","1.0000","11","105.0000","16","133.0000","13082245.0000","124.0000","8","144.0000","6","130.0000","0","150.0000","0","150.0000","16","16","5","19","19","0.0000","-0.9800","150.0000","32.2700","0.0000","-0.5900","150.0000","32.2700","0.9500","0.3000","109.0000","50.9100","7.4200","-0.4600","138.0000","37.7300","0.9500","0.2700","115.0000","48.1800","211.5300","-0.4100","129.0000","41.8200","28.5000","-0.1100","101.0000","54.5500","0.5800","0.1000","119.0000","46.3600","0.8400","-0.5500","149.0000","32.7300","688539.2100","-0.4300","126.0000","43.1800","817640.3100","0.1700","103.0000","53.6400","0.4200","-0.5800","160.0000","27.7300","0.3200","-0.5500","153.0000","30.9100","-0.4000","137.0000","38.1800","-0.4800","-0.9600","-0.1500","-0.1900","-0.1400","-0.5200","0.2509","-0.4700","-0.7100","-0.4500","-0.4600","-0.4800","-0.4300","-0.1900","41.3600","32.2700","55.0000","52.7300","55.4500","35.0000","100.0000","35.0000","32.2700","44.0900","44.0900","40.0000","41.8200","52.7300","220","4/1/2025 16:37","4","2","2.0000","0.2100","0.1100","69.0000","41.0000","66.0000","63.0000","78.0000","-0.0900","0.3863","-0.1000","0.0700","0.1600","69.0900","81.8200","70.4500","71.8200","65.0000","7","5","71.3600","64.0000","-0.0100","0.2600","67.7300","72.0000","0.2000","4","73.1800","60.0000","0.1000","2","26.3600","163.0000","-0.5400","0.1100","20.0000","177.0000","-0.7400","3","45.9100","120.0000","-0.4200","0.2100","69.5500","68.0000","0.4300","0.1600","40.0000","133.0000","-0.3900","0.0000","87.7300","28.0000","-0.2600","0","87.7300","28.0000","-0.2700","0.0000","87.7300","28.0000","-0.2300","0","87.7300","28.0000","-0.2900","8","10","0"
"AAD2023.06.02752","318","14286","23","University of North Carolina at Greensboro, The","Chemistry and Biochemistry, Department of","Biochemistry","14","153.0000","180","107.0000","12","156.0000","15.0000","42.0000","4523","113.0000","12","158.0000","1.0000","1.0000","8","136.0000","14","147.0000","7219504.0000","153.0000","16","101.0000","8","111.0000","0","150.0000","0","150.0000","16","16","5","19","19","0.0000","-0.9800","150.0000","32.2700","0.0000","-0.5900","150.0000","32.2700","0.8600","-0.3100","169.0000","23.6400","12.8600","0.5700","59.0000","73.6400","0.8600","-0.3100","173.0000","21.8200","323.0700","-0.0500","85.0000","61.8200","25.1300","-0.2900","119.0000","46.3600","0.5700","0.0700","121.0000","45.4500","1.0000","-0.3300","130.0000","41.3600","515678.8600","-0.6300","144.0000","35.0000","515678.8600","-0.5800","154.0000","30.4500","1.1400","0.0400","72.0000","67.7300","0.5700","0.5000","65.0000","70.9100","-0.2000","113.0000","49.0900","-0.2700","-0.9600","-0.6600","-0.4900","-0.6500","0.8500","0.2509","-0.2900","-0.7100","-0.4000","-0.6600","-0.5500","-0.2600","-0.6200","50.0000","32.2700","28.6400","38.6400","29.5500","81.3600","100.0000","54.5500","32.2700","49.0900","30.9100","33.6400","51.8200","30.9100","220","4/1/2025 16:37","4","3","1.3300","0.2900","0.2100","48.0000","89.0000","66.0000","42.0000","18.0000","0.2700","-0.0595","-0.1000","0.3200","1.3900","78.6400","60.0000","70.4500","81.3600","92.2700","7","4","61.8200","85.0000","-0.2000","0.2900","72.2700","62.0000","0.3000","4","73.1800","60.0000","0.1000","5","39.0900","135.0000","-0.4500","0.3600","43.6400","125.0000","-0.4400","4","55.0000","100.0000","-0.2400","0.2900","86.3600","31.0000","1.1100","0.2900","72.2700","62.0000","0.4500","0.0000","87.7300","28.0000","-0.2600","0","87.7300","28.0000","-0.2700","0.0000","87.7300","28.0000","-0.2300","0","87.7300","28.0000","-0.2900","8","10","0"
"AAD2023.06.02752","81","14400","23","Georgetown University","Biochemistry and Molecular and Cellular Biology, Department of","Biochemistry","35","24.0000","236","84.0000","31","29.0000","7.6100","148.0000","29696","13.0000","31","28.0000","1.0000","1.0000","7","150.0000","15","139.0000","16962829.0000","109.0000","9","133.0000","5","143.0000","1","98.0000","1","80.0000","16","16","5","19","19","0.0300","-0.5300","146.0000","34.0900","0.0300","-0.4200","147.0000","33.6400","0.8900","-0.1200","163.0000","26.3600","6.7400","-0.5900","153.0000","30.9100","0.8900","-0.1300","162.0000","26.8200","848.4600","1.6900","17.0000","92.7300","125.8300","5.1000","1.0000","100.0000","0.2000","-1.4200","194.0000","12.2700","0.4300","-1.1200","189.0000","14.5500","484652.2600","-0.6600","148.0000","33.1800","1130855.2700","0.9500","39.0000","82.7300","0.2600","-0.7200","180.0000","18.6400","0.1400","-1.2600","191.0000","13.6400","-0.5000","151.0000","31.8200","-0.5800","-0.2700","0.9500","-0.5900","0.9600","-0.5600","0.2509","-0.4500","-0.3900","2.1700","-0.3400","-0.5200","-0.0100","1.1900","35.4500","64.0900","87.7300","32.2700","87.2700","33.1800","100.0000","40.0000","55.9100","94.5500","50.9100","37.2700","62.2700","89.5500","220","4/1/2025 16:37","2","1","2.0000","0.0600","0.0300","108.0000","41.0000","101.0000","144.0000","166.0000","-0.4500","0.3863","-0.2900","-0.4500","-0.7100","51.3600","81.8200","54.5500","35.0000","25.0000","7","3","48.1800","115.0000","-0.3800","0.0900","24.5500","167.0000","-0.6500","4","73.1800","60.0000","0.1000","12","61.8200","85.0000","-0.2300","0.3400","41.8200","129.0000","-0.4500","5","66.3600","75.0000","-0.0500","0.1100","39.0900","135.0000","-0.4400","0.1400","37.7300","138.0000","-0.4900","0.0000","87.7300","28.0000","-0.2600","0","87.7300","28.0000","-0.2700","0.0000","87.7300","28.0000","-0.2300","0","87.7300","28.0000","-0.2900","8","10","0"
"AAD2023.06.02752","360","14745","23","Weill Medical College of Cornell University","Biochemistry, Department of","Biochemistry","16","140.0000","245","77.0000","16","124.0000","15.3100","39.0000","12074","55.0000","16","126.0000","1.0000","1.0000","15","69.0000","48","44.0000","66341857.0000","24.0000","26","64.0000","10","79.0000","3","47.0000","3","22.0000","16","16","5","19","19","0.1900","1.9800","9.0000","96.3600","0.1900","0.5200","27.0000","88.1800","1.0000","0.6600","1.0000","100.0000","15.3100","1.0300","37.0000","83.6400","1.0000","0.6100","1.0000","100.0000","754.6300","1.3800","22.0000","90.4500","49.2800","1.0000","27.0000","88.1800","0.9400","1.5500","6.0000","97.7300","3.0000","2.4400","1.0000","100.0000","4146366.0600","3.4400","2.0000","99.5500","1382122.0200","1.5800","14.0000","94.0900","1.6300","0.4500","45.0000","80.0000","0.6300","0.7200","53.0000","76.3600","0.9000","5.0000","98.1800","-0.0700","1.1200","-0.3200","0.2200","-0.3100","0.9100","0.2509","-0.0700","0.2600","0.3700","1.2700","0.6000","0.0200","-0.4500","64.5500","90.4500","43.1800","69.0900","44.0900","82.7300","100.0000","71.3600","79.0900","75.4500","89.5500","80.4500","65.4500","36.8200","220","4/1/2025 16:37","1","1","1.0000","0.0600","0.0600","108.0000","100.0000","121.0000","139.0000","131.0000","-0.4500","-0.2790","-0.3900","-0.4300","-0.3300","51.3600","55.0000","45.4500","37.2700","40.9100","7","5","71.3600","64.0000","-0.0100","0.3100","75.9100","54.0000","0.4300","4","73.1800","60.0000","0.1000","6","41.8200","129.0000","-0.4200","0.3800","45.4500","121.0000","-0.4100","3","45.9100","120.0000","-0.4200","0.2500","80.9100","43.0000","0.7900","0.1900","45.4500","121.0000","-0.2000","0.0000","87.7300","28.0000","-0.2600","0","87.7300","28.0000","-0.2700","0.0000","87.7300","28.0000","-0.2300","0","87.7300","28.0000","-0.2900","8","10","0"
"AAD2023.06.02752","205","15199","23","Stony Brook University, State University of New York","Biochemistry and Cell Biology, Department of","Biochemistry","26","52.0000","275","66.0000","25","52.0000","11.0000","87.0000","7590","81.0000","25","52.0000","1.0000","1.0000","19","43.0000","36","60.0000","47632158.0000","45.0000","38","48.0000","12","66.0000","2","68.0000","2","44.0000","16","16","5","19","19","0.0800","0.2300","80.0000","64.0900","0.0800","-0.1300","104.0000","53.1800","0.9600","0.4000","95.0000","57.2700","10.5800","0.1300","87.0000","60.9100","0.9600","0.3600","99.0000","55.4500","291.9200","-0.1500","92.0000","58.6400","27.6000","-0.1600","108.0000","51.3600","0.7300","0.7100","55.0000","75.4500","1.3800","0.2000","95.0000","57.2700","1832006.0800","0.8500","42.0000","81.3600","1323115.5000","1.4300","17.0000","92.7300","1.4600","0.3100","50.0000","77.7300","0.4600","0.0500","102.0000","54.0900","-0.1000","95.0000","57.2700","0.1400","0.4300","0.4400","0.6200","0.4500","0.0900","0.2509","0.2000","-0.0600","-0.0900","0.6600","0.1900","0.1600","0.4200","70.4500","80.4500","76.8200","80.9100","76.8200","60.9100","100.0000","78.6400","69.5500","63.6400","80.0000","73.1800","70.4500","76.8200","220","4/1/2025 16:37","3","2","1.5000","0.1200","0.0800","69.0000","70.0000","81.0000","99.0000","110.0000","-0.0900","0.0536","-0.1900","-0.2500","-0.1700","69.0900","68.6400","63.6400","55.4500","50.4500","7","9","84.0900","36.0000","0.7300","0.3500","81.3600","42.0000","0.5900","5","78.1800","49.0000","0.4000","12","61.8200","85.0000","-0.2300","0.4600","52.2700","106.0000","-0.3100","6","71.8200","63.0000","0.1300","0.1900","64.0900","80.0000","0.2700","0.2300","55.0000","100.0000","0.0900","0.0000","87.7300","28.0000","-0.2600","0","87.7300","28.0000","-0.2700","0.0000","87.7300","28.0000","-0.2300","0","87.7300","28.0000","-0.2900","8","10","0"
"AAD2023.06.02752","102","15356","23","Johns Hopkins University","Biological Chemistry, Department of","Biochemistry","13","160.0000","142","127.0000","13","150.0000","10.9200","89.0000","5206","105.0000","13","150.0000","1.0000","1.0000","9","127.0000","25","99.0000","23901330.0000","89.0000","31","54.0000","8","111.0000","1","98.0000","1","80.0000","16","16","5","19","19","0.0800","0.2300","80.0000","64.0900","0.0800","-0.1300","104.0000","53.1800","1.0000","0.6600","1.0000","100.0000","10.9200","0.2000","82.0000","63.1800","1.0000","0.6100","1.0000","100.0000","400.4600","0.2100","67.0000","70.0000","36.6600","0.3300","60.0000","73.1800","0.6900","0.5600","77.0000","65.4500","1.9200","0.9500","37.0000","83.6400","1838563.8500","0.8600","41.0000","81.8200","956053.2000","0.5200","76.0000","65.9100","2.3800","1.1000","23.0000","90.0000","0.6200","0.6800","56.0000","75.0000","0.3000","47.0000","79.0900","-0.2700","-0.2700","-0.5700","-0.3900","-0.5700","0.0700","0.2509","0.0400","-0.3900","-0.3300","-0.1100","-0.1800","-0.4300","-0.7100","50.0000","64.0900","32.2700","42.7300","32.2700","60.0000","100.0000","75.9100","55.9100","52.7300","60.0000","55.4500","42.7300","27.7300","220","4/1/2025 16:37","3","2","1.5000","0.2300","0.1500","69.0000","70.0000","81.0000","55.0000","41.0000","-0.0900","0.0536","-0.1900","0.1400","0.7100","69.0900","68.6400","63.6400","75.4500","81.8200","7","4","61.8200","85.0000","-0.2000","0.3100","75.4500","55.0000","0.4100","4","73.1800","60.0000","0.1000","4","34.5500","145.0000","-0.4800","0.3100","39.5500","134.0000","-0.5000","2","35.9100","142.0000","-0.6100","0.3100","89.5500","24.0000","1.3100","0.1500","39.0900","135.0000","-0.4200","0.0000","87.7300","28.0000","-0.2600","0","87.7300","28.0000","-0.2700","0.0000","87.7300","28.0000","-0.2300","0","87.7300","28.0000","-0.2900","8","10","0"
"AAD2023.06.02752","59","15363","23","Drexel University","Biochemistry and Molecular Biology, Department of","Biochemistry","16","140.0000","86","168.0000","13","150.0000","6.6200","172.0000","2093","153.0000","13","150.0000","0.9300","197.0000","6","162.0000","15","139.0000","10797391.0000","128.0000","3","183.0000","3","175.0000","3","47.0000","3","22.0000","16","16","5","19","19","0.1900","1.9800","9.0000","96.3600","0.1900","0.5200","27.0000","88.1800","0.8100","-0.6100","186.0000","15.9100","5.3800","-0.8500","181.0000","18.1800","0.8100","-0.6000","190.0000","14.0900","130.8100","-0.6800","160.0000","27.7300","24.3400","-0.3300","125.0000","43.6400","0.3800","-0.7200","171.0000","22.7300","0.9400","-0.4100","141.0000","36.3600","674836.9400","-0.4500","128.0000","42.2700","719826.0700","-0.0700","118.0000","46.8200","0.1900","-0.7800","192.0000","13.1800","0.1900","-1.0800","183.0000","17.2700","-0.6000","166.0000","25.0000","-0.7900","1.1200","-0.5700","-0.6900","-0.5700","-0.7500","-0.3595","-0.5800","0.2600","-0.6500","-0.5400","-0.5200","-0.6800","-0.4500","20.9100","90.4500","32.2700","26.8200","32.2700","22.2700","10.9100","17.2700","79.0900","30.9100","42.2700","37.2700","24.0900","36.8200","220","4/1/2025 16:37","0","0","0.0000","0.0000","0.0000","167.0000","167.0000","167.0000","167.0000","167.0000","-0.8100","-0.9443","-0.4800","-0.6400","-1.0400","24.5500","24.5500","24.5500","24.5500","24.5500","7","3","48.1800","115.0000","-0.3800","0.1900","52.2700","106.0000","-0.1600","3","56.3600","97.0000","-0.2000","6","41.8200","129.0000","-0.4200","0.3800","45.4500","121.0000","-0.4100","2","35.9100","142.0000","-0.6100","0.1900","62.7300","83.0000","0.2300","0.1300","31.3600","152.0000","-0.6100","0.0000","87.7300","28.0000","-0.2600","0","87.7300","28.0000","-0.2700","0.0000","87.7300","28.0000","-0.2300","0","87.7300","28.0000","-0.2900","8","10","0"
"AAD2023.06.02752","407","15454","23","East Carolina University","Biochemistry and Molecular Biology, Department of","Biochemistry","12","166.0000","59","182.0000","12","156.0000","4.9200","193.0000","993","184.0000","12","158.0000","1.0000","1.0000","4","182.0000","7","181.0000","3150089.0000","182.0000","6","156.0000","5","143.0000","1","98.0000","1","80.0000","16","16","5","19","19","0.0800","0.3400","68.0000","69.5500","0.0800","-0.0900","94.0000","57.7300","1.0000","0.6600","1.0000","100.0000","4.9200","-0.9300","185.0000","16.3600","1.0000","0.6100","1.0000","100.0000","82.7500","-0.8400","187.0000","15.4500","16.8300","-0.7300","180.0000","18.6400","0.3300","-0.8800","174.0000","21.3600","0.5800","-0.9000","176.0000","20.4500","262507.4200","-0.9100","176.0000","20.4500","450012.7100","-0.7400","164.0000","25.9100","0.5000","-0.5100","144.0000","35.0000","0.4200","-0.1300","124.0000","44.0900","-0.7000","174.0000","21.3600","-0.5800","-0.2700","-0.6600","-0.9000","-0.6500","-1.0700","0.2509","-0.5200","-0.3900","-0.7600","-0.7900","-0.7900","-0.7900","-0.7900","35.4500","64.0900","28.6400","17.7300","29.5500","12.7300","100.0000","29.5500","55.9100","16.8200","17.7300","18.1800","17.7300","25.0000","220","4/1/2025 16:37","0","0","0.0000","0.0000","0.0000","167.0000","167.0000","167.0000","167.0000","167.0000","-0.8100","-0.9443","-0.4800","-0.6400","-1.0400","24.5500","24.5500","24.5500","24.5500","24.5500","7","0","11.3600","196.0000","-0.9400","0.0000","11.3600","196.0000","-1.0500","0","11.3600","196.0000","-1.1000","4","34.5500","145.0000","-0.4800","0.3300","41.3600","130.0000","-0.4700","1","25.4500","165.0000","-0.7900","0.0000","11.3600","196.0000","-1.4700","0.0800","20.0000","177.0000","-0.8900","0.0000","87.7300","28.0000","-0.2600","0","87.7300","28.0000","-0.2700","0.0000","87.7300","28.0000","-0.2300","0","87.7300","28.0000","-0.2900","8","10","0"
"AAD2023.06.02752","55","16027","23","Dartmouth College","Biochemistry and Cell Biology, Department of","Biochemistry","22","81.0000","199","99.0000","20","91.0000","9.9500","106.0000","5883","96.0000","20","93.0000","1.0000","1.0000","17","54.0000","36","60.0000","51417912.0000","41.0000","46","39.0000","16","45.0000","0","150.0000","0","150.0000","16","16","5","19","19","0.0000","-0.9800","150.0000","32.2700","0.0000","-0.5900","150.0000","32.2700","0.9100","0.0400","142.0000","35.9100","9.0500","-0.1500","112.0000","49.5500","0.9100","0.0200","147.0000","33.6400","267.4100","-0.2300","102.0000","54.0900","29.5600","-0.0500","99.0000","55.4500","0.7700","0.8800","46.0000","79.5500","1.6400","0.5500","65.0000","70.9100","2337177.8200","1.4100","18.0000","92.2700","1428275.3300","1.6900","7.0000","97.2700","2.0900","0.8500","33.0000","85.4500","0.7300","1.1400","35.0000","84.5500","0.2000","54.0000","75.9100","0.5500","-0.9600","0.0200","0.4200","0.0300","-0.1100","0.2509","0.3700","-0.7100","-0.2600","0.7800","0.1900","-0.1800","0.0700","80.0000","32.2700","58.1800","75.9100","59.0900","52.2700","100.0000","82.7300","32.2700","56.8200","81.8200","73.1800","55.4500","63.6400","220","4/1/2025 16:37","1","1","1.0000","0.0500","0.0500","108.0000","100.0000","121.0000","157.0000","154.0000","-0.4500","-0.2790","-0.3900","-0.4900","-0.5200","51.3600","55.0000","45.4500","29.0900","30.4500","7","4","61.8200","85.0000","-0.2000","0.1800","51.8200","107.0000","-0.1900","3","56.3600","97.0000","-0.2000","18","70.9100","65.0000","-0.0500","0.8200","71.8200","63.0000","0.1200","4","55.0000","100.0000","-0.2400","0.1400","44.5500","123.0000","-0.2400","0.1800","45.0000","122.0000","-0.2400","0.0500","92.2700","18.0000","0.8600","3","97.2700","7.0000","2.3200","0.1400","96.8200","8.0000","1.5800","1","95.9100","10.0000","1.1900","8","10","0"
"AAD2023.06.02752","96","18625","23","Indiana University - Bloomington","Molecular and Cellular Biochemistry, Department of","Biochemistry","10","184.0000","91","165.0000","9","180.0000","10.1100","105.0000","1690","168.0000","9","179.0000","1.0000","1.0000","8","136.0000","15","139.0000","16674515.0000","111.0000","20","85.0000","7","122.0000","0","150.0000","0","150.0000","16","16","5","19","19","0.0000","-0.9800","150.0000","32.2700","0.0000","-0.5900","150.0000","32.2700","0.9000","-0.0200","147.0000","33.6400","9.1000","-0.1400","111.0000","50.0000","0.9000","-0.0300","150.0000","32.2700","169.0000","-0.5500","145.0000","34.5500","18.5700","-0.6400","166.0000","25.0000","0.8000","0.9900","34.0000","85.0000","1.5000","0.3600","78.0000","65.0000","1667451.5000","0.6600","57.0000","74.5500","1111634.3300","0.9000","45.0000","80.0000","2.0000","0.7700","35.0000","84.5500","0.7000","1.0300","41.0000","81.8200","0.1000","65.0000","70.9100","-0.3800","-0.9600","-0.9100","-0.4900","-0.9100","-0.0800","0.2509","-0.2100","-0.7100","-0.6900","-0.3500","-0.5200","-0.6500","-0.9700","45.0000","32.2700","19.0900","38.6400","18.6400","52.7300","100.0000","61.8200","32.2700","24.0900","50.0000","37.2700","25.4500","16.8200","220","4/1/2025 16:37","1","1","1.0000","0.1000","0.1000","108.0000","100.0000","121.0000","104.0000","81.0000","-0.4500","-0.2790","-0.3900","-0.3100","0.1000","51.3600","55.0000","45.4500","53.1800","63.6400","7","3","48.1800","115.0000","-0.3800","0.3000","73.1800","60.0000","0.3700","3","56.3600","97.0000","-0.2000","8","50.4500","110.0000","-0.3600","0.8000","70.9100","65.0000","0.1000","1","25.4500","165.0000","-0.7900","0.3000","88.1800","27.0000","1.2400","0.1000","24.5500","167.0000","-0.7800","0.0000","87.7300","28.0000","-0.2600","0","87.7300","28.0000","-0.2700","0.0000","87.7300","28.0000","-0.2300","0","87.7300","28.0000","-0.2900","8","10","0"
"AAD2023.06.02752","161","19253","23","Oregon State University","Biochemistry and Biophysics, Department of","Biochemistry","14","153.0000","153","122.0000","14","140.0000","10.9300","88.0000","3638","128.0000","14","143.0000","1.0000","1.0000","10","115.0000","24","103.0000","18107763.0000","105.0000","10","129.0000","7","122.0000","0","150.0000","0","150.0000","16","16","5","19","19","0.0000","-0.9800","150.0000","32.2700","0.0000","-0.5900","150.0000","32.2700","1.0000","0.6600","1.0000","100.0000","10.9300","0.2000","81.0000","63.6400","1.0000","0.6100","1.0000","100.0000","259.8600","-0.2500","105.0000","52.7300","23.7800","-0.3600","127.0000","42.7300","0.7100","0.6500","63.0000","71.8200","1.7100","0.6600","52.0000","76.8200","1293411.6400","0.2400","77.0000","65.4500","754490.1300","0.0100","113.0000","49.0900","0.7100","-0.3300","114.0000","48.6400","0.5000","0.2100","82.0000","63.1800","0.1000","65.0000","70.9100","-0.3800","-0.9600","-0.4900","-0.2900","-0.4800","0.0700","0.2509","-0.4300","-0.7100","-0.4900","-0.3000","-0.2100","-0.3800","-0.6200","45.0000","32.2700","35.4500","48.1800","36.8200","60.4500","100.0000","41.8200","32.2700","42.2700","52.7300","53.6400","45.0000","30.9100","220","4/1/2025 16:37","1","1","1.0000","0.0700","0.0700","108.0000","100.0000","121.0000","129.0000","117.0000","-0.4500","-0.2790","-0.3900","-0.4000","-0.2300","51.3600","55.0000","45.4500","41.8200","47.2700","7","4","61.8200","85.0000","-0.2000","0.2900","72.2700","62.0000","0.3000","3","56.3600","97.0000","-0.2000","5","39.0900","135.0000","-0.4500","0.3600","43.6400","125.0000","-0.4400","2","35.9100","142.0000","-0.6100","0.2100","70.0000","67.0000","0.4700","0.1400","37.7300","138.0000","-0.4900","0.0700","95.9100","10.0000","1.5000","1","94.0900","14.0000","0.6000","0.0700","94.0900","14.0000","0.7200","1","95.9100","10.0000","1.1900","8","10","0"
"AAD2023.06.02752","411","19397","23","University of Texas Health Science Center at Houston, The","Biochemistry and Molecular Biology, Department of","Biochemistry","28","44.0000","251","74.0000","27","44.0000","9.3000","122.0000","10739","63.0000","27","46.0000","1.0000","1.0000","15","69.0000","35","65.0000","42993554.0000","48.0000","31","54.0000","15","49.0000","1","98.0000","1","80.0000","16","16","5","19","19","0.0400","-0.4100","133.0000","40.0000","0.0400","-0.3800","136.0000","38.6400","0.9600","0.4100","92.0000","58.6400","8.9600","-0.1700","113.0000","49.0900","0.9600","0.3800","96.0000","56.8200","383.5400","0.1500","72.0000","67.7300","42.7800","0.6600","40.0000","82.2700","0.5400","-0.0700","131.0000","40.9100","1.2500","0.0200","106.0000","52.2700","1535484.0700","0.5200","61.0000","72.7300","1228387.2600","1.2000","25.0000","89.0900","1.1100","0.0100","74.0000","66.8200","0.5400","0.3500","75.0000","66.3600","0.3000","47.0000","79.0900","0.4500","-0.2700","0.6100","0.2200","0.6200","-0.2400","0.2509","0.0400","-0.3900","0.2300","0.5100","0.1600","0.0500","0.5900","78.1800","64.0900","79.5500","69.0900","80.4500","45.0000","100.0000","75.9100","55.9100","71.8200","78.6400","70.9100","66.8200","80.4500","220","4/1/2025 16:37","19","5","3.8000","0.6800","0.1800","19.0000","12.0000","13.0000","12.0000","31.0000","0.9900","1.5838","1.3500","1.6500","0.9900","91.8200","95.0000","94.5500","95.0000","86.3600","7","6","73.6400","59.0000","0.1700","0.2100","55.9100","98.0000","-0.0400","7","87.7300","28.0000","1.0000","3","30.4500","154.0000","-0.5100","0.1100","20.4500","176.0000","-0.7400","3","45.9100","120.0000","-0.4200","0.2500","80.9100","43.0000","0.7900","0.1100","26.3600","163.0000","-0.7300","0.0000","87.7300","28.0000","-0.2600","0","87.7300","28.0000","-0.2700","0.0000","87.7300","28.0000","-0.2300","0","87.7300","28.0000","-0.2900","8","10","0"
"AAD2023.06.02752","192","30275","23","Southern Illinois University Carbondale","Biochemistry and Molecular Biology, Department of","Biochemistry","6","213.0000","40","195.0000","6","205.0000","6.6700","170.0000","543","199.0000","6","203.0000","1.0000","1.0000","5","172.0000","14","147.0000","6620097.0000","158.0000","2","191.0000","1","201.0000","0","150.0000","0","150.0000","16","16","5","19","19","0.0000","-0.9800","150.0000","32.2700","0.0000","-0.5900","150.0000","32.2700","1.0000","0.6600","1.0000","100.0000","6.6700","-0.6000","157.0000","29.0900","1.0000","0.6100","1.0000","100.0000","90.5000","-0.8100","183.0000","17.2700","13.5800","-0.9000","197.0000","10.9100","0.8300","1.1300","23.0000","90.0000","2.3300","1.5200","17.0000","92.7300","1103349.5000","0.0300","96.0000","56.8200","472864.0700","-0.6900","161.0000","27.2700","0.3300","-0.6500","169.0000","23.6400","0.1700","-1.1600","189.0000","14.5500","-0.4000","137.0000","38.1800","-1.0000","-0.9600","-1.1600","-0.8000","-1.1600","-0.7400","0.2509","-0.6100","-0.7100","-0.8100","-0.6800","-0.5500","-0.8800","-1.3100","9.0900","32.2700","8.1800","22.2700","7.2700","23.1800","100.0000","13.6400","32.2700","10.0000","28.6400","33.6400","11.8200","3.6400","220","4/1/2025 16:37","0","0","0.0000","0.0000","0.0000","167.0000","167.0000","167.0000","167.0000","167.0000","-0.8100","-0.9443","-0.4800","-0.6400","-1.0400","24.5500","24.5500","24.5500","24.5500","24.5500","7","3","48.1800","115.0000","-0.3800","0.5000","94.5500","13.0000","1.3200","2","42.7300","127.0000","-0.5000","1","19.5500","178.0000","-0.5700","0.1700","25.9100","164.0000","-0.6700","1","25.4500","165.0000","-0.7900","0.3300","93.6400","15.0000","1.5500","0.1700","41.8200","129.0000","-0.3400","0.0000","87.7300","28.0000","-0.2600","0","87.7300","28.0000","-0.2700","0.0000","87.7300","28.0000","-0.2300","0","87.7300","28.0000","-0.2900","8","10","0"
"AAD2023.06.02752","273","30307","23","University of Florida","Biochemistry and Molecular Biology, Department of","Biochemistry","15","147.0000","240","82.0000","13","150.0000","18.4600","20.0000","5212","104.0000","13","150.0000","1.0000","1.0000","8","136.0000","22","112.0000","19887083.0000","100.0000","21","80.0000","10","79.0000","3","47.0000","2","44.0000","16","16","5","19","19","0.1300","1.1200","20.0000","91.3600","0.2000","0.6000","23.0000","90.0000","0.8700","-0.2500","168.0000","24.0900","16.0000","1.1600","30.0000","86.8200","0.8700","-0.2500","170.0000","23.1800","347.4700","0.0400","81.0000","63.6400","21.7200","-0.4700","141.0000","36.3600","0.5300","-0.0800","133.0000","40.0000","1.4700","0.3200","86.0000","61.3600","1325805.5300","0.2800","73.0000","67.2700","903958.3200","0.3900","86.0000","61.3600","1.4000","0.2600","56.0000","75.0000","0.6700","0.8900","46.0000","79.5500","0.3000","47.0000","79.0900","-0.0700","0.4300","-0.5700","-0.4900","-0.5700","1.5100","0.2509","-0.1800","0.2600","-0.3300","-0.2400","-0.2800","0.0000","-0.5400","64.5500","80.4500","32.2700","38.6400","32.2700","91.3600","100.0000","64.0900","79.0900","53.1800","55.0000","49.5500","63.1800","33.6400","220","4/1/2025 16:37","6","3","2.0000","0.4000","0.2000","48.0000","41.0000","45.0000","28.0000","19.0000","0.2700","0.3863","0.1000","0.7100","1.2300","78.6400","81.8200","80.0000","87.7300","91.8200","7","5","71.3600","64.0000","-0.0100","0.3300","80.4500","44.0000","0.5300","3","56.3600","97.0000","-0.2000","26","80.4500","44.0000","0.2000","1.7300","88.1800","27.0000","1.2200","7","76.3600","53.0000","0.3200","0.2000","67.7300","72.0000","0.3400","0.4700","93.6400","15.0000","1.6400","0.1300","98.1800","5.0000","3.0200","9","99.5500","2.0000","7.4900","0.6000","99.5500","2.0000","7.7300","2","98.6400","4.0000","2.6600","8","10","0"
"AAD2023.06.02752","229","31940","23","University of Texas at Austin, The","Molecular Biosciences, Department of","Biochemistry","53","5.0000","672","13.0000","49","8.0000","13.7100","59.0000","34112","7.0000","50","7.0000","1.0000","1.0000","44","5.0000","114","6.0000","121988318.0000","6.0000","107","12.0000","36","7.0000","5","21.0000","4","9.0000","16","16","5","19","19","0.0800","0.2100","86.0000","61.3600","0.0900","-0.0300","87.0000","60.9100","0.9200","0.1500","130.0000","41.3600","12.6800","0.5300","62.0000","72.2700","0.9400","0.2500","125.0000","43.6400","643.6200","1.0100","31.0000","86.3600","50.7600","1.0800","24.0000","89.5500","0.8300","1.1100","26.0000","88.6400","2.1500","1.2600","29.0000","87.2700","2301666.3800","1.3700","20.0000","91.3600","1070072.9600","0.8000","55.0000","75.4500","2.0200","0.7900","34.0000","85.0000","0.6800","0.9400","44.0000","80.4500","0.4000","36.0000","84.0900","2.6100","1.8100","2.5600","3.1500","2.4800","0.6000","0.2509","1.7300","0.9000","2.6200","3.0800","2.8300","1.9100","2.7500","97.2700","96.3600","97.2700","98.1800","96.8200","73.6400","100.0000","95.0000","90.9100","97.2700","97.7300","97.7300","94.5500","98.1800","220","4/1/2025 16:37","3","3","1.0000","0.0600","0.0600","48.0000","100.0000","81.0000","145.0000","140.0000","0.2700","-0.2790","-0.1900","-0.4500","-0.4000","78.6400","55.0000","63.6400","34.5500","36.8200","7","17","95.9100","10.0000","2.2000","0.3200","77.2700","51.0000","0.4700","12","98.1800","5.0000","2.5000","47","88.1800","27.0000","0.8400","0.8900","74.0900","58.0000","0.2000","11","89.0900","25.0000","1.0600","0.2300","73.1800","60.0000","0.5800","0.2100","49.5500","112.0000","-0.0700","0.0000","87.7300","28.0000","-0.2600","0","87.7300","28.0000","-0.2700","0.0000","87.7300","28.0000","-0.2300","0","87.7300","28.0000","-0.2900","8","10","0"
"AAD2023.06.02752","283","32357","23","University of Kentucky","Molecular and Cellular Biochemistry, Department of","Biochemistry","31","31.0000","292","62.0000","28","40.0000","10.4300","100.0000","6938","85.0000","29","38.0000","1.0000","1.0000","24","27.0000","60","28.0000","61245808.0000","32.0000","36","51.0000","16","45.0000","2","68.0000","1","80.0000","16","16","5","19","19","0.0300","-0.4700","140.0000","36.8200","0.0600","-0.2100","115.0000","48.1800","0.9000","0.0000","146.0000","34.0900","9.4200","-0.0800","104.0000","53.1800","0.9400","0.1900","132.0000","40.4500","223.8100","-0.3700","125.0000","43.6400","23.7600","-0.3600","128.0000","42.2700","0.7700","0.8900","44.0000","80.4500","1.9400","0.9700","36.0000","84.0900","1975671.2300","1.0100","34.0000","85.0000","1020763.4700","0.6800","63.0000","71.8200","1.1600","0.0500","71.0000","68.1800","0.5200","0.2700","81.0000","63.6400","0.0000","84.0000","62.2700","0.5500","-0.2700","0.7800","1.1300","0.7000","-0.0200","0.2509","0.1500","-0.0600","-0.1500","1.1000","1.0000","0.2300","0.8500","80.0000","64.0900","83.1800","88.1800","82.2700","55.0000","100.0000","77.2700","69.5500","61.8200","85.9100","87.7300","72.2700","86.3600","220","4/1/2025 16:37","3","1","3.0000","0.1000","0.0300","108.0000","18.0000","81.0000","114.0000","165.0000","-0.4500","1.0516","-0.1900","-0.3200","-0.6700","51.3600","92.2700","63.6400","48.6400","25.4500","7","7","77.7300","50.0000","0.3600","0.2300","59.5500","90.0000","0.0200","6","83.1800","38.0000","0.7000","16","66.8200","74.0000","-0.1100","0.5200","55.9100","98.0000","-0.2500","7","76.3600","53.0000","0.3200","0.1900","64.5500","79.0000","0.2800","0.2300","52.7300","105.0000","0.0500","0.0300","90.0000","23.0000","0.5400","2","95.4500","11.0000","1.4600","0.0600","92.7300","17.0000","0.6300","1","95.9100","10.0000","1.1900","8","10","0"
"AAD2023.06.02752","153","33241","23","Northwestern University","Biochemistry and Molecular Genetics, Department of","Biochemistry","25","57.0000","245","77.0000","21","79.0000","11.6700","78.0000","13882","45.0000","22","68.0000","1.0000","1.0000","14","78.0000","24","103.0000","27606627.0000","82.0000","30","58.0000","11","73.0000","0","150.0000","0","150.0000","16","16","5","19","19","0.0000","-0.9800","150.0000","32.2700","0.0000","-0.5900","150.0000","32.2700","0.8400","-0.4300","174.0000","21.3600","9.8000","-0.0100","94.0000","57.7300","0.8800","-0.1600","167.0000","24.5500","555.2800","0.7200","42.0000","81.3600","56.6600","1.4000","19.0000","91.8200","0.5600","0.0300","125.0000","43.6400","0.9600","-0.3800","138.0000","37.7300","1104265.0800","0.0300","95.0000","57.2700","1150276.1300","1.0000","36.0000","84.0900","1.2000","0.0900","66.0000","70.4500","0.4400","-0.0400","114.0000","48.6400","0.1000","65.0000","70.9100","0.0300","-0.9600","0.1900","0.1200","0.1100","0.2100","0.2509","0.0200","-0.7100","0.5600","0.0100","-0.2100","0.0200","0.3300","67.2700","32.2700","69.5500","65.0000","64.5500","65.0000","100.0000","74.0900","32.2700","80.0000","63.1800","53.6400","65.4500","74.5500","220","4/1/2025 16:37","2","2","1.0000","0.0800","0.0800","69.0000","100.0000","101.0000","124.0000","106.0000","-0.0900","-0.2790","-0.2900","-0.3700","-0.1300","69.0900","55.0000","54.5500","44.0900","52.2700","7","1","29.0900","157.0000","-0.7500","0.0400","12.2700","194.0000","-0.8600","1","32.2700","150.0000","-0.8000","13","63.1800","82.0000","-0.2000","0.5200","56.3600","97.0000","-0.2400","5","66.3600","75.0000","-0.0500","0.0400","12.7300","193.0000","-1.1100","0.2000","48.1800","115.0000","-0.1200","0.0000","87.7300","28.0000","-0.2600","0","87.7300","28.0000","-0.2700","0.0000","87.7300","28.0000","-0.2300","0","87.7300","28.0000","-0.2900","8","10","0"
"AAD2023.06.02752","177","33409","23","Rutgers - New Brunswick","Biochemistry and Molecular Biology, Department of (Robert Wood Johnson Medical School)","Biochemistry","10","184.0000","67","177.0000","10","169.0000","6.7000","168.0000","1455","174.0000","10","168.0000","1.0000","1.0000","6","162.0000","15","139.0000","16957613.0000","110.0000","4","177.0000","3","175.0000","1","98.0000","1","80.0000","16","16","5","19","19","0.1000","0.6000","51.0000","77.2700","0.1000","0.0000","80.0000","64.0900","1.0000","0.6600","1.0000","100.0000","6.7000","-0.6000","156.0000","29.5500","1.0000","0.6100","1.0000","100.0000","145.5000","-0.6300","153.0000","30.9100","21.7200","-0.4700","142.0000","35.9100","0.6000","0.1900","107.0000","51.8200","1.5000","0.3600","78.0000","65.0000","1695761.3000","0.7000","52.0000","76.8200","1130507.5300","0.9500","40.0000","82.2700","0.4000","-0.6000","164.0000","25.9100","0.3000","-0.6100","159.0000","28.1800","-0.3000","123.0000","44.5500","-0.7900","-0.2700","-0.8300","-0.6900","-0.8200","-0.7300","0.2509","-0.5600","-0.3900","-0.7100","-0.3400","-0.5200","-0.7600","-0.9700","20.9100","64.0900","24.0900","26.8200","23.6400","24.0900","100.0000","20.0000","55.9100","21.3600","50.4500","37.2700","20.0000","16.8200","220","4/1/2025 16:37","1","1","1.0000","0.1000","0.1000","108.0000","100.0000","121.0000","104.0000","81.0000","-0.4500","-0.2790","-0.3900","-0.3100","0.1000","51.3600","55.0000","45.4500","53.1800","63.6400","7","5","71.3600","64.0000","-0.0100","0.5000","94.5500","13.0000","1.3200","3","56.3600","97.0000","-0.2000","1","19.5500","178.0000","-0.5700","0.1000","19.0900","179.0000","-0.7500","1","25.4500","165.0000","-0.7900","0.3000","88.1800","27.0000","1.2400","0.1000","24.5500","167.0000","-0.7800","0.0000","87.7300","28.0000","-0.2600","0","87.7300","28.0000","-0.2700","0.0000","87.7300","28.0000","-0.2300","0","87.7300","28.0000","-0.2900","8","10","0"
"AAD2023.06.02752","151","33629","23","Northern Arizona University","Chemistry and Biochemistry, Department of","Biochemistry","10","184.0000","57","184.0000","7","201.0000","8.1400","138.0000","900","189.0000","6","203.0000","0.8600","211.0000","3","185.0000","8","179.0000","1551341.0000","192.0000","6","156.0000","5","143.0000","0","150.0000","0","150.0000","16","16","5","19","19","0.0000","-0.9800","150.0000","32.2700","0.0000","-0.5900","150.0000","32.2700","0.7000","-1.3700","205.0000","7.2700","5.7000","-0.7900","175.0000","20.9100","0.6000","-1.9700","209.0000","5.4500","90.0000","-0.8200","184.0000","16.8200","15.7900","-0.7900","185.0000","16.3600","0.3000","-1.0200","184.0000","16.8200","0.8000","-0.6000","154.0000","30.4500","155134.1000","-1.0300","190.0000","14.0900","193917.6300","-1.3800","201.0000","9.0900","0.6000","-0.4300","130.0000","41.3600","0.5000","0.2100","82.0000","63.1800","-0.8000","180.0000","18.6400","-0.5800","-0.9600","-1.1600","-1.0000","-1.0800","-0.4600","-0.9699","-0.5200","-0.7100","-0.7700","-0.8400","-0.7500","-0.8000","-0.9700","35.4500","32.2700","8.1800","16.3600","9.0900","37.7300","4.5500","29.5500","32.2700","14.5500","13.1800","19.0900","16.8200","16.8200","220","4/1/2025 16:37","10","2","5.0000","1.0000","0.2000","69.0000","8.0000","27.0000","6.0000","19.0000","-0.0900","2.3821","0.4800","2.7300","1.2300","69.0900","96.8200","88.1800","97.7300","91.8200","7","1","29.0900","157.0000","-0.7500","0.1000","30.4500","154.0000","-0.5800","1","32.2700","150.0000","-0.8000","2","26.3600","163.0000","-0.5400","0.2000","27.7300","160.0000","-0.6300","2","35.9100","142.0000","-0.6100","0.1000","34.5500","145.0000","-0.5700","0.2000","48.1800","115.0000","-0.1200","0.0000","87.7300","28.0000","-0.2600","0","87.7300","28.0000","-0.2700","0.0000","87.7300","28.0000","-0.2300","0","87.7300","28.0000","-0.2900","8","10","0"
"AAD2023.06.02752","37","33850","23","Central Michigan University","Chemistry and Biochemistry, Department of","Biochemistry","13","160.0000","43","193.0000","9","180.0000","4.7800","194.0000","869","190.0000","10","168.0000","0.9100","201.0000","2","194.0000","6","183.0000","2059578.0000","189.0000","6","156.0000","3","175.0000","7","12.0000","4","9.0000","16","16","5","19","19","0.3100","3.8700","2.0000","99.5500","0.5400","2.6000","4.0000","98.6400","0.6900","-1.4300","206.0000","6.8200","3.3100","-1.2400","197.0000","10.9100","0.7700","-0.8800","197.0000","10.9100","66.8500","-0.8900","194.0000","12.2700","20.2100","-0.5500","151.0000","31.8200","0.1500","-1.6100","200.0000","9.5500","0.4600","-1.0700","187.0000","15.4500","158429.0800","-1.0300","188.0000","15.0000","343263.0000","-1.0100","180.0000","18.6400","0.4600","-0.5400","155.0000","30.0000","0.2300","-0.9000","173.0000","21.8200","-1.0000","191.0000","13.6400","-0.7900","1.8100","-0.8300","-1.1000","-0.9100","-1.1000","-0.5260","-0.5200","1.5500","-0.7700","-0.8200","-0.8200","-0.8700","-0.7100","20.9100","96.3600","24.0900","12.2700","18.6400","12.2700","9.0900","29.5500","95.0000","14.0900","14.5500","17.2700","12.7300","27.7300","220","4/1/2025 16:37","1","1","1.0000","0.0800","0.0800","108.0000","100.0000","121.0000","125.0000","110.0000","-0.4500","-0.2790","-0.3900","-0.3800","-0.1700","51.3600","55.0000","45.4500","43.6400","50.4500","7","1","29.0900","157.0000","-0.7500","0.0800","23.1800","170.0000","-0.6900","1","32.2700","150.0000","-0.8000","10","58.6400","92.0000","-0.2900","0.7700","69.0900","69.0000","0.0600","3","45.9100","120.0000","-0.4200","0.0800","25.0000","166.0000","-0.7800","0.2300","55.0000","100.0000","0.0900","0.0000","87.7300","28.0000","-0.2600","0","87.7300","28.0000","-0.2700","0.0000","87.7300","28.0000","-0.2300","0","87.7300","28.0000","-0.2900","8","10","0"
"AAD2023.06.02752","138","33992","23","Morehouse School of Medicine","Microbiology, Biochemistry and Immunology, Department of","Biochemistry","24","65.0000","175","109.0000","18","99.0000","9.7200","109.0000","4265","118.0000","17","115.0000","0.9400","192.0000","11","105.0000","20","119.0000","14516912.0000","118.0000","12","118.0000","5","143.0000","3","47.0000","1","80.0000","16","16","5","19","19","0.0400","-0.3200","126.0000","43.1800","0.1300","0.1500","53.0000","76.3600","0.7500","-1.0400","198.0000","10.4500","7.2900","-0.4900","141.0000","36.3600","0.7100","-1.2700","204.0000","7.7300","177.7100","-0.5300","141.0000","36.3600","24.3700","-0.3300","124.0000","44.0900","0.4600","-0.3800","152.0000","31.3600","0.8300","-0.5600","150.0000","32.2700","604871.3300","-0.5300","136.0000","38.6400","725845.6000","-0.0600","116.0000","47.7300","0.5000","-0.5100","144.0000","35.0000","0.2100","-0.9900","177.0000","20.0000","-0.5000","151.0000","31.8200","-0.5800","-0.2700","-0.2300","-0.1900","-0.1400","-0.1600","-0.2239","-0.3800","0.2600","-0.4300","-0.4200","-0.3500","-0.2800","0.2400","35.4500","64.0900","48.1800","52.7300","55.4500","50.9100","13.1800","46.8200","79.0900","46.8200","46.8200","46.3600","50.9100","70.9100","220","4/1/2025 16:37","1","1","1.0000","0.0400","0.0400","108.0000","100.0000","121.0000","164.0000","163.0000","-0.4500","-0.2790","-0.3900","-0.5000","-0.5700","51.3600","55.0000","45.4500","25.9100","26.3600","7","1","29.0900","157.0000","-0.7500","0.0400","13.1800","192.0000","-0.8600","1","32.2700","150.0000","-0.8000","46","87.7300","28.0000","0.8100","1.9200","90.4500","22.0000","1.4400","8","81.3600","42.0000","0.5100","0.0400","13.6400","191.0000","-1.0900","0.3300","78.6400","48.0000","0.7600","0.0400","91.3600","20.0000","0.7700","1","94.0900","14.0000","0.6000","0.0400","90.9100","21.0000","0.3200","1","95.9100","10.0000","1.1900","8","10","0"
"AAD2023.06.02752","239","34055","23","Uniformed Services University of the Health Sciences","Biochemistry and Molecular Biology, Department of","Biochemistry","10","184.0000","59","182.0000","9","180.0000","6.5600","174.0000","1156","180.0000","9","179.0000","1.0000","1.0000","7","150.0000","9","175.0000","8093706.0000","146.0000","3","183.0000","2","185.0000","0","150.0000","0","150.0000","16","16","5","19","19","0.0000","-0.9800","150.0000","32.2700","0.0000","-0.5900","150.0000","32.2700","0.9000","-0.0200","147.0000","33.6400","5.9000","-0.7500","172.0000","22.2700","0.9000","-0.0300","150.0000","32.2700","115.6000","-0.7300","167.0000","24.5500","19.5900","-0.5800","157.0000","29.0900","0.7000","0.5900","72.0000","67.7300","0.9000","-0.4700","147.0000","33.6400","809370.6000","-0.3000","117.0000","47.2700","899300.6700","0.3800","88.0000","60.4500","0.3000","-0.6800","173.0000","21.8200","0.2000","-1.0200","179.0000","19.0900","-0.6000","166.0000","25.0000","-0.8900","-0.9600","-0.9100","-0.5900","-0.9100","-0.7600","0.2509","-0.5800","-0.7100","-0.7500","-0.6300","-0.7200","-0.7900","-0.9700","16.3600","32.2700","19.0900","32.2700","18.6400","21.3600","100.0000","17.2700","32.2700","18.6400","34.0900","20.9100","17.7300","16.8200","220","4/1/2025 16:37","0","0","0.0000","0.0000","0.0000","167.0000","167.0000","167.0000","167.0000","167.0000","-0.8100","-0.9443","-0.4800","-0.6400","-1.0400","24.5500","24.5500","24.5500","24.5500","24.5500","7","1","29.0900","157.0000","-0.7500","0.1000","30.4500","154.0000","-0.5800","1","32.2700","150.0000","-0.8000","0","13.6400","191.0000","-0.6000","0.0000","13.6400","191.0000","-0.8700","0","13.6400","191.0000","-0.9800","0.1000","34.5500","145.0000","-0.5700","0.0000","13.6400","191.0000","-1.4300","0.0000","87.7300","28.0000","-0.2600","0","87.7300","28.0000","-0.2700","0.0000","87.7300","28.0000","-0.2300","0","87.7300","28.0000","-0.2900","8","10","0"
"AAD2023.06.02752","357","34113","23","Washington State University","Biological Chemistry, Institute of","Biochemistry","12","166.0000","113","152.0000","12","156.0000","9.4200","117.0000","4028","123.0000","12","158.0000","1.0000","1.0000","8","136.0000","27","92.0000","14369206.0000","120.0000","13","114.0000","7","122.0000","3","47.0000","3","22.0000","16","16","5","19","19","0.2500","2.9600","3.0000","99.0900","0.2500","0.8900","17.0000","92.7300","1.0000","0.6600","1.0000","100.0000","9.4200","-0.0800","105.0000","52.7300","1.0000","0.6100","1.0000","100.0000","335.6700","0.0000","82.0000","63.1800","35.6500","0.2800","66.0000","70.4500","0.6700","0.4600","80.0000","64.0900","2.2500","1.4000","19.0000","91.8200","1197433.8300","0.1400","85.0000","61.8200","532192.8100","-0.5400","152.0000","31.3600","1.0800","-0.0100","75.0000","66.3600","0.5800","0.5500","62.0000","72.2700","0.2000","54.0000","75.9100","-0.3800","1.1200","-0.6600","-0.4900","-0.6500","-0.2100","0.2509","-0.3600","0.2600","-0.4500","-0.4200","-0.1100","-0.5600","-0.7900","45.0000","90.4500","28.6400","38.6400","29.5500","47.2700","100.0000","48.6400","79.0900","44.5500","45.9100","58.6400","31.3600","25.0000","220","4/1/2025 16:37","0","0","0.0000","0.0000","0.0000","167.0000","167.0000","167.0000","167.0000","167.0000","-0.8100","-0.9443","-0.4800","-0.6400","-1.0400","24.5500","24.5500","24.5500","24.5500","24.5500","7","22","98.6400","4.0000","3.1200","1.8300","100.0000","1.0000","7.6500","6","83.1800","38.0000","0.7000","5","39.0900","135.0000","-0.4500","0.4200","48.1800","115.0000","-0.3600","3","45.9100","120.0000","-0.4200","0.5000","100.0000","1.0000","3.0500","0.2500","63.1800","82.0000","0.2100","0.0000","87.7300","28.0000","-0.2600","0","87.7300","28.0000","-0.2700","0.0000","87.7300","28.0000","-0.2300","0","87.7300","28.0000","-0.2900","8","10","0"
"AAD2023.06.02752","408","34153","23","University of Maryland Baltimore, The","Biochemistry and Molecular Biology, Department of","Biochemistry","23","70.0000","217","89.0000","23","59.0000","9.4300","116.0000","3268","135.0000","23","59.0000","1.0000","1.0000","16","61.0000","31","79.0000","29738783.0000","75.0000","11","126.0000","6","130.0000","6","14.0000","3","22.0000","16","16","5","19","19","0.1300","1.0800","24.0000","89.5500","0.2600","0.9600","16.0000","93.1800","1.0000","0.6600","1.0000","100.0000","9.4300","-0.0800","102.0000","54.0900","1.0000","0.6100","1.0000","100.0000","142.0900","-0.6400","155.0000","30.0000","15.0600","-0.8300","188.0000","15.0000","0.7000","0.5700","75.0000","66.3600","1.3500","0.1500","101.0000","54.5500","1292990.5700","0.2400","78.0000","65.0000","959315.5800","0.5300","73.0000","67.2700","0.4800","-0.5300","151.0000","31.8200","0.2600","-0.7700","170.0000","23.1800","-0.1000","95.0000","57.2700","-0.4800","1.1200","0.2700","0.3200","0.2800","-0.2100","0.2509","-0.4100","1.2300","-0.5300","0.0800","0.0200","-0.1000","0.1600","41.3600","90.4500","73.6400","72.7300","73.6400","47.7300","100.0000","43.1800","94.0900","39.0900","66.3600","64.5500","60.0000","68.6400","220","4/1/2025 16:37","1","1","1.0000","0.0400","0.0400","108.0000","100.0000","121.0000","161.0000","159.0000","-0.4500","-0.2790","-0.3900","-0.5000","-0.5400","51.3600","55.0000","45.4500","27.2700","28.1800","7","11","89.0900","25.0000","1.0900","0.4800","93.1800","16.0000","1.2200","6","83.1800","38.0000","0.7000","21","75.4500","55.0000","0.0400","0.9100","75.4500","55.0000","0.2300","10","86.3600","31.0000","0.8800","0.2600","81.8200","41.0000","0.8900","0.4300","90.9100","21.0000","1.4300","0.0000","87.7300","28.0000","-0.2600","0","87.7300","28.0000","-0.2700","0.0000","87.7300","28.0000","-0.2300","0","87.7300","28.0000","-0.2900","8","10","0"
"AAD2023.06.02752","263","34466","23","University of Colorado Boulder","Biochemistry, Department of","Biochemistry","22","81.0000","281","65.0000","22","67.0000","12.7700","67.0000","16599","35.0000","21","80.0000","0.9500","186.0000","20","41.0000","48","44.0000","44857997.0000","47.0000","96","15.0000","17","40.0000","0","150.0000","0","150.0000","16","16","5","19","19","0.0000","-0.9800","150.0000","32.2700","0.0000","-0.5900","150.0000","32.2700","1.0000","0.6600","1.0000","100.0000","12.7700","0.5500","60.0000","73.1800","0.9500","0.3200","107.0000","51.8200","754.5000","1.3800","23.0000","90.0000","59.0700","1.5300","16.0000","93.1800","0.9100","1.4300","11.0000","95.4500","2.1800","1.3100","24.0000","89.5500","2038999.8600","1.0800","33.0000","85.4500","934541.6000","0.4600","81.0000","63.6400","4.3600","2.7900","9.0000","96.3600","0.7700","1.3300","27.0000","88.1800","0.6000","23.0000","90.0000","0.6500","-0.9600","0.1000","0.7200","0.2000","0.4200","-0.1376","1.4900","-0.7100","0.8300","0.5700","0.6000","0.1800","0.0700","82.2700","32.2700","64.0900","81.8200","70.0000","70.0000","15.9100","93.6400","32.2700","84.5500","79.0900","80.4500","70.9100","63.6400","220","4/1/2025 16:37","7","5","1.4000","0.3200","0.2300","19.0000","82.0000","35.0000","37.0000","12.0000","0.9900","-0.0129","0.1900","0.4300","1.5400","91.8200","63.1800","84.5500","83.6400","95.0000","7","1","29.0900","157.0000","-0.7500","0.0500","14.5500","189.0000","-0.8400","1","32.2700","150.0000","-0.8000","20","74.0900","58.0000","0.0100","0.9100","75.0000","56.0000","0.2300","6","71.8200","63.0000","0.1300","0.0500","15.4500","187.0000","-1.0600","0.2700","68.1800","71.0000","0.3600","0.0000","87.7300","28.0000","-0.2600","0","87.7300","28.0000","-0.2700","0.0000","87.7300","28.0000","-0.2300","0","87.7300","28.0000","-0.2900","8","10","0"
"AAD2023.06.02752","352","34483","23","Villanova University","Chemistry, Department of","Biochemistry","17","131.0000","74","174.0000","13","150.0000","5.6900","187.0000","843","191.0000","13","150.0000","1.0000","1.0000","7","150.0000","12","159.0000","3123797.0000","183.0000","9","133.0000","6","130.0000","0","150.0000","0","150.0000","16","16","5","19","19","0.0000","-0.9800","150.0000","32.2700","0.0000","-0.5900","150.0000","32.2700","0.7600","-0.9400","197.0000","10.9100","4.3500","-1.0400","190.0000","14.0900","0.7600","-0.9100","199.0000","10.0000","49.5900","-0.9500","199.0000","10.0000","11.3900","-1.0200","201.0000","9.0900","0.4100","-0.5700","164.0000","25.9100","0.7100","-0.7300","167.0000","24.5500","183752.7600","-1.0000","187.0000","15.4500","260316.4200","-1.2200","193.0000","12.7300","0.5300","-0.4900","142.0000","35.9100","0.3500","-0.4000","143.0000","35.4500","-1.0000","191.0000","13.6400","-0.4800","-0.9600","-0.5700","-0.5900","-0.5700","-0.9200","0.2509","-0.4500","-0.7100","-0.7800","-0.7900","-0.6200","-0.7300","-0.3600","41.3600","32.2700","32.2700","32.2700","32.2700","15.4500","100.0000","40.0000","32.2700","13.6400","17.2700","28.1800","21.3600","40.9100","220","4/1/2025 16:37","4","2","2.0000","0.2400","0.1200","69.0000","41.0000","66.0000","53.0000","61.0000","-0.0900","0.3863","-0.1000","0.1500","0.3000","69.0900","81.8200","70.4500","76.3600","72.7300","7","1","29.0900","157.0000","-0.7500","0.0600","19.5500","178.0000","-0.7700","1","32.2700","150.0000","-0.8000","7","45.9100","120.0000","-0.3900","0.4100","47.2700","117.0000","-0.3700","2","35.9100","142.0000","-0.6100","0.0600","20.9100","175.0000","-0.9400","0.1200","30.0000","155.0000","-0.6600","0.0000","87.7300","28.0000","-0.2600","0","87.7300","28.0000","-0.2700","0.0000","87.7300","28.0000","-0.2300","0","87.7300","28.0000","-0.2900","8","10","0"
"AAD2023.06.02752","237","34525","23","Tufts University","Biochemical and Molecular Nutrition, Division of","Biochemistry","16","140.0000","307","57.0000","16","124.0000","19.1900","16.0000","10318","67.0000","16","126.0000","1.0000","1.0000","10","115.0000","19","124.0000","14427975.0000","119.0000","39","46.0000","10","79.0000","2","68.0000","2","44.0000","16","16","5","19","19","0.1300","0.9900","26.0000","88.6400","0.1300","0.1500","53.0000","76.3600","1.0000","0.6600","1.0000","100.0000","19.1900","1.7600","13.0000","94.5500","1.0000","0.6100","1.0000","100.0000","644.8800","1.0200","30.0000","86.8200","33.6100","0.1700","73.0000","67.2700","0.6300","0.2900","95.0000","57.2700","1.1900","-0.0700","110.0000","50.4500","901748.4400","-0.1900","110.0000","50.4500","759367.1100","0.0300","110.0000","50.4500","2.4400","1.1400","22.0000","90.4500","0.6300","0.7200","53.0000","76.3600","0.5000","26.0000","88.6400","-0.0700","0.4300","-0.3200","-0.2900","-0.3100","1.6500","0.2509","0.2200","-0.0600","0.1900","-0.4200","-0.3800","0.3000","-0.4500","64.5500","80.4500","43.1800","48.1800","44.0900","93.1800","100.0000","79.5500","69.5500","70.0000","46.3600","44.0900","74.5500","36.8200","220","4/1/2025 16:37","1","1","1.0000","0.0600","0.0600","108.0000","100.0000","121.0000","139.0000","131.0000","-0.4500","-0.2790","-0.3900","-0.4300","-0.3300","51.3600","55.0000","45.4500","37.2700","40.9100","7","6","73.6400","59.0000","0.1700","0.3800","84.0900","36.0000","0.7300","5","78.1800","49.0000","0.4000","1","19.5500","178.0000","-0.5700","0.0600","15.9100","186.0000","-0.7900","1","25.4500","165.0000","-0.7900","0.3100","90.4500","22.0000","1.3600","0.0600","18.1800","181.0000","-1.0200","0.4400","100.0000","1.0000","10.5100","10","100.0000","1.0000","8.3500","0.6300","100.0000","1.0000","8.0600","7","100.0000","1.0000","10.0400","8","10","0"
"AAD2023.06.02752","12","34881","23","Arizona State University","Molecular Sciences, School of","Biochemistry","68","1.0000","1085","3.0000","68","1.0000","15.9600","36.0000","24079","18.0000","68","1.0000","1.0000","1.0000","46","3.0000","136","4.0000","77610781.0000","12.0000","160","8.0000","48","3.0000","17","4.0000","7","1.0000","16","16","5","19","19","0.1000","0.6400","49.0000","78.1800","0.2500","0.8900","17.0000","92.7300","1.0000","0.6600","1.0000","100.0000","15.9600","1.1500","31.0000","86.3600","1.0000","0.6100","1.0000","100.0000","354.1000","0.0600","78.0000","65.0000","22.1900","-0.4400","138.0000","37.7300","0.6800","0.5000","79.0000","64.5500","2.0000","1.0600","33.0000","85.4500","1141335.0100","0.0700","94.0000","57.7300","570667.5100","-0.4400","136.0000","38.6400","2.3500","1.0700","25.0000","89.0900","0.7100","1.0500","40.0000","82.2700","0.5000","26.0000","88.6400","3.8400","3.9000","4.0800","3.3500","4.0900","1.0300","0.2509","2.9100","4.7700","1.6000","1.6400","3.5700","3.7300","4.0500","99.0900","100.0000","100.0000","99.0900","100.0000","84.0900","100.0000","96.8200","98.6400","92.2700","95.0000","98.6400","99.0900","100.0000","220","4/1/2025 16:37","109","23","4.7400","1.6000","0.3400","1.0000","10.0000","1.0000","3.0000","4.0000","7.4600","2.2092","10.0100","4.7700","2.7900","100.0000","95.9100","100.0000","99.0900","98.6400","7","24","99.5500","2.0000","3.4900","0.3500","82.2700","40.0000","0.6200","19","100.0000","1.0000","4.6000","207","99.5500","2.0000","5.7400","3.0400","97.7300","6.0000","2.8000","28","99.5500","2.0000","4.2200","0.2800","84.5500","35.0000","1.0600","0.4100","87.2700","29.0000","1.2800","0.0000","87.7300","28.0000","-0.2600","0","87.7300","28.0000","-0.2700","0.0000","87.7300","28.0000","-0.2300","0","87.7300","28.0000","-0.2900","8","10","0"
"AAD2023.06.02752","224","35718","23","Texas Woman's University","Chemistry and Biochemistry, Division of","Biochemistry","9","199.0000","33","198.0000","6","205.0000","5.5000","188.0000","1978","157.0000","6","203.0000","0.8600","211.0000","0","209.0000","0","209.0000","0.0000","209.0000","0","210.0000","0","210.0000","0","150.0000","0","150.0000","16","16","5","19","19","0.0000","-0.9800","150.0000","32.2700","0.0000","-0.5900","150.0000","32.2700","0.6700","-1.6000","208.0000","5.9100","3.6700","-1.1700","195.0000","11.8200","0.6700","-1.5400","207.0000","6.3600","219.7800","-0.3900","126.0000","43.1800","59.9400","1.5700","15.0000","93.6400","0.0000","-2.2300","209.0000","5.4500","0.0000","-1.7100","209.0000","5.4500","0.0000","-1.2100","209.0000","5.4500","0.0000","-1.8700","209.0000","5.4500","0.0000","-0.9400","210.0000","5.0000","0.0000","-1.8500","210.0000","5.0000","-1.2000","204.0000","7.7300","-1.1000","-0.9600","-1.1600","-1.3000","-1.1600","-0.9600","-0.9699","-0.6500","-0.7100","-0.6600","-0.8900","-1.0200","-0.9100","-1.0500","5.0000","32.2700","8.1800","5.4500","7.2700","15.0000","4.5500","5.0000","32.2700","29.0900","5.4500","5.4500","10.4500","10.0000","220","4/1/2025 16:37","1","1","1.0000","0.1100","0.1100","108.0000","100.0000","121.0000","102.0000","66.0000","-0.4500","-0.2790","-0.3900","-0.2700","0.2200","51.3600","55.0000","45.4500","54.0900","70.4500","7","0","11.3600","196.0000","-0.9400","0.0000","11.3600","196.0000","-1.0500","0","11.3600","196.0000","-1.1000","2","26.3600","163.0000","-0.5400","0.2200","30.9100","153.0000","-0.6000","1","25.4500","165.0000","-0.7900","0.0000","11.3600","196.0000","-1.4700","0.1100","28.6400","158.0000","-0.7000","0.0000","87.7300","28.0000","-0.2600","0","87.7300","28.0000","-0.2700","0.0000","87.7300","28.0000","-0.2300","0","87.7300","28.0000","-0.2900","8","10","0"
"AAD2023.06.02752","367","36017","23","Wright State University","Biochemistry and Molecular Biology, Department of","Biochemistry","10","184.0000","40","195.0000","9","180.0000","4.4400","199.0000","2338","150.0000","9","179.0000","1.0000","1.0000","5","172.0000","6","183.0000","3941452.0000","177.0000","5","168.0000","4","160.0000","0","150.0000","0","150.0000","16","16","5","19","19","0.0000","-0.9800","150.0000","32.2700","0.0000","-0.5900","150.0000","32.2700","0.9000","-0.0200","147.0000","33.6400","4.0000","-1.1100","193.0000","12.7300","0.9000","-0.0300","150.0000","32.2700","233.8000","-0.3400","119.0000","46.3600","58.4500","1.4900","18.0000","92.2700","0.5000","-0.2100","141.0000","36.3600","0.6000","-0.8800","175.0000","20.9100","394145.2000","-0.7600","162.0000","26.8200","656908.6700","-0.2300","130.0000","41.3600","0.5000","-0.5100","144.0000","35.0000","0.4000","-0.2000","129.0000","41.8200","-0.6000","166.0000","25.0000","-0.6900","-0.9600","-0.9100","-0.8000","-0.9100","-1.1600","0.2509","-0.5400","-0.7100","-0.6200","-0.7600","-0.8200","-0.8800","-0.9700","27.7300","32.2700","19.0900","22.2700","18.6400","10.0000","100.0000","24.0900","32.2700","32.2700","20.0000","17.2700","11.8200","16.8200","220","4/1/2025 16:37","0","0","0.0000","0.0000","0.0000","167.0000","167.0000","167.0000","167.0000","167.0000","-0.8100","-0.9443","-0.4800","-0.6400","-1.0400","24.5500","24.5500","24.5500","24.5500","24.5500","7","0","11.3600","196.0000","-0.9400","0.0000","11.3600","196.0000","-1.0500","0","11.3600","196.0000","-1.1000","0","13.6400","191.0000","-0.6000","0.0000","13.6400","191.0000","-0.8700","0","13.6400","191.0000","-0.9800","0.0000","11.3600","196.0000","-1.4700","0.0000","13.6400","191.0000","-1.4300","0.1000","96.8200","8.0000","2.2000","1","94.0900","14.0000","0.6000","0.1000","95.4500","11.0000","1.1000","1","95.9100","10.0000","1.1900","8","10","0"
"AAD2023.06.02752","537171","36080","23","Rowan University","Chemistry & Biochemistry, Department of","Biochemistry","18","116.0000","190","105.0000","17","110.0000","11.1800","84.0000","3352","134.0000","18","100.0000","1.0000","1.0000","11","105.0000","21","115.0000","8805650.0000","143.0000","9","133.0000","5","143.0000","2","68.0000","1","80.0000","16","16","5","19","19","0.0600","-0.1000","102.0000","54.0900","0.1100","0.0700","63.0000","71.8200","0.9400","0.2800","113.0000","49.0900","10.5600","0.1300","88.0000","60.4500","1.0000","0.6100","1.0000","100.0000","186.2200","-0.5000","136.0000","38.6400","17.6400","-0.6900","172.0000","22.2700","0.6100","0.2300","103.0000","53.6400","1.1700","-0.1000","115.0000","48.1800","489202.7800","-0.6600","146.0000","34.0900","419316.6700","-0.8200","169.0000","23.6400","0.5000","-0.5100","144.0000","35.0000","0.2800","-0.7000","166.0000","25.0000","-0.3000","123.0000","44.5500","-0.5800","-0.2700","-0.1500","-0.1900","-0.2300","0.1200","0.2509","-0.4500","-0.0600","-0.5200","-0.6000","-0.3100","-0.2200","-0.2800","35.4500","64.0900","55.0000","52.7300","50.4500","62.2700","100.0000","40.0000","69.5500","39.5500","35.4500","48.1800","52.7300","47.7300","220","4/1/2025 16:37","4","2","2.0000","0.2200","0.1100","69.0000","41.0000","66.0000","57.0000","66.0000","-0.0900","0.3863","-0.1000","0.1100","0.2200","69.0900","81.8200","70.4500","74.5500","70.4500","7","2","38.6400","136.0000","-0.5700","0.1100","34.0900","146.0000","-0.5300","2","42.7300","127.0000","-0.5000","10","58.6400","92.0000","-0.2900","0.5600","58.1800","93.0000","-0.2000","7","76.3600","53.0000","0.3200","0.1100","38.6400","136.0000","-0.4700","0.3900","84.5500","35.0000","1.1300","0.0000","87.7300","28.0000","-0.2600","0","87.7300","28.0000","-0.2700","0.0000","87.7300","28.0000","-0.2300","0","87.7300","28.0000","-0.2900","8","10","0"
"AAD2023.06.02752","57","36266","23","DePaul University","Chemistry and Biochemistry, Department of","Biochemistry","14","153.0000","24","204.0000","7","201.0000","3.4300","205.0000","293","207.0000","6","203.0000","0.7500","214.0000","1","202.0000","1","203.0000","600564.0000","202.0000","3","183.0000","3","175.0000","1","98.0000","1","80.0000","16","16","5","19","19","0.0700","0.1500","89.0000","60.0000","0.0700","-0.1700","109.0000","50.9100","0.5000","-2.7300","215.0000","2.7300","1.7100","-1.5400","213.0000","3.6400","0.4300","-3.0800","215.0000","2.7300","20.9300","-1.0400","209.0000","5.4500","12.2100","-0.9800","200.0000","9.5500","0.0700","-1.9400","206.0000","6.8200","0.0700","-1.6100","207.0000","6.3600","42897.4300","-1.1600","202.0000","8.6400","600564.0000","-0.3700","135.0000","39.0900","0.2100","-0.7500","186.0000","15.9100","0.2100","-0.9700","176.0000","20.4500","-1.3000","209.0000","5.4500","-0.7900","-0.2700","-1.1600","-1.2000","-1.0800","-1.3500","-1.8854","-0.5800","-0.3900","-0.8300","-0.8700","-0.9900","-0.9500","-0.6200","20.9100","64.0900","8.1800","8.6400","9.0900","7.2700","3.1800","17.2700","55.9100","6.3600","8.6400","8.1800","7.7300","30.9100","220","4/1/2025 16:37","1","1","1.0000","0.0700","0.0700","108.0000","100.0000","121.0000","129.0000","117.0000","-0.4500","-0.2790","-0.3900","-0.4000","-0.2300","51.3600","55.0000","45.4500","41.8200","47.2700","7","0","11.3600","196.0000","-0.9400","0.0000","11.3600","196.0000","-1.0500","0","11.3600","196.0000","-1.1000","0","13.6400","191.0000","-0.6000","0.0000","13.6400","191.0000","-0.8700","0","13.6400","191.0000","-0.9800","0.0000","11.3600","196.0000","-1.4700","0.0000","13.6400","191.0000","-1.4300","0.0000","87.7300","28.0000","-0.2600","0","87.7300","28.0000","-0.2700","0.0000","87.7300","28.0000","-0.2300","0","87.7300","28.0000","-0.2900","8","10","0"
"AAD2023.06.02752","554573","36316","23","Georgia Southern University","Biochemistry, Chemistry, and Physics, Department of","Biochemistry","28","44.0000","154","121.0000","20","91.0000","7.7000","146.0000","3052","138.0000","21","80.0000","0.9500","186.0000","5","172.0000","7","181.0000","1609914.0000","190.0000","2","191.0000","2","185.0000","1","98.0000","1","80.0000","16","16","5","19","19","0.0400","-0.4100","133.0000","40.0000","0.0400","-0.3800","136.0000","38.6400","0.7100","-1.2800","202.0000","8.6400","5.5000","-0.8200","178.0000","19.5500","0.7500","-1.0000","200.0000","9.5500","109.0000","-0.7500","171.0000","22.7300","19.8200","-0.5700","154.0000","30.4500","0.1800","-1.5100","198.0000","10.4500","0.2500","-1.3700","196.0000","11.3600","57496.9300","-1.1400","201.0000","9.0900","229987.7100","-1.2900","197.0000","10.9100","0.0700","-0.8800","208.0000","5.9100","0.0700","-1.5500","208.0000","5.9100","-1.0000","191.0000","13.6400","-0.8900","-0.2700","0.1000","-0.8000","0.0300","-0.5400","-0.1376","-0.6100","-0.3900","-0.5500","-0.8400","-0.7900","-0.3800","0.5900","16.3600","64.0900","64.0900","22.2700","59.0900","34.0900","15.9100","13.6400","55.9100","37.7300","14.0900","18.1800","45.4500","80.4500","220","4/1/2025 16:37","2","2","1.0000","0.0700","0.0700","69.0000","100.0000","101.0000","129.0000","117.0000","-0.0900","-0.2790","-0.2900","-0.4000","-0.2300","69.0900","55.0000","54.5500","41.8200","47.2700","7","2","38.6400","136.0000","-0.5700","0.0700","21.3600","174.0000","-0.7100","1","32.2700","150.0000","-0.8000","5","39.0900","135.0000","-0.4500","0.1800","26.8200","162.0000","-0.6500","4","55.0000","100.0000","-0.2400","0.0400","12.2700","194.0000","-1.1500","0.1400","37.7300","138.0000","-0.4900","0.0000","87.7300","28.0000","-0.2600","0","87.7300","28.0000","-0.2700","0.0000","87.7300","28.0000","-0.2300","0","87.7300","28.0000","-0.2900","8","10","0"
"AAD2023.06.02752","86","36331","23","Hampton University","Chemistry and Biochemistry, Department of","Biochemistry","11","178.0000","52","189.0000","9","180.0000","5.7800","185.0000","434","203.0000","9","179.0000","0.9000","205.0000","2","194.0000","2","198.0000","634044.0000","200.0000","7","148.0000","5","143.0000","0","150.0000","0","150.0000","16","16","5","19","19","0.0000","-0.9800","150.0000","32.2700","0.0000","-0.5900","150.0000","32.2700","0.8200","-0.5700","184.0000","16.8200","4.7300","-0.9700","186.0000","15.9100","0.8200","-0.5600","186.0000","15.9100","39.4500","-0.9800","204.0000","7.7300","8.3500","-1.1800","212.0000","4.0900","0.1800","-1.4900","197.0000","10.9100","0.1800","-1.4600","202.0000","8.6400","57640.3600","-1.1400","200.0000","9.5500","317022.0000","-1.0800","182.0000","17.7300","0.6400","-0.3900","126.0000","43.1800","0.4500","0.0200","105.0000","52.7300","-0.9000","186.0000","15.9100","-0.5800","-0.9600","-0.9100","-1.1000","-0.9100","-0.9100","-0.6037","-0.5000","-0.7100","-0.8200","-0.8700","-0.9600","-0.8300","-0.8800","35.4500","32.2700","19.0900","12.2700","18.6400","16.3600","7.2700","33.1800","32.2700","8.1800","9.5500","10.4500","14.5500","19.5500","220","4/1/2025 16:37","3","1","3.0000","0.2700","0.0900","108.0000","18.0000","81.0000","46.0000","93.0000","-0.4500","1.0516","-0.1900","0.2800","-0.0100","51.3600","92.2700","63.6400","79.5500","58.1800","7","1","29.0900","157.0000","-0.7500","0.0900","25.9100","164.0000","-0.6200","1","32.2700","150.0000","-0.8000","1","19.5500","178.0000","-0.5700","0.0900","16.8200","184.0000","-0.7600","1","25.4500","165.0000","-0.7900","0.0900","28.1800","159.0000","-0.6500","0.0900","20.9100","175.0000","-0.8400","0.0000","87.7300","28.0000","-0.2600","0","87.7300","28.0000","-0.2700","0.0000","87.7300","28.0000","-0.2300","0","87.7300","28.0000","-0.2900","8","10","0"
"AAD2023.06.02752","188","36897","23","Smith College","Biochemistry, Program in","Biochemistry","9","199.0000","37","197.0000","8","194.0000","4.6300","196.0000","366","206.0000","6","203.0000","0.7500","214.0000","3","185.0000","4","193.0000","816263.0000","198.0000","5","168.0000","3","175.0000","3","47.0000","1","80.0000","16","16","5","19","19","0.1100","0.7700","34.0000","85.0000","0.3300","1.3900","10.0000","95.9100","0.8900","-0.1000","159.0000","28.1800","4.1100","-1.0900","192.0000","13.1800","0.6700","-1.5400","207.0000","6.3600","40.6700","-0.9800","203.0000","8.1800","9.8900","-1.1000","208.0000","5.9100","0.3300","-0.8800","174.0000","21.3600","0.4400","-1.1000","188.0000","15.0000","90695.8900","-1.1000","196.0000","11.3600","204065.7500","-1.3600","200.0000","9.5500","0.5600","-0.4600","138.0000","37.7300","0.3300","-0.4800","148.0000","33.1800","-1.1000","202.0000","8.6400","-0.7900","-0.2700","-1.1600","-1.0000","-0.9900","-1.1300","-1.8854","-0.5400","0.2600","-0.8300","-0.8600","-0.8900","-0.8900","-1.0500","20.9100","64.0900","8.1800","16.3600","12.2700","11.3600","3.1800","24.0900","79.0900","6.8200","10.4500","12.7300","10.9100","10.0000","220","4/1/2025 16:37","0","0","0.0000","0.0000","0.0000","167.0000","167.0000","167.0000","167.0000","167.0000","-0.8100","-0.9443","-0.4800","-0.6400","-1.0400","24.5500","24.5500","24.5500","24.5500","24.5500","7","0","11.3600","196.0000","-0.9400","0.0000","11.3600","196.0000","-1.0500","0","11.3600","196.0000","-1.1000","0","13.6400","191.0000","-0.6000","0.0000","13.6400","191.0000","-0.8700","0","13.6400","191.0000","-0.9800","0.0000","11.3600","196.0000","-1.4700","0.0000","13.6400","191.0000","-1.4300","0.0000","87.7300","28.0000","-0.2600","0","87.7300","28.0000","-0.2700","0.0000","87.7300","28.0000","-0.2300","0","87.7300","28.0000","-0.2900","8","10","0"
"AAD2023.06.02752","331","37137","23","University of South Alabama","Biochemistry and Molecular Biology, Department of","Biochemistry","7","208.0000","47","190.0000","7","201.0000","6.7100","167.0000","774","194.0000","7","199.0000","1.0000","1.0000","3","185.0000","5","188.0000","5431286.0000","166.0000","2","191.0000","2","185.0000","0","150.0000","0","150.0000","16","16","5","19","19","0.0000","-0.9800","150.0000","32.2700","0.0000","-0.5900","150.0000","32.2700","1.0000","0.6600","1.0000","100.0000","6.7100","-0.5900","155.0000","30.0000","1.0000","0.6100","1.0000","100.0000","110.5700","-0.7500","169.0000","23.6400","16.4700","-0.7500","181.0000","18.1800","0.4300","-0.5000","158.0000","28.6400","0.7100","-0.7200","166.0000","25.0000","775898.0000","-0.3400","118.0000","46.8200","1086257.2000","0.8400","51.0000","77.2700","0.2900","-0.6900","175.0000","20.9100","0.2900","-0.6700","162.0000","26.8200","-0.3000","123.0000","44.5500","-0.8900","-0.9600","-1.0800","-1.0000","-1.0800","-0.7300","0.2509","-0.6100","-0.7100","-0.7800","-0.7100","-0.8500","-0.8500","-1.2300","16.3600","32.2700","10.0000","16.3600","9.0900","24.5500","100.0000","13.6400","32.2700","12.2700","25.0000","15.0000","14.0900","5.9100","220","4/1/2025 16:37","16","5","3.2000","2.2900","0.7100","19.0000","17.0000","16.0000","1.0000","1.0000","0.9900","1.1846","1.0600","7.0700","7.0600","91.8200","92.7300","93.1800","100.0000","100.0000","7","1","29.0900","157.0000","-0.7500","0.1400","40.9100","131.0000","-0.3700","1","32.2700","150.0000","-0.8000","1","19.5500","178.0000","-0.5700","0.1400","22.2700","172.0000","-0.6900","1","25.4500","165.0000","-0.7900","0.1400","48.1800","115.0000","-0.1800","0.1400","37.7300","138.0000","-0.4900","0.0000","87.7300","28.0000","-0.2600","0","87.7300","28.0000","-0.2700","0.0000","87.7300","28.0000","-0.2300","0","87.7300","28.0000","-0.2900","8","10","0"
"AAD2023.06.02752","6","37473","23","Alfred University","Biochemistry, Program in","Biochemistry","5","216.0000","12","214.0000","4","212.0000","3.0000","209.0000","17","218.0000","4","212.0000","1.0000","1.0000","0","209.0000","0","209.0000","0.0000","209.0000","0","210.0000","0","210.0000","0","150.0000","0","150.0000","16","16","5","19","19","0.0000","-0.9800","150.0000","32.2700","0.0000","-0.5900","150.0000","32.2700","0.8000","-0.7000","189.0000","14.5500","2.4000","-1.4100","207.0000","6.3600","0.8000","-0.6800","191.0000","13.6400","3.4000","-1.1000","218.0000","1.3600","1.4200","-1.5500","218.0000","1.3600","0.0000","-2.2300","209.0000","5.4500","0.0000","-1.7100","209.0000","5.4500","0.0000","-1.2100","209.0000","5.4500","0.0000","-1.8700","209.0000","5.4500","0.0000","-0.9400","210.0000","5.0000","0.0000","-1.8500","210.0000","5.0000","-1.4000","213.0000","3.6400","-1.1000","-0.9600","-1.3300","-1.3000","-1.3300","-1.4400","0.2509","-0.6500","-0.7100","-0.8600","-0.8900","-1.0200","-1.0000","-1.4000","5.0000","32.2700","4.0900","5.4500","4.0900","5.4500","100.0000","5.0000","32.2700","1.3600","5.4500","5.4500","3.1800","2.2700","220","4/1/2025 16:37","0","0","0.0000","0.0000","0.0000","167.0000","167.0000","167.0000","167.0000","167.0000","-0.8100","-0.9443","-0.4800","-0.6400","-1.0400","24.5500","24.5500","24.5500","24.5500","24.5500","7","0","11.3600","196.0000","-0.9400","0.0000","11.3600","196.0000","-1.0500","0","11.3600","196.0000","-1.1000","0","13.6400","191.0000","-0.6000","0.0000","13.6400","191.0000","-0.8700","0","13.6400","191.0000","-0.9800","0.0000","11.3600","196.0000","-1.4700","0.0000","13.6400","191.0000","-1.4300","0.0000","87.7300","28.0000","-0.2600","0","87.7300","28.0000","-0.2700","0.0000","87.7300","28.0000","-0.2300","0","87.7300","28.0000","-0.2900","8","10","0"
"AAD2023.06.02752","95","37529","23","Indiana University of Pennsylvania","Chemistry, Biochemistry, Physics, and Engineering, Department of","Biochemistry","15","147.0000","31","200.0000","9","180.0000","3.4400","204.0000","279","209.0000","9","179.0000","0.9000","205.0000","1","202.0000","1","203.0000","448788.0000","203.0000","2","191.0000","2","185.0000","0","150.0000","0","150.0000","16","16","5","19","19","0.0000","-0.9800","150.0000","32.2700","0.0000","-0.5900","150.0000","32.2700","0.6000","-2.0500","212.0000","4.0900","2.0700","-1.4700","210.0000","5.0000","0.6000","-1.9700","209.0000","5.4500","18.6000","-1.0500","211.0000","4.5500","9.0000","-1.1500","210.0000","5.0000","0.0700","-1.9600","207.0000","6.3600","0.0700","-1.6200","208.0000","5.9100","29919.2000","-1.1700","204.0000","7.7300","448788.0000","-0.7500","165.0000","25.4500","0.1300","-0.8200","200.0000","9.5500","0.1300","-1.3000","194.0000","12.2700","-1.3000","209.0000","5.4500","-0.8900","-0.9600","-0.9100","-1.2000","-0.9100","-1.3500","-0.6037","-0.6100","-0.7100","-0.8300","-0.8800","-0.9900","-0.9200","-0.5400","16.3600","32.2700","19.0900","8.6400","18.6400","7.7300","7.2700","13.6400","32.2700","5.4500","8.1800","8.1800","9.5500","33.6400","220","4/1/2025 16:37","0","0","0.0000","0.0000","0.0000","167.0000","167.0000","167.0000","167.0000","167.0000","-0.8100","-0.9443","-0.4800","-0.6400","-1.0400","24.5500","24.5500","24.5500","24.5500","24.5500","7","0","11.3600","196.0000","-0.9400","0.0000","11.3600","196.0000","-1.0500","0","11.3600","196.0000","-1.1000","2","26.3600","163.0000","-0.5400","0.1300","21.8200","173.0000","-0.7100","1","25.4500","165.0000","-0.7900","0.0000","11.3600","196.0000","-1.4700","0.0700","19.0900","179.0000","-1.0000","0.0000","87.7300","28.0000","-0.2600","0","87.7300","28.0000","-0.2700","0.0000","87.7300","28.0000","-0.2300","0","87.7300","28.0000","-0.2900","8","10","0"
"AAD2023.06.02752","338","37608","23","University of the Incarnate Word","Chemistry and Biochemistry, Department of","Biochemistry","10","184.0000","21","208.0000","4","212.0000","5.2500","192.0000","280","208.0000","4","212.0000","1.0000","1.0000","1","202.0000","1","203.0000","844855.0000","197.0000","2","191.0000","2","185.0000","0","150.0000","0","150.0000","16","16","5","19","19","0.0000","-0.9800","150.0000","32.2700","0.0000","-0.5900","150.0000","32.2700","0.4000","-3.4100","217.0000","1.8200","2.1000","-1.4600","209.0000","5.4500","0.4000","-3.2600","216.0000","2.2700","28.0000","-1.0200","206.0000","6.8200","13.3300","-0.9200","198.0000","10.4500","0.1000","-1.8200","204.0000","7.7300","0.1000","-1.5700","205.0000","7.2700","84485.5000","-1.1100","197.0000","10.9100","844855.0000","0.2400","99.0000","55.4500","0.2000","-0.7700","187.0000","15.4500","0.2000","-1.0200","179.0000","19.0900","-1.3000","209.0000","5.4500","-0.8900","-0.9600","-1.3300","-1.2000","-1.3300","-1.0100","0.2509","-0.6100","-0.7100","-0.8300","-0.8600","-0.9900","-0.9600","-0.9700","16.3600","32.2700","4.0900","8.6400","4.0900","13.1800","100.0000","13.6400","32.2700","5.9100","10.9100","8.1800","5.9100","16.8200","220","4/1/2025 16:37","1","1","1.0000","0.1000","0.1000","108.0000","100.0000","121.0000","104.0000","81.0000","-0.4500","-0.2790","-0.3900","-0.3100","0.1000","51.3600","55.0000","45.4500","53.1800","63.6400","7","1","29.0900","157.0000","-0.7500","0.1000","30.4500","154.0000","-0.5800","1","32.2700","150.0000","-0.8000","0","13.6400","191.0000","-0.6000","0.0000","13.6400","191.0000","-0.8700","0","13.6400","191.0000","-0.9800","0.1000","34.5500","145.0000","-0.5700","0.0000","13.6400","191.0000","-1.4300","0.0000","87.7300","28.0000","-0.2600","0","87.7300","28.0000","-0.2700","0.0000","87.7300","28.0000","-0.2300","0","87.7300","28.0000","-0.2900","8","10","0"
"AAD2023.06.02752","537172","37748","23","Montclair State University","Chemistry and Biochemistry, Department of","Biochemistry","18","116.0000","54","187.0000","15","134.0000","3.6000","203.0000","741","195.0000","15","134.0000","0.9400","194.0000","9","127.0000","18","128.0000","7495956.0000","150.0000","3","183.0000","2","185.0000","5","21.0000","1","80.0000","16","16","5","19","19","0.0600","-0.1000","102.0000","54.0900","0.2800","1.0600","13.0000","94.5500","0.8300","-0.4700","175.0000","20.9100","3.0000","-1.2900","202.0000","8.6400","0.8300","-0.4700","180.0000","18.6400","41.1700","-0.9800","202.0000","8.6400","13.7200","-0.9000","195.0000","11.8200","0.5000","-0.2100","141.0000","36.3600","1.0000","-0.3300","130.0000","41.3600","416442.0000","-0.7400","160.0000","27.7300","416442.0000","-0.8300","170.0000","23.1800","0.1700","-0.8000","195.0000","11.8200","0.1100","-1.3900","200.0000","9.5500","-1.0000","191.0000","13.6400","-0.8900","-0.2700","-0.4000","-0.3900","-0.4000","-1.3200","-0.2832","-0.5800","0.9000","-0.7900","-0.6500","-0.4200","-0.8200","-0.2800","16.3600","64.0900","39.5500","42.7300","39.5500","8.1800","12.2700","17.2700","90.9100","11.8200","32.2700","42.2700","15.4500","47.7300","220","4/1/2025 16:37","0","0","0.0000","0.0000","0.0000","167.0000","167.0000","167.0000","167.0000","167.0000","-0.8100","-0.9443","-0.4800","-0.6400","-1.0400","24.5500","24.5500","24.5500","24.5500","24.5500","7","2","38.6400","136.0000","-0.5700","0.1100","34.0900","146.0000","-0.5300","2","42.7300","127.0000","-0.5000","4","34.5500","145.0000","-0.4800","0.2200","30.9100","153.0000","-0.6000","3","45.9100","120.0000","-0.4200","0.1100","38.6400","136.0000","-0.4700","0.1700","41.8200","129.0000","-0.3400","0.0000","87.7300","28.0000","-0.2600","0","87.7300","28.0000","-0.2700","0.0000","87.7300","28.0000","-0.2300","0","87.7300","28.0000","-0.2900","8","10","0"
"AAD2023.06.02752","537187","37789","23","Lamar University","Chemistry and Biochemistry, Department of","Biochemistry","10","184.0000","26","203.0000","10","169.0000","2.6000","211.0000","948","187.0000","9","179.0000","0.9000","205.0000","2","194.0000","2","198.0000","248763.0000","206.0000","0","210.0000","0","210.0000","0","150.0000","0","150.0000","16","16","5","19","19","0.0000","-0.9800","150.0000","32.2700","0.0000","-0.5900","150.0000","32.2700","1.0000","0.6600","1.0000","100.0000","2.6000","-1.3700","205.0000","7.2700","0.9000","-0.0300","150.0000","32.2700","94.8000","-0.8000","179.0000","19.0900","36.4600","0.3200","62.0000","72.2700","0.2000","-1.4200","194.0000","12.2700","0.2000","-1.4300","200.0000","9.5500","24876.3000","-1.1800","205.0000","7.2700","124381.5000","-1.5600","207.0000","6.3600","0.0000","-0.9400","210.0000","5.0000","0.0000","-1.8500","210.0000","5.0000","-1.2000","204.0000","7.7300","-1.1000","-0.9600","-0.9100","-1.1000","-0.8200","-1.5100","-0.6037","-0.6500","-0.7100","-0.7700","-0.8800","-0.9600","-0.9400","-0.9700","5.0000","32.2700","19.0900","12.2700","23.6400","4.5500","7.2700","5.0000","32.2700","15.4500","6.8200","10.4500","8.1800","16.8200","220","4/1/2025 16:37","7","2","3.5000","0.7000","0.2000","69.0000","16.0000","35.0000","10.0000","19.0000","-0.0900","1.3842","0.1900","1.7200","1.2300","69.0900","93.1800","84.5500","95.9100","91.8200","7","1","29.0900","157.0000","-0.7500","0.1000","30.4500","154.0000","-0.5800","1","32.2700","150.0000","-0.8000","1","19.5500","178.0000","-0.5700","0.1000","19.0900","179.0000","-0.7500","1","25.4500","165.0000","-0.7900","0.1000","34.5500","145.0000","-0.5700","0.1000","24.5500","167.0000","-0.7800","0.0000","87.7300","28.0000","-0.2600","0","87.7300","28.0000","-0.2700","0.0000","87.7300","28.0000","-0.2300","0","87.7300","28.0000","-0.2900","8","10","0"
"AAD2023.06.02752","537217","37853","23","California State University, Long Beach","Chemistry and Biochemistry, Department of","Biochemistry","21","93.0000","115","151.0000","17","110.0000","6.7600","164.0000","4919","108.0000","18","100.0000","1.0000","1.0000","14","78.0000","21","115.0000","5141898.0000","171.0000","19","89.0000","13","61.0000","2","68.0000","1","80.0000","16","16","5","19","19","0.0500","-0.2300","115.0000","48.1800","0.1000","-0.0200","84.0000","62.2700","0.8100","-0.6300","187.0000","15.4500","5.4800","-0.8300","179.0000","19.0900","0.8600","-0.3100","173.0000","21.8200","234.2400","-0.3400","116.0000","47.7300","42.7700","0.6600","41.0000","81.8200","0.6700","0.4600","80.0000","64.0900","1.0000","-0.3300","130.0000","41.3600","244852.2900","-0.9300","178.0000","19.5500","244852.2900","-1.2600","195.0000","11.8200","0.9000","-0.1700","90.0000","59.5500","0.6200","0.7000","55.0000","75.4500","-0.7000","174.0000","21.3600","0.2400","-0.2700","-0.1500","0.1200","-0.2300","-0.7200","0.2509","-0.2300","-0.0600","-0.3600","-0.7200","-0.3100","-0.5500","-0.0200","72.7300","64.0900","55.0000","65.0000","50.4500","25.9100","100.0000","60.0000","69.5500","51.3600","22.7300","48.1800","31.8200","58.1800","220","4/1/2025 16:37","1","1","1.0000","0.0500","0.0500","108.0000","100.0000","121.0000","155.0000","150.0000","-0.4500","-0.2790","-0.3900","-0.4800","-0.5000","51.3600","55.0000","45.4500","30.0000","32.2700","7","0","11.3600","196.0000","-0.9400","0.0000","11.3600","196.0000","-1.0500","0","11.3600","196.0000","-1.1000","0","13.6400","191.0000","-0.6000","0.0000","13.6400","191.0000","-0.8700","0","13.6400","191.0000","-0.9800","0.0000","11.3600","196.0000","-1.4700","0.0000","13.6400","191.0000","-1.4300","0.0000","87.7300","28.0000","-0.2600","0","87.7300","28.0000","-0.2700","0.0000","87.7300","28.0000","-0.2300","0","87.7300","28.0000","-0.2900","8","10","0"
"AAD2023.06.02752","537881","37901","23","Kennesaw State University","Chemistry and Biochemistry, Department of","Biochemistry","22","81.0000","135","132.0000","20","91.0000","6.7500","165.0000","2087","154.0000","19","97.0000","0.9500","189.0000","10","115.0000","15","139.0000","3192918.0000","180.0000","5","168.0000","4","160.0000","0","150.0000","0","150.0000","16","16","5","19","19","0.0000","-0.9800","150.0000","32.2700","0.0000","-0.5900","150.0000","32.2700","0.9100","0.0400","142.0000","35.9100","6.1400","-0.7000","169.0000","23.6400","0.8600","-0.2700","171.0000","22.7300","94.8600","-0.8000","178.0000","19.5500","15.4600","-0.8000","186.0000","15.9100","0.4500","-0.4000","153.0000","30.9100","0.6800","-0.7700","170.0000","23.1800","145132.6400","-1.0400","191.0000","13.6400","212861.2000","-1.3400","199.0000","10.0000","0.2300","-0.7400","183.0000","17.2700","0.1800","-1.1000","184.0000","16.8200","-1.0000","191.0000","13.6400","-0.6900","-0.9600","-0.0700","-0.2900","0.0300","-0.7200","-0.1764","-0.5400","-0.7100","-0.6500","-0.7900","-0.5200","-0.4600","0.0700","27.7300","32.2700","56.3600","48.1800","59.0900","25.4500","14.5500","24.0900","32.2700","30.4500","18.6400","37.2700","40.4500","63.6400","220","4/1/2025 16:37","1","1","1.0000","0.0500","0.0500","108.0000","100.0000","121.0000","157.0000","154.0000","-0.4500","-0.2790","-0.3900","-0.4900","-0.5200","51.3600","55.0000","45.4500","29.0900","30.4500","7","1","29.0900","157.0000","-0.7500","0.0500","14.5500","189.0000","-0.8400","1","32.2700","150.0000","-0.8000","1","19.5500","178.0000","-0.5700","0.0500","15.4500","187.0000","-0.8100","1","25.4500","165.0000","-0.7900","0.0500","15.4500","187.0000","-1.0600","0.0500","15.4500","187.0000","-1.1300","0.0000","87.7300","28.0000","-0.2600","0","87.7300","28.0000","-0.2700","0.0000","87.7300","28.0000","-0.2300","0","87.7300","28.0000","-0.2900","8","10","0"
"AAD2023.06.02752","614784","38118","23","Pace University-New York","Biochemistry, Department of","Biochemistry","7","208.0000","23","205.0000","3","215.0000","7.6700","147.0000","639","198.0000","5","211.0000","1.0000","1.0000","0","209.0000","0","209.0000","0.0000","209.0000","2","191.0000","2","185.0000","0","150.0000","0","150.0000","16","16","5","19","19","0.0000","-0.9800","150.0000","32.2700","0.0000","-0.5900","150.0000","32.2700","0.4300","-3.2100","216.0000","2.2700","3.2900","-1.2400","198.0000","10.4500","0.7100","-1.2300","203.0000","8.1800","91.2900","-0.8100","182.0000","17.7300","27.7800","-0.1500","105.0000","52.7300","0.0000","-2.2300","209.0000","5.4500","0.0000","-1.7100","209.0000","5.4500","0.0000","-1.2100","209.0000","5.4500","0.0000","-1.8700","209.0000","5.4500","0.2900","-0.6900","175.0000","20.9100","0.2900","-0.6700","162.0000","26.8200","-1.0000","191.0000","13.6400","-0.8900","-0.9600","-1.2500","-1.3000","-1.4100","-0.5500","0.2509","-0.6100","-0.7100","-0.8000","-0.8900","-1.0200","-0.9500","-1.2300","16.3600","32.2700","4.5500","5.4500","2.7300","33.6400","100.0000","13.6400","32.2700","10.4500","5.4500","5.4500","7.2700","5.9100","220","4/1/2025 16:37","0","0","0.0000","0.0000","0.0000","167.0000","167.0000","167.0000","167.0000","167.0000","-0.8100","-0.9443","-0.4800","-0.6400","-1.0400","24.5500","24.5500","24.5500","24.5500","24.5500","7","3","48.1800","115.0000","-0.3800","0.4300","90.4500","22.0000","0.9800","3","56.3600","97.0000","-0.2000","2","26.3600","163.0000","-0.5400","0.2900","37.2700","139.0000","-0.5200","1","25.4500","165.0000","-0.7900","0.4300","98.6400","4.0000","2.4100","0.1400","37.7300","138.0000","-0.4900","0.0000","87.7300","28.0000","-0.2600","0","87.7300","28.0000","-0.2700","0.0000","87.7300","28.0000","-0.2300","0","87.7300","28.0000","-0.2900","8","10","0"
"AAD2023.06.02752","9","38207","23","Andrews University","Chemistry and Biochemistry, Department of","Biochemistry","6","213.0000","4","217.0000","5","210.0000","0.8000","218.0000","24","217.0000","1","218.0000","0.2000","218.0000","0","209.0000","0","209.0000","0.0000","209.0000","0","210.0000","0","210.0000","0","150.0000","0","150.0000","16","16","5","19","19","0.0000","-0.9800","150.0000","32.2700","0.0000","-0.5900","150.0000","32.2700","0.8300","-0.4700","175.0000","20.9100","0.6700","-1.7400","217.0000","1.8200","0.1700","-4.7700","218.0000","1.3600","4.0000","-1.1000","217.0000","1.8200","6.0000","-1.3100","214.0000","3.1800","0.0000","-2.2300","209.0000","5.4500","0.0000","-1.7100","209.0000","5.4500","0.0000","-1.2100","209.0000","5.4500","0.0000","-1.8700","209.0000","5.4500","0.0000","-0.9400","210.0000","5.0000","0.0000","-1.8500","210.0000","5.0000","-1.5000","216.0000","2.2700","-1.1000","-0.9600","-1.5900","-1.3000","-1.2400","-1.8600","-6.5852","-0.6500","-0.7100","-0.8600","-0.8900","-1.0200","-1.0400","-1.3100","5.0000","32.2700","1.3600","5.4500","5.0000","1.3600","1.3600","5.0000","32.2700","1.8200","5.4500","5.4500","1.8200","3.6400","220","4/1/2025 16:37","0","0","0.0000","0.0000","0.0000","167.0000","167.0000","167.0000","167.0000","167.0000","-0.8100","-0.9443","-0.4800","-0.6400","-1.0400","24.5500","24.5500","24.5500","24.5500","24.5500","7","0","11.3600","196.0000","-0.9400","0.0000","11.3600","196.0000","-1.0500","0","11.3600","196.0000","-1.1000","0","13.6400","191.0000","-0.6000","0.0000","13.6400","191.0000","-0.8700","0","13.6400","191.0000","-0.9800","0.0000","11.3600","196.0000","-1.4700","0.0000","13.6400","191.0000","-1.4300","0.0000","87.7300","28.0000","-0.2600","0","87.7300","28.0000","-0.2700","0.0000","87.7300","28.0000","-0.2300","0","87.7300","28.0000","-0.2900","8","10","0"
"AAD2023.06.02752","52","38232","23","Creighton University","Chemistry and Biochemistry, Department of","Biochemistry","19","105.0000","53","188.0000","16","124.0000","3.3100","208.0000","506","201.0000","17","115.0000","1.0000","1.0000","5","172.0000","6","183.0000","1570670.0000","191.0000","6","156.0000","5","143.0000","0","150.0000","0","150.0000","16","16","5","19","19","0.0000","-0.9800","150.0000","32.2700","0.0000","-0.5900","150.0000","32.2700","0.8400","-0.4100","171.0000","22.7300","2.7900","-1.3300","204.0000","7.7300","0.8900","-0.0700","158.0000","28.6400","26.6300","-1.0200","207.0000","6.3600","9.5500","-1.1200","209.0000","5.4500","0.2600","-1.1700","187.0000","15.4500","0.3200","-1.2700","194.0000","12.2700","82666.8400","-1.1100","198.0000","10.4500","261778.3300","-1.2100","192.0000","13.1800","0.3200","-0.6700","171.0000","22.7300","0.2600","-0.7600","168.0000","24.0900","-1.1000","202.0000","8.6400","-0.5800","-0.9600","-0.2300","-0.8000","-0.3100","-1.3800","0.2509","-0.5200","-0.7100","-0.8100","-0.8400","-0.8200","-0.8200","-0.1900","35.4500","32.2700","48.1800","22.2700","44.0900","5.9100","100.0000","29.5500","32.2700","9.0900","13.6400","17.2700","15.0000","52.7300","220","4/1/2025 16:37","0","0","0.0000","0.0000","0.0000","167.0000","167.0000","167.0000","167.0000","167.0000","-0.8100","-0.9443","-0.4800","-0.6400","-1.0400","24.5500","24.5500","24.5500","24.5500","24.5500","7","2","38.6400","136.0000","-0.5700","0.1100","31.3600","152.0000","-0.5500","2","42.7300","127.0000","-0.5000","17","69.5500","68.0000","-0.0800","0.8900","74.5500","57.0000","0.2100","1","25.4500","165.0000","-0.7900","0.1100","35.0000","144.0000","-0.5200","0.0500","15.9100","186.0000","-1.0900","0.0000","87.7300","28.0000","-0.2600","0","87.7300","28.0000","-0.2700","0.0000","87.7300","28.0000","-0.2300","0","87.7300","28.0000","-0.2900","8","10","0"
"AAD2023.06.02752","67","38258","23","Fairleigh Dickinson University","Chemistry, Biochemistry, and Physics, Department of","Biochemistry","15","147.0000","20","209.0000","8","194.0000","2.5000","212.0000","146","212.0000","8","195.0000","1.0000","1.0000","1","202.0000","3","197.0000","1436627.0000","194.0000","2","191.0000","2","185.0000","2","68.0000","2","44.0000","16","16","5","19","19","0.1300","1.1200","20.0000","91.3600","0.1300","0.2000","45.0000","80.0000","0.5300","-2.5000","214.0000","3.1800","1.3300","-1.6100","214.0000","3.1800","0.5300","-2.4000","214.0000","3.1800","9.7300","-1.0800","214.0000","3.1800","7.3000","-1.2400","213.0000","3.6400","0.0700","-1.9600","207.0000","6.3600","0.2000","-1.4300","200.0000","9.5500","95775.1300","-1.1000","194.0000","12.2700","478875.6700","-0.6700","158.0000","28.6400","0.1300","-0.8200","200.0000","9.5500","0.1300","-1.3000","194.0000","12.2700","-1.4000","213.0000","3.6400","-0.8900","0.4300","-1.0000","-1.2000","-0.9900","-1.5300","0.2509","-0.6100","-0.0600","-0.8500","-0.8400","-0.9200","-0.9700","-0.5400","16.3600","80.4500","11.8200","8.6400","12.2700","4.0900","100.0000","13.6400","69.5500","4.0900","12.2700","10.9100","5.4500","33.6400","220","4/1/2025 16:37","0","0","0.0000","0.0000","0.0000","167.0000","167.0000","167.0000","167.0000","167.0000","-0.8100","-0.9443","-0.4800","-0.6400","-1.0400","24.5500","24.5500","24.5500","24.5500","24.5500","7","0","11.3600","196.0000","-0.9400","0.0000","11.3600","196.0000","-1.0500","0","11.3600","196.0000","-1.1000","3","30.4500","154.0000","-0.5100","0.2000","27.7300","160.0000","-0.6300","2","35.9100","142.0000","-0.6100","0.0000","11.3600","196.0000","-1.4700","0.1300","33.1800","148.0000","-0.5600","0.0000","87.7300","28.0000","-0.2600","0","87.7300","28.0000","-0.2700","0.0000","87.7300","28.0000","-0.2300","0","87.7300","28.0000","-0.2900","8","10","0"
"AAD2023.06.02752","182","38346","23","Santa Clara University","Chemistry and Biochemistry, Department of","Biochemistry","13","160.0000","41","194.0000","9","180.0000","4.5600","198.0000","787","193.0000","9","179.0000","1.0000","1.0000","6","162.0000","10","168.0000","2947765.0000","185.0000","18","93.0000","9","95.0000","0","150.0000","0","150.0000","16","16","5","19","19","0.0000","-0.9800","150.0000","32.2700","0.0000","-0.5900","150.0000","32.2700","0.6900","-1.4300","206.0000","6.8200","3.1500","-1.2700","201.0000","9.0900","0.6900","-1.3800","206.0000","6.8200","60.5400","-0.9100","197.0000","10.9100","19.2000","-0.6000","159.0000","28.1800","0.4600","-0.3700","151.0000","31.8200","0.7700","-0.6500","159.0000","28.1800","226751.1500","-0.9500","180.0000","18.6400","294776.5000","-1.1300","187.0000","15.4500","1.3800","0.2400","57.0000","74.5500","0.6900","1.0000","43.0000","80.9100","-0.9000","186.0000","15.9100","-0.1700","-0.9600","-0.9100","-0.6900","-0.9100","-1.1400","0.2509","-0.2500","-0.7100","-0.7800","-0.7900","-0.6900","-0.8700","-0.7100","57.2700","32.2700","19.0900","26.8200","18.6400","10.4500","100.0000","58.1800","32.2700","12.7300","16.3600","24.0900","12.2700","27.7300","220","4/1/2025 16:37","1","1","1.0000","0.0800","0.0800","108.0000","100.0000","121.0000","125.0000","110.0000","-0.4500","-0.2790","-0.3900","-0.3800","-0.1700","51.3600","55.0000","45.4500","43.6400","50.4500","7","0","11.3600","196.0000","-0.9400","0.0000","11.3600","196.0000","-1.0500","0","11.3600","196.0000","-1.1000","7","45.9100","120.0000","-0.3900","0.5400","57.2700","95.0000","-0.2200","3","45.9100","120.0000","-0.4200","0.0000","11.3600","196.0000","-1.4700","0.2300","55.0000","100.0000","0.0900","0.0000","87.7300","28.0000","-0.2600","0","87.7300","28.0000","-0.2700","0.0000","87.7300","28.0000","-0.2300","0","87.7300","28.0000","-0.2900","8","10","0"
"AAD2023.06.02752","185","38386","23","Seattle Pacific University","Chemistry and Biochemistry, Department of","Biochemistry","8","206.0000","2","218.0000","2","218.0000","1.0000","217.0000","67","215.0000","2","217.0000","0.6700","217.0000","0","209.0000","0","209.0000","0.0000","209.0000","0","210.0000","0","210.0000","1","98.0000","1","80.0000","16","16","5","19","19","0.1300","0.9900","26.0000","88.6400","0.1300","0.1500","53.0000","76.3600","0.2500","-4.4200","218.0000","1.3600","0.2500","-1.8100","218.0000","1.3600","0.2500","-4.2300","217.0000","1.8200","8.3800","-1.0900","215.0000","2.7300","33.5000","0.1600","74.0000","66.8200","0.0000","-2.2300","209.0000","5.4500","0.0000","-1.7100","209.0000","5.4500","0.0000","-1.2100","209.0000","5.4500","0.0000","-1.8700","209.0000","5.4500","0.0000","-0.9400","210.0000","5.0000","0.0000","-1.8500","210.0000","5.0000","-1.5000","216.0000","2.2700","-1.1000","-0.2700","-1.5000","-1.3000","-1.5000","-1.8200","-2.5975","-0.6500","-0.3900","-0.8600","-0.8900","-1.0200","-1.0500","-1.1400","5.0000","64.0900","1.8200","5.4500","1.3600","1.8200","1.8200","5.0000","55.9100","2.7300","5.4500","5.4500","1.3600","6.8200","220","4/1/2025 16:37","0","0","0.0000","0.0000","0.0000","167.0000","167.0000","167.0000","167.0000","167.0000","-0.8100","-0.9443","-0.4800","-0.6400","-1.0400","24.5500","24.5500","24.5500","24.5500","24.5500","7","5","71.3600","64.0000","-0.0100","0.6300","97.2700","7.0000","1.9100","2","42.7300","127.0000","-0.5000","2","26.3600","163.0000","-0.5400","0.2500","33.1800","148.0000","-0.5700","2","35.9100","142.0000","-0.6100","0.2500","80.9100","43.0000","0.7900","0.2500","63.1800","82.0000","0.2100","0.0000","87.7300","28.0000","-0.2600","0","87.7300","28.0000","-0.2700","0.0000","87.7300","28.0000","-0.2300","0","87.7300","28.0000","-0.2900","8","10","0"
"AAD2023.06.02752","201","38425","23","Suffolk University","Chemistry and Biochemistry, Department of","Biochemistry","5","216.0000","13","212.0000","3","215.0000","4.3300","200.0000","77","214.0000","3","215.0000","1.0000","1.0000","3","185.0000","8","179.0000","1065991.0000","196.0000","1","202.0000","1","201.0000","0","150.0000","0","150.0000","16","16","5","19","19","0.0000","-0.9800","150.0000","32.2700","0.0000","-0.5900","150.0000","32.2700","0.6000","-2.0500","212.0000","4.0900","2.6000","-1.3700","205.0000","7.2700","0.6000","-1.9700","209.0000","5.4500","15.4000","-1.0600","213.0000","3.6400","5.9200","-1.3100","216.0000","2.2700","0.6000","0.1900","107.0000","51.8200","1.6000","0.5000","69.0000","69.0900","213198.2000","-0.9700","184.0000","16.8200","133248.8800","-1.5300","204.0000","7.7300","0.2000","-0.7700","187.0000","15.4500","0.2000","-1.0200","179.0000","19.0900","-1.2000","204.0000","7.7300","-1.0000","-0.9600","-1.4200","-1.0000","-1.4100","-1.1800","0.2509","-0.6300","-0.7100","-0.8600","-0.8600","-0.7500","-1.0000","-1.4000","9.0900","32.2700","2.7300","16.3600","2.7300","9.5500","100.0000","8.6400","32.2700","3.1800","11.3600","19.0900","4.0900","2.2700","220","4/1/2025 16:37","0","0","0.0000","0.0000","0.0000","167.0000","167.0000","167.0000","167.0000","167.0000","-0.8100","-0.9443","-0.4800","-0.6400","-1.0400","24.5500","24.5500","24.5500","24.5500","24.5500","7","2","38.6400","136.0000","-0.5700","0.4000","88.1800","27.0000","0.8500","2","42.7300","127.0000","-0.5000","0","13.6400","191.0000","-0.6000","0.0000","13.6400","191.0000","-0.8700","0","13.6400","191.0000","-0.9800","0.4000","98.1800","5.0000","2.1500","0.0000","13.6400","191.0000","-1.4300","0.0000","87.7300","28.0000","-0.2600","0","87.7300","28.0000","-0.2700","0.0000","87.7300","28.0000","-0.2300","0","87.7300","28.0000","-0.2900","8","10","0"
"AAD2023.06.02752","272","38462","23","University of Detroit Mercy","Chemistry and Biochemistry, Program in","Biochemistry","10","184.0000","18","211.0000","8","194.0000","2.2500","213.0000","51","216.0000","8","195.0000","0.8900","209.0000","0","209.0000","0","209.0000","0.0000","209.0000","5","168.0000","4","160.0000","19","1.0000","4","9.0000","16","16","5","19","19","0.4000","5.3300","1.0000","100.0000","1.9000","10.6700","1.0000","100.0000","0.8000","-0.7000","189.0000","14.5500","1.8000","-1.5200","211.0000","4.5500","0.8000","-0.6800","191.0000","13.6400","5.1000","-1.1000","216.0000","2.2700","2.8300","-1.4800","217.0000","1.8200","0.0000","-2.2300","209.0000","5.4500","0.0000","-1.7100","209.0000","5.4500","0.0000","-1.2100","209.0000","5.4500","0.0000","-1.8700","209.0000","5.4500","0.5000","-0.5100","144.0000","35.0000","0.4000","-0.2000","129.0000","41.8200","-1.3000","209.0000","5.4500","-0.6900","1.8100","-1.0000","-1.3000","-0.9900","-1.5800","-0.6986","-0.5400","5.4200","-0.8600","-0.8900","-1.0200","-0.9800","-0.9700","27.7300","96.3600","11.8200","5.4500","12.2700","3.6400","5.4500","24.0900","100.0000","2.2700","5.4500","5.4500","4.5500","16.8200","220","4/1/2025 16:37","0","0","0.0000","0.0000","0.0000","167.0000","167.0000","167.0000","167.0000","167.0000","-0.8100","-0.9443","-0.4800","-0.6400","-1.0400","24.5500","24.5500","24.5500","24.5500","24.5500","7","6","73.6400","59.0000","0.1700","0.6000","96.8200","8.0000","1.7900","4","73.1800","60.0000","0.1000","0","13.6400","191.0000","-0.6000","0.0000","13.6400","191.0000","-0.8700","0","13.6400","191.0000","-0.9800","0.4000","98.1800","5.0000","2.1500","0.0000","13.6400","191.0000","-1.4300","0.0000","87.7300","28.0000","-0.2600","0","87.7300","28.0000","-0.2700","0.0000","87.7300","28.0000","-0.2300","0","87.7300","28.0000","-0.2900","8","10","0"
"AAD2023.06.02752","381","38519","23","Gannon University","Chemistry and Biochemistry, Department of","Biochemistry","10","184.0000","0","219.0000","0","219.0000","0.0000","219.0000","0","219.0000","0","219.0000","0.0000","219.0000","0","209.0000","0","209.0000","0.0000","209.0000","1","202.0000","1","201.0000","0","150.0000","0","150.0000","16","16","5","19","19","0.0000","-0.9800","150.0000","32.2700","0.0000","-0.5900","150.0000","32.2700","0.0000","-6.1100","219.0000","0.9100","0.0000","-1.8600","219.0000","0.9100","0.0000","-5.8400","219.0000","0.9100","0.0000","-1.1100","219.0000","0.9100","0.0000","-1.6300","219.0000","0.9100","0.0000","-2.2300","209.0000","5.4500","0.0000","-1.7100","209.0000","5.4500","0.0000","-1.2100","209.0000","5.4500","0.0000","-1.8700","209.0000","5.4500","0.1000","-0.8500","204.0000","7.7300","0.1000","-1.4400","203.0000","8.1800","-1.6000","219.0000","0.9100","-1.0000","-0.9600","-1.6700","-1.3000","-1.6700","-2.0100","-8.2943","-0.6300","-0.7100","-0.8600","-0.8900","-1.0200","-1.0500","-0.9700","9.0900","32.2700","0.9100","5.4500","0.9100","0.9100","0.9100","8.6400","32.2700","0.9100","5.4500","5.4500","0.9100","16.8200","220","4/1/2025 16:37","1","1","1.0000","0.1000","0.1000","108.0000","100.0000","121.0000","104.0000","81.0000","-0.4500","-0.2790","-0.3900","-0.3100","0.1000","51.3600","55.0000","45.4500","53.1800","63.6400","7","1","29.0900","157.0000","-0.7500","0.1000","30.4500","154.0000","-0.5800","1","32.2700","150.0000","-0.8000","0","13.6400","191.0000","-0.6000","0.0000","13.6400","191.0000","-0.8700","0","13.6400","191.0000","-0.9800","0.1000","34.5500","145.0000","-0.5700","0.0000","13.6400","191.0000","-1.4300","0.0000","87.7300","28.0000","-0.2600","0","87.7300","28.0000","-0.2700","0.0000","87.7300","28.0000","-0.2300","0","87.7300","28.0000","-0.2900","8","10","0"
"AAD2023.06.02752","382","38532","23","Gonzaga University","Chemistry and Biochemistry, Department of","Biochemistry","12","166.0000","27","202.0000","10","169.0000","2.7000","210.0000","964","186.0000","12","158.0000","1.0000","1.0000","0","209.0000","0","209.0000","0.0000","209.0000","6","156.0000","5","143.0000","1","98.0000","1","80.0000","16","16","5","19","19","0.0800","0.3400","68.0000","69.5500","0.0800","-0.0900","94.0000","57.7300","0.8300","-0.4700","175.0000","20.9100","2.2500","-1.4400","208.0000","5.9100","1.0000","0.6100","1.0000","100.0000","80.3300","-0.8500","188.0000","15.0000","35.7000","0.2800","65.0000","70.9100","0.0000","-2.2300","209.0000","5.4500","0.0000","-1.7100","209.0000","5.4500","0.0000","-1.2100","209.0000","5.4500","0.0000","-1.8700","209.0000","5.4500","0.5000","-0.5100","144.0000","35.0000","0.4200","-0.1300","124.0000","44.0900","-1.0000","191.0000","13.6400","-0.5800","-0.2700","-0.6600","-1.3000","-0.8200","-1.4900","0.2509","-0.5200","-0.3900","-0.7600","-0.8900","-1.0200","-0.9400","-0.7900","35.4500","64.0900","28.6400","5.4500","23.6400","5.0000","100.0000","29.5500","55.9100","15.9100","5.4500","5.4500","8.6400","25.0000","220","4/1/2025 16:37","8","1","8.0000","0.6700","0.0800","108.0000","2.0000","30.0000","13.0000","100.0000","-0.4500","4.3780","0.2900","1.6100","-0.0900","51.3600","99.5500","86.8200","94.5500","55.0000","7","0","11.3600","196.0000","-0.9400","0.0000","11.3600","196.0000","-1.0500","0","11.3600","196.0000","-1.1000","0","13.6400","191.0000","-0.6000","0.0000","13.6400","191.0000","-0.8700","0","13.6400","191.0000","-0.9800","0.0000","11.3600","196.0000","-1.4700","0.0000","13.6400","191.0000","-1.4300","0.0000","87.7300","28.0000","-0.2600","0","87.7300","28.0000","-0.2700","0.0000","87.7300","28.0000","-0.2300","0","87.7300","28.0000","-0.2900","8","10","0"
"AAD2023.06.02752","389","38570","23","Salve Regina University","Chemistry and Biochemistry, Department of","Biochemistry","5","216.0000","9","216.0000","4","212.0000","2.2500","213.0000","98","213.0000","3","215.0000","0.7500","214.0000","0","209.0000","0","209.0000","0.0000","209.0000","0","210.0000","0","210.0000","0","150.0000","0","150.0000","16","16","5","19","19","0.0000","-0.9800","150.0000","32.2700","0.0000","-0.5900","150.0000","32.2700","0.8000","-0.7000","189.0000","14.5500","1.8000","-1.5200","211.0000","4.5500","0.6000","-1.9700","209.0000","5.4500","19.6000","-1.0500","210.0000","5.0000","10.8900","-1.0500","203.0000","8.1800","0.0000","-2.2300","209.0000","5.4500","0.0000","-1.7100","209.0000","5.4500","0.0000","-1.2100","209.0000","5.4500","0.0000","-1.8700","209.0000","5.4500","0.0000","-0.9400","210.0000","5.0000","0.0000","-1.8500","210.0000","5.0000","-1.4000","213.0000","3.6400","-1.1000","-0.9600","-1.4200","-1.3000","-1.3300","-1.5800","-1.8854","-0.6500","-0.7100","-0.8500","-0.8900","-1.0200","-1.0200","-1.4000","5.0000","32.2700","2.7300","5.4500","4.0900","3.6400","3.1800","5.0000","32.2700","3.6400","5.4500","5.4500","2.2700","2.2700","220","4/1/2025 16:37","0","0","0.0000","0.0000","0.0000","167.0000","167.0000","167.0000","167.0000","167.0000","-0.8100","-0.9443","-0.4800","-0.6400","-1.0400","24.5500","24.5500","24.5500","24.5500","24.5500","7","0","11.3600","196.0000","-0.9400","0.0000","11.3600","196.0000","-1.0500","0","11.3600","196.0000","-1.1000","0","13.6400","191.0000","-0.6000","0.0000","13.6400","191.0000","-0.8700","0","13.6400","191.0000","-0.9800","0.0000","11.3600","196.0000","-1.4700","0.0000","13.6400","191.0000","-1.4300","0.0000","87.7300","28.0000","-0.2600","0","87.7300","28.0000","-0.2700","0.0000","87.7300","28.0000","-0.2300","0","87.7300","28.0000","-0.2900","8","10","0"
"AAD2023.06.02752","507","38732","23","St Mary's University","Chemistry and Biochemistry, Department of","Biochemistry","7","208.0000","23","205.0000","5","210.0000","4.6000","197.0000","997","183.0000","6","203.0000","1.0000","1.0000","0","209.0000","0","209.0000","0.0000","209.0000","0","210.0000","0","210.0000","0","150.0000","0","150.0000","16","16","5","19","19","0.0000","-0.9800","150.0000","32.2700","0.0000","-0.5900","150.0000","32.2700","0.7100","-1.2800","202.0000","8.6400","3.2900","-1.2400","198.0000","10.4500","0.8600","-0.3100","173.0000","21.8200","142.4300","-0.6400","154.0000","30.4500","43.3500","0.6900","38.0000","83.1800","0.0000","-2.2300","209.0000","5.4500","0.0000","-1.7100","209.0000","5.4500","0.0000","-1.2100","209.0000","5.4500","0.0000","-1.8700","209.0000","5.4500","0.0000","-0.9400","210.0000","5.0000","0.0000","-1.8500","210.0000","5.0000","-1.0000","191.0000","13.6400","-1.1000","-0.9600","-1.1600","-1.3000","-1.2400","-1.1300","0.2509","-0.6500","-0.7100","-0.7600","-0.8900","-1.0200","-0.9500","-1.2300","5.0000","32.2700","8.1800","5.4500","5.0000","10.9100","100.0000","5.0000","32.2700","17.2700","5.4500","5.4500","7.2700","5.9100","220","4/1/2025 16:37","0","0","0.0000","0.0000","0.0000","167.0000","167.0000","167.0000","167.0000","167.0000","-0.8100","-0.9443","-0.4800","-0.6400","-1.0400","24.5500","24.5500","24.5500","24.5500","24.5500","7","0","11.3600","196.0000","-0.9400","0.0000","11.3600","196.0000","-1.0500","0","11.3600","196.0000","-1.1000","0","13.6400","191.0000","-0.6000","0.0000","13.6400","191.0000","-0.8700","0","13.6400","191.0000","-0.9800","0.0000","11.3600","196.0000","-1.4700","0.0000","13.6400","191.0000","-1.4300","0.0000","87.7300","28.0000","-0.2600","0","87.7300","28.0000","-0.2700","0.0000","87.7300","28.0000","-0.2300","0","87.7300","28.0000","-0.2900","8","10","0"
"AAD2023.06.02752","525","38820","23","James Madison University","Chemistry and Biochemistry, Department of","Biochemistry","18","116.0000","76","172.0000","14","140.0000","5.4300","189.0000","1121","181.0000","13","150.0000","0.9300","197.0000","7","150.0000","12","159.0000","3982621.0000","176.0000","22","75.0000","9","95.0000","0","150.0000","0","150.0000","16","16","5","19","19","0.0000","-0.9800","150.0000","32.2700","0.0000","-0.5900","150.0000","32.2700","0.7800","-0.8500","194.0000","12.2700","4.2200","-1.0600","191.0000","13.6400","0.7200","-1.1800","202.0000","8.6400","62.2800","-0.9100","196.0000","11.3600","14.7500","-0.8400","190.0000","14.0900","0.3900","-0.6600","168.0000","24.0900","0.6700","-0.7900","171.0000","22.7300","221256.7200","-0.9600","182.0000","17.7300","331885.0800","-1.0400","181.0000","18.1800","1.2200","0.1100","65.0000","70.9100","0.5000","0.2100","82.0000","63.1800","-0.9000","186.0000","15.9100","-0.1700","-0.9600","-0.5700","-0.5900","-0.4800","-0.9700","-0.3595","-0.1600","-0.7100","-0.7500","-0.7600","-0.6200","-0.7200","-0.2800","57.2700","32.2700","32.2700","32.2700","36.8200","14.5500","10.9100","66.3600","32.2700","18.1800","20.4500","28.1800","22.2700","47.7300","220","4/1/2025 16:37","1","1","1.0000","0.0600","0.0600","108.0000","100.0000","121.0000","146.0000","141.0000","-0.4500","-0.2790","-0.3900","-0.4600","-0.4100","51.3600","55.0000","45.4500","34.0900","36.3600","7","2","38.6400","136.0000","-0.5700","0.1100","34.0900","146.0000","-0.5300","2","42.7300","127.0000","-0.5000","3","30.4500","154.0000","-0.5100","0.1700","25.9100","164.0000","-0.6700","1","25.4500","165.0000","-0.7900","0.1100","38.6400","136.0000","-0.4700","0.0600","16.8200","184.0000","-1.0700","0.0000","87.7300","28.0000","-0.2600","0","87.7300","28.0000","-0.2700","0.0000","87.7300","28.0000","-0.2300","0","87.7300","28.0000","-0.2900","8","10","0"
"AAD2023.06.02752","3191","38907","23","University of Central Arkansas","Chemistry and Biochemistry, Department of","Biochemistry","13","160.0000","13","212.0000","8","194.0000","1.6300","216.0000","212","210.0000","7","199.0000","0.7800","213.0000","2","194.0000","2","198.0000","256553.0000","205.0000","1","202.0000","1","201.0000","0","150.0000","0","150.0000","16","16","5","19","19","0.0000","-0.9800","150.0000","32.2700","0.0000","-0.5900","150.0000","32.2700","0.6200","-1.9500","210.0000","5.0000","1.0000","-1.6700","216.0000","2.2700","0.5400","-2.3700","213.0000","3.6400","16.3100","-1.0600","212.0000","4.0900","16.3100","-0.7600","183.0000","17.2700","0.1500","-1.6100","200.0000","9.5500","0.1500","-1.5000","203.0000","8.1800","19734.8500","-1.1800","206.0000","6.8200","128276.5000","-1.5500","205.0000","7.2700","0.0800","-0.8700","207.0000","6.3600","0.0800","-1.5300","207.0000","6.3600","-1.5000","216.0000","2.2700","-1.0000","-0.9600","-1.0800","-1.1000","-0.9900","-1.7000","-1.6481","-0.6300","-0.7100","-0.8400","-0.8800","-0.9600","-1.0000","-0.7100","9.0900","32.2700","10.0000","12.2700","12.2700","2.2700","3.6400","8.6400","32.2700","5.0000","7.2700","10.4500","4.0900","27.7300","220","4/1/2025 16:37","1","1","1.0000","0.0800","0.0800","108.0000","100.0000","121.0000","125.0000","110.0000","-0.4500","-0.2790","-0.3900","-0.3800","-0.1700","51.3600","55.0000","45.4500","43.6400","50.4500","7","0","11.3600","196.0000","-0.9400","0.0000","11.3600","196.0000","-1.0500","0","11.3600","196.0000","-1.1000","0","13.6400","191.0000","-0.6000","0.0000","13.6400","191.0000","-0.8700","0","13.6400","191.0000","-0.9800","0.0000","11.3600","196.0000","-1.4700","0.0000","13.6400","191.0000","-1.4300","0.0000","87.7300","28.0000","-0.2600","0","87.7300","28.0000","-0.2700","0.0000","87.7300","28.0000","-0.2300","0","87.7300","28.0000","-0.2900","8","10","0"
"AAD2023.06.02752","537919","39032","23","University of Minnesota - Duluth","Chemistry and Biochemistry, Department of","Biochemistry","19","105.0000","135","132.0000","16","124.0000","8.4400","136.0000","1487","173.0000","15","134.0000","0.9400","194.0000","3","185.0000","4","193.0000","1258238.0000","195.0000","12","118.0000","9","95.0000","2","68.0000","2","44.0000","16","16","5","19","19","0.1100","0.6800","45.0000","80.0000","0.1100","0.0400","74.0000","66.8200","0.8400","-0.4100","171.0000","22.7300","7.1100","-0.5200","143.0000","35.4500","0.7900","-0.7500","193.0000","12.7300","78.2600","-0.8500","189.0000","14.5500","11.0100","-1.0400","202.0000","8.6400","0.1600","-1.5900","199.0000","10.0000","0.2100","-1.4200","199.0000","10.0000","66223.0500","-1.1300","199.0000","10.0000","314559.5000","-1.0800","184.0000","16.8200","0.6300","-0.4000","127.0000","42.7300","0.4700","0.1000","100.0000","55.0000","-0.6000","166.0000","25.0000","-0.1700","0.4300","-0.4000","-1.0000","-0.3100","-0.4000","-0.2832","-0.3800","-0.0600","-0.7100","-0.8500","-0.8900","-0.4600","-0.1900","57.2700","80.4500","39.5500","16.3600","44.0900","38.6400","12.2700","46.8200","69.5500","21.8200","11.8200","12.7300","40.4500","52.7300","220","4/1/2025 16:37","17","7","2.4300","0.8900","0.3700","10.0000","34.0000","15.0000","7.0000","2.0000","1.7100","0.6724","1.1500","2.3800","3.1400","95.9100","85.0000","93.6400","97.2700","99.5500","7","3","48.1800","115.0000","-0.3800","0.1600","42.2700","128.0000","-0.3000","3","56.3600","97.0000","-0.2000","3","30.4500","154.0000","-0.5100","0.1600","24.0900","168.0000","-0.6800","2","35.9100","142.0000","-0.6100","0.1600","49.5500","112.0000","-0.0400","0.1100","25.9100","164.0000","-0.7400","0.0000","87.7300","28.0000","-0.2600","0","87.7300","28.0000","-0.2700","0.0000","87.7300","28.0000","-0.2300","0","87.7300","28.0000","-0.2900","8","10","0"
"AAD2023.06.02752","556978","39281","23","Texas Wesleyan University","Chemistry and Biochemistry, Department of","Biochemistry","2","220.0000","0","219.0000","0","219.0000","0.0000","219.0000","0","219.0000","0","219.0000","0.0000","219.0000","0","209.0000","0","209.0000","0.0000","209.0000","0","210.0000","0","210.0000","0","150.0000","0","150.0000","16","16","5","19","19","0.0000","-0.9800","150.0000","32.2700","0.0000","-0.5900","150.0000","32.2700","0.0000","-6.1100","219.0000","0.9100","0.0000","-1.8600","219.0000","0.9100","0.0000","-5.8400","219.0000","0.9100","0.0000","-1.1100","219.0000","0.9100","0.0000","-1.6300","219.0000","0.9100","0.0000","-2.2300","209.0000","5.4500","0.0000","-1.7100","209.0000","5.4500","0.0000","-1.2100","209.0000","5.4500","0.0000","-1.8700","209.0000","5.4500","0.0000","-0.9400","210.0000","5.0000","0.0000","-1.8500","210.0000","5.0000","-1.6000","219.0000","0.9100","-1.1000","-0.9600","-1.6700","-1.3000","-1.6700","-2.0100","-8.2943","-0.6500","-0.7100","-0.8600","-0.8900","-1.0200","-1.0500","-1.6600","5.0000","32.2700","0.9100","5.4500","0.9100","0.9100","0.9100","5.0000","32.2700","0.9100","5.4500","5.4500","0.9100","0.4500","220","4/1/2025 16:37","0","0","0.0000","0.0000","0.0000","167.0000","167.0000","167.0000","167.0000","167.0000","-0.8100","-0.9443","-0.4800","-0.6400","-1.0400","24.5500","24.5500","24.5500","24.5500","24.5500","7","0","11.3600","196.0000","-0.9400","0.0000","11.3600","196.0000","-1.0500","0","11.3600","196.0000","-1.1000","0","13.6400","191.0000","-0.6000","0.0000","13.6400","191.0000","-0.8700","0","13.6400","191.0000","-0.9800","0.0000","11.3600","196.0000","-1.4700","0.0000","13.6400","191.0000","-1.4300","0.0000","87.7300","28.0000","-0.2600","0","87.7300","28.0000","-0.2700","0.0000","87.7300","28.0000","-0.2300","0","87.7300","28.0000","-0.2900","8","10","0"
"AAD2023.06.02752","125","39483","23","Augusta University (Medical College of Georgia)","Chemistry and Biochemistry, Department of","Biochemistry","7","208.0000","101","159.0000","7","201.0000","14.4300","52.0000","1710","167.0000","7","199.0000","1.0000","1.0000","2","194.0000","2","198.0000","757578.0000","199.0000","1","202.0000","1","201.0000","1","98.0000","1","80.0000","16","16","5","19","19","0.1400","1.2700","17.0000","92.7300","0.1400","0.2600","40.0000","82.2700","1.0000","0.6600","1.0000","100.0000","14.4300","0.8600","44.0000","80.4500","1.0000","0.6100","1.0000","100.0000","244.2900","-0.3100","113.0000","49.0900","16.9300","-0.7300","179.0000","19.0900","0.2900","-1.0800","185.0000","16.3600","0.2900","-1.3200","195.0000","11.8200","108225.4300","-1.0800","193.0000","12.7300","378789.0000","-0.9200","175.0000","20.9100","0.1400","-0.8200","198.0000","10.4500","0.1400","-1.2600","191.0000","13.6400","-0.4000","137.0000","38.1800","-1.0000","-0.2700","-1.0800","-1.1000","-1.0800","0.7400","0.2509","-0.6300","-0.3900","-0.6900","-0.8700","-0.9600","-0.6100","-1.2300","9.0900","64.0900","10.0000","12.2700","9.0900","76.8200","100.0000","8.6400","55.9100","24.5500","10.0000","10.4500","28.1800","5.9100","220","4/1/2025 16:37","0","0","0.0000","0.0000","0.0000","167.0000","167.0000","167.0000","167.0000","167.0000","-0.8100","-0.9443","-0.4800","-0.6400","-1.0400","24.5500","24.5500","24.5500","24.5500","24.5500","7","0","11.3600","196.0000","-0.9400","0.0000","11.3600","196.0000","-1.0500","0","11.3600","196.0000","-1.1000","22","76.3600","53.0000","0.0700","3.1400","98.1800","5.0000","2.9200","3","45.9100","120.0000","-0.4200","0.0000","11.3600","196.0000","-1.4700","0.4300","90.0000","23.0000","1.3900","0.0000","87.7300","28.0000","-0.2600","0","87.7300","28.0000","-0.2700","0.0000","87.7300","28.0000","-0.2300","0","87.7300","28.0000","-0.2900","8","10","0"
"AAD2023.06.02752","330","39927","23","University of San Diego","Chemistry and Biochemistry, Department of","Biochemistry","15","147.0000","66","178.0000","14","140.0000","4.7100","195.0000","393","204.0000","14","143.0000","1.0000","1.0000","6","162.0000","12","159.0000","2172206.0000","188.0000","23","69.0000","12","66.0000","1","98.0000","1","80.0000","16","16","5","19","19","0.0700","0.0700","93.0000","58.1800","0.0700","-0.1900","114.0000","48.6400","0.9300","0.2000","124.0000","44.0900","4.4000","-1.0300","189.0000","14.5500","0.9300","0.1800","133.0000","40.0000","26.2000","-1.0300","208.0000","5.9100","5.9500","-1.3100","215.0000","2.7300","0.4000","-0.6200","166.0000","25.0000","0.8000","-0.6000","154.0000","30.4500","144813.7300","-1.0400","192.0000","13.1800","181017.1700","-1.4100","203.0000","8.1800","1.5300","0.3700","48.0000","78.6400","0.8000","1.4400","19.0000","91.8200","-0.8000","180.0000","18.6400","0.1400","-0.2700","-0.4900","-0.6900","-0.4800","-1.1100","0.2509","-0.1400","-0.3900","-0.8200","-0.8200","-0.6200","-0.7600","-0.5400","70.4500","64.0900","35.4500","26.8200","36.8200","11.8200","100.0000","69.0900","55.9100","7.7300","15.0000","28.1800","19.5500","33.6400","220","4/1/2025 16:37","0","0","0.0000","0.0000","0.0000","167.0000","167.0000","167.0000","167.0000","167.0000","-0.8100","-0.9443","-0.4800","-0.6400","-1.0400","24.5500","24.5500","24.5500","24.5500","24.5500","7","3","48.1800","115.0000","-0.3800","0.2000","55.0000","100.0000","-0.1000","1","32.2700","150.0000","-0.8000","1","19.5500","178.0000","-0.5700","0.0700","16.3600","185.0000","-0.7900","1","25.4500","165.0000","-0.7900","0.0700","22.7300","171.0000","-0.8700","0.0700","19.0900","179.0000","-1.0000","0.0000","87.7300","28.0000","-0.2600","0","87.7300","28.0000","-0.2700","0.0000","87.7300","28.0000","-0.2300","0","87.7300","28.0000","-0.2900","8","10","0"
"AAD2023.06.02752","399","40032","23","University of North Carolina Wilmington","Chemistry & Biochemistry, Department of","Biochemistry","23","70.0000","89","167.0000","22","67.0000","4.0500","201.0000","1762","165.0000","23","59.0000","1.0000","1.0000","12","97.0000","15","139.0000","5617535.0000","163.0000","9","133.0000","7","122.0000","1","98.0000","1","80.0000","16","16","5","19","19","0.0400","-0.2900","121.0000","45.4500","0.0400","-0.3300","128.0000","42.2700","0.9600","0.3600","100.0000","55.0000","3.8700","-1.1300","194.0000","12.2700","1.0000","0.6100","1.0000","100.0000","76.6100","-0.8600","191.0000","13.6400","19.8000","-0.5700","155.0000","30.0000","0.5200","-0.1300","137.0000","38.1800","0.6500","-0.8100","172.0000","22.2700","244240.6500","-0.9300","179.0000","19.0900","374502.3300","-0.9300","177.0000","20.0000","0.3900","-0.6000","166.0000","25.0000","0.3000","-0.6000","158.0000","28.6400","-0.8000","180.0000","18.6400","-0.3800","-0.2700","0.2700","-0.0900","0.2000","-1.2400","0.2509","-0.4500","-0.3900","-0.6800","-0.7100","-0.5200","-0.6600","0.1600","45.0000","64.0900","73.6400","56.3600","70.0000","9.0900","100.0000","40.0000","55.9100","25.4500","26.3600","37.2700","24.5500","68.6400","220","4/1/2025 16:37","1","2","0.5000","0.0400","0.0900","69.0000","163.0000","121.0000","161.0000","99.0000","-0.0900","-0.6116","-0.3900","-0.5000","-0.0500","69.0900","26.3600","45.4500","27.2700","55.4500","7","0","11.3600","196.0000","-0.9400","0.0000","11.3600","196.0000","-1.0500","0","11.3600","196.0000","-1.1000","1","19.5500","178.0000","-0.5700","0.0400","15.0000","188.0000","-0.8100","1","25.4500","165.0000","-0.7900","0.0000","11.3600","196.0000","-1.4700","0.0400","15.0000","188.0000","-1.1500","0.0000","87.7300","28.0000","-0.2600","0","87.7300","28.0000","-0.2700","0.0000","87.7300","28.0000","-0.2300","0","87.7300","28.0000","-0.2900","8","10","0"
"AAD2023.06.02752","324","40471","23","University of Oklahoma","Biochemistry and Physiology, Department of","Biochemistry","32","30.0000","269","68.0000","30","33.0000","8.9700","128.0000","8713","76.0000","30","33.0000","1.0000","1.0000","17","54.0000","36","60.0000","39431203.0000","55.0000","20","85.0000","13","61.0000","2","68.0000","1","80.0000","16","16","5","19","19","0.0300","-0.4800","143.0000","35.4500","0.0600","-0.2200","117.0000","47.2700","0.9400","0.2300","121.0000","45.4500","8.4100","-0.2700","125.0000","43.6400","0.9400","0.2100","129.0000","41.8200","272.2800","-0.2100","101.0000","54.5500","32.3900","0.1000","85.0000","61.8200","0.5300","-0.0900","134.0000","39.5500","1.1300","-0.1600","120.0000","45.9100","1232225.0900","0.1800","82.0000","63.1800","1095311.1900","0.8600","49.0000","78.1800","0.6300","-0.4000","128.0000","42.2700","0.4100","-0.1800","128.0000","42.2700","-0.1000","95.0000","57.2700","0.2400","-0.2700","0.8600","0.4200","0.8700","-0.3000","0.2509","-0.2100","-0.0600","0.0300","0.3900","0.1900","0.1300","0.9300","72.7300","64.0900","85.4500","75.9100","85.4500","42.2700","100.0000","61.8200","69.5500","65.9100","75.4500","73.1800","69.5500","86.8200","220","4/1/2025 16:37","3","2","1.5000","0.0900","0.0600","69.0000","70.0000","81.0000","116.0000","131.0000","-0.0900","0.0536","-0.1900","-0.3300","-0.3300","69.0900","68.6400","63.6400","47.7300","40.9100","7","4","61.8200","85.0000","-0.2000","0.1300","37.2700","139.0000","-0.4600","4","73.1800","60.0000","0.1000","19","73.1800","60.0000","-0.0200","0.5900","59.5500","90.0000","-0.1500","5","66.3600","75.0000","-0.0500","0.1300","41.8200","129.0000","-0.3400","0.1600","39.5500","134.0000","-0.4100","0.0000","87.7300","28.0000","-0.2600","0","87.7300","28.0000","-0.2700","0.0000","87.7300","28.0000","-0.2300","0","87.7300","28.0000","-0.2900","8","10","0"
