"releasename","institutionid","unitid","comparisongroupid","institutionname","unitname","comparisongroupname","facultycount","facultycount_rank","articlecount","articlecount_rank","articlefacultycount","articlefacultycount_rank","articlecountperauthor","articlecountperauthor_rank","citationcount","citationcount_rank","citationfacultycount","citationfacultycount_rank","pctofauthorwithcitation","pctofauthorwithcitation_rank","grantfacultycount","grantfacultycount_rank","grantcount","grantcount_rank","grantdollars","grantdollars_rank","awardcount","awardcount_rank","awardfacultycount","awardfacultycount_rank","bookcount","bookcount_rank","bookfacultycount","bookfacultycount_rank","awardsweight","grantsweight","booksweight","citationsweight","articlesweight","pctoffacwithbook","pctoffacwithbook_zscore","pctoffacwithbook_rank","pctoffacwithbook_pct","bookcountperfaculty","bookcountperfaculty_zscore","bookcountperfaculty_rank","bookcountperfaculty_pct","pctoffacwitharticle","pctoffacwitharticle_zscore","pctoffacwitharticle_rank","pctoffacwitharticle_pct","articlecountperfaculty","articlecountperfaculty_zscore","articlecountperfaculty_rank","articlecountperfaculty_pct","pctoffacwithcitation","pctoffacwithcitation_zscore","pctoffacwithcitation_rank","pctoffacwithcitation_pct","citationcountperfaculty","citationcountperfaculty_zscore","citationcountperfaculty_rank","citationcountperfaculty_pct","citationcountperarticle","citationcountperarticle_zscore","citationcountperarticle_rank","citationcountperarticle_pct","pctoffacwithgrant","pctoffacwithgrant_zscore","pctoffacwithgrant_rank","pctoffacwithgrant_pct","grantcountperfaculty","grantcountperfaculty_zscore","grantcountperfaculty_rank","grantcountperfaculty_pct","grantdollarsperfaculty","grantdollarsperfaculty_zscore","grantdollarsperfaculty_rank","grantdollarsperfaculty_pct","dollarspergrant","dollarspergrant_zscore","dollarspergrant_rank","dollarspergrant_pct","awardcountperfaculty","awardcountperfaculty_zscore","awardcountperfaculty_rank","awardcountperfaculty_pct","pctoffacwithaward","pctoffacwithaward_zscore","pctoffacwithaward_rank","pctoffacwithaward_pct","sri","sri_rank","sri_pct","awardfacultycount_zscore","bookfacultycount_zscore","citationfacultycount_zscore","grantfacultycount_zscore","articlefacultycount_zscore","articlecountperauthor_zscore","pctofauthorwithcitation_zscore","awardcount_zscore","bookcount_zscore","citationcount_zscore","grantdollars_zscore","grantcount_zscore","articlecount_zscore","facultycount_zscore","awardfacultycount_pct","bookfacultycount_pct","citationfacultycount_pct","grantfacultycount_pct","articlefacultycount_pct","articlecountperauthor_pct","pctofauthorwithcitation_pct","awardcount_pct","bookcount_pct","citationcount_pct","grantdollars_pct","grantcount_pct","articlecount_pct","facultycount_pct","unitsincomparisongroup","createddate","confproccount","confprocfacultycount","confproccountperauthor","confproccountperfaculty","pctoffacwithconfproc","confprocfacultycount_rank","confproccountperauthor_rank","confproccount_rank","confproccountperfaculty_rank","pctoffacwithconfproc_rank","confprocfacultycount_zscore","confproccountperauthor_zscore","confproccount_zscore","confproccountperfaculty_zscore","pctoffacwithconfproc_zscore","confprocfacultycount_pct","confproccountperauthor_pct","confproccount_pct","confproccountperfaculty_pct","pctoffacwithconfproc_pct","confprocweight","chaptercount","chaptercount_pct","chaptercount_rank","chaptercount_zscore","chaptercountperfaculty","chaptercountperfaculty_pct","chaptercountperfaculty_rank","chaptercountperfaculty_zscore","chapterfacultycount","chapterfacultycount_pct","chapterfacultycount_rank","chapterfacultycount_zscore","patentcount","patentcount_pct","patentcount_rank","patentcount_zscore","patentcountperfaculty","patentcountperfaculty_pct","patentcountperfaculty_rank","patentcountperfaculty_zscore","patentfacultycount","patentfacultycount_pct","patentfacultycount_rank","patentfacultycount_zscore","pctoffacwithchapter","pctoffacwithchapter_pct","pctoffacwithchapter_rank","pctoffacwithchapter_zscore","pctoffacwithpatent","pctoffacwithpatent_pct","pctoffacwithpatent_rank","pctoffacwithpatent_zscore","pctoffacwithtrial","pctoffacwithtrial_pct","pctoffacwithtrial_rank","pctoffacwithtrial_zscore","trialcount","trialcount_pct","trialcount_rank","trialcount_zscore","trialcountperfaculty","trialcountperfaculty_pct","trialcountperfaculty_rank","trialcountperfaculty_zscore","trialfacultycount","trialfacultycount_pct","trialfacultycount_rank","trialfacultycount_zscore","chaptersweight","patentsweight","trialsweight"
"AAD2023.06.02752","103","96","38","Kansas State University","Chemistry, Department of","Chemistry","13","201.0000","131","171.0000","13","178.0000","10.0800","154.0000","2828","167.0000","13","178.0000","1.0000","1.0000","9","141.0000","23","121.0000","9013184.0000","130.0000","23","100.0000","10","116.0000","1","147.0000","1","125.0000","19","17","5","17","18","0.0800","0.1300","127.0000","61.7000","0.0800","-0.2100","154.0000","53.5000","1.0000","0.7700","1.0000","100.0000","10.0800","-0.0400","144.0000","56.5400","1.0000","0.7300","1.0000","100.0000","217.5400","-0.2100","143.0000","56.8400","21.5900","-0.0700","143.0000","56.8400","0.6900","0.7800","89.0000","73.2500","1.7700","0.6900","81.0000","75.6800","693321.8500","0.0800","109.0000","67.1700","391877.5700","-0.1300","182.0000","44.9800","1.7700","0.2200","78.0000","76.6000","0.7700","1.0800","66.0000","80.2400","-0.1000","113.0000","65.9600","-0.0700","-0.2800","-0.3400","-0.1900","-0.3400","-0.1700","0.3027","-0.2300","-0.4000","-0.3800","-0.3200","-0.1700","-0.4100","-0.5200","65.0500","62.3100","46.2000","57.4500","46.2000","53.5000","100.0000","69.9100","55.6200","49.5400","60.7900","63.5300","48.3300","39.2100","329","4/1/2025 16:37","1","1","1.0000","0.0800","0.0800","168.0000","169.0000","197.0000","216.0000","195.0000","-0.5300","-0.4068","-0.5100","-0.5400","-0.3900","49.2400","48.9400","40.4300","34.6500","41.0300","6","1","38.6000","203.0000","-0.4600","0.0800","31.3100","227.0000","-0.4500","1","43.7700","186.0000","-0.6000","7","45.2900","181.0000","-0.4300","0.5400","45.5900","180.0000","-0.3900","3","48.9400","169.0000","-0.4800","0.0800","34.0400","218.0000","-0.5000","0.2300","44.3800","184.0000","-0.1600","0.0000","97.8700","8.0000","-0.1400","0","97.8700","8.0000","-0.1400","0.0000","97.8700","8.0000","-0.1300","0","97.8700","8.0000","-0.1500","7","11","0"
"AAD2023.06.02752","105","122","38","Lehigh University","Chemistry, Department of","Chemistry","15","175.0000","132","169.0000","13","178.0000","10.1500","152.0000","2419","178.0000","13","178.0000","1.0000","1.0000","9","141.0000","17","148.0000","7708073.0000","146.0000","12","156.0000","7","155.0000","0","207.0000","0","207.0000","19","17","5","17","18","0.0000","-0.9400","207.0000","37.3900","0.0000","-0.6300","207.0000","37.3900","0.8700","0.1200","210.0000","36.4700","8.8000","-0.2000","158.0000","52.2800","0.8700","0.1100","212.0000","35.8700","161.2700","-0.3700","170.0000","48.6300","18.3300","-0.3300","199.0000","39.8200","0.6000","0.4400","126.0000","62.0100","1.1300","0.0000","143.0000","56.8400","513871.5300","-0.1700","138.0000","58.3600","453416.0600","0.1200","146.0000","55.9300","0.8000","-0.3000","151.0000","54.4100","0.4700","0.0700","152.0000","54.1000","-0.3000","145.0000","56.2300","-0.3300","-0.8700","-0.3400","-0.1900","-0.3400","-0.1600","0.3027","-0.3800","-0.6800","-0.4100","-0.3700","-0.3400","-0.4100","-0.3500","53.1900","37.3900","46.2000","57.4500","46.2000","54.1000","100.0000","52.8900","37.3900","46.2000","55.9300","55.3200","48.9400","47.1100","329","4/1/2025 16:37","5","3","1.6700","0.3300","0.2000","94.0000","139.0000","119.0000","109.0000","67.0000","0.0400","-0.1038","-0.2400","0.0000","0.7100","71.7300","58.0500","64.1300","67.1700","79.9400","6","2","50.4600","164.0000","-0.3300","0.1300","47.1100","175.0000","-0.2400","2","55.9300","146.0000","-0.2900","7","45.2900","181.0000","-0.4300","0.4700","42.2500","191.0000","-0.4300","4","53.1900","155.0000","-0.3300","0.1300","54.7100","150.0000","0.0400","0.2700","50.1500","165.0000","0.0300","0.0000","97.8700","8.0000","-0.1400","0","97.8700","8.0000","-0.1400","0.0000","97.8700","8.0000","-0.1300","0","97.8700","8.0000","-0.1500","7","11","0"
"AAD2023.06.02752","109","156","38","Louisiana State University","Chemistry, Department of","Chemistry","36","34.0000","300","94.0000","34","34.0000","8.8200","176.0000","5208","113.0000","34","33.0000","1.0000","1.0000","21","55.0000","48","71.0000","21943255.0000","83.0000","61","64.0000","21","62.0000","3","77.0000","2","69.0000","19","17","5","17","18","0.0600","-0.1700","170.0000","48.6300","0.0800","-0.1700","145.0000","56.2300","0.9400","0.5000","132.0000","60.1800","8.3300","-0.2600","168.0000","49.2400","0.9400","0.4700","139.0000","58.0500","144.6700","-0.4200","183.0000","44.6800","17.3600","-0.4100","211.0000","36.1700","0.5800","0.3800","135.0000","59.2700","1.3300","0.2100","122.0000","63.2200","609534.8600","-0.0300","119.0000","64.1300","457151.1500","0.1300","145.0000","56.2300","1.6900","0.1800","80.0000","75.9900","0.5800","0.4600","111.0000","66.5700","-0.2000","124.0000","62.6100","0.8700","0.3100","1.3400","0.9300","1.3500","-0.3300","0.3027","0.2900","0.1600","-0.2000","0.1500","0.5100","0.1200","1.4200","81.4600","79.3300","90.2700","83.5900","89.9700","46.8100","100.0000","80.8500","76.9000","65.9600","75.0800","78.7200","71.7300","89.9700","329","4/1/2025 16:37","12","6","2.0000","0.3300","0.1700","48.0000","105.0000","69.0000","109.0000","98.0000","0.9000","0.0454","0.2500","0.0000","0.4100","85.7100","68.3900","79.3300","67.1700","70.5200","6","5","72.9500","90.0000","0.0500","0.1400","48.3300","171.0000","-0.2200","4","77.8100","74.0000","0.3400","25","70.2100","99.0000","-0.1100","0.6900","53.8000","153.0000","-0.2900","12","83.8900","54.0000","0.8900","0.1100","48.9400","169.0000","-0.1700","0.3300","63.2200","122.0000","0.3900","0.0000","97.8700","8.0000","-0.1400","0","97.8700","8.0000","-0.1400","0.0000","97.8700","8.0000","-0.1300","0","97.8700","8.0000","-0.1500","7","11","0"
"AAD2023.06.02752","131","320","38","Miami University","Chemistry and Biochemistry, Department of","Chemistry","18","134.0000","227","118.0000","17","130.0000","13.3500","114.0000","4630","122.0000","17","131.0000","1.0000","1.0000","10","130.0000","27","109.0000","14878510.0000","106.0000","17","130.0000","8","142.0000","0","207.0000","0","207.0000","19","17","5","17","18","0.0000","-0.9400","207.0000","37.3900","0.0000","-0.6300","207.0000","37.3900","0.9400","0.5000","132.0000","60.1800","12.6100","0.2700","112.0000","66.2600","0.9400","0.4700","139.0000","58.0500","257.2200","-0.0900","123.0000","62.9200","20.4000","-0.1600","161.0000","51.3700","0.5600","0.2800","151.0000","54.4100","1.5000","0.3900","105.0000","68.3900","826583.8900","0.2700","94.0000","71.7300","551055.9300","0.5100","90.0000","72.9500","0.9400","-0.2300","134.0000","59.5700","0.4400","-0.0100","163.0000","50.7600","0.0000","101.0000","69.6000","-0.2400","-0.8700","-0.0200","-0.1000","-0.0200","0.2500","0.3027","-0.3100","-0.6800","-0.2400","-0.1100","-0.0600","-0.1100","-0.1000","57.1400","37.3900","60.4900","60.7900","60.7900","65.6500","100.0000","60.7900","37.3900","63.2200","68.0900","67.1700","64.4400","59.5700","329","4/1/2025 16:37","0","0","0.0000","0.0000","0.0000","241.0000","241.0000","241.0000","241.0000","241.0000","-0.8100","-0.8591","-0.5800","-0.7100","-1.0800","27.0500","27.0500","27.0500","27.0500","27.0500","6","1","38.6000","203.0000","-0.4600","0.0600","26.7500","242.0000","-0.5300","1","43.7700","186.0000","-0.6000","14","58.0500","139.0000","-0.3000","0.7800","57.1400","142.0000","-0.2300","6","64.4400","118.0000","-0.0200","0.0600","28.5700","236.0000","-0.7000","0.3300","63.2200","122.0000","0.3900","0.0000","97.8700","8.0000","-0.1400","0","97.8700","8.0000","-0.1400","0.0000","97.8700","8.0000","-0.1300","0","97.8700","8.0000","-0.1500","7","11","0"
"AAD2023.06.02752","137","333","38","Montana State University","Chemistry and Biochemistry, Department of","Chemistry","20","117.0000","269","105.0000","20","104.0000","13.4500","113.0000","5797","107.0000","20","106.0000","1.0000","1.0000","14","95.0000","44","77.0000","20815113.0000","87.0000","27","92.0000","11","107.0000","0","207.0000","0","207.0000","19","17","5","17","18","0.0000","-0.9400","207.0000","37.3900","0.0000","-0.6300","207.0000","37.3900","1.0000","0.7700","1.0000","100.0000","13.4500","0.3800","104.0000","68.6900","1.0000","0.7300","1.0000","100.0000","289.8500","0.0000","107.0000","67.7800","21.5500","-0.0700","144.0000","56.5400","0.7000","0.8100","86.0000","74.1600","2.2000","1.1500","50.0000","85.1100","1040755.6500","0.5600","71.0000","78.7200","473070.7500","0.1900","133.0000","59.8800","1.3500","-0.0100","96.0000","71.1200","0.5500","0.3500","123.0000","62.9200","0.1000","87.0000","73.8600","0.0200","-0.8700","0.2200","0.2800","0.2200","0.2600","0.3027","-0.1700","-0.6800","-0.1500","0.1100","0.4000","0.0300","0.0700","67.7800","37.3900","68.0900","71.4300","68.6900","65.9600","100.0000","72.3400","37.3900","67.7800","73.8600","76.9000","68.3900","64.7400","329","4/1/2025 16:37","1","1","1.0000","0.0500","0.0500","168.0000","169.0000","197.0000","230.0000","225.0000","-0.5300","-0.4068","-0.5100","-0.6000","-0.6400","49.2400","48.9400","40.4300","30.4000","31.9100","6","1","38.6000","203.0000","-0.4600","0.0500","25.5300","246.0000","-0.5500","1","43.7700","186.0000","-0.6000","2","29.1800","234.0000","-0.5100","0.1000","22.8000","255.0000","-0.6800","2","41.3400","194.0000","-0.6300","0.0500","26.4400","243.0000","-0.7500","0.1000","27.3600","240.0000","-0.8500","0.0000","97.8700","8.0000","-0.1400","0","97.8700","8.0000","-0.1400","0.0000","97.8700","8.0000","-0.1300","0","97.8700","8.0000","-0.1500","7","11","0"
"AAD2023.06.02752","142","349","38","New Mexico Institute of Mining and Technology","Chemistry, Department of","Chemistry","8","283.0000","35","259.0000","6","275.0000","5.8300","235.0000","332","279.0000","7","263.0000","1.0000","1.0000","2","249.0000","3","248.0000","646947.0000","266.0000","2","255.0000","2","237.0000","0","207.0000","0","207.0000","19","17","5","17","18","0.0000","-0.9400","207.0000","37.3900","0.0000","-0.6300","207.0000","37.3900","0.7500","-0.4400","259.0000","21.5800","4.3800","-0.7600","240.0000","27.3600","0.8800","0.1500","206.0000","37.6900","41.5000","-0.7200","268.0000","18.8500","9.4900","-1.0500","292.0000","11.5500","0.2500","-0.8300","241.0000","27.0500","0.3800","-0.8300","240.0000","27.3600","80868.3800","-0.7700","257.0000","22.1900","215649.0000","-0.8500","272.0000","17.6300","0.2500","-0.6000","242.0000","26.7500","0.2500","-0.6600","223.0000","32.5200","-0.8000","221.0000","33.1300","-0.7500","-0.8700","-0.8200","-0.8500","-0.9000","-0.7100","0.3027","-0.5100","-0.6800","-0.5700","-0.6300","-0.7200","-0.7100","-0.9400","28.2700","37.3900","20.3600","24.6200","16.7200","28.8800","100.0000","22.8000","37.3900","15.5000","19.4500","24.9200","21.5800","14.2900","329","4/1/2025 16:37","3","2","1.5000","0.3800","0.2500","122.0000","147.0000","147.0000","100.0000","43.0000","-0.2400","-0.1807","-0.3700","0.0900","1.1500","63.2200","55.6200","55.6200","69.9100","87.2300","6","0","24.0100","251.0000","-0.5800","0.0000","24.0100","251.0000","-0.7300","0","24.0100","251.0000","-0.9100","5","39.8200","199.0000","-0.4600","0.6300","49.8500","166.0000","-0.3300","2","41.3400","194.0000","-0.6300","0.0000","24.0100","251.0000","-1.2300","0.2500","47.4200","174.0000","-0.0500","0.0000","97.8700","8.0000","-0.1400","0","97.8700","8.0000","-0.1400","0.0000","97.8700","8.0000","-0.1300","0","97.8700","8.0000","-0.1500","7","11","0"
"AAD2023.06.02752","146","368","38","New York University","Chemistry, Department of","Chemistry","27","65.0000","536","56.0000","27","57.0000","19.8500","47.0000","17133","50.0000","27","58.0000","1.0000","1.0000","22","49.0000","66","47.0000","43215534.0000","48.0000","93","46.0000","23","51.0000","2","105.0000","2","69.0000","19","17","5","17","18","0.0700","0.0900","137.0000","58.6600","0.0700","-0.2200","159.0000","51.9800","1.0000","0.7700","1.0000","100.0000","19.8500","1.1800","43.0000","87.2300","1.0000","0.7300","1.0000","100.0000","634.5600","1.0100","41.0000","87.8400","31.9600","0.7700","60.0000","82.0700","0.8100","1.2200","38.0000","88.7500","2.4400","1.4200","38.0000","88.7500","1600575.3300","1.3400","33.0000","90.2700","654780.8200","0.9300","51.0000","84.8000","3.4400","1.1300","35.0000","89.6700","0.8500","1.3600","39.0000","88.4500","0.8000","21.0000","93.9200","1.0400","0.3100","0.7800","1.0200","0.7800","1.0700","0.3027","0.7200","-0.1200","0.7000","0.9200","1.0000","0.8700","0.6600","84.8000","79.3300","82.6700","85.4100","82.9800","86.0200","100.0000","86.3200","68.3900","85.1100","85.7100","86.0200","83.2800","80.5500","329","4/1/2025 16:37","5","4","1.2500","0.1900","0.1500","73.0000","164.0000","119.0000","148.0000","118.0000","0.3300","-0.2938","-0.2400","-0.3200","0.2400","78.1200","50.4600","64.1300","55.3200","64.4400","6","7","79.9400","67.0000","0.3000","0.2600","71.7300","94.0000","0.2200","4","77.8100","74.0000","0.3400","73","88.1500","40.0000","0.7300","2.7000","88.7500","38.0000","1.0400","14","87.5400","42.0000","1.2000","0.1500","59.8800","133.0000","0.1900","0.5200","91.1900","30.0000","1.3700","0.0000","97.8700","8.0000","-0.1400","0","97.8700","8.0000","-0.1400","0.0000","97.8700","8.0000","-0.1300","0","97.8700","8.0000","-0.1500","7","11","0"
"AAD2023.06.02752","148","414","38","North Carolina State University","Chemistry, Department of","Chemistry","32","42.0000","551","54.0000","32","39.0000","17.2200","70.0000","12658","69.0000","32","39.0000","1.0000","1.0000","24","39.0000","66","47.0000","35392164.0000","59.0000","49","74.0000","22","58.0000","2","105.0000","2","69.0000","19","17","5","17","18","0.0600","-0.0700","155.0000","53.1900","0.0600","-0.2900","173.0000","47.7200","1.0000","0.7700","1.0000","100.0000","17.2200","0.8500","61.0000","81.7600","1.0000","0.7300","1.0000","100.0000","395.5600","0.3100","80.0000","75.9900","22.9700","0.0400","128.0000","61.4000","0.7500","0.9900","65.0000","80.5500","2.0600","1.0100","60.0000","82.0700","1106005.1300","0.6500","65.0000","80.5500","536244.9100","0.4500","99.0000","70.2100","1.5300","0.0900","87.0000","73.8600","0.6900","0.8100","86.0000","74.1600","0.4000","52.0000","84.5000","0.9600","0.3100","1.1800","1.2100","1.1900","0.7400","0.3027","0.1200","-0.1200","0.3600","0.6300","1.0000","0.9100","1.0800","82.6700","79.3300","88.4500","88.4500","88.4500","79.0300","100.0000","77.8100","68.3900","79.3300","82.3700","86.0200","83.8900","87.5400","329","4/1/2025 16:37","13","6","2.1700","0.4100","0.1900","48.0000","101.0000","66.0000","94.0000","81.0000","0.9000","0.1223","0.3100","0.1500","0.5900","85.7100","69.6000","80.2400","71.7300","75.6800","6","8","83.8900","54.0000","0.4200","0.2500","70.2100","99.0000","0.1900","9","95.1400","17.0000","1.9000","46","80.2400","66.0000","0.2600","1.4400","72.3400","92.0000","0.2000","14","87.5400","42.0000","1.2000","0.2800","91.1900","30.0000","1.4600","0.4400","79.9400","67.0000","0.9400","0.0000","97.8700","8.0000","-0.1400","0","97.8700","8.0000","-0.1400","0.0000","97.8700","8.0000","-0.1300","0","97.8700","8.0000","-0.1500","7","11","0"
"AAD2023.06.02752","148","451","38","North Carolina State University","Textile Engineering, Chemistry and Science, Department of","Chemistry","26","72.0000","290","96.0000","26","66.0000","11.1500","140.0000","4834","117.0000","26","66.0000","1.0000","1.0000","4","215.0000","6","222.0000","1639539.0000","228.0000","10","169.0000","7","155.0000","7","25.0000","4","26.0000","19","17","5","17","18","0.1500","1.2000","36.0000","89.3600","0.2700","0.8600","37.0000","89.0600","1.0000","0.7700","1.0000","100.0000","11.1500","0.0900","131.0000","60.4900","1.0000","0.7300","1.0000","100.0000","185.9200","-0.3000","156.0000","52.8900","16.6700","-0.4700","215.0000","34.9500","0.1500","-1.1800","272.0000","17.6300","0.2300","-0.9800","263.0000","20.3600","63059.1900","-0.7900","265.0000","19.7600","273256.5000","-0.6100","243.0000","26.4400","0.3800","-0.5300","216.0000","34.6500","0.2700","-0.5900","221.0000","33.1300","-0.2000","124.0000","62.6100","-0.3300","1.4800","0.7000","-0.6600","0.7000","-0.0300","0.3027","-0.4000","1.2700","-0.2300","-0.5900","-0.6400","0.0900","0.5800","53.1900","92.4000","80.2400","34.9500","80.2400","57.7500","100.0000","48.9400","92.7100","64.7400","31.0000","32.8300","71.1200","78.4200","329","4/1/2025 16:37","8","4","2.0000","0.3100","0.1500","73.0000","105.0000","92.0000","116.0000","113.0000","0.3300","0.0454","-0.0300","-0.0600","0.2900","78.1200","68.3900","72.3400","65.0500","65.9600","6","14","94.5300","19.0000","1.1800","0.5400","95.7400","15.0000","1.2400","9","95.1400","17.0000","1.9000","16","60.4900","131.0000","-0.2700","0.6200","49.2400","168.0000","-0.3400","10","79.0300","70.0000","0.5900","0.3500","96.9600","11.0000","2.0800","0.3800","71.4300","95.0000","0.6600","0.0000","97.8700","8.0000","-0.1400","0","97.8700","8.0000","-0.1400","0.0000","97.8700","8.0000","-0.1300","0","97.8700","8.0000","-0.1500","7","11","0"
"AAD2023.06.02752","155","462","38","Oakland University","Chemistry, Department of","Chemistry","16","161.0000","126","175.0000","16","139.0000","7.8800","191.0000","1831","190.0000","16","140.0000","1.0000","1.0000","9","141.0000","16","152.0000","6269387.0000","164.0000","13","148.0000","7","155.0000","0","207.0000","0","207.0000","19","17","5","17","18","0.0000","-0.9400","207.0000","37.3900","0.0000","-0.6300","207.0000","37.3900","1.0000","0.7700","1.0000","100.0000","7.8800","-0.3200","178.0000","46.2000","1.0000","0.7300","1.0000","100.0000","114.4400","-0.5100","199.0000","39.8200","14.5300","-0.6400","246.0000","25.5300","0.5600","0.3100","147.0000","55.6200","1.0000","-0.1500","155.0000","53.1900","391836.6900","-0.3400","169.0000","48.9400","391836.6900","-0.1300","183.0000","44.6800","0.8100","-0.3000","150.0000","54.7100","0.4400","-0.0300","164.0000","50.4600","-0.4000","159.0000","51.9800","-0.3300","-0.8700","-0.1000","-0.1900","-0.1000","-0.4500","0.3027","-0.3600","-0.6800","-0.4500","-0.4200","-0.3600","-0.4200","-0.2700","53.1900","37.3900","57.7500","57.4500","58.0500","42.2500","100.0000","55.3200","37.3900","42.5500","50.4600","54.1000","47.1100","51.3700","329","4/1/2025 16:37","6","1","6.0000","0.3800","0.0600","168.0000","11.0000","110.0000","100.0000","209.0000","-0.5300","1.8544","-0.1700","0.0900","-0.5200","49.2400","96.9600","66.8700","69.9100","36.7800","6","2","50.4600","164.0000","-0.3300","0.1300","45.5900","180.0000","-0.2700","1","43.7700","186.0000","-0.6000","7","45.2900","181.0000","-0.4300","0.4400","40.4300","197.0000","-0.4500","2","41.3400","194.0000","-0.6300","0.0600","29.7900","232.0000","-0.6300","0.1300","31.3100","227.0000","-0.7200","0.0000","97.8700","8.0000","-0.1400","0","97.8700","8.0000","-0.1400","0.0000","97.8700","8.0000","-0.1300","0","97.8700","8.0000","-0.1500","7","11","0"
"AAD2023.06.02752","157","476","38","Ohio University","Chemistry and Biochemistry, Department of","Chemistry","18","134.0000","116","181.0000","11","195.0000","10.5500","147.0000","1585","200.0000","14","169.0000","1.0000","1.0000","7","172.0000","10","198.0000","5561656.0000","171.0000","3","230.0000","2","237.0000","0","207.0000","0","207.0000","19","17","5","17","18","0.0000","-0.9400","207.0000","37.3900","0.0000","-0.6300","207.0000","37.3900","0.6100","-1.1200","286.0000","13.3700","6.4400","-0.5000","206.0000","37.6900","0.7800","-0.3100","254.0000","23.1000","88.0600","-0.5900","229.0000","30.7000","13.6600","-0.7100","257.0000","22.1900","0.3900","-0.3200","212.0000","35.8700","0.5600","-0.6300","221.0000","33.1300","308980.8900","-0.4500","186.0000","43.7700","556165.6000","0.5300","86.0000","74.1600","0.1700","-0.6500","259.0000","21.5800","0.1100","-1.1200","272.0000","17.6300","-0.7000","212.0000","35.8700","-0.7500","-0.8700","-0.2600","-0.3800","-0.5000","-0.1100","0.3027","-0.5000","-0.6800","-0.4700","-0.4500","-0.5300","-0.4600","-0.1000","28.2700","37.3900","48.9400","48.0200","41.0300","55.6200","100.0000","30.4000","37.3900","39.5100","48.3300","40.1200","45.2900","59.5700","329","4/1/2025 16:37","0","0","0.0000","0.0000","0.0000","241.0000","241.0000","241.0000","241.0000","241.0000","-0.8100","-0.8591","-0.5800","-0.7100","-1.0800","27.0500","27.0500","27.0500","27.0500","27.0500","6","1","38.6000","203.0000","-0.4600","0.0600","26.7500","242.0000","-0.5300","1","43.7700","186.0000","-0.6000","15","58.9700","136.0000","-0.2800","0.8300","58.6600","137.0000","-0.1900","5","59.2700","135.0000","-0.1700","0.0600","28.5700","236.0000","-0.7000","0.2800","52.5800","157.0000","0.0900","0.0000","97.8700","8.0000","-0.1400","0","97.8700","8.0000","-0.1400","0.0000","97.8700","8.0000","-0.1300","0","97.8700","8.0000","-0.1500","7","11","0"
"AAD2023.06.02752","158","500","38","Oklahoma State University","Chemistry, Department of","Chemistry","18","134.0000","159","147.0000","18","119.0000","8.8300","175.0000","2512","174.0000","18","120.0000","1.0000","1.0000","8","156.0000","16","152.0000","8829183.0000","135.0000","21","109.0000","13","94.0000","1","147.0000","1","125.0000","19","17","5","17","18","0.0600","-0.1700","170.0000","48.6300","0.0600","-0.3200","181.0000","45.2900","1.0000","0.7700","1.0000","100.0000","8.8300","-0.2000","157.0000","52.5800","1.0000","0.7300","1.0000","100.0000","139.5600","-0.4400","187.0000","43.4700","15.8000","-0.5400","228.0000","31.0000","0.4400","-0.1200","193.0000","41.6400","0.8900","-0.2700","175.0000","47.1100","490510.1700","-0.2000","144.0000","56.5400","551823.9400","0.5100","89.0000","73.2500","1.1700","-0.1100","113.0000","65.9600","0.7200","0.9200","77.0000","76.9000","-0.2000","124.0000","62.6100","0.1900","-0.2800","0.0600","-0.2900","0.0600","-0.3300","0.3027","-0.2600","-0.4000","-0.4000","-0.3300","-0.3600","-0.3200","-0.1000","71.7300","62.3100","63.8300","52.8900","64.1300","47.1100","100.0000","67.1700","55.6200","47.4200","59.2700","54.1000","55.6200","59.5700","329","4/1/2025 16:37","1","1","1.0000","0.0600","0.0600","168.0000","169.0000","197.0000","225.0000","216.0000","-0.5300","-0.4068","-0.5100","-0.5900","-0.5900","49.2400","48.9400","40.4300","31.9100","34.6500","6","4","66.8700","110.0000","-0.0800","0.2200","64.7400","117.0000","0.0800","3","69.3000","102.0000","0.0200","12","55.9300","146.0000","-0.3400","0.6700","52.5800","157.0000","-0.3000","5","59.2700","135.0000","-0.1700","0.1700","65.9600","113.0000","0.3600","0.2800","52.5800","157.0000","0.0900","0.0000","97.8700","8.0000","-0.1400","0","97.8700","8.0000","-0.1400","0.0000","97.8700","8.0000","-0.1300","0","97.8700","8.0000","-0.1500","7","11","0"
"AAD2023.06.02752","15","545","38","Auburn University","Chemistry and Biochemistry, Department of","Chemistry","21","109.0000","202","123.0000","21","95.0000","9.6200","161.0000","4322","130.0000","21","95.0000","1.0000","1.0000","13","103.0000","19","140.0000","10271706.0000","124.0000","22","104.0000","15","84.0000","0","207.0000","0","207.0000","19","17","5","17","18","0.0000","-0.9400","207.0000","37.3900","0.0000","-0.6300","207.0000","37.3900","1.0000","0.7700","1.0000","100.0000","9.6200","-0.1000","150.0000","54.7100","1.0000","0.7300","1.0000","100.0000","205.8100","-0.2400","147.0000","55.6200","21.4000","-0.0800","146.0000","55.9300","0.6200","0.5100","117.0000","64.7400","0.9000","-0.2500","174.0000","47.4200","489128.8600","-0.2000","146.0000","55.9300","540616.1100","0.4700","93.0000","72.0400","1.0500","-0.1700","125.0000","62.3100","0.7100","0.9000","79.0000","76.2900","-0.1000","113.0000","65.9600","0.3600","-0.8700","0.3000","0.1800","0.3000","-0.2300","0.3027","-0.2400","-0.6800","-0.2700","-0.2800","-0.2800","-0.1800","0.1600","74.7700","37.3900","71.4300","69.0000","71.4300","51.3700","100.0000","68.6900","37.3900","60.7900","62.6100","57.7500","62.9200","67.1700","329","4/1/2025 16:37","10","4","2.5000","0.4800","0.1900","73.0000","84.0000","75.0000","80.0000","78.0000","0.3300","0.2716","0.1100","0.3000","0.6200","78.1200","74.7700","77.5100","75.9900","76.6000","6","4","66.8700","110.0000","-0.0800","0.1900","58.9700","136.0000","-0.0300","3","69.3000","102.0000","0.0200","37","76.6000","78.0000","0.1000","1.7600","78.7200","71.0000","0.4200","9","74.4700","85.0000","0.4300","0.1400","59.2700","135.0000","0.1400","0.4300","79.3300","69.0000","0.9000","0.0000","97.8700","8.0000","-0.1400","0","97.8700","8.0000","-0.1400","0.0000","97.8700","8.0000","-0.1300","0","97.8700","8.0000","-0.1500","7","11","0"
"AAD2023.06.02752","161","592","38","Oregon State University","Chemistry, Department of","Chemistry","18","134.0000","357","81.0000","17","130.0000","21.0000","41.0000","12475","70.0000","17","131.0000","1.0000","1.0000","13","103.0000","33","94.0000","15543695.0000","104.0000","21","109.0000","12","100.0000","6","36.0000","2","69.0000","19","17","5","17","18","0.1100","0.6000","74.0000","77.8100","0.3300","1.2200","26.0000","92.4000","0.9400","0.5000","132.0000","60.1800","19.8300","1.1700","44.0000","86.9300","0.9400","0.4700","139.0000","58.0500","693.0600","1.1800","34.0000","89.9700","34.9400","1.0100","46.0000","86.3200","0.7200","0.8900","78.0000","76.6000","1.8300","0.7600","75.0000","77.5100","863538.6100","0.3200","88.0000","73.5600","471021.0600","0.1900","134.0000","59.5700","1.1700","-0.1100","113.0000","65.9600","0.6700","0.7400","91.0000","72.6400","0.3000","68.0000","79.6400","0.1000","0.3100","-0.0200","0.1800","-0.0200","1.2200","0.3027","-0.2600","0.9900","0.3500","-0.0900","0.1000","0.3000","-0.1000","69.9100","79.3300","60.4900","69.0000","60.7900","87.8400","100.0000","67.1700","89.3600","79.0300","68.6900","71.7300","75.6800","59.5700","329","4/1/2025 16:37","2","2","1.0000","0.1100","0.1100","122.0000","169.0000","164.0000","191.0000","156.0000","-0.2400","-0.4068","-0.4400","-0.4700","-0.0900","63.2200","48.9400","50.4600","42.2500","52.8900","6","5","72.9500","90.0000","0.0500","0.2800","74.7700","84.0000","0.2900","4","77.8100","74.0000","0.3400","19","63.5300","121.0000","-0.2100","1.0600","64.4400","118.0000","-0.0500","8","72.0400","93.0000","0.2800","0.2200","81.7600","61.0000","0.9000","0.4400","81.4600","62.0000","0.9800","0.0000","97.8700","8.0000","-0.1400","0","97.8700","8.0000","-0.1400","0.0000","97.8700","8.0000","-0.1300","0","97.8700","8.0000","-0.1500","7","11","0"
"AAD2023.06.02752","163","639","38","Pennsylvania State University - University Park","Chemistry, Department of","Chemistry","53","5.0000","498","60.0000","49","9.0000","10.1600","151.0000","13941","61.0000","50","8.0000","1.0000","1.0000","26","31.0000","106","18.0000","60720847.0000","26.0000","136","30.0000","35","16.0000","5","47.0000","4","26.0000","19","17","5","17","18","0.0800","0.1100","135.0000","59.2700","0.0900","-0.1100","134.0000","59.5700","0.9200","0.4000","156.0000","52.8900","9.4000","-0.1300","153.0000","53.8000","0.9400","0.4700","143.0000","56.8400","263.0400","-0.0800","120.0000","63.8300","27.9900","0.4500","86.0000","74.1600","0.4900","0.0500","181.0000","45.2900","2.0000","0.9400","62.0000","81.4600","1145676.3600","0.7100","62.0000","81.4600","572838.1800","0.6000","76.0000","77.2000","2.5700","0.6500","54.0000","83.8900","0.6600","0.7200","97.0000","70.8200","0.1000","87.0000","73.8600","2.0700","1.4800","2.6300","1.4000","2.5500","-0.1600","0.3027","1.3000","0.7100","0.4600","1.5500","2.1000","0.7500","2.8400","95.4400","92.4000","97.8700","90.8800","97.5700","54.4100","100.0000","91.1900","86.0200","81.7600","92.4000","94.8300","82.0700","98.7800","329","4/1/2025 16:37","9","6","1.5000","0.1700","0.1100","48.0000","147.0000","81.0000","157.0000","155.0000","0.9000","-0.1807","0.0400","-0.3500","-0.0700","85.7100","55.6200","75.6800","52.5800","53.1900","6","16","95.7400","15.0000","1.4300","0.3000","79.0300","70.0000","0.3800","12","98.1800","7.0000","2.8400","12","55.9300","146.0000","-0.3400","0.2300","31.6100","226.0000","-0.5900","7","68.0900","106.0000","0.1300","0.2300","82.6700","58.0000","0.9400","0.1300","31.9100","225.0000","-0.6800","0.0000","97.8700","8.0000","-0.1400","0","97.8700","8.0000","-0.1400","0.0000","97.8700","8.0000","-0.1300","0","97.8700","8.0000","-0.1500","7","11","0"
"AAD2023.06.02752","165","713","38","Portland State University","Chemistry, Department of","Chemistry","16","161.0000","87","201.0000","14","165.0000","6.2100","230.0000","1728","193.0000","15","153.0000","1.0000","1.0000","11","122.0000","20","134.0000","14850401.0000","107.0000","11","163.0000","7","155.0000","1","147.0000","1","125.0000","19","17","5","17","18","0.0600","-0.0700","155.0000","53.1900","0.0600","-0.2900","173.0000","47.7200","0.8800","0.1600","204.0000","38.3000","5.4400","-0.6200","222.0000","32.8300","0.9400","0.4400","150.0000","54.7100","108.0000","-0.5300","205.0000","37.9900","19.8600","-0.2100","174.0000","47.4200","0.6900","0.7600","90.0000","72.9500","1.2500","0.1200","127.0000","61.7000","928150.0600","0.4100","83.0000","75.0800","742520.0500","1.2900","35.0000","89.6700","0.6900","-0.3700","169.0000","48.9400","0.4400","-0.0300","164.0000","50.4600","-0.4000","159.0000","51.9800","-0.3300","-0.2800","-0.1800","0.0000","-0.2600","-0.6600","0.3027","-0.3900","-0.4000","-0.4600","-0.1100","-0.2500","-0.5500","-0.2700","53.1900","62.3100","53.8000","63.2200","50.1500","30.4000","100.0000","50.7600","55.6200","41.6400","67.7800","59.5700","39.2100","51.3700","329","4/1/2025 16:37","2","2","1.0000","0.1300","0.1300","122.0000","169.0000","164.0000","178.0000","138.0000","-0.2400","-0.4068","-0.4400","-0.4400","0.0400","63.2200","48.9400","50.4600","46.2000","58.3600","6","3","59.2700","135.0000","-0.2000","0.1900","58.0500","139.0000","-0.0400","2","55.9300","146.0000","-0.2900","21","65.9600","113.0000","-0.1800","1.3100","69.0000","103.0000","0.1200","5","59.2700","135.0000","-0.1700","0.1300","51.9800","159.0000","-0.0300","0.3100","58.0500","139.0000","0.2800","0.0000","97.8700","8.0000","-0.1400","0","97.8700","8.0000","-0.1400","0.0000","97.8700","8.0000","-0.1300","0","97.8700","8.0000","-0.1500","7","11","0"
"AAD2023.06.02752","167","728","38","Princeton University","Chemistry, Department of","Chemistry","26","72.0000","841","22.0000","26","66.0000","32.3500","6.0000","36942","11.0000","25","71.0000","0.9600","266.0000","23","43.0000","64","54.0000","49945557.0000","40.0000","181","17.0000","24","47.0000","2","105.0000","2","69.0000","19","17","5","17","18","0.0800","0.1300","127.0000","61.7000","0.0800","-0.2100","154.0000","53.5000","1.0000","0.7700","1.0000","100.0000","32.3500","2.7400","6.0000","98.4800","0.9600","0.5500","123.0000","62.9200","1420.8500","3.3000","5.0000","98.7800","43.9300","1.7400","20.0000","94.2200","0.8800","1.4800","12.0000","96.6600","2.4600","1.4400","36.0000","89.3600","1920982.9600","1.7800","26.0000","92.4000","780399.3300","1.4400","24.0000","93.0100","6.9600","3.0300","9.0000","97.5700","0.9200","1.6000","18.0000","94.8300","1.1000","10.0000","97.2600","1.1300","0.3100","0.6200","1.1200","0.7000","2.6600","0.0243","1.9100","-0.1200","2.2000","1.1600","0.9500","1.8300","0.5800","86.0200","79.3300","78.7200","87.2300","80.2400","98.4800","19.4500","95.1400","68.3900","96.9600","88.1500","83.8900","93.6200","78.4200","329","4/1/2025 16:37","18","8","2.2500","0.6900","0.3100","29.0000","95.0000","50.0000","51.0000","25.0000","1.4600","0.1585","0.6600","0.7600","1.6700","91.4900","71.4300","85.1100","84.8000","92.7100","6","2","50.4600","164.0000","-0.3300","0.0800","31.3100","227.0000","-0.4500","2","55.9300","146.0000","-0.2900","118","95.1400","17.0000","1.5200","4.5400","96.6600","12.0000","2.2400","14","87.5400","42.0000","1.2000","0.0800","34.0400","218.0000","-0.5000","0.5400","94.8300","18.0000","1.4800","0.0000","97.8700","8.0000","-0.1400","0","97.8700","8.0000","-0.1400","0.0000","97.8700","8.0000","-0.1300","0","97.8700","8.0000","-0.1500","7","11","0"
"AAD2023.06.02752","171","765","38","Rensselaer Polytechnic Institute","Chemistry and Chemical Biology, Department of","Chemistry","10","250.0000","147","156.0000","10","208.0000","14.7000","100.0000","3774","138.0000","10","211.0000","1.0000","1.0000","4","215.0000","11","190.0000","8505404.0000","138.0000","18","125.0000","7","155.0000","2","105.0000","1","125.0000","19","17","5","17","18","0.1000","0.4500","91.0000","72.6400","0.2000","0.4800","56.0000","83.2800","1.0000","0.7700","1.0000","100.0000","14.7000","0.5300","87.0000","73.8600","1.0000","0.7300","1.0000","100.0000","377.4000","0.2600","87.0000","73.8600","25.6700","0.2600","106.0000","68.0900","0.4000","-0.2800","206.0000","37.6900","1.1000","-0.0400","146.0000","55.9300","850540.4000","0.3000","89.0000","73.2500","773218.5500","1.4100","27.0000","92.1000","1.8000","0.2400","77.0000","76.9000","0.7000","0.8500","83.0000","75.0800","0.1000","87.0000","73.8600","-0.3300","-0.2800","-0.5800","-0.6600","-0.5800","0.4200","0.3027","-0.3000","-0.1200","-0.3100","-0.3400","-0.5000","-0.3600","-0.7700","53.1900","62.3100","36.1700","34.9500","37.0800","69.9100","100.0000","62.3100","68.3900","58.3600","58.3600","42.5500","52.8900","24.3200","329","4/1/2025 16:37","5","4","1.2500","0.5000","0.4000","73.0000","164.0000","119.0000","74.0000","4.0000","0.3300","-0.2938","-0.2400","0.3500","2.5000","78.1200","50.4600","64.1300","77.8100","99.0900","6","3","59.2700","135.0000","-0.2000","0.3000","78.7200","71.0000","0.3700","2","55.9300","146.0000","-0.2900","43","79.3300","69.0000","0.2100","4.3000","96.3500","13.0000","2.0800","5","59.2700","135.0000","-0.1700","0.2000","76.9000","77.0000","0.6800","0.5000","90.5800","32.0000","1.2800","0.0000","97.8700","8.0000","-0.1400","0","97.8700","8.0000","-0.1400","0.0000","97.8700","8.0000","-0.1300","0","97.8700","8.0000","-0.1500","7","11","0"
"AAD2023.06.02752","172","787","38","Rice University","Chemistry, Department of","Chemistry","37","33.0000","1117","10.0000","35","32.0000","31.9100","7.0000","51558","6.0000","35","31.0000","1.0000","1.0000","27","27.0000","87","28.0000","54536352.0000","31.0000","189","15.0000","33","20.0000","7","25.0000","5","15.0000","19","17","5","17","18","0.1400","0.9400","51.0000","84.8000","0.1900","0.4200","59.0000","82.3700","0.9500","0.5000","131.0000","60.4900","30.1900","2.4700","9.0000","97.5700","0.9500","0.4800","138.0000","58.3600","1393.4600","3.2200","6.0000","98.4800","46.1600","1.9200","16.0000","95.4400","0.7300","0.9100","74.0000","77.8100","2.3500","1.3200","43.0000","87.2300","1473955.4600","1.1600","39.0000","88.4500","626854.6200","0.8200","59.0000","82.3700","5.1100","2.0300","16.0000","95.4400","0.8900","1.4900","26.0000","92.4000","0.9000","17.0000","95.1400","1.8900","2.0700","1.4200","1.4900","1.4300","2.6100","0.3027","2.0200","1.2700","3.3100","1.3300","1.5800","2.6900","1.5000","94.2200","95.7400","90.8800","92.1000","90.5800","98.1800","100.0000","95.7400","92.7100","98.4800","90.8800","91.7900","97.2600","90.2700","329","4/1/2025 16:37","26","11","2.3600","0.7000","0.3000","11.0000","91.0000","28.0000","49.0000","28.0000","2.3200","0.2082","1.2100","0.7800","1.5800","96.9600","72.6400","91.7900","85.4100","91.7900","6","16","95.7400","15.0000","1.4300","0.4300","91.7900","28.0000","0.8600","13","99.0900","4.0000","3.1500","122","95.4400","16.0000","1.5900","3.3000","94.2200","20.0000","1.4300","19","95.4400","16.0000","1.9600","0.3500","97.2600","10.0000","2.1300","0.5100","90.8800","31.0000","1.3500","0.0000","97.8700","8.0000","-0.1400","0","97.8700","8.0000","-0.1400","0.0000","97.8700","8.0000","-0.1300","0","97.8700","8.0000","-0.1500","7","11","0"
"AAD2023.06.02752","181","857","38","San Diego State University","Chemistry and Biochemistry, Department of","Chemistry","22","97.0000","164","144.0000","21","95.0000","7.8100","192.0000","6280","101.0000","21","95.0000","1.0000","1.0000","14","95.0000","32","96.0000","16320971.0000","98.0000","17","130.0000","11","107.0000","0","207.0000","0","207.0000","19","17","5","17","18","0.0000","-0.9400","207.0000","37.3900","0.0000","-0.6300","207.0000","37.3900","0.9500","0.5500","118.0000","64.4400","7.4500","-0.3700","183.0000","44.6800","0.9500","0.5200","128.0000","61.4000","285.4500","-0.0100","109.0000","67.1700","38.2900","1.2800","32.0000","90.5800","0.6400","0.5800","106.0000","68.0900","1.4500","0.3500","109.0000","67.1700","741862.3200","0.1500","101.0000","69.6000","510030.3400","0.3400","117.0000","64.7400","0.7700","-0.3200","156.0000","52.8900","0.5000","0.1800","134.0000","59.5700","-0.3000","145.0000","56.2300","0.0200","-0.8700","0.3000","0.2800","0.3000","-0.4600","0.3027","-0.3100","-0.6800","-0.1200","-0.0600","0.0700","-0.3000","0.2400","67.7800","37.3900","71.4300","71.4300","71.4300","41.9500","100.0000","60.7900","37.3900","69.6000","70.5200","71.1200","56.5400","70.8200","329","4/1/2025 16:37","1","1","1.0000","0.0500","0.0500","168.0000","169.0000","197.0000","238.0000","233.0000","-0.5300","-0.4068","-0.5100","-0.6100","-0.6800","49.2400","48.9400","40.4300","27.9600","29.4800","6","2","50.4600","164.0000","-0.3300","0.0900","35.8700","212.0000","-0.4000","1","43.7700","186.0000","-0.6000","12","55.9300","146.0000","-0.3400","0.5500","47.1100","175.0000","-0.3800","7","68.0900","106.0000","0.1300","0.0500","26.1400","244.0000","-0.8000","0.3200","58.9700","136.0000","0.3100","0.0000","97.8700","8.0000","-0.1400","0","97.8700","8.0000","-0.1400","0.0000","97.8700","8.0000","-0.1300","0","97.8700","8.0000","-0.1500","7","11","0"
"AAD2023.06.02752","187","871","38","Seton Hall University","Chemistry and Biochemistry, Department of","Chemistry","9","270.0000","46","244.0000","8","246.0000","5.7500","239.0000","392","272.0000","9","228.0000","1.0000","1.0000","2","249.0000","2","260.0000","384028.0000","283.0000","0","294.0000","0","294.0000","3","77.0000","2","69.0000","19","17","5","17","18","0.2200","2.1500","9.0000","97.5700","0.3300","1.2200","26.0000","92.4000","0.8900","0.2300","194.0000","41.3400","5.1100","-0.6600","228.0000","31.0000","1.0000","0.7300","1.0000","100.0000","43.5600","-0.7200","265.0000","19.7600","8.5200","-1.1200","302.0000","8.5100","0.2200","-0.9300","251.0000","24.0100","0.2200","-0.9900","265.0000","19.7600","42669.7800","-0.8200","278.0000","15.8100","192014.0000","-0.9400","278.0000","15.8100","0.0000","-0.7400","294.0000","10.9400","0.0000","-1.5000","294.0000","10.9400","-0.9000","235.0000","28.8800","-0.9200","0.3100","-0.6600","-0.8500","-0.7400","-0.7200","0.3027","-0.5400","0.1600","-0.5600","-0.6400","-0.7500","-0.6800","-0.8500","10.9400","79.3300","31.0000","24.6200","25.5300","27.6600","100.0000","10.9400","76.9000","17.6300","14.2900","21.2800","26.1400","18.2400","329","4/1/2025 16:37","0","0","0.0000","0.0000","0.0000","241.0000","241.0000","241.0000","241.0000","241.0000","-0.8100","-0.8591","-0.5800","-0.7100","-1.0800","27.0500","27.0500","27.0500","27.0500","27.0500","6","2","50.4600","164.0000","-0.3300","0.2200","64.7400","117.0000","0.0800","1","43.7700","186.0000","-0.6000","12","55.9300","146.0000","-0.3400","1.3300","69.9100","100.0000","0.1300","5","59.2700","135.0000","-0.1700","0.1100","48.9400","169.0000","-0.1700","0.5600","96.0500","14.0000","1.5700","0.0000","97.8700","8.0000","-0.1400","0","97.8700","8.0000","-0.1400","0.0000","97.8700","8.0000","-0.1300","0","97.8700","8.0000","-0.1500","7","11","0"
"AAD2023.06.02752","192","885","38","Southern Illinois University Carbondale","Chemical and Biomolecular Sciences, School of","Chemistry","17","150.0000","206","122.0000","14","165.0000","14.7100","99.0000","3988","134.0000","15","153.0000","1.0000","1.0000","11","122.0000","26","113.0000","9740269.0000","125.0000","19","119.0000","9","127.0000","0","207.0000","0","207.0000","19","17","5","17","18","0.0000","-0.9400","207.0000","37.3900","0.0000","-0.6300","207.0000","37.3900","0.8200","-0.0900","233.0000","29.4800","12.1200","0.2100","121.0000","63.5300","0.8800","0.1800","203.0000","38.6000","234.5900","-0.1600","134.0000","59.5700","19.3600","-0.2500","180.0000","45.5900","0.6500","0.6100","102.0000","69.3000","1.5300","0.4300","101.0000","69.6000","572957.0000","-0.0900","125.0000","62.3100","374625.7300","-0.2000","197.0000","40.4300","1.1200","-0.1300","120.0000","63.8300","0.5300","0.2800","129.0000","61.0900","-0.3000","145.0000","56.2300","-0.1600","-0.8700","-0.1800","0.0000","-0.2600","0.4200","0.3027","-0.2800","-0.6800","-0.2900","-0.3000","-0.0900","-0.1700","-0.1800","61.7000","37.3900","53.8000","63.2200","50.1500","70.2100","100.0000","64.1300","37.3900","59.5700","62.3100","65.9600","63.2200","54.7100","329","4/1/2025 16:37","5","2","2.5000","0.2900","0.1200","122.0000","84.0000","119.0000","118.0000","148.0000","-0.2400","0.2716","-0.2400","-0.0900","-0.0300","63.2200","74.7700","64.1300","64.4400","55.3200","6","4","66.8700","110.0000","-0.0800","0.2400","67.4800","108.0000","0.1300","4","77.8100","74.0000","0.3400","11","54.4100","151.0000","-0.3500","0.6500","50.4600","164.0000","-0.3200","8","72.0400","93.0000","0.2800","0.2400","85.7100","48.0000","1.0200","0.4700","85.4100","49.0000","1.1200","0.0000","97.8700","8.0000","-0.1400","0","97.8700","8.0000","-0.1400","0.0000","97.8700","8.0000","-0.1300","0","97.8700","8.0000","-0.1500","7","11","0"
"AAD2023.06.02752","193","919","38","Southern Methodist University","Chemistry, Department of","Chemistry","14","189.0000","173","136.0000","12","187.0000","14.4200","104.0000","3491","146.0000","12","189.0000","1.0000","1.0000","9","141.0000","21","127.0000","7951296.0000","143.0000","20","118.0000","8","142.0000","1","147.0000","1","125.0000","19","17","5","17","18","0.0700","0.0500","141.0000","57.4500","0.0700","-0.2400","163.0000","50.7600","0.8600","0.0700","211.0000","36.1700","12.3600","0.2400","117.0000","64.7400","0.8600","0.0600","215.0000","34.9500","249.3600","-0.1200","127.0000","61.7000","20.1800","-0.1800","164.0000","50.4600","0.6400","0.6000","104.0000","68.6900","1.5000","0.3900","105.0000","68.3900","567949.7100","-0.0900","127.0000","61.7000","378633.1400","-0.1900","195.0000","41.0300","1.4300","0.0400","91.0000","72.6400","0.5700","0.4200","114.0000","65.6500","0.0000","101.0000","69.6000","-0.2400","-0.2800","-0.4200","-0.1900","-0.4200","0.3800","0.3027","-0.2700","-0.4000","-0.3300","-0.3600","-0.2300","-0.2800","-0.4300","57.1400","62.3100","42.8600","57.4500","43.4700","68.6900","100.0000","64.4400","55.6200","55.9300","56.8400","61.7000","58.9700","42.8600","329","4/1/2025 16:37","4","2","2.0000","0.2900","0.1400","122.0000","105.0000","134.0000","121.0000","120.0000","-0.2400","0.0454","-0.3100","-0.1000","0.1900","63.2200","68.3900","59.5700","63.5300","63.8300","6","2","50.4600","164.0000","-0.3300","0.1400","50.1500","165.0000","-0.2100","2","55.9300","146.0000","-0.2900","22","68.3900","105.0000","-0.1600","1.5700","75.0800","83.0000","0.2900","5","59.2700","135.0000","-0.1700","0.1400","59.2700","135.0000","0.1400","0.3600","65.6500","114.0000","0.5200","0.0000","97.8700","8.0000","-0.1400","0","97.8700","8.0000","-0.1400","0.0000","97.8700","8.0000","-0.1300","0","97.8700","8.0000","-0.1500","7","11","0"
"AAD2023.06.02752","203","969","38","Binghamton University, State University of New York","Chemistry, Department of","Chemistry","21","109.0000","260","107.0000","20","104.0000","13.0000","118.0000","12229","72.0000","19","110.0000","0.9000","289.0000","17","79.0000","34","92.0000","22416381.0000","80.0000","35","81.0000","15","84.0000","2","105.0000","1","125.0000","19","17","5","17","18","0.0500","-0.2800","185.0000","44.0700","0.1000","-0.1000","131.0000","60.4900","0.9500","0.5300","122.0000","63.2200","12.3800","0.2400","114.0000","65.6500","0.9000","0.2900","184.0000","44.3800","582.3300","0.8500","46.0000","86.3200","47.0300","1.9900","14.0000","96.0500","0.8100","1.2000","40.0000","88.1500","1.6200","0.5200","91.0000","72.6400","1067446.7100","0.6000","68.0000","79.6400","659305.3200","0.9500","49.0000","85.4100","1.6700","0.1700","82.0000","75.3800","0.7100","0.9000","79.0000","76.2900","0.2000","79.0000","76.2900","0.3600","-0.2800","0.1400","0.5600","0.2200","0.2000","-0.3866","-0.0700","-0.1200","0.3300","0.1600","0.1300","0.0000","0.1600","74.7700","62.3100","66.8700","76.2900","68.6900","64.4400","12.4600","75.6800","68.3900","78.4200","75.9900","72.3400","67.7800","67.1700","329","4/1/2025 16:37","1","1","1.0000","0.0500","0.0500","168.0000","169.0000","197.0000","234.0000","230.0000","-0.5300","-0.4068","-0.5100","-0.6100","-0.6600","49.2400","48.9400","40.4300","29.1800","30.4000","6","4","66.8700","110.0000","-0.0800","0.1900","58.9700","136.0000","-0.0300","3","69.3000","102.0000","0.0200","20","64.7400","117.0000","-0.2000","0.9500","62.0100","126.0000","-0.1200","5","59.2700","135.0000","-0.1700","0.1400","59.2700","135.0000","0.1400","0.2400","44.9800","182.0000","-0.1200","0.0000","97.8700","8.0000","-0.1400","0","97.8700","8.0000","-0.1400","0.0000","97.8700","8.0000","-0.1300","0","97.8700","8.0000","-0.1500","7","11","0"
"AAD2023.06.02752","204","994","38","University at Buffalo, State University of New York","Chemistry, Department of","Chemistry","28","58.0000","549","55.0000","28","53.0000","19.6100","50.0000","19768","40.0000","28","53.0000","1.0000","1.0000","22","49.0000","68","45.0000","28583984.0000","69.0000","57","68.0000","22","58.0000","3","77.0000","3","45.0000","19","17","5","17","18","0.1100","0.5500","82.0000","75.3800","0.1100","-0.0400","120.0000","63.8300","1.0000","0.7700","1.0000","100.0000","19.6100","1.1500","46.0000","86.3200","1.0000","0.7300","1.0000","100.0000","706.0000","1.2200","33.0000","90.2700","36.0100","1.1000","40.0000","88.1500","0.7900","1.1200","51.0000","84.8000","2.4300","1.4000","40.0000","88.1500","1020856.5700","0.5400","75.0000","77.5100","420352.7100","-0.0200","164.0000","50.4600","2.0400","0.3600","72.0000","78.4200","0.7900","1.1400","61.0000","81.7600","0.5000","46.0000","86.3200","0.9600","0.8900","0.8600","1.0200","0.8600","1.0400","0.3027","0.2300","0.1600","0.9000","0.3900","1.0600","0.9100","0.7400","82.6700","86.6300","84.1900","85.4100","84.1900","85.1100","100.0000","79.6400","76.9000","88.1500","79.3300","86.6300","83.5900","82.6700","329","4/1/2025 16:37","24","8","3.0000","0.8600","0.2900","29.0000","61.0000","31.0000","35.0000","32.0000","1.4600","0.4977","1.0700","1.1000","1.4700","91.4900","81.7600","90.8800","89.6700","90.5800","6","8","83.8900","54.0000","0.4200","0.2900","76.6000","78.0000","0.3200","8","92.4000","26.0000","1.5900","21","65.9600","113.0000","-0.1800","0.7500","56.2300","145.0000","-0.2500","10","79.0300","70.0000","0.5900","0.2900","93.0100","24.0000","1.5000","0.3600","65.6500","114.0000","0.5200","0.0000","97.8700","8.0000","-0.1400","0","97.8700","8.0000","-0.1400","0.0000","97.8700","8.0000","-0.1300","0","97.8700","8.0000","-0.1500","7","11","0"
"AAD2023.06.02752","206","1037","38","SUNY College of Environmental Science and Forestry","Chemistry, Department of","Chemistry","16","161.0000","152","151.0000","16","139.0000","9.5000","164.0000","2536","173.0000","16","140.0000","1.0000","1.0000","7","172.0000","14","165.0000","3678875.0000","194.0000","7","190.0000","4","199.0000","6","36.0000","2","69.0000","19","17","5","17","18","0.1300","0.8000","59.0000","82.3700","0.3800","1.4500","19.0000","94.5300","1.0000","0.7700","1.0000","100.0000","9.5000","-0.1200","152.0000","54.1000","1.0000","0.7300","1.0000","100.0000","158.5000","-0.3800","172.0000","48.0200","16.6800","-0.4700","214.0000","35.2600","0.4400","-0.1500","198.0000","40.1200","0.8800","-0.2800","176.0000","46.8100","229929.6900","-0.5600","201.0000","39.2100","262776.7900","-0.6600","248.0000","24.9200","0.4400","-0.5000","204.0000","38.3000","0.2500","-0.6600","223.0000","32.5200","-0.4000","159.0000","51.9800","-0.5800","0.3100","-0.1000","-0.3800","-0.1000","-0.2400","0.3027","-0.4500","0.9900","-0.4000","-0.5200","-0.4200","-0.3400","-0.2700","39.8200","79.3300","57.7500","48.0200","58.0500","50.4600","100.0000","42.5500","89.3600","47.7200","41.3400","50.1500","54.4100","51.3700","329","4/1/2025 16:37","2","2","1.0000","0.1300","0.1300","122.0000","169.0000","164.0000","178.0000","138.0000","-0.2400","-0.4068","-0.4400","-0.4400","0.0400","63.2200","48.9400","50.4600","46.2000","58.3600","6","3","59.2700","135.0000","-0.2000","0.1900","58.0500","139.0000","-0.0400","3","69.3000","102.0000","0.0200","0","17.3300","273.0000","-0.5500","0.0000","17.3300","273.0000","-0.7400","0","17.3300","273.0000","-0.9300","0.1900","72.9500","90.0000","0.5600","0.0000","17.3300","273.0000","-1.3900","0.0000","97.8700","8.0000","-0.1400","0","97.8700","8.0000","-0.1400","0.0000","97.8700","8.0000","-0.1300","0","97.8700","8.0000","-0.1500","7","11","0"
"AAD2023.06.02752","210","1053","38","Syracuse University","Chemistry, Department of","Chemistry","21","109.0000","170","140.0000","19","112.0000","8.9500","172.0000","3397","148.0000","19","110.0000","1.0000","1.0000","13","103.0000","20","134.0000","10779563.0000","116.0000","26","96.0000","13","94.0000","5","47.0000","1","125.0000","19","17","5","17","18","0.0500","-0.2800","185.0000","44.0700","0.2400","0.6900","45.0000","86.6300","0.9000","0.3000","184.0000","44.3800","8.1000","-0.2900","174.0000","47.4200","0.9000","0.2900","184.0000","44.3800","161.7600","-0.3700","169.0000","48.9400","19.9800","-0.2000","169.0000","48.9400","0.6200","0.5100","117.0000","64.7400","0.9500","-0.2000","166.0000","49.8500","513312.5200","-0.1700","139.0000","58.0500","538978.1500","0.4600","97.0000","70.8200","1.2400","-0.0700","107.0000","67.7800","0.6200","0.5800","103.0000","69.0000","-0.2000","124.0000","62.6100","0.1900","-0.2800","0.1400","0.1800","0.1400","-0.3100","0.3027","-0.1900","0.7100","-0.3400","-0.2600","-0.2500","-0.2900","0.1600","71.7300","62.3100","66.8700","69.0000","66.2600","48.0200","100.0000","71.1200","86.0200","55.3200","65.0500","59.5700","57.7500","67.1700","329","4/1/2025 16:37","11","4","2.7500","0.5200","0.1900","73.0000","78.0000","71.0000","72.0000","78.0000","0.3300","0.3846","0.1800","0.4000","0.6200","78.1200","76.6000","78.7200","78.4200","76.6000","6","2","50.4600","164.0000","-0.3300","0.1000","37.0800","208.0000","-0.3800","2","55.9300","146.0000","-0.2900","39","77.2000","76.0000","0.1400","1.8600","80.5500","65.0000","0.4800","9","74.4700","85.0000","0.4300","0.1000","41.6400","193.0000","-0.3200","0.4300","79.3300","69.0000","0.9000","0.0500","99.7000","2.0000","8.3600","1","99.7000","2.0000","5.6400","0.0500","99.3900","3.0000","6.9900","1","100.0000","1.0000","6.7700","7","11","0"
"AAD2023.06.02752","215","1113","38","Texas A&M University","Chemistry, Department of","Chemistry","45","12.0000","973","15.0000","45","12.0000","21.6200","32.0000","31018","15.0000","45","12.0000","1.0000","1.0000","37","11.0000","124","14.0000","92667572.0000","14.0000","183","16.0000","39","11.0000","3","77.0000","2","69.0000","19","17","5","17","18","0.0400","-0.3200","194.0000","41.3400","0.0700","-0.2600","167.0000","49.5400","1.0000","0.7700","1.0000","100.0000","21.6200","1.4000","29.0000","91.4900","1.0000","0.7300","1.0000","100.0000","689.2900","1.1700","35.0000","89.6700","31.8800","0.7600","61.0000","81.7600","0.8200","1.2500","32.0000","90.5800","2.7600","1.7600","23.0000","93.3100","2059279.3800","1.9700","20.0000","94.2200","747319.1300","1.3100","33.0000","90.2700","4.0700","1.4600","26.0000","92.4000","0.8700","1.4100","34.0000","89.9700","0.8000","21.0000","93.9200","2.4100","0.3100","2.2200","2.4200","2.2300","1.3000","0.3027","1.9400","0.1600","1.7500","2.7100","2.5900","2.2400","2.1700","96.9600","79.3300","96.6600","96.9600","96.6600","90.5800","100.0000","95.4400","76.9000","95.7400","96.0500","96.0500","95.7400","96.6600","329","4/1/2025 16:37","23","7","3.2900","0.5100","0.1600","37.0000","60.0000","35.0000","73.0000","112.0000","1.1800","0.6288","1.0000","0.3700","0.3100","89.0600","82.0700","89.6700","78.1200","66.2600","6","11","90.5800","32.0000","0.8000","0.2400","68.0900","106.0000","0.1700","10","96.0500","14.0000","2.2100","55","83.5900","55.0000","0.4200","1.2200","67.1700","109.0000","0.0600","19","95.4400","16.0000","1.9600","0.2200","81.7600","61.0000","0.9000","0.4200","77.2000","76.0000","0.8600","0.0000","97.8700","8.0000","-0.1400","0","97.8700","8.0000","-0.1400","0.0000","97.8700","8.0000","-0.1300","0","97.8700","8.0000","-0.1500","7","11","0"
"AAD2023.06.02752","222","1170","38","Texas Tech University","Chemistry and Biochemistry, Department of","Chemistry","28","58.0000","473","64.0000","27","57.0000","17.5200","68.0000","10703","81.0000","27","58.0000","1.0000","1.0000","15","90.0000","23","121.0000","12873869.0000","113.0000","21","109.0000","15","84.0000","6","36.0000","3","45.0000","19","17","5","17","18","0.1100","0.5500","82.0000","75.3800","0.2100","0.5600","51.0000","84.8000","0.9600","0.5900","112.0000","66.2600","16.8900","0.8100","64.0000","80.8500","0.9600","0.5600","120.0000","63.8300","382.2500","0.2700","84.0000","74.7700","22.6300","0.0200","131.0000","60.4900","0.5400","0.2100","159.0000","51.9800","0.8200","-0.3400","184.0000","44.3800","459781.0400","-0.2400","156.0000","52.8900","559733.4300","0.5500","84.0000","74.7700","0.7500","-0.3300","159.0000","51.9800","0.5400","0.3000","127.0000","61.7000","0.0000","101.0000","69.6000","0.3600","0.8900","0.7800","0.3700","0.7800","0.7800","0.3027","-0.2600","0.9900","0.2200","-0.1800","-0.1700","0.6700","0.7400","74.7700","86.6300","82.6700","72.9500","82.9800","79.6400","100.0000","67.1700","89.3600","75.6800","65.9600","63.5300","80.8500","82.6700","329","4/1/2025 16:37","4","3","1.3300","0.1400","0.1100","94.0000","160.0000","134.0000","170.0000","163.0000","0.0400","-0.2576","-0.3100","-0.4100","-0.1200","71.7300","51.6700","59.5700","48.6300","50.7600","6","7","79.9400","67.0000","0.3000","0.2500","70.2100","99.0000","0.1900","5","82.0700","60.0000","0.6500","8","48.9400","169.0000","-0.4100","0.2900","34.3500","217.0000","-0.5500","4","53.1900","155.0000","-0.3300","0.1800","69.0000","103.0000","0.4800","0.1400","34.3500","217.0000","-0.6200","0.0000","97.8700","8.0000","-0.1400","0","97.8700","8.0000","-0.1400","0.0000","97.8700","8.0000","-0.1300","0","97.8700","8.0000","-0.1500","7","11","0"
"AAD2023.06.02752","225","1222","38","University of Montana, Missoula","Chemistry and Biochemistry, Department of","Chemistry","17","150.0000","136","162.0000","14","165.0000","9.7100","158.0000","3001","161.0000","16","140.0000","1.0000","1.0000","12","113.0000","29","106.0000","10695315.0000","117.0000","13","148.0000","9","127.0000","3","77.0000","1","125.0000","19","17","5","17","18","0.0600","-0.1200","164.0000","50.4600","0.1800","0.3500","66.0000","80.2400","0.8200","-0.0900","233.0000","29.4800","8.0000","-0.3000","176.0000","46.8100","0.9400","0.4600","145.0000","56.2300","176.5300","-0.3300","163.0000","50.7600","22.0700","-0.0300","137.0000","58.6600","0.7100","0.8300","84.0000","74.7700","1.7100","0.6200","85.0000","74.4700","629136.1800","-0.0100","118.0000","64.4400","368803.9700","-0.2300","201.0000","39.2100","0.7600","-0.3200","157.0000","52.5800","0.5300","0.2800","129.0000","61.0900","-0.4000","159.0000","51.9800","-0.1600","-0.2800","-0.1000","0.0900","-0.2600","-0.2100","0.3027","-0.3600","0.1600","-0.3700","-0.2600","-0.0100","-0.3900","-0.1800","61.7000","62.3100","57.7500","65.9600","50.1500","52.2800","100.0000","55.3200","76.9000","51.3700","64.7400","68.0900","51.0600","54.7100","329","4/1/2025 16:37","0","0","0.0000","0.0000","0.0000","241.0000","241.0000","241.0000","241.0000","241.0000","-0.8100","-0.8591","-0.5800","-0.7100","-1.0800","27.0500","27.0500","27.0500","27.0500","27.0500","6","4","66.8700","110.0000","-0.0800","0.2400","67.4800","108.0000","0.1300","3","69.3000","102.0000","0.0200","5","39.8200","199.0000","-0.4600","0.2900","34.6500","216.0000","-0.5500","5","59.2700","135.0000","-0.1700","0.1800","68.6900","104.0000","0.4600","0.2900","55.6200","147.0000","0.1800","0.0000","97.8700","8.0000","-0.1400","0","97.8700","8.0000","-0.1400","0.0000","97.8700","8.0000","-0.1300","0","97.8700","8.0000","-0.1500","7","11","0"
"AAD2023.06.02752","226","1241","38","University of Tennessee, The","Chemistry, Department of","Chemistry","21","109.0000","411","76.0000","21","95.0000","19.5700","53.0000","10720","80.0000","21","95.0000","1.0000","1.0000","16","83.0000","42","79.0000","16379512.0000","96.0000","21","109.0000","13","94.0000","1","147.0000","1","125.0000","19","17","5","17","18","0.0500","-0.2800","185.0000","44.0700","0.0500","-0.3700","190.0000","42.5500","1.0000","0.7700","1.0000","100.0000","19.5700","1.1400","47.0000","86.0200","1.0000","0.7300","1.0000","100.0000","510.4800","0.6500","64.0000","80.8500","26.0800","0.2900","98.0000","70.5200","0.7600","1.0300","63.0000","81.1600","2.0000","0.9400","62.0000","81.4600","779976.7600","0.2000","99.0000","70.2100","389988.3800","-0.1400","185.0000","44.0700","1.0000","-0.2000","127.0000","61.7000","0.6200","0.5800","103.0000","69.0000","0.4000","52.0000","84.5000","0.1900","-0.2800","0.3000","0.4600","0.3000","1.0400","0.3027","-0.2600","-0.4000","0.2200","-0.0600","0.3500","0.4700","0.1600","71.7300","62.3100","71.4300","75.0800","71.4300","84.1900","100.0000","67.1700","55.6200","75.9900","71.1200","76.2900","77.2000","67.1700","329","4/1/2025 16:37","2","2","1.0000","0.1000","0.1000","122.0000","169.0000","164.0000","202.0000","175.0000","-0.2400","-0.4068","-0.4400","-0.5100","-0.2300","63.2200","48.9400","50.4600","38.9100","47.1100","6","6","76.2900","79.0000","0.1700","0.2900","76.6000","78.0000","0.3200","6","87.8400","41.0000","0.9600","8","48.9400","169.0000","-0.4100","0.3800","37.6900","206.0000","-0.4900","6","64.4400","118.0000","-0.0200","0.2900","93.0100","24.0000","1.5000","0.2900","54.7100","150.0000","0.1400","0.0000","97.8700","8.0000","-0.1400","0","97.8700","8.0000","-0.1400","0.0000","97.8700","8.0000","-0.1300","0","97.8700","8.0000","-0.1500","7","11","0"
"AAD2023.06.02752","228","1280","38","University of Texas Arlington","Chemistry and Biochemistry, Department of","Chemistry","22","97.0000","327","87.0000","22","86.0000","14.8600","97.0000","11929","74.0000","22","87.0000","1.0000","1.0000","16","83.0000","26","113.0000","13408514.0000","110.0000","22","104.0000","8","142.0000","2","105.0000","2","69.0000","19","17","5","17","18","0.0900","0.3200","105.0000","68.3900","0.0900","-0.1300","136.0000","58.9700","1.0000","0.7700","1.0000","100.0000","14.8600","0.5500","85.0000","74.4700","1.0000","0.7300","1.0000","100.0000","542.2300","0.7400","53.0000","84.1900","36.4800","1.1300","36.0000","89.3600","0.7300","0.9100","75.0000","77.5100","1.1800","0.0500","137.0000","58.6600","609477.9100","-0.0300","120.0000","63.8300","515712.0800","0.3700","113.0000","65.9600","1.0000","-0.2000","127.0000","61.7000","0.3600","-0.2800","191.0000","42.2500","0.0000","101.0000","69.6000","-0.2400","0.3100","0.3800","0.4600","0.3800","0.4400","0.3027","-0.2400","-0.1200","0.3100","-0.1600","-0.0900","0.2100","0.2400","57.1400","79.3300","73.8600","75.0800","74.1600","70.8200","100.0000","68.6900","68.3900","77.8100","66.8700","65.9600","73.8600","70.8200","329","4/1/2025 16:37","2","2","1.0000","0.0900","0.0900","122.0000","169.0000","164.0000","204.0000","176.0000","-0.2400","-0.4068","-0.4400","-0.5100","-0.2700","63.2200","48.9400","50.4600","38.3000","46.8100","6","13","93.0100","24.0000","1.0500","0.5900","96.3500","13.0000","1.4400","5","82.0700","60.0000","0.6500","52","81.7600","61.0000","0.3700","2.3600","87.8400","41.0000","0.8100","10","79.0300","70.0000","0.5900","0.2300","82.9800","57.0000","0.9400","0.4500","83.2800","56.0000","1.0300","0.0000","97.8700","8.0000","-0.1400","0","97.8700","8.0000","-0.1400","0.0000","97.8700","8.0000","-0.1300","0","97.8700","8.0000","-0.1500","7","11","0"
"AAD2023.06.02752","230","1378","38","University of Texas at Dallas, The","Chemistry, Department of","Chemistry","25","78.0000","302","93.0000","23","79.0000","13.1300","116.0000","10977","78.0000","23","80.0000","1.0000","1.0000","13","103.0000","32","96.0000","20879994.0000","86.0000","30","87.0000","14","89.0000","1","147.0000","2","69.0000","19","17","5","17","18","0.0800","0.1700","124.0000","62.6100","0.0400","-0.4100","198.0000","40.1200","0.9200","0.3800","161.0000","51.3700","12.0800","0.2100","122.0000","63.2200","0.9200","0.3600","165.0000","50.1500","439.0800","0.4400","73.0000","78.1200","36.3500","1.1200","38.0000","88.7500","0.5200","0.1500","165.0000","50.1500","1.2800","0.1600","124.0000","62.6100","835199.7600","0.2800","92.0000","72.3400","652499.8100","0.9200","52.0000","84.5000","1.2000","-0.0900","110.0000","66.8700","0.5600","0.3800","120.0000","63.8300","0.2000","79.0000","76.2900","0.2700","0.3100","0.4600","0.1800","0.4600","0.2200","0.3027","-0.1300","-0.4000","0.2400","0.1100","0.0700","0.1300","0.4900","73.2500","79.3300","75.9900","69.0000","76.2900","65.0500","100.0000","73.8600","55.6200","76.6000","74.1600","71.1200","72.0400","76.6000","329","4/1/2025 16:37","3","1","3.0000","0.1200","0.0400","168.0000","61.0000","147.0000","187.0000","238.0000","-0.5300","0.4977","-0.3700","-0.4500","-0.7300","49.2400","81.7600","55.6200","43.4700","27.9600","6","5","72.9500","90.0000","0.0500","0.2000","62.9200","123.0000","0.0000","4","77.8100","74.0000","0.3400","68","86.6300","45.0000","0.6500","2.7200","89.0600","37.0000","1.0500","10","79.0300","70.0000","0.5900","0.1600","62.6100","124.0000","0.3000","0.4000","74.1600","86.0000","0.7400","0.0000","97.8700","8.0000","-0.1400","0","97.8700","8.0000","-0.1400","0.0000","97.8700","8.0000","-0.1300","0","97.8700","8.0000","-0.1500","7","11","0"
"AAD2023.06.02752","231","1395","38","University of Texas at El Paso, The","Chemistry and Biochemistry, Department of","Chemistry","25","78.0000","338","84.0000","23","79.0000","14.7000","101.0000","12659","68.0000","21","95.0000","0.9100","287.0000","14","95.0000","24","119.0000","16266781.0000","99.0000","10","169.0000","9","127.0000","8","20.0000","6","5.0000","19","17","5","17","18","0.2400","2.3900","7.0000","98.1800","0.3200","1.1400","29.0000","91.4900","0.9200","0.3800","161.0000","51.3700","13.5200","0.3900","102.0000","69.3000","0.8400","-0.0200","229.0000","30.7000","506.3600","0.6300","65.0000","80.5500","37.4500","1.2100","33.0000","90.2700","0.5600","0.3000","150.0000","54.7100","0.9600","-0.1900","165.0000","50.1500","650671.2400","0.0200","115.0000","65.3500","677782.5400","1.0200","47.0000","86.0200","0.4000","-0.5200","211.0000","36.1700","0.3600","-0.2900","195.0000","41.0300","0.0000","101.0000","69.6000","-0.1600","2.6500","0.3000","0.2800","0.4600","0.4200","-0.3266","-0.4000","1.5500","0.3600","-0.0600","-0.1400","0.2400","0.4900","61.7000","98.7800","71.4300","71.4300","76.2900","69.6000","13.0700","48.9400","94.2200","79.6400","70.2100","64.1300","74.7700","76.6000","329","4/1/2025 16:37","3","2","1.5000","0.1200","0.0800","122.0000","147.0000","147.0000","187.0000","193.0000","-0.2400","-0.1807","-0.3700","-0.4500","-0.3700","63.2200","55.6200","55.6200","43.4700","41.6400","6","21","98.4800","6.0000","2.0600","0.8400","98.7800","5.0000","2.3500","8","92.4000","26.0000","1.5900","28","72.0400","93.0000","-0.0600","1.1200","65.6500","114.0000","-0.0100","10","79.0300","70.0000","0.5900","0.3200","95.1400","17.0000","1.8300","0.4000","74.1600","86.0000","0.7400","0.0000","97.8700","8.0000","-0.1400","0","97.8700","8.0000","-0.1400","0.0000","97.8700","8.0000","-0.1300","0","97.8700","8.0000","-0.1500","7","11","0"
"AAD2023.06.02752","232","1413","38","University of Texas at San Antonio, The","Chemistry, Department of","Chemistry","20","117.0000","253","109.0000","19","112.0000","13.3200","115.0000","5465","112.0000","19","110.0000","1.0000","1.0000","8","156.0000","22","125.0000","10603176.0000","119.0000","25","99.0000","9","127.0000","8","20.0000","3","45.0000","19","17","5","17","18","0.1500","1.1400","41.0000","87.8400","0.4000","1.5900","15.0000","95.7400","0.9500","0.5200","124.0000","62.6100","12.6500","0.2800","111.0000","66.5700","0.9500","0.5000","133.0000","59.8800","273.2500","-0.0500","116.0000","65.0500","21.6000","-0.0700","142.0000","57.1400","0.4000","-0.2800","206.0000","37.6900","1.1000","-0.0400","146.0000","55.9300","530158.8000","-0.1400","133.0000","59.8800","481962.5500","0.2300","125.0000","62.3100","1.2500","-0.0600","105.0000","68.3900","0.4500","0.0100","162.0000","51.0600","-0.1000","113.0000","65.9600","-0.1600","0.8900","0.1400","-0.2900","0.1400","0.2400","0.3027","-0.2000","1.5500","-0.1800","-0.2600","-0.2000","-0.0200","0.0700","61.7000","86.6300","66.8700","52.8900","66.2600","65.3500","100.0000","70.2100","94.2200","66.2600","64.1300","62.3100","67.1700","64.7400","329","4/1/2025 16:37","1","1","1.0000","0.0500","0.0500","168.0000","169.0000","197.0000","230.0000","225.0000","-0.5300","-0.4068","-0.5100","-0.6000","-0.6400","49.2400","48.9400","40.4300","30.4000","31.9100","6","5","72.9500","90.0000","0.0500","0.2500","70.2100","99.0000","0.1900","4","77.8100","74.0000","0.3400","35","76.2900","79.0000","0.0700","1.7500","78.4200","72.0000","0.4100","7","68.0900","106.0000","0.1300","0.2000","76.9000","77.0000","0.6800","0.3500","64.1300","119.0000","0.4800","0.0000","97.8700","8.0000","-0.1400","0","97.8700","8.0000","-0.1400","0.0000","97.8700","8.0000","-0.1300","0","97.8700","8.0000","-0.1500","7","11","0"
"AAD2023.06.02752","237","1454","38","Tufts University","Chemistry, Department of","Chemistry","16","161.0000","169","142.0000","16","139.0000","10.5600","146.0000","4634","121.0000","16","140.0000","1.0000","1.0000","12","113.0000","31","101.0000","19989550.0000","89.0000","29","89.0000","11","107.0000","1","147.0000","1","125.0000","19","17","5","17","18","0.0600","-0.0700","155.0000","53.1900","0.0600","-0.2900","173.0000","47.7200","1.0000","0.7700","1.0000","100.0000","10.5600","0.0200","140.0000","57.7500","1.0000","0.7300","1.0000","100.0000","289.6300","0.0000","108.0000","67.4800","27.4200","0.4000","89.0000","73.2500","0.7500","0.9900","65.0000","80.5500","1.9400","0.8700","68.0000","79.6400","1249346.8800","0.8500","54.0000","83.8900","644824.1900","0.8900","56.0000","83.2800","1.8100","0.2400","75.0000","77.5100","0.6900","0.8100","86.0000","74.1600","0.2000","79.0000","76.2900","0.0200","-0.2800","-0.1000","0.0900","-0.1000","-0.1100","0.3027","-0.1500","-0.4000","-0.2400","0.0800","0.0500","-0.2900","-0.2700","67.7800","62.3100","57.7500","65.9600","58.0500","55.9300","100.0000","73.2500","55.6200","63.5300","73.2500","69.6000","57.1400","51.3700","329","4/1/2025 16:37","2","2","1.0000","0.1300","0.1300","122.0000","169.0000","164.0000","178.0000","138.0000","-0.2400","-0.4068","-0.4400","-0.4400","0.0400","63.2200","48.9400","50.4600","46.2000","58.3600","6","2","50.4600","164.0000","-0.3300","0.1300","45.5900","180.0000","-0.2700","2","55.9300","146.0000","-0.2900","29","72.6400","91.0000","-0.0400","1.8100","79.6400","68.0000","0.4500","5","59.2700","135.0000","-0.1700","0.1300","51.9800","159.0000","-0.0300","0.3100","58.0500","139.0000","0.2800","0.0000","97.8700","8.0000","-0.1400","0","97.8700","8.0000","-0.1400","0.0000","97.8700","8.0000","-0.1300","0","97.8700","8.0000","-0.1500","7","11","0"
"AAD2023.06.02752","23","1478","38","Boston College","Chemistry, Department of","Chemistry","16","161.0000","315","91.0000","15","154.0000","21.0000","41.0000","14550","59.0000","15","153.0000","1.0000","1.0000","13","103.0000","45","76.0000","34923347.0000","61.0000","61","64.0000","15","84.0000","3","77.0000","2","69.0000","19","17","5","17","18","0.1300","0.8000","59.0000","82.3700","0.1900","0.4100","60.0000","82.0700","0.9400","0.4600","142.0000","57.1400","19.6900","1.1600","45.0000","86.6300","0.9400","0.4400","150.0000","54.7100","909.3800","1.8100","19.0000","94.5300","46.1900","1.9200","15.0000","95.7400","0.8100","1.2100","39.0000","88.4500","2.8100","1.8200","21.0000","93.9200","2182709.1900","2.1500","14.0000","96.0500","776074.3800","1.4200","26.0000","92.4000","3.8100","1.3300","29.0000","91.4900","0.9400","1.6400","16.0000","95.4400","1.0000","14.0000","96.0500","0.3600","0.3100","-0.1800","0.1800","-0.1800","1.2200","0.3027","0.2900","0.1600","0.5100","0.6200","0.4300","0.1700","-0.2700","74.7700","79.3300","53.8000","69.0000","53.5000","87.8400","100.0000","80.8500","76.9000","82.3700","81.7600","77.2000","72.6400","51.3700","329","4/1/2025 16:37","3","2","1.5000","0.1900","0.1300","122.0000","147.0000","147.0000","147.0000","138.0000","-0.2400","-0.1807","-0.3700","-0.3100","0.0400","63.2200","55.6200","55.6200","55.6200","58.3600","6","5","72.9500","90.0000","0.0500","0.3100","81.1600","63.0000","0.4100","5","82.0700","60.0000","0.6500","35","76.2900","79.0000","0.0700","2.1900","85.4100","49.0000","0.7000","8","72.0400","93.0000","0.2800","0.3100","94.8300","18.0000","1.7600","0.5000","90.5800","32.0000","1.2800","0.0000","97.8700","8.0000","-0.1400","0","97.8700","8.0000","-0.1400","0.0000","97.8700","8.0000","-0.1300","0","97.8700","8.0000","-0.1500","7","11","0"
"AAD2023.06.02752","245","1507","38","University of Alabama in Huntsville, The","Chemistry, Department of","Chemistry","8","283.0000","41","250.0000","8","246.0000","5.1300","255.0000","356","276.0000","8","246.0000","1.0000","1.0000","2","249.0000","5","231.0000","2245013.0000","218.0000","4","219.0000","3","216.0000","1","147.0000","1","125.0000","19","17","5","17","18","0.1300","0.8000","59.0000","82.3700","0.1300","0.0600","97.0000","70.8200","1.0000","0.7700","1.0000","100.0000","5.1300","-0.6600","226.0000","31.6100","1.0000","0.7300","1.0000","100.0000","44.5000","-0.7100","263.0000","20.3600","8.6800","-1.1100","301.0000","8.8100","0.2500","-0.8300","241.0000","27.0500","0.6300","-0.5500","213.0000","35.5600","280626.6300","-0.4900","194.0000","41.3400","449002.6000","0.1000","152.0000","54.1000","0.5000","-0.4700","192.0000","41.9500","0.3800","-0.2400","187.0000","43.4700","-0.8000","221.0000","33.1300","-0.6700","-0.2800","-0.7400","-0.8500","-0.7400","-0.8000","0.3027","-0.4900","-0.4000","-0.5700","-0.5700","-0.6600","-0.6900","-0.9400","34.6500","62.3100","25.5300","24.6200","25.5300","22.8000","100.0000","33.7400","55.6200","16.4100","34.0400","30.0900","24.3200","14.2900","329","4/1/2025 16:37","0","0","0.0000","0.0000","0.0000","241.0000","241.0000","241.0000","241.0000","241.0000","-0.8100","-0.8591","-0.5800","-0.7100","-1.0800","27.0500","27.0500","27.0500","27.0500","27.0500","6","0","24.0100","251.0000","-0.5800","0.0000","24.0100","251.0000","-0.7300","0","24.0100","251.0000","-0.9100","2","29.1800","234.0000","-0.5100","0.2500","33.4300","220.0000","-0.5800","1","28.8800","235.0000","-0.7800","0.0000","24.0100","251.0000","-1.2300","0.1300","31.3100","227.0000","-0.7200","0.0000","97.8700","8.0000","-0.1400","0","97.8700","8.0000","-0.1400","0.0000","97.8700","8.0000","-0.1300","0","97.8700","8.0000","-0.1500","7","11","0"
"AAD2023.06.02752","246","1512","38","University of Alaska Fairbanks","Chemistry and Biochemistry, Department of","Chemistry","10","250.0000","66","221.0000","9","229.0000","7.3300","202.0000","981","226.0000","9","228.0000","1.0000","1.0000","6","188.0000","16","152.0000","4632364.0000","182.0000","7","190.0000","3","216.0000","0","207.0000","0","207.0000","19","17","5","17","18","0.0000","-0.9400","207.0000","37.3900","0.0000","-0.6300","207.0000","37.3900","0.9000","0.2800","186.0000","43.7700","6.6000","-0.4800","200.0000","39.5100","0.9000","0.2600","187.0000","43.4700","98.1000","-0.5600","214.0000","35.2600","14.8600","-0.6100","237.0000","28.2700","0.6000","0.4400","126.0000","62.0100","1.6000","0.5000","93.0000","72.0400","463236.4000","-0.2400","154.0000","53.5000","289522.7500","-0.5500","236.0000","28.5700","0.7000","-0.3600","166.0000","49.8500","0.3000","-0.4900","209.0000","36.7800","-0.5000","183.0000","44.6800","-0.6700","-0.8700","-0.6600","-0.4700","-0.6600","-0.5200","0.3027","-0.4500","-0.6800","-0.5200","-0.4800","-0.3600","-0.6100","-0.7700","34.6500","37.3900","31.0000","43.1600","30.7000","38.9100","100.0000","42.5500","37.3900","31.6100","44.9800","54.1000","33.1300","24.3200","329","4/1/2025 16:37","3","3","1.0000","0.3000","0.3000","94.0000","169.0000","147.0000","117.0000","27.0000","0.0400","-0.4068","-0.3700","-0.0700","1.6000","71.7300","48.9400","55.6200","64.7400","92.1000","6","1","38.6000","203.0000","-0.4600","0.1000","40.4300","197.0000","-0.3700","1","43.7700","186.0000","-0.6000","1","23.7100","252.0000","-0.5300","0.1000","22.8000","255.0000","-0.6800","1","28.8800","235.0000","-0.7800","0.1000","46.2000","178.0000","-0.2700","0.1000","27.3600","240.0000","-0.8500","0.0000","97.8700","8.0000","-0.1400","0","97.8700","8.0000","-0.1400","0.0000","97.8700","8.0000","-0.1300","0","97.8700","8.0000","-0.1500","7","11","0"
"AAD2023.06.02752","250","1625","38","University of Arkansas","Chemistry and Biochemistry, Department of","Chemistry","23","89.0000","220","120.0000","21","95.0000","10.4800","149.0000","4516","126.0000","21","95.0000","1.0000","1.0000","12","113.0000","23","121.0000","8899794.0000","134.0000","31","84.0000","18","75.0000","4","62.0000","2","69.0000","19","17","5","17","18","0.0900","0.2700","114.0000","65.6500","0.1700","0.3300","70.0000","79.0300","0.9100","0.3400","171.0000","48.3300","9.5700","-0.1100","151.0000","54.4100","0.9100","0.3200","174.0000","47.4200","196.3500","-0.2700","151.0000","54.4100","20.5300","-0.1500","159.0000","51.9800","0.5200","0.1600","163.0000","50.7600","1.0000","-0.1500","155.0000","53.1900","386947.5700","-0.3400","172.0000","48.0200","386947.5700","-0.1500","187.0000","43.4700","1.3500","-0.0100","97.0000","70.8200","0.7800","1.1300","62.0000","81.4600","-0.2000","124.0000","62.6100","0.6100","0.3100","0.3000","0.0900","0.3000","-0.1200","0.3027","-0.1200","0.4400","-0.2500","-0.3300","-0.1700","-0.1300","0.3200","77.5100","79.3300","71.4300","65.9600","71.4300","55.0200","100.0000","74.7700","81.4600","62.0100","59.5700","63.5300","63.8300","73.2500","329","4/1/2025 16:37","2","3","0.6700","0.0900","0.1300","94.0000","236.0000","164.0000","209.0000","134.0000","0.0400","-0.5561","-0.4400","-0.5200","0.0800","71.7300","28.5700","50.4600","36.7800","59.5700","6","11","90.5800","32.0000","0.8000","0.4800","93.3100","23.0000","1.0200","4","77.8100","74.0000","0.3400","31","73.8600","87.0000","0.0000","1.3500","70.2100","99.0000","0.1400","8","72.0400","93.0000","0.2800","0.1700","66.5700","111.0000","0.4300","0.3500","63.8300","120.0000","0.4700","0.0000","97.8700","8.0000","-0.1400","0","97.8700","8.0000","-0.1400","0.0000","97.8700","8.0000","-0.1300","0","97.8700","8.0000","-0.1500","7","11","0"
"AAD2023.06.02752","251","1662","38","University of California, Berkeley","Chemistry, Department of","Chemistry","63","3.0000","1785","2.0000","62","3.0000","28.7900","11.0000","86803","2.0000","62","3.0000","1.0000","1.0000","48","2.0000","156","4.0000","136570260.0000","2.0000","582","1.0000","60","1.0000","12","10.0000","6","5.0000","19","17","5","17","18","0.1000","0.3800","99.0000","70.2100","0.1900","0.4200","58.0000","82.6700","0.9800","0.6900","93.0000","72.0400","28.3300","2.2400","13.0000","96.3500","0.9800","0.6600","106.0000","68.0900","1377.8300","3.1700","8.0000","97.8700","48.6300","2.1100","10.0000","97.2600","0.7600","1.0300","63.0000","81.1600","2.4800","1.4500","34.0000","89.9700","2167781.9000","2.1300","15.0000","95.7400","875450.3800","1.8200","13.0000","96.3500","9.2400","4.2700","5.0000","98.7800","0.9500","1.6900","12.0000","96.6600","1.2000","6.0000","98.4800","4.2000","2.6500","3.5900","3.4500","3.6000","2.2100","0.3027","7.3400","2.6600","5.9700","4.3000","3.4600","4.8000","3.6900","100.0000","98.7800","99.3900","99.7000","99.3900","96.9600","100.0000","100.0000","97.2600","99.7000","99.7000","99.0900","99.7000","99.3900","329","4/1/2025 16:37","54","18","3.0000","0.8600","0.2900","2.0000","61.0000","9.0000","35.0000","32.0000","4.3100","0.4977","3.1400","1.1000","1.4700","99.7000","81.7600","97.5700","89.6700","90.5800","6","8","83.8900","54.0000","0.4200","0.1300","45.9000","179.0000","-0.2700","6","87.8400","41.0000","0.9600","330","99.3900","3.0000","5.2500","5.2400","97.5700","9.0000","2.7000","31","99.7000","2.0000","3.7800","0.1000","41.6400","193.0000","-0.3200","0.4900","86.6300","45.0000","1.2300","0.0000","97.8700","8.0000","-0.1400","0","97.8700","8.0000","-0.1400","0.0000","97.8700","8.0000","-0.1300","0","97.8700","8.0000","-0.1500","7","11","0"
"AAD2023.06.02752","252","1724","38","University of California, Davis","Chemistry, Department of","Chemistry","38","29.0000","800","25.0000","37","29.0000","21.6200","33.0000","18678","46.0000","37","28.0000","1.0000","1.0000","30","23.0000","90","24.0000","48429125.0000","42.0000","128","32.0000","33","20.0000","7","25.0000","6","5.0000","19","17","5","17","18","0.1600","1.2500","34.0000","89.9700","0.1800","0.3900","63.0000","81.1600","0.9700","0.6400","101.0000","69.6000","21.0500","1.3300","36.0000","89.3600","0.9700","0.6100","111.0000","66.5700","491.5300","0.5900","68.0000","79.6400","23.3500","0.0700","124.0000","62.6100","0.7900","1.1300","50.0000","85.1100","2.3700","1.3400","41.0000","87.8400","1274450.6600","0.8900","51.0000","84.8000","538101.3900","0.4600","98.0000","70.5200","3.3700","1.0900","37.0000","89.0600","0.8700","1.4100","32.0000","90.5800","0.7000","30.0000","91.1900","1.8900","2.6500","1.5800","1.7700","1.5900","1.3000","0.3027","1.1900","1.2700","0.8200","1.1100","1.6600","1.7000","1.5800","94.2200","98.7800","91.7900","93.3100","91.4900","90.2700","100.0000","90.5800","92.7100","86.3200","87.5400","93.0100","92.7100","91.4900","329","4/1/2025 16:37","31","6","5.1700","0.8200","0.1600","48.0000","22.0000","21.0000","40.0000","108.0000","0.9000","1.4790","1.5500","1.0200","0.3300","85.7100","93.6200","93.9200","88.1500","67.4800","6","10","88.4500","39.0000","0.6800","0.2600","72.9500","90.0000","0.2300","8","92.4000","26.0000","1.5900","77","88.7500","38.0000","0.8000","2.0300","82.9800","57.0000","0.5900","16","91.4900","29.0000","1.5000","0.2100","78.4200","72.0000","0.7800","0.4200","76.9000","77.0000","0.8600","0.0300","98.4800","6.0000","4.5600","1","99.7000","2.0000","5.6400","0.0300","98.4800","6.0000","3.8000","1","100.0000","1.0000","6.7700","7","11","0"
"AAD2023.06.02752","254","1780","38","University of California, Los Angeles","Chemistry and Biochemistry, Department of","Chemistry","60","4.0000","1615","3.0000","60","4.0000","26.9200","17.0000","64493","3.0000","60","4.0000","1.0000","1.0000","48","2.0000","174","3.0000","137837833.0000","1.0000","368","4.0000","51","3.0000","15","5.0000","5","15.0000","19","17","5","17","18","0.0800","0.2200","117.0000","64.7400","0.2500","0.7600","40.0000","88.1500","1.0000","0.7700","1.0000","100.0000","26.9200","2.0600","15.0000","95.7400","1.0000","0.7300","1.0000","100.0000","1074.8800","2.2900","11.0000","96.9600","39.9300","1.4100","26.0000","92.4000","0.8000","1.1700","42.0000","87.5400","2.9000","1.9100","14.0000","96.0500","2297297.2200","2.3000","12.0000","96.6600","792171.4500","1.4900","22.0000","93.6200","6.1300","2.5800","12.0000","96.6600","0.8500","1.3500","41.0000","87.8400","0.9000","17.0000","95.1400","3.4300","2.0700","3.4300","3.4500","3.4400","1.9700","0.3027","4.4400","3.5000","4.2900","4.3500","3.9500","4.2600","3.4300","99.3900","95.7400","99.0900","99.7000","99.0900","95.1400","100.0000","99.0900","98.7800","99.3900","100.0000","99.3900","99.3900","99.0900","329","4/1/2025 16:37","21","12","1.7500","0.3500","0.2000","8.0000","138.0000","42.0000","106.0000","67.0000","2.6000","-0.0676","0.8700","0.0300","0.7100","97.8700","58.3600","87.5400","68.0900","79.9400","6","18","96.9600","11.0000","1.6800","0.3000","78.7200","71.0000","0.3700","12","98.1800","7.0000","2.8400","274","98.7800","5.0000","4.2600","4.5700","96.9600","11.0000","2.2600","32","100.0000","1.0000","3.9300","0.2000","76.9000","77.0000","0.6800","0.5300","93.9200","21.0000","1.4500","0.0000","97.8700","8.0000","-0.1400","0","97.8700","8.0000","-0.1400","0.0000","97.8700","8.0000","-0.1300","0","97.8700","8.0000","-0.1500","7","11","0"
"AAD2023.06.02752","255","1848","38","University of California, Riverside","Chemistry, Department of","Chemistry","41","20.0000","944","16.0000","40","19.0000","23.6000","20.0000","30433","16.0000","40","20.0000","1.0000","1.0000","35","13.0000","101","20.0000","51882917.0000","34.0000","116","34.0000","37","14.0000","15","5.0000","7","2.0000","19","17","5","17","18","0.1700","1.4300","25.0000","92.7100","0.3700","1.4000","20.0000","94.2200","0.9800","0.6500","99.0000","70.2100","23.0200","1.5700","21.0000","93.9200","0.9800","0.6200","110.0000","66.8700","742.2700","1.3200","31.0000","90.8800","32.2400","0.7900","59.0000","82.3700","0.8500","1.3600","23.0000","93.3100","2.4600","1.4400","35.0000","89.6700","1265437.0000","0.8700","52.0000","84.5000","513692.2500","0.3600","116.0000","65.0500","2.8300","0.7900","47.0000","86.0200","0.9000","1.5300","21.0000","93.9200","0.7000","30.0000","91.1900","2.2400","3.2400","1.8200","2.2400","1.8300","1.5500","0.3027","1.0300","3.5000","1.7100","1.2300","1.9600","2.1500","1.8400","96.0500","99.7000","94.2200","96.3500","94.5300","94.2200","100.0000","89.9700","98.7800","95.4400","89.9700","94.2200","95.4400","94.2200","329","4/1/2025 16:37","19","8","2.3800","0.4600","0.2000","29.0000","90.0000","48.0000","84.0000","74.0000","1.4600","0.2173","0.7300","0.2700","0.6600","91.4900","72.9500","85.7100","74.7700","77.8100","6","13","93.0100","24.0000","1.0500","0.3200","81.7600","61.0000","0.4300","10","96.0500","14.0000","2.2100","90","91.1900","30.0000","1.0300","2.2000","85.7100","48.0000","0.7000","14","87.5400","42.0000","1.2000","0.2400","86.3200","46.0000","1.1000","0.3400","63.5300","121.0000","0.4300","0.0000","97.8700","8.0000","-0.1400","0","97.8700","8.0000","-0.1400","0.0000","97.8700","8.0000","-0.1300","0","97.8700","8.0000","-0.1500","7","11","0"
"AAD2023.06.02752","256","1877","38","University of California, San Diego","Chemistry and Biochemistry, Department of","Chemistry","67","2.0000","1187","7.0000","67","2.0000","17.7200","65.0000","38936","10.0000","67","2.0000","1.0000","1.0000","55","1.0000","189","1.0000","132251678.0000","3.0000","233","11.0000","57","2.0000","7","25.0000","5","15.0000","19","17","5","17","18","0.0700","0.1000","136.0000","58.9700","0.1000","-0.0500","125.0000","62.3100","1.0000","0.7700","1.0000","100.0000","17.7200","0.9100","59.0000","82.3700","1.0000","0.7300","1.0000","100.0000","581.1300","0.8500","47.0000","86.0200","32.8000","0.8400","58.0000","82.6700","0.8200","1.2400","33.0000","90.2700","2.8200","1.8300","19.0000","94.5300","1973905.6400","1.8600","23.0000","93.3100","699744.3300","1.1100","40.0000","88.1500","3.4800","1.1500","34.0000","89.9700","0.8500","1.3500","40.0000","88.1500","0.6000","40.0000","88.1500","3.9500","2.0700","3.9900","4.1100","4.0000","0.8000","0.3027","2.6100","1.2700","2.3500","4.1400","4.3600","2.9100","4.0200","99.7000","95.7400","99.7000","100.0000","99.7000","80.5500","100.0000","96.9600","92.7100","97.2600","99.3900","100.0000","98.1800","99.7000","329","4/1/2025 16:37","43","12","3.5800","0.6400","0.1800","8.0000","49.0000","13.0000","60.0000","94.0000","2.6000","0.7600","2.3800","0.6500","0.5200","97.8700","85.4100","96.3500","82.0700","71.7300","6","21","98.4800","6.0000","2.0600","0.3100","81.4600","62.0000","0.4200","15","99.7000","2.0000","3.7700","115","94.2200","20.0000","1.4700","1.7200","77.5100","75.0000","0.3900","22","96.9600","11.0000","2.4100","0.2200","82.0700","60.0000","0.9100","0.3300","59.5700","134.0000","0.3600","0.0000","97.8700","8.0000","-0.1400","0","97.8700","8.0000","-0.1400","0.0000","97.8700","8.0000","-0.1300","0","97.8700","8.0000","-0.1500","7","11","0"
"AAD2023.06.02752","259","1923","38","University of California, Santa Cruz","Chemistry and Biochemistry, Department of","Chemistry","22","97.0000","468","66.0000","22","86.0000","21.2700","36.0000","18063","48.0000","22","87.0000","1.0000","1.0000","19","72.0000","48","71.0000","39179293.0000","53.0000","48","76.0000","17","79.0000","8","20.0000","4","26.0000","19","17","5","17","18","0.1800","1.5900","20.0000","94.2200","0.3600","1.3900","21.0000","93.9200","1.0000","0.7700","1.0000","100.0000","21.2700","1.3500","32.0000","90.5800","1.0000","0.7300","1.0000","100.0000","821.0500","1.5500","24.0000","93.0100","38.6000","1.3000","29.0000","91.4900","0.8600","1.4000","20.0000","94.2200","2.1800","1.1300","52.0000","84.5000","1780876.9500","1.5900","29.0000","91.4900","816235.2700","1.5800","20.0000","94.2200","2.1800","0.4400","67.0000","79.9400","0.7700","1.0900","65.0000","80.5500","0.7000","30.0000","91.1900","0.5300","1.4800","0.3800","0.7400","0.3800","1.2500","0.3027","0.1100","1.5500","0.7700","0.7700","0.5100","0.6500","0.2400","76.2900","92.4000","73.8600","78.4200","74.1600","89.3600","100.0000","77.2000","94.2200","85.7100","84.1900","78.7200","80.2400","70.8200","329","4/1/2025 16:37","3","3","1.0000","0.1400","0.1400","94.0000","169.0000","147.0000","176.0000","129.0000","0.0400","-0.4068","-0.3700","-0.4200","0.1400","71.7300","48.9400","55.6200","46.8100","61.0900","6","4","66.8700","110.0000","-0.0800","0.1800","56.8400","143.0000","-0.0600","4","77.8100","74.0000","0.3400","46","80.2400","66.0000","0.2600","2.0900","83.2800","56.0000","0.6300","14","87.5400","42.0000","1.2000","0.1800","70.2100","99.0000","0.5100","0.6400","98.1800","7.0000","2.0000","0.0000","97.8700","8.0000","-0.1400","0","97.8700","8.0000","-0.1400","0.0000","97.8700","8.0000","-0.1300","0","97.8700","8.0000","-0.1500","7","11","0"
"AAD2023.06.02752","260","1964","38","University of Central Florida","Chemistry, Department of","Chemistry","30","52.0000","336","85.0000","29","50.0000","11.5900","133.0000","6208","103.0000","29","51.0000","0.9700","265.0000","19","72.0000","31","101.0000","10924131.0000","115.0000","21","109.0000","12","100.0000","4","62.0000","2","69.0000","19","17","5","17","18","0.0700","-0.0100","148.0000","55.3200","0.1300","0.1100","89.0000","73.2500","0.9700","0.6000","109.0000","67.1700","11.2000","0.1000","129.0000","61.0900","0.9700","0.5800","117.0000","64.7400","206.9300","-0.2400","146.0000","55.9300","18.4800","-0.3200","196.0000","40.7300","0.6300","0.5600","110.0000","66.8700","1.0300","-0.1100","154.0000","53.5000","364137.7000","-0.3700","176.0000","46.8100","352391.3200","-0.2900","211.0000","36.1700","0.7000","-0.3600","166.0000","49.8500","0.4000","-0.1600","176.0000","46.8100","-0.1000","113.0000","65.9600","0.1000","0.3100","0.9400","0.7400","0.9500","0.0200","0.0614","-0.2600","0.4400","-0.1200","-0.2500","0.0500","0.2400","0.9100","69.9100","79.3300","84.8000","78.4200","85.1100","59.8800","19.7600","67.1700","81.4600","69.0000","65.3500","69.6000","74.4700","84.5000","329","4/1/2025 16:37","44","10","4.4000","1.4700","0.3300","17.0000","41.0000","12.0000","13.0000","14.0000","2.0300","1.1308","2.4500","2.3900","1.9000","95.1400","87.8400","96.6600","96.3500","96.0500","6","6","76.2900","79.0000","0.1700","0.2000","62.9200","123.0000","0.0000","5","82.0700","60.0000","0.6500","73","88.1500","40.0000","0.7300","2.4300","88.1500","40.0000","0.8600","14","87.5400","42.0000","1.2000","0.1700","65.9600","113.0000","0.3600","0.4700","84.1900","53.0000","1.1000","0.0300","99.0900","4.0000","5.8100","1","99.7000","2.0000","5.6400","0.0300","99.0900","4.0000","4.8500","1","100.0000","1.0000","6.7700","7","11","0"
"AAD2023.06.02752","267","2014","38","University of Connecticut","Chemistry, Department of","Chemistry","28","58.0000","481","63.0000","28","53.0000","17.1800","71.0000","14694","57.0000","28","53.0000","1.0000","1.0000","21","55.0000","47","74.0000","23446115.0000","75.0000","36","80.0000","19","70.0000","5","47.0000","5","15.0000","19","17","5","17","18","0.1800","1.5400","22.0000","93.6200","0.1800","0.3600","65.0000","80.5500","1.0000","0.7700","1.0000","100.0000","17.1800","0.8400","63.0000","81.1600","1.0000","0.7300","1.0000","100.0000","524.7900","0.6900","58.0000","82.6700","30.5500","0.6500","65.0000","80.5500","0.7500","0.9900","65.0000","80.5500","1.6800","0.5900","88.0000","73.5600","837361.2500","0.2800","91.0000","72.6400","498853.5100","0.3000","120.0000","63.8300","1.2900","-0.0400","102.0000","69.3000","0.6800","0.7800","89.0000","73.2500","0.3000","68.0000","79.6400","0.7000","2.0700","0.8600","0.9300","0.8600","0.7300","0.3027","-0.0500","0.7100","0.5200","0.2000","0.4800","0.6900","0.7400","79.0300","95.7400","84.1900","83.5900","84.1900","78.7200","100.0000","75.9900","86.0200","82.9800","77.5100","77.8100","81.1600","82.6700","329","4/1/2025 16:37","5","2","2.5000","0.1800","0.0700","122.0000","84.0000","119.0000","153.0000","200.0000","-0.2400","0.2716","-0.2400","-0.3300","-0.4400","63.2200","74.7700","64.1300","53.8000","39.5100","6","13","93.0100","24.0000","1.0500","0.4600","92.4000","26.0000","0.9700","7","90.2700","33.0000","1.2700","102","92.1000","27.0000","1.2400","3.6400","94.8300","18.0000","1.6500","13","85.1100","50.0000","1.0400","0.2500","88.4500","39.0000","1.1600","0.4600","83.8900","54.0000","1.0900","0.0000","97.8700","8.0000","-0.1400","0","97.8700","8.0000","-0.1400","0.0000","97.8700","8.0000","-0.1300","0","97.8700","8.0000","-0.1500","7","11","0"
"AAD2023.06.02752","26","2070","38","Brandeis University","Chemistry, Department of","Chemistry","12","217.0000","164","144.0000","12","187.0000","13.6700","111.0000","4695","120.0000","12","189.0000","1.0000","1.0000","8","156.0000","28","108.0000","17286394.0000","93.0000","35","81.0000","10","116.0000","1","147.0000","1","125.0000","19","17","5","17","18","0.0800","0.2200","117.0000","64.7400","0.0800","-0.1700","145.0000","56.2300","1.0000","0.7700","1.0000","100.0000","13.6700","0.4000","100.0000","69.9100","1.0000","0.7300","1.0000","100.0000","391.2500","0.3000","82.0000","75.3800","28.6300","0.5000","83.0000","75.0800","0.6700","0.6900","95.0000","71.4300","2.3300","1.3000","44.0000","86.9300","1440532.8300","1.1200","42.0000","87.5400","617371.2100","0.7800","60.0000","82.0700","2.9200","0.8400","44.0000","86.9300","0.8300","1.3000","45.0000","86.6300","0.4000","52.0000","84.5000","-0.0700","-0.2800","-0.4200","-0.2900","-0.4200","0.2900","0.3027","-0.0700","-0.4000","-0.2400","-0.0200","-0.0300","-0.3000","-0.6000","65.0500","62.3100","42.8600","52.8900","43.4700","66.5700","100.0000","75.6800","55.6200","63.8300","72.0400","67.4800","56.5400","34.3500","329","4/1/2025 16:37","2","1","2.0000","0.1700","0.0800","168.0000","105.0000","164.0000","158.0000","185.0000","-0.5300","0.0454","-0.4400","-0.3500","-0.3400","49.2400","68.3900","50.4600","52.2800","44.0700","6","0","24.0100","251.0000","-0.5800","0.0000","24.0100","251.0000","-0.7300","0","24.0100","251.0000","-0.9100","35","76.2900","79.0000","0.0700","2.9200","91.7900","28.0000","1.1800","6","64.4400","118.0000","-0.0200","0.0000","24.0100","251.0000","-1.2300","0.5000","90.5800","32.0000","1.2800","0.0000","97.8700","8.0000","-0.1400","0","97.8700","8.0000","-0.1400","0.0000","97.8700","8.0000","-0.1300","0","97.8700","8.0000","-0.1500","7","11","0"
"AAD2023.06.02752","270","2092","38","University of Delaware","Chemistry and Biochemistry, Department of","Chemistry","38","29.0000","458","69.0000","37","29.0000","12.3800","125.0000","11683","75.0000","37","28.0000","1.0000","1.0000","31","19.0000","71","43.0000","37853980.0000","54.0000","89","49.0000","29","30.0000","3","77.0000","3","45.0000","19","17","5","17","18","0.0800","0.1600","125.0000","62.3100","0.0800","-0.1900","153.0000","53.8000","0.9700","0.6400","101.0000","69.6000","12.0500","0.2000","123.0000","62.9200","0.9700","0.6100","111.0000","66.5700","307.4500","0.0500","104.0000","68.6900","25.5100","0.2500","109.0000","67.1700","0.8200","1.2300","35.0000","89.6700","1.8700","0.7900","74.0000","77.8100","996157.3700","0.5000","77.0000","76.9000","533154.6500","0.4400","103.0000","69.0000","2.3400","0.5300","58.0000","82.6700","0.7600","1.0600","68.0000","79.6400","0.2000","79.0000","76.2900","1.5500","0.8900","1.5800","1.8600","1.5900","0.1300","0.3027","0.6600","0.1600","0.2900","0.7200","1.1400","0.6200","1.5800","91.1900","86.6300","91.7900","94.5300","91.4900","62.3100","100.0000","85.4100","76.9000","77.5100","83.8900","87.2300","79.3300","91.4900","329","4/1/2025 16:37","18","7","2.5700","0.4700","0.1800","37.0000","83.0000","50.0000","81.0000","85.0000","1.1800","0.3032","0.6600","0.2900","0.5600","89.0600","75.0800","85.1100","75.6800","74.4700","6","14","94.5300","19.0000","1.1800","0.3700","87.8400","41.0000","0.6200","11","97.2600","10.0000","2.5200","17","61.4000","128.0000","-0.2500","0.4500","41.0300","195.0000","-0.4500","11","82.0700","60.0000","0.7400","0.2900","93.9200","21.0000","1.5400","0.2900","55.0200","149.0000","0.1600","0.0000","97.8700","8.0000","-0.1400","0","97.8700","8.0000","-0.1400","0.0000","97.8700","8.0000","-0.1300","0","97.8700","8.0000","-0.1500","7","11","0"
"AAD2023.06.02752","273","2131","38","University of Florida","Chemistry, Department of","Chemistry","40","24.0000","640","40.0000","40","19.0000","16.0000","83.0000","19223","42.0000","40","20.0000","1.0000","1.0000","31","19.0000","80","34.0000","42842925.0000","49.0000","89","49.0000","32","25.0000","4","62.0000","4","26.0000","19","17","5","17","18","0.1000","0.4500","91.0000","72.6400","0.1000","-0.0800","126.0000","62.0100","1.0000","0.7700","1.0000","100.0000","16.0000","0.7000","72.0000","78.4200","1.0000","0.7300","1.0000","100.0000","480.5800","0.5600","70.0000","79.0300","30.0400","0.6100","70.0000","79.0300","0.7800","1.0800","54.0000","83.8900","2.0000","0.9400","62.0000","81.4600","1071073.1300","0.6000","67.0000","79.9400","535536.5600","0.4500","100.0000","69.9100","2.2300","0.4700","64.0000","80.8500","0.8000","1.1800","55.0000","83.5900","0.5000","46.0000","86.3200","1.8100","1.4800","1.8200","1.8600","1.8300","0.5800","0.3027","0.6600","0.4400","0.8600","0.9000","1.3900","1.1900","1.7500","92.7100","92.4000","94.2200","94.5300","94.5300","75.0800","100.0000","85.4100","81.4600","87.5400","85.4100","89.9700","88.1500","93.0100","329","4/1/2025 16:37","37","2","18.5000","0.9300","0.0500","122.0000","1.0000","17.0000","32.0000","225.0000","-0.2400","7.5075","1.9700","1.2500","-0.6400","63.2200","100.0000","95.1400","90.5800","31.9100","6","9","86.0200","47.0000","0.5500","0.2300","65.0500","116.0000","0.0900","7","90.2700","33.0000","1.2700","79","89.3600","36.0000","0.8400","1.9800","81.7600","61.0000","0.5600","18","94.5300","19.0000","1.8000","0.1800","66.8700","110.0000","0.4400","0.4500","82.0700","60.0000","1.0100","0.0000","97.8700","8.0000","-0.1400","0","97.8700","8.0000","-0.1400","0.0000","97.8700","8.0000","-0.1300","0","97.8700","8.0000","-0.1500","7","11","0"
"AAD2023.06.02752","276","2202","38","University of Hawai'i - Manoa","Chemistry, Department of","Chemistry","11","232.0000","196","127.0000","10","208.0000","19.6000","52.0000","3576","143.0000","11","198.0000","1.0000","1.0000","7","172.0000","19","140.0000","8050996.0000","142.0000","15","140.0000","9","127.0000","1","147.0000","1","125.0000","19","17","5","17","18","0.0900","0.3200","105.0000","68.3900","0.0900","-0.1300","136.0000","58.9700","0.9100","0.3300","173.0000","47.7200","17.8200","0.9200","57.0000","82.9800","1.0000","0.7300","1.0000","100.0000","325.0900","0.1000","100.0000","69.9100","18.2400","-0.3400","200.0000","39.5100","0.6400","0.5800","106.0000","68.0900","1.7300","0.6400","84.0000","74.7700","731908.7300","0.1300","104.0000","68.6900","423736.6300","0.0000","161.0000","51.3700","1.3600","0.0000","95.0000","71.4300","0.8200","1.2400","51.0000","84.8000","-0.1000","113.0000","65.9600","-0.1600","-0.2800","-0.5000","-0.3800","-0.5800","1.0400","0.3027","-0.3400","-0.4000","-0.3200","-0.3600","-0.2800","-0.2000","-0.6900","61.7000","62.3100","40.1200","48.0200","37.0800","84.5000","100.0000","57.7500","55.6200","56.8400","57.1400","57.7500","61.7000","29.7900","329","4/1/2025 16:37","9","2","4.5000","0.8200","0.1800","122.0000","38.0000","81.0000","38.0000","86.0000","-0.2400","1.1760","0.0400","1.0200","0.5400","63.2200","88.7500","75.6800","88.7500","74.1600","6","0","24.0100","251.0000","-0.5800","0.0000","24.0100","251.0000","-0.7300","0","24.0100","251.0000","-0.9100","3","33.7400","219.0000","-0.5000","0.2700","34.0400","218.0000","-0.5600","3","48.9400","169.0000","-0.4800","0.0000","24.0100","251.0000","-1.2300","0.2700","51.3700","161.0000","0.0700","0.0000","97.8700","8.0000","-0.1400","0","97.8700","8.0000","-0.1400","0.0000","97.8700","8.0000","-0.1300","0","97.8700","8.0000","-0.1500","7","11","0"
"AAD2023.06.02752","278","2245","38","University of Idaho","Chemistry, Department of","Chemistry","9","270.0000","125","176.0000","8","246.0000","15.6300","90.0000","3393","149.0000","8","246.0000","1.0000","1.0000","1","273.0000","1","278.0000","221236.0000","289.0000","9","172.0000","5","183.0000","0","207.0000","0","207.0000","19","17","5","17","18","0.0000","-0.9400","207.0000","37.3900","0.0000","-0.6300","207.0000","37.3900","0.8900","0.2300","194.0000","41.3400","13.8900","0.4300","99.0000","70.2100","0.8900","0.2100","198.0000","40.1200","377.0000","0.2600","88.0000","73.5600","27.1400","0.3800","91.0000","72.6400","0.1100","-1.3300","284.0000","13.9800","0.1100","-1.1100","287.0000","13.0700","24581.7800","-0.8500","288.0000","12.7700","221236.0000","-0.8300","270.0000","18.2400","1.0000","-0.2000","127.0000","61.7000","0.5600","0.3600","121.0000","63.5300","-0.5000","183.0000","44.6800","-0.5000","-0.8700","-0.7400","-0.9400","-0.7400","0.5400","0.3027","-0.4200","-0.6800","-0.3400","-0.6400","-0.7700","-0.4300","-0.8500","44.6800","37.3900","25.5300","17.3300","25.5300","72.9500","100.0000","48.0200","37.3900","55.0200","12.4600","15.8100","46.8100","18.2400","329","4/1/2025 16:37","2","2","1.0000","0.2200","0.2200","122.0000","169.0000","164.0000","132.0000","56.0000","-0.2400","-0.4068","-0.4400","-0.2400","0.9000","63.2200","48.9400","50.4600","60.1800","83.2800","6","0","24.0100","251.0000","-0.5800","0.0000","24.0100","251.0000","-0.7300","0","24.0100","251.0000","-0.9100","6","41.9500","192.0000","-0.4400","0.6700","52.5800","157.0000","-0.3000","3","48.9400","169.0000","-0.4800","0.0000","24.0100","251.0000","-1.2300","0.3300","63.2200","122.0000","0.3900","0.0000","97.8700","8.0000","-0.1400","0","97.8700","8.0000","-0.1400","0.0000","97.8700","8.0000","-0.1300","0","97.8700","8.0000","-0.1500","7","11","0"
"AAD2023.06.02752","279","2277","38","University of Illinois Chicago","Chemistry, Department of","Chemistry","31","45.0000","555","53.0000","30","45.0000","18.5000","61.0000","12690","67.0000","31","41.0000","1.0000","1.0000","27","27.0000","64","54.0000","47304011.0000","44.0000","70","57.0000","22","58.0000","4","62.0000","3","45.0000","19","17","5","17","18","0.1000","0.4000","98.0000","70.5200","0.1300","0.0800","92.0000","72.3400","0.9700","0.6100","105.0000","68.3900","17.9000","0.9300","55.0000","83.5900","1.0000","0.7300","1.0000","100.0000","409.3500","0.3500","78.0000","76.6000","22.8600","0.0300","130.0000","60.7900","0.8700","1.4300","18.0000","94.8300","2.0600","1.0100","58.0000","82.6700","1525935.8400","1.2400","36.0000","89.3600","739125.1700","1.2700","36.0000","89.3600","2.2600","0.4900","61.0000","81.7600","0.7100","0.8800","81.0000","75.6800","0.4000","52.0000","84.5000","0.9600","0.8900","1.1000","1.4900","1.0300","0.9000","0.3027","0.4100","0.4400","0.3700","1.0700","0.9500","0.9300","1.0000","82.6700","86.6300","87.8400","92.1000","86.6300","81.7600","100.0000","82.9800","81.4600","79.9400","86.9300","83.8900","84.1900","86.6300","329","4/1/2025 16:37","10","6","1.6700","0.3200","0.1900","48.0000","139.0000","75.0000","114.0000","75.0000","0.9000","-0.1038","0.1100","-0.0300","0.6500","85.7100","58.0500","77.5100","65.6500","77.5100","6","16","95.7400","15.0000","1.4300","0.5200","94.8300","18.0000","1.1600","9","95.1400","17.0000","1.9000","18","62.6100","124.0000","-0.2300","0.5800","48.6300","170.0000","-0.3600","10","79.0300","70.0000","0.5900","0.2900","94.2200","20.0000","1.5500","0.3200","59.2700","135.0000","0.3300","0.0000","97.8700","8.0000","-0.1400","0","97.8700","8.0000","-0.1400","0.0000","97.8700","8.0000","-0.1300","0","97.8700","8.0000","-0.1500","7","11","0"
"AAD2023.06.02752","281","2326","38","University of Iowa, The","Chemistry, Department of","Chemistry","28","58.0000","399","78.0000","27","57.0000","14.7800","98.0000","8867","87.0000","27","58.0000","1.0000","1.0000","20","62.0000","54","64.0000","21905516.0000","84.0000","48","76.0000","19","70.0000","8","20.0000","4","26.0000","19","17","5","17","18","0.1400","1.0400","43.0000","87.2300","0.2900","0.9500","33.0000","90.2700","0.9600","0.5900","112.0000","66.2600","14.2500","0.4800","96.0000","71.1200","0.9600","0.5600","120.0000","63.8300","316.6800","0.0800","102.0000","69.3000","22.2200","-0.0200","133.0000","59.8800","0.7100","0.8600","80.0000","75.9900","1.9300","0.8600","70.0000","79.0300","782339.8600","0.2000","98.0000","70.5200","405657.7000","-0.0800","174.0000","47.4200","1.7100","0.1900","79.0000","76.2900","0.6800","0.7800","89.0000","73.2500","0.2000","79.0000","76.2900","0.7000","1.4800","0.7800","0.8400","0.7800","0.4300","0.3027","0.1100","1.5500","0.0800","0.1400","0.6800","0.4300","0.7400","79.0300","92.4000","82.6700","81.4600","82.9800","70.5200","100.0000","77.2000","94.2200","73.8600","74.7700","80.8500","76.6000","82.6700","329","4/1/2025 16:37","4","4","1.0000","0.1400","0.1400","73.0000","169.0000","134.0000","170.0000","120.0000","0.3300","-0.4068","-0.3100","-0.4100","0.1900","78.1200","48.9400","59.5700","48.6300","63.8300","6","5","72.9500","90.0000","0.0500","0.1800","55.6200","147.0000","-0.0800","4","77.8100","74.0000","0.3400","24","69.6000","101.0000","-0.1300","0.8600","58.9700","136.0000","-0.1800","8","72.0400","93.0000","0.2800","0.1400","59.2700","135.0000","0.1400","0.2900","54.7100","150.0000","0.1400","0.0000","97.8700","8.0000","-0.1400","0","97.8700","8.0000","-0.1400","0.0000","97.8700","8.0000","-0.1300","0","97.8700","8.0000","-0.1500","7","11","0"
"AAD2023.06.02752","287","2452","38","University of Maine, The","Chemistry, Department of","Chemistry","10","250.0000","62","225.0000","9","229.0000","6.8900","214.0000","947","232.0000","9","228.0000","1.0000","1.0000","2","249.0000","2","260.0000","719178.0000","262.0000","4","219.0000","3","216.0000","0","207.0000","0","207.0000","19","17","5","17","18","0.0000","-0.9400","207.0000","37.3900","0.0000","-0.6300","207.0000","37.3900","0.9000","0.2800","186.0000","43.7700","6.2000","-0.5300","211.0000","36.1700","0.9000","0.2600","187.0000","43.4700","94.7000","-0.5700","221.0000","33.1300","15.2700","-0.5800","234.0000","29.1800","0.2000","-1.0100","256.0000","22.4900","0.2000","-1.0200","268.0000","18.8500","71917.8000","-0.7800","260.0000","21.2800","359589.0000","-0.2600","205.0000","37.9900","0.4000","-0.5200","211.0000","36.1700","0.3000","-0.4900","209.0000","36.7800","-0.7000","212.0000","35.8700","-0.6700","-0.8700","-0.6600","-0.8500","-0.6600","-0.5700","0.3027","-0.4900","-0.6800","-0.5200","-0.6200","-0.7500","-0.6300","-0.7700","34.6500","37.3900","31.0000","24.6200","30.7000","35.2600","100.0000","33.7400","37.3900","29.7900","20.6700","21.2800","31.9100","24.3200","329","4/1/2025 16:37","2","1","2.0000","0.2000","0.1000","168.0000","105.0000","164.0000","141.0000","166.0000","-0.5300","0.0454","-0.4400","-0.2800","-0.1900","49.2400","68.3900","50.4600","57.4500","49.8500","6","0","24.0100","251.0000","-0.5800","0.0000","24.0100","251.0000","-0.7300","0","24.0100","251.0000","-0.9100","0","17.3300","273.0000","-0.5500","0.0000","17.3300","273.0000","-0.7400","0","17.3300","273.0000","-0.9300","0.0000","24.0100","251.0000","-1.2300","0.0000","17.3300","273.0000","-1.3900","0.0000","97.8700","8.0000","-0.1400","0","97.8700","8.0000","-0.1400","0.0000","97.8700","8.0000","-0.1300","0","97.8700","8.0000","-0.1500","7","11","0"
"AAD2023.06.02752","28","2475","38","Brown University","Chemistry, Department of","Chemistry","20","117.0000","306","92.0000","19","112.0000","16.1100","82.0000","12740","65.0000","18","120.0000","0.9500","271.0000","14","95.0000","38","84.0000","16327757.0000","97.0000","54","72.0000","16","81.0000","1","147.0000","1","125.0000","19","17","5","17","18","0.0500","-0.2400","182.0000","44.9800","0.0500","-0.3600","187.0000","43.4700","0.9500","0.5200","124.0000","62.6100","15.3000","0.6100","81.0000","75.6800","0.9000","0.2600","187.0000","43.4700","637.0000","1.0100","39.0000","88.4500","41.6300","1.5500","24.0000","93.0100","0.7000","0.8100","86.0000","74.1600","1.9000","0.8300","72.0000","78.4200","816387.8500","0.2500","95.0000","71.4300","429677.8200","0.0200","160.0000","51.6700","2.7000","0.7200","49.0000","85.4100","0.8000","1.1800","55.0000","83.5900","0.4000","52.0000","84.5000","0.4400","-0.2800","0.0600","0.2800","0.1400","0.6000","-0.0782","0.1900","-0.4000","0.3700","-0.0600","0.2400","0.1400","0.0700","75.6800","62.3100","63.8300","71.4300","66.2600","75.3800","17.9300","78.4200","55.6200","80.5500","70.8200","74.7700","72.3400","64.7400","329","4/1/2025 16:37","10","5","2.0000","0.5000","0.2500","61.0000","105.0000","75.0000","74.0000","43.0000","0.6100","0.0454","0.1100","0.3500","1.1500","81.7600","68.3900","77.5100","77.8100","87.2300","6","6","76.2900","79.0000","0.1700","0.3000","78.7200","71.0000","0.3700","5","82.0700","60.0000","0.6500","33","74.4700","85.0000","0.0300","1.6500","76.2900","79.0000","0.3400","11","82.0700","60.0000","0.7400","0.2500","88.4500","39.0000","1.1600","0.5500","95.4400","16.0000","1.5400","0.0000","97.8700","8.0000","-0.1400","0","97.8700","8.0000","-0.1400","0.0000","97.8700","8.0000","-0.1300","0","97.8700","8.0000","-0.1500","7","11","0"
"AAD2023.06.02752","293","2527","38","University of Massachusetts Amherst","Chemistry, Department of","Chemistry","24","85.0000","429","74.0000","23","79.0000","18.6500","59.0000","12699","66.0000","23","80.0000","1.0000","1.0000","20","62.0000","53","66.0000","37592538.0000","56.0000","56","70.0000","18","75.0000","5","47.0000","2","69.0000","19","17","5","17","18","0.0800","0.2200","117.0000","64.7400","0.2100","0.5200","55.0000","83.5900","0.9600","0.5600","115.0000","65.3500","17.8800","0.9300","56.0000","83.2800","0.9600","0.5400","126.0000","62.0100","529.1300","0.7000","54.0000","83.8900","29.6000","0.5800","74.0000","77.8100","0.8300","1.2900","28.0000","91.7900","2.2100","1.1600","48.0000","85.7100","1566355.7500","1.2900","34.0000","89.9700","709293.1700","1.1500","39.0000","88.4500","2.3300","0.5300","59.0000","82.3700","0.7500","1.0200","70.0000","79.0300","0.5000","46.0000","86.3200","0.6100","0.3100","0.4600","0.8400","0.4600","0.9200","0.3027","0.2200","0.7100","0.3700","0.7100","0.6500","0.5300","0.4100","77.5100","79.3300","75.9900","81.4600","76.2900","82.3700","100.0000","79.0300","86.0200","80.2400","83.2800","80.2400","77.8100","74.4700","329","4/1/2025 16:37","9","5","1.8000","0.3800","0.2100","61.0000","137.0000","81.0000","100.0000","66.0000","0.6100","-0.0450","0.0400","0.0900","0.7800","81.7600","58.6600","75.6800","69.9100","80.2400","6","8","83.8900","54.0000","0.4200","0.3300","85.4100","49.0000","0.4900","8","92.4000","26.0000","1.5900","42","78.7200","71.0000","0.1900","1.7500","78.4200","72.0000","0.4100","10","79.0300","70.0000","0.5900","0.3300","96.6600","12.0000","1.9600","0.4200","76.2900","79.0000","0.8300","0.0000","97.8700","8.0000","-0.1400","0","97.8700","8.0000","-0.1400","0.0000","97.8700","8.0000","-0.1300","0","97.8700","8.0000","-0.1500","7","11","0"
"AAD2023.06.02752","294","2565","38","University of Massachusetts Boston","Chemistry, Department of","Chemistry","13","201.0000","133","168.0000","13","178.0000","10.2300","150.0000","2458","177.0000","13","178.0000","1.0000","1.0000","8","156.0000","16","152.0000","7216349.0000","153.0000","7","190.0000","6","168.0000","3","77.0000","2","69.0000","19","17","5","17","18","0.1500","1.2000","36.0000","89.3600","0.2300","0.6500","48.0000","85.7100","1.0000","0.7700","1.0000","100.0000","10.2300","-0.0200","142.0000","57.1400","1.0000","0.7300","1.0000","100.0000","189.0800","-0.2900","153.0000","53.8000","18.4800","-0.3200","195.0000","41.0300","0.6200","0.5000","119.0000","64.1300","1.2300","0.1000","132.0000","60.1800","555103.7700","-0.1100","130.0000","60.7900","451021.8100","0.1100","149.0000","55.0200","0.5400","-0.4500","187.0000","43.4700","0.4600","0.0500","154.0000","53.5000","-0.2000","124.0000","62.6100","-0.4100","0.3100","-0.3400","-0.2900","-0.3400","-0.1500","0.3027","-0.4500","0.1600","-0.4100","-0.3900","-0.3600","-0.4000","-0.5200","49.2400","79.3300","46.2000","52.8900","46.2000","54.7100","100.0000","42.5500","76.9000","46.5000","53.8000","54.1000","49.2400","39.2100","329","4/1/2025 16:37","7","2","3.5000","0.5400","0.1500","122.0000","50.0000","103.0000","69.0000","113.0000","-0.2400","0.7238","-0.1000","0.4300","0.2900","63.2200","85.1100","69.0000","79.3300","65.9600","6","8","83.8900","54.0000","0.4200","0.6200","96.9600","11.0000","1.5300","5","82.0700","60.0000","0.6500","3","33.7400","219.0000","-0.5000","0.2300","32.2200","224.0000","-0.5900","1","28.8800","235.0000","-0.7800","0.3800","98.4800","6.0000","2.4500","0.0800","22.4900","256.0000","-0.9800","0.0000","97.8700","8.0000","-0.1400","0","97.8700","8.0000","-0.1400","0.0000","97.8700","8.0000","-0.1300","0","97.8700","8.0000","-0.1500","7","11","0"
"AAD2023.06.02752","295","2572","38","University of Massachusetts Dartmouth","Chemistry and Biochemistry, Department of","Chemistry","11","232.0000","86","202.0000","10","208.0000","8.6000","179.0000","1251","217.0000","10","211.0000","1.0000","1.0000","3","231.0000","7","218.0000","3650875.0000","196.0000","4","219.0000","4","199.0000","1","147.0000","1","125.0000","19","17","5","17","18","0.0900","0.3200","105.0000","68.3900","0.0900","-0.1300","136.0000","58.9700","0.9100","0.3300","173.0000","47.7200","7.8200","-0.3300","179.0000","45.9000","0.9100","0.3100","177.0000","46.5000","113.7300","-0.5100","202.0000","38.9100","14.5500","-0.6400","244.0000","26.1400","0.2700","-0.7400","235.0000","28.8800","0.6400","-0.5400","212.0000","35.8700","331897.7300","-0.4200","181.0000","45.2900","521553.5700","0.3900","109.0000","67.1700","0.3600","-0.5400","221.0000","33.1300","0.3600","-0.2800","191.0000","42.2500","-0.5000","183.0000","44.6800","-0.5800","-0.2800","-0.5800","-0.7500","-0.5800","-0.3600","0.3027","-0.4900","-0.4000","-0.5000","-0.5200","-0.6100","-0.5500","-0.6900","39.8200","62.3100","36.1700","30.0900","37.0800","45.9000","100.0000","33.7400","55.6200","34.3500","40.7300","34.0400","38.9100","29.7900","329","4/1/2025 16:37","0","0","0.0000","0.0000","0.0000","241.0000","241.0000","241.0000","241.0000","241.0000","-0.8100","-0.8591","-0.5800","-0.7100","-1.0800","27.0500","27.0500","27.0500","27.0500","27.0500","6","0","24.0100","251.0000","-0.5800","0.0000","24.0100","251.0000","-0.7300","0","24.0100","251.0000","-0.9100","6","41.9500","192.0000","-0.4400","0.5500","47.1100","175.0000","-0.3800","2","41.3400","194.0000","-0.6300","0.0000","24.0100","251.0000","-1.2300","0.1800","39.5100","200.0000","-0.4200","0.0000","97.8700","8.0000","-0.1400","0","97.8700","8.0000","-0.1400","0.0000","97.8700","8.0000","-0.1300","0","97.8700","8.0000","-0.1500","7","11","0"
"AAD2023.06.02752","296","2577","38","University of Massachusetts Lowell","Chemistry, Department of","Chemistry","20","117.0000","180","133.0000","18","119.0000","10.0000","155.0000","3752","139.0000","19","110.0000","1.0000","1.0000","10","130.0000","21","127.0000","10356827.0000","123.0000","14","145.0000","8","142.0000","1","147.0000","1","125.0000","19","17","5","17","18","0.0500","-0.2400","182.0000","44.9800","0.0500","-0.3600","187.0000","43.4700","0.9000","0.2800","186.0000","43.7700","9.0000","-0.1800","155.0000","53.1900","0.9500","0.5000","133.0000","59.8800","187.6000","-0.3000","154.0000","53.5000","20.8400","-0.1300","152.0000","54.1000","0.5000","0.0800","168.0000","49.2400","1.0500","-0.0900","153.0000","53.8000","517841.3500","-0.1600","136.0000","58.9700","493182.2400","0.2800","122.0000","63.2200","0.7000","-0.3600","166.0000","49.8500","0.4000","-0.1600","176.0000","46.8100","-0.3000","145.0000","56.2300","-0.2400","-0.2800","0.1400","-0.1000","0.0600","-0.1800","0.3027","-0.3500","-0.4000","-0.3100","-0.2700","-0.2300","-0.2500","0.0700","57.1400","62.3100","66.8700","60.7900","64.1300","53.1900","100.0000","56.2300","55.6200","58.0500","62.9200","61.7000","59.8800","64.7400","329","4/1/2025 16:37","1","1","1.0000","0.0500","0.0500","168.0000","169.0000","197.0000","230.0000","225.0000","-0.5300","-0.4068","-0.5100","-0.6000","-0.6400","49.2400","48.9400","40.4300","30.4000","31.9100","6","3","59.2700","135.0000","-0.2000","0.1500","50.7600","163.0000","-0.1800","3","69.3000","102.0000","0.0200","13","57.4500","141.0000","-0.3200","0.6500","50.7600","163.0000","-0.3100","6","64.4400","118.0000","-0.0200","0.1500","60.4900","131.0000","0.2000","0.3000","56.8400","143.0000","0.2100","0.0000","97.8700","8.0000","-0.1400","0","97.8700","8.0000","-0.1400","0.0000","97.8700","8.0000","-0.1300","0","97.8700","8.0000","-0.1500","7","11","0"
"AAD2023.06.02752","298","2585","38","University of Memphis","Chemistry, Department of","Chemistry","12","217.0000","85","203.0000","11","195.0000","7.7300","193.0000","1548","203.0000","11","198.0000","1.0000","1.0000","7","172.0000","11","190.0000","3850095.0000","191.0000","6","200.0000","4","199.0000","1","147.0000","2","69.0000","19","17","5","17","18","0.1700","1.3800","26.0000","92.4000","0.0800","-0.1700","145.0000","56.2300","0.9200","0.3600","165.0000","50.1500","7.0800","-0.4200","192.0000","41.9500","0.9200","0.3400","167.0000","49.5400","129.0000","-0.4700","194.0000","41.3400","18.2100","-0.3400","201.0000","39.2100","0.5800","0.3800","135.0000","59.2700","0.9200","-0.2400","172.0000","48.0200","320841.2500","-0.4300","183.0000","44.6800","350008.6400","-0.3000","213.0000","35.5600","0.5000","-0.4700","192.0000","41.9500","0.3300","-0.3800","197.0000","40.4300","-0.4000","159.0000","51.9800","-0.5800","0.3100","-0.5000","-0.3800","-0.5000","-0.4700","0.3027","-0.4600","-0.4000","-0.4800","-0.5100","-0.5000","-0.5500","-0.6000","39.8200","79.3300","40.1200","48.0200","41.0300","41.6400","100.0000","39.5100","55.6200","38.6000","42.2500","42.5500","38.6000","34.3500","329","4/1/2025 16:37","6","3","2.0000","0.5000","0.2500","94.0000","105.0000","110.0000","74.0000","43.0000","0.0400","0.0454","-0.1700","0.3500","1.1500","71.7300","68.3900","66.8700","77.8100","87.2300","6","1","38.6000","203.0000","-0.4600","0.0800","32.8300","222.0000","-0.4300","1","43.7700","186.0000","-0.6000","9","51.0600","162.0000","-0.3900","0.7500","56.2300","145.0000","-0.2500","6","64.4400","118.0000","-0.0200","0.0800","36.4700","210.0000","-0.4300","0.5000","90.5800","32.0000","1.2800","0.0000","97.8700","8.0000","-0.1400","0","97.8700","8.0000","-0.1400","0.0000","97.8700","8.0000","-0.1300","0","97.8700","8.0000","-0.1500","7","11","0"
"AAD2023.06.02752","29","2602","38","Bryn Mawr College","Chemistry, Department of","Chemistry","7","297.0000","29","269.0000","5","287.0000","5.8000","237.0000","225","291.0000","5","289.0000","1.0000","1.0000","4","215.0000","4","240.0000","1048167.0000","249.0000","3","230.0000","1","263.0000","0","207.0000","0","207.0000","19","17","5","17","18","0.0000","-0.9400","207.0000","37.3900","0.0000","-0.6300","207.0000","37.3900","0.7100","-0.6200","265.0000","19.7600","4.1400","-0.7800","247.0000","25.2300","0.7100","-0.6000","267.0000","19.1500","32.1400","-0.7500","279.0000","15.5000","7.7600","-1.1900","311.0000","5.7800","0.5700","0.3400","142.0000","57.1400","0.5700","-0.6100","220.0000","33.4300","149738.1400","-0.6700","225.0000","31.9100","262041.7500","-0.6600","249.0000","24.6200","0.4300","-0.5100","205.0000","37.9900","0.1400","-1.0200","257.0000","22.1900","-0.9000","235.0000","28.8800","-0.8400","-0.8700","-0.9800","-0.6600","-0.9800","-0.7100","0.3027","-0.5000","-0.6800","-0.5800","-0.6100","-0.6900","-0.7300","-1.0200","20.3600","37.3900","12.4600","34.9500","13.0700","28.2700","100.0000","30.4000","37.3900","11.8500","24.6200","27.3600","18.5400","10.0300","329","4/1/2025 16:37","0","0","0.0000","0.0000","0.0000","241.0000","241.0000","241.0000","241.0000","241.0000","-0.8100","-0.8591","-0.5800","-0.7100","-1.0800","27.0500","27.0500","27.0500","27.0500","27.0500","6","1","38.6000","203.0000","-0.4600","0.1400","50.1500","165.0000","-0.2100","1","43.7700","186.0000","-0.6000","3","33.7400","219.0000","-0.5000","0.4300","40.1200","198.0000","-0.4600","2","41.3400","194.0000","-0.6300","0.1400","59.2700","135.0000","0.1400","0.2900","54.7100","150.0000","0.1400","0.0000","97.8700","8.0000","-0.1400","0","97.8700","8.0000","-0.1400","0.0000","97.8700","8.0000","-0.1300","0","97.8700","8.0000","-0.1500","7","11","0"
"AAD2023.06.02752","302","2613","38","University of Mississippi, The","Chemistry and Biochemistry, Department of","Chemistry","16","161.0000","264","106.0000","15","154.0000","17.6000","66.0000","5625","110.0000","15","153.0000","0.9400","277.0000","9","141.0000","16","152.0000","4902284.0000","180.0000","11","163.0000","8","142.0000","3","77.0000","3","45.0000","19","17","5","17","18","0.1900","1.6600","18.0000","94.8300","0.1900","0.4100","60.0000","82.0700","0.9400","0.4600","142.0000","57.1400","16.5000","0.7600","69.0000","79.3300","0.9400","0.4400","150.0000","54.7100","351.5600","0.1800","98.0000","70.5200","21.3100","-0.0900","148.0000","55.3200","0.5600","0.3100","147.0000","55.6200","1.0000","-0.1500","155.0000","53.1900","306392.7500","-0.4500","187.0000","43.4700","306392.7500","-0.4800","228.0000","31.0000","0.6900","-0.3700","169.0000","48.9400","0.5000","0.1800","134.0000","59.5700","-0.1000","113.0000","65.9600","-0.2400","0.8900","-0.1800","-0.1900","-0.1800","0.7900","-0.1496","-0.3900","0.1600","-0.1700","-0.4700","-0.3600","0.0100","-0.2700","57.1400","86.6300","53.8000","57.4500","53.5000","80.2400","16.1100","50.7600","76.9000","66.8700","45.5900","54.1000","68.0900","51.3700","329","4/1/2025 16:37","7","5","1.4000","0.4400","0.3100","61.0000","158.0000","103.0000","89.0000","23.0000","0.6100","-0.2259","-0.1000","0.2200","1.7100","81.7600","52.2800","69.0000","73.2500","93.3100","6","1","38.6000","203.0000","-0.4600","0.0600","27.6600","239.0000","-0.5000","1","43.7700","186.0000","-0.6000","8","48.9400","169.0000","-0.4100","0.5000","44.6800","183.0000","-0.4100","2","41.3400","194.0000","-0.6300","0.0600","29.7900","232.0000","-0.6300","0.1300","31.3100","227.0000","-0.7200","0.0000","97.8700","8.0000","-0.1400","0","97.8700","8.0000","-0.1400","0.0000","97.8700","8.0000","-0.1300","0","97.8700","8.0000","-0.1500","7","11","0"
"AAD2023.06.02752","311","2730","38","University of Nevada, Las Vegas","Chemistry and Biochemistry, Department of","Chemistry","24","85.0000","157","148.0000","24","75.0000","6.5400","224.0000","3626","142.0000","24","75.0000","1.0000","1.0000","6","188.0000","13","173.0000","7292168.0000","151.0000","14","145.0000","10","116.0000","3","77.0000","3","45.0000","19","17","5","17","18","0.1300","0.8000","59.0000","82.3700","0.1300","0.0600","97.0000","70.8200","1.0000","0.7700","1.0000","100.0000","6.5400","-0.4900","204.0000","38.3000","1.0000","0.7300","1.0000","100.0000","151.0800","-0.4000","176.0000","46.8100","23.1000","0.0500","126.0000","62.0100","0.2500","-0.8300","241.0000","27.0500","0.5400","-0.6500","224.0000","32.2200","303840.3300","-0.4600","188.0000","43.1600","560936.0000","0.5500","83.0000","75.0800","0.5800","-0.4200","184.0000","44.3800","0.4200","-0.1000","170.0000","48.6300","-0.4000","159.0000","51.9800","-0.0700","0.8900","0.5400","-0.4700","0.5400","-0.6200","0.3027","-0.3500","0.1600","-0.3200","-0.3800","-0.4400","-0.3300","0.4100","65.0500","86.6300","77.5100","43.1600","77.5100","32.2200","100.0000","56.2300","76.9000","57.1400","54.4100","47.7200","55.3200","74.4700","329","4/1/2025 16:37","8","7","1.1400","0.3300","0.2900","37.0000","168.0000","92.0000","109.0000","31.0000","1.1800","-0.3435","-0.0300","0.0000","1.5300","89.0600","49.2400","72.3400","67.1700","90.8800","6","1","38.6000","203.0000","-0.4600","0.0400","24.6200","249.0000","-0.5800","1","43.7700","186.0000","-0.6000","29","72.6400","91.0000","-0.0400","1.2100","66.5700","111.0000","0.0500","10","79.0300","70.0000","0.5900","0.0400","25.2300","247.0000","-0.8300","0.4200","76.2900","79.0000","0.8300","0.0000","97.8700","8.0000","-0.1400","0","97.8700","8.0000","-0.1400","0.0000","97.8700","8.0000","-0.1300","0","97.8700","8.0000","-0.1500","7","11","0"
"AAD2023.06.02752","312","2760","38","University of Nevada, Reno","Chemistry, Department of","Chemistry","23","89.0000","192","128.0000","20","104.0000","9.6000","162.0000","2640","171.0000","21","95.0000","1.0000","1.0000","16","83.0000","31","101.0000","16020073.0000","102.0000","30","87.0000","19","70.0000","4","62.0000","3","45.0000","19","17","5","17","18","0.1300","0.8700","55.0000","83.5900","0.1700","0.3300","70.0000","79.0300","0.8700","0.1300","209.0000","36.7800","8.3500","-0.2600","167.0000","49.5400","0.9100","0.3200","174.0000","47.4200","114.7800","-0.5100","198.0000","40.1200","13.7500","-0.7000","254.0000","23.1000","0.7000","0.7900","88.0000","73.5600","1.3500","0.2300","120.0000","63.8300","696524.9100","0.0900","106.0000","68.0900","516776.5500","0.3700","112.0000","66.2600","1.3000","-0.0300","101.0000","69.6000","0.8300","1.2700","49.0000","85.4100","-0.2000","124.0000","62.6100","0.7000","0.8900","0.3000","0.4600","0.2200","-0.2300","0.3027","-0.1300","0.4400","-0.3900","-0.0700","0.0500","-0.2200","0.3200","79.0300","86.6300","71.4300","75.0800","68.6900","51.0600","100.0000","73.8600","81.4600","48.3300","69.3000","69.6000","61.4000","73.2500","329","4/1/2025 16:37","0","0","0.0000","0.0000","0.0000","241.0000","241.0000","241.0000","241.0000","241.0000","-0.8100","-0.8591","-0.5800","-0.7100","-1.0800","27.0500","27.0500","27.0500","27.0500","27.0500","6","3","59.2700","135.0000","-0.2000","0.1300","46.2000","178.0000","-0.2500","3","69.3000","102.0000","0.0200","16","60.4900","131.0000","-0.2700","0.7000","54.1000","152.0000","-0.2800","9","74.4700","85.0000","0.4300","0.1300","53.5000","154.0000","0.0200","0.3900","72.6400","91.0000","0.7000","0.0000","97.8700","8.0000","-0.1400","0","97.8700","8.0000","-0.1400","0.0000","97.8700","8.0000","-0.1300","0","97.8700","8.0000","-0.1500","7","11","0"
"AAD2023.06.02752","314","2793","38","University of New Mexico, The","Chemistry and Chemical Biology, Department of","Chemistry","21","109.0000","344","82.0000","19","112.0000","18.1100","62.0000","7435","94.0000","19","110.0000","1.0000","1.0000","11","122.0000","37","89.0000","19533048.0000","90.0000","28","91.0000","12","100.0000","2","105.0000","2","69.0000","19","17","5","17","18","0.1000","0.3800","99.0000","70.2100","0.1000","-0.1000","131.0000","60.4900","0.9000","0.3000","184.0000","44.3800","16.3800","0.7400","70.0000","79.0300","0.9000","0.2900","184.0000","44.3800","354.0500","0.1900","95.0000","71.4300","21.6100","-0.0700","141.0000","57.4500","0.5200","0.1700","162.0000","51.0600","1.7600","0.6800","82.0000","75.3800","930145.1400","0.4100","82.0000","75.3800","527920.2200","0.4200","105.0000","68.3900","1.3300","-0.0200","98.0000","70.5200","0.5700","0.4200","114.0000","65.6500","0.0000","101.0000","69.6000","0.1000","0.3100","0.1400","0.0000","0.1400","0.8500","0.3027","-0.1600","-0.1200","-0.0300","0.0600","0.2100","0.2600","0.1600","69.9100","79.3300","66.8700","63.2200","66.2600","81.4600","100.0000","72.6400","68.3900","71.7300","72.9500","73.2500","75.3800","67.1700","329","4/1/2025 16:37","9","4","2.2500","0.4300","0.1900","73.0000","95.0000","81.0000","91.0000","78.0000","0.3300","0.1585","0.0400","0.2000","0.6200","78.1200","71.4300","75.6800","72.6400","76.6000","6","2","50.4600","164.0000","-0.3300","0.1000","37.0800","208.0000","-0.3800","2","55.9300","146.0000","-0.2900","32","74.1600","86.0000","0.0100","1.5200","73.8600","87.0000","0.2600","5","59.2700","135.0000","-0.1700","0.1000","41.6400","193.0000","-0.3200","0.2400","44.9800","182.0000","-0.1200","0.0000","97.8700","8.0000","-0.1400","0","97.8700","8.0000","-0.1400","0.0000","97.8700","8.0000","-0.1300","0","97.8700","8.0000","-0.1500","7","11","0"
"AAD2023.06.02752","315","2814","38","University of New Orleans, The","Chemistry, Department of","Chemistry","8","283.0000","60","227.0000","8","246.0000","7.5000","196.0000","1408","209.0000","8","246.0000","1.0000","1.0000","4","215.0000","10","198.0000","3668471.0000","195.0000","1","269.0000","1","263.0000","0","207.0000","0","207.0000","19","17","5","17","18","0.0000","-0.9400","207.0000","37.3900","0.0000","-0.6300","207.0000","37.3900","1.0000","0.7700","1.0000","100.0000","7.5000","-0.3700","182.0000","44.9800","1.0000","0.7300","1.0000","100.0000","176.0000","-0.3300","164.0000","50.4600","23.4700","0.0800","122.0000","63.2200","0.5000","0.0800","168.0000","49.2400","1.2500","0.1200","127.0000","61.7000","458558.8800","-0.2400","157.0000","52.5800","366847.1000","-0.2400","202.0000","38.9100","0.1300","-0.6700","275.0000","16.7200","0.1300","-1.0800","266.0000","19.4500","-0.4000","159.0000","51.9800","-0.8400","-0.8700","-0.7400","-0.6600","-0.7400","-0.4900","0.3027","-0.5300","-0.6800","-0.4900","-0.5200","-0.5300","-0.6300","-0.9400","20.3600","37.3900","25.5300","34.9500","25.5300","40.7300","100.0000","18.5400","37.3900","36.7800","41.0300","40.1200","31.3100","14.2900","329","4/1/2025 16:37","1","2","0.5000","0.1300","0.2500","122.0000","238.0000","197.0000","178.0000","43.0000","-0.2400","-0.6329","-0.5100","-0.4400","1.1500","63.2200","27.9600","40.4300","46.2000","87.2300","6","0","24.0100","251.0000","-0.5800","0.0000","24.0100","251.0000","-0.7300","0","24.0100","251.0000","-0.9100","0","17.3300","273.0000","-0.5500","0.0000","17.3300","273.0000","-0.7400","0","17.3300","273.0000","-0.9300","0.0000","24.0100","251.0000","-1.2300","0.0000","17.3300","273.0000","-1.3900","0.0000","97.8700","8.0000","-0.1400","0","97.8700","8.0000","-0.1400","0.0000","97.8700","8.0000","-0.1300","0","97.8700","8.0000","-0.1500","7","11","0"
"AAD2023.06.02752","319","2867","38","University of North Dakota, The","Chemistry, Department of","Chemistry","10","250.0000","83","206.0000","10","208.0000","8.3000","185.0000","2463","176.0000","10","211.0000","1.0000","1.0000","4","215.0000","8","209.0000","2140447.0000","220.0000","3","230.0000","3","216.0000","0","207.0000","0","207.0000","19","17","5","17","18","0.0000","-0.9400","207.0000","37.3900","0.0000","-0.6300","207.0000","37.3900","1.0000","0.7700","1.0000","100.0000","8.3000","-0.2700","170.0000","48.6300","1.0000","0.7300","1.0000","100.0000","246.3000","-0.1200","128.0000","61.4000","29.6700","0.5800","73.0000","78.1200","0.4000","-0.2800","206.0000","37.6900","0.8000","-0.3600","185.0000","44.0700","214044.7000","-0.5800","208.0000","37.0800","267555.8800","-0.6400","247.0000","25.2300","0.3000","-0.5800","232.0000","29.7900","0.3000","-0.4900","209.0000","36.7800","-0.2000","124.0000","62.6100","-0.6700","-0.8700","-0.5800","-0.6600","-0.5800","-0.3900","0.3027","-0.5000","-0.6800","-0.4100","-0.5700","-0.5800","-0.5600","-0.7700","34.6500","37.3900","36.1700","34.9500","37.0800","44.0700","100.0000","30.4000","37.3900","46.8100","33.4300","36.7800","37.6900","24.3200","329","4/1/2025 16:37","1","1","1.0000","0.1000","0.1000","168.0000","169.0000","197.0000","197.0000","166.0000","-0.5300","-0.4068","-0.5100","-0.5000","-0.1900","49.2400","48.9400","40.4300","40.4300","49.8500","6","0","24.0100","251.0000","-0.5800","0.0000","24.0100","251.0000","-0.7300","0","24.0100","251.0000","-0.9100","8","48.9400","169.0000","-0.4100","0.8000","58.0500","139.0000","-0.2200","3","48.9400","169.0000","-0.4800","0.0000","24.0100","251.0000","-1.2300","0.3000","56.8400","143.0000","0.2100","0.0000","97.8700","8.0000","-0.1400","0","97.8700","8.0000","-0.1400","0.0000","97.8700","8.0000","-0.1300","0","97.8700","8.0000","-0.1500","7","11","0"
"AAD2023.06.02752","31","2900","38","California Institute of Technology","Chemistry and Chemical Engineering, Division of","Chemistry","43","15.0000","1134","9.0000","41","18.0000","27.6600","15.0000","43648","8.0000","42","18.0000","1.0000","1.0000","34","15.0000","117","15.0000","123328581.0000","5.0000","410","2.0000","42","8.0000","5","47.0000","4","26.0000","19","17","5","17","18","0.0900","0.3500","104.0000","68.6900","0.1200","0.0100","112.0000","66.2600","0.9500","0.5400","121.0000","63.5300","26.3700","1.9900","16.0000","95.4400","0.9800","0.6200","109.0000","67.1700","1015.0700","2.1200","13.0000","96.3500","38.4900","1.3000","30.0000","91.1900","0.7900","1.1400","49.0000","85.4100","2.7200","1.7200","24.0000","93.0100","2868106.5300","3.1000","6.0000","98.4800","1054090.4400","2.5500","5.0000","98.7800","9.5300","4.4300","3.0000","99.3900","0.9800","1.7800","4.0000","99.0900","1.1000","10.0000","97.2600","2.6600","1.4800","1.9800","2.1400","1.9100","2.0700","0.3027","5.0100","0.7100","2.7100","3.8200","2.4000","2.7500","2.0000","97.8700","92.4000","94.8300","95.7400","94.8300","95.7400","100.0000","99.7000","86.0200","97.8700","98.7800","95.7400","97.5700","95.7400","329","4/1/2025 16:37","48","9","5.3300","1.1200","0.2100","22.0000","20.0000","10.0000","19.0000","65.0000","1.7500","1.5514","2.7200","1.6500","0.7900","93.6200","94.2200","97.2600","94.5300","80.5500","6","16","95.7400","15.0000","1.4300","0.3700","88.4500","39.0000","0.6300","9","95.1400","17.0000","1.9000","269","98.4800","6.0000","4.1800","6.2600","98.1800","7.0000","3.3700","25","98.1800","7.0000","2.8700","0.2100","77.8100","74.0000","0.7700","0.5800","96.6600","12.0000","1.7100","0.0000","97.8700","8.0000","-0.1400","0","97.8700","8.0000","-0.1400","0.0000","97.8700","8.0000","-0.1300","0","97.8700","8.0000","-0.1500","7","11","0"
"AAD2023.06.02752","322","2910","38","University of Northern Colorado","Chemistry and Biochemistry, School of","Chemistry","7","297.0000","23","277.0000","6","275.0000","3.8300","282.0000","652","252.0000","6","275.0000","1.0000","1.0000","1","273.0000","1","278.0000","118574.0000","293.0000","1","269.0000","1","263.0000","0","207.0000","0","207.0000","19","17","5","17","18","0.0000","-0.9400","207.0000","37.3900","0.0000","-0.6300","207.0000","37.3900","0.8600","0.0700","211.0000","36.1700","3.2900","-0.8900","259.0000","21.5800","0.8600","0.0600","215.0000","34.9500","93.1400","-0.5700","224.0000","32.2200","28.3500","0.4800","85.0000","74.4700","0.1400","-1.2200","276.0000","16.4100","0.1400","-1.0800","281.0000","14.8900","16939.1400","-0.8600","293.0000","11.2500","118574.0000","-1.2400","292.0000","11.5500","0.1400","-0.6600","268.0000","18.8500","0.1400","-1.0200","257.0000","22.1900","-1.0000","253.0000","23.4000","-0.8400","-0.8700","-0.9000","-0.9400","-0.9000","-0.9600","0.3027","-0.5300","-0.6800","-0.5400","-0.6400","-0.7700","-0.7500","-1.0200","20.3600","37.3900","16.7200","17.3300","16.7200","14.5900","100.0000","18.5400","37.3900","23.7100","11.2500","15.8100","16.1100","10.0300","329","4/1/2025 16:37","0","0","0.0000","0.0000","0.0000","241.0000","241.0000","241.0000","241.0000","241.0000","-0.8100","-0.8591","-0.5800","-0.7100","-1.0800","27.0500","27.0500","27.0500","27.0500","27.0500","6","1","38.6000","203.0000","-0.4600","0.1400","50.1500","165.0000","-0.2100","1","43.7700","186.0000","-0.6000","0","17.3300","273.0000","-0.5500","0.0000","17.3300","273.0000","-0.7400","0","17.3300","273.0000","-0.9300","0.1400","59.2700","135.0000","0.1400","0.0000","17.3300","273.0000","-1.3900","0.0000","97.8700","8.0000","-0.1400","0","97.8700","8.0000","-0.1400","0.0000","97.8700","8.0000","-0.1300","0","97.8700","8.0000","-0.1500","7","11","0"
"AAD2023.06.02752","323","2919","38","University of Notre Dame","Chemistry and Biochemistry, Department of","Chemistry","52","7.0000","800","25.0000","51","7.0000","15.6900","88.0000","14740","56.0000","50","8.0000","0.9800","261.0000","32","17.0000","102","19.0000","77199826.0000","19.0000","95","45.0000","33","20.0000","5","47.0000","4","26.0000","19","17","5","17","18","0.0800","0.1300","127.0000","61.7000","0.1000","-0.1000","130.0000","60.7900","0.9800","0.6700","95.0000","71.4300","15.3800","0.6200","79.0000","76.2900","0.9600","0.5500","123.0000","62.9200","283.4600","-0.0200","112.0000","66.2600","18.4300","-0.3200","198.0000","40.1200","0.6200","0.5000","119.0000","64.1300","1.9600","0.9000","67.0000","79.9400","1484612.0400","1.1800","37.0000","89.0600","756861.0400","1.3400","31.0000","90.8800","1.8300","0.2500","74.0000","77.8100","0.6300","0.6300","101.0000","69.6000","0.3000","68.0000","79.6400","1.8900","1.4800","2.6300","1.9600","2.7100","0.5500","0.1608","0.7500","0.7100","0.5200","2.1500","1.9900","1.7000","2.7600","94.2200","92.4000","97.8700","95.1400","98.1800","73.5600","20.9700","86.6300","86.0200","83.2800","94.5300","94.5300","92.7100","98.1800","329","4/1/2025 16:37","21","7","3.0000","0.4000","0.1300","37.0000","61.0000","42.0000","95.0000","131.0000","1.1800","0.4977","0.8700","0.1500","0.1200","89.0600","81.7600","87.5400","71.4300","60.4900","6","9","86.0200","47.0000","0.5500","0.1700","54.7100","150.0000","-0.1000","6","87.8400","41.0000","0.9600","86","90.2700","33.0000","0.9600","1.6500","76.6000","78.0000","0.3500","23","97.2600","10.0000","2.5600","0.1200","49.2400","168.0000","-0.1300","0.4400","81.1600","63.0000","0.9700","0.0000","97.8700","8.0000","-0.1400","0","97.8700","8.0000","-0.1400","0.0000","97.8700","8.0000","-0.1300","0","97.8700","8.0000","-0.1500","7","11","0"
"AAD2023.06.02752","324","2941","38","University of Oklahoma","Chemistry and Biochemistry, Department of","Chemistry","25","78.0000","331","86.0000","22","86.0000","15.0500","94.0000","12908","64.0000","22","87.0000","1.0000","1.0000","15","90.0000","38","84.0000","29031443.0000","68.0000","27","92.0000","12","100.0000","3","77.0000","3","45.0000","19","17","5","17","18","0.1200","0.7300","69.0000","79.3300","0.1200","0.0300","108.0000","67.4800","0.8800","0.1800","203.0000","38.6000","13.2400","0.3500","106.0000","68.0900","0.8800","0.1700","205.0000","37.9900","516.3200","0.6600","62.0000","81.4600","39.0000","1.3400","28.0000","91.7900","0.6000","0.4400","126.0000","62.0100","1.5200","0.4200","103.0000","69.0000","1161257.7200","0.7300","61.0000","81.7600","763985.3400","1.3700","29.0000","91.4900","1.0800","-0.1500","122.0000","63.2200","0.4800","0.1100","149.0000","55.0200","0.0000","101.0000","69.6000","0.1000","0.8900","0.3800","0.3700","0.3800","0.4600","0.3027","-0.1700","0.1600","0.3800","0.4000","0.2400","0.2200","0.4900","69.9100","86.6300","73.8600","72.9500","74.1600","71.7300","100.0000","72.3400","76.9000","80.8500","79.6400","74.7700","74.1600","76.6000","329","4/1/2025 16:37","3","2","1.5000","0.1200","0.0800","122.0000","147.0000","147.0000","187.0000","193.0000","-0.2400","-0.1807","-0.3700","-0.4500","-0.3700","63.2200","55.6200","55.6200","43.4700","41.6400","6","3","59.2700","135.0000","-0.2000","0.1200","43.4700","187.0000","-0.2900","2","55.9300","146.0000","-0.2900","17","61.4000","128.0000","-0.2500","0.6800","52.8900","156.0000","-0.2900","11","82.0700","60.0000","0.7400","0.0800","34.3500","217.0000","-0.4700","0.4400","80.8500","64.0000","0.9600","0.0000","97.8700","8.0000","-0.1400","0","97.8700","8.0000","-0.1400","0.0000","97.8700","8.0000","-0.1300","0","97.8700","8.0000","-0.1500","7","11","0"
"AAD2023.06.02752","325","2986","38","University of Oregon","Chemistry and Biochemistry, Department of","Chemistry","31","45.0000","451","71.0000","30","45.0000","15.0300","95.0000","13074","63.0000","30","47.0000","1.0000","1.0000","23","43.0000","77","37.0000","44112849.0000","47.0000","112","35.0000","27","33.0000","4","62.0000","4","26.0000","19","17","5","17","18","0.1300","0.8500","57.0000","82.9800","0.1300","0.0800","92.0000","72.3400","0.9700","0.6100","105.0000","68.3900","14.5500","0.5100","89.0000","73.2500","0.9700","0.5800","115.0000","65.3500","421.7400","0.3900","77.0000","76.9000","28.9900","0.5300","78.0000","76.6000","0.7400","0.9600","69.0000","79.3300","2.4800","1.4600","33.0000","90.2700","1422995.1300","1.0900","43.0000","87.2300","572894.1400","0.6000","75.0000","77.5100","3.6100","1.2200","33.0000","90.2700","0.8700","1.4200","30.0000","91.1900","0.5000","46.0000","86.3200","1.3800","1.4800","1.0200","1.1200","1.0300","0.4600","0.3027","0.9800","0.4400","0.4000","0.9500","1.3000","0.6000","1.0000","90.2700","92.4000","86.0200","87.2300","86.6300","71.4300","100.0000","89.6700","81.4600","81.1600","86.0200","89.0600","78.7200","86.6300","329","4/1/2025 16:37","15","6","2.5000","0.4800","0.1900","48.0000","84.0000","58.0000","79.0000","75.0000","0.9000","0.2716","0.4500","0.3100","0.6500","85.7100","74.7700","82.6700","76.2900","77.5100","6","3","59.2700","135.0000","-0.2000","0.1000","37.3900","207.0000","-0.3800","2","55.9300","146.0000","-0.2900","44","79.6400","68.0000","0.2200","1.4200","71.7300","94.0000","0.1900","8","72.0400","93.0000","0.2800","0.0600","30.7000","229.0000","-0.6100","0.2600","47.7200","173.0000","-0.0100","0.0000","97.8700","8.0000","-0.1400","0","97.8700","8.0000","-0.1400","0.0000","97.8700","8.0000","-0.1300","0","97.8700","8.0000","-0.1500","7","11","0"
"AAD2023.06.02752","328","3020","38","University of Rhode Island","Chemistry, Department of","Chemistry","14","189.0000","149","155.0000","14","165.0000","10.6400","145.0000","3065","157.0000","14","169.0000","1.0000","1.0000","9","141.0000","13","173.0000","5380670.0000","173.0000","13","148.0000","8","142.0000","2","105.0000","2","69.0000","19","17","5","17","18","0.1400","1.0400","43.0000","87.2300","0.1400","0.1600","81.0000","75.6800","1.0000","0.7700","1.0000","100.0000","10.6400","0.0300","139.0000","58.0500","1.0000","0.7300","1.0000","100.0000","218.9300","-0.2000","142.0000","57.1400","20.5700","-0.1500","156.0000","52.8900","0.6400","0.6000","104.0000","68.6900","0.9300","-0.2300","171.0000","48.3300","384333.5700","-0.3500","173.0000","47.7200","413897.6900","-0.0400","169.0000","48.9400","0.9300","-0.2300","138.0000","58.3600","0.5700","0.4200","114.0000","65.6500","-0.2000","124.0000","62.6100","-0.2400","0.3100","-0.2600","-0.1900","-0.2600","-0.1000","0.3027","-0.3600","-0.1200","-0.3600","-0.4500","-0.4400","-0.3500","-0.4300","57.1400","79.3300","48.9400","57.4500","50.1500","56.2300","100.0000","55.3200","68.3900","52.5800","47.7200","47.7200","53.1900","42.8600","329","4/1/2025 16:37","4","2","2.0000","0.2900","0.1400","122.0000","105.0000","134.0000","121.0000","120.0000","-0.2400","0.0454","-0.3100","-0.1000","0.1900","63.2200","68.3900","59.5700","63.5300","63.8300","6","4","66.8700","110.0000","-0.0800","0.2900","76.6000","78.0000","0.3200","3","69.3000","102.0000","0.0200","8","48.9400","169.0000","-0.4100","0.5700","48.3300","171.0000","-0.3700","5","59.2700","135.0000","-0.1700","0.2100","79.6400","68.0000","0.8200","0.3600","65.6500","114.0000","0.5200","0.0000","97.8700","8.0000","-0.1400","0","97.8700","8.0000","-0.1400","0.0000","97.8700","8.0000","-0.1300","0","97.8700","8.0000","-0.1500","7","11","0"
"AAD2023.06.02752","332","3052","38","University of South Carolina","Chemistry and Biochemistry, Department of","Chemistry","31","45.0000","515","58.0000","31","42.0000","16.6100","75.0000","13402","62.0000","31","41.0000","1.0000","1.0000","22","49.0000","56","61.0000","26004794.0000","71.0000","65","62.0000","23","51.0000","4","62.0000","2","69.0000","19","17","5","17","18","0.0600","-0.0400","154.0000","53.5000","0.1300","0.0800","92.0000","72.3400","1.0000","0.7700","1.0000","100.0000","16.6100","0.7700","68.0000","79.6400","1.0000","0.7300","1.0000","100.0000","432.3200","0.4200","75.0000","77.5100","26.0200","0.2900","99.0000","70.2100","0.7100","0.8400","83.0000","75.0800","1.8100","0.7300","78.0000","76.6000","838864.3200","0.2800","90.0000","72.9500","464371.3200","0.1600","137.0000","58.6600","2.1000","0.4000","70.0000","79.0300","0.7400","0.9900","74.0000","77.8100","0.4000","52.0000","84.5000","1.0400","0.3100","1.1000","1.0200","1.1100","0.6600","0.3027","0.3400","0.4400","0.4200","0.2900","0.7300","0.8000","1.0000","84.8000","79.3300","87.8400","85.4100","87.5400","77.5100","100.0000","81.4600","81.4600","81.4600","78.7200","81.7600","82.6700","86.6300","329","4/1/2025 16:37","5","4","1.2500","0.1600","0.1300","73.0000","164.0000","119.0000","165.0000","137.0000","0.3300","-0.2938","-0.2400","-0.3700","0.0700","78.1200","50.4600","64.1300","50.1500","58.6600","6","5","72.9500","90.0000","0.0500","0.1600","52.5800","157.0000","-0.1400","5","82.0700","60.0000","0.6500","53","82.0700","60.0000","0.3800","1.7100","77.2000","76.0000","0.3800","12","83.8900","54.0000","0.8900","0.1600","62.9200","123.0000","0.3100","0.3900","71.7300","94.0000","0.6800","0.0000","97.8700","8.0000","-0.1400","0","97.8700","8.0000","-0.1400","0.0000","97.8700","8.0000","-0.1300","0","97.8700","8.0000","-0.1500","7","11","0"
"AAD2023.06.02752","333","3086","38","University of South Dakota, The","Chemistry, Department of","Chemistry","11","232.0000","90","199.0000","10","208.0000","9.0000","171.0000","1630","198.0000","10","211.0000","1.0000","1.0000","7","172.0000","14","165.0000","3151882.0000","200.0000","8","186.0000","6","168.0000","0","207.0000","0","207.0000","19","17","5","17","18","0.0000","-0.9400","207.0000","37.3900","0.0000","-0.6300","207.0000","37.3900","0.9100","0.3300","173.0000","47.7200","8.1800","-0.2800","173.0000","47.7200","0.9100","0.3100","177.0000","46.5000","148.1800","-0.4100","182.0000","44.9800","18.1100","-0.3500","204.0000","38.3000","0.6400","0.5800","106.0000","68.0900","1.2700","0.1500","125.0000","62.3100","286534.7300","-0.4800","191.0000","42.2500","225134.4300","-0.8100","269.0000","18.5400","0.7300","-0.3400","162.0000","51.0600","0.5500","0.3300","124.0000","62.6100","-0.4000","159.0000","51.9800","-0.4100","-0.8700","-0.5800","-0.3800","-0.5800","-0.3000","0.3027","-0.4300","-0.6800","-0.4700","-0.5300","-0.4200","-0.5400","-0.6900","49.2400","37.3900","36.1700","48.0200","37.0800","48.3300","100.0000","43.7700","37.3900","40.1200","39.5100","50.1500","39.8200","29.7900","329","4/1/2025 16:37","0","0","0.0000","0.0000","0.0000","241.0000","241.0000","241.0000","241.0000","241.0000","-0.8100","-0.8591","-0.5800","-0.7100","-1.0800","27.0500","27.0500","27.0500","27.0500","27.0500","6","1","38.6000","203.0000","-0.4600","0.0900","35.8700","212.0000","-0.4000","1","43.7700","186.0000","-0.6000","8","48.9400","169.0000","-0.4100","0.7300","54.7100","150.0000","-0.2600","4","53.1900","155.0000","-0.3300","0.0900","40.4300","197.0000","-0.3600","0.3600","67.7800","107.0000","0.5500","0.0000","97.8700","8.0000","-0.1400","0","97.8700","8.0000","-0.1400","0.0000","97.8700","8.0000","-0.1300","0","97.8700","8.0000","-0.1500","7","11","0"
"AAD2023.06.02752","336","3093","38","University of Southern Mississippi, The","Chemistry and Biochemistry, Department of","Chemistry","10","250.0000","68","219.0000","10","208.0000","6.8000","217.0000","945","233.0000","10","211.0000","1.0000","1.0000","6","188.0000","11","190.0000","5232490.0000","175.0000","6","200.0000","5","183.0000","1","147.0000","1","125.0000","19","17","5","17","18","0.1000","0.4500","91.0000","72.6400","0.1000","-0.0800","126.0000","62.0100","1.0000","0.7700","1.0000","100.0000","6.8000","-0.4500","197.0000","40.4300","1.0000","0.7300","1.0000","100.0000","94.5000","-0.5700","222.0000","32.8300","13.9000","-0.6900","250.0000","24.3200","0.6000","0.4400","126.0000","62.0100","1.1000","-0.0400","146.0000","55.9300","523249.0000","-0.1500","134.0000","59.5700","475680.9100","0.2100","130.0000","60.7900","0.6000","-0.4100","180.0000","45.5900","0.5000","0.1800","134.0000","59.5700","-0.4000","159.0000","51.9800","-0.5000","-0.2800","-0.5800","-0.4700","-0.5800","-0.5800","0.3027","-0.4600","-0.4000","-0.5200","-0.4600","-0.5000","-0.6100","-0.7700","44.6800","62.3100","36.1700","43.1600","37.0800","34.3500","100.0000","39.5100","55.6200","29.4800","47.1100","42.5500","33.7400","24.3200","329","4/1/2025 16:37","1","1","1.0000","0.1000","0.1000","168.0000","169.0000","197.0000","197.0000","166.0000","-0.5300","-0.4068","-0.5100","-0.5000","-0.1900","49.2400","48.9400","40.4300","40.4300","49.8500","6","1","38.6000","203.0000","-0.4600","0.1000","40.4300","197.0000","-0.3700","1","43.7700","186.0000","-0.6000","0","17.3300","273.0000","-0.5500","0.0000","17.3300","273.0000","-0.7400","0","17.3300","273.0000","-0.9300","0.1000","46.2000","178.0000","-0.2700","0.0000","17.3300","273.0000","-1.3900","0.0000","97.8700","8.0000","-0.1400","0","97.8700","8.0000","-0.1400","0.0000","97.8700","8.0000","-0.1300","0","97.8700","8.0000","-0.1500","7","11","0"
"AAD2023.06.02752","342","3131","38","University of Tulsa, The","Chemistry and Biochemistry, Department of","Chemistry","10","250.0000","30","267.0000","9","229.0000","3.3300","289.0000","517","260.0000","9","228.0000","1.0000","1.0000","1","273.0000","1","278.0000","125835.0000","292.0000","1","269.0000","1","263.0000","0","207.0000","0","207.0000","19","17","5","17","18","0.0000","-0.9400","207.0000","37.3900","0.0000","-0.6300","207.0000","37.3900","0.9000","0.2800","186.0000","43.7700","3.0000","-0.9300","263.0000","20.3600","0.9000","0.2600","187.0000","43.4700","51.7000","-0.6900","258.0000","21.8800","17.2300","-0.4200","212.0000","35.8700","0.1000","-1.3700","287.0000","13.0700","0.1000","-1.1200","290.0000","12.1600","12583.5000","-0.8600","294.0000","10.9400","125835.0000","-1.2100","290.0000","12.1600","0.1000","-0.6800","282.0000","14.5900","0.1000","-1.1600","280.0000","15.2000","-0.9000","235.0000","28.8800","-0.8400","-0.8700","-0.6600","-0.9400","-0.6600","-1.0200","0.3027","-0.5300","-0.6800","-0.5500","-0.6400","-0.7700","-0.7300","-0.7700","20.3600","37.3900","31.0000","17.3300","30.7000","12.4600","100.0000","18.5400","37.3900","21.2800","11.5500","15.8100","19.1500","24.3200","329","4/1/2025 16:37","0","0","0.0000","0.0000","0.0000","241.0000","241.0000","241.0000","241.0000","241.0000","-0.8100","-0.8591","-0.5800","-0.7100","-1.0800","27.0500","27.0500","27.0500","27.0500","27.0500","6","0","24.0100","251.0000","-0.5800","0.0000","24.0100","251.0000","-0.7300","0","24.0100","251.0000","-0.9100","3","33.7400","219.0000","-0.5000","0.3000","35.2600","214.0000","-0.5400","2","41.3400","194.0000","-0.6300","0.0000","24.0100","251.0000","-1.2300","0.2000","41.6400","193.0000","-0.3200","0.0000","97.8700","8.0000","-0.1400","0","97.8700","8.0000","-0.1400","0.0000","97.8700","8.0000","-0.1300","0","97.8700","8.0000","-0.1500","7","11","0"
"AAD2023.06.02752","343","3146","38","University of Utah, The","Chemistry, Department of","Chemistry","33","40.0000","752","29.0000","32","39.0000","23.5000","21.0000","22087","33.0000","32","39.0000","1.0000","1.0000","30","23.0000","94","23.0000","51562764.0000","38.0000","150","24.0000","31","27.0000","7","25.0000","5","15.0000","19","17","5","17","18","0.1500","1.1600","39.0000","88.4500","0.2100","0.5400","53.0000","84.1900","0.9700","0.6200","104.0000","68.6900","22.7900","1.5400","23.0000","93.3100","0.9700","0.5900","114.0000","65.6500","669.3000","1.1100","36.0000","89.3600","29.3700","0.5600","76.0000","77.2000","0.9100","1.5600","5.0000","98.7800","2.8500","1.8600","18.0000","94.8300","1562508.0000","1.2900","35.0000","89.6700","548540.0400","0.5000","91.0000","72.6400","4.5500","1.7200","23.0000","93.3100","0.9400","1.6500","15.0000","95.7400","0.7000","30.0000","91.1900","1.7200","2.0700","1.1800","1.7700","1.1900","1.5400","0.3027","1.4900","1.2700","1.0800","1.2200","1.7700","1.5500","1.1600","92.1000","95.7400","88.4500","93.3100","88.4500","93.9200","100.0000","93.0100","92.7100","90.2700","88.7500","93.3100","91.4900","88.1500","329","4/1/2025 16:37","25","9","2.7800","0.7600","0.2700","22.0000","77.0000","30.0000","45.0000","35.0000","1.7500","0.3982","1.1400","0.8900","1.3600","93.6200","76.9000","91.1900","86.6300","89.6700","6","4","66.8700","110.0000","-0.0800","0.1200","43.7700","186.0000","-0.2900","3","69.3000","102.0000","0.0200","31","73.8600","87.0000","0.0000","0.9400","61.4000","128.0000","-0.1200","14","87.5400","42.0000","1.2000","0.0900","40.4300","197.0000","-0.3600","0.4200","77.8100","74.0000","0.8700","0.0000","97.8700","8.0000","-0.1400","0","97.8700","8.0000","-0.1400","0.0000","97.8700","8.0000","-0.1300","0","97.8700","8.0000","-0.1500","7","11","0"
"AAD2023.06.02752","346","3252","38","University of Washington","Chemistry, Department of","Chemistry","38","29.0000","759","28.0000","36","31.0000","21.0800","40.0000","21974","35.0000","36","30.0000","1.0000","1.0000","31","19.0000","111","16.0000","76224094.0000","20.0000","150","24.0000","34","17.0000","6","36.0000","4","26.0000","19","17","5","17","18","0.1100","0.5200","85.0000","74.4700","0.1600","0.2400","78.0000","76.6000","0.9500","0.5100","127.0000","61.7000","19.9700","1.1900","42.0000","87.5400","0.9500","0.4900","136.0000","58.9700","578.2600","0.8400","48.0000","85.7100","28.9500","0.5300","79.0000","76.2900","0.8200","1.2300","35.0000","89.6700","2.9200","1.9400","13.0000","96.3500","2005897.2100","1.9000","21.0000","93.9200","686703.5500","1.0600","46.0000","86.3200","3.9500","1.4000","28.0000","91.7900","0.8900","1.5000","24.0000","93.0100","0.8000","21.0000","93.9200","1.9800","1.4800","1.5000","1.8600","1.5100","1.2300","0.3027","1.4900","0.9900","1.0700","2.1100","2.2300","1.5700","1.5800","95.1400","92.4000","91.1900","94.5300","90.8800","88.1500","100.0000","93.0100","89.3600","89.6700","94.2200","95.4400","91.7900","91.4900","329","4/1/2025 16:37","71","13","5.4600","1.8700","0.3400","6.0000","19.0000","3.0000","5.0000","12.0000","2.8900","1.6102","4.3100","3.2400","1.9800","98.4800","94.5300","99.3900","98.7800","96.6600","6","10","88.4500","39.0000","0.6800","0.2600","72.9500","90.0000","0.2300","7","90.2700","33.0000","1.2700","118","95.1400","17.0000","1.5200","3.1100","92.4000","26.0000","1.3000","15","89.3600","36.0000","1.3500","0.1800","70.5200","98.0000","0.5300","0.3900","72.9500","90.0000","0.7200","0.0000","97.8700","8.0000","-0.1400","0","97.8700","8.0000","-0.1400","0.0000","97.8700","8.0000","-0.1300","0","97.8700","8.0000","-0.1500","7","11","0"
"AAD2023.06.02752","348","3318","38","University of Wisconsin - Milwaukee","Chemistry and Biochemistry, Department of","Chemistry","18","134.0000","127","174.0000","16","139.0000","7.9400","189.0000","1763","191.0000","17","131.0000","1.0000","1.0000","8","156.0000","13","173.0000","3812194.0000","193.0000","9","172.0000","4","199.0000","1","147.0000","1","125.0000","19","17","5","17","18","0.0600","-0.1700","170.0000","48.6300","0.0600","-0.3200","181.0000","45.2900","0.8900","0.2300","194.0000","41.3400","7.0600","-0.4200","193.0000","41.6400","0.9400","0.4700","139.0000","58.0500","97.9400","-0.5600","215.0000","34.9500","13.8800","-0.6900","251.0000","24.0100","0.4400","-0.1200","193.0000","41.6400","0.7200","-0.4500","200.0000","39.5100","211788.5600","-0.5900","210.0000","36.4700","293245.6900","-0.5300","234.0000","29.1800","0.5000","-0.4700","192.0000","41.9500","0.2200","-0.7500","236.0000","28.5700","-0.6000","198.0000","40.1200","-0.5800","-0.2800","-0.0200","-0.2900","-0.1000","-0.4400","0.3027","-0.4200","-0.4000","-0.4600","-0.5100","-0.4400","-0.4200","-0.1000","39.8200","62.3100","60.4900","52.8900","58.0500","42.8600","100.0000","48.0200","55.6200","42.2500","41.6400","47.7200","47.4200","59.5700","329","4/1/2025 16:37","4","2","2.0000","0.2200","0.1100","122.0000","105.0000","134.0000","132.0000","156.0000","-0.2400","0.0454","-0.3100","-0.2400","-0.0900","63.2200","68.3900","59.5700","60.1800","52.8900","6","9","86.0200","47.0000","0.5500","0.5000","94.5300","19.0000","1.1000","4","77.8100","74.0000","0.3400","9","51.0600","162.0000","-0.3900","0.5000","44.6800","183.0000","-0.4100","5","59.2700","135.0000","-0.1700","0.2200","81.7600","61.0000","0.9000","0.2800","52.5800","157.0000","0.0900","0.0000","97.8700","8.0000","-0.1400","0","97.8700","8.0000","-0.1400","0.0000","97.8700","8.0000","-0.1300","0","97.8700","8.0000","-0.1500","7","11","0"
"AAD2023.06.02752","349","3346","38","University of Wyoming","Chemistry, Department of","Chemistry","11","232.0000","81","208.0000","11","195.0000","7.3600","201.0000","1062","221.0000","11","198.0000","1.0000","1.0000","8","156.0000","11","190.0000","4490029.0000","186.0000","6","200.0000","5","183.0000","1","147.0000","1","125.0000","19","17","5","17","18","0.0900","0.3200","105.0000","68.3900","0.0900","-0.1300","136.0000","58.9700","1.0000","0.7700","1.0000","100.0000","7.3600","-0.3800","185.0000","44.0700","1.0000","0.7300","1.0000","100.0000","96.5500","-0.5600","216.0000","34.6500","13.1100","-0.7500","264.0000","20.0600","0.7300","0.9100","75.0000","77.5100","1.0000","-0.1500","155.0000","53.1900","408184.4500","-0.3100","166.0000","49.8500","408184.4500","-0.0700","172.0000","48.0200","0.5500","-0.4400","185.0000","44.0700","0.4500","0.0300","157.0000","52.5800","-0.4000","159.0000","51.9800","-0.5000","-0.2800","-0.5000","-0.2900","-0.5000","-0.5100","0.3027","-0.4600","-0.4000","-0.5100","-0.4900","-0.5000","-0.5700","-0.6900","44.6800","62.3100","40.1200","52.8900","41.0300","39.2100","100.0000","39.5100","55.6200","33.1300","43.7700","42.5500","37.0800","29.7900","329","4/1/2025 16:37","9","2","4.5000","0.8200","0.1800","122.0000","38.0000","81.0000","38.0000","86.0000","-0.2400","1.1760","0.0400","1.0200","0.5400","63.2200","88.7500","75.6800","88.7500","74.1600","6","0","24.0100","251.0000","-0.5800","0.0000","24.0100","251.0000","-0.7300","0","24.0100","251.0000","-0.9100","11","54.4100","151.0000","-0.3500","1.0000","63.5300","121.0000","-0.0800","4","53.1900","155.0000","-0.3300","0.0000","24.0100","251.0000","-1.2300","0.3600","67.7800","107.0000","0.5500","0.0000","97.8700","8.0000","-0.1400","0","97.8700","8.0000","-0.1400","0.0000","97.8700","8.0000","-0.1300","0","97.8700","8.0000","-0.1500","7","11","0"
"AAD2023.06.02752","34","3388","38","Carnegie Mellon University","Chemistry, Department of","Chemistry","27","65.0000","583","47.0000","27","57.0000","21.5900","34.0000","25036","27.0000","27","58.0000","1.0000","1.0000","19","72.0000","56","61.0000","23628748.0000","74.0000","59","67.0000","18","75.0000","5","47.0000","3","45.0000","19","17","5","17","18","0.1100","0.6000","74.0000","77.8100","0.1900","0.4000","62.0000","81.4600","1.0000","0.7700","1.0000","100.0000","21.5900","1.3900","30.0000","91.1900","1.0000","0.7300","1.0000","100.0000","927.2600","1.8600","18.0000","94.8300","42.9400","1.6600","22.0000","93.6200","0.7000","0.8200","85.0000","74.4700","2.0700","1.0200","57.0000","82.9800","875138.8100","0.3300","87.0000","73.8600","421941.9300","-0.0100","162.0000","51.0600","2.1900","0.4500","66.0000","80.2400","0.6700","0.7400","91.0000","72.6400","0.4000","52.0000","84.5000","0.6100","0.8900","0.7800","0.7400","0.7800","1.2900","0.3027","0.2600","0.7100","1.3000","0.2100","0.7300","1.0100","0.6600","77.5100","86.6300","82.6700","78.4200","82.9800","89.9700","100.0000","79.9400","86.0200","92.1000","77.8100","81.7600","86.0200","80.5500","329","4/1/2025 16:37","9","4","2.2500","0.3300","0.1500","73.0000","95.0000","81.0000","109.0000","118.0000","0.3300","0.1585","0.0400","0.0000","0.2400","78.1200","71.4300","75.6800","67.1700","64.4400","6","9","86.0200","47.0000","0.5500","0.3300","85.4100","49.0000","0.4900","5","82.0700","60.0000","0.6500","54","82.6700","58.0000","0.4000","2.0000","82.6700","58.0000","0.5700","9","74.4700","85.0000","0.4300","0.1900","71.4300","95.0000","0.5400","0.3300","63.2200","122.0000","0.3900","0.0000","97.8700","8.0000","-0.1400","0","97.8700","8.0000","-0.1400","0.0000","97.8700","8.0000","-0.1300","0","97.8700","8.0000","-0.1500","7","11","0"
"AAD2023.06.02752","353","3478","38","Virginia Commonwealth University","Chemistry, Department of","Chemistry","19","123.0000","189","131.0000","18","119.0000","10.5000","148.0000","3885","136.0000","19","110.0000","1.0000","1.0000","13","103.0000","27","109.0000","9624358.0000","127.0000","18","125.0000","11","107.0000","1","147.0000","1","125.0000","19","17","5","17","18","0.0500","-0.2100","179.0000","45.9000","0.0500","-0.3400","185.0000","44.0700","0.9500","0.5100","127.0000","61.7000","9.9500","-0.0600","147.0000","55.6200","1.0000","0.7300","1.0000","100.0000","204.4700","-0.2500","148.0000","55.3200","20.5600","-0.1500","157.0000","52.5800","0.6800","0.7500","91.0000","72.6400","1.4200","0.3100","110.0000","66.8700","506545.1600","-0.1800","140.0000","57.7500","356457.7000","-0.2800","207.0000","37.3900","0.9500","-0.2200","133.0000","59.8800","0.5800","0.4400","112.0000","66.2600","-0.1000","113.0000","65.9600","0.0200","-0.2800","0.1400","0.1800","0.0600","-0.1100","0.3027","-0.3000","-0.4000","-0.3000","-0.3000","-0.0600","-0.2300","-0.0100","67.7800","62.3100","66.8700","69.0000","64.1300","55.3200","100.0000","62.3100","55.6200","58.9700","61.7000","67.1700","60.4900","62.9200","329","4/1/2025 16:37","3","1","3.0000","0.1600","0.0500","168.0000","61.0000","147.0000","166.0000","222.0000","-0.5300","0.4977","-0.3700","-0.3700","-0.6100","49.2400","81.7600","55.6200","49.8500","32.8300","6","2","50.4600","164.0000","-0.3300","0.1100","41.3400","194.0000","-0.3500","2","55.9300","146.0000","-0.2900","20","64.7400","117.0000","-0.2000","1.0500","64.1300","119.0000","-0.0500","10","79.0300","70.0000","0.5900","0.1100","46.8100","176.0000","-0.2200","0.5300","92.4000","26.0000","1.4200","0.0000","97.8700","8.0000","-0.1400","0","97.8700","8.0000","-0.1400","0.0000","97.8700","8.0000","-0.1300","0","97.8700","8.0000","-0.1500","7","11","0"
"AAD2023.06.02752","355","3503","38","Wake Forest University","Chemistry, Department of","Chemistry","18","134.0000","102","191.0000","18","119.0000","5.6700","243.0000","1692","196.0000","18","120.0000","1.0000","1.0000","8","156.0000","8","209.0000","2063614.0000","223.0000","11","163.0000","9","127.0000","2","105.0000","2","69.0000","19","17","5","17","18","0.1100","0.6000","74.0000","77.8100","0.1100","-0.0200","113.0000","65.9600","1.0000","0.7700","1.0000","100.0000","5.6700","-0.5900","216.0000","34.6500","1.0000","0.7300","1.0000","100.0000","94.0000","-0.5700","223.0000","32.5200","16.5900","-0.4700","217.0000","34.3500","0.4400","-0.1200","193.0000","41.6400","0.4400","-0.7500","234.0000","29.1800","114645.2200","-0.7200","236.0000","28.5700","257951.7500","-0.6800","253.0000","23.4000","0.6100","-0.4100","179.0000","45.9000","0.5000","0.1800","134.0000","59.5700","-0.6000","198.0000","40.1200","-0.1600","0.3100","0.0600","-0.2900","0.0600","-0.7300","0.3027","-0.3900","-0.1200","-0.4600","-0.5700","-0.5800","-0.5000","-0.1000","61.7000","79.3300","63.8300","52.8900","64.1300","26.4400","100.0000","50.7600","68.3900","40.7300","32.5200","36.7800","42.2500","59.5700","329","4/1/2025 16:37","2","1","2.0000","0.1100","0.0600","168.0000","105.0000","164.0000","191.0000","216.0000","-0.5300","0.0454","-0.4400","-0.4700","-0.5900","49.2400","68.3900","50.4600","42.2500","34.6500","6","6","76.2900","79.0000","0.1700","0.3300","85.4100","49.0000","0.4900","6","87.8400","41.0000","0.9600","22","68.3900","105.0000","-0.1600","1.2200","67.1700","109.0000","0.0600","7","68.0900","106.0000","0.1300","0.3300","96.6600","12.0000","1.9600","0.3900","72.3400","92.0000","0.6800","0.0000","97.8700","8.0000","-0.1400","0","97.8700","8.0000","-0.1400","0.0000","97.8700","8.0000","-0.1300","0","97.8700","8.0000","-0.1500","7","11","0"
"AAD2023.06.02752","359","3548","38","Wayne State University","Chemistry, Department of","Chemistry","26","72.0000","372","80.0000","26","66.0000","14.3100","107.0000","5980","105.0000","26","66.0000","1.0000","1.0000","20","62.0000","55","63.0000","35090441.0000","60.0000","55","71.0000","21","62.0000","9","15.0000","2","69.0000","19","17","5","17","18","0.0800","0.1300","127.0000","61.7000","0.3500","1.2900","24.0000","93.0100","1.0000","0.7700","1.0000","100.0000","14.3100","0.4800","95.0000","71.4300","1.0000","0.7300","1.0000","100.0000","230.0000","-0.1700","137.0000","58.6600","16.0800","-0.5100","226.0000","31.6100","0.7700","1.0600","58.0000","82.6700","2.1200","1.0600","55.0000","83.5900","1349632.3500","0.9900","46.0000","86.3200","638008.0200","0.8600","57.0000","82.9800","2.1200","0.4100","69.0000","79.3300","0.8100","1.2100","54.0000","83.8900","0.4000","52.0000","84.5000","0.8700","0.3100","0.7000","0.8400","0.7000","0.3700","0.3027","0.2000","1.8300","-0.1400","0.6200","0.7000","0.3500","0.5800","81.4600","79.3300","80.2400","81.4600","80.2400","67.7800","100.0000","78.7200","95.7400","68.3900","82.0700","81.1600","75.9900","78.4200","329","4/1/2025 16:37","20","7","2.8600","0.7700","0.2700","37.0000","76.0000","44.0000","43.0000","37.0000","1.1800","0.4344","0.8000","0.9200","1.3300","89.0600","77.2000","86.9300","87.2300","89.0600","6","8","83.8900","54.0000","0.4200","0.3100","80.5500","65.0000","0.4000","6","87.8400","41.0000","0.9600","52","81.7600","61.0000","0.3700","2.0000","82.6700","58.0000","0.5700","11","82.0700","60.0000","0.7400","0.2300","84.1900","53.0000","0.9800","0.4200","77.5100","75.0000","0.8700","0.0000","97.8700","8.0000","-0.1400","0","97.8700","8.0000","-0.1400","0.0000","97.8700","8.0000","-0.1300","0","97.8700","8.0000","-0.1500","7","11","0"
"AAD2023.06.02752","361","3615","38","Wesleyan University","Chemistry, Department of","Chemistry","11","232.0000","75","214.0000","10","208.0000","7.5000","196.0000","1166","219.0000","10","211.0000","1.0000","1.0000","6","188.0000","12","180.0000","4508624.0000","185.0000","9","172.0000","6","168.0000","0","207.0000","0","207.0000","19","17","5","17","18","0.0000","-0.9400","207.0000","37.3900","0.0000","-0.6300","207.0000","37.3900","0.9100","0.3300","173.0000","47.7200","6.8200","-0.4500","196.0000","40.7300","0.9100","0.3100","177.0000","46.5000","106.0000","-0.5300","207.0000","37.3900","15.5500","-0.5600","230.0000","30.4000","0.5500","0.2500","157.0000","52.5800","1.0900","-0.0500","150.0000","54.7100","409874.9100","-0.3100","164.0000","50.4600","375718.6700","-0.2000","196.0000","40.7300","0.8200","-0.2900","149.0000","55.0200","0.5500","0.3300","124.0000","62.6100","-0.4000","159.0000","51.9800","-0.4100","-0.8700","-0.5800","-0.4700","-0.5800","-0.4900","0.3027","-0.4200","-0.6800","-0.5000","-0.4900","-0.4700","-0.5800","-0.6900","49.2400","37.3900","36.1700","43.1600","37.0800","40.7300","100.0000","48.0200","37.3900","33.7400","44.0700","45.5900","35.2600","29.7900","329","4/1/2025 16:37","2","1","2.0000","0.1800","0.0900","168.0000","105.0000","164.0000","149.0000","176.0000","-0.5300","0.0454","-0.4400","-0.3200","-0.2700","49.2400","68.3900","50.4600","55.0200","46.8100","6","1","38.6000","203.0000","-0.4600","0.0900","35.8700","212.0000","-0.4000","1","43.7700","186.0000","-0.6000","1","23.7100","252.0000","-0.5300","0.0900","21.2800","260.0000","-0.6800","1","28.8800","235.0000","-0.7800","0.0900","40.4300","197.0000","-0.3600","0.0900","24.9200","248.0000","-0.9000","0.0000","97.8700","8.0000","-0.1400","0","97.8700","8.0000","-0.1400","0.0000","97.8700","8.0000","-0.1300","0","97.8700","8.0000","-0.1500","7","11","0"
"AAD2023.06.02752","362","3623","38","West Virginia University","Chemistry, Department of","Chemistry","16","161.0000","137","161.0000","16","139.0000","8.5600","180.0000","2382","180.0000","16","140.0000","1.0000","1.0000","12","113.0000","26","113.0000","10455739.0000","122.0000","15","140.0000","10","116.0000","1","147.0000","1","125.0000","19","17","5","17","18","0.0600","-0.0700","155.0000","53.1900","0.0600","-0.2900","173.0000","47.7200","1.0000","0.7700","1.0000","100.0000","8.5600","-0.2300","163.0000","50.7600","1.0000","0.7300","1.0000","100.0000","148.8800","-0.4100","181.0000","45.2900","17.3900","-0.4100","210.0000","36.4700","0.7500","0.9900","65.0000","80.5500","1.6300","0.5300","90.0000","72.9500","653483.6900","0.0300","113.0000","65.9600","402143.8100","-0.0900","176.0000","46.8100","0.9400","-0.2300","136.0000","58.9700","0.6300","0.6000","102.0000","69.3000","-0.2000","124.0000","62.6100","-0.0700","-0.2800","-0.1000","0.0900","-0.1000","-0.3600","0.3027","-0.3400","-0.4000","-0.4100","-0.2700","-0.0900","-0.3900","-0.2700","65.0500","62.3100","57.7500","65.9600","58.0500","45.5900","100.0000","57.7500","55.6200","45.5900","63.2200","65.9600","51.3700","51.3700","329","4/1/2025 16:37","0","0","0.0000","0.0000","0.0000","241.0000","241.0000","241.0000","241.0000","241.0000","-0.8100","-0.8591","-0.5800","-0.7100","-1.0800","27.0500","27.0500","27.0500","27.0500","27.0500","6","4","66.8700","110.0000","-0.0800","0.2500","70.2100","99.0000","0.1900","3","69.3000","102.0000","0.0200","8","48.9400","169.0000","-0.4100","0.5000","44.6800","183.0000","-0.4100","6","64.4400","118.0000","-0.0200","0.1900","72.9500","90.0000","0.5600","0.3800","70.8200","97.0000","0.6100","0.0000","97.8700","8.0000","-0.1400","0","97.8700","8.0000","-0.1400","0.0000","97.8700","8.0000","-0.1300","0","97.8700","8.0000","-0.1500","7","11","0"
"AAD2023.06.02752","363","3655","38","Western Michigan University","Chemistry, Department of","Chemistry","10","250.0000","46","244.0000","7","263.0000","6.5700","223.0000","485","263.0000","7","263.0000","1.0000","1.0000","5","203.0000","8","209.0000","2835998.0000","209.0000","3","230.0000","2","237.0000","0","207.0000","0","207.0000","19","17","5","17","18","0.0000","-0.9400","207.0000","37.3900","0.0000","-0.6300","207.0000","37.3900","0.7000","-0.6900","268.0000","18.8500","4.6000","-0.7300","233.0000","29.4800","0.7000","-0.6700","269.0000","18.5400","48.5000","-0.7000","261.0000","20.9700","10.5400","-0.9600","286.0000","13.3700","0.5000","0.0800","168.0000","49.2400","0.8000","-0.3600","185.0000","44.0700","283599.8000","-0.4900","193.0000","41.6400","354499.7500","-0.2900","208.0000","37.0800","0.3000","-0.5800","232.0000","29.7900","0.2000","-0.8300","239.0000","27.6600","-0.8000","221.0000","33.1300","-0.7500","-0.8700","-0.8200","-0.5700","-0.8200","-0.6100","0.3027","-0.5000","-0.6800","-0.5600","-0.5500","-0.5800","-0.6800","-0.7700","28.2700","37.3900","20.3600","38.6000","20.3600","32.5200","100.0000","30.4000","37.3900","20.3600","36.7800","36.7800","26.1400","24.3200","329","4/1/2025 16:37","2","2","1.0000","0.2000","0.2000","122.0000","169.0000","164.0000","141.0000","67.0000","-0.2400","-0.4068","-0.4400","-0.2800","0.7100","63.2200","48.9400","50.4600","57.4500","79.9400","6","1","38.6000","203.0000","-0.4600","0.1000","40.4300","197.0000","-0.3700","1","43.7700","186.0000","-0.6000","2","29.1800","234.0000","-0.5100","0.2000","29.7900","232.0000","-0.6100","1","28.8800","235.0000","-0.7800","0.1000","46.2000","178.0000","-0.2700","0.1000","27.3600","240.0000","-0.8500","0.0000","97.8700","8.0000","-0.1400","0","97.8700","8.0000","-0.1400","0.0000","97.8700","8.0000","-0.1300","0","97.8700","8.0000","-0.1500","7","11","0"
"AAD2023.06.02752","365","3678","38","Wichita State University","Chemistry, Department of","Chemistry","12","217.0000","79","209.0000","11","195.0000","7.1800","208.0000","1574","201.0000","11","198.0000","1.0000","1.0000","6","188.0000","9","206.0000","3108069.0000","204.0000","9","172.0000","4","199.0000","0","207.0000","0","207.0000","19","17","5","17","18","0.0000","-0.9400","207.0000","37.3900","0.0000","-0.6300","207.0000","37.3900","0.9200","0.3600","165.0000","50.1500","6.5800","-0.4800","202.0000","38.9100","0.9200","0.3400","167.0000","49.5400","131.1700","-0.4600","192.0000","41.9500","19.9200","-0.2000","172.0000","48.0200","0.5000","0.0800","168.0000","49.2400","0.7500","-0.4200","194.0000","41.3400","259005.7500","-0.5200","197.0000","40.4300","345341.0000","-0.3200","216.0000","34.6500","0.7500","-0.3300","159.0000","51.9800","0.3300","-0.3800","197.0000","40.4300","-0.6000","198.0000","40.1200","-0.5800","-0.8700","-0.5000","-0.4700","-0.5000","-0.5400","0.3027","-0.4200","-0.6800","-0.4700","-0.5400","-0.5500","-0.5700","-0.6000","39.8200","37.3900","40.1200","43.1600","41.0300","37.0800","100.0000","48.0200","37.3900","39.2100","38.3000","37.6900","36.7800","34.3500","329","4/1/2025 16:37","0","0","0.0000","0.0000","0.0000","241.0000","241.0000","241.0000","241.0000","241.0000","-0.8100","-0.8591","-0.5800","-0.7100","-1.0800","27.0500","27.0500","27.0500","27.0500","27.0500","6","0","24.0100","251.0000","-0.5800","0.0000","24.0100","251.0000","-0.7300","0","24.0100","251.0000","-0.9100","18","62.6100","124.0000","-0.2300","1.5000","73.5600","88.0000","0.2400","6","64.4400","118.0000","-0.0200","0.0000","24.0100","251.0000","-1.2300","0.5000","90.5800","32.0000","1.2800","0.0000","97.8700","8.0000","-0.1400","0","97.8700","8.0000","-0.1400","0.0000","97.8700","8.0000","-0.1300","0","97.8700","8.0000","-0.1500","7","11","0"
"AAD2023.06.02752","366","3688","38","Worcester Polytechnic Institute","Chemistry and Biochemistry, Department of","Chemistry","12","217.0000","84","205.0000","10","208.0000","8.4000","184.0000","1685","197.0000","10","211.0000","1.0000","1.0000","7","172.0000","9","206.0000","6511935.0000","161.0000","19","119.0000","9","127.0000","6","36.0000","2","69.0000","19","17","5","17","18","0.1700","1.3800","26.0000","92.4000","0.5000","2.1400","10.0000","97.2600","0.8300","-0.0400","223.0000","32.5200","7.0000","-0.4300","194.0000","41.3400","0.8300","-0.0500","230.0000","30.4000","140.4200","-0.4300","186.0000","43.7700","20.0600","-0.1900","168.0000","49.2400","0.5800","0.3800","135.0000","59.2700","0.7500","-0.4200","194.0000","41.3400","542661.2500","-0.1300","131.0000","60.4900","723548.3300","1.2100","38.0000","88.7500","1.5800","0.1200","85.0000","74.4700","0.7500","1.0200","70.0000","79.0300","-0.3000","145.0000","56.2300","-0.1600","0.3100","-0.5800","-0.3800","-0.5800","-0.3800","0.3027","-0.2800","0.9900","-0.4700","-0.4100","-0.5500","-0.5600","-0.6000","61.7000","79.3300","36.1700","48.0200","37.0800","44.3800","100.0000","64.1300","89.3600","40.4300","51.3700","37.6900","37.9900","34.3500","329","4/1/2025 16:37","2","2","1.0000","0.1700","0.1700","122.0000","169.0000","164.0000","158.0000","98.0000","-0.2400","-0.4068","-0.4400","-0.3500","0.4100","63.2200","48.9400","50.4600","52.2800","70.5200","6","2","50.4600","164.0000","-0.3300","0.1700","54.4100","151.0000","-0.1200","1","43.7700","186.0000","-0.6000","9","51.0600","162.0000","-0.3900","0.7500","56.2300","145.0000","-0.2500","3","48.9400","169.0000","-0.4800","0.0800","36.4700","210.0000","-0.4300","0.2500","47.4200","174.0000","-0.0500","0.0000","97.8700","8.0000","-0.1400","0","97.8700","8.0000","-0.1400","0.0000","97.8700","8.0000","-0.1300","0","97.8700","8.0000","-0.1500","7","11","0"
"AAD2023.06.02752","41","3832","38","Clark Atlanta University","Chemistry, Department of","Chemistry","14","189.0000","47","242.0000","7","263.0000","6.7100","221.0000","2783","168.0000","7","263.0000","1.0000","1.0000","7","172.0000","14","165.0000","8473321.0000","139.0000","4","219.0000","4","199.0000","1","147.0000","1","125.0000","19","17","5","17","18","0.0700","0.0500","141.0000","57.4500","0.0700","-0.2400","163.0000","50.7600","0.5000","-1.6500","296.0000","10.3300","3.3600","-0.8800","256.0000","22.4900","0.5000","-1.6100","297.0000","10.0300","198.7900","-0.2600","150.0000","54.7100","59.2100","2.9700","7.0000","98.1800","0.5000","0.0800","168.0000","49.2400","1.0000","-0.1500","155.0000","53.1900","605237.2100","-0.0400","121.0000","63.5300","605237.2100","0.7300","66.0000","80.2400","0.2900","-0.5800","235.0000","28.8800","0.2900","-0.5400","215.0000","34.9500","-0.9000","235.0000","28.8800","-0.5800","-0.2800","-0.8200","-0.3800","-0.8200","-0.6000","0.3027","-0.4900","-0.4000","-0.3800","-0.3400","-0.4200","-0.6700","-0.4300","39.8200","62.3100","20.3600","48.0200","20.3600","33.1300","100.0000","33.7400","55.6200","49.2400","58.0500","50.1500","26.7500","42.8600","329","4/1/2025 16:37","0","0","0.0000","0.0000","0.0000","241.0000","241.0000","241.0000","241.0000","241.0000","-0.8100","-0.8591","-0.5800","-0.7100","-1.0800","27.0500","27.0500","27.0500","27.0500","27.0500","6","2","50.4600","164.0000","-0.3300","0.1400","50.1500","165.0000","-0.2100","1","43.7700","186.0000","-0.6000","2","29.1800","234.0000","-0.5100","0.1400","25.8400","245.0000","-0.6500","2","41.3400","194.0000","-0.6300","0.0700","32.5200","223.0000","-0.5500","0.1400","34.3500","217.0000","-0.6200","0.0000","97.8700","8.0000","-0.1400","0","97.8700","8.0000","-0.1400","0.0000","97.8700","8.0000","-0.1300","0","97.8700","8.0000","-0.1500","7","11","0"
"AAD2023.06.02752","42","3841","38","Clark University","Chemistry, School of","Chemistry","8","283.0000","50","238.0000","8","246.0000","6.2500","229.0000","811","238.0000","8","246.0000","1.0000","1.0000","5","203.0000","7","218.0000","2660271.0000","212.0000","3","230.0000","3","216.0000","0","207.0000","0","207.0000","19","17","5","17","18","0.0000","-0.9400","207.0000","37.3900","0.0000","-0.6300","207.0000","37.3900","1.0000","0.7700","1.0000","100.0000","6.2500","-0.5200","210.0000","36.4700","1.0000","0.7300","1.0000","100.0000","101.3800","-0.5500","210.0000","36.4700","16.2200","-0.5000","222.0000","32.8300","0.6300","0.5300","113.0000","65.9600","0.8800","-0.2800","176.0000","46.8100","332533.8800","-0.4200","180.0000","45.5900","380038.7100","-0.1800","192.0000","41.9500","0.3800","-0.5300","218.0000","34.0400","0.3800","-0.2400","187.0000","43.4700","-0.5000","183.0000","44.6800","-0.6700","-0.8700","-0.7400","-0.5700","-0.7400","-0.6500","0.3027","-0.5000","-0.6800","-0.5300","-0.5500","-0.6100","-0.6600","-0.9400","34.6500","37.3900","25.5300","38.6000","25.5300","30.7000","100.0000","30.4000","37.3900","27.9600","35.8700","34.0400","27.9600","14.2900","329","4/1/2025 16:37","0","0","0.0000","0.0000","0.0000","241.0000","241.0000","241.0000","241.0000","241.0000","-0.8100","-0.8591","-0.5800","-0.7100","-1.0800","27.0500","27.0500","27.0500","27.0500","27.0500","6","2","50.4600","164.0000","-0.3300","0.2500","70.2100","99.0000","0.1900","2","55.9300","146.0000","-0.2900","15","58.9700","136.0000","-0.2800","1.8800","81.1600","63.0000","0.4900","4","53.1900","155.0000","-0.3300","0.2500","88.4500","39.0000","1.1600","0.5000","90.5800","32.0000","1.2800","0.0000","97.8700","8.0000","-0.1400","0","97.8700","8.0000","-0.1400","0.0000","97.8700","8.0000","-0.1300","0","97.8700","8.0000","-0.1500","7","11","0"
"AAD2023.06.02752","44","3847","38","Clemson University","Chemistry, Department of","Chemistry","23","89.0000","321","90.0000","23","79.0000","13.9600","109.0000","6199","104.0000","23","80.0000","1.0000","1.0000","17","79.0000","41","80.0000","19145165.0000","91.0000","26","96.0000","14","89.0000","2","105.0000","2","69.0000","19","17","5","17","18","0.0900","0.2700","114.0000","65.6500","0.0900","-0.1500","143.0000","56.8400","1.0000","0.7700","1.0000","100.0000","13.9600","0.4400","98.0000","70.5200","1.0000","0.7300","1.0000","100.0000","269.5200","-0.0600","118.0000","64.4400","19.3100","-0.2500","181.0000","45.2900","0.7400","0.9500","71.0000","78.7200","1.7800","0.7000","79.0000","76.2900","832398.4800","0.2700","93.0000","72.0400","466955.2400","0.1700","135.0000","59.2700","1.1300","-0.1300","117.0000","64.7400","0.6100","0.5400","108.0000","67.4800","0.1000","87.0000","73.8600","0.2700","0.3100","0.4600","0.5600","0.4600","0.3300","0.3027","-0.1900","-0.1200","-0.1200","0.0400","0.3200","0.1900","0.3200","73.2500","79.3300","75.9900","76.2900","76.2900","67.1700","100.0000","71.1200","68.3900","68.6900","72.6400","75.9900","72.9500","73.2500","329","4/1/2025 16:37","8","3","2.6700","0.3500","0.1300","94.0000","79.0000","92.0000","107.0000","134.0000","0.0400","0.3484","-0.0300","0.0300","0.0800","71.7300","76.2900","72.3400","67.7800","59.5700","6","4","66.8700","110.0000","-0.0800","0.1700","55.3200","148.0000","-0.0900","3","69.3000","102.0000","0.0200","42","78.7200","71.0000","0.1900","1.8300","80.2400","66.0000","0.4600","12","83.8900","54.0000","0.8900","0.1300","53.5000","154.0000","0.0200","0.5200","91.4900","29.0000","1.3900","0.0000","97.8700","8.0000","-0.1400","0","97.8700","8.0000","-0.1400","0.0000","97.8700","8.0000","-0.1300","0","97.8700","8.0000","-0.1500","7","11","0"
"AAD2023.06.02752","48","3889","38","Colorado State University","Chemistry, Department of","Chemistry","27","65.0000","614","42.0000","27","57.0000","22.7400","25.0000","20951","38.0000","27","58.0000","1.0000","1.0000","23","43.0000","79","36.0000","37784777.0000","55.0000","107","39.0000","24","47.0000","2","105.0000","2","69.0000","19","17","5","17","18","0.0700","0.0900","137.0000","58.6600","0.0700","-0.2200","159.0000","51.9800","1.0000","0.7700","1.0000","100.0000","22.7400","1.5400","24.0000","93.0100","1.0000","0.7300","1.0000","100.0000","775.9600","1.4200","26.0000","92.4000","34.1200","0.9400","50.0000","85.1100","0.8500","1.3600","24.0000","93.0100","2.9300","1.9400","12.0000","96.6600","1399436.1900","1.0600","44.0000","86.9300","478288.3200","0.2200","129.0000","61.0900","3.9600","1.4100","27.0000","92.1000","0.8900","1.4800","27.0000","92.1000","0.8000","21.0000","93.9200","1.1300","0.3100","0.7800","1.1200","0.7800","1.4400","0.3027","0.9100","-0.1200","0.9900","0.7200","1.3600","1.1100","0.6600","86.0200","79.3300","82.6700","87.2300","82.9800","92.7100","100.0000","88.4500","68.3900","88.7500","83.5900","89.3600","87.5400","80.5500","329","4/1/2025 16:37","18","9","2.0000","0.6700","0.3300","22.0000","105.0000","50.0000","53.0000","14.0000","1.7500","0.0454","0.6600","0.7000","1.9000","93.6200","68.3900","85.1100","84.1900","96.0500","6","7","79.9400","67.0000","0.3000","0.2600","71.7300","94.0000","0.2200","5","82.0700","60.0000","0.6500","48","80.8500","64.0000","0.3000","1.7800","79.3300","69.0000","0.4300","10","79.0300","70.0000","0.5900","0.1900","71.4300","95.0000","0.5400","0.3700","68.6900","104.0000","0.5900","0.0000","97.8700","8.0000","-0.1400","0","97.8700","8.0000","-0.1400","0.0000","97.8700","8.0000","-0.1300","0","97.8700","8.0000","-0.1500","7","11","0"
"AAD2023.06.02752","51","3927","38","Cornell University","Chemistry and Chemical Biology, Department of","Chemistry","34","37.0000","687","33.0000","33","37.0000","20.8200","44.0000","28542","22.0000","33","37.0000","1.0000","1.0000","27","27.0000","80","34.0000","70085254.0000","22.0000","169","20.0000","32","25.0000","2","105.0000","2","69.0000","19","17","5","17","18","0.0600","-0.1200","164.0000","50.4600","0.0600","-0.3100","179.0000","45.9000","0.9700","0.6200","103.0000","69.0000","20.2100","1.2200","41.0000","87.8400","0.9700","0.5900","113.0000","65.9600","839.4700","1.6000","21.0000","93.9200","41.5500","1.5400","25.0000","92.7100","0.7900","1.1500","47.0000","86.0200","2.3500","1.3200","42.0000","87.5400","2061331.0000","1.9800","19.0000","94.5300","876065.6800","1.8300","12.0000","96.6600","4.9700","1.9500","19.0000","94.5300","0.9400","1.6600","14.0000","96.0500","0.7000","30.0000","91.1900","1.8100","0.3100","1.2600","1.4900","1.2700","1.2000","0.3027","1.7500","-0.1200","1.5700","1.8900","1.3900","1.3400","1.2500","92.7100","79.3300","89.0600","92.1000","89.0600","86.9300","100.0000","94.2200","68.3900","93.6200","93.6200","89.9700","90.2700","89.0600","329","4/1/2025 16:37","3","2","1.5000","0.0900","0.0600","122.0000","147.0000","147.0000","208.0000","212.0000","-0.2400","-0.1807","-0.3700","-0.5200","-0.5600","63.2200","55.6200","55.6200","37.0800","35.8700","6","12","91.7900","28.0000","0.9300","0.3500","86.9300","44.0000","0.5600","8","92.4000","26.0000","1.5900","111","93.9200","21.0000","1.4000","3.2600","93.9200","21.0000","1.4000","18","94.5300","19.0000","1.8000","0.2400","85.7100","48.0000","1.0200","0.5300","93.3100","23.0000","1.4300","0.0000","97.8700","8.0000","-0.1400","0","97.8700","8.0000","-0.1400","0.0000","97.8700","8.0000","-0.1300","0","97.8700","8.0000","-0.1500","7","11","0"
"AAD2023.06.02752","55","3994","38","Dartmouth College","Chemistry, Department of","Chemistry","22","97.0000","243","113.0000","22","86.0000","11.0500","141.0000","11599","76.0000","22","87.0000","1.0000","1.0000","16","83.0000","39","83.0000","22361520.0000","81.0000","49","74.0000","19","70.0000","0","207.0000","0","207.0000","19","17","5","17","18","0.0000","-0.9400","207.0000","37.3900","0.0000","-0.6300","207.0000","37.3900","1.0000","0.7700","1.0000","100.0000","11.0500","0.0800","134.0000","59.5700","1.0000","0.7300","1.0000","100.0000","527.2300","0.6900","55.0000","83.5900","47.7300","2.0400","12.0000","96.6600","0.7300","0.9100","75.0000","77.5100","1.7700","0.6900","80.0000","75.9900","1016432.7300","0.5300","76.0000","77.2000","573372.3100","0.6000","74.0000","77.8100","2.2300","0.4700","63.0000","81.1600","0.8600","1.4000","35.0000","89.6700","0.4000","52.0000","84.5000","0.7000","-0.8700","0.3800","0.4600","0.3800","-0.0400","0.3027","0.1200","-0.6800","0.2800","0.1600","0.2700","-0.0600","0.2400","79.0300","37.3900","73.8600","75.0800","74.1600","57.4500","100.0000","77.8100","37.3900","77.2000","75.6800","75.0800","65.9600","70.8200","329","4/1/2025 16:37","14","3","4.6700","0.6400","0.1400","94.0000","33.0000","60.0000","61.0000","129.0000","0.0400","1.2529","0.3800","0.6400","0.1400","71.7300","90.2700","82.0700","81.7600","61.0900","6","1","38.6000","203.0000","-0.4600","0.0500","25.2300","247.0000","-0.5700","1","43.7700","186.0000","-0.6000","48","80.8500","64.0000","0.3000","2.1800","84.8000","51.0000","0.6900","10","79.0300","70.0000","0.5900","0.0500","26.1400","244.0000","-0.8000","0.4500","83.2800","56.0000","1.0300","0.0000","97.8700","8.0000","-0.1400","0","97.8700","8.0000","-0.1400","0.0000","97.8700","8.0000","-0.1300","0","97.8700","8.0000","-0.1500","7","11","0"
"AAD2023.06.02752","61","4045","38","Duquesne University","Chemistry and Biochemistry, Department of","Chemistry","11","232.0000","96","196.0000","10","208.0000","9.6000","162.0000","1842","189.0000","9","228.0000","0.9000","290.0000","5","203.0000","10","198.0000","2490054.0000","215.0000","4","219.0000","4","199.0000","0","207.0000","0","207.0000","19","17","5","17","18","0.0000","-0.9400","207.0000","37.3900","0.0000","-0.6300","207.0000","37.3900","0.9100","0.3300","173.0000","47.7200","8.7300","-0.2100","159.0000","51.9800","0.8200","-0.1200","238.0000","27.9600","167.4500","-0.3500","166.0000","49.8500","19.1900","-0.2600","184.0000","44.3800","0.4500","-0.0800","187.0000","43.4700","0.9100","-0.2500","173.0000","47.7200","226368.5500","-0.5700","203.0000","38.6000","249005.4000","-0.7100","258.0000","21.8800","0.3600","-0.5400","221.0000","33.1300","0.3600","-0.2800","191.0000","42.2500","-0.5000","183.0000","44.6800","-0.5800","-0.8700","-0.6600","-0.5700","-0.5800","-0.2300","-0.4210","-0.4900","-0.6800","-0.4500","-0.5600","-0.5300","-0.5200","-0.6900","39.8200","37.3900","31.0000","38.6000","37.0800","51.0600","12.1600","33.7400","37.3900","42.8600","34.9500","40.1200","40.7300","29.7900","329","4/1/2025 16:37","0","0","0.0000","0.0000","0.0000","241.0000","241.0000","241.0000","241.0000","241.0000","-0.8100","-0.8591","-0.5800","-0.7100","-1.0800","27.0500","27.0500","27.0500","27.0500","27.0500","6","0","24.0100","251.0000","-0.5800","0.0000","24.0100","251.0000","-0.7300","0","24.0100","251.0000","-0.9100","3","33.7400","219.0000","-0.5000","0.2700","34.0400","218.0000","-0.5600","1","28.8800","235.0000","-0.7800","0.0000","24.0100","251.0000","-1.2300","0.0900","24.9200","248.0000","-0.9000","0.0000","97.8700","8.0000","-0.1400","0","97.8700","8.0000","-0.1400","0.0000","97.8700","8.0000","-0.1300","0","97.8700","8.0000","-0.1500","7","11","0"
"AAD2023.06.02752","70","4083","38","Florida Atlantic University","Chemistry and Biochemistry, Department of","Chemistry","15","175.0000","109","189.0000","15","154.0000","7.2700","206.0000","1916","188.0000","15","153.0000","1.0000","1.0000","10","130.0000","14","165.0000","5184108.0000","176.0000","9","172.0000","6","168.0000","0","207.0000","0","207.0000","19","17","5","17","18","0.0000","-0.9400","207.0000","37.3900","0.0000","-0.6300","207.0000","37.3900","1.0000","0.7700","1.0000","100.0000","7.2700","-0.3900","188.0000","43.1600","1.0000","0.7300","1.0000","100.0000","127.7300","-0.4700","195.0000","41.0300","17.5800","-0.3900","209.0000","36.7800","0.6700","0.6900","95.0000","71.4300","0.9300","-0.2200","170.0000","48.6300","345607.2000","-0.4000","179.0000","45.9000","370293.4300","-0.2200","200.0000","39.5100","0.6000","-0.4100","180.0000","45.5900","0.4000","-0.1600","176.0000","46.8100","-0.4000","159.0000","51.9800","-0.4100","-0.8700","-0.1800","-0.1000","-0.1800","-0.5200","0.3027","-0.4200","-0.6800","-0.4500","-0.4600","-0.4200","-0.4800","-0.3500","49.2400","37.3900","53.8000","60.7900","53.5000","37.6900","100.0000","48.0200","37.3900","43.1600","46.8100","50.1500","42.8600","47.1100","329","4/1/2025 16:37","2","1","2.0000","0.1300","0.0700","168.0000","105.0000","164.0000","177.0000","204.0000","-0.5300","0.0454","-0.4400","-0.4300","-0.4900","49.2400","68.3900","50.4600","46.5000","38.3000","6","3","59.2700","135.0000","-0.2000","0.2000","62.9200","123.0000","0.0000","2","55.9300","146.0000","-0.2900","5","39.8200","199.0000","-0.4600","0.3300","36.4700","210.0000","-0.5200","4","53.1900","155.0000","-0.3300","0.1300","54.7100","150.0000","0.0400","0.2700","50.1500","165.0000","0.0300","0.0000","97.8700","8.0000","-0.1400","0","97.8700","8.0000","-0.1400","0.0000","97.8700","8.0000","-0.1300","0","97.8700","8.0000","-0.1500","7","11","0"
"AAD2023.06.02752","72","4108","38","Florida International University","Chemistry and Biochemistry, Department of","Chemistry","36","34.0000","562","52.0000","32","39.0000","17.5600","67.0000","9171","84.0000","31","41.0000","0.9700","264.0000","15","90.0000","34","92.0000","14722948.0000","108.0000","23","100.0000","14","89.0000","4","62.0000","4","26.0000","19","17","5","17","18","0.1100","0.6000","74.0000","77.8100","0.1100","-0.0200","113.0000","65.9600","0.8900","0.2300","194.0000","41.3400","15.6100","0.6500","76.0000","77.2000","0.8600","0.0800","214.0000","35.2600","254.7500","-0.1000","125.0000","62.3100","16.3200","-0.4900","220.0000","33.4300","0.4200","-0.2200","203.0000","38.6000","0.9400","-0.2100","167.0000","49.5400","408970.7800","-0.3100","165.0000","50.1500","433027.8800","0.0300","158.0000","52.2800","0.6400","-0.3900","174.0000","47.4200","0.3900","-0.1900","183.0000","44.6800","-0.1000","113.0000","65.9600","0.2700","1.4800","1.1000","0.3700","1.1900","0.7800","0.0765","-0.2300","0.4400","0.1000","-0.1200","0.1300","0.9500","1.4200","73.2500","92.4000","87.8400","72.9500","88.4500","79.9400","20.0600","69.9100","81.4600","74.7700","67.4800","72.3400","84.5000","89.9700","329","4/1/2025 16:37","22","4","5.5000","0.6100","0.1100","73.0000","18.0000","40.0000","63.0000","156.0000","0.3300","1.6283","0.9300","0.5800","-0.0900","78.1200","94.8300","88.1500","81.1600","52.8900","6","17","96.3500","13.0000","1.5600","0.4700","93.0100","24.0000","1.0000","7","90.2700","33.0000","1.2700","90","91.1900","30.0000","1.0300","2.5000","88.4500","39.0000","0.9000","18","94.5300","19.0000","1.8000","0.1900","73.5600","88.0000","0.6300","0.5000","90.5800","32.0000","1.2800","0.0000","97.8700","8.0000","-0.1400","0","97.8700","8.0000","-0.1400","0.0000","97.8700","8.0000","-0.1300","0","97.8700","8.0000","-0.1500","7","11","0"
"AAD2023.06.02752","73","4142","38","Florida State University","Chemistry and Biochemistry, Department of","Chemistry","30","52.0000","568","51.0000","30","45.0000","18.9300","56.0000","18953","43.0000","30","47.0000","1.0000","1.0000","24","39.0000","66","47.0000","30694467.0000","65.0000","77","52.0000","25","40.0000","1","147.0000","1","125.0000","19","17","5","17","18","0.0300","-0.4800","203.0000","38.6000","0.0300","-0.4500","203.0000","38.6000","1.0000","0.7700","1.0000","100.0000","18.9300","1.0600","50.0000","85.1100","1.0000","0.7300","1.0000","100.0000","631.7700","1.0000","42.0000","87.5400","33.3700","0.8800","54.0000","83.8900","0.8000","1.1700","42.0000","87.5400","2.2000","1.1500","50.0000","85.1100","1023148.9000","0.5400","74.0000","77.8100","465067.6800","0.1600","136.0000","58.9700","2.5700","0.6500","53.0000","84.1900","0.8300","1.3000","45.0000","86.6300","0.6000","40.0000","88.1500","1.2100","-0.2800","1.0200","1.2100","1.0300","0.9600","0.3027","0.5000","-0.4000","0.8400","0.4600","1.0000","0.9700","0.9100","88.1500","62.3100","86.0200","88.4500","86.6300","83.2800","100.0000","84.5000","55.6200","87.2300","80.5500","86.0200","84.8000","84.5000","329","4/1/2025 16:37","13","5","2.6000","0.4300","0.1700","61.0000","81.0000","66.0000","90.0000","98.0000","0.6100","0.3168","0.3100","0.2100","0.4100","81.7600","75.6800","80.2400","72.9500","70.5200","6","7","79.9400","67.0000","0.3000","0.2300","65.9600","113.0000","0.1200","6","87.8400","41.0000","0.9600","110","93.6200","22.0000","1.3800","3.6700","95.1400","17.0000","1.6700","18","94.5300","19.0000","1.8000","0.2000","76.9000","77.0000","0.6800","0.6000","97.5700","9.0000","1.8100","0.0000","97.8700","8.0000","-0.1400","0","97.8700","8.0000","-0.1400","0.0000","97.8700","8.0000","-0.1300","0","97.8700","8.0000","-0.1500","7","11","0"
"AAD2023.06.02752","79","4205","38","George Mason University","Chemistry and Biochemistry, Department of","Chemistry","23","89.0000","124","177.0000","17","130.0000","7.2900","205.0000","3534","144.0000","16","140.0000","0.9400","273.0000","7","172.0000","11","190.0000","6672850.0000","158.0000","3","230.0000","3","216.0000","1","147.0000","1","125.0000","19","17","5","17","18","0.0400","-0.3400","195.0000","41.0300","0.0400","-0.3900","195.0000","41.0300","0.7400","-0.5000","263.0000","20.3600","5.3900","-0.6300","223.0000","32.5200","0.7000","-0.6900","271.0000","17.9300","153.6500","-0.3900","175.0000","47.1100","28.5000","0.4900","84.0000","74.7700","0.3000","-0.6300","228.0000","31.0000","0.4800","-0.7100","229.0000","30.7000","290123.9100","-0.4800","190.0000","42.5500","606622.7300","0.7400","65.0000","80.5500","0.1300","-0.6700","274.0000","17.0200","0.1300","-1.0600","265.0000","19.7600","-0.8000","221.0000","33.1300","-0.6700","-0.2800","-0.1000","-0.3800","-0.0200","-0.5200","-0.1230","-0.5000","-0.4000","-0.3300","-0.4100","-0.5000","-0.4300","0.3200","34.6500","62.3100","57.7500","48.0200","60.7900","37.9900","17.3300","30.4000","55.6200","56.5400","52.2800","42.5500","46.5000","73.2500","329","4/1/2025 16:37","2","1","2.0000","0.0900","0.0400","168.0000","105.0000","164.0000","209.0000","237.0000","-0.5300","0.0454","-0.4400","-0.5200","-0.6900","49.2400","68.3900","50.4600","36.7800","28.2700","6","4","66.8700","110.0000","-0.0800","0.1700","55.3200","148.0000","-0.0900","3","69.3000","102.0000","0.0200","23","69.0000","103.0000","-0.1400","1.0000","63.5300","121.0000","-0.0800","4","53.1900","155.0000","-0.3300","0.1300","53.5000","154.0000","0.0200","0.1700","37.6900","206.0000","-0.4600","0.0000","97.8700","8.0000","-0.1400","0","97.8700","8.0000","-0.1400","0.0000","97.8700","8.0000","-0.1300","0","97.8700","8.0000","-0.1500","7","11","0"
"AAD2023.06.02752","83","4212","38","Georgia State University","Chemistry, Department of","Chemistry","21","109.0000","258","108.0000","20","104.0000","12.9000","119.0000","5151","114.0000","20","106.0000","1.0000","1.0000","12","113.0000","32","96.0000","24391778.0000","72.0000","13","148.0000","10","116.0000","5","47.0000","2","69.0000","19","17","5","17","18","0.1000","0.3800","99.0000","70.2100","0.2400","0.6900","45.0000","86.6300","0.9500","0.5300","122.0000","63.2200","12.2900","0.2300","119.0000","64.1300","0.9500","0.5100","132.0000","60.1800","245.2900","-0.1300","129.0000","61.0900","19.9700","-0.2000","171.0000","48.3300","0.5700","0.3400","142.0000","57.1400","1.5200","0.4200","102.0000","69.3000","1161513.2400","0.7300","60.0000","82.0700","762243.0600","1.3700","30.0000","91.1900","0.6200","-0.4000","178.0000","46.2000","0.4800","0.1000","150.0000","54.7100","0.1000","87.0000","73.8600","-0.0700","0.3100","0.2200","0.0900","0.2200","0.1900","0.3027","-0.3600","0.7100","-0.2000","0.2300","0.0700","-0.0100","0.1600","65.0500","79.3300","68.0900","65.9600","68.6900","64.1300","100.0000","55.3200","86.0200","65.6500","78.4200","71.1200","67.4800","67.1700","329","4/1/2025 16:37","1","1","1.0000","0.0500","0.0500","168.0000","169.0000","197.0000","234.0000","230.0000","-0.5300","-0.4068","-0.5100","-0.6100","-0.6600","49.2400","48.9400","40.4300","29.1800","30.4000","6","12","91.7900","28.0000","0.9300","0.5700","96.0500","14.0000","1.3700","6","87.8400","41.0000","0.9600","60","84.8000","51.0000","0.5100","2.8600","91.4900","29.0000","1.1400","11","82.0700","60.0000","0.7400","0.2900","93.0100","24.0000","1.5000","0.5200","91.7900","28.0000","1.4000","0.0000","97.8700","8.0000","-0.1400","0","97.8700","8.0000","-0.1400","0.0000","97.8700","8.0000","-0.1300","0","97.8700","8.0000","-0.1500","7","11","0"
"AAD2023.06.02752","87","4249","38","Harvard University","Chemistry and Chemical Biology, Department of","Chemistry","24","85.0000","685","34.0000","24","75.0000","28.5400","12.0000","50179","7.0000","24","75.0000","1.0000","1.0000","21","55.0000","82","33.0000","94035989.0000","12.0000","263","9.0000","23","51.0000","2","105.0000","2","69.0000","19","17","5","17","18","0.0800","0.2200","117.0000","64.7400","0.0800","-0.1700","145.0000","56.2300","1.0000","0.7700","1.0000","100.0000","28.5400","2.2600","11.0000","96.9600","1.0000","0.7300","1.0000","100.0000","2090.7900","5.2500","2.0000","99.7000","73.2500","4.1000","2.0000","99.7000","0.8800","1.4400","17.0000","95.1400","3.4200","2.4700","6.0000","98.4800","3918166.2100","4.5500","1.0000","100.0000","1146780.3500","2.9200","3.0000","99.3900","10.9600","5.2000","1.0000","100.0000","0.9600","1.7100","9.0000","97.5700","1.4000","1.0000","100.0000","1.0400","0.3100","0.5400","0.9300","0.5400","2.1800","0.3027","3.0200","-0.1200","3.2000","2.7600","1.4400","1.3300","0.4100","84.8000","79.3300","77.5100","83.5900","77.5100","96.6600","100.0000","97.5700","68.3900","98.1800","96.6600","90.2700","89.9700","74.4700","329","4/1/2025 16:37","14","9","1.5600","0.5800","0.3800","22.0000","145.0000","60.0000","64.0000","6.0000","1.7500","-0.1536","0.3800","0.5300","2.2700","93.6200","56.2300","82.0700","80.8500","98.4800","6","5","72.9500","90.0000","0.0500","0.2100","63.2200","122.0000","0.0300","3","69.3000","102.0000","0.0200","263","98.1800","7.0000","4.0700","10.9600","100.0000","1.0000","6.4600","17","92.7100","25.0000","1.6500","0.1300","51.9800","159.0000","-0.0300","0.7100","99.3900","3.0000","2.3900","0.0000","97.8700","8.0000","-0.1400","0","97.8700","8.0000","-0.1400","0.0000","97.8700","8.0000","-0.1300","0","97.8700","8.0000","-0.1500","7","11","0"
"AAD2023.06.02752","100","4340","38","Jackson State University","Chemistry, Physics and Atmospheric Sciences, Department of","Chemistry","28","58.0000","327","87.0000","21","95.0000","15.5700","91.0000","7145","96.0000","20","106.0000","0.9500","268.0000","17","79.0000","33","94.0000","22775791.0000","78.0000","9","172.0000","7","155.0000","11","13.0000","2","69.0000","19","17","5","17","18","0.0700","0.0500","141.0000","57.4500","0.3900","1.5500","17.0000","95.1400","0.7500","-0.4400","259.0000","21.5800","11.6800","0.1600","125.0000","62.3100","0.7100","-0.6000","267.0000","19.1500","255.1800","-0.1000","124.0000","62.6100","21.8500","-0.0500","140.0000","57.7500","0.6100","0.4700","125.0000","62.3100","1.1800","0.0500","139.0000","58.0500","813421.1100","0.2500","96.0000","71.1200","690175.4800","1.0700","42.0000","87.5400","0.3200","-0.5600","229.0000","30.7000","0.2500","-0.6600","223.0000","32.5200","-0.4000","159.0000","51.9800","-0.3300","0.3100","0.2200","0.5600","0.3000","0.5300","-0.0419","-0.4200","2.3900","-0.0500","0.1800","0.1000","0.2100","0.7400","53.1900","79.3300","68.0900","76.2900","71.4300","72.6400","18.8500","48.0200","96.3500","71.1200","76.6000","71.7300","73.8600","82.6700","329","4/1/2025 16:37","10","6","1.6700","0.3600","0.2100","48.0000","139.0000","75.0000","105.0000","61.0000","0.9000","-0.1038","0.1100","0.0500","0.8300","85.7100","58.0500","77.5100","68.3900","81.7600","6","11","90.5800","32.0000","0.8000","0.3900","89.3600","36.0000","0.7100","3","69.3000","102.0000","0.0200","6","41.9500","192.0000","-0.4400","0.2100","30.4000","230.0000","-0.6000","2","41.3400","194.0000","-0.6300","0.1100","47.1100","175.0000","-0.2100","0.0700","21.5800","259.0000","-1.0100","0.0000","97.8700","8.0000","-0.1400","0","97.8700","8.0000","-0.1400","0.0000","97.8700","8.0000","-0.1300","0","97.8700","8.0000","-0.1500","7","11","0"
"AAD2023.06.02752","104","4351","38","Kent State University","Chemistry and Biochemistry, Department of","Chemistry","30","52.0000","135","164.0000","19","112.0000","7.1100","210.0000","2887","165.0000","19","110.0000","0.9500","269.0000","6","188.0000","13","173.0000","5106939.0000","178.0000","3","230.0000","3","216.0000","0","207.0000","0","207.0000","19","17","5","17","18","0.0000","-0.9400","207.0000","37.3900","0.0000","-0.6300","207.0000","37.3900","0.6300","-1.0100","281.0000","14.8900","4.5000","-0.7400","236.0000","28.5700","0.6300","-0.9800","279.0000","15.5000","96.2300","-0.5600","217.0000","34.3500","21.3900","-0.0800","147.0000","55.6200","0.2000","-1.0100","256.0000","22.4900","0.4300","-0.7600","236.0000","28.5700","170231.3000","-0.6400","219.0000","33.7400","392841.4600","-0.1300","181.0000","45.2900","0.1000","-0.6800","282.0000","14.5900","0.1000","-1.1600","280.0000","15.2000","-0.9000","235.0000","28.8800","-0.6700","-0.8700","0.1400","-0.4700","0.1400","-0.5400","-0.0592","-0.5000","-0.6800","-0.3700","-0.4600","-0.4400","-0.4000","0.9100","34.6500","37.3900","66.8700","43.1600","66.2600","36.4700","18.5400","30.4000","37.3900","50.1500","46.2000","47.7200","50.4600","84.5000","329","4/1/2025 16:37","5","2","2.5000","0.1700","0.0700","122.0000","84.0000","119.0000","158.0000","204.0000","-0.2400","0.2716","-0.2400","-0.3500","-0.4900","63.2200","74.7700","64.1300","52.2800","38.3000","6","2","50.4600","164.0000","-0.3300","0.0700","28.8800","235.0000","-0.4900","1","43.7700","186.0000","-0.6000","5","39.8200","199.0000","-0.4600","0.1700","27.6600","239.0000","-0.6300","3","48.9400","169.0000","-0.4800","0.0300","24.3200","250.0000","-0.9100","0.1000","27.3600","240.0000","-0.8500","0.0000","97.8700","8.0000","-0.1400","0","97.8700","8.0000","-0.1400","0.0000","97.8700","8.0000","-0.1300","0","97.8700","8.0000","-0.1500","7","11","0"
"AAD2023.06.02752","114","4374","38","Loyola University Chicago","Chemistry and Biochemistry, Department of","Chemistry","17","150.0000","147","156.0000","17","130.0000","8.6500","178.0000","3045","159.0000","17","131.0000","1.0000","1.0000","11","122.0000","20","134.0000","4537193.0000","183.0000","4","219.0000","3","216.0000","3","77.0000","3","45.0000","19","17","5","17","18","0.1800","1.5100","23.0000","93.3100","0.1800","0.3500","66.0000","80.2400","1.0000","0.7700","1.0000","100.0000","8.6500","-0.2200","161.0000","51.3700","1.0000","0.7300","1.0000","100.0000","179.1200","-0.3200","162.0000","51.0600","20.7100","-0.1400","154.0000","53.5000","0.6500","0.6100","102.0000","69.3000","1.1800","0.0400","140.0000","57.7500","266893.7100","-0.5100","196.0000","40.7300","226859.6500","-0.8000","268.0000","18.8500","0.2400","-0.6100","247.0000","25.2300","0.1800","-0.9000","250.0000","24.3200","-0.4000","159.0000","51.9800","-0.6700","0.8900","-0.0200","0.0000","-0.0200","-0.3500","0.3027","-0.4900","0.1600","-0.3600","-0.4800","-0.2500","-0.3600","-0.1800","34.6500","86.6300","60.4900","63.2200","60.7900","46.2000","100.0000","33.7400","76.9000","51.9800","44.6800","59.5700","52.8900","54.7100","329","4/1/2025 16:37","0","0","0.0000","0.0000","0.0000","241.0000","241.0000","241.0000","241.0000","241.0000","-0.8100","-0.8591","-0.5800","-0.7100","-1.0800","27.0500","27.0500","27.0500","27.0500","27.0500","6","4","66.8700","110.0000","-0.0800","0.2400","67.4800","108.0000","0.1300","3","69.3000","102.0000","0.0200","7","45.2900","181.0000","-0.4300","0.4100","38.9100","202.0000","-0.4700","3","48.9400","169.0000","-0.4800","0.1800","68.6900","104.0000","0.4600","0.1800","38.3000","204.0000","-0.4500","0.0000","97.8700","8.0000","-0.1400","0","97.8700","8.0000","-0.1400","0.0000","97.8700","8.0000","-0.1300","0","97.8700","8.0000","-0.1500","7","11","0"
"AAD2023.06.02752","133","4417","38","Michigan Technological University","Chemistry, Department of","Chemistry","16","161.0000","102","191.0000","15","154.0000","6.8000","217.0000","3391","150.0000","15","153.0000","1.0000","1.0000","9","141.0000","16","152.0000","5986108.0000","166.0000","4","219.0000","4","199.0000","2","105.0000","2","69.0000","19","17","5","17","18","0.1300","0.8000","59.0000","82.3700","0.1300","0.0600","97.0000","70.8200","0.9400","0.4600","142.0000","57.1400","6.3800","-0.5100","209.0000","36.7800","0.9400","0.4400","150.0000","54.7100","211.9400","-0.2200","144.0000","56.5400","33.2500","0.8700","55.0000","83.5900","0.5600","0.3100","147.0000","55.6200","1.0000","-0.1500","155.0000","53.1900","374131.7500","-0.3600","175.0000","47.1100","374131.7500","-0.2100","199.0000","39.8200","0.2500","-0.6000","242.0000","26.7500","0.2500","-0.6600","223.0000","32.5200","-0.4000","159.0000","51.9800","-0.5800","0.3100","-0.1800","-0.1900","-0.1800","-0.5800","0.3027","-0.4900","-0.1200","-0.3400","-0.4300","-0.3600","-0.5000","-0.2700","39.8200","79.3300","53.8000","57.4500","53.5000","34.3500","100.0000","33.7400","68.3900","54.7100","49.8500","54.1000","42.2500","51.3700","329","4/1/2025 16:37","2","1","2.0000","0.1300","0.0600","168.0000","105.0000","164.0000","178.0000","209.0000","-0.5300","0.0454","-0.4400","-0.4400","-0.5200","49.2400","68.3900","50.4600","46.2000","36.7800","6","3","59.2700","135.0000","-0.2000","0.1900","58.0500","139.0000","-0.0400","1","43.7700","186.0000","-0.6000","10","52.8900","156.0000","-0.3700","0.6300","49.8500","166.0000","-0.3300","3","48.9400","169.0000","-0.4800","0.0600","29.7900","232.0000","-0.6300","0.1900","40.1200","198.0000","-0.3900","0.0000","97.8700","8.0000","-0.1400","0","97.8700","8.0000","-0.1400","0.0000","97.8700","8.0000","-0.1300","0","97.8700","8.0000","-0.1500","7","11","0"
"AAD2023.06.02752","136","4441","38","Mississippi State University","Chemistry, Department of","Chemistry","19","123.0000","235","115.0000","19","112.0000","12.3700","126.0000","6782","97.0000","19","110.0000","1.0000","1.0000","12","113.0000","23","121.0000","10609034.0000","118.0000","19","119.0000","11","107.0000","1","147.0000","1","125.0000","19","17","5","17","18","0.0500","-0.2100","179.0000","45.9000","0.0500","-0.3400","185.0000","44.0700","1.0000","0.7700","1.0000","100.0000","12.3700","0.2400","115.0000","65.3500","1.0000","0.7300","1.0000","100.0000","356.9500","0.2000","93.0000","72.0400","28.8600","0.5200","80.0000","75.9900","0.6300","0.5600","111.0000","66.5700","1.2100","0.0800","135.0000","59.2700","558370.2100","-0.1100","129.0000","61.0900","461262.3500","0.1500","139.0000","58.0500","1.0000","-0.2000","127.0000","61.7000","0.5800","0.4400","112.0000","66.2600","0.1000","87.0000","73.8600","0.0200","-0.2800","0.1400","0.0900","0.1400","0.1200","0.3027","-0.2800","-0.4000","-0.0800","-0.2600","-0.1700","-0.0800","-0.0100","67.7800","62.3100","66.8700","65.9600","66.2600","62.0100","100.0000","64.1300","55.6200","70.8200","64.4400","63.5300","65.3500","62.9200","329","4/1/2025 16:37","8","2","4.0000","0.4200","0.1100","122.0000","44.0000","92.0000","92.0000","164.0000","-0.2400","0.9499","-0.0300","0.1800","-0.1400","63.2200","86.9300","72.3400","72.3400","50.4600","6","8","83.8900","54.0000","0.4200","0.4200","91.4900","29.0000","0.8100","1","43.7700","186.0000","-0.6000","10","52.8900","156.0000","-0.3700","0.5300","44.9800","182.0000","-0.4000","5","59.2700","135.0000","-0.1700","0.0500","27.6600","239.0000","-0.7300","0.2600","49.2400","168.0000","0.0200","0.0000","97.8700","8.0000","-0.1400","0","97.8700","8.0000","-0.1400","0.0000","97.8700","8.0000","-0.1300","0","97.8700","8.0000","-0.1500","7","11","0"
"AAD2023.06.02752","143","4484","38","New Mexico State University","Chemistry and Biochemistry, Department of","Chemistry","19","123.0000","95","197.0000","15","154.0000","6.3300","228.0000","1323","213.0000","15","153.0000","1.0000","1.0000","10","130.0000","13","173.0000","8941531.0000","133.0000","9","172.0000","6","168.0000","0","207.0000","0","207.0000","19","17","5","17","18","0.0000","-0.9400","207.0000","37.3900","0.0000","-0.6300","207.0000","37.3900","0.7900","-0.2500","249.0000","24.6200","5.0000","-0.6800","229.0000","30.7000","0.7900","-0.2500","251.0000","24.0100","69.6300","-0.6400","240.0000","27.3600","13.9300","-0.6900","249.0000","24.6200","0.5300","0.1800","161.0000","51.3700","0.6800","-0.4900","204.0000","38.3000","470606.8900","-0.2300","151.0000","54.4100","687810.0800","1.0600","44.0000","86.9300","0.4700","-0.4800","201.0000","39.2100","0.3200","-0.4400","205.0000","37.9900","-0.7000","212.0000","35.8700","-0.4100","-0.8700","-0.1800","-0.1000","-0.1800","-0.6400","0.3027","-0.4200","-0.6800","-0.4900","-0.3300","-0.4400","-0.5200","-0.0100","49.2400","37.3900","53.8000","60.7900","53.5000","31.0000","100.0000","48.0200","37.3900","35.5600","59.8800","47.7200","40.4300","62.9200","329","4/1/2025 16:37","3","1","3.0000","0.1600","0.0500","168.0000","61.0000","147.0000","166.0000","222.0000","-0.5300","0.4977","-0.3700","-0.3700","-0.6100","49.2400","81.7600","55.6200","49.8500","32.8300","6","1","38.6000","203.0000","-0.4600","0.0500","26.1400","244.0000","-0.5400","1","43.7700","186.0000","-0.6000","7","45.2900","181.0000","-0.4300","0.3700","37.3900","207.0000","-0.5000","5","59.2700","135.0000","-0.1700","0.0500","27.6600","239.0000","-0.7300","0.2600","49.2400","168.0000","0.0200","0.0000","97.8700","8.0000","-0.1400","0","97.8700","8.0000","-0.1400","0.0000","97.8700","8.0000","-0.1300","0","97.8700","8.0000","-0.1500","7","11","0"
"AAD2023.06.02752","149","4508","38","North Dakota State University","Chemistry and Biochemistry, Department of","Chemistry","18","134.0000","142","160.0000","14","165.0000","10.1400","153.0000","4336","129.0000","15","153.0000","1.0000","1.0000","13","103.0000","25","117.0000","10500913.0000","121.0000","23","100.0000","13","94.0000","2","105.0000","1","125.0000","19","17","5","17","18","0.0600","-0.1700","170.0000","48.6300","0.1100","-0.0200","113.0000","65.9600","0.7800","-0.3100","252.0000","23.7100","7.8900","-0.3200","177.0000","46.5000","0.8300","-0.0500","230.0000","30.4000","240.8900","-0.1400","133.0000","59.8800","30.5400","0.6500","66.0000","80.2400","0.7200","0.8900","78.0000","76.6000","1.3900","0.2700","116.0000","65.0500","583384.0600","-0.0700","124.0000","62.6100","420036.5200","-0.0200","165.0000","50.1500","1.2800","-0.0500","103.0000","69.0000","0.7200","0.9200","77.0000","76.9000","-0.3000","145.0000","56.2300","0.1900","-0.2800","-0.1800","0.1800","-0.2600","-0.1600","0.3027","-0.2300","-0.1200","-0.2600","-0.2700","-0.1200","-0.3700","-0.1000","71.7300","62.3100","53.8000","69.0000","50.1500","53.8000","100.0000","69.9100","68.3900","61.0900","63.5300","64.7400","51.6700","59.5700","329","4/1/2025 16:37","4","3","1.3300","0.2200","0.1700","94.0000","160.0000","134.0000","132.0000","98.0000","0.0400","-0.2576","-0.3100","-0.2400","0.4100","71.7300","51.6700","59.5700","60.1800","70.5200","6","5","72.9500","90.0000","0.0500","0.2800","74.7700","84.0000","0.2900","6","87.8400","41.0000","0.9600","8","48.9400","169.0000","-0.4100","0.4400","40.7300","196.0000","-0.4500","3","48.9400","169.0000","-0.4800","0.3300","96.6600","12.0000","1.9600","0.1700","37.3900","207.0000","-0.5000","0.0000","97.8700","8.0000","-0.1400","0","97.8700","8.0000","-0.1400","0.0000","97.8700","8.0000","-0.1300","0","97.8700","8.0000","-0.1500","7","11","0"
"AAD2023.06.02752","200","4578","38","Stevens Institute of Technology","Biomedical Engineering, Department of","Chemistry","10","250.0000","128","172.0000","10","208.0000","12.8000","120.0000","3527","145.0000","10","211.0000","1.0000","1.0000","8","156.0000","16","152.0000","10505788.0000","120.0000","12","156.0000","9","127.0000","1","147.0000","1","125.0000","19","17","5","17","18","0.1000","0.4500","91.0000","72.6400","0.1000","-0.0800","126.0000","62.0100","1.0000","0.7700","1.0000","100.0000","12.8000","0.3000","109.0000","67.1700","1.0000","0.7300","1.0000","100.0000","352.7000","0.1900","97.0000","70.8200","27.5500","0.4100","87.0000","73.8600","0.8000","1.1700","42.0000","87.5400","1.6000","0.5000","93.0000","72.0400","1050578.8000","0.5800","70.0000","79.0300","656611.7500","0.9400","50.0000","85.1100","1.2000","-0.0900","110.0000","66.8700","0.9000","1.5200","22.0000","93.6200","0.3000","68.0000","79.6400","-0.1600","-0.2800","-0.5800","-0.2900","-0.5800","0.1800","0.3027","-0.3800","-0.4000","-0.3300","-0.2700","-0.3600","-0.4200","-0.7700","61.7000","62.3100","36.1700","52.8900","37.0800","63.8300","100.0000","52.8900","55.6200","56.2300","63.8300","54.1000","48.0200","24.3200","329","4/1/2025 16:37","41","7","5.8600","4.1000","0.7000","37.0000","14.0000","15.0000","1.0000","1.0000","1.1800","1.7911","2.2400","7.9500","5.1800","89.0600","96.0500","95.7400","100.0000","100.0000","6","7","79.9400","67.0000","0.3000","0.7000","97.8700","8.0000","1.8400","5","82.0700","60.0000","0.6500","16","60.4900","131.0000","-0.2700","1.6000","75.6800","81.0000","0.3100","6","64.4400","118.0000","-0.0200","0.5000","100.0000","1.0000","3.5600","0.6000","97.5700","9.0000","1.8100","0.0000","97.8700","8.0000","-0.1400","0","97.8700","8.0000","-0.1400","0.0000","97.8700","8.0000","-0.1300","0","97.8700","8.0000","-0.1500","7","11","0"
"AAD2023.06.02752","253","4633","38","University of California, Irvine","Chemistry, Department of","Chemistry","43","15.0000","877","18.0000","43","14.0000","20.4000","45.0000","22641","31.0000","43","15.0000","1.0000","1.0000","38","9.0000","140","7.0000","79720484.0000","17.0000","217","13.0000","41","10.0000","2","105.0000","2","69.0000","19","17","5","17","18","0.0500","-0.2900","189.0000","42.8600","0.0500","-0.3800","191.0000","42.2500","1.0000","0.7700","1.0000","100.0000","20.4000","1.2400","40.0000","88.1500","1.0000","0.7300","1.0000","100.0000","526.5300","0.6900","56.0000","83.2800","25.8200","0.2700","102.0000","69.3000","0.8800","1.4700","13.0000","96.3500","3.2600","2.3000","9.0000","97.5700","1853964.7400","1.6900","28.0000","91.7900","569432.0300","0.5900","79.0000","76.2900","5.0500","2.0000","17.0000","95.1400","0.9500","1.7000","11.0000","96.9600","0.8000","21.0000","93.9200","2.5800","0.3100","2.0600","2.5200","2.0700","1.1400","0.3027","2.4000","-0.1200","1.1200","2.2400","3.0300","1.9400","2.0000","97.2600","79.3300","95.7400","97.5700","96.0500","86.6300","100.0000","96.3500","68.3900","90.8800","95.1400","98.1800","94.8300","95.7400","329","4/1/2025 16:37","42","8","5.2500","0.9800","0.1900","29.0000","21.0000","14.0000","30.0000","83.0000","1.4600","1.5152","2.3100","1.3600","0.5800","91.4900","93.9200","96.0500","91.1900","75.0800","6","7","79.9400","67.0000","0.3000","0.1600","52.8900","156.0000","-0.1300","6","87.8400","41.0000","0.9600","61","85.7100","48.0000","0.5200","1.4200","71.4300","95.0000","0.1900","16","91.4900","29.0000","1.5000","0.1400","56.2300","145.0000","0.1000","0.3700","69.3000","102.0000","0.6000","0.0000","97.8700","8.0000","-0.1400","0","97.8700","8.0000","-0.1400","0.0000","97.8700","8.0000","-0.1300","0","97.8700","8.0000","-0.1500","7","11","0"
"AAD2023.06.02752","258","4670","38","University of California, Santa Barbara","Chemistry and Biochemistry, Department of","Chemistry","38","29.0000","827","24.0000","38","25.0000","21.7600","30.0000","31696","14.0000","38","25.0000","1.0000","1.0000","31","19.0000","96","22.0000","64102103.0000","24.0000","178","18.0000","33","20.0000","4","62.0000","3","45.0000","19","17","5","17","18","0.0800","0.1600","125.0000","62.3100","0.1100","-0.0500","122.0000","63.2200","1.0000","0.7700","1.0000","100.0000","21.7600","1.4200","27.0000","92.1000","1.0000","0.7300","1.0000","100.0000","834.1100","1.5900","23.0000","93.3100","38.3300","1.2800","31.0000","90.8800","0.8200","1.2300","35.0000","89.6700","2.5300","1.5100","32.0000","90.5800","1686897.4500","1.4600","31.0000","90.8800","667730.2400","0.9800","48.0000","85.7100","4.6800","1.8000","22.0000","93.6200","0.8700","1.4100","32.0000","90.5800","0.8000","21.0000","93.9200","1.8900","0.8900","1.6600","1.8600","1.6700","1.3200","0.3027","1.8700","0.4400","1.8000","1.6700","1.8200","1.7800","1.5800","94.2200","86.6300","92.7100","94.5300","92.7100","91.1900","100.0000","94.8300","81.4600","96.0500","93.0100","93.6200","93.0100","91.4900","329","4/1/2025 16:37","29","10","2.9000","0.7600","0.2600","17.0000","75.0000","24.0000","44.0000","40.0000","2.0300","0.4525","1.4200","0.9000","1.2700","95.1400","77.5100","93.0100","86.9300","88.1500","6","24","99.0900","4.0000","2.4400","0.6300","97.5700","9.0000","1.5900","11","97.2600","10.0000","2.5200","105","93.0100","24.0000","1.3000","2.7600","90.8800","31.0000","1.0700","16","91.4900","29.0000","1.5000","0.2900","93.9200","21.0000","1.5400","0.4200","76.9000","77.0000","0.8600","0.0000","97.8700","8.0000","-0.1400","0","97.8700","8.0000","-0.1400","0.0000","97.8700","8.0000","-0.1300","0","97.8700","8.0000","-0.1500","7","11","0"
"AAD2023.06.02752","261","4711","38","University of Chicago, The","Chemistry, Department of","Chemistry","34","37.0000","1198","6.0000","34","34.0000","35.2400","4.0000","54659","5.0000","34","33.0000","1.0000","1.0000","33","16.0000","141","6.0000","130725570.0000","4.0000","298","7.0000","34","17.0000","13","9.0000","6","5.0000","19","17","5","17","18","0.1800","1.5100","23.0000","93.3100","0.3800","1.4900","18.0000","94.8300","1.0000","0.7700","1.0000","100.0000","35.2400","3.1000","4.0000","99.0900","1.0000","0.7300","1.0000","100.0000","1607.6200","3.8400","3.0000","99.3900","45.6300","1.8700","18.0000","94.8300","0.9700","1.7900","1.0000","100.0000","4.1500","3.2700","1.0000","100.0000","3844869.7100","4.4500","2.0000","99.7000","927131.7000","2.0300","9.0000","97.5700","8.7600","4.0100","6.0000","98.4800","1.0000","1.8500","1.0000","100.0000","1.3000","3.0000","99.3900","1.9800","2.6500","1.3400","2.0500","1.3500","3.0300","0.3027","3.4900","2.9400","3.5400","4.0900","3.0500","2.9500","1.2500","95.1400","98.7800","90.2700","95.4400","89.9700","99.0900","100.0000","98.1800","97.5700","98.7800","99.0900","98.4800","98.4800","89.0600","329","4/1/2025 16:37","19","9","2.1100","0.5600","0.2600","22.0000","103.0000","48.0000","67.0000","39.0000","1.7500","0.0952","0.7300","0.4700","1.2900","93.6200","69.0000","85.7100","79.9400","88.4500","6","11","90.5800","32.0000","0.8000","0.3200","82.9800","57.0000","0.4600","7","90.2700","33.0000","1.2700","93","91.7900","28.0000","1.0900","2.7400","89.3600","36.0000","1.0600","18","94.5300","19.0000","1.8000","0.2100","77.5100","75.0000","0.7400","0.5300","93.3100","23.0000","1.4300","0.0000","97.8700","8.0000","-0.1400","0","97.8700","8.0000","-0.1400","0.0000","97.8700","8.0000","-0.1300","0","97.8700","8.0000","-0.1500","7","11","0"
"AAD2023.06.02752","271","4749","38","University of Denver","Chemistry and Biochemistry, Department of","Chemistry","13","201.0000","113","184.0000","12","187.0000","9.4200","166.0000","3383","151.0000","13","178.0000","1.0000","1.0000","8","156.0000","20","134.0000","9638152.0000","126.0000","11","163.0000","6","168.0000","2","105.0000","1","125.0000","19","17","5","17","18","0.0800","0.1300","127.0000","61.7000","0.1500","0.2200","79.0000","76.2900","0.9200","0.3900","157.0000","52.5800","8.6900","-0.2200","160.0000","51.6700","1.0000","0.7300","1.0000","100.0000","260.2300","-0.0800","122.0000","63.2200","29.9400","0.6100","71.0000","78.7200","0.6200","0.5000","119.0000","64.1300","1.5400","0.4400","100.0000","69.9100","741396.3100","0.1500","102.0000","69.3000","481907.6000","0.2300","126.0000","62.0100","0.8500","-0.2800","146.0000","55.9300","0.4600","0.0500","154.0000","53.5000","0.0000","101.0000","69.6000","-0.4100","-0.2800","-0.3400","-0.2900","-0.4200","-0.2500","0.3027","-0.3900","-0.1200","-0.3400","-0.3000","-0.2500","-0.4600","-0.5200","49.2400","62.3100","46.2000","52.8900","43.4700","49.8500","100.0000","50.7600","68.3900","54.4100","62.0100","59.5700","44.3800","39.2100","329","4/1/2025 16:37","1","2","0.5000","0.0800","0.1500","122.0000","238.0000","197.0000","216.0000","113.0000","-0.2400","-0.6329","-0.5100","-0.5400","0.2900","63.2200","27.9600","40.4300","34.6500","65.9600","6","5","72.9500","90.0000","0.0500","0.3800","89.0600","37.0000","0.6800","4","77.8100","74.0000","0.3400","9","51.0600","162.0000","-0.3900","0.6900","53.5000","154.0000","-0.2900","7","68.0900","106.0000","0.1300","0.3100","94.5300","19.0000","1.7200","0.5400","94.8300","18.0000","1.4800","0.0000","97.8700","8.0000","-0.1400","0","97.8700","8.0000","-0.1400","0.0000","97.8700","8.0000","-0.1300","0","97.8700","8.0000","-0.1500","7","11","0"
"AAD2023.06.02752","274","4767","38","University of Georgia","Chemistry, Department of","Chemistry","27","65.0000","464","67.0000","26","66.0000","17.8500","63.0000","9878","83.0000","26","66.0000","1.0000","1.0000","21","55.0000","52","67.0000","31769092.0000","64.0000","60","66.0000","21","62.0000","3","77.0000","3","45.0000","19","17","5","17","18","0.1100","0.6000","74.0000","77.8100","0.1100","-0.0200","113.0000","65.9600","0.9600","0.5900","114.0000","65.6500","17.1900","0.8400","62.0000","81.4600","0.9600","0.5600","122.0000","63.2200","365.8500","0.2200","92.0000","72.3400","21.2900","-0.0900","149.0000","55.0200","0.7800","1.0900","52.0000","84.5000","1.9300","0.8600","71.0000","78.7200","1176633.0400","0.7500","59.0000","82.3700","610944.0800","0.7500","63.0000","81.1600","2.2200","0.4700","65.0000","80.5500","0.7800","1.1100","64.0000","80.8500","0.3000","68.0000","79.6400","0.8700","0.8900","0.7000","0.9300","0.7000","0.8200","0.3027","0.2700","0.1600","0.1500","0.5000","0.6200","0.6400","0.6600","81.4600","86.6300","80.2400","83.5900","80.2400","81.1600","100.0000","80.2400","76.9000","75.0800","80.8500","79.9400","79.9400","80.5500","329","4/1/2025 16:37","28","7","4.0000","1.0400","0.2600","37.0000","44.0000","26.0000","24.0000","41.0000","1.1800","0.9499","1.3500","1.4800","1.2400","89.0600","86.9300","92.4000","93.0100","87.8400","6","6","76.2900","79.0000","0.1700","0.2200","64.7400","117.0000","0.0800","5","82.0700","60.0000","0.6500","58","84.5000","52.0000","0.4700","2.1500","84.1900","53.0000","0.6700","9","74.4700","85.0000","0.4300","0.1900","71.4300","95.0000","0.5400","0.3300","63.2200","122.0000","0.3900","0.0000","97.8700","8.0000","-0.1400","0","97.8700","8.0000","-0.1400","0.0000","97.8700","8.0000","-0.1300","0","97.8700","8.0000","-0.1500","7","11","0"
"AAD2023.06.02752","280","4842","38","University of Illinois at Urbana-Champaign","Chemistry, Department of","Chemistry","53","5.0000","1243","5.0000","52","5.0000","23.9000","19.0000","39079","9.0000","52","5.0000","1.0000","1.0000","41","7.0000","129","12.0000","105809136.0000","9.0000","363","5.0000","47","5.0000","27","1.0000","8","1.0000","19","17","5","17","18","0.1500","1.1600","40.0000","88.1500","0.5100","2.2000","9.0000","97.5700","0.9800","0.6700","94.0000","71.7300","23.4500","1.6300","20.0000","94.2200","0.9800","0.6400","107.0000","67.7800","737.3400","1.3100","32.0000","90.5800","31.4400","0.7300","63.0000","81.1600","0.7700","1.0700","55.0000","83.5900","2.4300","1.4100","39.0000","88.4500","1996398.7900","1.8900","22.0000","93.6200","820225.8600","1.6000","19.0000","94.5300","6.8500","2.9700","10.0000","97.2600","0.8900","1.4700","29.0000","91.4900","1.0000","14.0000","96.0500","3.0900","3.8200","2.7900","2.8000","2.7900","1.5900","0.3027","4.3700","6.8400","2.3600","3.1900","2.7200","3.0900","2.8400","98.7800","100.0000","98.7800","98.1800","98.7800","94.5300","100.0000","98.7800","100.0000","97.5700","97.5700","96.6600","98.7800","98.7800","329","4/1/2025 16:37","59","13","4.5400","1.1100","0.2500","6.0000","37.0000","6.0000","20.0000","51.0000","2.8900","1.1941","3.4800","1.6400","1.1100","98.4800","89.0600","98.4800","94.2200","84.8000","6","19","97.8700","8.0000","1.8100","0.3600","87.2300","43.0000","0.5800","13","99.0900","4.0000","3.1500","187","96.9600","11.0000","2.7400","3.5300","94.5300","19.0000","1.5800","28","99.3900","3.0000","3.3200","0.2500","86.6300","45.0000","1.1200","0.5300","92.7100","25.0000","1.4300","0.0000","97.8700","8.0000","-0.1400","0","97.8700","8.0000","-0.1400","0.0000","97.8700","8.0000","-0.1300","0","97.8700","8.0000","-0.1500","7","11","0"
"AAD2023.06.02752","288","4905","38","University of Maryland, Baltimore County","Chemistry and Biochemistry, Department of","Chemistry","22","97.0000","171","139.0000","21","95.0000","8.1400","186.0000","1711","194.0000","21","95.0000","1.0000","1.0000","9","141.0000","17","148.0000","9180171.0000","129.0000","16","135.0000","10","116.0000","18","3.0000","2","69.0000","19","17","5","17","18","0.0900","0.3200","105.0000","68.3900","0.8200","3.9100","3.0000","99.3900","0.9500","0.5500","118.0000","64.4400","7.7700","-0.3300","180.0000","45.5900","0.9500","0.5200","128.0000","61.4000","77.7700","-0.6200","236.0000","28.5700","10.0100","-1.0000","289.0000","12.4600","0.4100","-0.2500","205.0000","37.9900","0.7700","-0.3900","192.0000","41.9500","417280.5000","-0.3000","162.0000","51.0600","540010.0600","0.4700","95.0000","71.4300","0.7300","-0.3400","162.0000","51.0600","0.4500","0.0300","157.0000","52.5800","-0.4000","159.0000","51.9800","-0.0700","0.3100","0.3000","-0.1900","0.3000","-0.4100","0.3027","-0.3200","4.3400","-0.4600","-0.3200","-0.3400","-0.2800","0.2400","65.0500","79.3300","71.4300","57.4500","71.4300","43.7700","100.0000","59.2700","99.3900","41.3400","61.0900","55.3200","58.0500","70.8200","329","4/1/2025 16:37","15","4","3.7500","0.6800","0.1800","73.0000","47.0000","58.0000","52.0000","86.0000","0.3300","0.8369","0.4500","0.7300","0.5400","78.1200","86.0200","82.6700","84.5000","74.1600","6","7","79.9400","67.0000","0.3000","0.3200","82.3700","59.0000","0.4400","4","77.8100","74.0000","0.3400","52","81.7600","61.0000","0.3700","2.3600","87.8400","41.0000","0.8100","6","64.4400","118.0000","-0.0200","0.1800","70.2100","99.0000","0.5100","0.2700","51.3700","161.0000","0.0700","0.0000","97.8700","8.0000","-0.1400","0","97.8700","8.0000","-0.1400","0.0000","97.8700","8.0000","-0.1300","0","97.8700","8.0000","-0.1500","7","11","0"
"AAD2023.06.02752","300","4949","38","University of Michigan","Chemistry, Department of","Chemistry","49","10.0000","1018","14.0000","48","10.0000","21.2100","37.0000","26983","24.0000","49","10.0000","1.0000","1.0000","44","6.0000","180","2.0000","116083826.0000","7.0000","247","10.0000","47","5.0000","6","36.0000","5","15.0000","19","17","5","17","18","0.1000","0.4800","90.0000","72.9500","0.1200","0.0500","107.0000","67.7800","0.9800","0.6700","96.0000","71.1200","20.7800","1.2900","38.0000","88.7500","1.0000","0.7300","1.0000","100.0000","550.6700","0.7600","51.0000","84.8000","26.5100","0.3300","94.0000","71.7300","0.9000","1.5200","9.0000","97.5700","3.6700","2.7500","2.0000","99.7000","2369057.6700","2.4000","10.0000","97.2600","644910.1400","0.8900","55.0000","83.5900","5.0400","1.9900","18.0000","94.8300","0.9600","1.7200","8.0000","97.8700","1.1000","10.0000","97.2600","3.0900","2.0700","2.5400","3.0800","2.4700","1.2500","0.3027","2.8000","0.9900","1.4500","3.5600","4.1200","2.3800","2.5100","98.7800","95.7400","97.2600","98.4800","97.2600","89.0600","100.0000","97.2600","89.3600","93.0100","98.1800","99.7000","96.0500","97.2600","329","4/1/2025 16:37","22","11","2.0000","0.4500","0.2200","11.0000","105.0000","40.0000","87.0000","55.0000","2.3200","0.0454","0.9300","0.2400","0.9300","96.9600","68.3900","88.1500","73.8600","83.5900","6","18","96.9600","11.0000","1.6800","0.3700","87.5400","42.0000","0.6200","14","99.3900","3.0000","3.4600","104","92.7100","25.0000","1.2800","2.1200","83.8900","54.0000","0.6500","24","97.8700","8.0000","2.7200","0.2900","93.0100","24.0000","1.5000","0.4900","86.3200","46.0000","1.2200","0.0000","97.8700","8.0000","-0.1400","0","97.8700","8.0000","-0.1400","0.0000","97.8700","8.0000","-0.1300","0","97.8700","8.0000","-0.1500","7","11","0"
"AAD2023.06.02752","301","5018","38","University of Minnesota, Twin Cities","Chemistry, Department of","Chemistry","41","20.0000","730","32.0000","38","25.0000","19.2100","54.0000","21442","36.0000","38","25.0000","0.9700","262.0000","28","26.0000","87","28.0000","51847451.0000","35.0000","154","23.0000","34","17.0000","7","25.0000","6","5.0000","19","17","5","17","18","0.1500","1.0900","42.0000","87.5400","0.1700","0.3100","73.0000","78.1200","0.9300","0.4100","154.0000","53.5000","17.8000","0.9200","58.0000","82.6700","0.9300","0.3900","162.0000","51.0600","522.9800","0.6800","60.0000","82.0700","29.3700","0.5600","75.0000","77.5100","0.6800","0.7400","92.0000","72.3400","2.1200","1.0700","53.0000","84.1900","1264571.9800","0.8700","53.0000","84.1900","595947.7100","0.6900","68.0000","79.6400","3.7600","1.3000","31.0000","90.8800","0.8300","1.2800","48.0000","85.7100","0.4000","52.0000","84.5000","1.9800","2.6500","1.6600","1.5800","1.6700","0.9900","0.1171","1.5400","1.2700","1.0300","1.2300","1.5800","1.4800","1.8400","95.1400","98.7800","92.7100","92.4000","92.7100","83.8900","20.6700","93.3100","92.7100","89.3600","89.6700","91.7900","90.5800","94.2200","329","4/1/2025 16:37","6","4","1.5000","0.1500","0.1000","73.0000","147.0000","110.0000","169.0000","174.0000","0.3300","-0.1807","-0.1700","-0.4000","-0.2100","78.1200","55.6200","66.8700","48.9400","47.4200","6","8","83.8900","54.0000","0.4200","0.2000","59.5700","134.0000","-0.0200","5","82.0700","60.0000","0.6500","58","84.5000","52.0000","0.4700","1.4100","71.1200","96.0000","0.1900","17","92.7100","25.0000","1.6500","0.1200","49.8500","166.0000","-0.0600","0.4100","75.6800","81.0000","0.8200","0.0000","97.8700","8.0000","-0.1400","0","97.8700","8.0000","-0.1400","0.0000","97.8700","8.0000","-0.1300","0","97.8700","8.0000","-0.1500","7","11","0"
"AAD2023.06.02752","316","5093","38","University of North Carolina at Chapel Hill","Chemistry, Department of","Chemistry","44","14.0000","732","31.0000","43","14.0000","17.0200","73.0000","25297","25.0000","44","14.0000","1.0000","1.0000","35","13.0000","130","11.0000","83912404.0000","16.0000","130","31.0000","36","15.0000","15","5.0000","4","26.0000","19","17","5","17","18","0.0900","0.3200","105.0000","68.3900","0.3400","1.2600","25.0000","92.7100","0.9800","0.6600","98.0000","70.5200","16.6400","0.7700","67.0000","79.9400","1.0000","0.7300","1.0000","100.0000","574.9300","0.8300","49.0000","85.4100","34.5600","0.9800","49.0000","85.4100","0.8000","1.1500","46.0000","86.3200","2.9500","1.9700","11.0000","96.9600","1907100.0900","1.7600","27.0000","92.1000","645480.0300","0.8900","54.0000","83.8900","2.9500","0.8600","43.0000","87.2300","0.8200","1.2400","51.0000","84.8000","0.7000","30.0000","91.1900","2.1500","1.4800","2.1400","2.2400","2.0700","0.7100","0.3027","1.2200","3.5000","1.3200","2.3900","2.7500","1.4800","2.0900","95.7400","92.4000","96.0500","96.3500","96.0500","78.1200","100.0000","90.8800","98.7800","92.7100","95.4400","96.9600","90.8800","96.0500","329","4/1/2025 16:37","8","8","1.0000","0.1800","0.1800","29.0000","169.0000","92.0000","149.0000","86.0000","1.4600","-0.4068","-0.0300","-0.3200","0.5400","91.4900","48.9400","72.3400","55.0200","74.1600","6","11","90.5800","32.0000","0.8000","0.2500","70.2100","99.0000","0.1900","4","77.8100","74.0000","0.3400","140","95.7400","15.0000","1.9100","3.1800","93.6200","22.0000","1.3500","20","95.7400","15.0000","2.1100","0.0900","40.4300","197.0000","-0.3600","0.4500","83.2800","56.0000","1.0300","0.0000","97.8700","8.0000","-0.1400","0","97.8700","8.0000","-0.1400","0.0000","97.8700","8.0000","-0.1300","0","97.8700","8.0000","-0.1500","7","11","0"
"AAD2023.06.02752","326","5145","38","University of Pennsylvania","Chemistry, Department of","Chemistry","27","65.0000","858","20.0000","27","57.0000","31.7800","8.0000","23382","30.0000","27","58.0000","1.0000","1.0000","24","39.0000","77","37.0000","59969438.0000","27.0000","147","27.0000","26","37.0000","6","36.0000","5","15.0000","19","17","5","17","18","0.1900","1.6300","19.0000","94.5300","0.2200","0.6000","49.0000","85.4100","1.0000","0.7700","1.0000","100.0000","31.7800","2.6700","7.0000","98.1800","1.0000","0.7300","1.0000","100.0000","866.0000","1.6800","20.0000","94.2200","27.2500","0.3900","90.0000","72.9500","0.8900","1.4900","10.0000","97.2600","2.8500","1.8600","17.0000","95.1400","2221090.3000","2.2000","13.0000","96.3500","778823.8700","1.4300","25.0000","92.7100","5.4400","2.2100","15.0000","95.7400","0.9600","1.7300","6.0000","98.4800","1.3000","3.0000","99.3900","1.3000","2.0700","0.7800","1.2100","0.7800","2.5900","0.3027","1.4500","0.9900","1.1800","1.5200","1.3000","1.8800","0.6600","89.0600","95.7400","82.6700","88.4500","82.9800","97.8700","100.0000","92.1000","89.3600","91.1900","92.1000","89.0600","94.2200","80.5500","329","4/1/2025 16:37","11","5","2.2000","0.4100","0.1900","61.0000","98.0000","71.0000","93.0000","84.0000","0.6100","0.1359","0.1800","0.1500","0.5700","81.7600","70.5200","78.7200","72.0400","74.7700","6","10","88.4500","39.0000","0.6800","0.3700","88.1500","40.0000","0.6300","6","87.8400","41.0000","0.9600","74","88.4500","39.0000","0.7500","2.7400","89.6700","35.0000","1.0600","15","89.3600","36.0000","1.3500","0.2200","81.7600","61.0000","0.9000","0.5600","96.0500","14.0000","1.5700","0.0000","97.8700","8.0000","-0.1400","0","97.8700","8.0000","-0.1400","0.0000","97.8700","8.0000","-0.1300","0","97.8700","8.0000","-0.1500","7","11","0"
"AAD2023.06.02752","327","5193","38","University of Pittsburgh","Chemistry, Department of","Chemistry","40","24.0000","631","41.0000","38","25.0000","16.6100","76.0000","16182","51.0000","38","25.0000","1.0000","1.0000","26","31.0000","76","39.0000","41059199.0000","51.0000","90","48.0000","26","37.0000","7","25.0000","5","15.0000","19","17","5","17","18","0.1300","0.8000","59.0000","82.3700","0.1800","0.3400","69.0000","79.3300","0.9500","0.5200","124.0000","62.6100","15.7800","0.6700","75.0000","77.5100","0.9500","0.5000","133.0000","59.8800","404.5500","0.3400","79.0000","76.2900","25.6500","0.2600","108.0000","67.4800","0.6500","0.6200","101.0000","69.6000","1.9000","0.8300","72.0000","78.4200","1026479.9800","0.5400","73.0000","78.1200","540252.6200","0.4700","94.0000","71.7300","2.2500","0.4800","62.0000","81.4600","0.6500","0.6800","99.0000","70.2100","0.3000","68.0000","79.6400","1.3000","2.0700","1.6600","1.4000","1.6700","0.6600","0.3027","0.6800","1.2700","0.6300","0.8400","1.2800","1.1600","1.7500","89.0600","95.7400","92.7100","90.8800","92.7100","77.2000","100.0000","85.7100","92.7100","84.8000","84.8000","88.4500","87.8400","93.0100","329","4/1/2025 16:37","5","5","1.0000","0.1300","0.1300","61.0000","169.0000","119.0000","178.0000","138.0000","0.6100","-0.4068","-0.2400","-0.4400","0.0400","81.7600","48.9400","64.1300","46.2000","58.3600","6","14","94.5300","19.0000","1.1800","0.3500","86.0200","47.0000","0.5500","6","87.8400","41.0000","0.9600","110","93.6200","22.0000","1.3800","2.7500","90.5800","32.0000","1.0700","15","89.3600","36.0000","1.3500","0.1500","60.4900","131.0000","0.2000","0.3800","70.8200","97.0000","0.6100","0.0000","97.8700","8.0000","-0.1400","0","97.8700","8.0000","-0.1400","0.0000","97.8700","8.0000","-0.1300","0","97.8700","8.0000","-0.1500","7","11","0"
"AAD2023.06.02752","329","5246","38","University of Rochester","Chemistry, Department of","Chemistry","22","97.0000","288","98.0000","22","86.0000","13.0900","117.0000","6515","99.0000","22","87.0000","1.0000","1.0000","17","79.0000","58","59.0000","30396444.0000","66.0000","70","57.0000","19","70.0000","1","147.0000","1","125.0000","19","17","5","17","18","0.0500","-0.3100","190.0000","42.5500","0.0500","-0.3800","192.0000","41.9500","1.0000","0.7700","1.0000","100.0000","13.0900","0.3300","107.0000","67.7800","1.0000","0.7300","1.0000","100.0000","296.1400","0.0200","106.0000","68.0900","22.6200","0.0100","132.0000","60.1800","0.7700","1.0700","56.0000","83.2800","2.6400","1.6300","28.0000","91.7900","1381656.5500","1.0400","45.0000","86.6300","524076.6200","0.4000","108.0000","67.4800","3.1800","0.9900","39.0000","88.4500","0.8600","1.4000","35.0000","89.6700","0.5000","46.0000","86.3200","0.7000","-0.2800","0.3800","0.5600","0.3800","0.2200","0.3027","0.4100","-0.4000","-0.1000","0.4500","0.7900","0.0900","0.2400","79.0300","62.3100","73.8600","76.2900","74.1600","64.7400","100.0000","82.9800","55.6200","70.2100","80.2400","82.3700","70.5200","70.8200","329","4/1/2025 16:37","14","4","3.5000","0.6400","0.1800","73.0000","50.0000","60.0000","61.0000","86.0000","0.3300","0.7238","0.3800","0.6400","0.5400","78.1200","85.1100","82.0700","81.7600","74.1600","6","5","72.9500","90.0000","0.0500","0.2300","65.3500","115.0000","0.1000","2","55.9300","146.0000","-0.2900","26","71.1200","96.0000","-0.0900","1.1800","66.2600","112.0000","0.0400","8","72.0400","93.0000","0.2800","0.0900","40.4300","197.0000","-0.3600","0.3600","67.7800","107.0000","0.5500","0.0000","97.8700","8.0000","-0.1400","0","97.8700","8.0000","-0.1400","0.0000","97.8700","8.0000","-0.1300","0","97.8700","8.0000","-0.1500","7","11","0"
"AAD2023.06.02752","335","5281","38","University of Southern California","Chemistry, Department of","Chemistry","31","45.0000","658","37.0000","30","45.0000","21.9300","29.0000","18925","45.0000","31","41.0000","1.0000","1.0000","25","35.0000","64","54.0000","32021044.0000","63.0000","117","33.0000","27","33.0000","9","15.0000","6","5.0000","19","17","5","17","18","0.1900","1.7500","17.0000","95.1400","0.2900","0.9800","32.0000","90.5800","0.9700","0.6100","105.0000","68.3900","21.2300","1.3500","33.0000","90.2700","1.0000","0.7300","1.0000","100.0000","610.4800","0.9400","44.0000","86.9300","28.7600","0.5100","82.0000","75.3800","0.8100","1.1900","41.0000","87.8400","2.0600","1.0100","58.0000","82.6700","1032936.9000","0.5500","72.0000","78.4200","500328.8100","0.3100","119.0000","64.1300","3.7700","1.3100","30.0000","91.1900","0.8700","1.4200","30.0000","91.1900","0.6000","40.0000","88.1500","1.3800","2.6500","1.1000","1.3000","1.0300","1.3400","0.3027","1.0400","1.8300","0.8400","0.5100","0.9500","1.2500","1.0000","90.2700","98.7800","87.8400","89.6700","86.6300","91.4900","100.0000","90.2700","95.7400","86.6300","81.1600","83.8900","89.0600","86.6300","329","4/1/2025 16:37","17","11","1.5500","0.5500","0.3500","11.0000","146.0000","55.0000","68.0000","9.0000","2.3200","-0.1581","0.5900","0.4500","2.0900","96.9600","55.9300","83.5900","79.6400","97.5700","6","35","99.3900","3.0000","3.8200","1.1300","99.0900","4.0000","3.4100","6","87.8400","41.0000","0.9600","118","95.1400","17.0000","1.5200","3.8100","95.7400","15.0000","1.7600","9","74.4700","85.0000","0.4300","0.1900","73.2500","89.0000","0.6200","0.2900","55.3200","148.0000","0.1600","0.0000","97.8700","8.0000","-0.1400","0","97.8700","8.0000","-0.1400","0.0000","97.8700","8.0000","-0.1300","0","97.8700","8.0000","-0.1500","7","11","0"
"AAD2023.06.02752","357","5339","38","Washington State University","Chemistry, Department of","Chemistry","15","175.0000","287","99.0000","15","154.0000","19.1300","55.0000","5685","109.0000","15","153.0000","1.0000","1.0000","11","122.0000","21","127.0000","7299646.0000","150.0000","19","119.0000","10","116.0000","0","207.0000","0","207.0000","19","17","5","17","18","0.0000","-0.9400","207.0000","37.3900","0.0000","-0.6300","207.0000","37.3900","1.0000","0.7700","1.0000","100.0000","19.1300","1.0900","49.0000","85.4100","1.0000","0.7300","1.0000","100.0000","379.0000","0.2600","85.0000","74.4700","19.8100","-0.2100","177.0000","46.5000","0.7300","0.9300","73.0000","78.1200","1.4000","0.2900","114.0000","65.6500","486643.0700","-0.2100","149.0000","55.0200","347602.1900","-0.3100","214.0000","35.2600","1.2700","-0.0500","104.0000","68.6900","0.6700","0.7400","91.0000","72.6400","0.3000","68.0000","79.6400","-0.0700","-0.8700","-0.1800","0.0000","-0.1800","0.9800","0.3027","-0.2800","-0.6800","-0.1600","-0.3800","-0.2300","0.0800","-0.3500","65.0500","37.3900","53.8000","63.2200","53.5000","83.5900","100.0000","64.1300","37.3900","67.1700","54.7100","61.7000","70.2100","47.1100","329","4/1/2025 16:37","23","2","11.5000","1.5300","0.1300","122.0000","3.0000","35.0000","12.0000","132.0000","-0.2400","4.3418","1.0000","2.5300","0.1100","63.2200","99.3900","89.6700","96.6600","60.1800","6","4","66.8700","110.0000","-0.0800","0.2700","73.5600","88.0000","0.2500","4","77.8100","74.0000","0.3400","13","57.4500","141.0000","-0.3200","0.8700","59.8800","133.0000","-0.1700","3","48.9400","169.0000","-0.4800","0.2700","89.3600","36.0000","1.3200","0.2000","41.6400","193.0000","-0.3200","0.0000","97.8700","8.0000","-0.1400","0","97.8700","8.0000","-0.1400","0.0000","97.8700","8.0000","-0.1300","0","97.8700","8.0000","-0.1500","7","11","0"
"AAD2023.06.02752","43","5440","38","Clarkson University","Chemistry and Biomolecular Science, Department of","Chemistry","11","232.0000","170","140.0000","9","229.0000","18.8900","57.0000","3002","160.0000","9","228.0000","1.0000","1.0000","4","215.0000","6","222.0000","2425470.0000","217.0000","6","200.0000","5","183.0000","5","47.0000","1","125.0000","19","17","5","17","18","0.0900","0.3200","105.0000","68.3900","0.4500","1.8900","13.0000","96.3500","0.8200","-0.1100","235.0000","28.8800","15.4500","0.6300","78.0000","76.6000","0.8200","-0.1200","238.0000","27.9600","272.9100","-0.0500","117.0000","64.7400","17.6600","-0.3900","207.0000","37.3900","0.3600","-0.4100","217.0000","34.3500","0.5500","-0.6400","223.0000","32.5200","220497.2700","-0.5700","206.0000","37.6900","404245.0000","-0.0800","175.0000","47.1100","0.5500","-0.4400","185.0000","44.0700","0.4500","0.0300","157.0000","52.5800","-0.3000","145.0000","56.2300","-0.5000","-0.2800","-0.6600","-0.6600","-0.6600","0.9500","0.3027","-0.4600","0.7100","-0.3700","-0.5600","-0.6400","-0.2900","-0.6900","44.6800","62.3100","31.0000","34.9500","30.7000","82.9800","100.0000","39.5100","86.0200","51.6700","34.3500","32.8300","57.7500","29.7900","329","4/1/2025 16:37","1","1","1.0000","0.0900","0.0900","168.0000","169.0000","197.0000","204.0000","176.0000","-0.5300","-0.4068","-0.5100","-0.5100","-0.2700","49.2400","48.9400","40.4300","38.3000","46.8100","6","8","83.8900","54.0000","0.4200","0.7300","98.4800","6.0000","1.9400","4","77.8100","74.0000","0.3400","5","39.8200","199.0000","-0.4600","0.4500","41.6400","193.0000","-0.4400","3","48.9400","169.0000","-0.4800","0.3600","98.1800","7.0000","2.2500","0.2700","51.3700","161.0000","0.0700","0.0000","97.8700","8.0000","-0.1400","0","97.8700","8.0000","-0.1400","0.0000","97.8700","8.0000","-0.1300","0","97.8700","8.0000","-0.1500","7","11","0"
"AAD2023.06.02752","49","5468","38","Columbia University","Chemistry, Department of","Chemistry","25","78.0000","510","59.0000","23","79.0000","22.1700","27.0000","34603","12.0000","23","80.0000","1.0000","1.0000","22","49.0000","88","27.0000","73106751.0000","21.0000","148","26.0000","25","40.0000","7","25.0000","4","26.0000","19","17","5","17","18","0.1600","1.2800","33.0000","90.2700","0.2800","0.9200","34.0000","89.9700","0.9200","0.3800","161.0000","51.3700","20.4000","1.2400","39.0000","88.4500","0.9200","0.3600","165.0000","50.1500","1384.1200","3.1900","7.0000","98.1800","67.8500","3.6700","3.0000","99.3900","0.8800","1.4600","15.0000","95.7400","3.5200","2.5900","3.0000","99.3900","2924270.0400","3.1700","5.0000","98.7800","830758.5300","1.6400","17.0000","95.1400","5.9200","2.4700","13.0000","96.3500","1.0000","1.8500","1.0000","100.0000","1.1000","10.0000","97.2600","1.2100","1.4800","0.4600","1.0200","0.4600","1.3700","0.3027","1.4600","1.2700","2.0200","2.0000","1.6000","0.7800","0.4900","88.1500","92.4000","75.9900","85.4100","76.2900","92.1000","100.0000","92.4000","92.7100","96.6600","93.9200","92.1000","82.3700","76.6000","329","4/1/2025 16:37","33","8","4.1300","1.3200","0.3200","29.0000","43.0000","19.0000","15.0000","21.0000","1.4600","1.0087","1.6900","2.0800","1.7800","91.4900","87.2300","94.5300","95.7400","93.9200","6","10","88.4500","39.0000","0.6800","0.4000","90.2700","33.0000","0.7400","7","90.2700","33.0000","1.2700","55","83.5900","55.0000","0.4200","2.2000","86.0200","47.0000","0.7000","16","91.4900","29.0000","1.5000","0.2800","90.8800","31.0000","1.4500","0.6400","98.4800","6.0000","2.0200","0.0000","97.8700","8.0000","-0.1400","0","97.8700","8.0000","-0.1400","0.0000","97.8700","8.0000","-0.1300","0","97.8700","8.0000","-0.1500","7","11","0"
"AAD2023.06.02752","80","5559","38","George Washington University","Chemistry, Department of","Chemistry","16","161.0000","200","125.0000","14","165.0000","14.2900","108.0000","3727","140.0000","14","169.0000","1.0000","1.0000","7","172.0000","12","180.0000","6754897.0000","156.0000","21","109.0000","9","127.0000","0","207.0000","0","207.0000","19","17","5","17","18","0.0000","-0.9400","207.0000","37.3900","0.0000","-0.6300","207.0000","37.3900","0.8800","0.1600","204.0000","38.3000","12.5000","0.2600","113.0000","65.9600","0.8800","0.1500","206.0000","37.6900","232.9400","-0.1600","136.0000","58.9700","18.6400","-0.3100","192.0000","41.9500","0.4400","-0.1500","198.0000","40.1200","0.7500","-0.4200","194.0000","41.3400","422181.0600","-0.2900","161.0000","51.3700","562908.0800","0.5600","82.0000","75.3800","1.3100","-0.0300","100.0000","69.9100","0.5600","0.3900","119.0000","64.1300","-0.2000","124.0000","62.6100","-0.1600","-0.8700","-0.2600","-0.3800","-0.2600","0.3700","0.3027","-0.2600","-0.6800","-0.3100","-0.4000","-0.4700","-0.1900","-0.2700","61.7000","37.3900","48.9400","48.0200","50.1500","67.4800","100.0000","67.1700","37.3900","57.7500","52.8900","45.5900","62.3100","51.3700","329","4/1/2025 16:37","6","3","2.0000","0.3800","0.1900","94.0000","105.0000","110.0000","100.0000","81.0000","0.0400","0.0454","-0.1700","0.0900","0.5900","71.7300","68.3900","66.8700","69.9100","75.6800","6","2","50.4600","164.0000","-0.3300","0.1300","45.5900","180.0000","-0.2700","2","55.9300","146.0000","-0.2900","21","65.9600","113.0000","-0.1800","1.3100","69.0000","103.0000","0.1200","6","64.4400","118.0000","-0.0200","0.1300","51.9800","159.0000","-0.0300","0.3800","70.8200","97.0000","0.6100","0.0000","97.8700","8.0000","-0.1400","0","97.8700","8.0000","-0.1400","0.0000","97.8700","8.0000","-0.1300","0","97.8700","8.0000","-0.1500","7","11","0"
"AAD2023.06.02752","90","5579","38","Howard University","Chemistry, Department of","Chemistry","18","134.0000","281","101.0000","14","165.0000","20.0700","46.0000","2963","163.0000","14","169.0000","1.0000","1.0000","6","188.0000","8","209.0000","2047826.0000","225.0000","13","148.0000","6","168.0000","3","77.0000","1","125.0000","19","17","5","17","18","0.0600","-0.1700","170.0000","48.6300","0.1700","0.2900","74.0000","77.8100","0.7800","-0.3100","252.0000","23.7100","15.6100","0.6500","76.0000","77.2000","0.7800","-0.3100","254.0000","23.1000","164.6100","-0.3600","167.0000","49.5400","10.5400","-0.9600","285.0000","13.6800","0.3300","-0.5200","223.0000","32.5200","0.4400","-0.7500","234.0000","29.1800","113768.1100","-0.7200","238.0000","27.9600","255978.2500","-0.6800","254.0000","23.1000","0.7200","-0.3500","164.0000","50.4600","0.3300","-0.3800","197.0000","40.4300","-0.8000","221.0000","33.1300","-0.4100","-0.2800","-0.2600","-0.4700","-0.2600","1.1000","0.3027","-0.3600","0.1600","-0.3700","-0.5700","-0.5800","0.0600","-0.1000","49.2400","62.3100","48.9400","43.1600","50.1500","86.3200","100.0000","55.3200","76.9000","50.7600","31.9100","36.7800","69.6000","59.5700","329","4/1/2025 16:37","7","3","2.3300","0.3900","0.1700","94.0000","92.0000","103.0000","98.0000","98.0000","0.0400","0.1947","-0.1000","0.1100","0.4100","71.7300","72.3400","69.0000","70.5200","70.5200","6","2","50.4600","164.0000","-0.3300","0.1100","43.1600","188.0000","-0.3200","1","43.7700","186.0000","-0.6000","4","35.5600","213.0000","-0.4800","0.2200","31.3100","227.0000","-0.6000","1","28.8800","235.0000","-0.7800","0.0600","28.5700","236.0000","-0.7000","0.0600","19.4500","266.0000","-1.0900","0.0000","97.8700","8.0000","-0.1400","0","97.8700","8.0000","-0.1400","0.0000","97.8700","8.0000","-0.1300","0","97.8700","8.0000","-0.1500","7","11","0"
"AAD2023.06.02752","96","5613","38","Indiana University - Bloomington","Chemistry, Department of","Chemistry","35","36.0000","647","39.0000","33","37.0000","19.6100","51.0000","14843","55.0000","33","37.0000","1.0000","1.0000","27","27.0000","90","24.0000","51710840.0000","37.0000","106","40.0000","30","29.0000","1","147.0000","1","125.0000","19","17","5","17","18","0.0300","-0.5400","205.0000","37.9900","0.0300","-0.4700","205.0000","37.9900","0.9400","0.4900","137.0000","58.6600","18.4900","1.0100","52.0000","84.5000","0.9400","0.4600","144.0000","56.5400","424.0900","0.3900","76.0000","77.2000","22.9400","0.0400","129.0000","61.0900","0.7700","1.0700","57.0000","82.9800","2.5700","1.5600","31.0000","90.8800","1477452.5700","1.1700","38.0000","88.7500","574564.8900","0.6100","73.0000","78.1200","3.0300","0.9000","40.0000","88.1500","0.8600","1.3800","38.0000","88.7500","0.6000","40.0000","88.1500","1.6400","-0.2800","1.2600","1.4900","1.2700","1.0400","0.3027","0.8900","-0.4000","0.5300","1.2300","1.6600","1.2200","1.3300","91.4900","62.3100","89.0600","92.1000","89.0600","84.8000","100.0000","88.1500","55.6200","83.5900","89.0600","93.0100","88.4500","89.3600","329","4/1/2025 16:37","8","4","2.0000","0.2300","0.1100","73.0000","105.0000","92.0000","131.0000","154.0000","0.3300","0.0454","-0.0300","-0.2200","-0.0600","78.1200","68.3900","72.3400","60.4900","53.5000","6","3","59.2700","135.0000","-0.2000","0.0900","33.1300","221.0000","-0.4200","3","69.3000","102.0000","0.0200","62","86.0200","47.0000","0.5400","1.7700","79.0300","70.0000","0.4200","15","89.3600","36.0000","1.3500","0.0900","36.7800","209.0000","-0.4100","0.4300","79.3300","69.0000","0.9000","0.0000","97.8700","8.0000","-0.1400","0","97.8700","8.0000","-0.1400","0.0000","97.8700","8.0000","-0.1300","0","97.8700","8.0000","-0.1500","7","11","0"
"AAD2023.06.02752","99","5688","38","Iowa State University","Chemistry, Department of","Chemistry","25","78.0000","587","45.0000","25","72.0000","23.4800","22.0000","15061","54.0000","25","71.0000","1.0000","1.0000","21","55.0000","50","68.0000","22859075.0000","77.0000","74","55.0000","23","51.0000","7","25.0000","5","15.0000","19","17","5","17","18","0.2000","1.8400","15.0000","95.7400","0.2800","0.9200","34.0000","89.9700","1.0000","0.7700","1.0000","100.0000","23.4800","1.6300","19.0000","94.5300","1.0000","0.7300","1.0000","100.0000","602.4400","0.9100","45.0000","86.6300","25.6600","0.2600","107.0000","67.7800","0.8400","1.3100","26.0000","92.4000","2.0000","0.9400","62.0000","81.4600","914363.0000","0.3900","84.0000","74.7700","457181.5000","0.1300","144.0000","56.5400","2.9600","0.8700","41.0000","87.8400","0.9200","1.5900","19.0000","94.5300","0.8000","21.0000","93.9200","1.0400","2.0700","0.6200","0.9300","0.6200","1.5400","0.3027","0.4600","1.2700","0.5500","0.1800","0.5700","1.0300","0.4900","84.8000","95.7400","78.7200","83.5900","78.4200","93.6200","100.0000","83.5900","92.7100","83.8900","76.9000","79.6400","86.6300","76.6000","329","4/1/2025 16:37","9","6","1.5000","0.3600","0.2400","48.0000","147.0000","81.0000","104.0000","52.0000","0.9000","-0.1807","0.0400","0.0500","1.0600","85.7100","55.6200","75.6800","68.6900","84.5000","6","12","91.7900","28.0000","0.9300","0.4800","93.6200","22.0000","1.0300","9","95.1400","17.0000","1.9000","39","77.2000","76.0000","0.1400","1.5600","74.1600","86.0000","0.2800","11","82.0700","60.0000","0.7400","0.3600","97.5700","9.0000","2.2200","0.4400","80.8500","64.0000","0.9600","0.0000","97.8700","8.0000","-0.1400","0","97.8700","8.0000","-0.1400","0.0000","97.8700","8.0000","-0.1300","0","97.8700","8.0000","-0.1500","7","11","0"
"AAD2023.06.02752","20","5735","38","Baylor University","Chemistry and Biochemistry, Department of","Chemistry","22","97.0000","198","126.0000","21","95.0000","9.4300","165.0000","2897","164.0000","21","95.0000","1.0000","1.0000","13","103.0000","31","101.0000","16131794.0000","101.0000","31","84.0000","11","107.0000","3","77.0000","3","45.0000","19","17","5","17","18","0.1400","0.9500","49.0000","85.4100","0.1400","0.1200","88.0000","73.5600","0.9500","0.5500","118.0000","64.4400","9.0000","-0.1800","155.0000","53.1900","0.9500","0.5200","128.0000","61.4000","131.6800","-0.4600","191.0000","42.2500","14.6300","-0.6300","243.0000","26.4400","0.5900","0.4100","133.0000","59.8800","1.4100","0.3000","113.0000","65.9600","733263.3600","0.1400","103.0000","69.0000","520380.4500","0.3900","111.0000","66.5700","1.4100","0.0300","92.0000","72.3400","0.5000","0.1800","134.0000","59.5700","-0.2000","124.0000","62.6100","0.0200","0.8900","0.3000","0.1800","0.3000","-0.2500","0.3027","-0.1200","0.1600","-0.3700","-0.0600","0.0500","-0.2000","0.2400","67.7800","86.6300","71.4300","69.0000","71.4300","50.1500","100.0000","74.7700","76.9000","50.4600","69.6000","69.6000","62.0100","70.8200","329","4/1/2025 16:37","6","1","6.0000","0.2700","0.0500","168.0000","11.0000","110.0000","124.0000","233.0000","-0.5300","1.8544","-0.1700","-0.1300","-0.6800","49.2400","96.9600","66.8700","62.6100","29.4800","6","2","50.4600","164.0000","-0.3300","0.0900","35.8700","212.0000","-0.4000","2","55.9300","146.0000","-0.2900","19","63.5300","121.0000","-0.2100","0.8600","59.5700","134.0000","-0.1700","7","68.0900","106.0000","0.1300","0.0900","40.4300","197.0000","-0.3600","0.3200","58.9700","136.0000","0.3100","0.0000","97.8700","8.0000","-0.1400","0","97.8700","8.0000","-0.1400","0.0000","97.8700","8.0000","-0.1300","0","97.8700","8.0000","-0.1500","7","11","0"
"AAD2023.06.02752","35","5767","38","Case Western Reserve University","Chemistry, Department of","Chemistry","15","175.0000","190","129.0000","15","154.0000","12.6700","122.0000","4543","124.0000","15","153.0000","1.0000","1.0000","13","103.0000","29","106.0000","13312058.0000","111.0000","21","109.0000","11","107.0000","1","147.0000","1","125.0000","19","17","5","17","18","0.0700","-0.0100","148.0000","55.3200","0.0700","-0.2600","167.0000","49.5400","1.0000","0.7700","1.0000","100.0000","12.6700","0.2800","110.0000","66.8700","1.0000","0.7300","1.0000","100.0000","302.8700","0.0400","105.0000","68.3900","23.9100","0.1200","115.0000","65.3500","0.8700","1.4100","19.0000","94.5300","1.9300","0.8600","69.0000","79.3300","887470.5300","0.3500","85.0000","74.4700","459036.4800","0.1400","142.0000","57.1400","1.4000","0.0200","93.0000","72.0400","0.7300","0.9600","75.0000","77.5100","0.2000","79.0000","76.2900","0.0200","-0.2800","-0.1800","0.1800","-0.1800","0.1600","0.3027","-0.2600","-0.4000","-0.2500","-0.1700","-0.0100","-0.2200","-0.3500","67.7800","62.3100","53.8000","69.0000","53.5000","63.2200","100.0000","67.1700","55.6200","62.6100","66.5700","68.0900","61.0900","47.1100","329","4/1/2025 16:37","11","5","2.2000","0.7300","0.3300","61.0000","98.0000","71.0000","48.0000","14.0000","0.6100","0.1359","0.1800","0.8400","1.9000","81.7600","70.5200","78.7200","85.7100","96.0500","6","3","59.2700","135.0000","-0.2000","0.2000","62.9200","123.0000","0.0000","3","69.3000","102.0000","0.0200","25","70.2100","99.0000","-0.1100","1.6700","76.9000","77.0000","0.3500","11","82.0700","60.0000","0.7400","0.2000","76.9000","77.0000","0.6800","0.7300","99.7000","2.0000","2.5200","0.0000","97.8700","8.0000","-0.1400","0","97.8700","8.0000","-0.1400","0.0000","97.8700","8.0000","-0.1300","0","97.8700","8.0000","-0.1500","7","11","0"
"AAD2023.06.02752","45","5844","38","Cleveland State University","Chemistry, Department of","Chemistry","14","189.0000","164","144.0000","13","178.0000","12.6200","123.0000","3074","156.0000","13","178.0000","1.0000","1.0000","6","188.0000","12","180.0000","6544637.0000","159.0000","0","294.0000","0","294.0000","2","105.0000","2","69.0000","19","17","5","17","18","0.1400","1.0400","43.0000","87.2300","0.1400","0.1600","81.0000","75.6800","0.9300","0.4200","151.0000","54.4100","11.7100","0.1600","124.0000","62.6100","0.9300","0.4000","160.0000","51.6700","219.5700","-0.2000","141.0000","57.4500","18.7400","-0.3000","188.0000","43.1600","0.4300","-0.1800","201.0000","39.2100","0.8600","-0.3000","179.0000","45.9000","467474.0700","-0.2300","152.0000","54.1000","545386.4200","0.4900","92.0000","72.3400","0.0000","-0.7400","294.0000","10.9400","0.0000","-1.5000","294.0000","10.9400","-0.5000","183.0000","44.6800","-0.9200","0.3100","-0.3400","-0.4700","-0.3400","0.1600","0.3027","-0.5400","-0.1200","-0.3600","-0.4100","-0.4700","-0.3000","-0.4300","10.9400","79.3300","46.2000","43.1600","46.2000","62.9200","100.0000","10.9400","68.3900","52.8900","51.9800","45.5900","56.5400","42.8600","329","4/1/2025 16:37","0","0","0.0000","0.0000","0.0000","241.0000","241.0000","241.0000","241.0000","241.0000","-0.8100","-0.8591","-0.5800","-0.7100","-1.0800","27.0500","27.0500","27.0500","27.0500","27.0500","6","0","24.0100","251.0000","-0.5800","0.0000","24.0100","251.0000","-0.7300","0","24.0100","251.0000","-0.9100","13","57.4500","141.0000","-0.3200","0.9300","60.7900","130.0000","-0.1300","7","68.0900","106.0000","0.1300","0.0000","24.0100","251.0000","-1.2300","0.5000","90.5800","32.0000","1.2800","0.0000","97.8700","8.0000","-0.1400","0","97.8700","8.0000","-0.1400","0.0000","97.8700","8.0000","-0.1300","0","97.8700","8.0000","-0.1500","7","11","0"
"AAD2023.06.02752","66","5934","38","Emory University","Chemistry, Department of","Chemistry","27","65.0000","570","50.0000","27","57.0000","21.1100","39.0000","14679","58.0000","27","58.0000","1.0000","1.0000","20","62.0000","86","31.0000","55800786.0000","30.0000","99","43.0000","24","47.0000","2","105.0000","2","69.0000","19","17","5","17","18","0.0700","0.0900","137.0000","58.6600","0.0700","-0.2200","159.0000","51.9800","1.0000","0.7700","1.0000","100.0000","21.1100","1.3300","35.0000","89.6700","1.0000","0.7300","1.0000","100.0000","543.6700","0.7400","52.0000","84.5000","25.7500","0.2700","103.0000","69.0000","0.7400","0.9500","70.0000","79.0300","3.1900","2.2200","10.0000","97.2600","2066695.7800","1.9800","18.0000","94.8300","648846.3500","0.9100","53.0000","84.1900","3.6700","1.2500","32.0000","90.5800","0.8900","1.4800","27.0000","92.1000","0.8000","21.0000","93.9200","1.1300","0.3100","0.7800","0.8400","0.7800","1.2300","0.3027","0.8000","-0.1200","0.5200","1.3700","1.5500","0.9700","0.6600","86.0200","79.3300","82.6700","81.4600","82.9800","88.4500","100.0000","87.2300","68.3900","82.6700","91.1900","90.8800","85.1100","80.5500","329","4/1/2025 16:37","38","11","3.4500","1.4100","0.4100","11.0000","55.0000","16.0000","14.0000","3.0000","2.3200","0.7012","2.0400","2.2700","2.5600","96.9600","83.5900","95.4400","96.0500","99.3900","6","7","79.9400","67.0000","0.3000","0.2600","71.7300","94.0000","0.2200","6","87.8400","41.0000","0.9600","85","89.9700","34.0000","0.9400","3.1500","93.3100","23.0000","1.3300","10","79.0300","70.0000","0.5900","0.2200","81.7600","61.0000","0.9000","0.3700","68.6900","104.0000","0.5900","0.0000","97.8700","8.0000","-0.1400","0","97.8700","8.0000","-0.1400","0.0000","97.8700","8.0000","-0.1300","0","97.8700","8.0000","-0.1500","7","11","0"
"AAD2023.06.02752","82","6187","38","Georgia Institute of Technology","Chemistry and Biochemistry, School of","Chemistry","39","27.0000","861","19.0000","39","23.0000","22.0800","28.0000","30050","18.0000","39","23.0000","1.0000","1.0000","32","17.0000","101","20.0000","56445523.0000","29.0000","102","42.0000","33","20.0000","5","47.0000","4","26.0000","19","17","5","17","18","0.1000","0.4900","89.0000","73.2500","0.1300","0.0800","95.0000","71.4300","1.0000","0.7700","1.0000","100.0000","22.0800","1.4500","25.0000","92.7100","1.0000","0.7300","1.0000","100.0000","770.5100","1.4000","27.0000","92.1000","34.9000","1.0100","47.0000","86.0200","0.8200","1.2400","34.0000","89.9700","2.5900","1.5800","30.0000","91.1900","1447321.1000","1.1300","41.0000","87.8400","558866.5600","0.5400","85.0000","74.4700","2.6200","0.6800","51.0000","84.8000","0.8500","1.3400","42.0000","87.5400","0.7000","30.0000","91.1900","1.8900","1.4800","1.7400","1.9600","1.7500","1.3600","0.3027","0.8400","0.7100","1.6800","1.4000","1.9600","1.8900","1.6700","94.2200","92.4000","93.3100","95.1400","93.3100","91.7900","100.0000","87.5400","86.0200","94.8300","91.4900","94.2200","94.5300","92.1000","329","4/1/2025 16:37","26","10","2.6000","0.6700","0.2600","17.0000","81.0000","28.0000","53.0000","42.0000","2.0300","0.3168","1.2100","0.7000","1.2100","95.1400","75.6800","91.7900","84.1900","87.5400","6","11","90.5800","32.0000","0.8000","0.2800","75.0800","83.0000","0.3000","9","95.1400","17.0000","1.9000","92","91.4900","29.0000","1.0700","2.3600","87.2300","43.0000","0.8100","14","87.5400","42.0000","1.2000","0.2300","84.1900","53.0000","0.9800","0.3600","65.9600","113.0000","0.5300","0.0000","97.8700","8.0000","-0.1400","0","97.8700","8.0000","-0.1400","0.0000","97.8700","8.0000","-0.1300","0","97.8700","8.0000","-0.1500","7","11","0"
"AAD2023.06.02752","102","6240","38","Johns Hopkins University","Chemistry, Department of","Chemistry","22","97.0000","462","68.0000","20","104.0000","23.1000","23.0000","10815","79.0000","21","95.0000","1.0000","1.0000","20","62.0000","63","58.0000","46982955.0000","45.0000","92","47.0000","20","67.0000","1","147.0000","1","125.0000","19","17","5","17","18","0.0500","-0.3100","190.0000","42.5500","0.0500","-0.3800","192.0000","41.9500","0.9100","0.3300","173.0000","47.7200","21.0000","1.3200","37.0000","89.0600","0.9500","0.5200","128.0000","61.4000","491.5900","0.5900","67.0000","79.9400","23.4100","0.0800","123.0000","62.9200","0.9100","1.5600","5.0000","98.7800","2.8600","1.8700","15.0000","95.7400","2135588.8600","2.0800","17.0000","95.1400","745761.1900","1.3000","34.0000","89.9700","4.1800","1.5300","24.0000","93.0100","0.9100","1.5500","20.0000","94.2200","0.8000","21.0000","93.9200","0.7800","-0.2800","0.3000","0.8400","0.2200","1.4900","0.3027","0.7100","-0.4000","0.2300","1.0500","0.9200","0.6300","0.2400","79.9400","62.3100","71.4300","81.4600","68.6900","93.3100","100.0000","86.0200","55.6200","76.2900","86.6300","82.6700","79.6400","70.8200","329","4/1/2025 16:37","20","4","5.0000","0.9100","0.1800","73.0000","24.0000","44.0000","33.0000","86.0000","0.3300","1.4022","0.8000","1.2100","0.5400","78.1200","93.0100","86.9300","90.2700","74.1600","6","3","59.2700","135.0000","-0.2000","0.1400","47.7200","173.0000","-0.2300","3","69.3000","102.0000","0.0200","61","85.7100","48.0000","0.5200","2.7700","91.1900","30.0000","1.0800","8","72.0400","93.0000","0.2800","0.1400","55.6200","147.0000","0.0700","0.3600","67.7800","107.0000","0.5500","0.0000","97.8700","8.0000","-0.1400","0","97.8700","8.0000","-0.1400","0.0000","97.8700","8.0000","-0.1300","0","97.8700","8.0000","-0.1500","7","11","0"
"AAD2023.06.02752","119","6264","38","Marquette University","Chemistry, Department of","Chemistry","12","217.0000","71","217.0000","11","195.0000","6.4500","226.0000","949","230.0000","11","198.0000","1.0000","1.0000","8","156.0000","17","148.0000","7837553.0000","145.0000","10","169.0000","5","183.0000","0","207.0000","0","207.0000","19","17","5","17","18","0.0000","-0.9400","207.0000","37.3900","0.0000","-0.6300","207.0000","37.3900","0.9200","0.3600","165.0000","50.1500","5.9200","-0.5600","214.0000","35.2600","0.9200","0.3400","167.0000","49.5400","79.0800","-0.6100","234.0000","29.1800","13.3700","-0.7300","262.0000","20.6700","0.6700","0.6900","95.0000","71.4300","1.4200","0.3000","112.0000","66.2600","653129.4200","0.0300","114.0000","65.6500","461032.5300","0.1500","140.0000","57.7500","0.8300","-0.2900","148.0000","55.3200","0.4200","-0.1000","170.0000","48.6300","-0.5000","183.0000","44.6800","-0.5000","-0.8700","-0.5000","-0.2900","-0.5000","-0.6300","0.3027","-0.4000","-0.6800","-0.5200","-0.3700","-0.3400","-0.6000","-0.6000","44.6800","37.3900","40.1200","52.8900","41.0300","31.6100","100.0000","48.9400","37.3900","30.4000","56.2300","55.3200","34.3500","34.3500","329","4/1/2025 16:37","1","1","1.0000","0.0800","0.0800","168.0000","169.0000","197.0000","212.0000","185.0000","-0.5300","-0.4068","-0.5100","-0.5300","-0.3400","49.2400","48.9400","40.4300","35.8700","44.0700","6","0","24.0100","251.0000","-0.5800","0.0000","24.0100","251.0000","-0.7300","0","24.0100","251.0000","-0.9100","1","23.7100","252.0000","-0.5300","0.0800","20.0600","264.0000","-0.6900","1","28.8800","235.0000","-0.7800","0.0000","24.0100","251.0000","-1.2300","0.0800","23.1000","254.0000","-0.9400","0.0000","97.8700","8.0000","-0.1400","0","97.8700","8.0000","-0.1400","0.0000","97.8700","8.0000","-0.1300","0","97.8700","8.0000","-0.1500","7","11","0"
"AAD2023.06.02752","132","6308","38","Michigan State University","Chemistry, Department of","Chemistry","41","20.0000","685","34.0000","40","19.0000","17.1300","72.0000","15178","53.0000","41","19.0000","1.0000","1.0000","26","31.0000","87","28.0000","50686175.0000","39.0000","99","43.0000","28","31.0000","3","77.0000","3","45.0000","19","17","5","17","18","0.0700","0.0800","140.0000","57.7500","0.0700","-0.2300","162.0000","51.0600","0.9800","0.6500","99.0000","70.2100","16.7100","0.7800","65.0000","80.5500","1.0000","0.7300","1.0000","100.0000","370.2000","0.2400","90.0000","72.9500","22.1600","-0.0200","135.0000","59.2700","0.6300","0.5700","109.0000","67.1700","2.1200","1.0700","53.0000","84.1900","1236248.1700","0.8300","55.0000","83.5900","582599.7100","0.6400","70.0000","79.0300","2.4100","0.5700","56.0000","83.2800","0.6800","0.7900","88.0000","73.5600","0.4000","52.0000","84.5000","1.4700","0.8900","1.9000","1.4000","1.8300","0.7300","0.3027","0.8000","0.1600","0.5600","1.1900","1.5800","1.3300","1.8400","90.8800","86.6300","94.5300","90.8800","94.5300","78.4200","100.0000","87.2300","76.9000","84.1900","88.4500","91.7900","89.9700","94.2200","329","4/1/2025 16:37","23","12","1.9200","0.5600","0.2900","8.0000","136.0000","35.0000","66.0000","30.0000","2.6000","0.0093","1.0000","0.4800","1.5400","97.8700","58.9700","89.6700","80.2400","91.1900","6","19","97.8700","8.0000","1.8100","0.4600","92.1000","27.0000","0.9700","11","97.2600","10.0000","2.5200","57","83.8900","54.0000","0.4500","1.3900","70.8200","97.0000","0.1700","18","94.5300","19.0000","1.8000","0.2700","89.6700","35.0000","1.3400","0.4400","80.2400","66.0000","0.9500","0.0000","97.8700","8.0000","-0.1400","0","97.8700","8.0000","-0.1400","0.0000","97.8700","8.0000","-0.1300","0","97.8700","8.0000","-0.1500","7","11","0"
"AAD2023.06.02752","141","6414","38","New Jersey Institute of Technology","Chemistry and Environmental Science, Department of","Chemistry","17","150.0000","244","112.0000","17","130.0000","14.3500","105.0000","4569","123.0000","16","140.0000","0.9400","273.0000","8","156.0000","21","127.0000","6702117.0000","157.0000","18","125.0000","10","116.0000","4","62.0000","2","69.0000","19","17","5","17","18","0.1200","0.6900","70.0000","79.0300","0.2400","0.6700","47.0000","86.0200","1.0000","0.7700","1.0000","100.0000","14.3500","0.4900","94.0000","71.7300","0.9400","0.4600","145.0000","56.2300","268.7600","-0.0600","119.0000","64.1300","18.7300","-0.3000","190.0000","42.5500","0.4700","-0.0300","183.0000","44.6800","1.2400","0.1100","131.0000","60.4900","394242.1800","-0.3300","168.0000","49.2400","319148.4300","-0.4300","222.0000","32.8300","1.0600","-0.1600","123.0000","62.9200","0.5900","0.4700","110.0000","66.8700","0.1000","87.0000","73.8600","-0.0700","0.3100","-0.1000","-0.2900","-0.0200","0.3800","-0.1230","-0.3000","0.4400","-0.2500","-0.4100","-0.2300","-0.0500","-0.1800","65.0500","79.3300","57.7500","52.8900","60.7900","68.3900","17.3300","62.3100","81.4600","62.9200","52.5800","61.7000","66.2600","54.7100","329","4/1/2025 16:37","5","3","1.6700","0.2900","0.1800","94.0000","139.0000","119.0000","118.0000","95.0000","0.0400","-0.1038","-0.2400","-0.0900","0.5000","71.7300","58.0500","64.1300","64.4400","71.4300","6","6","76.2900","79.0000","0.1700","0.3500","86.9300","44.0000","0.5600","3","69.3000","102.0000","0.0200","22","68.3900","105.0000","-0.1600","1.2900","68.3900","105.0000","0.1100","8","72.0400","93.0000","0.2800","0.1800","68.6900","104.0000","0.4600","0.4700","85.4100","49.0000","1.1200","0.0000","97.8700","8.0000","-0.1400","0","97.8700","8.0000","-0.1400","0.0000","97.8700","8.0000","-0.1300","0","97.8700","8.0000","-0.1500","7","11","0"
"AAD2023.06.02752","150","6443","38","Northeastern University","Chemistry and Chemical Biology, Department of","Chemistry","39","27.0000","595","44.0000","39","23.0000","15.2600","93.0000","22231","32.0000","39","23.0000","1.0000","1.0000","23","43.0000","66","47.0000","51843206.0000","36.0000","57","68.0000","23","51.0000","5","47.0000","2","69.0000","19","17","5","17","18","0.0500","-0.2300","181.0000","45.2900","0.1300","0.0800","95.0000","71.4300","1.0000","0.7700","1.0000","100.0000","15.2600","0.6000","82.0000","75.3800","1.0000","0.7300","1.0000","100.0000","570.0300","0.8200","50.0000","85.1100","37.3600","1.2000","34.0000","89.9700","0.5900","0.4100","134.0000","59.5700","1.6900","0.6000","86.0000","74.1600","1329312.9700","0.9600","48.0000","85.7100","785503.1200","1.4600","23.0000","93.3100","1.4600","0.0500","89.0000","73.2500","0.5900","0.4800","109.0000","67.1700","0.3000","68.0000","79.6400","1.0400","0.3100","1.7400","1.1200","1.7500","0.4900","0.3027","0.2300","0.7100","1.0900","1.2300","1.0000","1.0500","1.6700","84.8000","79.3300","93.3100","87.2300","93.3100","72.0400","100.0000","79.6400","86.0200","90.5800","89.3600","86.0200","86.9300","92.1000","329","4/1/2025 16:37","8","6","1.3300","0.2100","0.1500","48.0000","160.0000","92.0000","140.0000","113.0000","0.9000","-0.2576","-0.0300","-0.2700","0.2900","85.7100","51.6700","72.3400","57.7500","65.9600","6","10","88.4500","39.0000","0.6800","0.2600","70.5200","98.0000","0.2100","8","92.4000","26.0000","1.5900","73","88.1500","40.0000","0.7300","1.8700","80.8500","64.0000","0.4900","16","91.4900","29.0000","1.5000","0.2100","77.2000","76.0000","0.7300","0.4100","74.7700","84.0000","0.8000","0.0000","97.8700","8.0000","-0.1400","0","97.8700","8.0000","-0.1400","0.0000","97.8700","8.0000","-0.1300","0","97.8700","8.0000","-0.1500","7","11","0"
"AAD2023.06.02752","152","6493","38","Northern Illinois University","Chemistry and Biochemistry, Department of","Chemistry","12","217.0000","173","136.0000","10","208.0000","17.3000","69.0000","6278","102.0000","11","198.0000","1.0000","1.0000","7","172.0000","19","140.0000","6014186.0000","165.0000","8","186.0000","6","168.0000","1","147.0000","1","125.0000","19","17","5","17","18","0.0800","0.2200","117.0000","64.7400","0.0800","-0.1700","145.0000","56.2300","0.8300","-0.0400","223.0000","32.5200","14.4200","0.5000","93.0000","72.0400","0.9200","0.3400","167.0000","49.5400","523.1700","0.6800","59.0000","82.3700","36.2900","1.1200","39.0000","88.4500","0.5800","0.3800","135.0000","59.2700","1.5800","0.4900","96.0000","71.1200","501182.1700","-0.1800","141.0000","57.4500","316536.1100","-0.4400","224.0000","32.2200","0.6700","-0.3800","172.0000","48.0200","0.5000","0.1800","134.0000","59.5700","-0.3000","145.0000","56.2300","-0.4100","-0.2800","-0.5000","-0.3800","-0.5800","0.7500","0.3027","-0.4300","-0.4000","-0.1200","-0.4300","-0.2800","-0.2800","-0.6000","49.2400","62.3100","40.1200","48.0200","37.0800","79.3300","100.0000","43.7700","55.6200","69.3000","50.1500","57.7500","58.9700","34.3500","329","4/1/2025 16:37","2","1","2.0000","0.1700","0.0800","168.0000","105.0000","164.0000","158.0000","185.0000","-0.5300","0.0454","-0.4400","-0.3500","-0.3400","49.2400","68.3900","50.4600","52.2800","44.0700","6","1","38.6000","203.0000","-0.4600","0.0800","32.8300","222.0000","-0.4300","1","43.7700","186.0000","-0.6000","28","72.0400","93.0000","-0.0600","2.3300","86.9300","44.0000","0.7900","6","64.4400","118.0000","-0.0200","0.0800","36.4700","210.0000","-0.4300","0.5000","90.5800","32.0000","1.2800","0.0000","97.8700","8.0000","-0.1400","0","97.8700","8.0000","-0.1400","0.0000","97.8700","8.0000","-0.1300","0","97.8700","8.0000","-0.1500","7","11","0"
"AAD2023.06.02752","159","6516","38","Old Dominion University","Chemistry and Biochemistry, Department of","Chemistry","19","123.0000","183","132.0000","16","139.0000","11.4400","135.0000","4347","128.0000","17","131.0000","1.0000","1.0000","12","113.0000","32","96.0000","7420920.0000","148.0000","16","135.0000","8","142.0000","5","47.0000","4","26.0000","19","17","5","17","18","0.2100","1.9800","13.0000","96.3500","0.2600","0.8300","39.0000","88.4500","0.8400","0.0000","219.0000","33.7400","9.6300","-0.1000","149.0000","55.0200","0.8900","0.2400","194.0000","41.3400","228.7900","-0.1800","138.0000","58.3600","23.7500","0.1100","119.0000","64.1300","0.6300","0.5600","111.0000","66.5700","1.6800","0.5900","87.0000","73.8600","390574.7400","-0.3400","170.0000","48.6300","231903.7500","-0.7800","264.0000","20.0600","0.8400","-0.2800","147.0000","55.6200","0.4200","-0.0900","169.0000","48.9400","-0.4000","159.0000","51.9800","-0.2400","1.4800","-0.0200","0.0900","-0.1000","0.0100","0.3027","-0.3200","0.7100","-0.2600","-0.3800","0.0700","-0.2400","-0.0100","57.1400","92.4000","60.4900","65.9600","58.0500","59.2700","100.0000","59.2700","86.0200","61.4000","55.3200","71.1200","60.1800","62.9200","329","4/1/2025 16:37","23","2","11.5000","1.2100","0.1100","122.0000","3.0000","35.0000","17.0000","164.0000","-0.2400","4.3418","1.0000","1.8500","-0.1400","63.2200","99.3900","89.6700","95.1400","50.4600","6","5","72.9500","90.0000","0.0500","0.2600","72.9500","90.0000","0.2300","4","77.8100","74.0000","0.3400","2","29.1800","234.0000","-0.5100","0.1100","23.1000","254.0000","-0.6700","2","41.3400","194.0000","-0.6300","0.2100","78.4200","72.0000","0.7800","0.1100","28.5700","236.0000","-0.8200","0.0000","97.8700","8.0000","-0.1400","0","97.8700","8.0000","-0.1400","0.0000","97.8700","8.0000","-0.1300","0","97.8700","8.0000","-0.1500","7","11","0"
"AAD2023.06.02752","177","6601","38","Rutgers - New Brunswick","Chemistry and Chemical Biology, Department of","Chemistry","42","19.0000","574","49.0000","35","32.0000","16.4000","77.0000","19316","41.0000","34","33.0000","0.9700","263.0000","23","43.0000","49","70.0000","47590340.0000","43.0000","50","73.0000","22","58.0000","1","147.0000","1","125.0000","19","17","5","17","18","0.0200","-0.6100","206.0000","37.6900","0.0200","-0.5000","206.0000","37.6900","0.8300","-0.0400","223.0000","32.5200","13.6700","0.4000","100.0000","69.9100","0.8100","-0.1600","246.0000","25.5300","459.9000","0.5000","72.0000","78.4200","33.6500","0.9100","52.0000","84.5000","0.5500","0.2500","156.0000","52.8900","1.1700","0.0300","141.0000","57.4500","1133103.3300","0.6900","64.0000","80.8500","971231.4300","2.2100","8.0000","97.8700","1.1900","-0.0900","112.0000","66.2600","0.5200","0.2600","132.0000","60.1800","-0.2000","124.0000","62.6100","0.9600","-0.2800","1.3400","1.1200","1.4300","0.6400","0.0959","0.1400","-0.4000","0.8700","1.0800","0.5400","0.9900","1.9200","82.6700","62.3100","90.2700","87.2300","90.5800","76.9000","20.3600","78.1200","55.6200","87.8400","87.2300","79.0300","85.4100","94.5300","329","4/1/2025 16:37","2","1","2.0000","0.0500","0.0200","168.0000","105.0000","164.0000","234.0000","240.0000","-0.5300","0.0454","-0.4400","-0.6100","-0.8700","49.2400","68.3900","50.4600","29.1800","27.3600","6","4","66.8700","110.0000","-0.0800","0.1000","37.0800","208.0000","-0.3800","6","87.8400","41.0000","0.9600","54","82.6700","58.0000","0.4000","1.2900","67.7800","107.0000","0.1000","13","85.1100","50.0000","1.0400","0.1400","59.2700","135.0000","0.1400","0.3100","57.4500","141.0000","0.2600","0.0000","97.8700","8.0000","-0.1400","0","97.8700","8.0000","-0.1400","0.0000","97.8700","8.0000","-0.1300","0","97.8700","8.0000","-0.1500","7","11","0"
"AAD2023.06.02752","205","6717","38","Stony Brook University, State University of New York","Chemistry, Department of","Chemistry","32","42.0000","1143","8.0000","29","50.0000","39.4100","3.0000","30023","19.0000","30","47.0000","1.0000","1.0000","20","62.0000","58","59.0000","46749413.0000","46.0000","103","41.0000","24","47.0000","3","77.0000","2","69.0000","19","17","5","17","18","0.0600","-0.0700","155.0000","53.1900","0.0900","-0.1100","135.0000","59.2700","0.9100","0.3100","183.0000","44.6800","35.7200","3.1600","3.0000","99.3900","0.9400","0.4400","150.0000","54.7100","938.2200","1.8900","17.0000","95.1400","26.2700","0.3100","96.0000","71.1200","0.6300","0.5300","113.0000","65.9600","1.8100","0.7300","77.0000","76.9000","1460919.1600","1.1500","40.0000","88.1500","806024.3600","1.5400","21.0000","93.9200","3.2200","1.0100","38.0000","88.7500","0.7500","1.0200","70.0000","79.0300","0.6000","40.0000","88.1500","1.1300","0.3100","1.0200","0.8400","0.9500","3.5600","0.3027","0.8500","0.1600","1.6800","1.0500","0.7900","2.7800","1.0800","86.0200","79.3300","86.0200","81.4600","85.1100","99.3900","100.0000","87.8400","76.9000","94.5300","86.3200","82.3700","97.8700","87.5400","329","4/1/2025 16:37","31","9","3.4400","0.9700","0.2800","22.0000","56.0000","21.0000","31.0000","34.0000","1.7500","0.6967","1.5500","1.3400","1.4300","93.6200","83.2800","93.9200","90.8800","89.9700","6","13","93.0100","24.0000","1.0500","0.4100","90.5800","32.0000","0.7600","8","92.4000","26.0000","1.5900","73","88.1500","40.0000","0.7300","2.2800","86.3200","46.0000","0.7600","13","85.1100","50.0000","1.0400","0.2500","88.4500","39.0000","1.1600","0.4100","74.4700","85.0000","0.7800","0.0000","97.8700","8.0000","-0.1400","0","97.8700","8.0000","-0.1400","0.0000","97.8700","8.0000","-0.1300","0","97.8700","8.0000","-0.1500","7","11","0"
"AAD2023.06.02752","212","6841","38","Temple University","Chemistry, Department of","Chemistry","22","97.0000","271","104.0000","22","86.0000","12.3200","129.0000","8064","90.0000","22","87.0000","1.0000","1.0000","19","72.0000","54","64.0000","26469766.0000","70.0000","64","63.0000","16","81.0000","2","105.0000","1","125.0000","19","17","5","17","18","0.0500","-0.3100","190.0000","42.5500","0.0900","-0.1300","136.0000","58.9700","1.0000","0.7700","1.0000","100.0000","12.3200","0.2400","118.0000","64.4400","1.0000","0.7300","1.0000","100.0000","366.5500","0.2300","91.0000","72.6400","29.7600","0.5900","72.0000","78.4200","0.8600","1.4000","20.0000","94.2200","2.4500","1.4300","37.0000","89.0600","1203171.1800","0.7900","58.0000","82.6700","490180.8500","0.2600","124.0000","62.6100","2.9100","0.8400","46.0000","86.3200","0.7300","0.9400","76.0000","77.2000","0.3000","68.0000","79.6400","0.4400","-0.2800","0.3800","0.7400","0.3800","0.1200","0.3027","0.3300","-0.1200","0.0200","0.3100","0.6800","0.0300","0.2400","75.6800","62.3100","73.8600","78.4200","74.1600","61.0900","100.0000","81.1600","68.3900","72.9500","79.0300","80.8500","68.6900","70.8200","329","4/1/2025 16:37","6","4","1.5000","0.2700","0.1800","73.0000","147.0000","110.0000","124.0000","86.0000","0.3300","-0.1807","-0.1700","-0.1300","0.5400","78.1200","55.6200","66.8700","62.6100","74.1600","6","3","59.2700","135.0000","-0.2000","0.1400","47.7200","173.0000","-0.2300","3","69.3000","102.0000","0.0200","19","63.5300","121.0000","-0.2100","0.8600","59.5700","134.0000","-0.1700","7","68.0900","106.0000","0.1300","0.1400","55.6200","147.0000","0.0700","0.3200","58.9700","136.0000","0.3100","0.0000","97.8700","8.0000","-0.1400","0","97.8700","8.0000","-0.1400","0.0000","97.8700","8.0000","-0.1300","0","97.8700","8.0000","-0.1500","7","11","0"
"AAD2023.06.02752","221","6910","38","Texas State University","Chemistry and Biochemistry, Department of","Chemistry","19","123.0000","135","164.0000","18","119.0000","7.5000","196.0000","1983","185.0000","18","120.0000","1.0000","1.0000","14","95.0000","27","109.0000","11383492.0000","114.0000","9","172.0000","7","155.0000","0","207.0000","0","207.0000","19","17","5","17","18","0.0000","-0.9400","207.0000","37.3900","0.0000","-0.6300","207.0000","37.3900","0.9500","0.5100","127.0000","61.7000","7.1100","-0.4200","190.0000","42.5500","0.9500","0.4900","136.0000","58.9700","104.3700","-0.5400","209.0000","36.7800","14.6900","-0.6300","241.0000","27.0500","0.7400","0.9400","72.0000","78.4200","1.4200","0.3100","110.0000","66.8700","599131.1600","-0.0500","122.0000","63.2200","421610.8100","-0.0100","163.0000","50.7600","0.4700","-0.4800","201.0000","39.2100","0.3700","-0.2600","190.0000","42.5500","-0.4000","159.0000","51.9800","-0.3300","-0.8700","0.0600","0.2800","0.0600","-0.4900","0.3027","-0.4200","-0.6800","-0.4400","-0.2400","-0.0600","-0.4000","-0.0100","53.1900","37.3900","63.8300","71.4300","64.1300","40.7300","100.0000","48.0200","37.3900","44.0700","65.6500","67.1700","50.4600","62.9200","329","4/1/2025 16:37","0","0","0.0000","0.0000","0.0000","241.0000","241.0000","241.0000","241.0000","241.0000","-0.8100","-0.8591","-0.5800","-0.7100","-1.0800","27.0500","27.0500","27.0500","27.0500","27.0500","6","1","38.6000","203.0000","-0.4600","0.0500","26.1400","244.0000","-0.5400","1","43.7700","186.0000","-0.6000","18","62.6100","124.0000","-0.2300","0.9500","61.7000","127.0000","-0.1200","5","59.2700","135.0000","-0.1700","0.0500","27.6600","239.0000","-0.7300","0.2600","49.2400","168.0000","0.0200","0.0000","97.8700","8.0000","-0.1400","0","97.8700","8.0000","-0.1400","0.0000","97.8700","8.0000","-0.1300","0","97.8700","8.0000","-0.1500","7","11","0"
"AAD2023.06.02752","238","7031","38","Tulane University","Chemistry, Department of","Chemistry","15","175.0000","150","153.0000","14","165.0000","10.7100","144.0000","2997","162.0000","14","169.0000","0.9300","281.0000","9","141.0000","20","134.0000","8753374.0000","137.0000","8","186.0000","5","183.0000","1","147.0000","1","125.0000","19","17","5","17","18","0.0700","-0.0100","148.0000","55.3200","0.0700","-0.2600","167.0000","49.5400","0.9300","0.4400","146.0000","55.9300","10.0000","-0.0500","145.0000","56.2300","0.9300","0.4200","156.0000","52.8900","199.8000","-0.2600","149.0000","55.0200","19.9800","-0.2000","170.0000","48.6300","0.6000","0.4400","126.0000","62.0100","1.3300","0.2100","122.0000","63.2200","583558.2700","-0.0700","123.0000","62.9200","437668.7000","0.0500","156.0000","52.8900","0.5300","-0.4500","190.0000","42.5500","0.3300","-0.3800","197.0000","40.4300","-0.2000","124.0000","62.6100","-0.5000","-0.2800","-0.2600","-0.1900","-0.2600","-0.0900","-0.1798","-0.4300","-0.4000","-0.3700","-0.3300","-0.2500","-0.3500","-0.3500","44.6800","62.3100","48.9400","57.4500","50.1500","56.5400","14.8900","43.7700","55.6200","51.0600","58.6600","59.5700","53.8000","47.1100","329","4/1/2025 16:37","5","1","5.0000","0.3300","0.0700","168.0000","24.0000","119.0000","109.0000","204.0000","-0.5300","1.4022","-0.2400","0.0000","-0.4900","49.2400","93.0100","64.1300","67.1700","38.3000","6","3","59.2700","135.0000","-0.2000","0.2000","62.9200","123.0000","0.0000","3","69.3000","102.0000","0.0200","7","45.2900","181.0000","-0.4300","0.4700","42.2500","191.0000","-0.4300","2","41.3400","194.0000","-0.6300","0.2000","76.9000","77.0000","0.6800","0.1300","32.8300","222.0000","-0.6800","0.0000","97.8700","8.0000","-0.1400","0","97.8700","8.0000","-0.1400","0.0000","97.8700","8.0000","-0.1300","0","97.8700","8.0000","-0.1500","7","11","0"
"AAD2023.06.02752","242","7127","38","University of Akron, The","Chemistry, Department of","Chemistry","14","189.0000","150","153.0000","11","195.0000","13.6400","112.0000","2409","179.0000","12","189.0000","1.0000","1.0000","5","203.0000","9","206.0000","2884507.0000","208.0000","11","163.0000","7","155.0000","2","105.0000","2","69.0000","19","17","5","17","18","0.1400","1.0400","43.0000","87.2300","0.1400","0.1600","81.0000","75.6800","0.7900","-0.2700","250.0000","24.3200","10.7100","0.0400","138.0000","58.3600","0.8600","0.0600","215.0000","34.9500","172.0700","-0.3400","165.0000","50.1500","16.0600","-0.5200","227.0000","31.3100","0.3600","-0.4400","219.0000","33.7400","0.6400","-0.5400","211.0000","36.1700","206036.2100","-0.5900","213.0000","35.5600","320500.7800","-0.4200","221.0000","33.1300","0.7900","-0.3100","154.0000","53.5000","0.5000","0.1800","134.0000","59.5700","-0.4000","159.0000","51.9800","-0.3300","0.3100","-0.4200","-0.5700","-0.5000","0.2900","0.3027","-0.3900","-0.1200","-0.4100","-0.5400","-0.5500","-0.3500","-0.4300","53.1900","79.3300","42.8600","38.6000","41.0300","66.2600","100.0000","50.7600","68.3900","45.9000","37.0800","37.6900","53.8000","42.8600","329","4/1/2025 16:37","2","2","1.0000","0.1400","0.1400","122.0000","169.0000","164.0000","170.0000","120.0000","-0.2400","-0.4068","-0.4400","-0.4100","0.1900","63.2200","48.9400","50.4600","48.6300","63.8300","6","1","38.6000","203.0000","-0.4600","0.0700","29.7900","232.0000","-0.4700","2","55.9300","146.0000","-0.2900","20","64.7400","117.0000","-0.2000","1.4300","72.0400","93.0000","0.2000","3","48.9400","169.0000","-0.4800","0.1400","59.2700","135.0000","0.1400","0.2100","42.2500","191.0000","-0.2400","0.0000","97.8700","8.0000","-0.1400","0","97.8700","8.0000","-0.1400","0.0000","97.8700","8.0000","-0.1300","0","97.8700","8.0000","-0.1500","7","11","0"
"AAD2023.06.02752","243","7146","38","University of Alabama, The","Chemistry and Biochemistry, Department of","Chemistry","22","97.0000","272","103.0000","22","86.0000","12.3600","127.0000","4052","133.0000","22","87.0000","1.0000","1.0000","15","90.0000","26","113.0000","14032492.0000","109.0000","22","104.0000","11","107.0000","4","62.0000","3","45.0000","19","17","5","17","18","0.1400","0.9500","49.0000","85.4100","0.1800","0.3800","64.0000","80.8500","1.0000","0.7700","1.0000","100.0000","12.3600","0.2400","116.0000","65.0500","1.0000","0.7300","1.0000","100.0000","184.1800","-0.3100","160.0000","51.6700","14.9000","-0.6100","236.0000","28.5700","0.6800","0.7400","93.0000","72.0400","1.1800","0.0500","137.0000","58.6600","637840.5500","0.0000","117.0000","64.7400","539711.2300","0.4600","96.0000","71.1200","1.0000","-0.2000","127.0000","61.7000","0.5000","0.1800","134.0000","59.5700","-0.1000","113.0000","65.9600","0.0200","0.8900","0.3800","0.3700","0.3800","0.1200","0.3027","-0.2400","0.4400","-0.2900","-0.1400","-0.0900","0.0400","0.2400","67.7800","86.6300","73.8600","72.9500","74.1600","61.7000","100.0000","68.6900","81.4600","59.8800","67.1700","65.9600","69.0000","70.8200","329","4/1/2025 16:37","0","0","0.0000","0.0000","0.0000","241.0000","241.0000","241.0000","241.0000","241.0000","-0.8100","-0.8591","-0.5800","-0.7100","-1.0800","27.0500","27.0500","27.0500","27.0500","27.0500","6","9","86.0200","47.0000","0.5500","0.4100","90.8800","31.0000","0.7700","6","87.8400","41.0000","0.9600","12","55.9300","146.0000","-0.3400","0.5500","47.1100","175.0000","-0.3800","8","72.0400","93.0000","0.2800","0.2700","90.2700","33.0000","1.3800","0.3600","67.7800","107.0000","0.5500","0.0000","97.8700","8.0000","-0.1400","0","97.8700","8.0000","-0.1400","0.0000","97.8700","8.0000","-0.1300","0","97.8700","8.0000","-0.1500","7","11","0"
"AAD2023.06.02752","244","7369","38","University of Alabama at Birmingham, The","Chemistry, Department of","Chemistry","14","189.0000","117","180.0000","12","187.0000","9.7500","157.0000","1383","210.0000","12","189.0000","1.0000","1.0000","10","130.0000","19","140.0000","6837448.0000","155.0000","7","190.0000","6","168.0000","0","207.0000","0","207.0000","19","17","5","17","18","0.0000","-0.9400","207.0000","37.3900","0.0000","-0.6300","207.0000","37.3900","0.8600","0.0700","211.0000","36.1700","8.3600","-0.2600","166.0000","49.8500","0.8600","0.0600","215.0000","34.9500","98.7900","-0.5500","213.0000","35.5600","11.8200","-0.8600","273.0000","17.3300","0.7100","0.8600","80.0000","75.9900","1.3600","0.2400","119.0000","64.1300","488389.1400","-0.2000","147.0000","55.6200","359865.6800","-0.2600","204.0000","38.3000","0.5000","-0.4700","192.0000","41.9500","0.4300","-0.0600","167.0000","49.5400","-0.5000","183.0000","44.6800","-0.4100","-0.8700","-0.4200","-0.1000","-0.4200","-0.2100","0.3027","-0.4500","-0.6800","-0.4900","-0.4000","-0.2800","-0.4500","-0.4300","49.2400","37.3900","42.8600","60.7900","43.4700","52.5800","100.0000","42.5500","37.3900","36.4700","53.1900","57.7500","45.5900","42.8600","329","4/1/2025 16:37","3","3","1.0000","0.2100","0.2100","94.0000","169.0000","147.0000","138.0000","61.0000","0.0400","-0.4068","-0.3700","-0.2500","0.8300","71.7300","48.9400","55.6200","58.3600","81.7600","6","2","50.4600","164.0000","-0.3300","0.1400","50.1500","165.0000","-0.2100","1","43.7700","186.0000","-0.6000","3","33.7400","219.0000","-0.5000","0.2100","30.4000","230.0000","-0.6000","2","41.3400","194.0000","-0.6300","0.0700","32.5200","223.0000","-0.5500","0.1400","34.3500","217.0000","-0.6200","0.0000","97.8700","8.0000","-0.1400","0","97.8700","8.0000","-0.1400","0.0000","97.8700","8.0000","-0.1300","0","97.8700","8.0000","-0.1500","7","11","0"
"AAD2023.06.02752","247","7412","38","University of Arizona, The","Chemistry and Biochemistry, Department of","Chemistry","34","37.0000","521","57.0000","34","34.0000","15.3200","92.0000","15813","52.0000","34","33.0000","1.0000","1.0000","26","31.0000","75","42.0000","36789812.0000","57.0000","89","49.0000","27","33.0000","3","77.0000","2","69.0000","19","17","5","17","18","0.0600","-0.1200","164.0000","50.4600","0.0900","-0.1400","142.0000","57.1400","1.0000","0.7700","1.0000","100.0000","15.3200","0.6100","80.0000","75.9900","1.0000","0.7300","1.0000","100.0000","465.0900","0.5100","71.0000","78.7200","30.3500","0.6400","68.0000","79.6400","0.7600","1.0400","61.0000","81.7600","2.2100","1.1600","49.0000","85.4100","1082053.2900","0.6200","66.0000","80.2400","490530.8300","0.2700","123.0000","62.9200","2.6200","0.6800","50.0000","85.1100","0.7900","1.1600","59.0000","82.3700","0.4000","52.0000","84.5000","1.3800","0.3100","1.3400","1.4000","1.3500","0.5000","0.3027","0.6600","0.1600","0.6000","0.6800","1.2500","0.8200","1.2500","90.2700","79.3300","90.2700","90.8800","89.9700","72.3400","100.0000","85.4100","76.9000","84.5000","82.9800","87.5400","82.9800","89.0600","329","4/1/2025 16:37","35","6","5.8300","1.0300","0.1800","48.0000","15.0000","18.0000","26.0000","95.0000","0.9000","1.7775","1.8300","1.4700","0.5000","85.7100","95.7400","94.8300","92.4000","71.4300","6","11","90.5800","32.0000","0.8000","0.3200","82.9800","57.0000","0.4600","9","95.1400","17.0000","1.9000","79","89.3600","36.0000","0.8400","2.3200","86.6300","45.0000","0.7900","16","91.4900","29.0000","1.5000","0.2600","89.0600","37.0000","1.3000","0.4700","85.4100","49.0000","1.1200","0.0000","97.8700","8.0000","-0.1400","0","97.8700","8.0000","-0.1400","0.0000","97.8700","8.0000","-0.1300","0","97.8700","8.0000","-0.1500","7","11","0"
"AAD2023.06.02752","286","7641","38","University of Louisville","Chemistry, Department of","Chemistry","21","109.0000","226","119.0000","18","119.0000","12.5600","124.0000","4115","132.0000","18","120.0000","0.9500","271.0000","9","141.0000","18","145.0000","7903976.0000","144.0000","16","135.0000","8","142.0000","3","77.0000","2","69.0000","19","17","5","17","18","0.1000","0.3800","99.0000","70.2100","0.1400","0.1600","81.0000","75.6800","0.8600","0.0700","211.0000","36.1700","10.7600","0.0400","137.0000","58.6600","0.8600","0.0600","215.0000","34.9500","195.9500","-0.2700","152.0000","54.1000","18.2100","-0.3400","202.0000","38.9100","0.4300","-0.1800","201.0000","39.2100","0.8600","-0.3000","179.0000","45.9000","376379.8100","-0.3600","174.0000","47.4200","439109.7800","0.0600","155.0000","53.1900","0.7600","-0.3300","158.0000","52.2800","0.3800","-0.2200","186.0000","43.7700","-0.3000","145.0000","56.2300","-0.2400","0.3100","0.0600","-0.1900","0.0600","0.1500","-0.0782","-0.3200","0.1600","-0.2800","-0.3600","-0.3100","-0.1100","0.1600","57.1400","79.3300","63.8300","57.4500","64.1300","62.6100","17.9300","59.2700","76.9000","60.1800","56.5400","56.2300","64.1300","67.1700","329","4/1/2025 16:37","14","3","4.6700","0.6700","0.1400","94.0000","33.0000","60.0000","53.0000","120.0000","0.0400","1.2529","0.3800","0.7000","0.1900","71.7300","90.2700","82.0700","84.1900","63.8300","6","4","66.8700","110.0000","-0.0800","0.1900","58.9700","136.0000","-0.0300","3","69.3000","102.0000","0.0200","22","68.3900","105.0000","-0.1600","1.0500","63.8300","120.0000","-0.0500","7","68.0900","106.0000","0.1300","0.1400","59.2700","135.0000","0.1400","0.3300","63.2200","122.0000","0.3900","0.0000","97.8700","8.0000","-0.1400","0","97.8700","8.0000","-0.1400","0.0000","97.8700","8.0000","-0.1300","0","97.8700","8.0000","-0.1500","7","11","0"
"AAD2023.06.02752","289","7698","38","University of Maryland, College Park","Chemistry and Biochemistry, Department of","Chemistry","30","52.0000","785","27.0000","29","50.0000","27.0700","16.0000","18572","47.0000","29","51.0000","1.0000","1.0000","25","35.0000","68","45.0000","36414212.0000","58.0000","75","54.0000","25","40.0000","4","62.0000","4","26.0000","19","17","5","17","18","0.1300","0.9100","52.0000","84.5000","0.1300","0.1100","89.0000","73.2500","0.9700","0.6000","109.0000","67.1700","26.1700","1.9600","17.0000","95.1400","0.9700","0.5800","117.0000","64.7400","619.0700","0.9600","43.0000","87.2300","23.6600","0.1000","120.0000","63.8300","0.8300","1.2900","28.0000","91.7900","2.2700","1.2300","47.0000","86.0200","1213807.0700","0.8000","57.0000","82.9800","535503.1200","0.4500","101.0000","69.6000","2.5000","0.6200","55.0000","83.5900","0.8300","1.3000","45.0000","86.6300","0.4000","52.0000","84.5000","1.2100","1.4800","0.9400","1.3000","0.9500","1.9900","0.3027","0.4800","0.4400","0.8100","0.6700","1.0600","1.6500","0.9100","88.1500","92.4000","84.8000","89.6700","85.1100","95.4400","100.0000","83.8900","81.4600","86.0200","82.6700","86.6300","92.1000","84.5000","329","4/1/2025 16:37","12","4","3.0000","0.4000","0.1300","73.0000","61.0000","69.0000","96.0000","132.0000","0.3300","0.4977","0.2500","0.1400","0.1100","78.1200","81.7600","79.3300","71.1200","60.1800","6","4","66.8700","110.0000","-0.0800","0.1300","47.1100","175.0000","-0.2400","3","69.3000","102.0000","0.0200","41","78.1200","73.0000","0.1700","1.3700","70.5200","98.0000","0.1600","10","79.0300","70.0000","0.5900","0.1000","46.2000","178.0000","-0.2700","0.3300","63.2200","122.0000","0.3900","0.0000","97.8700","8.0000","-0.1400","0","97.8700","8.0000","-0.1400","0.0000","97.8700","8.0000","-0.1300","0","97.8700","8.0000","-0.1500","7","11","0"
"AAD2023.06.02752","299","7842","38","University of Miami","Chemistry, Department of","Chemistry","13","201.0000","211","121.0000","13","178.0000","16.2300","81.0000","6667","98.0000","13","178.0000","1.0000","1.0000","10","130.0000","21","127.0000","7413334.0000","149.0000","12","156.0000","8","142.0000","1","147.0000","1","125.0000","19","17","5","17","18","0.0800","0.1300","127.0000","61.7000","0.0800","-0.2100","154.0000","53.5000","1.0000","0.7700","1.0000","100.0000","16.2300","0.7200","71.0000","78.7200","1.0000","0.7300","1.0000","100.0000","512.8500","0.6500","63.0000","81.1600","31.6000","0.7400","62.0000","81.4600","0.7700","1.0600","58.0000","82.6700","1.6200","0.5200","92.0000","72.3400","570256.4600","-0.0900","126.0000","62.0100","353015.9000","-0.2900","209.0000","36.7800","0.9200","-0.2400","140.0000","57.7500","0.6200","0.5700","106.0000","68.0900","0.1000","87.0000","73.8600","-0.2400","-0.2800","-0.3400","-0.1000","-0.3400","0.6100","0.3027","-0.3800","-0.4000","-0.0900","-0.3800","-0.2300","-0.1600","-0.5200","57.1400","62.3100","46.2000","60.7900","46.2000","75.6800","100.0000","52.8900","55.6200","70.5200","55.0200","61.7000","63.5300","39.2100","329","4/1/2025 16:37","2","2","1.0000","0.1500","0.1500","122.0000","169.0000","164.0000","168.0000","113.0000","-0.2400","-0.4068","-0.4400","-0.3800","0.2900","63.2200","48.9400","50.4600","49.2400","65.9600","6","3","59.2700","135.0000","-0.2000","0.2300","65.6500","114.0000","0.1100","2","55.9300","146.0000","-0.2900","4","35.5600","213.0000","-0.4800","0.3100","35.8700","212.0000","-0.5400","4","53.1900","155.0000","-0.3300","0.1500","61.4000","128.0000","0.2400","0.3100","57.1400","142.0000","0.2500","0.0000","97.8700","8.0000","-0.1400","0","97.8700","8.0000","-0.1400","0.0000","97.8700","8.0000","-0.1300","0","97.8700","8.0000","-0.1500","7","11","0"
"AAD2023.06.02752","306","7921","38","Missouri University of Science and Technology","Chemistry, Department of","Chemistry","16","161.0000","176","135.0000","15","154.0000","11.7300","132.0000","3861","137.0000","15","153.0000","1.0000","1.0000","8","156.0000","14","165.0000","5717981.0000","168.0000","12","156.0000","7","155.0000","2","105.0000","1","125.0000","19","17","5","17","18","0.0600","-0.0700","155.0000","53.1900","0.1300","0.0600","97.0000","70.8200","0.9400","0.4600","142.0000","57.1400","11.0000","0.0700","135.0000","59.2700","0.9400","0.4400","150.0000","54.7100","241.3100","-0.1400","132.0000","60.1800","21.9400","-0.0400","139.0000","58.0500","0.5000","0.0800","168.0000","49.2400","0.8800","-0.2800","176.0000","46.8100","357373.8100","-0.3800","178.0000","46.2000","408427.2100","-0.0700","171.0000","48.3300","0.7500","-0.3300","159.0000","51.9800","0.4400","-0.0300","164.0000","50.4600","-0.1000","113.0000","65.9600","-0.3300","-0.2800","-0.1800","-0.2900","-0.1800","0.0400","0.3027","-0.3800","-0.1200","-0.3000","-0.4400","-0.4200","-0.2700","-0.2700","53.1900","62.3100","53.8000","52.8900","53.5000","60.1800","100.0000","52.8900","68.3900","58.6600","49.2400","50.1500","59.2700","51.3700","329","4/1/2025 16:37","29","5","5.8000","1.8100","0.3100","61.0000","16.0000","24.0000","7.0000","23.0000","0.6100","1.7640","1.4200","3.1200","1.7100","81.7600","95.4400","93.0100","98.1800","93.3100","6","6","76.2900","79.0000","0.1700","0.3800","88.7500","38.0000","0.6400","3","69.3000","102.0000","0.0200","35","76.2900","79.0000","0.0700","2.1900","85.4100","49.0000","0.7000","6","64.4400","118.0000","-0.0200","0.1900","72.9500","90.0000","0.5600","0.3800","70.8200","97.0000","0.6100","0.0000","97.8700","8.0000","-0.1400","0","97.8700","8.0000","-0.1400","0.0000","97.8700","8.0000","-0.1300","0","97.8700","8.0000","-0.1500","7","11","0"
"AAD2023.06.02752","307","7949","38","University of Missouri - St. Louis","Chemistry and Biochemistry , Department of","Chemistry","12","217.0000","79","209.0000","10","208.0000","7.9000","190.0000","1590","199.0000","10","211.0000","1.0000","1.0000","4","215.0000","6","222.0000","2114942.0000","221.0000","5","212.0000","5","183.0000","3","77.0000","2","69.0000","19","17","5","17","18","0.1700","1.3800","26.0000","92.4000","0.2500","0.7600","40.0000","88.1500","0.8300","-0.0400","223.0000","32.5200","6.5800","-0.4800","202.0000","38.9100","0.8300","-0.0500","230.0000","30.4000","132.5000","-0.4600","190.0000","42.5500","20.1300","-0.1900","167.0000","49.5400","0.3300","-0.5200","223.0000","32.5200","0.5000","-0.6900","225.0000","31.9100","176245.1700","-0.6400","218.0000","34.0400","352490.3300","-0.2900","210.0000","36.4700","0.4200","-0.5100","208.0000","37.0800","0.4200","-0.1000","170.0000","48.6300","-0.7000","212.0000","35.8700","-0.5000","0.3100","-0.5800","-0.6600","-0.5800","-0.4400","0.3027","-0.4700","0.1600","-0.4700","-0.5700","-0.6400","-0.5700","-0.6000","44.6800","79.3300","36.1700","34.9500","37.0800","42.5500","100.0000","35.8700","76.9000","39.8200","33.1300","32.8300","36.7800","34.3500","329","4/1/2025 16:37","13","1","13.0000","1.0800","0.0800","168.0000","2.0000","66.0000","21.0000","185.0000","-0.5300","5.0201","0.3100","1.5800","-0.3400","49.2400","99.7000","80.2400","93.9200","44.0700","6","0","24.0100","251.0000","-0.5800","0.0000","24.0100","251.0000","-0.7300","0","24.0100","251.0000","-0.9100","7","45.2900","181.0000","-0.4300","0.5800","48.9400","169.0000","-0.3600","2","41.3400","194.0000","-0.6300","0.0000","24.0100","251.0000","-1.2300","0.1700","37.3900","207.0000","-0.5000","0.0000","97.8700","8.0000","-0.1400","0","97.8700","8.0000","-0.1400","0.0000","97.8700","8.0000","-0.1300","0","97.8700","8.0000","-0.1500","7","11","0"
"AAD2023.06.02752","308","7984","38","University of Nebraska - Lincoln","Chemistry, Department of","Chemistry","23","89.0000","249","110.0000","22","86.0000","11.3200","137.0000","6470","100.0000","22","87.0000","1.0000","1.0000","14","95.0000","32","96.0000","22004617.0000","82.0000","26","96.0000","15","84.0000","15","5.0000","3","45.0000","19","17","5","17","18","0.1300","0.8700","55.0000","83.5900","0.6500","2.9900","6.0000","98.4800","0.9600","0.5500","116.0000","65.0500","10.8300","0.0500","136.0000","58.9700","0.9600","0.5300","127.0000","61.7000","281.3000","-0.0200","114.0000","65.6500","25.9800","0.2900","100.0000","69.9100","0.6100","0.4700","124.0000","62.6100","1.3900","0.2800","115.0000","65.3500","956722.4800","0.4500","79.0000","76.2900","687644.2800","1.0600","45.0000","86.6300","1.1300","-0.1300","117.0000","64.7400","0.6500","0.6900","98.0000","70.5200","0.1000","87.0000","73.8600","0.3600","0.8900","0.3800","0.2800","0.3800","-0.0100","0.3027","-0.1900","3.5000","-0.1000","0.1500","0.0700","-0.0400","0.3200","74.7700","86.6300","73.8600","71.4300","74.1600","58.6600","100.0000","71.1200","98.7800","69.9100","75.3800","71.1200","66.8700","73.2500","329","4/1/2025 16:37","2","2","1.0000","0.0900","0.0900","122.0000","169.0000","164.0000","209.0000","183.0000","-0.2400","-0.4068","-0.4400","-0.5200","-0.3100","63.2200","48.9400","50.4600","36.7800","44.6800","6","12","91.7900","28.0000","0.9300","0.5200","95.1400","17.0000","1.1800","4","77.8100","74.0000","0.3400","34","75.0800","83.0000","0.0500","1.4800","73.2500","89.0000","0.2300","11","82.0700","60.0000","0.7400","0.1700","66.5700","111.0000","0.4300","0.4800","85.7100","48.0000","1.1600","0.0000","97.8700","8.0000","-0.1400","0","97.8700","8.0000","-0.1400","0.0000","97.8700","8.0000","-0.1300","0","97.8700","8.0000","-0.1500","7","11","0"
"AAD2023.06.02752","320","8057","38","University of North Texas","Chemistry, Department of","Chemistry","19","123.0000","658","37.0000","19","112.0000","34.6300","5.0000","18939","44.0000","19","110.0000","1.0000","1.0000","9","141.0000","15","161.0000","4230946.0000","188.0000","15","140.0000","10","116.0000","6","36.0000","5","15.0000","19","17","5","17","18","0.2600","2.7200","4.0000","99.0900","0.3200","1.1200","30.0000","91.1900","1.0000","0.7700","1.0000","100.0000","34.6300","3.0200","5.0000","98.7800","1.0000","0.7300","1.0000","100.0000","996.7900","2.0600","16.0000","95.4400","28.7800","0.5100","81.0000","75.6800","0.4700","-0.0100","182.0000","44.9800","0.7900","-0.3800","189.0000","42.8600","222681.3700","-0.5700","204.0000","38.3000","282063.0700","-0.5800","239.0000","27.6600","0.7900","-0.3100","153.0000","53.8000","0.5300","0.2700","131.0000","60.4900","0.2000","79.0000","76.2900","-0.0700","2.0700","0.1400","-0.1900","0.1400","2.9500","0.3027","-0.3400","0.9900","0.8400","-0.5000","-0.3900","1.2500","-0.0100","65.0500","95.7400","66.8700","57.4500","66.2600","98.7800","100.0000","57.7500","89.3600","86.9300","43.1600","51.3700","89.0600","62.9200","329","4/1/2025 16:37","6","3","2.0000","0.3200","0.1600","94.0000","105.0000","110.0000","115.0000","108.0000","0.0400","0.0454","-0.1700","-0.0400","0.3300","71.7300","68.3900","66.8700","65.3500","67.4800","6","8","83.8900","54.0000","0.4200","0.4200","91.4900","29.0000","0.8100","3","69.3000","102.0000","0.0200","31","73.8600","87.0000","0.0000","1.6300","75.9900","80.0000","0.3300","5","59.2700","135.0000","-0.1700","0.1600","62.3100","125.0000","0.2800","0.2600","49.2400","168.0000","0.0200","0.0000","97.8700","8.0000","-0.1400","0","97.8700","8.0000","-0.1400","0.0000","97.8700","8.0000","-0.1300","0","97.8700","8.0000","-0.1500","7","11","0"
"AAD2023.06.02752","341","8121","38","University of Toledo, The","Chemistry and Biochemistry, Department of","Chemistry","18","134.0000","132","169.0000","18","119.0000","7.3300","202.0000","2498","175.0000","18","120.0000","1.0000","1.0000","9","141.0000","14","165.0000","5625758.0000","169.0000","14","145.0000","9","127.0000","1","147.0000","1","125.0000","19","17","5","17","18","0.0600","-0.1700","170.0000","48.6300","0.0600","-0.3200","181.0000","45.2900","1.0000","0.7700","1.0000","100.0000","7.3300","-0.3900","186.0000","43.7700","1.0000","0.7300","1.0000","100.0000","138.7800","-0.4400","188.0000","43.1600","18.9200","-0.2800","186.0000","43.7700","0.5000","0.0800","168.0000","49.2400","0.7800","-0.3900","190.0000","42.5500","312542.1100","-0.4500","185.0000","44.0700","401839.8600","-0.0900","177.0000","46.5000","0.7800","-0.3200","155.0000","53.1900","0.5000","0.1800","134.0000","59.5700","-0.4000","159.0000","51.9800","-0.1600","-0.2800","0.0600","-0.1900","0.0600","-0.5200","0.3027","-0.3500","-0.4000","-0.4000","-0.4500","-0.4200","-0.4100","-0.1000","61.7000","62.3100","63.8300","57.4500","64.1300","38.9100","100.0000","56.2300","55.6200","47.1100","48.9400","50.1500","48.9400","59.5700","329","4/1/2025 16:37","1","1","1.0000","0.0600","0.0600","168.0000","169.0000","197.0000","225.0000","216.0000","-0.5300","-0.4068","-0.5100","-0.5900","-0.5900","49.2400","48.9400","40.4300","31.9100","34.6500","6","4","66.8700","110.0000","-0.0800","0.2200","64.7400","117.0000","0.0800","3","69.3000","102.0000","0.0200","14","58.0500","139.0000","-0.3000","0.7800","57.1400","142.0000","-0.2300","6","64.4400","118.0000","-0.0200","0.1700","65.9600","113.0000","0.3600","0.3300","63.2200","122.0000","0.3900","0.0000","97.8700","8.0000","-0.1400","0","97.8700","8.0000","-0.1400","0.0000","97.8700","8.0000","-0.1300","0","97.8700","8.0000","-0.1500","7","11","0"
"AAD2023.06.02752","344","8228","38","University of Vermont, The","Chemistry, Department of","Chemistry","8","283.0000","53","233.0000","8","246.0000","6.6300","222.0000","768","241.0000","8","246.0000","1.0000","1.0000","4","215.0000","10","198.0000","4529058.0000","184.0000","16","135.0000","6","168.0000","0","207.0000","0","207.0000","19","17","5","17","18","0.0000","-0.9400","207.0000","37.3900","0.0000","-0.6300","207.0000","37.3900","1.0000","0.7700","1.0000","100.0000","6.6300","-0.4800","199.0000","39.8200","1.0000","0.7300","1.0000","100.0000","96.0000","-0.5600","218.0000","34.0400","14.4900","-0.6400","247.0000","25.2300","0.5000","0.0800","168.0000","49.2400","1.2500","0.1200","127.0000","61.7000","566132.2500","-0.0900","128.0000","61.4000","452905.8000","0.1100","147.0000","55.6200","2.0000","0.3500","73.0000","78.1200","0.7500","1.0200","70.0000","79.0300","-0.3000","145.0000","56.2300","-0.4100","-0.8700","-0.7400","-0.6600","-0.7400","-0.6100","0.3027","-0.3200","-0.6800","-0.5300","-0.4900","-0.5300","-0.6500","-0.9400","49.2400","37.3900","25.5300","34.9500","25.5300","32.8300","100.0000","59.2700","37.3900","27.0500","44.3800","40.1200","29.4800","14.2900","329","4/1/2025 16:37","1","1","1.0000","0.1300","0.1300","168.0000","169.0000","197.0000","178.0000","138.0000","-0.5300","-0.4068","-0.5100","-0.4400","0.0400","49.2400","48.9400","40.4300","46.2000","58.3600","6","0","24.0100","251.0000","-0.5800","0.0000","24.0100","251.0000","-0.7300","0","24.0100","251.0000","-0.9100","2","29.1800","234.0000","-0.5100","0.2500","33.4300","220.0000","-0.5800","2","41.3400","194.0000","-0.6300","0.0000","24.0100","251.0000","-1.2300","0.2500","47.4200","174.0000","-0.0500","0.0000","97.8700","8.0000","-0.1400","0","97.8700","8.0000","-0.1400","0.0000","97.8700","8.0000","-0.1300","0","97.8700","8.0000","-0.1500","7","11","0"
"AAD2023.06.02752","347","8334","38","University of Wisconsin - Madison","Chemistry, Department of","Chemistry","40","24.0000","916","17.0000","40","19.0000","22.9000","24.0000","30253","17.0000","40","20.0000","1.0000","1.0000","36","12.0000","135","10.0000","86022444.0000","15.0000","225","12.0000","38","12.0000","5","47.0000","4","26.0000","19","17","5","17","18","0.1000","0.4500","91.0000","72.6400","0.1300","0.0600","97.0000","70.8200","1.0000","0.7700","1.0000","100.0000","22.9000","1.5600","22.0000","93.6200","1.0000","0.7300","1.0000","100.0000","756.3300","1.3600","30.0000","91.1900","33.0300","0.8500","56.0000","83.2800","0.9000","1.5300","8.0000","97.8700","3.3800","2.4300","7.0000","98.1800","2150561.1000","2.1000","16.0000","95.4400","637203.2900","0.8600","58.0000","82.6700","5.6300","2.3100","14.0000","96.0500","0.9500","1.6900","13.0000","96.3500","1.0000","14.0000","96.0500","2.3200","1.4800","1.8200","2.3300","1.8300","1.4600","0.3027","2.5100","0.7100","1.7000","2.4700","2.8900","2.0600","1.7500","96.6600","92.4000","94.2200","96.6600","94.5300","93.0100","100.0000","96.6600","86.0200","95.1400","95.7400","97.2600","95.1400","93.0100","329","4/1/2025 16:37","100","10","10.0000","2.5000","0.2500","17.0000","5.0000","2.0000","2.0000","43.0000","2.0300","3.6634","6.3100","4.5700","1.1500","95.1400","98.7800","99.7000","99.7000","87.2300","6","14","94.5300","19.0000","1.1800","0.3500","86.0200","47.0000","0.5500","9","95.1400","17.0000","1.9000","164","96.6600","12.0000","2.3300","4.1000","96.0500","14.0000","1.9500","21","96.0500","14.0000","2.2600","0.2300","82.3700","59.0000","0.9200","0.5300","92.1000","27.0000","1.4100","0.0000","97.8700","8.0000","-0.1400","0","97.8700","8.0000","-0.1400","0.0000","97.8700","8.0000","-0.1300","0","97.8700","8.0000","-0.1500","7","11","0"
"AAD2023.06.02752","350","8444","38","Utah State University","Chemistry and Biochemistry, Department of","Chemistry","20","117.0000","285","100.0000","16","139.0000","17.8100","64.0000","7529","93.0000","17","131.0000","1.0000","1.0000","11","122.0000","24","119.0000","9324991.0000","128.0000","17","130.0000","10","116.0000","0","207.0000","0","207.0000","19","17","5","17","18","0.0000","-0.9400","207.0000","37.3900","0.0000","-0.6300","207.0000","37.3900","0.8000","-0.2000","244.0000","26.1400","14.2500","0.4800","96.0000","71.1200","0.8500","0.0300","227.0000","31.3100","376.4500","0.2500","89.0000","73.2500","26.4200","0.3200","95.0000","71.4300","0.5500","0.2600","155.0000","53.1900","1.2000","0.0700","136.0000","58.9700","466249.5500","-0.2300","153.0000","53.8000","388541.2900","-0.1500","186.0000","43.7700","0.8500","-0.2800","145.0000","56.2300","0.5000","0.1800","134.0000","59.5700","-0.2000","124.0000","62.6100","-0.0700","-0.8700","-0.0200","0.0000","-0.1000","0.8100","0.3027","-0.3100","-0.6800","-0.0200","-0.3100","-0.1400","0.0800","0.0700","65.0500","37.3900","60.4900","63.2200","58.0500","80.8500","100.0000","60.7900","37.3900","72.0400","61.4000","64.1300","69.9100","64.7400","329","4/1/2025 16:37","4","2","2.0000","0.2000","0.1000","122.0000","105.0000","134.0000","141.0000","166.0000","-0.2400","0.0454","-0.3100","-0.2800","-0.1900","63.2200","68.3900","59.5700","57.4500","49.8500","6","2","50.4600","164.0000","-0.3300","0.1000","40.4300","197.0000","-0.3700","2","55.9300","146.0000","-0.2900","16","60.4900","131.0000","-0.2700","0.8000","58.0500","139.0000","-0.2200","5","59.2700","135.0000","-0.1700","0.1000","46.2000","178.0000","-0.2700","0.2500","47.4200","174.0000","-0.0500","0.0000","97.8700","8.0000","-0.1400","0","97.8700","8.0000","-0.1400","0.0000","97.8700","8.0000","-0.1300","0","97.8700","8.0000","-0.1500","7","11","0"
"AAD2023.06.02752","351","8508","38","Vanderbilt University","Chemistry, Department of","Chemistry","52","7.0000","1098","11.0000","52","5.0000","21.1200","38.0000","33132","13.0000","52","5.0000","1.0000","1.0000","30","23.0000","70","44.0000","68904058.0000","23.0000","111","36.0000","28","31.0000","9","15.0000","6","5.0000","19","17","5","17","18","0.1200","0.6600","73.0000","78.1200","0.1700","0.3300","72.0000","78.4200","1.0000","0.7700","1.0000","100.0000","21.1200","1.3300","34.0000","89.9700","1.0000","0.7300","1.0000","100.0000","637.1500","1.0100","38.0000","88.7500","30.1700","0.6200","69.0000","79.3300","0.5800","0.3600","139.0000","58.0500","1.3500","0.2300","121.0000","63.5300","1325078.0400","0.9600","49.0000","85.4100","984343.6900","2.2700","7.0000","98.1800","2.1300","0.4200","68.0000","79.6400","0.5400","0.3100","126.0000","62.0100","0.5000","46.0000","86.3200","1.4700","2.6500","2.7900","1.7700","2.7900","1.2400","0.3027","0.9600","1.8300","1.9100","1.8500","1.1100","2.6300","2.7600","90.8800","98.7800","98.7800","93.3100","98.7800","88.7500","100.0000","89.3600","95.7400","96.3500","93.3100","86.9300","96.9600","98.1800","329","4/1/2025 16:37","30","14","2.1400","0.5800","0.2700","4.0000","102.0000","23.0000","65.0000","37.0000","3.1700","0.1087","1.4900","0.5100","1.3300","99.0900","69.3000","93.3100","80.5500","89.0600","6","10","88.4500","39.0000","0.6800","0.1900","59.2700","135.0000","-0.0300","11","97.2600","10.0000","2.5200","193","97.2600","10.0000","2.8400","3.7100","95.4400","16.0000","1.7000","26","98.4800","6.0000","3.0200","0.2100","78.7200","71.0000","0.7900","0.5000","90.5800","32.0000","1.2800","0.0200","98.1800","7.0000","3.2900","1","99.7000","2.0000","5.6400","0.0200","98.1800","7.0000","2.7400","1","100.0000","1.0000","6.7700","7","11","0"
"AAD2023.06.02752","358","8593","38","Washington University in St. Louis","Chemistry, Department of","Chemistry","23","89.0000","343","83.0000","21","95.0000","16.3300","78.0000","8985","86.0000","21","95.0000","1.0000","1.0000","19","72.0000","40","82.0000","29978481.0000","67.0000","68","60.0000","18","75.0000","2","105.0000","2","69.0000","19","17","5","17","18","0.0900","0.2700","114.0000","65.6500","0.0900","-0.1500","143.0000","56.8400","0.9100","0.3400","171.0000","48.3300","14.9100","0.5600","84.0000","74.7700","0.9100","0.3200","174.0000","47.4200","390.6500","0.3000","83.0000","75.0800","26.2000","0.3000","97.0000","70.8200","0.8300","1.2600","31.0000","90.8800","1.7400","0.6500","83.0000","75.0800","1303412.2200","0.9300","50.0000","85.1100","749462.0300","1.3100","32.0000","90.5800","2.9600","0.8600","42.0000","87.5400","0.7800","1.1300","62.0000","81.4600","0.3000","68.0000","79.6400","0.6100","0.3100","0.3000","0.7400","0.3000","0.6300","0.3027","0.3800","-0.1200","0.0900","0.4400","0.2900","0.2600","0.3200","77.5100","79.3300","71.4300","78.4200","71.4300","76.6000","100.0000","82.0700","68.3900","74.1600","79.9400","75.3800","75.0800","73.2500","329","4/1/2025 16:37","9","3","3.0000","0.3900","0.1300","94.0000","61.0000","81.0000","97.0000","134.0000","0.0400","0.4977","0.0400","0.1200","0.0800","71.7300","81.7600","75.6800","70.8200","59.5700","6","6","76.2900","79.0000","0.1700","0.2600","72.0400","93.0000","0.2300","6","87.8400","41.0000","0.9600","18","62.6100","124.0000","-0.2300","0.7800","57.4500","141.0000","-0.2300","6","64.4400","118.0000","-0.0200","0.2600","88.7500","38.0000","1.2700","0.2600","48.0200","172.0000","0.0000","0.0000","97.8700","8.0000","-0.1400","0","97.8700","8.0000","-0.1400","0.0000","97.8700","8.0000","-0.1300","0","97.8700","8.0000","-0.1500","7","11","0"
"AAD2023.06.02752","369","8634","38","Rutgers - Newark","Chemistry, Department of","Chemistry","12","217.0000","231","116.0000","11","195.0000","21.0000","41.0000","7616","92.0000","11","198.0000","1.0000","1.0000","8","156.0000","18","145.0000","8347910.0000","140.0000","15","140.0000","8","142.0000","2","105.0000","2","69.0000","19","17","5","17","18","0.1700","1.3800","26.0000","92.4000","0.1700","0.2900","74.0000","77.8100","0.9200","0.3600","165.0000","50.1500","19.2500","1.1000","48.0000","85.7100","0.9200","0.3400","167.0000","49.5400","634.6700","1.0100","40.0000","88.1500","32.9700","0.8500","57.0000","82.9800","0.6700","0.6900","95.0000","71.4300","1.5000","0.3900","105.0000","68.3900","695659.1700","0.0800","107.0000","67.7800","463772.7800","0.1600","138.0000","58.3600","1.2500","-0.0600","105.0000","68.3900","0.6700","0.7400","91.0000","72.6400","0.1000","87.0000","73.8600","-0.2400","0.3100","-0.5000","-0.2900","-0.5000","1.2200","0.3027","-0.3400","-0.1200","-0.0200","-0.3500","-0.3100","-0.0900","-0.6000","57.1400","79.3300","40.1200","52.8900","41.0300","87.8400","100.0000","57.7500","68.3900","72.3400","57.7500","56.2300","65.0500","34.3500","329","4/1/2025 16:37","2","1","2.0000","0.1700","0.0800","168.0000","105.0000","164.0000","158.0000","185.0000","-0.5300","0.0454","-0.4400","-0.3500","-0.3400","49.2400","68.3900","50.4600","52.2800","44.0700","6","1","38.6000","203.0000","-0.4600","0.0800","32.8300","222.0000","-0.4300","1","43.7700","186.0000","-0.6000","8","48.9400","169.0000","-0.4100","0.6700","52.5800","157.0000","-0.3000","4","53.1900","155.0000","-0.3300","0.0800","36.4700","210.0000","-0.4300","0.3300","63.2200","122.0000","0.3900","0.0000","97.8700","8.0000","-0.1400","0","97.8700","8.0000","-0.1400","0.0000","97.8700","8.0000","-0.1300","0","97.8700","8.0000","-0.1500","7","11","0"
"AAD2023.06.02752","198","8668","38","Stanford University","Chemistry, Department of","Chemistry","26","72.0000","738","30.0000","26","66.0000","28.3800","13.0000","29188","21.0000","26","66.0000","1.0000","1.0000","24","39.0000","89","26.0000","95395417.0000","11.0000","269","8.0000","25","40.0000","1","147.0000","1","125.0000","19","17","5","17","18","0.0400","-0.4000","199.0000","39.8200","0.0400","-0.4200","199.0000","39.8200","1.0000","0.7700","1.0000","100.0000","28.3800","2.2400","12.0000","96.6600","1.0000","0.7300","1.0000","100.0000","1122.6200","2.4300","9.0000","97.5700","39.5500","1.3800","27.0000","92.1000","0.9200","1.6200","3.0000","99.3900","3.4200","2.4800","5.0000","98.7800","3669054.5000","4.2100","4.0000","99.0900","1071858.6200","2.6200","4.0000","99.0900","10.3500","4.8700","2.0000","99.7000","0.9600","1.7200","7.0000","98.1800","1.4000","1.0000","100.0000","1.2100","-0.2800","0.7000","1.2100","0.7000","2.1600","0.3027","3.1000","-0.4000","1.6100","2.8100","1.6300","1.5000","0.5800","88.1500","62.3100","80.2400","88.4500","80.2400","96.3500","100.0000","97.8700","55.6200","93.9200","96.9600","92.4000","91.1900","78.4200","329","4/1/2025 16:37","33","9","3.6700","1.2700","0.3500","22.0000","48.0000","19.0000","16.0000","11.0000","1.7500","0.8007","1.6900","1.9700","2.0100","93.6200","85.7100","94.5300","95.4400","96.9600","6","8","83.8900","54.0000","0.4200","0.3100","80.5500","65.0000","0.4000","7","90.2700","33.0000","1.2700","151","96.0500","14.0000","2.1000","5.8100","97.8700","8.0000","3.0800","17","92.7100","25.0000","1.6500","0.2700","89.9700","34.0000","1.3500","0.6500","99.0900","4.0000","2.1000","0.0400","99.3900","3.0000","6.7300","2","100.0000","1.0000","11.4300","0.0800","100.0000","1.0000","11.3700","1","100.0000","1.0000","6.7700","7","11","0"
"AAD2023.06.02752","27","8709","38","Brigham Young University","Chemistry and Biochemistry, Department of","Chemistry","31","45.0000","447","72.0000","31","42.0000","14.4200","103.0000","10286","82.0000","31","41.0000","1.0000","1.0000","16","83.0000","38","84.0000","21485774.0000","85.0000","21","109.0000","14","89.0000","1","147.0000","1","125.0000","19","17","5","17","18","0.0300","-0.4900","204.0000","38.3000","0.0300","-0.4500","204.0000","38.3000","1.0000","0.7700","1.0000","100.0000","14.4200","0.5000","92.0000","72.3400","1.0000","0.7300","1.0000","100.0000","331.8100","0.1200","99.0000","70.2100","23.0100","0.0500","127.0000","61.7000","0.5200","0.1400","166.0000","49.8500","1.2300","0.1000","134.0000","59.5700","693089.4800","0.0800","110.0000","66.8700","565415.1100","0.5700","80.0000","75.9900","0.6800","-0.3700","171.0000","48.3300","0.4500","0.0200","161.0000","51.3700","0.0000","101.0000","69.6000","0.2700","-0.2800","1.1000","0.4600","1.1100","0.3800","0.3027","-0.2600","-0.4000","0.1900","0.1300","0.2400","0.5900","1.0000","73.2500","62.3100","87.8400","75.0800","87.5400","69.0000","100.0000","67.1700","55.6200","75.3800","74.4700","74.7700","78.4200","86.6300","329","4/1/2025 16:37","62","11","5.6400","2.0000","0.3500","11.0000","17.0000","5.0000","4.0000","9.0000","2.3200","1.6916","3.6900","3.5200","2.0900","96.9600","95.1400","98.7800","99.0900","97.5700","6","5","72.9500","90.0000","0.0500","0.1600","52.5800","157.0000","-0.1400","4","77.8100","74.0000","0.3400","85","89.9700","34.0000","0.9400","2.7400","89.9700","34.0000","1.0600","15","89.3600","36.0000","1.3500","0.1300","52.2800","158.0000","0.0000","0.4800","86.0200","47.0000","1.1900","0.0000","97.8700","8.0000","-0.1400","0","97.8700","8.0000","-0.1400","0.0000","97.8700","8.0000","-0.1300","0","97.8700","8.0000","-0.1500","7","11","0"
"AAD2023.06.02752","8","8735","38","American University","Chemistry, Department of","Chemistry","9","270.0000","60","227.0000","8","246.0000","7.5000","196.0000","649","253.0000","8","246.0000","1.0000","1.0000","4","215.0000","5","231.0000","1188069.0000","240.0000","2","255.0000","1","263.0000","3","77.0000","2","69.0000","19","17","5","17","18","0.2200","2.1500","9.0000","97.5700","0.3300","1.2200","26.0000","92.4000","0.8900","0.2300","194.0000","41.3400","6.6700","-0.4700","198.0000","40.1200","0.8900","0.2100","198.0000","40.1200","72.1100","-0.6300","239.0000","27.6600","10.8200","-0.9400","282.0000","14.5900","0.4400","-0.1200","193.0000","41.6400","0.5600","-0.6300","221.0000","33.1300","132007.6700","-0.7000","232.0000","29.7900","237613.8000","-0.7600","262.0000","20.6700","0.2200","-0.6200","252.0000","23.7100","0.1100","-1.1200","272.0000","17.6300","-0.7000","212.0000","35.8700","-0.8400","0.3100","-0.7400","-0.6600","-0.7400","-0.4900","0.3027","-0.5100","0.1600","-0.5400","-0.6100","-0.6600","-0.6300","-0.8500","20.3600","79.3300","25.5300","34.9500","25.5300","40.7300","100.0000","22.8000","76.9000","23.4000","27.3600","30.0900","31.3100","18.2400","329","4/1/2025 16:37","0","0","0.0000","0.0000","0.0000","241.0000","241.0000","241.0000","241.0000","241.0000","-0.8100","-0.8591","-0.5800","-0.7100","-1.0800","27.0500","27.0500","27.0500","27.0500","27.0500","6","0","24.0100","251.0000","-0.5800","0.0000","24.0100","251.0000","-0.7300","0","24.0100","251.0000","-0.9100","5","39.8200","199.0000","-0.4600","0.5600","48.0200","172.0000","-0.3800","2","41.3400","194.0000","-0.6300","0.0000","24.0100","251.0000","-1.2300","0.2200","43.1600","188.0000","-0.2000","0.0000","97.8700","8.0000","-0.1400","0","97.8700","8.0000","-0.1400","0.0000","97.8700","8.0000","-0.1300","0","97.8700","8.0000","-0.1500","7","11","0"
"AAD2023.06.02752","60","8762","38","Duke University","Chemistry, Department of","Chemistry","23","89.0000","493","61.0000","23","79.0000","21.4300","35.0000","17645","49.0000","23","80.0000","1.0000","1.0000","21","55.0000","76","39.0000","53018929.0000","33.0000","111","36.0000","23","51.0000","8","20.0000","5","15.0000","19","17","5","17","18","0.2200","2.0800","12.0000","96.6600","0.3500","1.3000","23.0000","93.3100","1.0000","0.7700","1.0000","100.0000","21.4300","1.3700","31.0000","90.8800","1.0000","0.7300","1.0000","100.0000","767.1700","1.3900","28.0000","91.7900","35.7900","1.0800","41.0000","87.8400","0.9100","1.5800","4.0000","99.0900","3.3000","2.3500","8.0000","97.8700","2305170.8300","2.3200","11.0000","96.9600","697617.4900","1.1000","41.0000","87.8400","4.8300","1.8800","20.0000","94.2200","1.0000","1.8500","1.0000","100.0000","1.2000","6.0000","98.4800","1.0400","2.0700","0.4600","0.9300","0.4600","1.2700","0.3027","0.9600","1.5500","0.7400","1.2700","1.2800","0.7300","0.3200","84.8000","95.7400","75.9900","83.5900","76.2900","89.6700","100.0000","89.3600","94.2200","85.4100","90.2700","88.4500","81.7600","73.2500","329","4/1/2025 16:37","24","7","3.4300","1.0400","0.3000","37.0000","57.0000","31.0000","23.0000","26.0000","1.1800","0.6921","1.0700","1.5000","1.6400","89.0600","82.9800","90.8800","93.3100","92.4000","6","7","79.9400","67.0000","0.3000","0.3000","79.3300","69.0000","0.3800","3","69.3000","102.0000","0.0200","164","96.6600","12.0000","2.3300","7.1300","98.4800","6.0000","3.9400","15","89.3600","36.0000","1.3500","0.1300","53.5000","154.0000","0.0200","0.6500","98.7800","5.0000","2.0900","0.0000","97.8700","8.0000","-0.1400","0","97.8700","8.0000","-0.1400","0.0000","97.8700","8.0000","-0.1300","0","97.8700","8.0000","-0.1500","7","11","0"
"AAD2023.06.02752","81","8808","38","Georgetown University","Chemistry, Department of","Chemistry","17","150.0000","172","138.0000","16","139.0000","10.7500","143.0000","2655","170.0000","17","131.0000","1.0000","1.0000","16","83.0000","35","91.0000","18023273.0000","92.0000","27","92.0000","14","89.0000","1","147.0000","1","125.0000","19","17","5","17","18","0.0600","-0.1200","164.0000","50.4600","0.0600","-0.3100","179.0000","45.9000","0.9400","0.4800","138.0000","58.3600","10.1200","-0.0400","143.0000","56.8400","1.0000","0.7300","1.0000","100.0000","156.1800","-0.3900","173.0000","47.7200","15.4400","-0.5700","232.0000","29.7900","0.9400","1.6800","2.0000","99.7000","2.0600","1.0000","61.0000","81.7600","1060192.5300","0.5900","69.0000","79.3300","514950.6600","0.3600","115.0000","65.3500","1.5900","0.1200","84.0000","74.7700","0.8200","1.2600","50.0000","85.1100","0.1000","87.0000","73.8600","0.2700","-0.2800","-0.0200","0.4600","-0.1000","-0.0800","0.3027","-0.1700","-0.4000","-0.3900","0.0000","0.1600","-0.2800","-0.1800","73.2500","62.3100","60.4900","75.0800","58.0500","56.8400","100.0000","72.3400","55.6200","48.6300","72.3400","72.6400","58.3600","54.7100","329","4/1/2025 16:37","2","2","1.0000","0.1200","0.1200","122.0000","169.0000","164.0000","190.0000","148.0000","-0.2400","-0.4068","-0.4400","-0.4600","-0.0300","63.2200","48.9400","50.4600","42.5500","55.3200","6","5","72.9500","90.0000","0.0500","0.2900","77.2000","76.0000","0.3500","4","77.8100","74.0000","0.3400","31","73.8600","87.0000","0.0000","1.8200","79.9400","67.0000","0.4600","10","79.0300","70.0000","0.5900","0.2400","85.7100","48.0000","1.0200","0.5900","96.9600","11.0000","1.7500","0.0000","97.8700","8.0000","-0.1400","0","97.8700","8.0000","-0.1400","0.0000","97.8700","8.0000","-0.1300","0","97.8700","8.0000","-0.1500","7","11","0"
"AAD2023.06.02752","123","8932","38","Massachusetts Institute of Technology","Chemistry, Department of","Chemistry","43","15.0000","1336","4.0000","43","14.0000","31.0700","9.0000","64113","4.0000","43","15.0000","1.0000","1.0000","39","8.0000","148","5.0000","122190449.0000","6.0000","399","3.0000","42","8.0000","7","25.0000","7","2.0000","19","17","5","17","18","0.1600","1.3200","32.0000","90.5800","0.1600","0.2700","77.0000","76.9000","1.0000","0.7700","1.0000","100.0000","31.0700","2.5800","8.0000","97.8700","1.0000","0.7300","1.0000","100.0000","1491.0000","3.5000","4.0000","99.0900","47.9900","2.0600","11.0000","96.9600","0.9100","1.5600","7.0000","98.1800","3.4400","2.5000","4.0000","99.0900","2841638.3500","3.0600","7.0000","98.1800","825611.1400","1.6200","18.0000","94.8300","9.2800","4.2900","4.0000","99.0900","0.9800","1.7800","4.0000","99.0900","1.3000","3.0000","99.3900","2.6600","3.2400","2.0600","2.6100","2.0700","2.5000","0.3027","4.8600","1.2700","4.2600","3.7800","3.2400","3.3800","2.0000","97.8700","99.7000","95.7400","97.8700","96.0500","97.5700","100.0000","99.3900","92.7100","99.0900","98.4800","98.7800","99.0900","95.7400","329","4/1/2025 16:37","71","14","5.0700","1.6500","0.3300","4.0000","23.0000","3.0000","8.0000","20.0000","3.1700","1.4338","4.3100","2.7800","1.8300","99.0900","93.3100","99.3900","97.8700","94.2200","6","8","83.8900","54.0000","0.4200","0.1900","57.1400","142.0000","-0.0500","7","90.2700","33.0000","1.2700","328","99.0900","4.0000","5.2100","7.6300","99.0900","4.0000","4.2700","24","97.8700","8.0000","2.7200","0.1600","63.2200","122.0000","0.3300","0.5600","96.3500","13.0000","1.5900","0.0000","97.8700","8.0000","-0.1400","0","97.8700","8.0000","-0.1400","0.0000","97.8700","8.0000","-0.1300","0","97.8700","8.0000","-0.1500","7","11","0"
"AAD2023.06.02752","153","9042","38","Northwestern University","Chemistry, Department of","Chemistry","45","12.0000","1900","1.0000","45","12.0000","42.2200","2.0000","124539","1.0000","45","12.0000","1.0000","1.0000","25","35.0000","125","13.0000","107354475.0000","8.0000","323","6.0000","31","27.0000","12","10.0000","6","5.0000","19","17","5","17","18","0.1300","0.9100","52.0000","84.5000","0.2700","0.8500","38.0000","88.7500","1.0000","0.7700","1.0000","100.0000","42.2200","3.9700","1.0000","100.0000","1.0000","0.7300","1.0000","100.0000","2767.5300","7.2200","1.0000","100.0000","65.5500","3.4800","4.0000","99.0900","0.5600","0.2800","151.0000","54.4100","2.7800","1.7800","22.0000","93.6200","2385655.0000","2.4300","9.0000","97.5700","858835.8000","1.7600","14.0000","96.0500","7.1800","3.1500","8.0000","97.8700","0.6900","0.8100","85.0000","74.4700","0.9000","17.0000","95.1400","1.7200","2.6500","2.2200","1.3000","2.2300","3.9200","0.3027","3.8300","2.6600","8.8300","3.2400","2.6200","5.1600","2.1700","92.1000","98.7800","96.6600","89.6700","96.6600","99.7000","100.0000","98.4800","97.2600","100.0000","97.8700","96.3500","100.0000","96.6600","329","4/1/2025 16:37","46","10","4.6000","1.0200","0.2200","17.0000","36.0000","11.0000","27.0000","56.0000","2.0300","1.2213","2.5900","1.4500","0.9000","95.1400","89.3600","96.9600","92.1000","83.2800","6","109","100.0000","1.0000","13.1300","2.4200","99.7000","2.0000","8.1600","13","99.0900","4.0000","3.1500","396","100.0000","1.0000","6.4100","8.8000","99.3900","3.0000","5.0400","28","99.3900","3.0000","3.3200","0.2900","93.3100","23.0000","1.5400","0.6200","97.8700","8.0000","1.9300","0.0000","97.8700","8.0000","-0.1400","0","97.8700","8.0000","-0.1400","0.0000","97.8700","8.0000","-0.1300","0","97.8700","8.0000","-0.1500","7","11","0"
"AAD2023.06.02752","168","9074","38","Purdue University","Chemistry, Department of","Chemistry","48","11.0000","1050","13.0000","47","11.0000","22.3400","26.0000","25195","26.0000","47","11.0000","1.0000","1.0000","38","9.0000","110","17.0000","63998798.0000","25.0000","140","28.0000","38","12.0000","2","105.0000","2","69.0000","19","17","5","17","18","0.0400","-0.3600","197.0000","40.4300","0.0400","-0.4000","197.0000","40.4300","0.9800","0.6600","97.0000","70.8200","21.8800","1.4300","26.0000","92.4000","0.9800","0.6300","108.0000","67.4800","524.9000","0.6900","57.0000","82.9800","24.0000","0.1300","114.0000","65.6500","0.7900","1.1400","48.0000","85.7100","2.2900","1.2500","45.0000","86.6300","1333308.2900","0.9700","47.0000","86.0200","581807.2500","0.6400","71.0000","78.7200","2.9200","0.8400","44.0000","86.9300","0.7900","1.1600","60.0000","82.0700","0.6000","40.0000","88.1500","2.3200","0.3100","2.3800","2.5200","2.3900","1.3900","0.3027","1.3600","-0.1200","1.3100","1.6700","2.2100","2.4800","2.4200","96.6600","79.3300","96.9600","97.5700","96.9600","92.4000","100.0000","91.7900","68.3900","92.4000","92.7100","95.1400","96.3500","96.9600","329","4/1/2025 16:37","56","16","3.5000","1.1700","0.3300","3.0000","50.0000","7.0000","18.0000","14.0000","3.7400","0.7238","3.2800","1.7600","1.9000","99.3900","85.1100","98.1800","94.8300","96.0500","6","14","94.5300","19.0000","1.1800","0.2900","76.9000","77.0000","0.3400","9","95.1400","17.0000","1.9000","354","99.7000","2.0000","5.6700","7.3800","98.7800","5.0000","4.1100","22","96.9600","11.0000","2.4100","0.1900","72.9500","90.0000","0.5600","0.4600","83.5900","55.0000","1.0500","0.0000","97.8700","8.0000","-0.1400","0","97.8700","8.0000","-0.1400","0.0000","97.8700","8.0000","-0.1300","0","97.8700","8.0000","-0.1500","7","11","0"
"AAD2023.06.02752","277","9185","38","University of Houston","Chemistry, Department of","Chemistry","32","42.0000","427","75.0000","27","57.0000","15.8100","86.0000","8768","89.0000","28","53.0000","1.0000","1.0000","20","62.0000","48","71.0000","24269534.0000","73.0000","67","61.0000","27","33.0000","4","62.0000","3","45.0000","19","17","5","17","18","0.0900","0.3600","103.0000","69.0000","0.1300","0.0600","97.0000","70.8200","0.8400","0.0100","218.0000","34.0400","13.3400","0.3600","105.0000","68.3900","0.8800","0.1500","206.0000","37.6900","274.0000","-0.0400","115.0000","65.3500","20.5300","-0.1500","158.0000","52.2800","0.6300","0.5300","113.0000","65.9600","1.5000","0.3900","105.0000","68.3900","758422.9400","0.1700","100.0000","69.9100","505615.2900","0.3300","118.0000","64.4400","2.0900","0.4000","71.0000","78.7200","0.8400","1.3300","43.0000","87.2300","0.1000","87.0000","73.8600","1.3800","0.8900","0.8600","0.8400","0.7800","0.5600","0.3027","0.3700","0.4400","0.0700","0.2300","0.5100","0.5200","1.0800","90.2700","86.6300","84.1900","81.4600","82.9800","74.1600","100.0000","81.7600","81.4600","73.2500","78.1200","78.7200","77.5100","87.5400","329","4/1/2025 16:37","7","5","1.4000","0.2200","0.1600","61.0000","158.0000","103.0000","137.0000","111.0000","0.6100","-0.2259","-0.1000","-0.2400","0.3100","81.7600","52.2800","69.0000","58.6600","66.5700","6","3","59.2700","135.0000","-0.2000","0.0900","36.1700","211.0000","-0.3900","3","69.3000","102.0000","0.0200","69","86.9300","44.0000","0.6600","2.1600","84.5000","52.0000","0.6800","17","92.7100","25.0000","1.6500","0.0900","40.7300","196.0000","-0.3300","0.5300","93.6200","22.0000","1.4400","0.0000","97.8700","8.0000","-0.1400","0","97.8700","8.0000","-0.1400","0.0000","97.8700","8.0000","-0.1300","0","97.8700","8.0000","-0.1500","7","11","0"
"AAD2023.06.02752","282","9301","38","University of Kansas, The","Chemistry, Department of","Chemistry","26","72.0000","300","94.0000","26","66.0000","11.5400","134.0000","3911","135.0000","26","66.0000","1.0000","1.0000","20","62.0000","41","80.0000","20418118.0000","88.0000","47","78.0000","20","67.0000","0","207.0000","0","207.0000","19","17","5","17","18","0.0000","-0.9400","207.0000","37.3900","0.0000","-0.6300","207.0000","37.3900","1.0000","0.7700","1.0000","100.0000","11.5400","0.1400","127.0000","61.7000","1.0000","0.7300","1.0000","100.0000","150.4200","-0.4000","177.0000","46.5000","13.0400","-0.7600","265.0000","19.7600","0.7700","1.0600","58.0000","82.6700","1.5800","0.4800","97.0000","70.8200","785312.2300","0.2100","97.0000","70.8200","498002.8800","0.3000","121.0000","63.5300","1.8100","0.2400","76.0000","77.2000","0.7700","1.0800","66.0000","80.2400","0.0000","101.0000","69.6000","0.7800","-0.8700","0.7000","0.8400","0.7000","0.0200","0.3027","0.1000","-0.6800","-0.3000","0.0900","0.3200","0.1200","0.5800","79.9400","37.3900","80.2400","81.4600","80.2400","59.5700","100.0000","76.6000","37.3900","59.2700","73.5600","75.9900","71.7300","78.4200","329","4/1/2025 16:37","9","3","3.0000","0.3500","0.1200","94.0000","61.0000","81.0000","108.0000","153.0000","0.0400","0.4977","0.0400","0.0200","-0.0500","71.7300","81.7600","75.6800","67.4800","53.8000","6","1","38.6000","203.0000","-0.4600","0.0400","24.3200","250.0000","-0.5900","1","43.7700","186.0000","-0.6000","24","69.6000","101.0000","-0.1300","0.9200","60.4900","131.0000","-0.1300","10","79.0300","70.0000","0.5900","0.0400","24.9200","248.0000","-0.8600","0.3800","71.4300","95.0000","0.6600","0.0000","97.8700","8.0000","-0.1400","0","97.8700","8.0000","-0.1400","0.0000","97.8700","8.0000","-0.1300","0","97.8700","8.0000","-0.1500","7","11","0"
"AAD2023.06.02752","305","9432","38","University of Missouri - Kansas City, The","Chemistry, Department of","Chemistry","9","270.0000","110","187.0000","8","246.0000","13.7500","110.0000","7192","95.0000","8","246.0000","1.0000","1.0000","4","215.0000","6","222.0000","920128.0000","253.0000","1","269.0000","1","263.0000","2","105.0000","1","125.0000","19","17","5","17","18","0.1100","0.6000","74.0000","77.8100","0.2200","0.6000","49.0000","85.4100","0.8900","0.2300","194.0000","41.3400","12.2200","0.2200","120.0000","63.8300","0.8900","0.2100","198.0000","40.1200","799.1100","1.4900","25.0000","92.7100","65.3800","3.4700","5.0000","98.7800","0.4400","-0.1200","193.0000","41.6400","0.6700","-0.5100","206.0000","37.6900","102236.4400","-0.7400","245.0000","25.8400","153354.6700","-1.1000","284.0000","13.9800","0.1100","-0.6800","279.0000","15.5000","0.1100","-1.1200","272.0000","17.6300","-0.6000","198.0000","40.1200","-0.8400","-0.2800","-0.7400","-0.6600","-0.7400","0.3000","0.3027","-0.5300","-0.1200","-0.0500","-0.6200","-0.6400","-0.4700","-0.8500","20.3600","62.3100","25.5300","34.9500","25.5300","66.8700","100.0000","18.5400","68.3900","71.4300","23.4000","32.8300","43.4700","18.2400","329","4/1/2025 16:37","1","1","1.0000","0.1100","0.1100","168.0000","169.0000","197.0000","191.0000","156.0000","-0.5300","-0.4068","-0.5100","-0.4700","-0.0900","49.2400","48.9400","40.4300","42.2500","52.8900","6","0","24.0100","251.0000","-0.5800","0.0000","24.0100","251.0000","-0.7300","0","24.0100","251.0000","-0.9100","5","39.8200","199.0000","-0.4600","0.5600","48.0200","172.0000","-0.3800","2","41.3400","194.0000","-0.6300","0.0000","24.0100","251.0000","-1.2300","0.2200","43.1600","188.0000","-0.2000","0.0000","97.8700","8.0000","-0.1400","0","97.8700","8.0000","-0.1400","0.0000","97.8700","8.0000","-0.1300","0","97.8700","8.0000","-0.1500","7","11","0"
"AAD2023.06.02752","334","9505","38","University of South Florida","Chemistry, Department of","Chemistry","22","97.0000","326","89.0000","20","104.0000","16.3000","79.0000","7775","91.0000","20","106.0000","1.0000","1.0000","10","130.0000","27","109.0000","15005728.0000","105.0000","21","109.0000","9","127.0000","1","147.0000","1","125.0000","19","17","5","17","18","0.0500","-0.3100","190.0000","42.5500","0.0500","-0.3800","192.0000","41.9500","0.9100","0.3300","173.0000","47.7200","14.8200","0.5500","86.0000","74.1600","0.9100","0.3100","177.0000","46.5000","353.4100","0.1900","96.0000","71.1200","23.8500","0.1100","117.0000","64.7400","0.4500","-0.0800","187.0000","43.4700","1.2300","0.1000","133.0000","59.8800","682078.5500","0.0700","111.0000","66.5700","555767.7000","0.5300","87.0000","73.8600","0.9500","-0.2200","132.0000","60.1800","0.4100","-0.1300","175.0000","47.1100","-0.1000","113.0000","65.9600","-0.1600","-0.2800","0.2200","-0.1000","0.2200","0.6200","0.3027","-0.2600","-0.4000","0.0000","-0.1100","-0.0600","0.2100","0.2400","61.7000","62.3100","68.0900","60.7900","68.6900","76.2900","100.0000","67.1700","55.6200","72.6400","68.3900","67.1700","73.2500","70.8200","329","4/1/2025 16:37","2","1","2.0000","0.0900","0.0500","168.0000","105.0000","164.0000","204.0000","233.0000","-0.5300","0.0454","-0.4400","-0.5100","-0.6800","49.2400","68.3900","50.4600","38.3000","29.4800","6","7","79.9400","67.0000","0.3000","0.3200","82.3700","59.0000","0.4400","3","69.3000","102.0000","0.0200","103","92.4000","26.0000","1.2600","4.6800","97.2600","10.0000","2.3400","12","83.8900","54.0000","0.8900","0.1400","55.6200","147.0000","0.0700","0.5500","95.1400","17.0000","1.5200","0.0000","97.8700","8.0000","-0.1400","0","97.8700","8.0000","-0.1400","0.0000","97.8700","8.0000","-0.1300","0","97.8700","8.0000","-0.1500","7","11","0"
"AAD2023.06.02752","345","9605","38","University of Virginia","Chemistry, Department of","Chemistry","25","78.0000","455","70.0000","23","79.0000","19.7800","48.0000","12108","73.0000","24","75.0000","1.0000","1.0000","22","49.0000","66","47.0000","40346535.0000","52.0000","69","59.0000","21","62.0000","2","105.0000","1","125.0000","19","17","5","17","18","0.0400","-0.3800","198.0000","40.1200","0.0800","-0.1900","152.0000","54.1000","0.9200","0.3800","161.0000","51.3700","18.2000","0.9700","53.0000","84.1900","0.9600","0.5400","125.0000","62.3100","484.3200","0.5700","69.0000","79.3300","26.6100","0.3400","93.0000","72.0400","0.8800","1.4600","15.0000","95.7400","2.6400","1.6300","27.0000","92.1000","1613861.4000","1.3600","32.0000","90.5800","611311.1400","0.7500","62.0000","81.4600","2.7600","0.7600","48.0000","85.7100","0.8400","1.3200","44.0000","86.9300","0.7000","30.0000","91.1900","0.8700","-0.2800","0.5400","1.0200","0.4600","1.0700","0.3027","0.3900","-0.1200","0.3200","0.8100","1.0000","0.6100","0.4900","81.4600","62.3100","77.5100","85.4100","76.2900","85.7100","100.0000","82.3700","68.3900","78.1200","84.5000","86.0200","79.0300","76.6000","329","4/1/2025 16:37","55","8","6.8800","2.2000","0.3200","29.0000","9.0000","8.0000","3.0000","21.0000","1.4600","2.2524","3.2100","3.9400","1.7800","91.4900","97.5700","97.8700","99.3900","93.9200","6","10","88.4500","39.0000","0.6800","0.4000","90.2700","33.0000","0.7400","6","87.8400","41.0000","0.9600","43","79.3300","69.0000","0.2100","1.7200","77.8100","74.0000","0.3900","9","74.4700","85.0000","0.4300","0.2400","86.0200","47.0000","1.0700","0.3600","66.2600","112.0000","0.5300","0.0000","97.8700","8.0000","-0.1400","0","97.8700","8.0000","-0.1400","0.0000","97.8700","8.0000","-0.1300","0","97.8700","8.0000","-0.1500","7","11","0"
"AAD2023.06.02752","24","9704","38","Boston University","Chemistry, Department of","Chemistry","28","58.0000","407","77.0000","25","72.0000","16.2800","80.0000","14175","60.0000","25","71.0000","1.0000","1.0000","20","62.0000","64","54.0000","53792759.0000","32.0000","72","56.0000","25","40.0000","3","77.0000","3","45.0000","19","17","5","17","18","0.1100","0.5500","82.0000","75.3800","0.1100","-0.0400","120.0000","63.8300","0.8900","0.2500","193.0000","41.6400","14.5400","0.5100","90.0000","72.9500","0.8900","0.2300","197.0000","40.4300","506.2500","0.6300","66.0000","80.2400","34.8300","1.0000","48.0000","85.7100","0.7100","0.8600","80.0000","75.9900","2.2900","1.2500","46.0000","86.3200","1921169.9600","1.7800","25.0000","92.7100","840511.8600","1.6800","16.0000","95.4400","2.5700","0.6600","52.0000","84.5000","0.8900","1.4900","25.0000","92.7100","0.4000","52.0000","84.5000","1.2100","0.8900","0.6200","0.8400","0.6200","0.6200","0.3027","0.4300","0.1600","0.4800","1.3000","0.9500","0.4600","0.7400","88.1500","86.6300","78.7200","81.4600","78.4200","75.9900","100.0000","83.2800","76.9000","82.0700","90.5800","83.8900","76.9000","82.6700","329","4/1/2025 16:37","24","7","3.4300","0.8600","0.2500","37.0000","57.0000","31.0000","35.0000","43.0000","1.1800","0.6921","1.0700","1.1000","1.1500","89.0600","82.9800","90.8800","89.6700","87.2300","6","3","59.2700","135.0000","-0.2000","0.1100","41.6400","193.0000","-0.3400","2","55.9300","146.0000","-0.2900","88","90.5800","32.0000","1.0000","3.1400","93.0100","24.0000","1.3200","12","83.8900","54.0000","0.8900","0.0700","32.5200","223.0000","-0.5500","0.4300","79.3300","69.0000","0.9000","0.0000","97.8700","8.0000","-0.1400","0","97.8700","8.0000","-0.1400","0.0000","97.8700","8.0000","-0.1300","0","97.8700","8.0000","-0.1500","7","11","0"
"AAD2023.06.02752","190","9778","38","South Dakota State University","Chemistry, Biochemistry and Physics, Department of","Chemistry","10","250.0000","64","224.0000","9","229.0000","7.1100","209.0000","680","249.0000","9","228.0000","1.0000","1.0000","5","203.0000","11","190.0000","3171792.0000","199.0000","1","269.0000","1","263.0000","0","207.0000","0","207.0000","19","17","5","17","18","0.0000","-0.9400","207.0000","37.3900","0.0000","-0.6300","207.0000","37.3900","0.9000","0.2800","186.0000","43.7700","6.4000","-0.5000","208.0000","37.0800","0.9000","0.2600","187.0000","43.4700","68.0000","-0.6400","244.0000","26.1400","10.6300","-0.9500","284.0000","13.9800","0.5000","0.0800","168.0000","49.2400","1.1000","-0.0400","146.0000","55.9300","317179.2000","-0.4400","184.0000","44.3800","288344.7300","-0.5500","237.0000","28.2700","0.1000","-0.6800","282.0000","14.5900","0.1000","-1.1600","280.0000","15.2000","-0.8000","221.0000","33.1300","-0.8400","-0.8700","-0.6600","-0.5700","-0.6600","-0.5400","0.3027","-0.5300","-0.6800","-0.5400","-0.5300","-0.5000","-0.6200","-0.7700","20.3600","37.3900","31.0000","38.6000","30.7000","36.7800","100.0000","18.5400","37.3900","24.6200","39.8200","42.5500","32.2200","24.3200","329","4/1/2025 16:37","1","1","1.0000","0.1000","0.1000","168.0000","169.0000","197.0000","197.0000","166.0000","-0.5300","-0.4068","-0.5100","-0.5000","-0.1900","49.2400","48.9400","40.4300","40.4300","49.8500","6","0","24.0100","251.0000","-0.5800","0.0000","24.0100","251.0000","-0.7300","0","24.0100","251.0000","-0.9100","0","17.3300","273.0000","-0.5500","0.0000","17.3300","273.0000","-0.7400","0","17.3300","273.0000","-0.9300","0.0000","24.0100","251.0000","-1.2300","0.0000","17.3300","273.0000","-1.3900","0.0000","97.8700","8.0000","-0.1400","0","97.8700","8.0000","-0.1400","0.0000","97.8700","8.0000","-0.1300","0","97.8700","8.0000","-0.1500","7","11","0"
"AAD2023.06.02752","202","9838","38","University at Albany, State University of New York","Chemistry, Department of","Chemistry","17","150.0000","229","117.0000","16","139.0000","14.3100","106.0000","4153","131.0000","16","140.0000","1.0000","1.0000","13","103.0000","31","101.0000","16249721.0000","100.0000","11","163.0000","7","155.0000","2","105.0000","2","69.0000","19","17","5","17","18","0.1200","0.6900","70.0000","79.0300","0.1200","0.0200","109.0000","67.1700","0.9400","0.4800","138.0000","58.3600","13.4700","0.3800","103.0000","69.0000","0.9400","0.4600","145.0000","56.2300","244.2900","-0.1300","130.0000","60.7900","18.1400","-0.3500","203.0000","38.6000","0.7600","1.0400","61.0000","81.7600","1.8200","0.7500","76.0000","77.2000","955865.9400","0.4500","80.0000","75.9900","524184.5500","0.4000","107.0000","67.7800","0.6500","-0.3900","173.0000","47.7200","0.4100","-0.1200","174.0000","47.4200","0.0000","101.0000","69.6000","-0.3300","0.3100","-0.1000","0.1800","-0.1000","0.3700","0.3027","-0.3900","-0.1200","-0.2800","-0.0600","0.0500","-0.1000","-0.1800","53.1900","79.3300","57.7500","69.0000","58.0500","68.0900","100.0000","50.7600","68.3900","60.4900","69.9100","69.6000","64.7400","54.7100","329","4/1/2025 16:37","1","1","1.0000","0.0600","0.0600","168.0000","169.0000","197.0000","224.0000","212.0000","-0.5300","-0.4068","-0.5100","-0.5800","-0.5600","49.2400","48.9400","40.4300","32.2200","35.8700","6","9","86.0200","47.0000","0.5500","0.5300","95.4400","16.0000","1.2100","3","69.3000","102.0000","0.0200","27","71.4300","95.0000","-0.0700","1.5900","75.3800","82.0000","0.3000","8","72.0400","93.0000","0.2800","0.1800","68.6900","104.0000","0.4600","0.4700","85.4100","49.0000","1.1200","0.0000","97.8700","8.0000","-0.1400","0","97.8700","8.0000","-0.1400","0.0000","97.8700","8.0000","-0.1300","0","97.8700","8.0000","-0.1500","7","11","0"
"AAD2023.06.02752","304","9901","38","University of Missouri","Chemistry, Department of","Chemistry","31","45.0000","470","65.0000","30","45.0000","15.6700","89.0000","8800","88.0000","30","47.0000","1.0000","1.0000","19","72.0000","43","78.0000","22571044.0000","79.0000","35","81.0000","16","81.0000","6","36.0000","4","26.0000","19","17","5","17","18","0.1300","0.8500","57.0000","82.9800","0.1900","0.4400","57.0000","82.9800","0.9700","0.6100","105.0000","68.3900","15.1600","0.5900","83.0000","75.0800","0.9700","0.5800","115.0000","65.3500","283.8700","-0.0200","111.0000","66.5700","18.7200","-0.3000","191.0000","42.2500","0.6100","0.4900","122.0000","63.2200","1.3900","0.2700","117.0000","64.7400","728098.1900","0.1300","105.0000","68.3900","524908.0000","0.4000","106.0000","68.0900","1.1300","-0.1300","119.0000","64.1300","0.5200","0.2300","133.0000","59.8800","0.2000","79.0000","76.2900","0.4400","1.4800","1.0200","0.7400","1.0300","0.5400","0.3027","-0.0700","0.9900","0.0700","0.1700","0.3800","0.6600","1.0000","75.6800","92.4000","86.0200","78.4200","86.6300","73.2500","100.0000","75.6800","89.3600","73.5600","76.2900","76.6000","80.5500","86.6300","329","4/1/2025 16:37","14","6","2.3300","0.4500","0.1900","48.0000","92.0000","60.0000","85.0000","75.0000","0.9000","0.1947","0.3800","0.2500","0.6500","85.7100","72.3400","82.0700","74.4700","77.5100","6","2","50.4600","164.0000","-0.3300","0.0600","28.2700","237.0000","-0.5000","2","55.9300","146.0000","-0.2900","41","78.1200","73.0000","0.1700","1.3200","69.3000","102.0000","0.1300","11","82.0700","60.0000","0.7400","0.0600","30.7000","229.0000","-0.6100","0.3500","64.4400","118.0000","0.5000","0.0000","97.8700","8.0000","-0.1400","0","97.8700","8.0000","-0.1400","0.0000","97.8700","8.0000","-0.1300","0","97.8700","8.0000","-0.1500","7","11","0"
"AAD2023.06.02752","354","10021","38","Virginia Polytechnic Institute and State University","Chemistry, Department of","Chemistry","33","40.0000","575","48.0000","31","42.0000","18.5500","60.0000","21204","37.0000","31","41.0000","1.0000","1.0000","19","72.0000","50","68.0000","22880651.0000","76.0000","77","52.0000","25","40.0000","2","105.0000","2","69.0000","19","17","5","17","18","0.0600","-0.1000","163.0000","50.7600","0.0600","-0.3000","178.0000","46.2000","0.9400","0.4700","141.0000","57.4500","17.4200","0.8700","60.0000","82.0700","0.9400","0.4500","149.0000","55.0200","642.5500","1.0300","37.0000","89.0600","36.8800","1.1700","35.0000","89.6700","0.5800","0.3600","141.0000","57.4500","1.5200","0.4100","104.0000","68.6900","693353.0600","0.0800","108.0000","67.4800","457613.0200","0.1300","143.0000","56.8400","2.3300","0.5300","59.0000","82.3700","0.7600","1.0400","69.0000","79.3300","0.4000","52.0000","84.5000","1.2100","0.3100","1.1000","0.7400","1.1100","0.9100","0.3027","0.5000","-0.1200","1.0100","0.1800","0.5700","0.9900","1.1600","88.1500","79.3300","87.8400","78.4200","87.5400","82.0700","100.0000","84.5000","68.3900","89.0600","77.2000","79.6400","85.7100","88.1500","329","4/1/2025 16:37","8","3","2.6700","0.2400","0.0900","94.0000","79.0000","92.0000","129.0000","176.0000","0.0400","0.3484","-0.0300","-0.1900","-0.2700","71.7300","76.2900","72.3400","61.0900","46.8100","6","3","59.2700","135.0000","-0.2000","0.0900","35.8700","212.0000","-0.4000","3","69.3000","102.0000","0.0200","23","69.0000","103.0000","-0.1400","0.7000","54.4100","151.0000","-0.2800","8","72.0400","93.0000","0.2800","0.0900","40.4300","197.0000","-0.3600","0.2400","45.2900","181.0000","-0.0900","0.0000","97.8700","8.0000","-0.1400","0","97.8700","8.0000","-0.1400","0.0000","97.8700","8.0000","-0.1300","0","97.8700","8.0000","-0.1500","7","11","0"
"AAD2023.06.02752","262","10255","38","University of Cincinnati, The","Chemistry, Department of","Chemistry","26","72.0000","289","97.0000","24","75.0000","12.0400","131.0000","5484","111.0000","24","75.0000","1.0000","1.0000","15","90.0000","36","90.0000","17036249.0000","94.0000","29","89.0000","12","100.0000","1","147.0000","1","125.0000","19","17","5","17","18","0.0400","-0.4000","199.0000","39.8200","0.0400","-0.4200","199.0000","39.8200","0.9200","0.3900","157.0000","52.5800","11.1200","0.0900","132.0000","60.1800","0.9200","0.3700","163.0000","50.7600","210.9200","-0.2300","145.0000","56.2300","18.9800","-0.2800","185.0000","44.0700","0.5800","0.3600","139.0000","58.0500","1.3800","0.2700","118.0000","64.4400","655240.3500","0.0300","112.0000","66.2600","473229.1400","0.2000","132.0000","60.1800","1.1200","-0.1300","121.0000","63.5300","0.4600","0.0500","154.0000","53.5000","-0.2000","124.0000","62.6100","0.1000","-0.2800","0.5400","0.3700","0.5400","0.0800","0.3027","-0.1500","-0.4000","-0.1800","-0.0300","0.1800","0.0900","0.5800","69.9100","62.3100","77.5100","72.9500","77.5100","60.4900","100.0000","73.2500","55.6200","66.5700","71.7300","72.9500","70.8200","78.4200","329","4/1/2025 16:37","5","1","5.0000","0.1900","0.0400","168.0000","24.0000","119.0000","146.0000","239.0000","-0.5300","1.4022","-0.2400","-0.3000","-0.7400","49.2400","93.0100","64.1300","55.9300","27.6600","6","8","83.8900","54.0000","0.4200","0.3100","80.5500","65.0000","0.4000","6","87.8400","41.0000","0.9600","13","57.4500","141.0000","-0.3200","0.5000","44.6800","183.0000","-0.4100","6","64.4400","118.0000","-0.0200","0.2300","84.1900","53.0000","0.9800","0.2300","44.3800","184.0000","-0.1600","0.0000","97.8700","8.0000","-0.1400","0","97.8700","8.0000","-0.1400","0.0000","97.8700","8.0000","-0.1300","0","97.8700","8.0000","-0.1500","7","11","0"
"AAD2023.06.02752","219","10327","38","Texas Christian University","Chemistry and Biochemistry, Department of","Chemistry","10","250.0000","111","186.0000","9","229.0000","12.3300","128.0000","1440","207.0000","9","228.0000","1.0000","1.0000","3","231.0000","3","248.0000","1150413.0000","243.0000","6","200.0000","3","216.0000","6","36.0000","2","69.0000","19","17","5","17","18","0.2000","1.8400","15.0000","95.7400","0.6000","2.7000","7.0000","98.1800","0.9000","0.2800","186.0000","43.7700","11.1000","0.0800","133.0000","59.8800","0.9000","0.2600","187.0000","43.4700","144.0000","-0.4200","184.0000","44.3800","12.9700","-0.7600","266.0000","19.4500","0.3000","-0.6500","229.0000","30.7000","0.3000","-0.9100","248.0000","24.9200","115041.3000","-0.7200","235.0000","28.8800","383471.0000","-0.1700","191.0000","42.2500","0.6000","-0.4100","180.0000","45.5900","0.3000","-0.4900","209.0000","36.7800","-0.4000","159.0000","51.9800","-0.6700","0.3100","-0.6600","-0.7500","-0.6600","0.1200","0.3027","-0.4600","0.9900","-0.4800","-0.6100","-0.7200","-0.4700","-0.7700","34.6500","79.3300","31.0000","30.0900","30.7000","61.4000","100.0000","39.5100","89.3600","37.3900","26.4400","24.9200","43.7700","24.3200","329","4/1/2025 16:37","0","0","0.0000","0.0000","0.0000","241.0000","241.0000","241.0000","241.0000","241.0000","-0.8100","-0.8591","-0.5800","-0.7100","-1.0800","27.0500","27.0500","27.0500","27.0500","27.0500","6","5","72.9500","90.0000","0.0500","0.5000","94.5300","19.0000","1.1000","1","43.7700","186.0000","-0.6000","4","35.5600","213.0000","-0.4800","0.4000","38.3000","204.0000","-0.4800","2","41.3400","194.0000","-0.6300","0.1000","46.2000","178.0000","-0.2700","0.2000","41.6400","193.0000","-0.3200","0.0000","97.8700","8.0000","-0.1400","0","97.8700","8.0000","-0.1400","0.0000","97.8700","8.0000","-0.1300","0","97.8700","8.0000","-0.1500","7","11","0"
"AAD2023.06.02752","368","10351","38","Yale University","Chemistry, Department of","Chemistry","24","85.0000","679","36.0000","24","75.0000","28.2900","14.0000","24050","29.0000","24","75.0000","1.0000","1.0000","20","62.0000","65","52.0000","58291738.0000","28.0000","161","21.0000","23","51.0000","3","77.0000","3","45.0000","19","17","5","17","18","0.1300","0.8000","59.0000","82.3700","0.1300","0.0600","97.0000","70.8200","1.0000","0.7700","1.0000","100.0000","28.2900","2.2300","14.0000","96.0500","1.0000","0.7300","1.0000","100.0000","1002.0800","2.0800","15.0000","95.7400","35.4200","1.0500","44.0000","86.9300","0.8300","1.2900","28.0000","91.7900","2.7100","1.7100","25.0000","92.7100","2428822.4200","2.4900","8.0000","97.8700","896795.9700","1.9100","11.0000","96.9600","6.7100","2.9000","11.0000","96.9600","0.9600","1.7100","9.0000","97.5700","1.2000","6.0000","98.4800","1.0400","0.8900","0.5400","0.8400","0.5400","2.1500","0.3027","1.6400","0.1600","1.2300","1.4600","0.9800","1.3200","0.4100","84.8000","86.6300","77.5100","81.4600","77.5100","96.0500","100.0000","93.9200","76.9000","91.4900","91.7900","84.5000","89.3600","74.4700","329","4/1/2025 16:37","18","6","3.0000","0.7500","0.2500","48.0000","61.0000","50.0000","46.0000","43.0000","0.9000","0.4977","0.6600","0.8800","1.1500","85.7100","81.7600","85.1100","86.3200","87.2300","6","4","66.8700","110.0000","-0.0800","0.1700","54.4100","151.0000","-0.1200","4","77.8100","74.0000","0.3400","66","86.3200","46.0000","0.6100","2.7500","90.5800","32.0000","1.0700","12","83.8900","54.0000","0.8900","0.1700","65.9600","113.0000","0.3600","0.5000","90.5800","32.0000","1.2800","0.0000","97.8700","8.0000","-0.1400","0","97.8700","8.0000","-0.1400","0.0000","97.8700","8.0000","-0.1300","0","97.8700","8.0000","-0.1500","7","11","0"
"AAD2023.06.02752","395","10371","38","Texas Southern University","Chemistry, Department of","Chemistry","8","283.0000","8","310.0000","3","306.0000","2.6700","304.0000","70","312.0000","4","294.0000","1.0000","1.0000","2","249.0000","3","248.0000","3818073.0000","192.0000","3","230.0000","1","263.0000","0","207.0000","0","207.0000","19","17","5","17","18","0.0000","-0.9400","207.0000","37.3900","0.0000","-0.6300","207.0000","37.3900","0.3800","-2.2600","313.0000","5.1700","1.0000","-1.1800","314.0000","4.8600","0.5000","-1.6100","297.0000","10.0300","8.7500","-0.8200","316.0000","4.2600","8.7500","-1.1100","299.0000","9.4200","0.2500","-0.8300","241.0000","27.0500","0.3800","-0.8300","240.0000","27.3600","477259.1300","-0.2200","150.0000","54.7100","1272691.0000","3.4300","2.0000","99.7000","0.3800","-0.5300","218.0000","34.0400","0.1300","-1.0800","266.0000","19.4500","-1.2000","288.0000","12.7700","-0.8400","-0.8700","-1.0700","-0.8500","-1.1400","-1.1100","0.3027","-0.5000","-0.6800","-0.5900","-0.5100","-0.7200","-0.8000","-0.9400","20.3600","37.3900","10.9400","24.6200","7.2900","7.9000","100.0000","30.4000","37.3900","5.4700","41.9500","24.9200","6.0800","14.2900","329","4/1/2025 16:37","0","0","0.0000","0.0000","0.0000","241.0000","241.0000","241.0000","241.0000","241.0000","-0.8100","-0.8591","-0.5800","-0.7100","-1.0800","27.0500","27.0500","27.0500","27.0500","27.0500","6","0","24.0100","251.0000","-0.5800","0.0000","24.0100","251.0000","-0.7300","0","24.0100","251.0000","-0.9100","1","23.7100","252.0000","-0.5300","0.1300","24.9200","248.0000","-0.6600","3","48.9400","169.0000","-0.4800","0.0000","24.0100","251.0000","-1.2300","0.3800","70.8200","97.0000","0.6100","0.0000","97.8700","8.0000","-0.1400","0","97.8700","8.0000","-0.1400","0.0000","97.8700","8.0000","-0.1300","0","97.8700","8.0000","-0.1500","7","11","0"
"AAD2023.06.02752","156","10419","38","Ohio State University, The","Chemistry and Biochemistry, Department of","Chemistry","51","9.0000","850","21.0000","51","7.0000","16.6700","74.0000","22078","34.0000","51","7.0000","1.0000","1.0000","45","5.0000","137","8.0000","100641118.0000","10.0000","173","19.0000","44","7.0000","9","15.0000","3","45.0000","19","17","5","17","18","0.0600","-0.1200","164.0000","50.4600","0.1800","0.3500","66.0000","80.2400","1.0000","0.7700","1.0000","100.0000","16.6700","0.7800","66.0000","80.2400","1.0000","0.7300","1.0000","100.0000","432.9000","0.4200","74.0000","77.8100","25.9700","0.2800","101.0000","69.6000","0.8800","1.4700","14.0000","96.0500","2.6900","1.6800","26.0000","92.4000","1973355.2500","1.8600","24.0000","93.0100","734606.7000","1.2500","37.0000","89.0600","3.3900","1.1000","36.0000","89.3600","0.8600","1.3900","37.0000","89.0600","0.7000","30.0000","91.1900","2.8300","0.8900","2.7100","3.1700","2.7100","0.6700","0.3027","1.8000","1.8300","1.0800","3.0000","2.9400","1.8500","2.6800","98.1800","86.6300","98.1800","98.7800","98.1800","77.8100","100.0000","94.5300","95.7400","89.9700","97.2600","97.8700","93.9200","97.5700","329","4/1/2025 16:37","23","11","2.0900","0.4500","0.2200","11.0000","104.0000","35.0000","86.0000","60.0000","2.3200","0.0861","1.0000","0.2500","0.8500","96.9600","68.6900","89.6700","74.1600","82.0700","6","17","96.3500","13.0000","1.5600","0.3300","85.4100","49.0000","0.4900","12","98.1800","7.0000","2.8400","55","83.5900","55.0000","0.4200","1.0800","64.7400","117.0000","-0.0300","22","96.9600","11.0000","2.4100","0.2400","85.7100","48.0000","1.0200","0.4300","79.6400","68.0000","0.9100","0.0000","97.8700","8.0000","-0.1400","0","97.8700","8.0000","-0.1400","0.0000","97.8700","8.0000","-0.1300","0","97.8700","8.0000","-0.1500","7","11","0"
"AAD2023.06.02752","59","10619","38","Drexel University","Chemistry, Department of","Chemistry","12","217.0000","100","194.0000","11","195.0000","9.0900","169.0000","1369","211.0000","11","198.0000","1.0000","1.0000","4","215.0000","10","198.0000","4807846.0000","181.0000","3","230.0000","2","237.0000","1","147.0000","1","125.0000","19","17","5","17","18","0.0800","0.2200","117.0000","64.7400","0.0800","-0.1700","145.0000","56.2300","0.9200","0.3600","165.0000","50.1500","8.3300","-0.2600","168.0000","49.2400","0.9200","0.3400","167.0000","49.5400","114.0800","-0.5100","201.0000","39.2100","13.6900","-0.7100","256.0000","22.4900","0.3300","-0.5200","223.0000","32.5200","0.8300","-0.3300","183.0000","44.6800","400653.8300","-0.3200","167.0000","49.5400","480784.6000","0.2300","127.0000","61.7000","0.2500","-0.6000","242.0000","26.7500","0.1700","-0.9400","251.0000","24.0100","-0.6000","198.0000","40.1200","-0.7500","-0.2800","-0.5000","-0.6600","-0.5000","-0.2900","0.3027","-0.5000","-0.4000","-0.4900","-0.4700","-0.5300","-0.5100","-0.6000","28.2700","62.3100","40.1200","34.9500","41.0300","48.9400","100.0000","30.4000","55.6200","36.1700","45.2900","40.1200","41.3400","34.3500","329","4/1/2025 16:37","3","2","1.5000","0.2500","0.1700","122.0000","147.0000","147.0000","128.0000","98.0000","-0.2400","-0.1807","-0.3700","-0.1800","0.4100","63.2200","55.6200","55.6200","61.4000","70.5200","6","2","50.4600","164.0000","-0.3300","0.1700","54.4100","151.0000","-0.1200","1","43.7700","186.0000","-0.6000","13","57.4500","141.0000","-0.3200","1.0800","65.0500","116.0000","-0.0300","3","48.9400","169.0000","-0.4800","0.0800","36.4700","210.0000","-0.4300","0.2500","47.4200","174.0000","-0.0500","0.0000","97.8700","8.0000","-0.1400","0","97.8700","8.0000","-0.1400","0.0000","97.8700","8.0000","-0.1300","0","97.8700","8.0000","-0.1500","7","11","0"
"AAD2023.06.02752","313","10734","38","University of New Hampshire","Chemistry, Department of","Chemistry","17","150.0000","143","158.0000","16","139.0000","8.9400","173.0000","2099","182.0000","15","153.0000","0.9400","277.0000","6","188.0000","16","152.0000","7189626.0000","154.0000","6","200.0000","4","199.0000","2","105.0000","1","125.0000","19","17","5","17","18","0.0600","-0.1200","164.0000","50.4600","0.1200","0.0200","109.0000","67.1700","0.9400","0.4800","138.0000","58.3600","8.4100","-0.2500","164.0000","50.4600","0.8800","0.1800","203.0000","38.6000","123.4700","-0.4800","196.0000","40.7300","14.6800","-0.6300","242.0000","26.7500","0.3500","-0.4500","221.0000","33.1300","0.9400","-0.2100","168.0000","49.2400","422919.1800","-0.2900","160.0000","51.6700","449351.6300","0.1000","151.0000","54.4100","0.3500","-0.5500","223.0000","32.5200","0.2400","-0.7100","230.0000","30.4000","-0.4000","159.0000","51.9800","-0.5800","-0.2800","-0.1800","-0.4700","-0.1000","-0.3100","-0.1496","-0.4600","-0.1200","-0.4300","-0.3900","-0.3600","-0.3700","-0.1800","39.8200","62.3100","53.8000","43.1600","58.0500","47.7200","16.1100","39.5100","68.3900","44.9800","53.5000","54.1000","52.2800","54.7100","329","4/1/2025 16:37","3","1","3.0000","0.1800","0.0600","168.0000","61.0000","147.0000","154.0000","212.0000","-0.5300","0.4977","-0.3700","-0.3300","-0.5600","49.2400","81.7600","55.6200","53.5000","35.8700","6","4","66.8700","110.0000","-0.0800","0.2400","67.4800","108.0000","0.1300","3","69.3000","102.0000","0.0200","22","68.3900","105.0000","-0.1600","1.2900","68.3900","105.0000","0.1100","7","68.0900","106.0000","0.1300","0.1800","68.6900","104.0000","0.4600","0.4100","75.3800","82.0000","0.8100","0.0000","97.8700","8.0000","-0.1400","0","97.8700","8.0000","-0.1400","0.0000","97.8700","8.0000","-0.1300","0","97.8700","8.0000","-0.1500","7","11","0"
"AAD2023.06.02752","64","11182","38","East Texas A&M University","Chemistry, Department of","Chemistry","8","283.0000","69","218.0000","7","263.0000","9.8600","156.0000","1483","206.0000","7","263.0000","1.0000","1.0000","3","231.0000","5","231.0000","1278930.0000","238.0000","3","230.0000","2","237.0000","1","147.0000","1","125.0000","19","17","5","17","18","0.1300","0.8000","59.0000","82.3700","0.1300","0.0600","97.0000","70.8200","0.8800","0.1600","204.0000","38.3000","8.6300","-0.2300","162.0000","51.0600","0.8800","0.1500","206.0000","37.6900","185.3800","-0.3000","157.0000","52.5800","21.4900","-0.0800","145.0000","56.2300","0.3800","-0.3700","216.0000","34.6500","0.6300","-0.5500","213.0000","35.5600","159866.2500","-0.6600","222.0000","32.8300","255786.0000","-0.6900","255.0000","22.8000","0.3800","-0.5300","218.0000","34.0400","0.2500","-0.6600","223.0000","32.5200","-0.6000","198.0000","40.1200","-0.7500","-0.2800","-0.8200","-0.7500","-0.8200","-0.2000","0.3027","-0.5000","-0.4000","-0.4800","-0.6000","-0.6600","-0.6000","-0.9400","28.2700","62.3100","20.3600","30.0900","20.3600","52.8900","100.0000","30.4000","55.6200","37.6900","27.9600","30.0900","34.0400","14.2900","329","4/1/2025 16:37","1","1","1.0000","0.1300","0.1300","168.0000","169.0000","197.0000","178.0000","138.0000","-0.5300","-0.4068","-0.5100","-0.4400","0.0400","49.2400","48.9400","40.4300","46.2000","58.3600","6","2","50.4600","164.0000","-0.3300","0.2500","70.2100","99.0000","0.1900","2","55.9300","146.0000","-0.2900","0","17.3300","273.0000","-0.5500","0.0000","17.3300","273.0000","-0.7400","0","17.3300","273.0000","-0.9300","0.2500","88.4500","39.0000","1.1600","0.0000","17.3300","273.0000","-1.3900","0.0000","97.8700","8.0000","-0.1400","0","97.8700","8.0000","-0.1400","0.0000","97.8700","8.0000","-0.1300","0","97.8700","8.0000","-0.1500","7","11","0"
"AAD2023.06.02752","218","11544","38","Texas A&M Kingsville","Chemistry, Department of","Chemistry","9","270.0000","41","250.0000","6","275.0000","6.8300","216.0000","726","245.0000","6","275.0000","1.0000","1.0000","2","249.0000","2","260.0000","1130425.0000","245.0000","13","148.0000","3","216.0000","6","36.0000","2","69.0000","19","17","5","17","18","0.2200","2.1500","9.0000","97.5700","0.6700","3.0700","5.0000","98.7800","0.6700","-0.8500","275.0000","16.7200","4.5600","-0.7300","235.0000","28.8800","0.6700","-0.8300","274.0000","17.0200","80.6700","-0.6100","232.0000","29.7900","17.7100","-0.3800","206.0000","37.6900","0.2200","-0.9300","251.0000","24.0100","0.2200","-0.9900","265.0000","19.7600","125602.7800","-0.7100","234.0000","29.1800","565212.5000","0.5700","81.0000","75.6800","1.4400","0.0400","90.0000","72.9500","0.3300","-0.3800","197.0000","40.4300","-0.6000","198.0000","40.1200","-0.6700","0.3100","-0.9000","-0.8500","-0.9000","-0.5800","0.3027","-0.3600","0.9900","-0.5400","-0.6100","-0.7500","-0.6900","-0.8500","34.6500","79.3300","16.7200","24.6200","16.7200","34.6500","100.0000","55.3200","89.3600","25.8400","25.8400","21.2800","24.3200","18.2400","329","4/1/2025 16:37","4","2","2.0000","0.4400","0.2200","122.0000","105.0000","134.0000","88.0000","56.0000","-0.2400","0.0454","-0.3100","0.2300","0.9000","63.2200","68.3900","59.5700","73.5600","83.2800","6","3","59.2700","135.0000","-0.2000","0.3300","85.4100","49.0000","0.4900","3","69.3000","102.0000","0.0200","0","17.3300","273.0000","-0.5500","0.0000","17.3300","273.0000","-0.7400","0","17.3300","273.0000","-0.9300","0.3300","96.6600","12.0000","1.9600","0.0000","17.3300","273.0000","-1.3900","0.0000","97.8700","8.0000","-0.1400","0","97.8700","8.0000","-0.1400","0.0000","97.8700","8.0000","-0.1300","0","97.8700","8.0000","-0.1500","7","11","0"
"AAD2023.06.02752","184","12156","38","Scripps Research Institute (California), The","Chemistry, Department of","Chemistry","25","78.0000","607","43.0000","25","72.0000","24.2800","18.0000","27976","23.0000","25","71.0000","1.0000","1.0000","21","55.0000","65","52.0000","92887551.0000","13.0000","204","14.0000","20","67.0000","10","14.0000","6","5.0000","19","17","5","17","18","0.2400","2.3900","7.0000","98.1800","0.4000","1.5900","15.0000","95.7400","1.0000","0.7700","1.0000","100.0000","24.2800","1.7300","18.0000","94.8300","1.0000","0.7300","1.0000","100.0000","1119.0400","2.4200","10.0000","97.2600","46.0900","1.9100","17.0000","95.1400","0.8400","1.3100","26.0000","92.4000","2.6000","1.5900","29.0000","91.4900","3715502.0400","4.2700","3.0000","99.3900","1429039.2500","4.0700","1.0000","100.0000","8.1600","3.6800","7.0000","98.1800","0.8000","1.1800","55.0000","83.5900","1.2000","6.0000","98.4800","0.7800","2.6500","0.6200","0.9300","0.6200","1.6400","0.3027","2.2200","2.1100","1.5200","2.7200","0.9800","1.0900","0.4900","79.9400","98.7800","78.7200","83.5900","78.4200","94.8300","100.0000","96.0500","96.0500","93.3100","96.3500","84.5000","87.2300","76.6000","329","4/1/2025 16:37","2","3","0.6700","0.0800","0.1200","94.0000","236.0000","164.0000","215.0000","147.0000","0.0400","-0.5561","-0.4400","-0.5400","-0.0100","71.7300","28.5700","50.4600","34.9500","55.6200","6","6","76.2900","79.0000","0.1700","0.2400","67.7800","107.0000","0.1500","5","82.0700","60.0000","0.6500","251","97.8700","8.0000","3.8600","10.0400","99.7000","2.0000","5.8600","19","95.4400","16.0000","1.9600","0.2000","76.9000","77.0000","0.6800","0.7600","100.0000","1.0000","2.6600","0.0000","97.8700","8.0000","-0.1400","0","97.8700","8.0000","-0.1400","0.0000","97.8700","8.0000","-0.1300","0","97.8700","8.0000","-0.1500","7","11","0"
"AAD2023.06.02752","317","12960","38","University of North Carolina Charlotte","Chemistry, Department of","Chemistry","14","189.0000","113","184.0000","13","178.0000","8.6900","177.0000","3101","154.0000","13","178.0000","1.0000","1.0000","8","156.0000","22","125.0000","8948960.0000","132.0000","13","148.0000","9","127.0000","3","77.0000","1","125.0000","19","17","5","17","18","0.0700","0.0500","141.0000","57.4500","0.2100","0.5600","51.0000","84.8000","0.9300","0.4200","151.0000","54.4100","8.0700","-0.2900","175.0000","47.1100","0.9300","0.4000","160.0000","51.6700","221.5000","-0.2000","139.0000","58.0500","27.4400","0.4000","88.0000","73.5600","0.5700","0.3400","142.0000","57.1400","1.5700","0.4700","98.0000","70.5200","639211.4300","0.0100","116.0000","65.0500","406770.9100","-0.0700","173.0000","47.7200","0.9300","-0.2300","138.0000","58.3600","0.6400","0.6600","100.0000","69.9100","-0.2000","124.0000","62.6100","-0.1600","-0.2800","-0.3400","-0.2900","-0.3400","-0.3400","0.3027","-0.3600","0.1600","-0.3600","-0.3200","-0.2000","-0.4600","-0.4300","61.7000","62.3100","46.2000","52.8900","46.2000","46.5000","100.0000","55.3200","76.9000","53.5000","60.1800","62.3100","44.3800","42.8600","329","4/1/2025 16:37","2","2","1.0000","0.1400","0.1400","122.0000","169.0000","164.0000","170.0000","120.0000","-0.2400","-0.4068","-0.4400","-0.4100","0.1900","63.2200","48.9400","50.4600","48.6300","63.8300","6","41","99.7000","2.0000","4.5700","2.9300","100.0000","1.0000","10.0200","3","69.3000","102.0000","0.0200","16","60.4900","131.0000","-0.2700","1.1400","65.9600","113.0000","0.0100","5","59.2700","135.0000","-0.1700","0.2100","79.6400","68.0000","0.8200","0.3600","65.6500","114.0000","0.5200","0.0000","97.8700","8.0000","-0.1400","0","97.8700","8.0000","-0.1400","0.0000","97.8700","8.0000","-0.1300","0","97.8700","8.0000","-0.1500","7","11","0"
"AAD2023.06.02752","17","13192","38","Ball State University","Chemistry, Department of","Chemistry","14","189.0000","79","209.0000","13","178.0000","6.0800","232.0000","1294","215.0000","12","189.0000","0.8600","301.0000","7","172.0000","12","180.0000","2885501.0000","207.0000","0","294.0000","0","294.0000","0","207.0000","0","207.0000","19","17","5","17","18","0.0000","-0.9400","207.0000","37.3900","0.0000","-0.6300","207.0000","37.3900","0.9300","0.4200","151.0000","54.4100","5.6400","-0.6000","217.0000","34.3500","0.8600","0.0600","215.0000","34.9500","92.4300","-0.5700","225.0000","31.9100","16.3800","-0.4900","218.0000","34.0400","0.5000","0.0800","168.0000","49.2400","0.8600","-0.3000","179.0000","45.9000","206107.2100","-0.5900","212.0000","35.8700","240458.4200","-0.7500","261.0000","20.9700","0.0000","-0.7400","294.0000","10.9400","0.0000","-1.5000","294.0000","10.9400","-0.8000","221.0000","33.1300","-0.9200","-0.8700","-0.4200","-0.3800","-0.3400","-0.6800","-0.7312","-0.5400","-0.6800","-0.5000","-0.5400","-0.4700","-0.5700","-0.4300","10.9400","37.3900","42.8600","48.0200","46.2000","29.7900","8.8100","10.9400","37.3900","34.9500","37.3900","45.5900","36.7800","42.8600","329","4/1/2025 16:37","0","0","0.0000","0.0000","0.0000","241.0000","241.0000","241.0000","241.0000","241.0000","-0.8100","-0.8591","-0.5800","-0.7100","-1.0800","27.0500","27.0500","27.0500","27.0500","27.0500","6","10","88.4500","39.0000","0.6800","0.7100","98.1800","7.0000","1.8900","3","69.3000","102.0000","0.0200","7","45.2900","181.0000","-0.4300","0.5000","44.6800","183.0000","-0.4100","3","48.9400","169.0000","-0.4800","0.2100","79.6400","68.0000","0.8200","0.2100","42.2500","191.0000","-0.2400","0.0000","97.8700","8.0000","-0.1400","0","97.8700","8.0000","-0.1400","0.0000","97.8700","8.0000","-0.1300","0","97.8700","8.0000","-0.1500","7","11","0"
"AAD2023.06.02752","74","13417","38","Fordham University","Chemistry, Department of","Chemistry","13","201.0000","85","203.0000","10","208.0000","8.5000","181.0000","1368","212.0000","10","211.0000","1.0000","1.0000","3","231.0000","6","222.0000","2079130.0000","222.0000","5","212.0000","2","237.0000","2","105.0000","2","69.0000","19","17","5","17","18","0.1500","1.2000","36.0000","89.3600","0.1500","0.2200","79.0000","76.2900","0.7700","-0.3500","256.0000","22.4900","6.5400","-0.4900","205.0000","37.9900","0.7700","-0.3500","258.0000","21.8800","105.2300","-0.5400","208.0000","37.0800","16.0900","-0.5100","224.0000","32.2200","0.2300","-0.9000","249.0000","24.6200","0.4600","-0.7300","230.0000","30.4000","159933.0800","-0.6600","221.0000","33.1300","346521.6700","-0.3200","215.0000","34.9500","0.3800","-0.5300","216.0000","34.6500","0.1500","-0.9800","255.0000","22.8000","-0.8000","221.0000","33.1300","-0.7500","0.3100","-0.5800","-0.7500","-0.5800","-0.3700","0.3027","-0.4700","-0.1200","-0.4900","-0.5700","-0.6400","-0.5500","-0.5200","28.2700","79.3300","36.1700","30.0900","37.0800","45.2900","100.0000","35.8700","68.3900","35.8700","32.8300","32.8300","38.6000","39.2100","329","4/1/2025 16:37","0","0","0.0000","0.0000","0.0000","241.0000","241.0000","241.0000","241.0000","241.0000","-0.8100","-0.8591","-0.5800","-0.7100","-1.0800","27.0500","27.0500","27.0500","27.0500","27.0500","6","0","24.0100","251.0000","-0.5800","0.0000","24.0100","251.0000","-0.7300","0","24.0100","251.0000","-0.9100","5","39.8200","199.0000","-0.4600","0.3800","37.9900","205.0000","-0.4900","1","28.8800","235.0000","-0.7800","0.0000","24.0100","251.0000","-1.2300","0.0800","22.4900","256.0000","-0.9800","0.0000","97.8700","8.0000","-0.1400","0","97.8700","8.0000","-0.1400","0.0000","97.8700","8.0000","-0.1300","0","97.8700","8.0000","-0.1500","7","11","0"
"AAD2023.06.02752","74","13430","38","Fordham University","Natural Science, Department of","Chemistry","9","270.0000","7","312.0000","4","295.0000","1.7500","317.0000","129","301.0000","4","294.0000","0.8000","308.0000","0","299.0000","0","299.0000","0.0000","299.0000","3","230.0000","1","263.0000","0","207.0000","0","207.0000","19","17","5","17","18","0.0000","-0.9400","207.0000","37.3900","0.0000","-0.6300","207.0000","37.3900","0.4400","-1.9200","305.0000","7.6000","0.7800","-1.2100","319.0000","3.3400","0.4400","-1.8700","304.0000","7.9000","14.3300","-0.8000","306.0000","7.2900","18.4300","-0.3200","197.0000","40.4300","0.0000","-1.7300","299.0000","9.4200","0.0000","-1.2300","299.0000","9.4200","0.0000","-0.8800","299.0000","9.4200","0.0000","-1.7200","299.0000","9.4200","0.3300","-0.5600","224.0000","32.2200","0.1100","-1.1200","272.0000","17.6300","-1.3000","306.0000","7.2900","-0.8400","-0.8700","-1.0700","-1.0300","-1.0600","-1.2300","-1.1447","-0.5000","-0.6800","-0.5800","-0.6500","-0.8000","-0.8000","-0.8500","20.3600","37.3900","10.9400","9.4200","10.6400","3.9500","6.6900","30.4000","37.3900","8.8100","9.4200","9.4200","5.4700","18.2400","329","4/1/2025 16:37","0","0","0.0000","0.0000","0.0000","241.0000","241.0000","241.0000","241.0000","241.0000","-0.8100","-0.8591","-0.5800","-0.7100","-1.0800","27.0500","27.0500","27.0500","27.0500","27.0500","6","0","24.0100","251.0000","-0.5800","0.0000","24.0100","251.0000","-0.7300","0","24.0100","251.0000","-0.9100","0","17.3300","273.0000","-0.5500","0.0000","17.3300","273.0000","-0.7400","0","17.3300","273.0000","-0.9300","0.0000","24.0100","251.0000","-1.2300","0.0000","17.3300","273.0000","-1.3900","0.0000","97.8700","8.0000","-0.1400","0","97.8700","8.0000","-0.1400","0.0000","97.8700","8.0000","-0.1300","0","97.8700","8.0000","-0.1500","7","11","0"
"AAD2023.06.02752","318","14286","38","University of North Carolina at Greensboro, The","Chemistry and Biochemistry, Department of","Chemistry","14","189.0000","180","133.0000","12","187.0000","15.0000","96.0000","4523","125.0000","12","189.0000","1.0000","1.0000","8","156.0000","14","165.0000","7219504.0000","152.0000","16","135.0000","8","142.0000","0","207.0000","0","207.0000","19","17","5","17","18","0.0000","-0.9400","207.0000","37.3900","0.0000","-0.6300","207.0000","37.3900","0.8600","0.0700","211.0000","36.1700","12.8600","0.3000","108.0000","67.4800","0.8600","0.0600","215.0000","34.9500","323.0700","0.1000","101.0000","69.6000","25.1300","0.2200","110.0000","66.8700","0.5700","0.3400","142.0000","57.1400","1.0000","-0.1500","155.0000","53.1900","515678.8600","-0.1600","137.0000","58.6600","515678.8600","0.3700","114.0000","65.6500","1.1400","-0.1200","115.0000","65.3500","0.5700","0.4200","114.0000","65.6500","-0.2000","124.0000","62.6100","-0.2400","-0.8700","-0.4200","-0.2900","-0.4200","0.4600","0.3027","-0.3200","-0.6800","-0.2500","-0.3900","-0.4200","-0.2500","-0.4300","57.1400","37.3900","42.8600","52.8900","43.4700","71.1200","100.0000","59.2700","37.3900","62.3100","54.1000","50.1500","59.8800","42.8600","329","4/1/2025 16:37","4","3","1.3300","0.2900","0.2100","94.0000","160.0000","134.0000","121.0000","61.0000","0.0400","-0.2576","-0.3100","-0.1000","0.8300","71.7300","51.6700","59.5700","63.5300","81.7600","6","4","66.8700","110.0000","-0.0800","0.2900","76.6000","78.0000","0.3200","4","77.8100","74.0000","0.3400","5","39.8200","199.0000","-0.4600","0.3600","36.7800","209.0000","-0.5100","4","53.1900","155.0000","-0.3300","0.2900","93.0100","24.0000","1.5000","0.2900","54.7100","150.0000","0.1400","0.0000","97.8700","8.0000","-0.1400","0","97.8700","8.0000","-0.1400","0.0000","97.8700","8.0000","-0.1300","0","97.8700","8.0000","-0.1500","7","11","0"
"AAD2023.06.02752","537408","14898","38","Rutgers - Camden","Chemistry, Department of","Chemistry","7","297.0000","32","264.0000","6","275.0000","5.3300","248.0000","799","239.0000","6","275.0000","1.0000","1.0000","1","273.0000","2","260.0000","702398.0000","263.0000","5","212.0000","2","237.0000","0","207.0000","0","207.0000","19","17","5","17","18","0.0000","-0.9400","207.0000","37.3900","0.0000","-0.6300","207.0000","37.3900","0.8600","0.0700","211.0000","36.1700","4.5700","-0.7300","234.0000","29.1800","0.8600","0.0600","215.0000","34.9500","114.1400","-0.5100","200.0000","39.5100","24.9700","0.2000","112.0000","66.2600","0.1400","-1.2200","276.0000","16.4100","0.2900","-0.9200","252.0000","23.7100","100342.5700","-0.7400","247.0000","25.2300","351199.0000","-0.3000","212.0000","35.8700","0.7100","-0.3500","165.0000","50.1500","0.2900","-0.5400","215.0000","34.9500","-0.6000","198.0000","40.1200","-0.7500","-0.8700","-0.9000","-0.9400","-0.9000","-0.7700","0.3027","-0.4700","-0.6800","-0.5300","-0.6200","-0.7500","-0.7200","-1.0200","28.2700","37.3900","16.7200","17.3300","16.7200","24.9200","100.0000","35.8700","37.3900","27.6600","20.3600","21.2800","20.0600","10.0300","329","4/1/2025 16:37","1","1","1.0000","0.1400","0.1400","168.0000","169.0000","197.0000","170.0000","120.0000","-0.5300","-0.4068","-0.5100","-0.4100","0.1900","49.2400","48.9400","40.4300","48.6300","63.8300","6","0","24.0100","251.0000","-0.5800","0.0000","24.0100","251.0000","-0.7300","0","24.0100","251.0000","-0.9100","3","33.7400","219.0000","-0.5000","0.4300","40.1200","198.0000","-0.4600","2","41.3400","194.0000","-0.6300","0.0000","24.0100","251.0000","-1.2300","0.2900","54.7100","150.0000","0.1400","0.0000","97.8700","8.0000","-0.1400","0","97.8700","8.0000","-0.1400","0.0000","97.8700","8.0000","-0.1300","0","97.8700","8.0000","-0.1500","7","11","0"
"AAD2023.06.02752","279","15355","38","University of Illinois Chicago","Pharmaceutical Sciences, Department of","Chemistry","43","15.0000","488","62.0000","43","14.0000","11.3500","136.0000","12245","71.0000","43","15.0000","1.0000","1.0000","22","49.0000","46","75.0000","42305595.0000","50.0000","39","79.0000","21","62.0000","3","77.0000","3","45.0000","19","17","5","17","18","0.0700","0.0300","147.0000","55.6200","0.0700","-0.2500","166.0000","49.8500","1.0000","0.7700","1.0000","100.0000","11.3500","0.1100","128.0000","61.4000","1.0000","0.7300","1.0000","100.0000","284.7700","-0.0100","110.0000","66.8700","25.0900","0.2100","111.0000","66.5700","0.5100","0.1200","167.0000","49.5400","1.0700","-0.0700","151.0000","54.4100","983851.0500","0.4800","78.0000","76.6000","919686.8500","2.0000","10.0000","97.2600","0.9100","-0.2500","141.0000","57.4500","0.4900","0.1400","148.0000","55.3200","0.1000","87.0000","73.8600","0.8700","0.8900","2.0600","1.0200","2.0700","-0.0100","0.3027","-0.0100","0.1600","0.3300","0.8800","0.4600","0.7100","2.0000","81.4600","86.6300","95.7400","85.4100","96.0500","58.9700","100.0000","76.2900","76.9000","78.7200","85.1100","77.5100","81.4600","95.7400","329","4/1/2025 16:37","4","5","0.8000","0.0900","0.1200","61.0000","235.0000","134.0000","203.0000","152.0000","0.6100","-0.4973","-0.3100","-0.5100","-0.0400","81.7600","28.8800","59.5700","38.6000","54.1000","6","9","86.0200","47.0000","0.5500","0.2100","63.5300","121.0000","0.0400","10","96.0500","14.0000","2.2100","40","77.5100","75.0000","0.1500","0.9300","61.0900","129.0000","-0.1300","16","91.4900","29.0000","1.5000","0.2300","84.5000","52.0000","1.0000","0.3700","69.3000","102.0000","0.6000","0.0000","97.8700","8.0000","-0.1400","0","97.8700","8.0000","-0.1400","0.0000","97.8700","8.0000","-0.1300","0","97.8700","8.0000","-0.1500","7","11","0"
"AAD2023.06.02752","407","16322","38","East Carolina University","Chemistry, Department of","Chemistry","18","134.0000","76","212.0000","17","130.0000","4.4700","272.0000","1530","204.0000","16","140.0000","0.9400","273.0000","7","172.0000","13","173.0000","5882971.0000","167.0000","9","172.0000","7","155.0000","0","207.0000","0","207.0000","19","17","5","17","18","0.0000","-0.9400","207.0000","37.3900","0.0000","-0.6300","207.0000","37.3900","0.9400","0.5000","132.0000","60.1800","4.2200","-0.7800","244.0000","26.1400","0.8900","0.2100","198.0000","40.1200","85.0000","-0.5900","231.0000","30.0900","20.1300","-0.1900","165.0000","50.1500","0.3900","-0.3200","212.0000","35.8700","0.7200","-0.4500","200.0000","39.5100","326831.7200","-0.4300","182.0000","44.9800","452536.2300","0.1100","148.0000","55.3200","0.5000","-0.4700","192.0000","41.9500","0.3900","-0.1900","183.0000","44.6800","-0.7000","212.0000","35.8700","-0.3300","-0.8700","-0.1000","-0.3800","-0.0200","-0.8800","-0.1230","-0.4200","-0.6800","-0.4800","-0.4400","-0.4400","-0.5800","-0.1000","53.1900","37.3900","57.7500","48.0200","60.7900","17.6300","17.3300","48.0200","37.3900","38.3000","49.5400","47.7200","35.8700","59.5700","329","4/1/2025 16:37","1","1","1.0000","0.0600","0.0600","168.0000","169.0000","197.0000","225.0000","216.0000","-0.5300","-0.4068","-0.5100","-0.5900","-0.5900","49.2400","48.9400","40.4300","31.9100","34.6500","6","3","59.2700","135.0000","-0.2000","0.1700","54.4100","151.0000","-0.1200","3","69.3000","102.0000","0.0200","9","51.0600","162.0000","-0.3900","0.5000","44.6800","183.0000","-0.4100","5","59.2700","135.0000","-0.1700","0.1700","65.9600","113.0000","0.3600","0.2800","52.5800","157.0000","0.0900","0.0000","97.8700","8.0000","-0.1400","0","97.8700","8.0000","-0.1400","0.0000","97.8700","8.0000","-0.1300","0","97.8700","8.0000","-0.1500","7","11","0"
"AAD2023.06.02752","269","17051","38","University of Dayton","Chemistry, Department of","Chemistry","11","232.0000","32","264.0000","9","229.0000","3.5600","285.0000","285","284.0000","10","211.0000","1.0000","1.0000","2","249.0000","3","248.0000","421821.0000","279.0000","18","125.0000","4","199.0000","0","207.0000","0","207.0000","19","17","5","17","18","0.0000","-0.9400","207.0000","37.3900","0.0000","-0.6300","207.0000","37.3900","0.8200","-0.1100","235.0000","28.8800","2.9100","-0.9400","268.0000","18.8500","0.9100","0.3100","177.0000","46.5000","25.9100","-0.7700","287.0000","13.0700","8.9100","-1.0900","297.0000","10.0300","0.1800","-1.0700","263.0000","20.3600","0.2700","-0.9400","256.0000","22.4900","38347.3600","-0.8300","282.0000","14.5900","140607.0000","-1.1500","285.0000","13.6800","1.6400","0.1500","83.0000","75.0800","0.3600","-0.2800","191.0000","42.2500","-1.0000","253.0000","23.4000","-0.5800","-0.8700","-0.5800","-0.8500","-0.6600","-1.0000","0.3027","-0.3000","-0.6800","-0.5700","-0.6300","-0.7200","-0.7200","-0.6900","39.8200","37.3900","36.1700","24.6200","30.7000","13.6800","100.0000","62.3100","37.3900","13.9800","15.5000","24.9200","20.0600","29.7900","329","4/1/2025 16:37","0","0","0.0000","0.0000","0.0000","241.0000","241.0000","241.0000","241.0000","241.0000","-0.8100","-0.8591","-0.5800","-0.7100","-1.0800","27.0500","27.0500","27.0500","27.0500","27.0500","6","0","24.0100","251.0000","-0.5800","0.0000","24.0100","251.0000","-0.7300","0","24.0100","251.0000","-0.9100","7","45.2900","181.0000","-0.4300","0.6400","50.1500","165.0000","-0.3200","2","41.3400","194.0000","-0.6300","0.0000","24.0100","251.0000","-1.2300","0.1800","39.5100","200.0000","-0.4200","0.0000","97.8700","8.0000","-0.1400","0","97.8700","8.0000","-0.1400","0.0000","97.8700","8.0000","-0.1300","0","97.8700","8.0000","-0.1500","7","11","0"
"AAD2023.06.02752","178","17675","38","Saint Louis University","Chemistry, Department of","Chemistry","18","134.0000","168","143.0000","18","119.0000","9.3300","167.0000","2702","169.0000","18","120.0000","1.0000","1.0000","10","130.0000","20","134.0000","8994818.0000","131.0000","22","104.0000","12","100.0000","0","207.0000","0","207.0000","19","17","5","17","18","0.0000","-0.9400","207.0000","37.3900","0.0000","-0.6300","207.0000","37.3900","1.0000","0.7700","1.0000","100.0000","9.3300","-0.1400","154.0000","53.5000","1.0000","0.7300","1.0000","100.0000","150.1100","-0.4000","178.0000","46.2000","16.0800","-0.5100","225.0000","31.9100","0.5600","0.2800","151.0000","54.4100","1.1100","-0.0300","145.0000","56.2300","499712.1100","-0.1900","142.0000","57.1400","449740.9000","0.1000","150.0000","54.7100","1.2200","-0.0800","108.0000","67.4800","0.6700","0.7400","91.0000","72.6400","-0.2000","124.0000","62.6100","0.1000","-0.8700","0.0600","-0.1000","0.0600","-0.2600","0.3027","-0.2400","-0.6800","-0.3900","-0.3200","-0.2500","-0.2900","-0.1000","69.9100","37.3900","63.8300","60.7900","64.1300","49.5400","100.0000","68.6900","37.3900","48.9400","60.4900","59.5700","56.8400","59.5700","329","4/1/2025 16:37","14","3","4.6700","0.7800","0.1700","94.0000","33.0000","60.0000","42.0000","98.0000","0.0400","1.2529","0.3800","0.9400","0.4100","71.7300","90.2700","82.0700","87.5400","70.5200","6","3","59.2700","135.0000","-0.2000","0.1700","54.4100","151.0000","-0.1200","3","69.3000","102.0000","0.0200","26","71.1200","96.0000","-0.0900","1.4400","72.6400","91.0000","0.2100","9","74.4700","85.0000","0.4300","0.1700","65.9600","113.0000","0.3600","0.5000","90.5800","32.0000","1.2800","0.0000","97.8700","8.0000","-0.1400","0","97.8700","8.0000","-0.1400","0.0000","97.8700","8.0000","-0.1300","0","97.8700","8.0000","-0.1500","7","11","0"
"AAD2023.06.02752","97","18871","38","Indiana University - Indianapolis","Chemistry and Chemical Biology, Department of","Chemistry","15","175.0000","124","177.0000","14","165.0000","8.8600","174.0000","2306","181.0000","15","153.0000","1.0000","1.0000","8","156.0000","16","152.0000","5393258.0000","172.0000","13","148.0000","6","168.0000","0","207.0000","0","207.0000","19","17","5","17","18","0.0000","-0.9400","207.0000","37.3900","0.0000","-0.6300","207.0000","37.3900","0.9300","0.4400","146.0000","55.9300","8.2700","-0.2700","171.0000","48.3300","1.0000","0.7300","1.0000","100.0000","153.7300","-0.3900","174.0000","47.4200","18.6000","-0.3100","193.0000","41.6400","0.5300","0.2000","160.0000","51.6700","1.0700","-0.0800","152.0000","54.1000","359550.5300","-0.3800","177.0000","46.5000","337078.6300","-0.3600","218.0000","34.0400","0.8700","-0.2700","144.0000","56.5400","0.4000","-0.1600","176.0000","46.8100","-0.2000","124.0000","62.6100","-0.4100","-0.8700","-0.1800","-0.2900","-0.2600","-0.3200","0.3027","-0.3600","-0.6800","-0.4200","-0.4500","-0.3600","-0.4300","-0.3500","49.2400","37.3900","53.8000","52.8900","50.1500","47.4200","100.0000","55.3200","37.3900","45.2900","48.0200","54.1000","46.5000","47.1100","329","4/1/2025 16:37","8","5","1.6000","0.5300","0.3300","61.0000","144.0000","92.0000","70.0000","14.0000","0.6100","-0.1355","-0.0300","0.4200","1.9000","81.7600","56.5400","72.3400","79.0300","96.0500","6","4","66.8700","110.0000","-0.0800","0.2700","73.5600","88.0000","0.2500","3","69.3000","102.0000","0.0200","20","64.7400","117.0000","-0.2000","1.3300","69.9100","100.0000","0.1300","6","64.4400","118.0000","-0.0200","0.2000","76.9000","77.0000","0.6800","0.4000","74.1600","86.0000","0.7400","0.0000","97.8700","8.0000","-0.1400","0","97.8700","8.0000","-0.1400","0.0000","97.8700","8.0000","-0.1300","0","97.8700","8.0000","-0.1500","7","11","0"
"AAD2023.06.02752","266","19030","38","University of Colorado Denver","Chemistry, Department of","Chemistry","16","161.0000","118","179.0000","13","178.0000","9.0800","170.0000","2609","172.0000","14","169.0000","1.0000","1.0000","10","130.0000","15","161.0000","8296050.0000","141.0000","15","140.0000","8","142.0000","1","147.0000","1","125.0000","19","17","5","17","18","0.0600","-0.0700","155.0000","53.1900","0.0600","-0.2900","173.0000","47.7200","0.8100","-0.1400","242.0000","26.7500","7.3800","-0.3800","184.0000","44.3800","0.8800","0.1500","206.0000","37.6900","163.0600","-0.3700","168.0000","49.2400","22.1100","-0.0300","136.0000","58.9700","0.6300","0.5300","113.0000","65.9600","0.9400","-0.2200","169.0000","48.9400","518503.1300","-0.1600","135.0000","59.2700","553070.0000","0.5200","88.0000","73.5600","0.9400","-0.2300","136.0000","58.9700","0.5000","0.1800","134.0000","59.5700","-0.3000","145.0000","56.2300","-0.2400","-0.2800","-0.2600","-0.1000","-0.3400","-0.2900","0.3027","-0.3400","-0.4000","-0.4000","-0.3500","-0.3900","-0.4500","-0.2700","57.1400","62.3100","48.9400","60.7900","46.2000","48.6300","100.0000","57.7500","55.6200","48.0200","57.4500","51.3700","45.9000","51.3700","329","4/1/2025 16:37","0","0","0.0000","0.0000","0.0000","241.0000","241.0000","241.0000","241.0000","241.0000","-0.8100","-0.8591","-0.5800","-0.7100","-1.0800","27.0500","27.0500","27.0500","27.0500","27.0500","6","2","50.4600","164.0000","-0.3300","0.1300","45.5900","180.0000","-0.2700","2","55.9300","146.0000","-0.2900","2","29.1800","234.0000","-0.5100","0.1300","24.9200","248.0000","-0.6600","1","28.8800","235.0000","-0.7800","0.1300","51.9800","159.0000","-0.0300","0.0600","20.0600","264.0000","-1.0500","0.0000","97.8700","8.0000","-0.1400","0","97.8700","8.0000","-0.1400","0.0000","97.8700","8.0000","-0.1300","0","97.8700","8.0000","-0.1500","7","11","0"
"AAD2023.06.02752","46","19337","38","College of William & Mary, The","Chemistry, Department of","Chemistry","16","161.0000","82","207.0000","16","139.0000","5.1300","255.0000","690","247.0000","16","140.0000","1.0000","1.0000","7","172.0000","12","180.0000","3137350.0000","202.0000","27","92.0000","13","94.0000","0","207.0000","0","207.0000","19","17","5","17","18","0.0000","-0.9400","207.0000","37.3900","0.0000","-0.6300","207.0000","37.3900","1.0000","0.7700","1.0000","100.0000","5.1300","-0.6600","226.0000","31.6100","1.0000","0.7300","1.0000","100.0000","43.1300","-0.7200","266.0000","19.4500","8.4100","-1.1300","304.0000","7.9000","0.4400","-0.1500","198.0000","40.1200","0.7500","-0.4200","194.0000","41.3400","196084.3800","-0.6100","214.0000","35.2600","261445.8300","-0.6600","251.0000","24.0100","1.6900","0.1800","81.0000","75.6800","0.8100","1.2300","53.0000","84.1900","-0.6000","198.0000","40.1200","0.1900","-0.8700","-0.1000","-0.3800","-0.1000","-0.8000","0.3027","-0.1700","-0.6800","-0.5400","-0.5400","-0.4700","-0.5600","-0.2700","71.7300","37.3900","57.7500","48.0200","58.0500","22.8000","100.0000","72.3400","37.3900","25.2300","38.9100","45.5900","37.3900","51.3700","329","4/1/2025 16:37","8","1","8.0000","0.5000","0.0600","168.0000","6.0000","92.0000","74.0000","209.0000","-0.5300","2.7589","-0.0300","0.3500","-0.5200","49.2400","98.4800","72.3400","77.8100","36.7800","6","0","24.0100","251.0000","-0.5800","0.0000","24.0100","251.0000","-0.7300","0","24.0100","251.0000","-0.9100","1","23.7100","252.0000","-0.5300","0.0600","18.5400","269.0000","-0.7000","1","28.8800","235.0000","-0.7800","0.0000","24.0100","251.0000","-1.2300","0.0600","20.0600","264.0000","-1.0500","0.0000","97.8700","8.0000","-0.1400","0","97.8700","8.0000","-0.1400","0.0000","97.8700","8.0000","-0.1300","0","97.8700","8.0000","-0.1500","7","11","0"
"AAD2023.06.02752","229","31938","38","University of Texas at Austin, The","Chemistry, Department of","Chemistry","29","57.0000","840","23.0000","28","53.0000","30.0000","10.0000","29759","20.0000","28","53.0000","1.0000","1.0000","25","35.0000","83","32.0000","49460574.0000","41.0000","137","29.0000","26","37.0000","12","10.0000","6","5.0000","19","17","5","17","18","0.2100","1.9300","14.0000","96.0500","0.4100","1.6600","14.0000","96.0500","0.9700","0.6000","111.0000","66.5700","28.9700","2.3100","10.0000","97.2600","0.9700","0.5700","119.0000","64.1300","1026.1700","2.1500","12.0000","96.6600","35.4300","1.0500","43.0000","87.2300","0.8600","1.3900","22.0000","93.6200","2.8600","1.8700","16.0000","95.4400","1705537.0300","1.4800","30.0000","91.1900","595910.5300","0.6900","69.0000","79.3300","4.7200","1.8200","21.0000","93.9200","0.9000","1.5100","23.0000","93.3100","0.9000","17.0000","95.1400","1.3000","2.6500","0.8600","1.3000","0.8600","2.3600","0.3027","1.3100","2.6600","1.6600","1.1400","1.4700","1.8200","0.8300","89.0600","98.7800","84.1900","89.6700","84.1900","97.2600","100.0000","91.4900","97.2600","94.2200","87.8400","90.5800","93.3100","82.9800","329","4/1/2025 16:37","5","4","1.2500","0.1700","0.1400","73.0000","164.0000","119.0000","156.0000","128.0000","0.3300","-0.2938","-0.2400","-0.3400","0.1500","78.1200","50.4600","64.1300","52.8900","61.4000","6","4","66.8700","110.0000","-0.0800","0.1400","48.0200","172.0000","-0.2300","4","77.8100","74.0000","0.3400","61","85.7100","48.0000","0.5200","2.1000","83.5900","55.0000","0.6400","13","85.1100","50.0000","1.0400","0.1400","55.9300","146.0000","0.0900","0.4500","81.7600","61.0000","1.0000","0.0000","97.8700","8.0000","-0.1400","0","97.8700","8.0000","-0.1400","0.0000","97.8700","8.0000","-0.1300","0","97.8700","8.0000","-0.1500","7","11","0"
"AAD2023.06.02752","112","31992","38","Louisiana Tech University","Chemistry, Department of","Chemistry","9","270.0000","378","79.0000","8","246.0000","47.2500","1.0000","9019","85.0000","7","263.0000","0.8800","299.0000","1","273.0000","1","278.0000","187308.0000","290.0000","3","230.0000","2","237.0000","1","147.0000","1","125.0000","19","17","5","17","18","0.1100","0.6000","74.0000","77.8100","0.1100","-0.0200","113.0000","65.9600","0.8900","0.2300","194.0000","41.3400","42.0000","3.9400","2.0000","99.7000","0.7800","-0.3100","254.0000","23.1000","1002.1100","2.0800","14.0000","96.0500","23.8600","0.1100","116.0000","65.0500","0.1100","-1.3300","284.0000","13.9800","0.1100","-1.1100","287.0000","13.0700","20812.0000","-0.8500","291.0000","11.8500","187308.0000","-0.9600","279.0000","15.5000","0.3300","-0.5600","224.0000","32.2200","0.2200","-0.7500","236.0000","28.5700","-0.6000","198.0000","40.1200","-0.7500","-0.2800","-0.8200","-0.9400","-0.7400","4.5500","-0.6019","-0.5000","-0.4000","0.0900","-0.6400","-0.7700","0.3700","-0.8500","28.2700","62.3100","20.3600","17.3300","25.5300","100.0000","9.4200","30.4000","55.6200","74.4700","12.1600","15.8100","76.2900","18.2400","329","4/1/2025 16:37","0","0","0.0000","0.0000","0.0000","241.0000","241.0000","241.0000","241.0000","241.0000","-0.8100","-0.8591","-0.5800","-0.7100","-1.0800","27.0500","27.0500","27.0500","27.0500","27.0500","6","1","38.6000","203.0000","-0.4600","0.1100","43.1600","188.0000","-0.3200","1","43.7700","186.0000","-0.6000","9","51.0600","162.0000","-0.3900","1.0000","63.5300","121.0000","-0.0800","2","41.3400","194.0000","-0.6300","0.1100","48.9400","169.0000","-0.1700","0.2200","43.1600","188.0000","-0.2000","0.0000","97.8700","8.0000","-0.1400","0","97.8700","8.0000","-0.1400","0.0000","97.8700","8.0000","-0.1300","0","97.8700","8.0000","-0.1500","7","11","0"
"AAD2023.06.02752","284","32179","38","University of Louisiana at Lafayette","Chemistry, Department of","Chemistry","11","232.0000","106","190.0000","11","195.0000","9.6400","160.0000","1316","214.0000","11","198.0000","1.0000","1.0000","5","203.0000","8","209.0000","1641844.0000","227.0000","2","255.0000","2","237.0000","0","207.0000","0","207.0000","19","17","5","17","18","0.0000","-0.9400","207.0000","37.3900","0.0000","-0.6300","207.0000","37.3900","1.0000","0.7700","1.0000","100.0000","9.6400","-0.1000","148.0000","55.3200","1.0000","0.7300","1.0000","100.0000","119.6400","-0.4900","197.0000","40.4300","12.4200","-0.8100","269.0000","18.5400","0.4500","-0.0800","187.0000","43.4700","0.7300","-0.4400","198.0000","40.1200","149258.5500","-0.6700","226.0000","31.6100","205230.5000","-0.8900","275.0000","16.7200","0.1800","-0.6400","258.0000","21.8800","0.1800","-0.8900","245.0000","25.8400","-0.5000","183.0000","44.6800","-0.7500","-0.8700","-0.5000","-0.5700","-0.5000","-0.2200","0.3027","-0.5100","-0.6800","-0.4900","-0.5900","-0.5800","-0.4900","-0.6900","28.2700","37.3900","40.1200","38.6000","41.0300","51.6700","100.0000","22.8000","37.3900","35.2600","31.3100","36.7800","42.5500","29.7900","329","4/1/2025 16:37","2","2","1.0000","0.1800","0.1800","122.0000","169.0000","164.0000","149.0000","86.0000","-0.2400","-0.4068","-0.4400","-0.3200","0.5400","63.2200","48.9400","50.4600","55.0200","74.1600","6","1","38.6000","203.0000","-0.4600","0.0900","35.8700","212.0000","-0.4000","1","43.7700","186.0000","-0.6000","6","41.9500","192.0000","-0.4400","0.5500","47.1100","175.0000","-0.3800","1","28.8800","235.0000","-0.7800","0.0900","40.4300","197.0000","-0.3600","0.0900","24.9200","248.0000","-0.9000","0.0000","97.8700","8.0000","-0.1400","0","97.8700","8.0000","-0.1400","0.0000","97.8700","8.0000","-0.1300","0","97.8700","8.0000","-0.1500","7","11","0"
"AAD2023.06.02752","283","32324","38","University of Kentucky","Chemistry, Department of","Chemistry","30","52.0000","441","73.0000","28","53.0000","15.7500","87.0000","11334","77.0000","28","53.0000","1.0000","1.0000","14","95.0000","38","84.0000","15927867.0000","103.0000","31","84.0000","17","79.0000","3","77.0000","3","45.0000","19","17","5","17","18","0.1000","0.4500","91.0000","72.6400","0.1000","-0.0800","126.0000","62.0100","0.9300","0.4400","146.0000","55.9300","14.7000","0.5300","87.0000","73.8600","0.9300","0.4200","156.0000","52.8900","377.8000","0.2600","86.0000","74.1600","25.7000","0.2600","105.0000","68.3900","0.4700","-0.0400","184.0000","44.3800","1.2700","0.1400","126.0000","62.0100","530928.9000","-0.1400","132.0000","60.1800","419154.3900","-0.0200","167.0000","49.5400","1.0300","-0.1800","126.0000","62.0100","0.5700","0.4000","118.0000","64.4400","0.0000","101.0000","69.6000","0.5300","0.8900","0.8600","0.2800","0.8600","0.5500","0.3027","-0.1200","0.1600","0.2600","-0.0700","0.2400","0.5700","0.9100","76.2900","86.6300","84.1900","71.4300","84.1900","73.8600","100.0000","74.7700","76.9000","76.9000","69.0000","74.7700","78.1200","84.5000","329","4/1/2025 16:37","24","7","3.4300","0.8000","0.2300","37.0000","57.0000","31.0000","41.0000","53.0000","1.1800","0.6921","1.0700","0.9800","1.0000","89.0600","82.9800","90.8800","87.8400","84.1900","6","6","76.2900","79.0000","0.1700","0.2000","62.9200","123.0000","0.0000","5","82.0700","60.0000","0.6500","22","68.3900","105.0000","-0.1600","0.7300","55.0200","149.0000","-0.2600","11","82.0700","60.0000","0.7400","0.1700","65.9600","113.0000","0.3600","0.3700","68.0900","106.0000","0.5700","0.0300","99.0900","4.0000","5.8100","1","99.7000","2.0000","5.6400","0.0300","99.0900","4.0000","4.8500","1","100.0000","1.0000","6.7700","7","11","0"
"AAD2023.06.02752","517","32848","38","University of California, Merced","Chemistry and Biochemistry, Department of","Chemistry","18","134.0000","201","124.0000","18","119.0000","11.1700","139.0000","4721","119.0000","18","120.0000","1.0000","1.0000","16","83.0000","38","84.0000","16836251.0000","95.0000","19","119.0000","11","107.0000","2","105.0000","2","69.0000","19","17","5","17","18","0.1100","0.6000","74.0000","77.8100","0.1100","-0.0200","113.0000","65.9600","1.0000","0.7700","1.0000","100.0000","11.1700","0.0900","130.0000","60.7900","1.0000","0.7300","1.0000","100.0000","262.2800","-0.0800","121.0000","63.5300","23.4900","0.0800","121.0000","63.5300","0.8900","1.4900","10.0000","97.2600","2.1100","1.0600","56.0000","83.2800","935347.2800","0.4200","81.0000","75.6800","443059.2400","0.0700","154.0000","53.5000","1.0600","-0.1700","124.0000","62.6100","0.6100","0.5500","107.0000","67.7800","0.1000","87.0000","73.8600","0.0200","0.3100","0.0600","0.4600","0.0600","-0.0300","0.3027","-0.2800","-0.1200","-0.2400","-0.0400","0.2400","-0.1900","-0.1000","67.7800","79.3300","63.8300","75.0800","64.1300","58.0500","100.0000","64.1300","68.3900","64.1300","71.4300","74.7700","62.6100","59.5700","329","4/1/2025 16:37","3","3","1.0000","0.1700","0.1700","94.0000","169.0000","147.0000","158.0000","98.0000","0.0400","-0.4068","-0.3700","-0.3500","0.4100","71.7300","48.9400","55.6200","52.2800","70.5200","6","5","72.9500","90.0000","0.0500","0.2800","74.7700","84.0000","0.2900","4","77.8100","74.0000","0.3400","2","29.1800","234.0000","-0.5100","0.1100","23.7100","252.0000","-0.6700","1","28.8800","235.0000","-0.7800","0.2200","81.7600","61.0000","0.9000","0.0600","19.4500","266.0000","-1.0900","0.0000","97.8700","8.0000","-0.1400","0","97.8700","8.0000","-0.1400","0.0000","97.8700","8.0000","-0.1300","0","97.8700","8.0000","-0.1500","7","11","0"
"AAD2023.06.02752","69","32895","38","Florida A&M University","Chemistry, Department of","Chemistry","12","217.0000","28","270.0000","5","287.0000","5.6000","244.0000","229","290.0000","6","275.0000","1.0000","1.0000","2","249.0000","2","260.0000","423816.0000","278.0000","3","230.0000","3","216.0000","0","207.0000","0","207.0000","19","17","5","17","18","0.0000","-0.9400","207.0000","37.3900","0.0000","-0.6300","207.0000","37.3900","0.4200","-2.0600","308.0000","6.6900","2.3300","-1.0100","283.0000","14.2900","0.5000","-1.6100","297.0000","10.0300","19.0800","-0.7900","294.0000","10.9400","8.1800","-1.1500","308.0000","6.6900","0.1700","-1.1300","268.0000","18.8500","0.1700","-1.0500","275.0000","16.7200","35318.0000","-0.8300","283.0000","14.2900","211908.0000","-0.8600","274.0000","17.0200","0.2500","-0.6000","242.0000","26.7500","0.2500","-0.6600","223.0000","32.5200","-1.2000","288.0000","12.7700","-0.6700","-0.8700","-0.9000","-0.8500","-0.9800","-0.7400","0.3027","-0.5000","-0.6800","-0.5800","-0.6300","-0.7500","-0.7300","-0.6000","34.6500","37.3900","16.7200","24.6200","13.0700","26.1400","100.0000","30.4000","37.3900","12.1600","15.8100","21.2800","18.2400","34.3500","329","4/1/2025 16:37","0","0","0.0000","0.0000","0.0000","241.0000","241.0000","241.0000","241.0000","241.0000","-0.8100","-0.8591","-0.5800","-0.7100","-1.0800","27.0500","27.0500","27.0500","27.0500","27.0500","6","0","24.0100","251.0000","-0.5800","0.0000","24.0100","251.0000","-0.7300","0","24.0100","251.0000","-0.9100","1","23.7100","252.0000","-0.5300","0.0800","20.0600","264.0000","-0.6900","1","28.8800","235.0000","-0.7800","0.0000","24.0100","251.0000","-1.2300","0.0800","23.1000","254.0000","-0.9400","0.0000","97.8700","8.0000","-0.1400","0","97.8700","8.0000","-0.1400","0.0000","97.8700","8.0000","-0.1300","0","97.8700","8.0000","-0.1500","7","11","0"
"AAD2023.06.02752","189","32974","38","South Dakota School of Mines & Technology","Chemistry, Biology, and Health Sciences, Department of","Chemistry","11","232.0000","110","187.0000","9","229.0000","12.2200","130.0000","3434","147.0000","9","228.0000","1.0000","1.0000","6","188.0000","8","209.0000","3149750.0000","201.0000","3","230.0000","2","237.0000","9","15.0000","2","69.0000","19","17","5","17","18","0.1800","1.5900","20.0000","94.2200","0.8200","3.9100","3.0000","99.3900","0.8200","-0.1100","235.0000","28.8800","10.0000","-0.0500","145.0000","56.2300","0.8200","-0.1200","238.0000","27.9600","312.1800","0.0700","103.0000","69.0000","31.2200","0.7100","64.0000","80.8500","0.5500","0.2500","157.0000","52.5800","0.7300","-0.4400","198.0000","40.1200","286340.9100","-0.4800","192.0000","41.9500","393718.7500","-0.1300","179.0000","45.9000","0.2700","-0.5900","236.0000","28.5700","0.1800","-0.8900","245.0000","25.8400","-0.3000","145.0000","56.2300","-0.7500","0.3100","-0.6600","-0.4700","-0.6600","0.1000","0.3027","-0.5000","1.8300","-0.3300","-0.5400","-0.5800","-0.4700","-0.6900","28.2700","79.3300","31.0000","43.1600","30.7000","60.7900","100.0000","30.4000","95.7400","55.6200","39.2100","36.7800","43.4700","29.7900","329","4/1/2025 16:37","18","3","6.0000","1.6400","0.2700","94.0000","11.0000","50.0000","9.0000","35.0000","0.0400","1.8544","0.6600","2.7500","1.3600","71.7300","96.9600","85.1100","97.5700","89.6700","6","19","97.8700","8.0000","1.8100","1.7300","99.3900","3.0000","5.6100","4","77.8100","74.0000","0.3400","21","65.9600","113.0000","-0.1800","1.9100","81.4600","62.0000","0.5100","5","59.2700","135.0000","-0.1700","0.3600","98.1800","7.0000","2.2500","0.4500","83.2800","56.0000","1.0300","0.0000","97.8700","8.0000","-0.1400","0","97.8700","8.0000","-0.1400","0.0000","97.8700","8.0000","-0.1300","0","97.8700","8.0000","-0.1500","7","11","0"
"AAD2023.06.02752","309","33046","38","University of Nebraska at Omaha","Chemistry, Department of","Chemistry","12","217.0000","52","236.0000","10","208.0000","5.2000","253.0000","1035","222.0000","10","211.0000","1.0000","1.0000","0","299.0000","0","299.0000","0.0000","299.0000","1","269.0000","1","263.0000","0","207.0000","0","207.0000","19","17","5","17","18","0.0000","-0.9400","207.0000","37.3900","0.0000","-0.6300","207.0000","37.3900","0.8300","-0.0400","223.0000","32.5200","4.3300","-0.7600","242.0000","26.7500","0.8300","-0.0500","230.0000","30.4000","86.2500","-0.5900","230.0000","30.4000","19.9000","-0.2100","173.0000","47.7200","0.0000","-1.7300","299.0000","9.4200","0.0000","-1.2300","299.0000","9.4200","0.0000","-0.8800","299.0000","9.4200","0.0000","-1.7200","299.0000","9.4200","0.0800","-0.6900","288.0000","12.7700","0.0800","-1.2200","286.0000","13.3700","-1.0000","253.0000","23.4000","-0.8400","-0.8700","-0.5800","-1.0300","-0.5800","-0.7900","0.3027","-0.5300","-0.6800","-0.5100","-0.6500","-0.8000","-0.6600","-0.6000","20.3600","37.3900","36.1700","9.4200","37.0800","23.4000","100.0000","18.5400","37.3900","32.8300","9.4200","9.4200","28.5700","34.3500","329","4/1/2025 16:37","0","0","0.0000","0.0000","0.0000","241.0000","241.0000","241.0000","241.0000","241.0000","-0.8100","-0.8591","-0.5800","-0.7100","-1.0800","27.0500","27.0500","27.0500","27.0500","27.0500","6","1","38.6000","203.0000","-0.4600","0.0800","32.8300","222.0000","-0.4300","1","43.7700","186.0000","-0.6000","0","17.3300","273.0000","-0.5500","0.0000","17.3300","273.0000","-0.7400","0","17.3300","273.0000","-0.9300","0.0800","36.4700","210.0000","-0.4300","0.0000","17.3300","273.0000","-1.3900","0.0000","97.8700","8.0000","-0.1400","0","97.8700","8.0000","-0.1400","0.0000","97.8700","8.0000","-0.1300","0","97.8700","8.0000","-0.1500","7","11","0"
"AAD2023.06.02752","47","33314","38","Colorado School of Mines","Chemistry, Department of","Chemistry","15","175.0000","281","101.0000","15","154.0000","18.7300","58.0000","5912","106.0000","15","153.0000","1.0000","1.0000","12","113.0000","25","117.0000","13235211.0000","112.0000","17","130.0000","8","142.0000","0","207.0000","0","207.0000","19","17","5","17","18","0.0000","-0.9400","207.0000","37.3900","0.0000","-0.6300","207.0000","37.3900","1.0000","0.7700","1.0000","100.0000","18.7300","1.0400","51.0000","84.8000","1.0000","0.7300","1.0000","100.0000","394.1300","0.3100","81.0000","75.6800","21.0400","-0.1100","150.0000","54.7100","0.8000","1.1700","42.0000","87.5400","1.6700","0.5800","89.0000","73.2500","882347.4000","0.3400","86.0000","74.1600","529408.4400","0.4200","104.0000","68.6900","1.1300","-0.1200","116.0000","65.0500","0.5300","0.2900","128.0000","61.4000","0.3000","68.0000","79.6400","-0.2400","-0.8700","-0.1800","0.0900","-0.1800","0.9300","0.3027","-0.3100","-0.6800","-0.1500","-0.1700","-0.1200","0.0600","-0.3500","57.1400","37.3900","53.8000","65.9600","53.5000","82.6700","100.0000","60.7900","37.3900","68.0900","66.2600","64.7400","69.6000","47.1100","329","4/1/2025 16:37","10","6","1.6700","0.6700","0.4000","48.0000","139.0000","75.0000","53.0000","4.0000","0.9000","-0.1038","0.1100","0.7000","2.5000","85.7100","58.0500","77.5100","84.1900","99.0900","6","7","79.9400","67.0000","0.3000","0.4700","92.7100","25.0000","0.9800","6","87.8400","41.0000","0.9600","22","68.3900","105.0000","-0.1600","1.4700","72.9500","90.0000","0.2200","6","64.4400","118.0000","-0.0200","0.4000","99.7000","2.0000","2.6000","0.4000","74.1600","86.0000","0.7400","0.0000","97.8700","8.0000","-0.1400","0","97.8700","8.0000","-0.1400","0.0000","97.8700","8.0000","-0.1300","0","97.8700","8.0000","-0.1500","7","11","0"
"AAD2023.06.02752","151","33629","38","Northern Arizona University","Chemistry and Biochemistry, Department of","Chemistry","10","250.0000","57","230.0000","7","263.0000","8.1400","186.0000","900","234.0000","6","275.0000","0.8600","301.0000","3","231.0000","8","209.0000","1551341.0000","232.0000","6","200.0000","5","183.0000","0","207.0000","0","207.0000","19","17","5","17","18","0.0000","-0.9400","207.0000","37.3900","0.0000","-0.6300","207.0000","37.3900","0.7000","-0.6900","268.0000","18.8500","5.7000","-0.5900","215.0000","34.9500","0.6000","-1.1400","284.0000","13.9800","90.0000","-0.5800","226.0000","31.6100","15.7900","-0.5400","229.0000","30.7000","0.3000","-0.6500","229.0000","30.7000","0.8000","-0.3600","185.0000","44.0700","155134.1000","-0.6600","224.0000","32.2200","193917.6300","-0.9400","277.0000","16.1100","0.6000","-0.4100","180.0000","45.5900","0.5000","0.1800","134.0000","59.5700","-0.8000","221.0000","33.1300","-0.5000","-0.8700","-0.9000","-0.7500","-0.8200","-0.4100","-0.7312","-0.4600","-0.6800","-0.5200","-0.5900","-0.5800","-0.6400","-0.7700","44.6800","37.3900","16.7200","30.0900","20.3600","43.7700","8.8100","39.5100","37.3900","29.1800","29.7900","36.7800","30.4000","24.3200","329","4/1/2025 16:37","10","2","5.0000","1.0000","0.2000","122.0000","24.0000","75.0000","28.0000","67.0000","-0.2400","1.4022","0.1100","1.4100","0.7100","63.2200","93.0100","77.5100","91.7900","79.9400","6","1","38.6000","203.0000","-0.4600","0.1000","40.4300","197.0000","-0.3700","1","43.7700","186.0000","-0.6000","2","29.1800","234.0000","-0.5100","0.2000","29.7900","232.0000","-0.6100","2","41.3400","194.0000","-0.6300","0.1000","46.2000","178.0000","-0.2700","0.2000","41.6400","193.0000","-0.3200","0.0000","97.8700","8.0000","-0.1400","0","97.8700","8.0000","-0.1400","0.0000","97.8700","8.0000","-0.1300","0","97.8700","8.0000","-0.1500","7","11","0"
"AAD2023.06.02752","557985","33673","38","University of Texas Rio Grande Valley","Chemistry, Department of","Chemistry","19","123.0000","136","162.0000","18","119.0000","7.5600","195.0000","2852","166.0000","16","140.0000","0.8900","296.0000","2","249.0000","2","260.0000","1067110.0000","247.0000","0","294.0000","0","294.0000","2","105.0000","2","69.0000","19","17","5","17","18","0.1100","0.5200","85.0000","74.4700","0.1100","-0.0500","122.0000","63.2200","0.9500","0.5100","127.0000","61.7000","7.1600","-0.4100","189.0000","42.8600","0.8400","-0.0100","228.0000","31.0000","150.1100","-0.4000","179.0000","45.9000","20.9700","-0.1200","151.0000","54.4100","0.1100","-1.3500","286.0000","13.3700","0.1100","-1.1200","289.0000","12.4600","56163.6800","-0.8000","272.0000","17.6300","533555.0000","0.4400","102.0000","69.3000","0.0000","-0.7400","294.0000","10.9400","0.0000","-1.5000","294.0000","10.9400","-0.8000","221.0000","33.1300","-0.9200","0.3100","-0.1000","-0.8500","0.0600","-0.4900","-0.5014","-0.5400","-0.1200","-0.3800","-0.6100","-0.7500","-0.3900","-0.0100","10.9400","79.3300","57.7500","24.6200","64.1300","41.0300","10.3300","10.9400","68.3900","49.8500","25.2300","21.2800","51.0600","62.9200","329","4/1/2025 16:37","9","3","3.0000","0.4700","0.1600","94.0000","61.0000","81.0000","81.0000","108.0000","0.0400","0.4977","0.0400","0.2900","0.3300","71.7300","81.7600","75.6800","75.6800","67.4800","6","2","50.4600","164.0000","-0.3300","0.1100","41.3400","194.0000","-0.3500","1","43.7700","186.0000","-0.6000","3","33.7400","219.0000","-0.5000","0.1600","27.0500","241.0000","-0.6400","2","41.3400","194.0000","-0.6300","0.0500","27.6600","239.0000","-0.7300","0.1100","28.5700","236.0000","-0.8200","0.0000","97.8700","8.0000","-0.1400","0","97.8700","8.0000","-0.1400","0.0000","97.8700","8.0000","-0.1300","0","97.8700","8.0000","-0.1500","7","11","0"
"AAD2023.06.02752","37","33850","38","Central Michigan University","Chemistry and Biochemistry, Department of","Chemistry","13","201.0000","43","248.0000","9","229.0000","4.7800","264.0000","869","235.0000","10","211.0000","0.9100","288.0000","2","249.0000","6","222.0000","2059578.0000","224.0000","6","200.0000","3","216.0000","7","25.0000","4","26.0000","19","17","5","17","18","0.3100","3.3300","3.0000","99.3900","0.5400","2.3600","8.0000","97.8700","0.6900","-0.7200","271.0000","17.9300","3.3100","-0.8900","258.0000","21.8800","0.7700","-0.3500","258.0000","21.8800","66.8500","-0.6500","245.0000","25.8400","20.2100","-0.1800","163.0000","50.7600","0.1500","-1.1800","272.0000","17.6300","0.4600","-0.7300","230.0000","30.4000","158429.0800","-0.6600","223.0000","32.5200","343263.0000","-0.3300","217.0000","34.3500","0.4600","-0.4900","203.0000","38.6000","0.2300","-0.7200","233.0000","29.4800","-0.9000","235.0000","28.8800","-0.6700","1.4800","-0.5800","-0.8500","-0.6600","-0.8400","-0.3552","-0.4600","1.2700","-0.5300","-0.5700","-0.6400","-0.6900","-0.5200","34.6500","92.4000","36.1700","24.6200","30.7000","20.0600","12.7700","39.5100","92.7100","28.8800","32.2200","32.8300","24.9200","39.2100","329","4/1/2025 16:37","1","1","1.0000","0.0800","0.0800","168.0000","169.0000","197.0000","216.0000","195.0000","-0.5300","-0.4068","-0.5100","-0.5400","-0.3900","49.2400","48.9400","40.4300","34.6500","41.0300","6","1","38.6000","203.0000","-0.4600","0.0800","31.3100","227.0000","-0.4500","1","43.7700","186.0000","-0.6000","10","52.8900","156.0000","-0.3700","0.7700","56.5400","144.0000","-0.2400","3","48.9400","169.0000","-0.4800","0.0800","34.0400","218.0000","-0.5000","0.2300","44.3800","184.0000","-0.1600","0.0000","97.8700","8.0000","-0.1400","0","97.8700","8.0000","-0.1400","0.0000","97.8700","8.0000","-0.1300","0","97.8700","8.0000","-0.1500","7","11","0"
"AAD2023.06.02752","13","33904","38","Arkansas State University","Chemistry and Physics, Department of","Chemistry","15","175.0000","37","256.0000","7","263.0000","5.2900","249.0000","693","246.0000","8","246.0000","1.0000","1.0000","4","215.0000","4","240.0000","1162150.0000","241.0000","2","255.0000","2","237.0000","1","147.0000","1","125.0000","19","17","5","17","18","0.0700","-0.0100","148.0000","55.3200","0.0700","-0.2600","167.0000","49.5400","0.4700","-1.8100","303.0000","8.2100","2.4700","-0.9900","281.0000","14.8900","0.5300","-1.4500","294.0000","10.9400","46.2000","-0.7100","262.0000","20.6700","18.7300","-0.3000","189.0000","42.8600","0.2700","-0.7700","238.0000","27.9600","0.2700","-0.9400","258.0000","21.8800","77476.6700","-0.7700","258.0000","21.8800","290537.5000","-0.5400","235.0000","28.8800","0.1300","-0.6700","271.0000","17.9300","0.1300","-1.0500","261.0000","20.9700","-1.1000","274.0000","17.0200","-0.7500","-0.2800","-0.7400","-0.6600","-0.8200","-0.7800","0.3027","-0.5100","-0.4000","-0.5400","-0.6100","-0.6900","-0.7000","-0.3500","28.2700","62.3100","25.5300","34.9500","20.3600","24.6200","100.0000","22.8000","55.6200","25.5300","27.0500","27.3600","22.4900","47.1100","329","4/1/2025 16:37","0","0","0.0000","0.0000","0.0000","241.0000","241.0000","241.0000","241.0000","241.0000","-0.8100","-0.8591","-0.5800","-0.7100","-1.0800","27.0500","27.0500","27.0500","27.0500","27.0500","6","3","59.2700","135.0000","-0.2000","0.2000","62.9200","123.0000","0.0000","2","55.9300","146.0000","-0.2900","10","52.8900","156.0000","-0.3700","0.6700","52.5800","157.0000","-0.3000","4","53.1900","155.0000","-0.3300","0.1300","54.7100","150.0000","0.0400","0.2700","50.1500","165.0000","0.0300","0.0000","97.8700","8.0000","-0.1400","0","97.8700","8.0000","-0.1400","0.0000","97.8700","8.0000","-0.1300","0","97.8700","8.0000","-0.1500","7","11","0"
"AAD2023.06.02752","36","33913","38","Catholic University of America, The","Chemistry, Department of","Chemistry","2","328.0000","2","324.0000","1","321.0000","2.0000","316.0000","61","315.0000","2","311.0000","1.0000","1.0000","1","273.0000","1","278.0000","60978.0000","295.0000","0","294.0000","0","294.0000","1","147.0000","1","125.0000","19","17","5","17","18","0.5000","6.0000","1.0000","100.0000","0.5000","2.1400","10.0000","97.2600","0.5000","-1.6500","296.0000","10.3300","1.0000","-1.1800","314.0000","4.8600","1.0000","0.7300","1.0000","100.0000","30.5000","-0.7500","282.0000","14.5900","30.5000","0.6500","67.0000","79.9400","0.5000","0.0800","168.0000","49.2400","0.5000","-0.6900","225.0000","31.9100","30489.0000","-0.8400","284.0000","13.9800","60978.0000","-1.4700","295.0000","10.6400","0.0000","-0.7400","294.0000","10.9400","0.0000","-1.5000","294.0000","10.9400","-1.3000","306.0000","7.2900","-0.9200","-0.2800","-1.2300","-0.9400","-1.3100","-1.1900","0.3027","-0.5400","-0.4000","-0.5900","-0.6500","-0.7700","-0.8100","-1.4400","10.9400","62.3100","5.7800","17.3300","2.7400","4.2600","100.0000","10.9400","55.6200","4.5600","10.6400","15.8100","1.8200","0.6100","329","4/1/2025 16:37","0","0","0.0000","0.0000","0.0000","241.0000","241.0000","241.0000","241.0000","241.0000","-0.8100","-0.8591","-0.5800","-0.7100","-1.0800","27.0500","27.0500","27.0500","27.0500","27.0500","6","0","24.0100","251.0000","-0.5800","0.0000","24.0100","251.0000","-0.7300","0","24.0100","251.0000","-0.9100","0","17.3300","273.0000","-0.5500","0.0000","17.3300","273.0000","-0.7400","0","17.3300","273.0000","-0.9300","0.0000","24.0100","251.0000","-1.2300","0.0000","17.3300","273.0000","-1.3900","0.0000","97.8700","8.0000","-0.1400","0","97.8700","8.0000","-0.1400","0.0000","97.8700","8.0000","-0.1300","0","97.8700","8.0000","-0.1500","7","11","0"
"AAD2023.06.02752","135","33984","38","Middle Tennessee State University","Chemistry, Department of","Chemistry","31","45.0000","151","152.0000","21","95.0000","7.1900","207.0000","3088","155.0000","23","80.0000","1.0000","1.0000","11","122.0000","19","140.0000","6390539.0000","162.0000","9","172.0000","6","168.0000","0","207.0000","0","207.0000","19","17","5","17","18","0.0000","-0.9400","207.0000","37.3900","0.0000","-0.6300","207.0000","37.3900","0.6800","-0.7900","274.0000","17.0200","4.8700","-0.6900","230.0000","30.4000","0.7400","-0.4800","264.0000","20.0600","99.6100","-0.5500","212.0000","35.8700","20.4500","-0.1600","160.0000","51.6700","0.3500","-0.4500","220.0000","33.4300","0.6100","-0.5700","216.0000","34.6500","206146.4200","-0.5900","211.0000","36.1700","336344.1600","-0.3600","219.0000","33.7400","0.2900","-0.5800","234.0000","29.1800","0.1900","-0.8500","243.0000","26.4400","-0.8000","221.0000","33.1300","-0.4100","-0.8700","0.4600","0.0000","0.3000","-0.5300","0.3027","-0.4200","-0.6800","-0.3600","-0.4200","-0.2800","-0.3500","1.0000","49.2400","37.3900","75.9900","63.2200","71.4300","37.3900","100.0000","48.0200","37.3900","53.1900","51.0600","57.7500","54.1000","86.6300","329","4/1/2025 16:37","0","0","0.0000","0.0000","0.0000","241.0000","241.0000","241.0000","241.0000","241.0000","-0.8100","-0.8591","-0.5800","-0.7100","-1.0800","27.0500","27.0500","27.0500","27.0500","27.0500","6","2","50.4600","164.0000","-0.3300","0.0600","28.2700","237.0000","-0.5000","2","55.9300","146.0000","-0.2900","10","52.8900","156.0000","-0.3700","0.3200","36.1700","211.0000","-0.5300","4","53.1900","155.0000","-0.3300","0.0600","30.7000","229.0000","-0.6100","0.1300","31.6100","226.0000","-0.7000","0.0000","97.8700","8.0000","-0.1400","0","97.8700","8.0000","-0.1400","0.0000","97.8700","8.0000","-0.1300","0","97.8700","8.0000","-0.1500","7","11","0"
"AAD2023.06.02752","139","33997","38","Morgan State University","Chemistry, Department of","Chemistry","11","232.0000","57","230.0000","10","208.0000","5.7000","241.0000","667","250.0000","9","228.0000","0.9000","290.0000","5","203.0000","11","190.0000","5067047.0000","179.0000","3","230.0000","3","216.0000","1","147.0000","1","125.0000","19","17","5","17","18","0.0900","0.3200","105.0000","68.3900","0.0900","-0.1300","136.0000","58.9700","0.9100","0.3300","173.0000","47.7200","5.1800","-0.6600","224.0000","32.2200","0.8200","-0.1200","238.0000","27.9600","60.6400","-0.6700","248.0000","24.9200","11.7000","-0.8700","274.0000","17.0200","0.4500","-0.0800","187.0000","43.4700","1.0000","-0.1500","155.0000","53.1900","460640.6400","-0.2400","155.0000","53.1900","460640.6400","0.1400","141.0000","57.4500","0.2700","-0.5900","236.0000","28.5700","0.2700","-0.5800","219.0000","33.7400","-0.6000","198.0000","40.1200","-0.6700","-0.2800","-0.6600","-0.5700","-0.5800","-0.7200","-0.4210","-0.5000","-0.4000","-0.5400","-0.4700","-0.5000","-0.6400","-0.6900","34.6500","62.3100","31.0000","38.6000","37.0800","27.0500","12.1600","30.4000","55.6200","24.3200","45.9000","42.5500","30.4000","29.7900","329","4/1/2025 16:37","1","1","1.0000","0.0900","0.0900","168.0000","169.0000","197.0000","204.0000","176.0000","-0.5300","-0.4068","-0.5100","-0.5100","-0.2700","49.2400","48.9400","40.4300","38.3000","46.8100","6","1","38.6000","203.0000","-0.4600","0.0900","35.8700","212.0000","-0.4000","1","43.7700","186.0000","-0.6000","4","35.5600","213.0000","-0.4800","0.3600","37.0800","208.0000","-0.5000","3","48.9400","169.0000","-0.4800","0.0900","40.4300","197.0000","-0.3600","0.2700","51.3700","161.0000","0.0700","0.0000","97.8700","8.0000","-0.1400","0","97.8700","8.0000","-0.1400","0.0000","97.8700","8.0000","-0.1300","0","97.8700","8.0000","-0.1500","7","11","0"
"AAD2023.06.02752","339","34102","38","University of the Pacific","Chemistry, Department of","Chemistry","12","217.0000","62","225.0000","12","187.0000","5.1700","254.0000","489","262.0000","12","189.0000","1.0000","1.0000","3","231.0000","5","231.0000","1358345.0000","237.0000","2","255.0000","1","263.0000","0","207.0000","0","207.0000","19","17","5","17","18","0.0000","-0.9400","207.0000","37.3900","0.0000","-0.6300","207.0000","37.3900","1.0000","0.7700","1.0000","100.0000","5.1700","-0.6600","225.0000","31.9100","1.0000","0.7300","1.0000","100.0000","40.7500","-0.7200","271.0000","17.9300","7.8900","-1.1800","309.0000","6.3800","0.2500","-0.8300","241.0000","27.0500","0.4200","-0.7800","238.0000","27.9600","113195.4200","-0.7200","239.0000","27.6600","271669.0000","-0.6200","244.0000","26.1400","0.1700","-0.6500","259.0000","21.5800","0.0800","-1.2200","286.0000","13.3700","-0.9000","235.0000","28.8800","-0.8400","-0.8700","-0.4200","-0.7500","-0.4200","-0.7900","0.3027","-0.5100","-0.6800","-0.5600","-0.6000","-0.6600","-0.6300","-0.6000","20.3600","37.3900","42.8600","30.0900","43.4700","23.1000","100.0000","22.8000","37.3900","20.6700","28.2700","30.0900","31.9100","34.3500","329","4/1/2025 16:37","1","1","1.0000","0.0800","0.0800","168.0000","169.0000","197.0000","212.0000","185.0000","-0.5300","-0.4068","-0.5100","-0.5300","-0.3400","49.2400","48.9400","40.4300","35.8700","44.0700","6","0","24.0100","251.0000","-0.5800","0.0000","24.0100","251.0000","-0.7300","0","24.0100","251.0000","-0.9100","0","17.3300","273.0000","-0.5500","0.0000","17.3300","273.0000","-0.7400","0","17.3300","273.0000","-0.9300","0.0000","24.0100","251.0000","-1.2300","0.0000","17.3300","273.0000","-1.3900","0.0000","97.8700","8.0000","-0.1400","0","97.8700","8.0000","-0.1400","0.0000","97.8700","8.0000","-0.1300","0","97.8700","8.0000","-0.1500","7","11","0"
"AAD2023.06.02752","367","34117","38","Wright State University","Chemistry, Department of","Chemistry","8","283.0000","17","294.0000","6","275.0000","2.8300","299.0000","207","294.0000","6","275.0000","0.8600","301.0000","1","273.0000","1","278.0000","475398.0000","276.0000","2","255.0000","2","237.0000","0","207.0000","0","207.0000","19","17","5","17","18","0.0000","-0.9400","207.0000","37.3900","0.0000","-0.6300","207.0000","37.3900","0.7500","-0.4400","259.0000","21.5800","2.1300","-1.0400","287.0000","13.0700","0.7500","-0.4400","262.0000","20.6700","25.8800","-0.7700","288.0000","12.7700","12.1800","-0.8300","272.0000","17.6300","0.1300","-1.2800","282.0000","14.5900","0.1300","-1.1000","285.0000","13.6800","59424.7500","-0.8000","268.0000","18.8500","475398.0000","0.2000","131.0000","60.4900","0.2500","-0.6000","242.0000","26.7500","0.2500","-0.6600","223.0000","32.5200","-1.1000","274.0000","17.0200","-0.7500","-0.8700","-0.9000","-0.9400","-0.9000","-1.0900","-0.7312","-0.5100","-0.6800","-0.5800","-0.6300","-0.7700","-0.7700","-0.9400","28.2700","37.3900","16.7200","17.3300","16.7200","9.4200","8.8100","22.8000","37.3900","10.9400","16.4100","15.8100","10.9400","14.2900","329","4/1/2025 16:37","6","4","1.5000","0.7500","0.5000","73.0000","147.0000","110.0000","46.0000","2.0000","0.3300","-0.1807","-0.1700","0.8800","3.3900","78.1200","55.6200","66.8700","86.3200","99.7000","6","1","38.6000","203.0000","-0.4600","0.1300","45.5900","180.0000","-0.2700","1","43.7700","186.0000","-0.6000","1","23.7100","252.0000","-0.5300","0.1300","24.9200","248.0000","-0.6600","1","28.8800","235.0000","-0.7800","0.1300","51.9800","159.0000","-0.0300","0.1300","31.3100","227.0000","-0.7200","0.0000","97.8700","8.0000","-0.1400","0","97.8700","8.0000","-0.1400","0.0000","97.8700","8.0000","-0.1300","0","97.8700","8.0000","-0.1500","7","11","0"
"AAD2023.06.02752","377","34127","38","Boise State University","Chemistry and Biochemistry, Department of","Chemistry","15","175.0000","99","195.0000","14","165.0000","7.0700","211.0000","1993","184.0000","14","169.0000","0.9300","281.0000","10","130.0000","17","148.0000","6541121.0000","160.0000","12","156.0000","7","155.0000","1","147.0000","1","125.0000","19","17","5","17","18","0.0700","-0.0100","148.0000","55.3200","0.0700","-0.2600","167.0000","49.5400","0.9300","0.4400","146.0000","55.9300","6.6000","-0.4800","200.0000","39.5100","0.9300","0.4200","156.0000","52.8900","132.8700","-0.4600","189.0000","42.8600","20.1300","-0.1900","166.0000","49.8500","0.6700","0.6900","95.0000","71.4300","1.1300","0.0000","143.0000","56.8400","436074.7300","-0.2800","159.0000","51.9800","384771.8200","-0.1600","189.0000","42.8600","0.8000","-0.3000","151.0000","54.4100","0.4700","0.0700","152.0000","54.1000","-0.5000","183.0000","44.6800","-0.3300","-0.2800","-0.2600","-0.1000","-0.2600","-0.5500","-0.1798","-0.3800","-0.4000","-0.4400","-0.4100","-0.3400","-0.5100","-0.3500","53.1900","62.3100","48.9400","60.7900","50.1500","36.1700","14.8900","52.8900","55.6200","44.3800","51.6700","55.3200","41.0300","47.1100","329","4/1/2025 16:37","7","1","7.0000","0.4700","0.0700","168.0000","8.0000","103.0000","83.0000","204.0000","-0.5300","2.3067","-0.1000","0.2800","-0.4900","49.2400","97.8700","69.0000","75.0800","38.3000","6","2","50.4600","164.0000","-0.3300","0.1300","47.1100","175.0000","-0.2400","2","55.9300","146.0000","-0.2900","3","33.7400","219.0000","-0.5000","0.2000","29.7900","232.0000","-0.6100","2","41.3400","194.0000","-0.6300","0.1300","54.7100","150.0000","0.0400","0.1300","32.8300","222.0000","-0.6800","0.0000","97.8700","8.0000","-0.1400","0","97.8700","8.0000","-0.1400","0.0000","97.8700","8.0000","-0.1300","0","97.8700","8.0000","-0.1500","7","11","0"
"AAD2023.06.02752","397","34144","38","University of Arkansas at Little Rock","Chemistry, Department of","Chemistry","10","250.0000","42","249.0000","9","229.0000","4.6700","266.0000","686","248.0000","8","246.0000","0.8000","308.0000","3","231.0000","4","240.0000","2431071.0000","216.0000","1","269.0000","1","263.0000","0","207.0000","0","207.0000","19","17","5","17","18","0.0000","-0.9400","207.0000","37.3900","0.0000","-0.6300","207.0000","37.3900","0.9000","0.2800","186.0000","43.7700","4.2000","-0.7800","246.0000","25.5300","0.8000","-0.2000","247.0000","25.2300","68.6000","-0.6400","243.0000","26.4400","16.3300","-0.4900","219.0000","33.7400","0.3000","-0.6500","229.0000","30.7000","0.4000","-0.8000","239.0000","27.6600","243107.1000","-0.5400","200.0000","39.5100","607767.7500","0.7400","64.0000","80.8500","0.1000","-0.6800","282.0000","14.5900","0.1000","-1.1600","280.0000","15.2000","-0.8000","221.0000","33.1300","-0.8400","-0.8700","-0.7400","-0.7500","-0.6600","-0.8500","-1.1447","-0.5300","-0.6800","-0.5400","-0.5600","-0.6900","-0.6900","-0.7700","20.3600","37.3900","25.5300","30.0900","30.7000","19.4500","6.6900","18.5400","37.3900","24.9200","34.6500","27.3600","24.6200","24.3200","329","4/1/2025 16:37","0","0","0.0000","0.0000","0.0000","241.0000","241.0000","241.0000","241.0000","241.0000","-0.8100","-0.8591","-0.5800","-0.7100","-1.0800","27.0500","27.0500","27.0500","27.0500","27.0500","6","0","24.0100","251.0000","-0.5800","0.0000","24.0100","251.0000","-0.7300","0","24.0100","251.0000","-0.9100","11","54.4100","151.0000","-0.3500","1.1000","65.3500","115.0000","-0.0200","2","41.3400","194.0000","-0.6300","0.0000","24.0100","251.0000","-1.2300","0.2000","41.6400","193.0000","-0.3200","0.0000","97.8700","8.0000","-0.1400","0","97.8700","8.0000","-0.1400","0.0000","97.8700","8.0000","-0.1300","0","97.8700","8.0000","-0.1500","7","11","0"
"AAD2023.06.02752","513","34272","38","West Texas A&M University","Chemistry and Physics, Department of","Chemistry","9","270.0000","21","284.0000","5","287.0000","4.2000","275.0000","284","285.0000","5","289.0000","0.6700","320.0000","2","249.0000","3","248.0000","738907.0000","261.0000","0","294.0000","0","294.0000","0","207.0000","0","207.0000","19","17","5","17","18","0.0000","-0.9400","207.0000","37.3900","0.0000","-0.6300","207.0000","37.3900","0.5600","-1.3800","294.0000","10.9400","2.3300","-1.0100","283.0000","14.2900","0.5600","-1.3500","292.0000","11.5500","31.5600","-0.7500","280.0000","15.2000","13.5200","-0.7200","260.0000","21.2800","0.2200","-0.9300","251.0000","24.0100","0.3300","-0.8700","243.0000","26.4400","82100.7800","-0.7700","256.0000","22.4900","246302.3300","-0.7200","259.0000","21.5800","0.0000","-0.7400","294.0000","10.9400","0.0000","-1.5000","294.0000","10.9400","-1.2000","288.0000","12.7700","-0.9200","-0.8700","-0.9800","-0.8500","-0.9800","-0.9100","-2.1096","-0.5400","-0.6800","-0.5700","-0.6200","-0.7200","-0.7500","-0.8500","10.9400","37.3900","12.4600","24.6200","13.0700","16.7200","3.0400","10.9400","37.3900","13.6800","20.9700","24.9200","13.9800","18.2400","329","4/1/2025 16:37","0","0","0.0000","0.0000","0.0000","241.0000","241.0000","241.0000","241.0000","241.0000","-0.8100","-0.8591","-0.5800","-0.7100","-1.0800","27.0500","27.0500","27.0500","27.0500","27.0500","6","0","24.0100","251.0000","-0.5800","0.0000","24.0100","251.0000","-0.7300","0","24.0100","251.0000","-0.9100","0","17.3300","273.0000","-0.5500","0.0000","17.3300","273.0000","-0.7400","0","17.3300","273.0000","-0.9300","0.0000","24.0100","251.0000","-1.2300","0.0000","17.3300","273.0000","-1.3900","0.0000","97.8700","8.0000","-0.1400","0","97.8700","8.0000","-0.1400","0.0000","97.8700","8.0000","-0.1300","0","97.8700","8.0000","-0.1500","7","11","0"
"AAD2023.06.02752","25","34363","38","Bowling Green State University","Chemistry, Department of","Chemistry","9","270.0000","74","215.0000","8","246.0000","9.2500","168.0000","1003","223.0000","8","246.0000","1.0000","1.0000","7","172.0000","14","165.0000","3509903.0000","197.0000","12","156.0000","6","168.0000","0","207.0000","0","207.0000","19","17","5","17","18","0.0000","-0.9400","207.0000","37.3900","0.0000","-0.6300","207.0000","37.3900","0.8900","0.2300","194.0000","41.3400","8.2200","-0.2800","172.0000","48.0200","0.8900","0.2100","198.0000","40.1200","111.4400","-0.5200","203.0000","38.6000","13.5500","-0.7200","259.0000","21.5800","0.7800","1.0900","52.0000","84.5000","1.5600","0.4500","99.0000","70.2100","389989.2200","-0.3400","171.0000","48.3300","250707.3600","-0.7100","256.0000","22.4900","1.3300","-0.0200","98.0000","70.5200","0.6700","0.7400","91.0000","72.6400","-0.2000","124.0000","62.6100","-0.4100","-0.8700","-0.7400","-0.3800","-0.7400","-0.2700","0.3027","-0.3800","-0.6800","-0.5200","-0.5200","-0.4200","-0.5900","-0.8500","49.2400","37.3900","25.5300","48.0200","25.5300","49.2400","100.0000","52.8900","37.3900","32.5200","40.4300","50.1500","34.9500","18.2400","329","4/1/2025 16:37","2","2","1.0000","0.2200","0.2200","122.0000","169.0000","164.0000","132.0000","56.0000","-0.2400","-0.4068","-0.4400","-0.2400","0.9000","63.2200","48.9400","50.4600","60.1800","83.2800","6","3","59.2700","135.0000","-0.2000","0.3300","85.4100","49.0000","0.4900","2","55.9300","146.0000","-0.2900","6","41.9500","192.0000","-0.4400","0.6700","52.5800","157.0000","-0.3000","3","48.9400","169.0000","-0.4800","0.2200","81.7600","61.0000","0.9000","0.3300","63.2200","122.0000","0.3900","0.0000","97.8700","8.0000","-0.1400","0","97.8700","8.0000","-0.1400","0.0000","97.8700","8.0000","-0.1300","0","97.8700","8.0000","-0.1500","7","11","0"
"AAD2023.06.02752","388","34439","38","Rochester Institute of Technology","Chemistry and Materials Science, School of","Chemistry","17","150.0000","143","158.0000","17","130.0000","8.4100","183.0000","4817","118.0000","16","140.0000","0.9400","273.0000","6","188.0000","10","198.0000","2763205.0000","210.0000","7","190.0000","4","199.0000","2","105.0000","2","69.0000","19","17","5","17","18","0.1200","0.6900","70.0000","79.0300","0.1200","0.0200","109.0000","67.1700","1.0000","0.7700","1.0000","100.0000","8.4100","-0.2500","164.0000","50.4600","0.9400","0.4600","145.0000","56.2300","283.3500","-0.0200","113.0000","65.9600","33.6900","0.9100","51.0000","84.8000","0.3500","-0.4500","221.0000","33.1300","0.5900","-0.5900","219.0000","33.7400","162541.4700","-0.6500","220.0000","33.4300","276320.5000","-0.6000","242.0000","26.7500","0.4100","-0.5100","209.0000","36.7800","0.2400","-0.7100","230.0000","30.4000","-0.5000","183.0000","44.6800","-0.5800","0.3100","-0.1000","-0.4700","-0.0200","-0.3800","-0.1230","-0.4500","-0.1200","-0.2300","-0.5500","-0.5300","-0.3700","-0.1800","39.8200","79.3300","57.7500","43.1600","60.7900","44.6800","17.3300","42.5500","68.3900","64.4400","36.4700","40.1200","52.2800","54.7100","329","4/1/2025 16:37","9","2","4.5000","0.5300","0.1200","122.0000","38.0000","81.0000","71.0000","148.0000","-0.2400","1.1760","0.0400","0.4100","-0.0300","63.2200","88.7500","75.6800","78.7200","55.3200","6","1","38.6000","203.0000","-0.4600","0.0600","27.3600","240.0000","-0.5200","2","55.9300","146.0000","-0.2900","8","48.9400","169.0000","-0.4100","0.4700","42.5500","190.0000","-0.4300","3","48.9400","169.0000","-0.4800","0.1200","49.5400","167.0000","-0.1100","0.1800","38.3000","204.0000","-0.4500","0.0600","100.0000","1.0000","10.3600","1","99.7000","2.0000","5.6400","0.0600","99.7000","2.0000","8.6600","1","100.0000","1.0000","6.7700","7","11","0"
"AAD2023.06.02752","263","34467","38","University of Colorado Boulder","Chemistry, Department of","Chemistry","27","65.0000","585","46.0000","27","57.0000","21.6700","31.0000","20454","39.0000","27","58.0000","1.0000","1.0000","23","43.0000","76","39.0000","33077303.0000","62.0000","111","36.0000","25","40.0000","1","147.0000","1","125.0000","19","17","5","17","18","0.0400","-0.4200","201.0000","39.2100","0.0400","-0.4300","201.0000","39.2100","1.0000","0.7700","1.0000","100.0000","21.6700","1.4000","28.0000","91.7900","1.0000","0.7300","1.0000","100.0000","757.5600","1.3700","29.0000","91.4900","34.9600","1.0100","45.0000","86.6300","0.8500","1.3600","24.0000","93.0100","2.8100","1.8200","20.0000","94.2200","1225085.3000","0.8200","56.0000","83.2800","435227.6700","0.0400","157.0000","52.5800","4.1100","1.4900","25.0000","92.7100","0.9300","1.6100","17.0000","95.1400","0.7000","30.0000","91.1900","1.2100","-0.2800","0.7800","1.1200","0.7800","1.3100","0.3027","0.9600","-0.4000","0.9500","0.5500","1.2800","1.0200","0.6600","88.1500","62.3100","82.6700","87.2300","82.9800","90.8800","100.0000","89.3600","55.6200","88.4500","81.4600","88.4500","86.3200","80.5500","329","4/1/2025 16:37","28","8","3.5000","1.0400","0.3000","29.0000","50.0000","26.0000","24.0000","29.0000","1.4600","0.7238","1.3500","1.4800","1.5700","91.4900","85.1100","92.4000","93.0100","91.4900","6","7","79.9400","67.0000","0.3000","0.2600","71.7300","94.0000","0.2200","4","77.8100","74.0000","0.3400","34","75.0800","83.0000","0.0500","1.2600","67.4800","108.0000","0.0900","8","72.0400","93.0000","0.2800","0.1500","59.8800","133.0000","0.1900","0.3000","55.9300","146.0000","0.1900","0.0000","97.8700","8.0000","-0.1400","0","97.8700","8.0000","-0.1400","0.0000","97.8700","8.0000","-0.1300","0","97.8700","8.0000","-0.1500","7","11","0"
"AAD2023.06.02752","352","34483","38","Villanova University","Chemistry, Department of","Chemistry","17","150.0000","74","215.0000","13","178.0000","5.6900","242.0000","843","237.0000","13","178.0000","1.0000","1.0000","7","172.0000","12","180.0000","3123797.0000","203.0000","9","172.0000","6","168.0000","0","207.0000","0","207.0000","19","17","5","17","18","0.0000","-0.9400","207.0000","37.3900","0.0000","-0.6300","207.0000","37.3900","0.7600","-0.3700","258.0000","21.8800","4.3500","-0.7600","241.0000","27.0500","0.7600","-0.3700","261.0000","20.9700","49.5900","-0.7000","260.0000","21.2800","11.3900","-0.8900","275.0000","16.7200","0.4100","-0.2400","204.0000","38.3000","0.7100","-0.4700","203.0000","38.6000","183752.7600","-0.6200","216.0000","34.6500","260316.4200","-0.6700","252.0000","23.7100","0.5300","-0.4500","191.0000","42.2500","0.3500","-0.3100","196.0000","40.7300","-0.9000","235.0000","28.8800","-0.4100","-0.8700","-0.3400","-0.3800","-0.3400","-0.7200","0.3027","-0.4200","-0.6800","-0.5300","-0.5400","-0.4700","-0.5900","-0.1800","49.2400","37.3900","46.2000","48.0200","46.2000","26.7500","100.0000","48.0200","37.3900","28.2700","38.6000","45.5900","34.9500","54.7100","329","4/1/2025 16:37","4","2","2.0000","0.2400","0.1200","122.0000","105.0000","134.0000","130.0000","148.0000","-0.2400","0.0454","-0.3100","-0.2100","-0.0300","63.2200","68.3900","59.5700","60.7900","55.3200","6","1","38.6000","203.0000","-0.4600","0.0600","27.3600","240.0000","-0.5200","1","43.7700","186.0000","-0.6000","7","45.2900","181.0000","-0.4300","0.4100","38.9100","202.0000","-0.4700","2","41.3400","194.0000","-0.6300","0.0600","28.8800","235.0000","-0.6700","0.1200","29.4800","233.0000","-0.7600","0.0000","97.8700","8.0000","-0.1400","0","97.8700","8.0000","-0.1400","0.0000","97.8700","8.0000","-0.1300","0","97.8700","8.0000","-0.1500","7","11","0"
"AAD2023.06.02752","200","34793","38","Stevens Institute of Technology","Chemistry and Chemical Biology, Department of","Chemistry","7","297.0000","48","241.0000","7","263.0000","6.8600","215.0000","1292","216.0000","7","263.0000","1.0000","1.0000","4","215.0000","5","231.0000","3074777.0000","205.0000","1","269.0000","1","263.0000","0","207.0000","0","207.0000","19","17","5","17","18","0.0000","-0.9400","207.0000","37.3900","0.0000","-0.6300","207.0000","37.3900","1.0000","0.7700","1.0000","100.0000","6.8600","-0.4500","195.0000","41.0300","1.0000","0.7300","1.0000","100.0000","184.5700","-0.3000","159.0000","51.9800","26.9200","0.3600","92.0000","72.3400","0.5700","0.3400","142.0000","57.1400","0.7100","-0.4600","202.0000","38.9100","439253.8600","-0.2700","158.0000","52.2800","614955.4000","0.7700","61.0000","81.7600","0.1400","-0.6600","268.0000","18.8500","0.1400","-1.0200","257.0000","22.1900","-0.4000","159.0000","51.9800","-0.8400","-0.8700","-0.8200","-0.6600","-0.8200","-0.5800","0.3027","-0.5300","-0.6800","-0.5000","-0.5400","-0.6600","-0.6700","-1.0200","20.3600","37.3900","20.3600","34.9500","20.3600","34.9500","100.0000","18.5400","37.3900","34.6500","37.9900","30.0900","27.0500","10.0300","329","4/1/2025 16:37","1","1","1.0000","0.1400","0.1400","168.0000","169.0000","197.0000","170.0000","120.0000","-0.5300","-0.4068","-0.5100","-0.4100","0.1900","49.2400","48.9400","40.4300","48.6300","63.8300","6","0","24.0100","251.0000","-0.5800","0.0000","24.0100","251.0000","-0.7300","0","24.0100","251.0000","-0.9100","11","54.4100","151.0000","-0.3500","1.5700","75.0800","83.0000","0.2900","2","41.3400","194.0000","-0.6300","0.0000","24.0100","251.0000","-1.2300","0.2900","54.7100","150.0000","0.1400","0.0000","97.8700","8.0000","-0.1400","0","97.8700","8.0000","-0.1400","0.0000","97.8700","8.0000","-0.1300","0","97.8700","8.0000","-0.1500","7","11","0"
"AAD2023.06.02752","12","34881","38","Arizona State University","Molecular Sciences, School of","Chemistry","68","1.0000","1085","12.0000","68","1.0000","15.9600","84.0000","24079","28.0000","68","1.0000","1.0000","1.0000","46","4.0000","136","9.0000","77610781.0000","18.0000","160","22.0000","48","4.0000","17","4.0000","7","2.0000","19","17","5","17","18","0.1000","0.4900","88.0000","73.5600","0.2500","0.7600","40.0000","88.1500","1.0000","0.7700","1.0000","100.0000","15.9600","0.6900","73.0000","78.1200","1.0000","0.7300","1.0000","100.0000","354.1000","0.1900","94.0000","71.7300","22.1900","-0.0200","134.0000","59.5700","0.6800","0.7200","94.0000","71.7300","2.0000","0.9400","62.0000","81.4600","1141335.0100","0.7000","63.0000","81.1600","570667.5100","0.5900","78.0000","76.6000","2.3500","0.5400","57.0000","82.9800","0.7100","0.8700","82.0000","75.3800","0.4000","52.0000","84.5000","3.1800","3.2400","4.0700","3.2700","4.0800","0.5800","0.3027","1.6300","4.0600","1.2300","2.1600","2.9200","2.5900","4.1100","99.0900","99.7000","100.0000","99.0900","100.0000","74.7700","100.0000","93.6200","99.0900","91.7900","94.8300","97.5700","96.6600","100.0000","329","4/1/2025 16:37","109","23","4.7400","1.6000","0.3400","1.0000","32.0000","1.0000","10.0000","13.0000","5.7300","1.2846","6.9300","2.6800","1.9400","100.0000","90.5800","100.0000","97.2600","96.3500","6","24","99.0900","4.0000","2.4400","0.3500","86.9300","44.0000","0.5600","19","100.0000","1.0000","5.0200","207","97.5700","9.0000","3.0900","3.0400","92.1000","27.0000","1.2600","28","99.3900","3.0000","3.3200","0.2800","90.5800","32.0000","1.4400","0.4100","75.3800","82.0000","0.8100","0.0000","97.8700","8.0000","-0.1400","0","97.8700","8.0000","-0.1400","0.0000","97.8700","8.0000","-0.1300","0","97.8700","8.0000","-0.1500","7","11","0"
"AAD2023.06.02752","539123","35161","38","University of Texas at Tyler, The","Chemistry and Biochemistry, Department of","Chemistry","8","283.0000","11","305.0000","4","295.0000","2.7500","301.0000","52","317.0000","4","294.0000","1.0000","1.0000","0","299.0000","0","299.0000","0.0000","299.0000","1","269.0000","1","263.0000","0","207.0000","0","207.0000","19","17","5","17","18","0.0000","-0.9400","207.0000","37.3900","0.0000","-0.6300","207.0000","37.3900","0.5000","-1.6500","296.0000","10.3300","1.3800","-1.1300","306.0000","7.2900","0.5000","-1.6100","297.0000","10.0300","6.5000","-0.8200","319.0000","3.3400","4.7300","-1.4300","320.0000","3.0400","0.0000","-1.7300","299.0000","9.4200","0.0000","-1.2300","299.0000","9.4200","0.0000","-0.8800","299.0000","9.4200","0.0000","-1.7200","299.0000","9.4200","0.1300","-0.6700","275.0000","16.7200","0.1300","-1.0800","266.0000","19.4500","-1.3000","306.0000","7.2900","-0.8400","-0.8700","-1.0700","-1.0300","-1.0600","-1.1000","0.3027","-0.5300","-0.6800","-0.5900","-0.6500","-0.8000","-0.7900","-0.9400","20.3600","37.3900","10.9400","9.4200","10.6400","8.8100","100.0000","18.5400","37.3900","3.9500","9.4200","9.4200","7.6000","14.2900","329","4/1/2025 16:37","0","0","0.0000","0.0000","0.0000","241.0000","241.0000","241.0000","241.0000","241.0000","-0.8100","-0.8591","-0.5800","-0.7100","-1.0800","27.0500","27.0500","27.0500","27.0500","27.0500","6","0","24.0100","251.0000","-0.5800","0.0000","24.0100","251.0000","-0.7300","0","24.0100","251.0000","-0.9100","2","29.1800","234.0000","-0.5100","0.2500","33.4300","220.0000","-0.5800","1","28.8800","235.0000","-0.7800","0.0000","24.0100","251.0000","-1.2300","0.1300","31.3100","227.0000","-0.7200","0.0000","97.8700","8.0000","-0.1400","0","97.8700","8.0000","-0.1400","0.0000","97.8700","8.0000","-0.1300","0","97.8700","8.0000","-0.1500","7","11","0"
"AAD2023.06.02752","92","35429","38","Illinois Institute of Technology","Chemistry, Department of","Chemistry","13","201.0000","236","114.0000","12","187.0000","19.6700","49.0000","3266","153.0000","12","189.0000","1.0000","1.0000","5","203.0000","11","190.0000","6327208.0000","163.0000","3","230.0000","3","216.0000","0","207.0000","0","207.0000","19","17","5","17","18","0.0000","-0.9400","207.0000","37.3900","0.0000","-0.6300","207.0000","37.3900","0.9200","0.3900","157.0000","52.5800","18.1500","0.9600","54.0000","83.8900","0.9200","0.3700","163.0000","50.7600","251.2300","-0.1100","126.0000","62.0100","13.8400","-0.6900","252.0000","23.7100","0.3800","-0.3400","215.0000","34.9500","0.8500","-0.3100","182.0000","44.9800","486708.3100","-0.2100","148.0000","55.3200","575200.7300","0.6100","72.0000","78.4200","0.2300","-0.6100","249.0000","24.6200","0.2300","-0.7200","233.0000","29.4800","-0.5000","183.0000","44.6800","-0.6700","-0.8700","-0.4200","-0.5700","-0.4200","1.0500","0.3027","-0.5000","-0.6800","-0.3500","-0.4200","-0.5000","-0.0800","-0.5200","34.6500","37.3900","42.8600","38.6000","43.4700","85.4100","100.0000","30.4000","37.3900","53.8000","50.7600","42.5500","65.6500","39.2100","329","4/1/2025 16:37","0","0","0.0000","0.0000","0.0000","241.0000","241.0000","241.0000","241.0000","241.0000","-0.8100","-0.8591","-0.5800","-0.7100","-1.0800","27.0500","27.0500","27.0500","27.0500","27.0500","6","4","66.8700","110.0000","-0.0800","0.3100","80.5500","65.0000","0.4000","2","55.9300","146.0000","-0.2900","26","71.1200","96.0000","-0.0900","2.0000","82.6700","58.0000","0.5700","7","68.0900","106.0000","0.1300","0.1500","61.4000","128.0000","0.2400","0.5400","94.8300","18.0000","1.4800","0.0000","97.8700","8.0000","-0.1400","0","97.8700","8.0000","-0.1400","0.0000","97.8700","8.0000","-0.1300","0","97.8700","8.0000","-0.1500","7","11","0"
"AAD2023.06.02752","197","35573","38","St. John's University","Chemistry, Department of","Chemistry","16","161.0000","17","294.0000","10","208.0000","1.7000","318.0000","350","277.0000","8","246.0000","0.8000","308.0000","3","231.0000","4","240.0000","1518043.0000","235.0000","3","230.0000","3","216.0000","2","105.0000","1","125.0000","19","17","5","17","18","0.0600","-0.0700","155.0000","53.1900","0.1300","0.0600","97.0000","70.8200","0.6300","-1.0500","282.0000","14.5900","1.0600","-1.1700","313.0000","5.1700","0.5000","-1.6100","297.0000","10.0300","21.8800","-0.7800","290.0000","12.1600","20.5900","-0.1500","155.0000","53.1900","0.1900","-1.0500","261.0000","20.9700","0.2500","-0.9600","259.0000","21.5800","94877.6900","-0.7500","251.0000","24.0100","379510.7500","-0.1800","193.0000","41.6400","0.1900","-0.6400","257.0000","22.1900","0.1900","-0.8700","244.0000","26.1400","-1.2000","288.0000","12.7700","-0.6700","-0.2800","-0.7400","-0.7500","-0.5800","-1.2300","-1.1447","-0.5000","-0.1200","-0.5700","-0.5900","-0.6900","-0.7700","-0.2700","34.6500","62.3100","25.5300","30.0900","37.0800","3.6500","6.6900","30.4000","68.3900","16.1100","28.8800","27.3600","10.9400","51.3700","329","4/1/2025 16:37","0","0","0.0000","0.0000","0.0000","241.0000","241.0000","241.0000","241.0000","241.0000","-0.8100","-0.8591","-0.5800","-0.7100","-1.0800","27.0500","27.0500","27.0500","27.0500","27.0500","6","0","24.0100","251.0000","-0.5800","0.0000","24.0100","251.0000","-0.7300","0","24.0100","251.0000","-0.9100","0","17.3300","273.0000","-0.5500","0.0000","17.3300","273.0000","-0.7400","0","17.3300","273.0000","-0.9300","0.0000","24.0100","251.0000","-1.2300","0.0000","17.3300","273.0000","-1.3900","0.0000","97.8700","8.0000","-0.1400","0","97.8700","8.0000","-0.1400","0.0000","97.8700","8.0000","-0.1300","0","97.8700","8.0000","-0.1500","7","11","0"
"AAD2023.06.02752","63","35585","38","East Tennessee State University","Chemistry, Department of","Chemistry","11","232.0000","30","267.0000","9","229.0000","3.3300","289.0000","415","270.0000","9","228.0000","1.0000","1.0000","0","299.0000","0","299.0000","0.0000","299.0000","0","294.0000","0","294.0000","0","207.0000","0","207.0000","19","17","5","17","18","0.0000","-0.9400","207.0000","37.3900","0.0000","-0.6300","207.0000","37.3900","0.8200","-0.1100","235.0000","28.8800","2.7300","-0.9600","275.0000","16.7200","0.8200","-0.1200","238.0000","27.9600","37.7300","-0.7300","276.0000","16.4100","13.8300","-0.7000","253.0000","23.4000","0.0000","-1.7300","299.0000","9.4200","0.0000","-1.2300","299.0000","9.4200","0.0000","-0.8800","299.0000","9.4200","0.0000","-1.7200","299.0000","9.4200","0.0000","-0.7400","294.0000","10.9400","0.0000","-1.5000","294.0000","10.9400","-1.1000","274.0000","17.0200","-0.9200","-0.8700","-0.6600","-1.0300","-0.6600","-1.0200","0.3027","-0.5400","-0.6800","-0.5600","-0.6500","-0.8000","-0.7300","-0.6900","10.9400","37.3900","31.0000","9.4200","30.7000","12.4600","100.0000","10.9400","37.3900","18.2400","9.4200","9.4200","19.1500","29.7900","329","4/1/2025 16:37","0","0","0.0000","0.0000","0.0000","241.0000","241.0000","241.0000","241.0000","241.0000","-0.8100","-0.8591","-0.5800","-0.7100","-1.0800","27.0500","27.0500","27.0500","27.0500","27.0500","6","0","24.0100","251.0000","-0.5800","0.0000","24.0100","251.0000","-0.7300","0","24.0100","251.0000","-0.9100","0","17.3300","273.0000","-0.5500","0.0000","17.3300","273.0000","-0.7400","0","17.3300","273.0000","-0.9300","0.0000","24.0100","251.0000","-1.2300","0.0000","17.3300","273.0000","-1.3900","0.0000","97.8700","8.0000","-0.1400","0","97.8700","8.0000","-0.1400","0.0000","97.8700","8.0000","-0.1300","0","97.8700","8.0000","-0.1500","7","11","0"
"AAD2023.06.02752","154","35601","38","Nova Southeastern University","Chemistry and Physics, Department of","Chemistry","19","123.0000","39","253.0000","16","139.0000","2.4400","309.0000","319","280.0000","17","131.0000","1.0000","1.0000","1","273.0000","1","278.0000","40370.0000","298.0000","3","230.0000","2","237.0000","0","207.0000","0","207.0000","19","17","5","17","18","0.0000","-0.9400","207.0000","37.3900","0.0000","-0.6300","207.0000","37.3900","0.8400","0.0000","219.0000","33.7400","2.0500","-1.0500","291.0000","11.8500","0.8900","0.2400","194.0000","41.3400","16.7900","-0.7900","298.0000","9.7300","8.1800","-1.1500","307.0000","6.9900","0.0500","-1.5400","298.0000","9.7300","0.0500","-1.1800","298.0000","9.7300","2124.7400","-0.8800","298.0000","9.7300","40370.0000","-1.5600","298.0000","9.7300","0.1600","-0.6500","265.0000","19.7600","0.1100","-1.1400","279.0000","15.5000","-1.2000","288.0000","12.7700","-0.7500","-0.8700","-0.0200","-0.9400","-0.1000","-1.1400","0.3027","-0.5000","-0.6800","-0.5700","-0.6500","-0.7700","-0.7000","-0.0100","28.2700","37.3900","60.4900","17.3300","58.0500","6.3800","100.0000","30.4000","37.3900","15.2000","9.7300","15.8100","23.4000","62.9200","329","4/1/2025 16:37","1","1","1.0000","0.0500","0.0500","168.0000","169.0000","197.0000","229.0000","222.0000","-0.5300","-0.4068","-0.5100","-0.6000","-0.6100","49.2400","48.9400","40.4300","30.7000","32.8300","6","0","24.0100","251.0000","-0.5800","0.0000","24.0100","251.0000","-0.7300","0","24.0100","251.0000","-0.9100","0","17.3300","273.0000","-0.5500","0.0000","17.3300","273.0000","-0.7400","0","17.3300","273.0000","-0.9300","0.0000","24.0100","251.0000","-1.2300","0.0000","17.3300","273.0000","-1.3900","0.0000","97.8700","8.0000","-0.1400","0","97.8700","8.0000","-0.1400","0.0000","97.8700","8.0000","-0.1300","0","97.8700","8.0000","-0.1500","7","11","0"
"AAD2023.06.02752","285","35672","38","University of Louisiana at Monroe, The","Chemistry, Department of","Chemistry","4","319.0000","11","305.0000","4","295.0000","2.7500","301.0000","160","296.0000","4","294.0000","1.0000","1.0000","1","273.0000","1","278.0000","83798.0000","294.0000","0","294.0000","0","294.0000","0","207.0000","0","207.0000","19","17","5","17","18","0.0000","-0.9400","207.0000","37.3900","0.0000","-0.6300","207.0000","37.3900","1.0000","0.7700","1.0000","100.0000","2.7500","-0.9600","273.0000","17.3300","1.0000","0.7300","1.0000","100.0000","40.0000","-0.7300","272.0000","17.6300","14.5500","-0.6400","245.0000","25.8400","0.2500","-0.8300","241.0000","27.0500","0.2500","-0.9600","259.0000","21.5800","20949.5000","-0.8500","290.0000","12.1600","83798.0000","-1.3800","294.0000","10.9400","0.0000","-0.7400","294.0000","10.9400","0.0000","-1.5000","294.0000","10.9400","-1.1000","274.0000","17.0200","-0.9200","-0.8700","-1.0700","-0.9400","-1.0600","-1.1000","0.3027","-0.5400","-0.6800","-0.5800","-0.6500","-0.7700","-0.7900","-1.2700","10.9400","37.3900","10.9400","17.3300","10.6400","8.8100","100.0000","10.9400","37.3900","10.3300","10.9400","15.8100","7.6000","3.3400","329","4/1/2025 16:37","0","0","0.0000","0.0000","0.0000","241.0000","241.0000","241.0000","241.0000","241.0000","-0.8100","-0.8591","-0.5800","-0.7100","-1.0800","27.0500","27.0500","27.0500","27.0500","27.0500","6","0","24.0100","251.0000","-0.5800","0.0000","24.0100","251.0000","-0.7300","0","24.0100","251.0000","-0.9100","3","33.7400","219.0000","-0.5000","0.7500","56.2300","145.0000","-0.2500","1","28.8800","235.0000","-0.7800","0.0000","24.0100","251.0000","-1.2300","0.2500","47.4200","174.0000","-0.0500","0.0000","97.8700","8.0000","-0.1400","0","97.8700","8.0000","-0.1400","0.0000","97.8700","8.0000","-0.1300","0","97.8700","8.0000","-0.1500","7","11","0"
"AAD2023.06.02752","224","35718","38","Texas Woman's University","Chemistry and Biochemistry, Division of","Chemistry","9","270.0000","33","262.0000","6","275.0000","5.5000","245.0000","1978","186.0000","6","275.0000","0.8600","301.0000","0","299.0000","0","299.0000","0.0000","299.0000","0","294.0000","0","294.0000","0","207.0000","0","207.0000","19","17","5","17","18","0.0000","-0.9400","207.0000","37.3900","0.0000","-0.6300","207.0000","37.3900","0.6700","-0.8500","275.0000","16.7200","3.6700","-0.8400","253.0000","23.4000","0.6700","-0.8300","274.0000","17.0200","219.7800","-0.2000","140.0000","57.7500","59.9400","3.0300","6.0000","98.4800","0.0000","-1.7300","299.0000","9.4200","0.0000","-1.2300","299.0000","9.4200","0.0000","-0.8800","299.0000","9.4200","0.0000","-1.7200","299.0000","9.4200","0.0000","-0.7400","294.0000","10.9400","0.0000","-1.5000","294.0000","10.9400","-1.1000","274.0000","17.0200","-0.9200","-0.8700","-0.9000","-1.0300","-0.9000","-0.7500","-0.7312","-0.5400","-0.6800","-0.4400","-0.6500","-0.8000","-0.7200","-0.8500","10.9400","37.3900","16.7200","9.4200","16.7200","25.8400","8.8100","10.9400","37.3900","43.7700","9.4200","9.4200","20.6700","18.2400","329","4/1/2025 16:37","1","1","1.0000","0.1100","0.1100","168.0000","169.0000","197.0000","191.0000","156.0000","-0.5300","-0.4068","-0.5100","-0.4700","-0.0900","49.2400","48.9400","40.4300","42.2500","52.8900","6","0","24.0100","251.0000","-0.5800","0.0000","24.0100","251.0000","-0.7300","0","24.0100","251.0000","-0.9100","2","29.1800","234.0000","-0.5100","0.2200","31.3100","227.0000","-0.6000","1","28.8800","235.0000","-0.7800","0.0000","24.0100","251.0000","-1.2300","0.1100","29.1800","234.0000","-0.7900","0.0000","97.8700","8.0000","-0.1400","0","97.8700","8.0000","-0.1400","0.0000","97.8700","8.0000","-0.1300","0","97.8700","8.0000","-0.1500","7","11","0"
"AAD2023.06.02752","214","35781","38","Tennessee Technological University","Chemistry, Department of","Chemistry","14","189.0000","44","246.0000","11","195.0000","4.0000","278.0000","441","267.0000","11","198.0000","1.0000","1.0000","2","249.0000","2","260.0000","1540966.0000","233.0000","1","269.0000","1","263.0000","0","207.0000","0","207.0000","19","17","5","17","18","0.0000","-0.9400","207.0000","37.3900","0.0000","-0.6300","207.0000","37.3900","0.7900","-0.2700","250.0000","24.3200","3.1400","-0.9100","262.0000","20.6700","0.7900","-0.2700","253.0000","23.4000","31.5000","-0.7500","281.0000","14.8900","10.0200","-1.0000","288.0000","12.7700","0.1400","-1.2200","276.0000","16.4100","0.1400","-1.0800","281.0000","14.8900","110069.0000","-0.7300","240.0000","27.3600","770483.0000","1.4000","28.0000","91.7900","0.0700","-0.7000","291.0000","11.8500","0.0700","-1.2600","291.0000","11.8500","-1.1000","274.0000","17.0200","-0.8400","-0.8700","-0.5000","-0.8500","-0.5000","-0.9400","0.3027","-0.5300","-0.6800","-0.5600","-0.5900","-0.7500","-0.6800","-0.4300","20.3600","37.3900","40.1200","24.6200","41.0300","15.8100","100.0000","18.5400","37.3900","19.1500","29.4800","21.2800","25.5300","42.8600","329","4/1/2025 16:37","7","3","2.3300","0.5000","0.2100","94.0000","92.0000","103.0000","74.0000","61.0000","0.0400","0.1947","-0.1000","0.3500","0.8300","71.7300","72.3400","69.0000","77.8100","81.7600","6","1","38.6000","203.0000","-0.4600","0.0700","29.7900","232.0000","-0.4700","1","43.7700","186.0000","-0.6000","1","23.7100","252.0000","-0.5300","0.0700","19.1500","267.0000","-0.6900","1","28.8800","235.0000","-0.7800","0.0700","32.5200","223.0000","-0.5500","0.0700","21.5800","259.0000","-1.0100","0.0000","97.8700","8.0000","-0.1400","0","97.8700","8.0000","-0.1400","0.0000","97.8700","8.0000","-0.1300","0","97.8700","8.0000","-0.1500","7","11","0"
"AAD2023.06.02752","18","35810","38","Barry University","Chemistry and Physics, Department of","Chemistry","6","307.0000","95","197.0000","6","275.0000","15.8300","85.0000","5027","115.0000","6","275.0000","1.0000","1.0000","2","249.0000","2","260.0000","620024.0000","268.0000","2","255.0000","2","237.0000","0","207.0000","0","207.0000","19","17","5","17","18","0.0000","-0.9400","207.0000","37.3900","0.0000","-0.6300","207.0000","37.3900","1.0000","0.7700","1.0000","100.0000","15.8300","0.6700","74.0000","77.8100","1.0000","0.7300","1.0000","100.0000","837.8300","1.6000","22.0000","93.6200","52.9200","2.4600","9.0000","97.5700","0.3300","-0.5200","223.0000","32.5200","0.3300","-0.8700","243.0000","26.4400","103337.3300","-0.7400","244.0000","26.1400","310012.0000","-0.4700","227.0000","31.3100","0.3300","-0.5600","224.0000","32.2200","0.3300","-0.3800","197.0000","40.4300","-0.3000","145.0000","56.2300","-0.7500","-0.8700","-0.9000","-0.8500","-0.9000","0.5600","0.3027","-0.5100","-0.6800","-0.2100","-0.6300","-0.7500","-0.5200","-1.1100","28.2700","37.3900","16.7200","24.6200","16.7200","74.4700","100.0000","22.8000","37.3900","65.3500","18.8500","21.2800","40.4300","6.9900","329","4/1/2025 16:37","4","1","4.0000","0.6700","0.1700","168.0000","44.0000","134.0000","53.0000","98.0000","-0.5300","0.9499","-0.3100","0.7000","0.4100","49.2400","86.9300","59.5700","84.1900","70.5200","6","0","24.0100","251.0000","-0.5800","0.0000","24.0100","251.0000","-0.7300","0","24.0100","251.0000","-0.9100","5","39.8200","199.0000","-0.4600","0.8300","58.6600","137.0000","-0.1900","2","41.3400","194.0000","-0.6300","0.0000","24.0100","251.0000","-1.2300","0.3300","63.2200","122.0000","0.3900","0.0000","97.8700","8.0000","-0.1400","0","97.8700","8.0000","-0.1400","0.0000","97.8700","8.0000","-0.1300","0","97.8700","8.0000","-0.1500","7","11","0"
"AAD2023.06.02752","93","35861","38","Illinois State University","Chemistry, Department of","Chemistry","18","134.0000","116","181.0000","18","119.0000","6.4400","227.0000","1248","218.0000","18","120.0000","1.0000","1.0000","6","188.0000","12","180.0000","2625201.0000","213.0000","17","130.0000","10","116.0000","1","147.0000","1","125.0000","19","17","5","17","18","0.0600","-0.1700","170.0000","48.6300","0.0600","-0.3200","181.0000","45.2900","1.0000","0.7700","1.0000","100.0000","6.4400","-0.5000","206.0000","37.6900","1.0000","0.7300","1.0000","100.0000","69.3300","-0.6400","241.0000","27.0500","10.7600","-0.9400","283.0000","14.2900","0.3300","-0.5200","223.0000","32.5200","0.6700","-0.5100","206.0000","37.6900","145844.5000","-0.6800","228.0000","31.0000","218766.7500","-0.8400","271.0000","17.9300","0.9400","-0.2300","134.0000","59.5700","0.5600","0.3600","121.0000","63.5300","-0.5000","183.0000","44.6800","-0.0700","-0.2800","0.0600","-0.4700","0.0600","-0.6300","0.3027","-0.3100","-0.4000","-0.5000","-0.5500","-0.4700","-0.4600","-0.1000","65.0500","62.3100","63.8300","43.1600","64.1300","31.3100","100.0000","60.7900","55.6200","34.0400","35.5600","45.5900","45.2900","59.5700","329","4/1/2025 16:37","2","1","2.0000","0.1100","0.0600","168.0000","105.0000","164.0000","191.0000","216.0000","-0.5300","0.0454","-0.4400","-0.4700","-0.5900","49.2400","68.3900","50.4600","42.2500","34.6500","6","5","72.9500","90.0000","0.0500","0.2800","74.7700","84.0000","0.2900","3","69.3000","102.0000","0.0200","2","29.1800","234.0000","-0.5100","0.1100","23.7100","252.0000","-0.6700","2","41.3400","194.0000","-0.6300","0.1700","65.9600","113.0000","0.3600","0.1100","29.1800","234.0000","-0.7900","0.0000","97.8700","8.0000","-0.1400","0","97.8700","8.0000","-0.1400","0.0000","97.8700","8.0000","-0.1300","0","97.8700","8.0000","-0.1500","7","11","0"
"AAD2023.06.02752","91","35957","38","Idaho State University","Chemistry Department","Chemistry","10","250.0000","21","284.0000","4","295.0000","5.2500","250.0000","540","257.0000","4","294.0000","1.0000","1.0000","4","215.0000","6","222.0000","1809201.0000","226.0000","4","219.0000","4","199.0000","0","207.0000","0","207.0000","19","17","5","17","18","0.0000","-0.9400","207.0000","37.3900","0.0000","-0.6300","207.0000","37.3900","0.4000","-2.1400","309.0000","6.3800","2.1000","-1.0400","288.0000","12.7700","0.4000","-2.0700","308.0000","6.6900","54.0000","-0.6900","253.0000","23.4000","25.7100","0.2600","104.0000","68.6900","0.4000","-0.2800","206.0000","37.6900","0.6000","-0.5800","217.0000","34.3500","180920.1000","-0.6300","217.0000","34.3500","301533.5000","-0.5000","231.0000","30.0900","0.4000","-0.5200","211.0000","36.1700","0.4000","-0.1600","176.0000","46.8100","-1.0000","253.0000","23.4000","-0.5800","-0.8700","-1.0700","-0.6600","-1.0600","-0.7800","0.3027","-0.4900","-0.6800","-0.5500","-0.5800","-0.6400","-0.7500","-0.7700","39.8200","37.3900","10.9400","34.9500","10.6400","24.3200","100.0000","33.7400","37.3900","22.1900","31.6100","32.8300","13.9800","24.3200","329","4/1/2025 16:37","0","0","0.0000","0.0000","0.0000","241.0000","241.0000","241.0000","241.0000","241.0000","-0.8100","-0.8591","-0.5800","-0.7100","-1.0800","27.0500","27.0500","27.0500","27.0500","27.0500","6","1","38.6000","203.0000","-0.4600","0.1000","40.4300","197.0000","-0.3700","1","43.7700","186.0000","-0.6000","5","39.8200","199.0000","-0.4600","0.5000","44.6800","183.0000","-0.4100","3","48.9400","169.0000","-0.4800","0.1000","46.2000","178.0000","-0.2700","0.3000","56.8400","143.0000","0.2100","0.0000","97.8700","8.0000","-0.1400","0","97.8700","8.0000","-0.1400","0.0000","97.8700","8.0000","-0.1300","0","97.8700","8.0000","-0.1500","7","11","0"
"AAD2023.06.02752","537171","36080","38","Rowan University","Chemistry & Biochemistry, Department of","Chemistry","18","134.0000","190","129.0000","17","130.0000","11.1800","138.0000","3352","152.0000","18","120.0000","1.0000","1.0000","11","122.0000","21","127.0000","8805650.0000","136.0000","9","172.0000","5","183.0000","2","105.0000","1","125.0000","19","17","5","17","18","0.0600","-0.1700","170.0000","48.6300","0.1100","-0.0200","113.0000","65.9600","0.9400","0.5000","132.0000","60.1800","10.5600","0.0200","141.0000","57.4500","1.0000","0.7300","1.0000","100.0000","186.2200","-0.3000","155.0000","53.1900","17.6400","-0.3900","208.0000","37.0800","0.6100","0.4800","123.0000","62.9200","1.1700","0.0300","141.0000","57.4500","489202.7800","-0.2000","145.0000","56.2300","419316.6700","-0.0200","166.0000","49.8500","0.5000","-0.4700","192.0000","41.9500","0.2800","-0.5700","218.0000","34.0400","-0.3000","145.0000","56.2300","-0.5000","-0.2800","0.0600","0.0000","-0.0200","-0.0300","0.3027","-0.4200","-0.1200","-0.3400","-0.3300","-0.2300","-0.2200","-0.1000","44.6800","62.3100","63.8300","63.2200","60.7900","58.3600","100.0000","48.0200","68.3900","54.1000","58.9700","61.7000","61.0900","59.5700","329","4/1/2025 16:37","4","2","2.0000","0.2200","0.1100","122.0000","105.0000","134.0000","132.0000","156.0000","-0.2400","0.0454","-0.3100","-0.2400","-0.0900","63.2200","68.3900","59.5700","60.1800","52.8900","6","2","50.4600","164.0000","-0.3300","0.1100","43.1600","188.0000","-0.3200","2","55.9300","146.0000","-0.2900","10","52.8900","156.0000","-0.3700","0.5600","48.0200","172.0000","-0.3800","7","68.0900","106.0000","0.1300","0.1100","48.9400","169.0000","-0.1700","0.3900","72.3400","92.0000","0.6800","0.0000","97.8700","8.0000","-0.1400","0","97.8700","8.0000","-0.1400","0.0000","97.8700","8.0000","-0.1300","0","97.8700","8.0000","-0.1500","7","11","0"
"AAD2023.06.02752","729173","36108","38","Saint Joseph's University","Chemistry, Department of","Chemistry","8","283.0000","23","277.0000","7","263.0000","3.2900","295.0000","456","265.0000","7","263.0000","0.8800","299.0000","1","273.0000","1","278.0000","1036524.0000","251.0000","4","219.0000","3","216.0000","2","105.0000","1","125.0000","19","17","5","17","18","0.1300","0.8000","59.0000","82.3700","0.2500","0.7600","40.0000","88.1500","0.8800","0.1600","204.0000","38.3000","2.8800","-0.9400","269.0000","18.5400","0.8800","0.1500","206.0000","37.6900","57.0000","-0.6800","250.0000","24.3200","19.8300","-0.2100","175.0000","47.1100","0.1300","-1.2800","282.0000","14.5900","0.1300","-1.1000","285.0000","13.6800","129565.5000","-0.7000","233.0000","29.4800","1036524.0000","2.4800","6.0000","98.4800","0.5000","-0.4700","192.0000","41.9500","0.3800","-0.2400","187.0000","43.4700","-0.9000","235.0000","28.8800","-0.6700","-0.2800","-0.8200","-0.9400","-0.8200","-1.0300","-0.6019","-0.4900","-0.1200","-0.5600","-0.6100","-0.7700","-0.7500","-0.9400","34.6500","62.3100","20.3600","17.3300","20.3600","10.6400","9.4200","33.7400","68.3900","19.7600","24.0100","15.8100","16.1100","14.2900","329","4/1/2025 16:37","0","0","0.0000","0.0000","0.0000","241.0000","241.0000","241.0000","241.0000","241.0000","-0.8100","-0.8591","-0.5800","-0.7100","-1.0800","27.0500","27.0500","27.0500","27.0500","27.0500","6","4","66.8700","110.0000","-0.0800","0.5000","94.5300","19.0000","1.1000","1","43.7700","186.0000","-0.6000","8","48.9400","169.0000","-0.4100","1.0000","63.5300","121.0000","-0.0800","4","53.1900","155.0000","-0.3300","0.1300","51.9800","159.0000","-0.0300","0.5000","90.5800","32.0000","1.2800","0.0000","97.8700","8.0000","-0.1400","0","97.8700","8.0000","-0.1400","0.0000","97.8700","8.0000","-0.1300","0","97.8700","8.0000","-0.1500","7","11","0"
"AAD2023.06.02752","16","36160","38","Azusa Pacific University","Biology and Chemistry, Department of","Chemistry","15","175.0000","6","315.0000","5","287.0000","1.2000","323.0000","68","313.0000","4","294.0000","0.8000","308.0000","0","299.0000","0","299.0000","0.0000","299.0000","0","294.0000","0","294.0000","0","207.0000","0","207.0000","19","17","5","17","18","0.0000","-0.9400","207.0000","37.3900","0.0000","-0.6300","207.0000","37.3900","0.3300","-2.4600","316.0000","4.2600","0.4000","-1.2500","324.0000","1.8200","0.2700","-2.7000","318.0000","3.6500","4.5300","-0.8300","322.0000","2.4300","11.3300","-0.9000","276.0000","16.4100","0.0000","-1.7300","299.0000","9.4200","0.0000","-1.2300","299.0000","9.4200","0.0000","-0.8800","299.0000","9.4200","0.0000","-1.7200","299.0000","9.4200","0.0000","-0.7400","294.0000","10.9400","0.0000","-1.5000","294.0000","10.9400","-1.4000","321.0000","2.7400","-0.9200","-0.8700","-1.0700","-1.0300","-0.9800","-1.3000","-1.1447","-0.5400","-0.6800","-0.5900","-0.6500","-0.8000","-0.8000","-0.3500","10.9400","37.3900","10.9400","9.4200","13.0700","2.1300","6.6900","10.9400","37.3900","5.1700","9.4200","9.4200","4.5600","47.1100","329","4/1/2025 16:37","0","0","0.0000","0.0000","0.0000","241.0000","241.0000","241.0000","241.0000","241.0000","-0.8100","-0.8591","-0.5800","-0.7100","-1.0800","27.0500","27.0500","27.0500","27.0500","27.0500","6","0","24.0100","251.0000","-0.5800","0.0000","24.0100","251.0000","-0.7300","0","24.0100","251.0000","-0.9100","0","17.3300","273.0000","-0.5500","0.0000","17.3300","273.0000","-0.7400","0","17.3300","273.0000","-0.9300","0.0000","24.0100","251.0000","-1.2300","0.0000","17.3300","273.0000","-1.3900","0.0000","97.8700","8.0000","-0.1400","0","97.8700","8.0000","-0.1400","0.0000","97.8700","8.0000","-0.1300","0","97.8700","8.0000","-0.1500","7","11","0"
"AAD2023.06.02752","57","36266","38","DePaul University","Chemistry and Biochemistry, Department of","Chemistry","14","189.0000","24","275.0000","7","263.0000","3.4300","288.0000","293","282.0000","6","275.0000","0.7500","314.0000","1","273.0000","1","278.0000","600564.0000","270.0000","3","230.0000","3","216.0000","1","147.0000","1","125.0000","19","17","5","17","18","0.0700","0.0500","141.0000","57.4500","0.0700","-0.2400","163.0000","50.7600","0.5000","-1.6500","296.0000","10.3300","1.7100","-1.0900","297.0000","10.0300","0.4300","-1.9400","306.0000","7.2900","20.9300","-0.7800","291.0000","11.8500","12.2100","-0.8300","270.0000","18.2400","0.0700","-1.4700","294.0000","10.9400","0.0700","-1.1600","295.0000","10.6400","42897.4300","-0.8200","277.0000","16.1100","600564.0000","0.7100","67.0000","79.9400","0.2100","-0.6200","253.0000","23.4000","0.2100","-0.7800","238.0000","27.9600","-1.2000","288.0000","12.7700","-0.6700","-0.2800","-0.9000","-0.9400","-0.8200","-1.0100","-1.5066","-0.5000","-0.4000","-0.5700","-0.6300","-0.7700","-0.7400","-0.4300","34.6500","62.3100","16.7200","17.3300","20.3600","12.7700","4.8600","30.4000","55.6200","14.5900","18.2400","15.8100","16.7200","42.8600","329","4/1/2025 16:37","1","1","1.0000","0.0700","0.0700","168.0000","169.0000","197.0000","221.0000","200.0000","-0.5300","-0.4068","-0.5100","-0.5600","-0.4400","49.2400","48.9400","40.4300","33.1300","39.5100","6","0","24.0100","251.0000","-0.5800","0.0000","24.0100","251.0000","-0.7300","0","24.0100","251.0000","-0.9100","0","17.3300","273.0000","-0.5500","0.0000","17.3300","273.0000","-0.7400","0","17.3300","273.0000","-0.9300","0.0000","24.0100","251.0000","-1.2300","0.0000","17.3300","273.0000","-1.3900","0.0000","97.8700","8.0000","-0.1400","0","97.8700","8.0000","-0.1400","0.0000","97.8700","8.0000","-0.1300","0","97.8700","8.0000","-0.1500","7","11","0"
"AAD2023.06.02752","65","36278","38","Eastern Michigan University","Chemistry, Department of","Chemistry","19","123.0000","36","257.0000","11","195.0000","3.2700","296.0000","1920","187.0000","11","198.0000","0.9200","286.0000","5","203.0000","6","222.0000","1627090.0000","229.0000","5","212.0000","3","216.0000","4","62.0000","3","45.0000","19","17","5","17","18","0.1600","1.2500","34.0000","89.9700","0.2100","0.5400","54.0000","83.8900","0.5800","-1.2700","291.0000","11.8500","1.8900","-1.0700","292.0000","11.5500","0.5800","-1.2400","291.0000","11.8500","101.0500","-0.5500","211.0000","36.1700","53.3300","2.4900","8.0000","97.8700","0.2600","-0.7800","239.0000","27.6600","0.3200","-0.8900","245.0000","25.8400","85636.3200","-0.7600","252.0000","23.7100","271181.6700","-0.6200","245.0000","25.8400","0.2600","-0.6000","241.0000","27.0500","0.1600","-0.9700","254.0000","23.1000","-1.0000","253.0000","23.4000","-0.6700","0.8900","-0.5000","-0.5700","-0.5000","-1.0300","-0.3004","-0.4700","0.4400","-0.4500","-0.5900","-0.6400","-0.7100","-0.0100","34.6500","86.6300","40.1200","38.6000","41.0300","10.3300","13.3700","35.8700","81.4600","43.4700","30.7000","32.8300","22.1900","62.9200","329","4/1/2025 16:37","0","0","0.0000","0.0000","0.0000","241.0000","241.0000","241.0000","241.0000","241.0000","-0.8100","-0.8591","-0.5800","-0.7100","-1.0800","27.0500","27.0500","27.0500","27.0500","27.0500","6","3","59.2700","135.0000","-0.2000","0.1600","51.9800","159.0000","-0.1500","3","69.3000","102.0000","0.0200","8","48.9400","169.0000","-0.4100","0.4200","39.5100","200.0000","-0.4600","2","41.3400","194.0000","-0.6300","0.1600","62.3100","125.0000","0.2800","0.1100","28.5700","236.0000","-0.8200","0.0000","97.8700","8.0000","-0.1400","0","97.8700","8.0000","-0.1400","0.0000","97.8700","8.0000","-0.1300","0","97.8700","8.0000","-0.1500","7","11","0"
"AAD2023.06.02752","554573","36316","38","Georgia Southern University","Biochemistry, Chemistry, and Physics, Department of","Chemistry","28","58.0000","154","150.0000","20","104.0000","7.7000","194.0000","3052","158.0000","21","95.0000","0.9500","267.0000","5","203.0000","7","218.0000","1609914.0000","230.0000","2","255.0000","2","237.0000","1","147.0000","1","125.0000","19","17","5","17","18","0.0400","-0.4400","202.0000","38.9100","0.0400","-0.4400","202.0000","38.9100","0.7100","-0.6200","265.0000","19.7600","5.5000","-0.6200","219.0000","33.7400","0.7500","-0.4400","262.0000","20.6700","109.0000","-0.5200","204.0000","38.3000","19.8200","-0.2100","176.0000","46.8100","0.1800","-1.0900","266.0000","19.4500","0.2500","-0.9600","259.0000","21.5800","57496.9300","-0.8000","270.0000","18.2400","229987.7100","-0.7900","265.0000","19.7600","0.0700","-0.7000","291.0000","11.8500","0.0700","-1.2600","291.0000","11.8500","-0.9000","235.0000","28.8800","-0.7500","-0.2800","0.3000","-0.5700","0.2200","-0.4700","-0.0263","-0.5100","-0.4000","-0.3600","-0.5900","-0.6100","-0.3400","0.7400","28.2700","62.3100","71.4300","38.6000","68.6900","41.3400","19.1500","22.8000","55.6200","52.2800","30.4000","34.0400","54.7100","82.6700","329","4/1/2025 16:37","2","2","1.0000","0.0700","0.0700","122.0000","169.0000","164.0000","221.0000","200.0000","-0.2400","-0.4068","-0.4400","-0.5600","-0.4400","63.2200","48.9400","50.4600","33.1300","39.5100","6","2","50.4600","164.0000","-0.3300","0.0700","29.7900","232.0000","-0.4700","1","43.7700","186.0000","-0.6000","5","39.8200","199.0000","-0.4600","0.1800","27.9600","238.0000","-0.6200","4","53.1900","155.0000","-0.3300","0.0400","24.6200","249.0000","-0.8900","0.1400","34.3500","217.0000","-0.6200","0.0000","97.8700","8.0000","-0.1400","0","97.8700","8.0000","-0.1400","0.0000","97.8700","8.0000","-0.1300","0","97.8700","8.0000","-0.1500","7","11","0"
"AAD2023.06.02752","86","36331","38","Hampton University","Chemistry and Biochemistry, Department of","Chemistry","11","232.0000","52","236.0000","9","229.0000","5.7800","238.0000","434","268.0000","9","228.0000","0.9000","290.0000","2","249.0000","2","260.0000","634044.0000","267.0000","7","190.0000","5","183.0000","0","207.0000","0","207.0000","19","17","5","17","18","0.0000","-0.9400","207.0000","37.3900","0.0000","-0.6300","207.0000","37.3900","0.8200","-0.1100","235.0000","28.8800","4.7300","-0.7100","232.0000","29.7900","0.8200","-0.1200","238.0000","27.9600","39.4500","-0.7300","274.0000","17.0200","8.3500","-1.1400","306.0000","7.2900","0.1800","-1.0700","263.0000","20.3600","0.1800","-1.0400","274.0000","17.0200","57640.3600","-0.8000","269.0000","18.5400","317022.0000","-0.4400","223.0000","32.5200","0.6400","-0.3900","175.0000","47.1100","0.4500","0.0300","157.0000","52.5800","-0.9000","235.0000","28.8800","-0.5000","-0.8700","-0.6600","-0.8500","-0.6600","-0.7100","-0.4210","-0.4500","-0.6800","-0.5600","-0.6300","-0.7500","-0.6600","-0.6900","44.6800","37.3900","31.0000","24.6200","30.7000","27.9600","12.1600","42.5500","37.3900","18.8500","19.1500","21.2800","28.5700","29.7900","329","4/1/2025 16:37","3","1","3.0000","0.2700","0.0900","168.0000","61.0000","147.0000","124.0000","176.0000","-0.5300","0.4977","-0.3700","-0.1300","-0.2700","49.2400","81.7600","55.6200","62.6100","46.8100","6","1","38.6000","203.0000","-0.4600","0.0900","35.8700","212.0000","-0.4000","1","43.7700","186.0000","-0.6000","1","23.7100","252.0000","-0.5300","0.0900","21.2800","260.0000","-0.6800","1","28.8800","235.0000","-0.7800","0.0900","40.4300","197.0000","-0.3600","0.0900","24.9200","248.0000","-0.9000","0.0000","97.8700","8.0000","-0.1400","0","97.8700","8.0000","-0.1400","0.0000","97.8700","8.0000","-0.1300","0","97.8700","8.0000","-0.1500","7","11","0"
"AAD2023.06.02752","130","36427","38","Mercer University","Chemistry, Department of","Chemistry","13","201.0000","22","281.0000","10","208.0000","2.2000","315.0000","186","295.0000","9","228.0000","0.8200","307.0000","1","273.0000","1","278.0000","688578.0000","264.0000","0","294.0000","0","294.0000","0","207.0000","0","207.0000","19","17","5","17","18","0.0000","-0.9400","207.0000","37.3900","0.0000","-0.6300","207.0000","37.3900","0.7700","-0.3500","256.0000","22.4900","1.6900","-1.0900","298.0000","9.7300","0.6900","-0.7100","272.0000","17.6300","14.3100","-0.8000","307.0000","6.9900","8.4500","-1.1300","303.0000","8.2100","0.0800","-1.4500","292.0000","11.5500","0.0800","-1.1500","294.0000","10.9400","52967.5400","-0.8100","273.0000","17.3300","688578.0000","1.0700","43.0000","87.2300","0.0000","-0.7400","294.0000","10.9400","0.0000","-1.5000","294.0000","10.9400","-1.2000","288.0000","12.7700","-0.9200","-0.8700","-0.6600","-0.9400","-0.5800","-1.1700","-1.0131","-0.5400","-0.6800","-0.5800","-0.6200","-0.7700","-0.7500","-0.5200","10.9400","37.3900","31.0000","17.3300","37.0800","4.5600","6.9900","10.9400","37.3900","10.6400","20.0600","15.8100","14.8900","39.2100","329","4/1/2025 16:37","0","0","0.0000","0.0000","0.0000","241.0000","241.0000","241.0000","241.0000","241.0000","-0.8100","-0.8591","-0.5800","-0.7100","-1.0800","27.0500","27.0500","27.0500","27.0500","27.0500","6","2","50.4600","164.0000","-0.3300","0.1500","51.3700","161.0000","-0.1700","3","69.3000","102.0000","0.0200","3","33.7400","219.0000","-0.5000","0.2300","32.2200","224.0000","-0.5900","2","41.3400","194.0000","-0.6300","0.2300","84.1900","53.0000","0.9800","0.1500","36.1700","211.0000","-0.5700","0.0000","97.8700","8.0000","-0.1400","0","97.8700","8.0000","-0.1400","0.0000","97.8700","8.0000","-0.1300","0","97.8700","8.0000","-0.1500","7","11","0"
"AAD2023.06.02752","120","36447","38","Marshall University","Chemistry, Department of","Chemistry","13","201.0000","35","259.0000","8","246.0000","4.3800","273.0000","447","266.0000","8","246.0000","1.0000","1.0000","3","231.0000","3","248.0000","811798.0000","258.0000","7","190.0000","5","183.0000","0","207.0000","0","207.0000","19","17","5","17","18","0.0000","-0.9400","207.0000","37.3900","0.0000","-0.6300","207.0000","37.3900","0.6200","-1.0900","283.0000","14.2900","2.6900","-0.9700","276.0000","16.4100","0.6200","-1.0700","281.0000","14.8900","34.3800","-0.7400","278.0000","15.8100","12.7700","-0.7800","267.0000","19.1500","0.2300","-0.9000","249.0000","24.6200","0.2300","-0.9800","263.0000","20.3600","62446.0000","-0.7900","266.0000","19.4500","270599.3300","-0.6300","246.0000","25.5300","0.5400","-0.4500","187.0000","43.4700","0.3800","-0.2100","185.0000","44.0700","-1.0000","253.0000","23.4000","-0.5000","-0.8700","-0.7400","-0.7500","-0.7400","-0.8900","0.3027","-0.4500","-0.6800","-0.5600","-0.6200","-0.7200","-0.7100","-0.5200","44.6800","37.3900","25.5300","30.0900","25.5300","17.3300","100.0000","42.5500","37.3900","19.4500","21.8800","24.9200","21.5800","39.2100","329","4/1/2025 16:37","5","1","5.0000","0.3800","0.0800","168.0000","24.0000","119.0000","99.0000","195.0000","-0.5300","1.4022","-0.2400","0.1100","-0.3900","49.2400","93.0100","64.1300","70.2100","41.0300","6","1","38.6000","203.0000","-0.4600","0.0800","31.3100","227.0000","-0.4500","1","43.7700","186.0000","-0.6000","2","29.1800","234.0000","-0.5100","0.1500","26.4400","243.0000","-0.6400","2","41.3400","194.0000","-0.6300","0.0800","34.0400","218.0000","-0.5000","0.1500","36.1700","211.0000","-0.5700","0.0000","97.8700","8.0000","-0.1400","0","97.8700","8.0000","-0.1400","0.0000","97.8700","8.0000","-0.1300","0","97.8700","8.0000","-0.1500","7","11","0"
"AAD2023.06.02752","188","36899","38","Smith College","Chemistry, Department of","Chemistry","10","250.0000","18","292.0000","8","246.0000","2.2500","312.0000","151","297.0000","6","275.0000","0.7500","314.0000","4","215.0000","5","231.0000","989144.0000","252.0000","9","172.0000","4","199.0000","3","77.0000","1","125.0000","19","17","5","17","18","0.1000","0.4500","91.0000","72.6400","0.3000","1.0300","31.0000","90.8800","0.8000","-0.2000","244.0000","26.1400","1.8000","-1.0800","293.0000","11.2500","0.6000","-1.1400","284.0000","13.9800","15.1000","-0.8000","305.0000","7.6000","8.3900","-1.1300","305.0000","7.6000","0.4000","-0.2800","206.0000","37.6900","0.5000","-0.6900","225.0000","31.9100","98914.4000","-0.7400","248.0000","24.9200","197828.8000","-0.9200","276.0000","16.4100","0.9000","-0.2500","143.0000","56.8400","0.4000","-0.1600","176.0000","46.8100","-1.1000","274.0000","17.0200","-0.5800","-0.2800","-0.9000","-0.6600","-0.7400","-1.1600","-1.5066","-0.4200","0.1600","-0.5800","-0.6100","-0.6600","-0.7600","-0.7700","39.8200","62.3100","16.7200","34.9500","25.5300","5.4700","4.8600","48.0200","76.9000","10.0300","23.7100","30.0900","11.5500","24.3200","329","4/1/2025 16:37","0","0","0.0000","0.0000","0.0000","241.0000","241.0000","241.0000","241.0000","241.0000","-0.8100","-0.8591","-0.5800","-0.7100","-1.0800","27.0500","27.0500","27.0500","27.0500","27.0500","6","1","38.6000","203.0000","-0.4600","0.1000","40.4300","197.0000","-0.3700","1","43.7700","186.0000","-0.6000","1","23.7100","252.0000","-0.5300","0.1000","22.8000","255.0000","-0.6800","1","28.8800","235.0000","-0.7800","0.1000","46.2000","178.0000","-0.2700","0.1000","27.3600","240.0000","-0.8500","0.0000","97.8700","8.0000","-0.1400","0","97.8700","8.0000","-0.1400","0.0000","97.8700","8.0000","-0.1300","0","97.8700","8.0000","-0.1500","7","11","0"
"AAD2023.06.02752","331","37111","38","University of South Alabama","Chemistry Department","Chemistry","13","201.0000","39","253.0000","8","246.0000","4.8800","263.0000","339","278.0000","8","246.0000","0.8900","296.0000","1","273.0000","2","260.0000","783627.0000","259.0000","7","190.0000","4","199.0000","1","147.0000","1","125.0000","19","17","5","17","18","0.0800","0.1300","127.0000","61.7000","0.0800","-0.2100","154.0000","53.5000","0.6200","-1.0900","283.0000","14.2900","3.0000","-0.9300","263.0000","20.3600","0.6200","-1.0700","281.0000","14.8900","26.0800","-0.7700","286.0000","13.3700","8.6900","-1.1100","300.0000","9.1200","0.0800","-1.4500","292.0000","11.5500","0.1500","-1.0700","279.0000","15.5000","60279.0000","-0.8000","267.0000","19.1500","391813.5000","-0.1300","184.0000","44.3800","0.5400","-0.4500","187.0000","43.4700","0.3100","-0.4700","207.0000","37.3900","-1.0000","253.0000","23.4000","-0.5800","-0.2800","-0.7400","-0.9400","-0.7400","-0.8300","-0.5014","-0.4500","-0.4000","-0.5700","-0.6200","-0.7500","-0.7000","-0.5200","39.8200","62.3100","25.5300","17.3300","25.5300","20.3600","10.3300","42.5500","55.6200","15.8100","21.5800","21.2800","23.4000","39.2100","329","4/1/2025 16:37","0","0","0.0000","0.0000","0.0000","241.0000","241.0000","241.0000","241.0000","241.0000","-0.8100","-0.8591","-0.5800","-0.7100","-1.0800","27.0500","27.0500","27.0500","27.0500","27.0500","6","1","38.6000","203.0000","-0.4600","0.0800","31.3100","227.0000","-0.4500","1","43.7700","186.0000","-0.6000","9","51.0600","162.0000","-0.3900","0.6900","53.5000","154.0000","-0.2900","2","41.3400","194.0000","-0.6300","0.0800","34.0400","218.0000","-0.5000","0.1500","36.1700","211.0000","-0.5700","0.0000","97.8700","8.0000","-0.1400","0","97.8700","8.0000","-0.1400","0.0000","97.8700","8.0000","-0.1300","0","97.8700","8.0000","-0.1500","7","11","0"
"AAD2023.06.02752","147","37183","38","North Carolina Agricultural and Technical State University","Chemistry, Department of","Chemistry","13","201.0000","44","246.0000","9","229.0000","4.8900","262.0000","657","251.0000","10","211.0000","1.0000","1.0000","6","188.0000","8","209.0000","2510528.0000","214.0000","3","230.0000","3","216.0000","0","207.0000","0","207.0000","19","17","5","17","18","0.0000","-0.9400","207.0000","37.3900","0.0000","-0.6300","207.0000","37.3900","0.6900","-0.7200","271.0000","17.9300","3.3800","-0.8800","255.0000","22.8000","0.7700","-0.3500","258.0000","21.8800","50.5400","-0.7000","259.0000","21.5800","14.9300","-0.6100","235.0000","28.8800","0.4600","-0.0600","185.0000","44.0700","0.6200","-0.5700","215.0000","34.9500","193117.5400","-0.6100","215.0000","34.9500","313816.0000","-0.4500","226.0000","31.6100","0.2300","-0.6100","249.0000","24.6200","0.2300","-0.7200","233.0000","29.4800","-1.0000","253.0000","23.4000","-0.6700","-0.8700","-0.5800","-0.4700","-0.6600","-0.8300","0.3027","-0.5000","-0.6800","-0.5400","-0.5600","-0.5800","-0.6800","-0.5200","34.6500","37.3900","36.1700","43.1600","30.7000","20.6700","100.0000","30.4000","37.3900","24.0100","35.2600","36.7800","25.5300","39.2100","329","4/1/2025 16:37","0","0","0.0000","0.0000","0.0000","241.0000","241.0000","241.0000","241.0000","241.0000","-0.8100","-0.8591","-0.5800","-0.7100","-1.0800","27.0500","27.0500","27.0500","27.0500","27.0500","6","2","50.4600","164.0000","-0.3300","0.1500","51.3700","161.0000","-0.1700","2","55.9300","146.0000","-0.2900","1","23.7100","252.0000","-0.5300","0.0800","19.4500","266.0000","-0.6900","1","28.8800","235.0000","-0.7800","0.1500","61.4000","128.0000","0.2400","0.0800","22.4900","256.0000","-0.9800","0.0000","97.8700","8.0000","-0.1400","0","97.8700","8.0000","-0.1400","0.0000","97.8700","8.0000","-0.1300","0","97.8700","8.0000","-0.1500","7","11","0"
"AAD2023.06.02752","213","37234","38","Tennessee State University","Chemistry, Department of","Chemistry","13","201.0000","39","253.0000","12","187.0000","3.2500","297.0000","252","288.0000","13","178.0000","1.0000","1.0000","0","299.0000","0","299.0000","0.0000","299.0000","0","294.0000","0","294.0000","0","207.0000","0","207.0000","19","17","5","17","18","0.0000","-0.9400","207.0000","37.3900","0.0000","-0.6300","207.0000","37.3900","0.9200","0.3900","157.0000","52.5800","3.0000","-0.9300","263.0000","20.3600","1.0000","0.7300","1.0000","100.0000","19.3800","-0.7900","293.0000","11.2500","6.4600","-1.2900","315.0000","4.5600","0.0000","-1.7300","299.0000","9.4200","0.0000","-1.2300","299.0000","9.4200","0.0000","-0.8800","299.0000","9.4200","0.0000","-1.7200","299.0000","9.4200","0.0000","-0.7400","294.0000","10.9400","0.0000","-1.5000","294.0000","10.9400","-1.1000","274.0000","17.0200","-0.9200","-0.8700","-0.3400","-1.0300","-0.4200","-1.0300","0.3027","-0.5400","-0.6800","-0.5700","-0.6500","-0.8000","-0.7000","-0.5200","10.9400","37.3900","46.2000","9.4200","43.4700","10.0300","100.0000","10.9400","37.3900","12.7700","9.4200","9.4200","23.4000","39.2100","329","4/1/2025 16:37","0","0","0.0000","0.0000","0.0000","241.0000","241.0000","241.0000","241.0000","241.0000","-0.8100","-0.8591","-0.5800","-0.7100","-1.0800","27.0500","27.0500","27.0500","27.0500","27.0500","6","0","24.0100","251.0000","-0.5800","0.0000","24.0100","251.0000","-0.7300","0","24.0100","251.0000","-0.9100","2","29.1800","234.0000","-0.5100","0.1500","26.4400","243.0000","-0.6400","2","41.3400","194.0000","-0.6300","0.0000","24.0100","251.0000","-1.2300","0.1500","36.1700","211.0000","-0.5700","0.0000","97.8700","8.0000","-0.1400","0","97.8700","8.0000","-0.1400","0.0000","97.8700","8.0000","-0.1300","0","97.8700","8.0000","-0.1500","7","11","0"
"AAD2023.06.02752","521","37292","38","Delaware State University","Chemistry, Department of","Chemistry","8","283.0000","36","257.0000","6","275.0000","6.0000","233.0000","554","256.0000","5","289.0000","0.8300","305.0000","2","249.0000","10","198.0000","3930610.0000","190.0000","0","294.0000","0","294.0000","0","207.0000","0","207.0000","19","17","5","17","18","0.0000","-0.9400","207.0000","37.3900","0.0000","-0.6300","207.0000","37.3900","0.7500","-0.4400","259.0000","21.5800","4.5000","-0.7400","236.0000","28.5700","0.6300","-1.0200","280.0000","15.2000","69.2500","-0.6400","242.0000","26.7500","15.3900","-0.5700","233.0000","29.4800","0.2500","-0.8300","241.0000","27.0500","1.2500","0.1200","127.0000","61.7000","491326.2500","-0.2000","143.0000","56.8400","393061.0000","-0.1300","180.0000","45.5900","0.0000","-0.7400","294.0000","10.9400","0.0000","-1.5000","294.0000","10.9400","-0.9000","235.0000","28.8800","-0.9200","-0.8700","-0.9800","-0.8500","-0.9000","-0.6900","-0.9035","-0.5400","-0.6800","-0.5500","-0.5100","-0.5300","-0.7100","-0.9400","10.9400","37.3900","12.4600","24.6200","16.7200","29.4800","7.6000","10.9400","37.3900","22.4900","42.5500","40.1200","22.1900","14.2900","329","4/1/2025 16:37","0","0","0.0000","0.0000","0.0000","241.0000","241.0000","241.0000","241.0000","241.0000","-0.8100","-0.8591","-0.5800","-0.7100","-1.0800","27.0500","27.0500","27.0500","27.0500","27.0500","6","0","24.0100","251.0000","-0.5800","0.0000","24.0100","251.0000","-0.7300","0","24.0100","251.0000","-0.9100","0","17.3300","273.0000","-0.5500","0.0000","17.3300","273.0000","-0.7400","0","17.3300","273.0000","-0.9300","0.0000","24.0100","251.0000","-1.2300","0.0000","17.3300","273.0000","-1.3900","0.0000","97.8700","8.0000","-0.1400","0","97.8700","8.0000","-0.1400","0.0000","97.8700","8.0000","-0.1300","0","97.8700","8.0000","-0.1500","7","11","0"
"AAD2023.06.02752","558642","37330","38","Tarleton State University","Chemistry, Geosciences, and Physics, Department of","Chemistry","13","201.0000","17","294.0000","6","275.0000","2.8300","299.0000","120","303.0000","8","246.0000","1.0000","1.0000","0","299.0000","0","299.0000","0.0000","299.0000","2","255.0000","2","237.0000","1","147.0000","1","125.0000","19","17","5","17","18","0.0800","0.1300","127.0000","61.7000","0.0800","-0.2100","154.0000","53.5000","0.4600","-1.8400","304.0000","7.9000","1.3100","-1.1400","308.0000","6.6900","0.6200","-1.0700","281.0000","14.8900","9.2300","-0.8200","314.0000","4.8600","7.0600","-1.2400","314.0000","4.8600","0.0000","-1.7300","299.0000","9.4200","0.0000","-1.2300","299.0000","9.4200","0.0000","-0.8800","299.0000","9.4200","0.0000","-1.7200","299.0000","9.4200","0.1500","-0.6500","266.0000","19.4500","0.1500","-0.9800","255.0000","22.8000","-1.3000","306.0000","7.2900","-0.7500","-0.2800","-0.7400","-1.0300","-0.9000","-1.0900","0.3027","-0.5100","-0.4000","-0.5800","-0.6500","-0.8000","-0.7700","-0.5200","28.2700","62.3100","25.5300","9.4200","16.7200","9.4200","100.0000","22.8000","55.6200","8.2100","9.4200","9.4200","10.9400","39.2100","329","4/1/2025 16:37","20","3","6.6700","1.5400","0.2300","94.0000","10.0000","44.0000","11.0000","54.0000","0.0400","2.1574","0.8000","2.5400","0.9800","71.7300","97.2600","86.9300","96.9600","83.8900","6","0","24.0100","251.0000","-0.5800","0.0000","24.0100","251.0000","-0.7300","0","24.0100","251.0000","-0.9100","0","17.3300","273.0000","-0.5500","0.0000","17.3300","273.0000","-0.7400","0","17.3300","273.0000","-0.9300","0.0000","24.0100","251.0000","-1.2300","0.0000","17.3300","273.0000","-1.3900","0.0000","97.8700","8.0000","-0.1400","0","97.8700","8.0000","-0.1400","0.0000","97.8700","8.0000","-0.1300","0","97.8700","8.0000","-0.1500","7","11","0"
"AAD2023.06.02752","76","37434","38","Gallaudet University","Chemistry Area","Chemistry","4","319.0000","5","316.0000","1","321.0000","5.0000","257.0000","74","311.0000","1","320.0000","1.0000","1.0000","1","273.0000","1","278.0000","384700.0000","282.0000","0","294.0000","0","294.0000","1","147.0000","1","125.0000","19","17","5","17","18","0.2500","2.5300","5.0000","98.7800","0.2500","0.7600","40.0000","88.1500","0.2500","-2.8600","321.0000","2.7400","1.2500","-1.1500","310.0000","6.0800","0.2500","-2.7800","319.0000","3.3400","18.5000","-0.7900","296.0000","10.3300","14.8000","-0.6200","239.0000","27.6600","0.2500","-0.8300","241.0000","27.0500","0.2500","-0.9600","259.0000","21.5800","96175.0000","-0.7500","249.0000","24.6200","384700.0000","-0.1600","190.0000","42.5500","0.0000","-0.7400","294.0000","10.9400","0.0000","-1.5000","294.0000","10.9400","-1.3000","306.0000","7.2900","-0.9200","-0.2800","-1.3100","-0.9400","-1.3100","-0.8100","0.3027","-0.5400","-0.4000","-0.5900","-0.6400","-0.7700","-0.8000","-1.2700","10.9400","62.3100","3.0400","17.3300","2.7400","22.1900","100.0000","10.9400","55.6200","5.7800","14.5900","15.8100","4.2600","3.3400","329","4/1/2025 16:37","0","0","0.0000","0.0000","0.0000","241.0000","241.0000","241.0000","241.0000","241.0000","-0.8100","-0.8591","-0.5800","-0.7100","-1.0800","27.0500","27.0500","27.0500","27.0500","27.0500","6","0","24.0100","251.0000","-0.5800","0.0000","24.0100","251.0000","-0.7300","0","24.0100","251.0000","-0.9100","0","17.3300","273.0000","-0.5500","0.0000","17.3300","273.0000","-0.7400","0","17.3300","273.0000","-0.9300","0.0000","24.0100","251.0000","-1.2300","0.0000","17.3300","273.0000","-1.3900","0.0000","97.8700","8.0000","-0.1400","0","97.8700","8.0000","-0.1400","0.0000","97.8700","8.0000","-0.1300","0","97.8700","8.0000","-0.1500","7","11","0"
"AAD2023.06.02752","71","37469","38","Florida Institute of Technology","Chemistry and Chemical Engineering, Department of","Chemistry","20","117.0000","155","149.0000","16","139.0000","9.6900","159.0000","3692","141.0000","16","140.0000","1.0000","1.0000","9","141.0000","13","173.0000","5353867.0000","174.0000","8","186.0000","6","168.0000","0","207.0000","0","207.0000","19","17","5","17","18","0.0000","-0.9400","207.0000","37.3900","0.0000","-0.6300","207.0000","37.3900","0.8000","-0.2000","244.0000","26.1400","7.7500","-0.3300","181.0000","45.2900","0.8000","-0.2000","247.0000","25.2300","184.6000","-0.3000","158.0000","52.2800","23.8200","0.1100","118.0000","64.4400","0.4500","-0.1000","192.0000","41.9500","0.6500","-0.5300","210.0000","36.4700","267693.3500","-0.5100","195.0000","41.0300","411835.9200","-0.0500","170.0000","48.6300","0.4000","-0.5200","211.0000","36.1700","0.3000","-0.4900","209.0000","36.7800","-0.6000","198.0000","40.1200","-0.4100","-0.8700","-0.1000","-0.1900","-0.1000","-0.2200","0.3027","-0.4300","-0.6800","-0.3100","-0.4600","-0.4400","-0.3300","0.0700","49.2400","37.3900","57.7500","57.4500","58.0500","51.9800","100.0000","43.7700","37.3900","57.4500","47.4200","47.7200","55.0200","64.7400","329","4/1/2025 16:37","1","1","1.0000","0.0500","0.0500","168.0000","169.0000","197.0000","230.0000","225.0000","-0.5300","-0.4068","-0.5100","-0.6000","-0.6400","49.2400","48.9400","40.4300","30.4000","31.9100","6","3","59.2700","135.0000","-0.2000","0.1500","50.7600","163.0000","-0.1800","2","55.9300","146.0000","-0.2900","6","41.9500","192.0000","-0.4400","0.3000","35.2600","214.0000","-0.5400","3","48.9400","169.0000","-0.4800","0.1000","46.2000","178.0000","-0.2700","0.1500","34.6500","216.0000","-0.5900","0.0000","97.8700","8.0000","-0.1400","0","97.8700","8.0000","-0.1400","0.0000","97.8700","8.0000","-0.1300","0","97.8700","8.0000","-0.1500","7","11","0"
"AAD2023.06.02752","6","37477","38","Alfred University","Chemistry, Program in","Chemistry","4","319.0000","3","323.0000","2","313.0000","1.5000","320.0000","30","320.0000","1","320.0000","0.5000","323.0000","0","299.0000","0","299.0000","0.0000","299.0000","0","294.0000","0","294.0000","5","47.0000","1","125.0000","19","17","5","17","18","0.2500","2.5300","5.0000","98.7800","1.2500","6.3100","2.0000","99.7000","0.5000","-1.6500","296.0000","10.3300","0.7500","-1.2100","320.0000","3.0400","0.2500","-2.7800","319.0000","3.3400","7.5000","-0.8200","318.0000","3.6500","10.0000","-1.0000","290.0000","12.1600","0.0000","-1.7300","299.0000","9.4200","0.0000","-1.2300","299.0000","9.4200","0.0000","-0.8800","299.0000","9.4200","0.0000","-1.7200","299.0000","9.4200","0.0000","-0.7400","294.0000","10.9400","0.0000","-1.5000","294.0000","10.9400","-1.4000","321.0000","2.7400","-0.9200","-0.2800","-1.3100","-1.0300","-1.2200","-1.2600","-3.3158","-0.5400","0.7100","-0.5900","-0.6500","-0.8000","-0.8100","-1.2700","10.9400","62.3100","3.0400","9.4200","5.1700","3.0400","2.1300","10.9400","86.0200","3.0400","9.4200","9.4200","2.1300","3.3400","329","4/1/2025 16:37","0","0","0.0000","0.0000","0.0000","241.0000","241.0000","241.0000","241.0000","241.0000","-0.8100","-0.8591","-0.5800","-0.7100","-1.0800","27.0500","27.0500","27.0500","27.0500","27.0500","6","0","24.0100","251.0000","-0.5800","0.0000","24.0100","251.0000","-0.7300","0","24.0100","251.0000","-0.9100","0","17.3300","273.0000","-0.5500","0.0000","17.3300","273.0000","-0.7400","0","17.3300","273.0000","-0.9300","0.0000","24.0100","251.0000","-1.2300","0.0000","17.3300","273.0000","-1.3900","0.0000","97.8700","8.0000","-0.1400","0","97.8700","8.0000","-0.1400","0.0000","97.8700","8.0000","-0.1300","0","97.8700","8.0000","-0.1500","7","11","0"
"AAD2023.06.02752","22","37504","38","Biola University","Chemistry, Physics and Engineering, Department of","Chemistry","9","270.0000","24","275.0000","6","275.0000","4.0000","278.0000","467","264.0000","6","275.0000","1.0000","1.0000","0","299.0000","0","299.0000","0.0000","299.0000","1","269.0000","1","263.0000","0","207.0000","0","207.0000","19","17","5","17","18","0.0000","-0.9400","207.0000","37.3900","0.0000","-0.6300","207.0000","37.3900","0.6700","-0.8500","275.0000","16.7200","2.6700","-0.9700","277.0000","16.1100","0.6700","-0.8300","274.0000","17.0200","51.8900","-0.6900","257.0000","22.1900","19.4600","-0.2400","179.0000","45.9000","0.0000","-1.7300","299.0000","9.4200","0.0000","-1.2300","299.0000","9.4200","0.0000","-0.8800","299.0000","9.4200","0.0000","-1.7200","299.0000","9.4200","0.1100","-0.6800","279.0000","15.5000","0.1100","-1.1200","272.0000","17.6300","-1.1000","274.0000","17.0200","-0.8400","-0.8700","-0.9000","-1.0300","-0.9000","-0.9400","0.3027","-0.5300","-0.6800","-0.5600","-0.6500","-0.8000","-0.7400","-0.8500","20.3600","37.3900","16.7200","9.4200","16.7200","15.8100","100.0000","18.5400","37.3900","20.0600","9.4200","9.4200","16.7200","18.2400","329","4/1/2025 16:37","1","1","1.0000","0.1100","0.1100","168.0000","169.0000","197.0000","191.0000","156.0000","-0.5300","-0.4068","-0.5100","-0.4700","-0.0900","49.2400","48.9400","40.4300","42.2500","52.8900","6","0","24.0100","251.0000","-0.5800","0.0000","24.0100","251.0000","-0.7300","0","24.0100","251.0000","-0.9100","0","17.3300","273.0000","-0.5500","0.0000","17.3300","273.0000","-0.7400","0","17.3300","273.0000","-0.9300","0.0000","24.0100","251.0000","-1.2300","0.0000","17.3300","273.0000","-1.3900","0.0000","97.8700","8.0000","-0.1400","0","97.8700","8.0000","-0.1400","0.0000","97.8700","8.0000","-0.1300","0","97.8700","8.0000","-0.1500","7","11","0"
"AAD2023.06.02752","95","37529","38","Indiana University of Pennsylvania","Chemistry, Biochemistry, Physics, and Engineering, Department of","Chemistry","15","175.0000","31","266.0000","9","229.0000","3.4400","287.0000","279","287.0000","9","228.0000","0.9000","290.0000","1","273.0000","1","278.0000","448788.0000","277.0000","2","255.0000","2","237.0000","0","207.0000","0","207.0000","19","17","5","17","18","0.0000","-0.9400","207.0000","37.3900","0.0000","-0.6300","207.0000","37.3900","0.6000","-1.1700","287.0000","13.0700","2.0700","-1.0400","290.0000","12.1600","0.6000","-1.1400","284.0000","13.9800","18.6000","-0.7900","295.0000","10.6400","9.0000","-1.0900","296.0000","10.3300","0.0700","-1.4900","295.0000","10.6400","0.0700","-1.1600","296.0000","10.3300","29919.2000","-0.8400","286.0000","13.3700","448788.0000","0.1000","153.0000","53.8000","0.1300","-0.6700","271.0000","17.9300","0.1300","-1.0500","261.0000","20.9700","-1.2000","288.0000","12.7700","-0.7500","-0.8700","-0.6600","-0.9400","-0.6600","-1.0100","-0.4210","-0.5100","-0.6800","-0.5700","-0.6300","-0.7700","-0.7200","-0.3500","28.2700","37.3900","31.0000","17.3300","30.7000","13.0700","12.1600","22.8000","37.3900","13.0700","16.1100","15.8100","19.4500","47.1100","329","4/1/2025 16:37","0","0","0.0000","0.0000","0.0000","241.0000","241.0000","241.0000","241.0000","241.0000","-0.8100","-0.8591","-0.5800","-0.7100","-1.0800","27.0500","27.0500","27.0500","27.0500","27.0500","6","0","24.0100","251.0000","-0.5800","0.0000","24.0100","251.0000","-0.7300","0","24.0100","251.0000","-0.9100","2","29.1800","234.0000","-0.5100","0.1300","25.2300","247.0000","-0.6500","1","28.8800","235.0000","-0.7800","0.0000","24.0100","251.0000","-1.2300","0.0700","20.9700","261.0000","-1.0300","0.0000","97.8700","8.0000","-0.1400","0","97.8700","8.0000","-0.1400","0.0000","97.8700","8.0000","-0.1300","0","97.8700","8.0000","-0.1500","7","11","0"
"AAD2023.06.02752","195","37560","38","Southern University and A&M College","Chemistry, Program in","Chemistry","8","283.0000","7","312.0000","2","313.0000","3.5000","286.0000","76","310.0000","2","311.0000","1.0000","1.0000","0","299.0000","0","299.0000","0.0000","299.0000","1","269.0000","1","263.0000","0","207.0000","0","207.0000","19","17","5","17","18","0.0000","-0.9400","207.0000","37.3900","0.0000","-0.6300","207.0000","37.3900","0.2500","-2.8600","321.0000","2.7400","0.8800","-1.1900","317.0000","3.9500","0.2500","-2.7800","319.0000","3.3400","9.5000","-0.8100","313.0000","5.1700","10.8600","-0.9400","281.0000","14.8900","0.0000","-1.7300","299.0000","9.4200","0.0000","-1.2300","299.0000","9.4200","0.0000","-0.8800","299.0000","9.4200","0.0000","-1.7200","299.0000","9.4200","0.1300","-0.6700","275.0000","16.7200","0.1300","-1.0800","266.0000","19.4500","-1.3000","306.0000","7.2900","-0.8400","-0.8700","-1.2300","-1.0300","-1.2200","-1.0000","0.3027","-0.5300","-0.6800","-0.5900","-0.6500","-0.8000","-0.8000","-0.9400","20.3600","37.3900","5.7800","9.4200","5.1700","13.3700","100.0000","18.5400","37.3900","6.0800","9.4200","9.4200","5.4700","14.2900","329","4/1/2025 16:37","0","0","0.0000","0.0000","0.0000","241.0000","241.0000","241.0000","241.0000","241.0000","-0.8100","-0.8591","-0.5800","-0.7100","-1.0800","27.0500","27.0500","27.0500","27.0500","27.0500","6","0","24.0100","251.0000","-0.5800","0.0000","24.0100","251.0000","-0.7300","0","24.0100","251.0000","-0.9100","1","23.7100","252.0000","-0.5300","0.1300","24.9200","248.0000","-0.6600","1","28.8800","235.0000","-0.7800","0.0000","24.0100","251.0000","-1.2300","0.1300","31.3100","227.0000","-0.7200","0.0000","97.8700","8.0000","-0.1400","0","97.8700","8.0000","-0.1400","0.0000","97.8700","8.0000","-0.1300","0","97.8700","8.0000","-0.1500","7","11","0"
"AAD2023.06.02752","338","37608","38","University of the Incarnate Word","Chemistry and Biochemistry, Department of","Chemistry","10","250.0000","21","284.0000","4","295.0000","5.2500","250.0000","280","286.0000","4","294.0000","1.0000","1.0000","1","273.0000","1","278.0000","844855.0000","257.0000","2","255.0000","2","237.0000","0","207.0000","0","207.0000","19","17","5","17","18","0.0000","-0.9400","207.0000","37.3900","0.0000","-0.6300","207.0000","37.3900","0.4000","-2.1400","309.0000","6.3800","2.1000","-1.0400","288.0000","12.7700","0.4000","-2.0700","308.0000","6.6900","28.0000","-0.7600","283.0000","14.2900","13.3300","-0.7400","263.0000","20.3600","0.1000","-1.3700","287.0000","13.0700","0.1000","-1.1200","290.0000","12.1600","84485.5000","-0.7600","253.0000","23.4000","844855.0000","1.7000","15.0000","95.7400","0.2000","-0.6300","254.0000","23.1000","0.2000","-0.8300","239.0000","27.6600","-1.2000","288.0000","12.7700","-0.7500","-0.8700","-1.0700","-0.9400","-1.0600","-0.7800","0.3027","-0.5100","-0.6800","-0.5700","-0.6200","-0.7700","-0.7500","-0.7700","28.2700","37.3900","10.9400","17.3300","10.6400","24.3200","100.0000","22.8000","37.3900","13.3700","22.1900","15.8100","13.9800","24.3200","329","4/1/2025 16:37","1","1","1.0000","0.1000","0.1000","168.0000","169.0000","197.0000","197.0000","166.0000","-0.5300","-0.4068","-0.5100","-0.5000","-0.1900","49.2400","48.9400","40.4300","40.4300","49.8500","6","1","38.6000","203.0000","-0.4600","0.1000","40.4300","197.0000","-0.3700","1","43.7700","186.0000","-0.6000","0","17.3300","273.0000","-0.5500","0.0000","17.3300","273.0000","-0.7400","0","17.3300","273.0000","-0.9300","0.1000","46.2000","178.0000","-0.2700","0.0000","17.3300","273.0000","-1.3900","0.0000","97.8700","8.0000","-0.1400","0","97.8700","8.0000","-0.1400","0.0000","97.8700","8.0000","-0.1300","0","97.8700","8.0000","-0.1500","7","11","0"
"AAD2023.06.02752","383","37670","38","Hofstra University","Chemistry, Department of","Chemistry","15","175.0000","59","229.0000","11","195.0000","5.3600","247.0000","594","254.0000","11","198.0000","1.0000","1.0000","2","249.0000","2","260.0000","602577.0000","269.0000","4","219.0000","2","237.0000","0","207.0000","0","207.0000","19","17","5","17","18","0.0000","-0.9400","207.0000","37.3900","0.0000","-0.6300","207.0000","37.3900","0.7300","-0.5200","264.0000","20.0600","3.9300","-0.8100","249.0000","24.6200","0.7300","-0.5200","265.0000","19.7600","39.6000","-0.7300","273.0000","17.3300","10.0700","-1.0000","287.0000","13.0700","0.1300","-1.2500","281.0000","14.8900","0.1300","-1.0900","284.0000","13.9800","40171.8000","-0.8200","280.0000","15.2000","301288.5000","-0.5000","232.0000","29.7900","0.2700","-0.5900","240.0000","27.3600","0.1300","-1.0500","261.0000","20.9700","-1.0000","253.0000","23.4000","-0.7500","-0.8700","-0.5000","-0.8500","-0.5000","-0.7700","0.3027","-0.4900","-0.6800","-0.5500","-0.6300","-0.7500","-0.6300","-0.3500","28.2700","37.3900","40.1200","24.6200","41.0300","25.2300","100.0000","33.7400","37.3900","23.1000","18.5400","21.2800","30.7000","47.1100","329","4/1/2025 16:37","1","1","1.0000","0.0700","0.0700","168.0000","169.0000","197.0000","223.0000","204.0000","-0.5300","-0.4068","-0.5100","-0.5700","-0.4900","49.2400","48.9400","40.4300","32.5200","38.3000","6","1","38.6000","203.0000","-0.4600","0.0700","28.8800","235.0000","-0.4900","1","43.7700","186.0000","-0.6000","15","58.9700","136.0000","-0.2800","1.0000","63.5300","121.0000","-0.0800","1","28.8800","235.0000","-0.7800","0.0700","31.3100","227.0000","-0.5900","0.0700","20.9700","261.0000","-1.0300","0.0000","97.8700","8.0000","-0.1400","0","97.8700","8.0000","-0.1400","0.0000","97.8700","8.0000","-0.1300","0","97.8700","8.0000","-0.1500","7","11","0"
"AAD2023.06.02752","387","37703","38","Norfolk State University","Chemistry, Department of","Chemistry","5","312.0000","8","310.0000","1","321.0000","8.0000","188.0000","89","307.0000","1","320.0000","1.0000","1.0000","1","273.0000","1","278.0000","571340.0000","271.0000","0","294.0000","0","294.0000","0","207.0000","0","207.0000","19","17","5","17","18","0.0000","-0.9400","207.0000","37.3900","0.0000","-0.6300","207.0000","37.3900","0.2000","-3.1000","325.0000","1.5200","1.6000","-1.1000","301.0000","8.8100","0.2000","-3.0100","323.0000","2.1300","17.8000","-0.7900","297.0000","10.0300","11.1300","-0.9100","277.0000","16.1100","0.2000","-1.0100","256.0000","22.4900","0.2000","-1.0200","268.0000","18.8500","114268.0000","-0.7200","237.0000","28.2700","571340.0000","0.5900","77.0000","76.9000","0.0000","-0.7400","294.0000","10.9400","0.0000","-1.5000","294.0000","10.9400","-1.3000","306.0000","7.2900","-0.9200","-0.8700","-1.3100","-0.9400","-1.3100","-0.4300","0.3027","-0.5400","-0.6800","-0.5900","-0.6300","-0.7700","-0.8000","-1.1900","10.9400","37.3900","3.0400","17.3300","2.7400","43.1600","100.0000","10.9400","37.3900","6.9900","17.9300","15.8100","6.0800","5.4700","329","4/1/2025 16:37","5","1","5.0000","1.0000","0.2000","168.0000","24.0000","119.0000","28.0000","67.0000","-0.5300","1.4022","-0.2400","1.4100","0.7100","49.2400","93.0100","64.1300","91.7900","79.9400","6","1","38.6000","203.0000","-0.4600","0.2000","62.9200","123.0000","0.0000","1","43.7700","186.0000","-0.6000","0","17.3300","273.0000","-0.5500","0.0000","17.3300","273.0000","-0.7400","0","17.3300","273.0000","-0.9300","0.2000","76.9000","77.0000","0.6800","0.0000","17.3300","273.0000","-1.3900","0.0000","97.8700","8.0000","-0.1400","0","97.8700","8.0000","-0.1400","0.0000","97.8700","8.0000","-0.1300","0","97.8700","8.0000","-0.1500","7","11","0"
"AAD2023.06.02752","406","37717","38","University of Southern Maine","Chemistry, Department of","Chemistry","3","324.0000","10","307.0000","2","313.0000","5.0000","257.0000","127","302.0000","2","311.0000","1.0000","1.0000","0","299.0000","0","299.0000","0.0000","299.0000","1","269.0000","1","263.0000","0","207.0000","0","207.0000","19","17","5","17","18","0.0000","-0.9400","207.0000","37.3900","0.0000","-0.6300","207.0000","37.3900","0.6700","-0.8500","275.0000","16.7200","3.3300","-0.8900","257.0000","22.1900","0.6700","-0.8300","274.0000","17.0200","42.3300","-0.7200","267.0000","19.1500","12.7000","-0.7900","268.0000","18.8500","0.0000","-1.7300","299.0000","9.4200","0.0000","-1.2300","299.0000","9.4200","0.0000","-0.8800","299.0000","9.4200","0.0000","-1.7200","299.0000","9.4200","0.3300","-0.5600","224.0000","32.2200","0.3300","-0.3800","197.0000","40.4300","-1.0000","253.0000","23.4000","-0.8400","-0.8700","-1.2300","-1.0300","-1.2200","-0.8100","0.3027","-0.5300","-0.6800","-0.5800","-0.6500","-0.8000","-0.7900","-1.3600","20.3600","37.3900","5.7800","9.4200","5.1700","22.1900","100.0000","18.5400","37.3900","8.5100","9.4200","9.4200","6.9900","1.8200","329","4/1/2025 16:37","0","0","0.0000","0.0000","0.0000","241.0000","241.0000","241.0000","241.0000","241.0000","-0.8100","-0.8591","-0.5800","-0.7100","-1.0800","27.0500","27.0500","27.0500","27.0500","27.0500","6","0","24.0100","251.0000","-0.5800","0.0000","24.0100","251.0000","-0.7300","0","24.0100","251.0000","-0.9100","2","29.1800","234.0000","-0.5100","0.6700","52.5800","157.0000","-0.3000","1","28.8800","235.0000","-0.7800","0.0000","24.0100","251.0000","-1.2300","0.3300","63.2200","122.0000","0.3900","0.0000","97.8700","8.0000","-0.1400","0","97.8700","8.0000","-0.1400","0.0000","97.8700","8.0000","-0.1300","0","97.8700","8.0000","-0.1500","7","11","0"
"AAD2023.06.02752","537172","37748","38","Montclair State University","Chemistry and Biochemistry, Department of","Chemistry","18","134.0000","54","232.0000","15","154.0000","3.6000","284.0000","741","244.0000","15","153.0000","0.9400","277.0000","9","141.0000","18","145.0000","7495956.0000","147.0000","3","230.0000","2","237.0000","5","47.0000","1","125.0000","19","17","5","17","18","0.0600","-0.1700","170.0000","48.6300","0.2800","0.9100","36.0000","89.3600","0.8300","-0.0400","223.0000","32.5200","3.0000","-0.9300","263.0000","20.3600","0.8300","-0.0500","230.0000","30.4000","41.1700","-0.7200","269.0000","18.5400","13.7200","-0.7000","255.0000","22.8000","0.5000","0.0800","168.0000","49.2400","1.0000","-0.1500","155.0000","53.1900","416442.0000","-0.3000","163.0000","50.7600","416442.0000","-0.0300","168.0000","49.2400","0.1700","-0.6500","259.0000","21.5800","0.1100","-1.1200","272.0000","17.6300","-0.9000","235.0000","28.8800","-0.7500","-0.2800","-0.1800","-0.1900","-0.1800","-0.9900","-0.1496","-0.5000","0.7100","-0.5400","-0.3800","-0.3100","-0.6500","-0.1000","28.2700","62.3100","53.8000","57.4500","53.5000","13.9800","16.1100","30.4000","86.0200","26.1400","55.6200","56.2300","29.7900","59.5700","329","4/1/2025 16:37","0","0","0.0000","0.0000","0.0000","241.0000","241.0000","241.0000","241.0000","241.0000","-0.8100","-0.8591","-0.5800","-0.7100","-1.0800","27.0500","27.0500","27.0500","27.0500","27.0500","6","2","50.4600","164.0000","-0.3300","0.1100","43.1600","188.0000","-0.3200","2","55.9300","146.0000","-0.2900","4","35.5600","213.0000","-0.4800","0.2200","31.3100","227.0000","-0.6000","3","48.9400","169.0000","-0.4800","0.1100","48.9400","169.0000","-0.1700","0.1700","37.3900","207.0000","-0.5000","0.0000","97.8700","8.0000","-0.1400","0","97.8700","8.0000","-0.1400","0.0000","97.8700","8.0000","-0.1300","0","97.8700","8.0000","-0.1500","7","11","0"
"AAD2023.06.02752","537187","37789","38","Lamar University","Chemistry and Biochemistry, Department of","Chemistry","10","250.0000","26","273.0000","10","208.0000","2.6000","305.0000","948","231.0000","9","228.0000","0.9000","290.0000","2","249.0000","2","260.0000","248763.0000","288.0000","0","294.0000","0","294.0000","0","207.0000","0","207.0000","19","17","5","17","18","0.0000","-0.9400","207.0000","37.3900","0.0000","-0.6300","207.0000","37.3900","1.0000","0.7700","1.0000","100.0000","2.6000","-0.9800","279.0000","15.5000","0.9000","0.2600","187.0000","43.4700","94.8000","-0.5700","220.0000","33.4300","36.4600","1.1300","37.0000","89.0600","0.2000","-1.0100","256.0000","22.4900","0.2000","-1.0200","268.0000","18.8500","24876.3000","-0.8500","287.0000","13.0700","124381.5000","-1.2200","291.0000","11.8500","0.0000","-0.7400","294.0000","10.9400","0.0000","-1.5000","294.0000","10.9400","-1.1000","274.0000","17.0200","-0.9200","-0.8700","-0.6600","-0.8500","-0.5800","-1.1200","-0.4210","-0.5400","-0.6800","-0.5200","-0.6400","-0.7500","-0.7400","-0.7700","10.9400","37.3900","31.0000","24.6200","37.0800","7.6000","12.1600","10.9400","37.3900","30.0900","12.7700","21.2800","17.3300","24.3200","329","4/1/2025 16:37","7","2","3.5000","0.7000","0.2000","122.0000","50.0000","103.0000","50.0000","67.0000","-0.2400","0.7238","-0.1000","0.7700","0.7100","63.2200","85.1100","69.0000","85.1100","79.9400","6","1","38.6000","203.0000","-0.4600","0.1000","40.4300","197.0000","-0.3700","1","43.7700","186.0000","-0.6000","1","23.7100","252.0000","-0.5300","0.1000","22.8000","255.0000","-0.6800","1","28.8800","235.0000","-0.7800","0.1000","46.2000","178.0000","-0.2700","0.1000","27.3600","240.0000","-0.8500","0.0000","97.8700","8.0000","-0.1400","0","97.8700","8.0000","-0.1400","0.0000","97.8700","8.0000","-0.1300","0","97.8700","8.0000","-0.1500","7","11","0"
"AAD2023.06.02752","537205","37823","38","Drake University","Chemistry, Department of","Chemistry","6","307.0000","5","316.0000","2","313.0000","2.5000","307.0000","61","315.0000","2","311.0000","1.0000","1.0000","0","299.0000","0","299.0000","0.0000","299.0000","1","269.0000","1","263.0000","3","77.0000","1","125.0000","19","17","5","17","18","0.1700","1.3800","26.0000","92.4000","0.5000","2.1400","10.0000","97.2600","0.3300","-2.4600","316.0000","4.2600","0.8300","-1.2000","318.0000","3.6500","0.3300","-2.3900","313.0000","5.1700","10.1700","-0.8100","310.0000","6.0800","12.2000","-0.8300","271.0000","17.9300","0.0000","-1.7300","299.0000","9.4200","0.0000","-1.2300","299.0000","9.4200","0.0000","-0.8800","299.0000","9.4200","0.0000","-1.7200","299.0000","9.4200","0.1700","-0.6500","259.0000","21.5800","0.1700","-0.9400","251.0000","24.0100","-1.3000","306.0000","7.2900","-0.8400","-0.2800","-1.2300","-1.0300","-1.2200","-1.1300","0.3027","-0.5300","0.1600","-0.5900","-0.6500","-0.8000","-0.8000","-1.1100","20.3600","62.3100","5.7800","9.4200","5.1700","6.9900","100.0000","18.5400","76.9000","4.5600","9.4200","9.4200","4.2600","6.9900","329","4/1/2025 16:37","0","0","0.0000","0.0000","0.0000","241.0000","241.0000","241.0000","241.0000","241.0000","-0.8100","-0.8591","-0.5800","-0.7100","-1.0800","27.0500","27.0500","27.0500","27.0500","27.0500","6","0","24.0100","251.0000","-0.5800","0.0000","24.0100","251.0000","-0.7300","0","24.0100","251.0000","-0.9100","0","17.3300","273.0000","-0.5500","0.0000","17.3300","273.0000","-0.7400","0","17.3300","273.0000","-0.9300","0.0000","24.0100","251.0000","-1.2300","0.0000","17.3300","273.0000","-1.3900","0.0000","97.8700","8.0000","-0.1400","0","97.8700","8.0000","-0.1400","0.0000","97.8700","8.0000","-0.1300","0","97.8700","8.0000","-0.1500","7","11","0"
"AAD2023.06.02752","537217","37853","38","California State University, Long Beach","Chemistry and Biochemistry, Department of","Chemistry","21","109.0000","115","183.0000","17","130.0000","6.7600","219.0000","4919","116.0000","18","120.0000","1.0000","1.0000","14","95.0000","21","127.0000","5141898.0000","177.0000","19","119.0000","13","94.0000","2","105.0000","1","125.0000","19","17","5","17","18","0.0500","-0.2800","185.0000","44.0700","0.1000","-0.1000","131.0000","60.4900","0.8100","-0.1600","243.0000","26.4400","5.4800","-0.6200","220.0000","33.4300","0.8600","0.0600","215.0000","34.9500","234.2400","-0.1600","135.0000","59.2700","42.7700","1.6400","23.0000","93.3100","0.6700","0.6900","95.0000","71.4300","1.0000","-0.1500","155.0000","53.1900","244852.2900","-0.5400","198.0000","40.1200","244852.2900","-0.7300","260.0000","21.2800","0.9000","-0.2500","142.0000","57.1400","0.6200","0.5800","103.0000","69.0000","-0.6000","198.0000","40.1200","0.1900","-0.2800","0.0600","0.2800","-0.0200","-0.5900","0.3027","-0.2800","-0.1200","-0.2200","-0.4600","-0.2300","-0.4600","0.1600","71.7300","62.3100","63.8300","71.4300","60.7900","33.7400","100.0000","64.1300","68.3900","65.0500","46.5000","61.7000","44.6800","67.1700","329","4/1/2025 16:37","1","1","1.0000","0.0500","0.0500","168.0000","169.0000","197.0000","234.0000","230.0000","-0.5300","-0.4068","-0.5100","-0.6100","-0.6600","49.2400","48.9400","40.4300","29.1800","30.4000","6","0","24.0100","251.0000","-0.5800","0.0000","24.0100","251.0000","-0.7300","0","24.0100","251.0000","-0.9100","0","17.3300","273.0000","-0.5500","0.0000","17.3300","273.0000","-0.7400","0","17.3300","273.0000","-0.9300","0.0000","24.0100","251.0000","-1.2300","0.0000","17.3300","273.0000","-1.3900","0.0000","97.8700","8.0000","-0.1400","0","97.8700","8.0000","-0.1400","0.0000","97.8700","8.0000","-0.1300","0","97.8700","8.0000","-0.1500","7","11","0"
"AAD2023.06.02752","537881","37901","38","Kennesaw State University","Chemistry and Biochemistry, Department of","Chemistry","22","97.0000","135","164.0000","20","104.0000","6.7500","220.0000","2087","183.0000","19","110.0000","0.9500","269.0000","10","130.0000","15","161.0000","3192918.0000","198.0000","5","212.0000","4","199.0000","0","207.0000","0","207.0000","19","17","5","17","18","0.0000","-0.9400","207.0000","37.3900","0.0000","-0.6300","207.0000","37.3900","0.9100","0.3300","173.0000","47.7200","6.1400","-0.5400","212.0000","35.8700","0.8600","0.0900","213.0000","35.5600","94.8600","-0.5700","219.0000","33.7400","15.4600","-0.5600","231.0000","30.0900","0.4500","-0.0800","187.0000","43.4700","0.6800","-0.4900","205.0000","37.9900","145132.6400","-0.6800","229.0000","30.7000","212861.2000","-0.8600","273.0000","17.3300","0.2300","-0.6100","251.0000","24.0100","0.1800","-0.8900","245.0000","25.8400","-0.9000","235.0000","28.8800","-0.5800","-0.8700","0.1400","-0.1000","0.2200","-0.5900","-0.0592","-0.4700","-0.6800","-0.4400","-0.5300","-0.3900","-0.4000","0.2400","39.8200","37.3900","66.8700","60.7900","68.6900","33.4300","18.5400","35.8700","37.3900","44.6800","40.1200","51.3700","50.4600","70.8200","329","4/1/2025 16:37","1","1","1.0000","0.0500","0.0500","168.0000","169.0000","197.0000","238.0000","233.0000","-0.5300","-0.4068","-0.5100","-0.6100","-0.6800","49.2400","48.9400","40.4300","27.9600","29.4800","6","1","38.6000","203.0000","-0.4600","0.0500","25.2300","247.0000","-0.5700","1","43.7700","186.0000","-0.6000","1","23.7100","252.0000","-0.5300","0.0500","18.2400","270.0000","-0.7100","1","28.8800","235.0000","-0.7800","0.0500","26.1400","244.0000","-0.8000","0.0500","18.2400","270.0000","-1.1400","0.0000","97.8700","8.0000","-0.1400","0","97.8700","8.0000","-0.1400","0.0000","97.8700","8.0000","-0.1300","0","97.8700","8.0000","-0.1500","7","11","0"
"AAD2023.06.02752","537882","37943","38","Texas A&M International University","Biology and Chemistry, Department of","Chemistry","12","217.0000","67","220.0000","11","195.0000","6.0900","231.0000","1561","202.0000","11","198.0000","1.0000","1.0000","2","249.0000","2","260.0000","499988.0000","274.0000","0","294.0000","0","294.0000","0","207.0000","0","207.0000","19","17","5","17","18","0.0000","-0.9400","207.0000","37.3900","0.0000","-0.6300","207.0000","37.3900","0.9200","0.3600","165.0000","50.1500","5.5800","-0.6100","218.0000","34.0400","0.9200","0.3400","167.0000","49.5400","130.0800","-0.4600","193.0000","41.6400","23.3000","0.0700","125.0000","62.3100","0.1700","-1.1300","268.0000","18.8500","0.1700","-1.0500","275.0000","16.7200","41665.6700","-0.8200","279.0000","15.5000","249994.0000","-0.7100","257.0000","22.1900","0.0000","-0.7400","294.0000","10.9400","0.0000","-1.5000","294.0000","10.9400","-1.0000","253.0000","23.4000","-0.9200","-0.8700","-0.5000","-0.8500","-0.5000","-0.6700","0.3027","-0.5400","-0.6800","-0.4700","-0.6300","-0.7500","-0.6100","-0.6000","10.9400","37.3900","40.1200","24.6200","41.0300","30.0900","100.0000","10.9400","37.3900","38.9100","17.0200","21.2800","33.4300","34.3500","329","4/1/2025 16:37","0","0","0.0000","0.0000","0.0000","241.0000","241.0000","241.0000","241.0000","241.0000","-0.8100","-0.8591","-0.5800","-0.7100","-1.0800","27.0500","27.0500","27.0500","27.0500","27.0500","6","0","24.0100","251.0000","-0.5800","0.0000","24.0100","251.0000","-0.7300","0","24.0100","251.0000","-0.9100","0","17.3300","273.0000","-0.5500","0.0000","17.3300","273.0000","-0.7400","0","17.3300","273.0000","-0.9300","0.0000","24.0100","251.0000","-1.2300","0.0000","17.3300","273.0000","-1.3900","0.0000","97.8700","8.0000","-0.1400","0","97.8700","8.0000","-0.1400","0.0000","97.8700","8.0000","-0.1300","0","97.8700","8.0000","-0.1500","7","11","0"
"AAD2023.06.02752","555387","37956","38","Molloy University","Biology, Chemistry, Earth & Environmental Science, Program in","Chemistry","14","189.0000","21","284.0000","5","287.0000","4.2000","275.0000","312","281.0000","5","289.0000","0.7100","319.0000","3","231.0000","4","240.0000","912735.0000","255.0000","1","269.0000","1","263.0000","2","105.0000","1","125.0000","19","17","5","17","18","0.0700","0.0500","141.0000","57.4500","0.1400","0.1600","81.0000","75.6800","0.3600","-2.3400","315.0000","4.5600","1.5000","-1.1100","304.0000","7.9000","0.3600","-2.2800","312.0000","5.4700","22.2900","-0.7800","289.0000","12.4600","14.8600","-0.6100","238.0000","27.9600","0.2100","-0.9600","255.0000","22.8000","0.2900","-0.9200","252.0000","23.7100","65195.3600","-0.7900","264.0000","20.0600","228183.7500","-0.8000","266.0000","19.4500","0.0700","-0.7000","291.0000","11.8500","0.0700","-1.2600","291.0000","11.8500","-1.3000","306.0000","7.2900","-0.8400","-0.2800","-0.9800","-0.7500","-0.9800","-0.9100","-1.7650","-0.5300","-0.1200","-0.5700","-0.6200","-0.6900","-0.7500","-0.4300","20.3600","62.3100","12.4600","30.0900","13.0700","16.7200","3.3400","18.5400","68.3900","14.8900","22.8000","27.3600","13.9800","42.8600","329","4/1/2025 16:37","3","1","3.0000","0.2100","0.0700","168.0000","61.0000","147.0000","138.0000","200.0000","-0.5300","0.4977","-0.3700","-0.2500","-0.4400","49.2400","81.7600","55.6200","58.3600","39.5100","6","0","24.0100","251.0000","-0.5800","0.0000","24.0100","251.0000","-0.7300","0","24.0100","251.0000","-0.9100","0","17.3300","273.0000","-0.5500","0.0000","17.3300","273.0000","-0.7400","0","17.3300","273.0000","-0.9300","0.0000","24.0100","251.0000","-1.2300","0.0000","17.3300","273.0000","-1.3900","0.0000","97.8700","8.0000","-0.1400","0","97.8700","8.0000","-0.1400","0.0000","97.8700","8.0000","-0.1300","0","97.8700","8.0000","-0.1500","7","11","0"
"AAD2023.06.02752","557310","37966","38","William Carey University","Chemistry & the Physical Sciences, Department of","Chemistry","5","312.0000","0","326.0000","0","326.0000","0.0000","326.0000","0","326.0000","0","326.0000","0.0000","326.0000","0","299.0000","0","299.0000","0.0000","299.0000","0","294.0000","0","294.0000","0","207.0000","0","207.0000","19","17","5","17","18","0.0000","-0.9400","207.0000","37.3900","0.0000","-0.6300","207.0000","37.3900","0.0000","-4.0700","326.0000","1.2200","0.0000","-1.3000","326.0000","1.2200","0.0000","-3.9500","326.0000","1.2200","0.0000","-0.8400","326.0000","1.2200","0.0000","-1.8100","326.0000","1.2200","0.0000","-1.7300","299.0000","9.4200","0.0000","-1.2300","299.0000","9.4200","0.0000","-0.8800","299.0000","9.4200","0.0000","-1.7200","299.0000","9.4200","0.0000","-0.7400","294.0000","10.9400","0.0000","-1.5000","294.0000","10.9400","-1.5000","327.0000","0.9100","-0.9200","-0.8700","-1.3900","-1.0300","-1.3900","-1.4500","-6.9343","-0.5400","-0.6800","-0.5900","-0.6500","-0.8000","-0.8200","-1.1900","10.9400","37.3900","1.2200","9.4200","1.2200","1.2200","1.2200","10.9400","37.3900","1.2200","9.4200","9.4200","1.2200","5.4700","329","4/1/2025 16:37","0","0","0.0000","0.0000","0.0000","241.0000","241.0000","241.0000","241.0000","241.0000","-0.8100","-0.8591","-0.5800","-0.7100","-1.0800","27.0500","27.0500","27.0500","27.0500","27.0500","6","0","24.0100","251.0000","-0.5800","0.0000","24.0100","251.0000","-0.7300","0","24.0100","251.0000","-0.9100","0","17.3300","273.0000","-0.5500","0.0000","17.3300","273.0000","-0.7400","0","17.3300","273.0000","-0.9300","0.0000","24.0100","251.0000","-1.2300","0.0000","17.3300","273.0000","-1.3900","0.0000","97.8700","8.0000","-0.1400","0","97.8700","8.0000","-0.1400","0.0000","97.8700","8.0000","-0.1300","0","97.8700","8.0000","-0.1500","7","11","0"
"AAD2023.06.02752","557558","37982","38","Oklahoma City University","Chemistry, Department of","Chemistry","3","324.0000","0","326.0000","0","326.0000","0.0000","326.0000","0","326.0000","0","326.0000","0.0000","326.0000","0","299.0000","0","299.0000","0.0000","299.0000","0","294.0000","0","294.0000","0","207.0000","0","207.0000","19","17","5","17","18","0.0000","-0.9400","207.0000","37.3900","0.0000","-0.6300","207.0000","37.3900","0.0000","-4.0700","326.0000","1.2200","0.0000","-1.3000","326.0000","1.2200","0.0000","-3.9500","326.0000","1.2200","0.0000","-0.8400","326.0000","1.2200","0.0000","-1.8100","326.0000","1.2200","0.0000","-1.7300","299.0000","9.4200","0.0000","-1.2300","299.0000","9.4200","0.0000","-0.8800","299.0000","9.4200","0.0000","-1.7200","299.0000","9.4200","0.0000","-0.7400","294.0000","10.9400","0.0000","-1.5000","294.0000","10.9400","-1.5000","327.0000","0.9100","-0.9200","-0.8700","-1.3900","-1.0300","-1.3900","-1.4500","-6.9343","-0.5400","-0.6800","-0.5900","-0.6500","-0.8000","-0.8200","-1.3600","10.9400","37.3900","1.2200","9.4200","1.2200","1.2200","1.2200","10.9400","37.3900","1.2200","9.4200","9.4200","1.2200","1.8200","329","4/1/2025 16:37","0","0","0.0000","0.0000","0.0000","241.0000","241.0000","241.0000","241.0000","241.0000","-0.8100","-0.8591","-0.5800","-0.7100","-1.0800","27.0500","27.0500","27.0500","27.0500","27.0500","6","0","24.0100","251.0000","-0.5800","0.0000","24.0100","251.0000","-0.7300","0","24.0100","251.0000","-0.9100","0","17.3300","273.0000","-0.5500","0.0000","17.3300","273.0000","-0.7400","0","17.3300","273.0000","-0.9300","0.0000","24.0100","251.0000","-1.2300","0.0000","17.3300","273.0000","-1.3900","0.0000","97.8700","8.0000","-0.1400","0","97.8700","8.0000","-0.1400","0.0000","97.8700","8.0000","-0.1300","0","97.8700","8.0000","-0.1500","7","11","0"
"AAD2023.06.02752","557664","38018","38","University of New Haven, Connecticut","Chemistry and Chemical & Biomedical Engineering, Department of","Chemistry","11","232.0000","128","172.0000","10","208.0000","12.8000","120.0000","5748","108.0000","10","211.0000","1.0000","1.0000","3","231.0000","4","240.0000","1116580.0000","246.0000","3","230.0000","3","216.0000","0","207.0000","0","207.0000","19","17","5","17","18","0.0000","-0.9400","207.0000","37.3900","0.0000","-0.6300","207.0000","37.3900","0.9100","0.3300","173.0000","47.7200","11.6400","0.1500","126.0000","62.0100","0.9100","0.3100","177.0000","46.5000","522.5500","0.6800","61.0000","81.7600","44.9100","1.8100","19.0000","94.5300","0.2700","-0.7400","235.0000","28.8800","0.3600","-0.8400","242.0000","26.7500","101507.2700","-0.7400","246.0000","25.5300","279145.0000","-0.5900","240.0000","27.3600","0.2700","-0.5900","236.0000","28.5700","0.2700","-0.5800","219.0000","33.7400","-0.5000","183.0000","44.6800","-0.6700","-0.8700","-0.5800","-0.7500","-0.5800","0.1800","0.3027","-0.5000","-0.6800","-0.1600","-0.6100","-0.6900","-0.4200","-0.6900","34.6500","37.3900","36.1700","30.0900","37.0800","63.8300","100.0000","30.4000","37.3900","67.4800","25.5300","27.3600","48.0200","29.7900","329","4/1/2025 16:37","20","4","5.0000","1.8200","0.3600","73.0000","24.0000","44.0000","6.0000","8.0000","0.3300","1.4022","0.8000","3.1300","2.1700","78.1200","93.0100","86.9300","98.4800","97.8700","6","2","50.4600","164.0000","-0.3300","0.1800","56.8400","143.0000","-0.0600","2","55.9300","146.0000","-0.2900","6","41.9500","192.0000","-0.4400","0.5500","47.1100","175.0000","-0.3800","2","41.3400","194.0000","-0.6300","0.1800","70.2100","99.0000","0.5100","0.1800","39.5100","200.0000","-0.4200","0.0000","97.8700","8.0000","-0.1400","0","97.8700","8.0000","-0.1400","0.0000","97.8700","8.0000","-0.1300","0","97.8700","8.0000","-0.1500","7","11","0"
"AAD2023.06.02752","557699","38036","38","University of West Florida","Chemistry, Department of","Chemistry","7","297.0000","20","289.0000","4","295.0000","5.0000","257.0000","375","275.0000","3","303.0000","0.7500","314.0000","1","273.0000","1","278.0000","396540.0000","280.0000","3","230.0000","2","237.0000","1","147.0000","1","125.0000","19","17","5","17","18","0.1400","1.0400","43.0000","87.2300","0.1400","0.1600","81.0000","75.6800","0.5700","-1.3100","292.0000","11.5500","2.8600","-0.9500","270.0000","18.2400","0.4300","-1.9400","306.0000","7.2900","53.5700","-0.6900","255.0000","22.8000","18.7500","-0.3000","187.0000","43.4700","0.1400","-1.2200","276.0000","16.4100","0.1400","-1.0800","281.0000","14.8900","56648.5700","-0.8000","271.0000","17.9300","396540.0000","-0.1200","178.0000","46.2000","0.4300","-0.5100","205.0000","37.9900","0.2900","-0.5400","215.0000","34.9500","-1.0000","253.0000","23.4000","-0.7500","-0.2800","-1.1500","-0.9400","-1.0600","-0.8100","-1.5066","-0.5000","-0.4000","-0.5600","-0.6300","-0.7700","-0.7600","-1.0200","28.2700","62.3100","8.2100","17.3300","10.6400","22.1900","4.8600","30.4000","55.6200","16.7200","15.2000","15.8100","12.4600","10.0300","329","4/1/2025 16:37","0","0","0.0000","0.0000","0.0000","241.0000","241.0000","241.0000","241.0000","241.0000","-0.8100","-0.8591","-0.5800","-0.7100","-1.0800","27.0500","27.0500","27.0500","27.0500","27.0500","6","1","38.6000","203.0000","-0.4600","0.1400","50.1500","165.0000","-0.2100","1","43.7700","186.0000","-0.6000","11","54.4100","151.0000","-0.3500","1.5700","75.0800","83.0000","0.2900","2","41.3400","194.0000","-0.6300","0.1400","59.2700","135.0000","0.1400","0.2900","54.7100","150.0000","0.1400","0.0000","97.8700","8.0000","-0.1400","0","97.8700","8.0000","-0.1400","0.0000","97.8700","8.0000","-0.1300","0","97.8700","8.0000","-0.1500","7","11","0"
"AAD2023.06.02752","558793","38077","38","Coastal Carolina University","Chemistry, Department of","Chemistry","8","283.0000","21","284.0000","3","306.0000","7.0000","212.0000","427","269.0000","3","303.0000","1.0000","1.0000","0","299.0000","0","299.0000","0.0000","299.0000","1","269.0000","1","263.0000","0","207.0000","0","207.0000","19","17","5","17","18","0.0000","-0.9400","207.0000","37.3900","0.0000","-0.6300","207.0000","37.3900","0.3800","-2.2600","313.0000","5.1700","2.6300","-0.9700","278.0000","15.8100","0.3800","-2.1900","311.0000","5.7800","53.3800","-0.6900","256.0000","22.4900","20.3300","-0.1700","162.0000","51.0600","0.0000","-1.7300","299.0000","9.4200","0.0000","-1.2300","299.0000","9.4200","0.0000","-0.8800","299.0000","9.4200","0.0000","-1.7200","299.0000","9.4200","0.1300","-0.6700","275.0000","16.7200","0.1300","-1.0800","266.0000","19.4500","-1.2000","288.0000","12.7700","-0.8400","-0.8700","-1.1500","-1.0300","-1.1400","-0.5600","0.3027","-0.5300","-0.6800","-0.5600","-0.6500","-0.8000","-0.7500","-0.9400","20.3600","37.3900","8.2100","9.4200","7.2900","35.8700","100.0000","18.5400","37.3900","18.5400","9.4200","9.4200","13.9800","14.2900","329","4/1/2025 16:37","1","1","1.0000","0.1300","0.1300","168.0000","169.0000","197.0000","178.0000","138.0000","-0.5300","-0.4068","-0.5100","-0.4400","0.0400","49.2400","48.9400","40.4300","46.2000","58.3600","6","0","24.0100","251.0000","-0.5800","0.0000","24.0100","251.0000","-0.7300","0","24.0100","251.0000","-0.9100","0","17.3300","273.0000","-0.5500","0.0000","17.3300","273.0000","-0.7400","0","17.3300","273.0000","-0.9300","0.0000","24.0100","251.0000","-1.2300","0.0000","17.3300","273.0000","-1.3900","0.0000","97.8700","8.0000","-0.1400","0","97.8700","8.0000","-0.1400","0.0000","97.8700","8.0000","-0.1300","0","97.8700","8.0000","-0.1500","7","11","0"
"AAD2023.06.02752","558830","38105","38","University of Arkansas at Pine Bluff","Chemistry and Physics, Department of","Chemistry","9","270.0000","49","240.0000","7","263.0000","7.0000","212.0000","1436","208.0000","7","263.0000","1.0000","1.0000","5","203.0000","7","218.0000","2693951.0000","211.0000","0","294.0000","0","294.0000","0","207.0000","0","207.0000","19","17","5","17","18","0.0000","-0.9400","207.0000","37.3900","0.0000","-0.6300","207.0000","37.3900","0.7800","-0.3100","252.0000","23.7100","5.4400","-0.6200","221.0000","33.1300","0.7800","-0.3100","254.0000","23.1000","159.5600","-0.3800","171.0000","48.3300","29.3100","0.5500","77.0000","76.9000","0.5600","0.2800","151.0000","54.4100","0.7800","-0.3900","190.0000","42.5500","299327.8900","-0.4600","189.0000","42.8600","384850.1400","-0.1600","188.0000","43.1600","0.0000","-0.7400","294.0000","10.9400","0.0000","-1.5000","294.0000","10.9400","-0.9000","235.0000","28.8800","-0.9200","-0.8700","-0.8200","-0.5700","-0.8200","-0.5600","0.3027","-0.5400","-0.6800","-0.4800","-0.5500","-0.6100","-0.6700","-0.8500","10.9400","37.3900","20.3600","38.6000","20.3600","35.8700","100.0000","10.9400","37.3900","37.0800","36.1700","34.0400","27.3600","18.2400","329","4/1/2025 16:37","6","3","2.0000","0.6700","0.3300","94.0000","105.0000","110.0000","53.0000","14.0000","0.0400","0.0454","-0.1700","0.7000","1.9000","71.7300","68.3900","66.8700","84.1900","96.0500","6","0","24.0100","251.0000","-0.5800","0.0000","24.0100","251.0000","-0.7300","0","24.0100","251.0000","-0.9100","0","17.3300","273.0000","-0.5500","0.0000","17.3300","273.0000","-0.7400","0","17.3300","273.0000","-0.9300","0.0000","24.0100","251.0000","-1.2300","0.0000","17.3300","273.0000","-1.3900","0.0000","97.8700","8.0000","-0.1400","0","97.8700","8.0000","-0.1400","0.0000","97.8700","8.0000","-0.1300","0","97.8700","8.0000","-0.1500","7","11","0"
"AAD2023.06.02752","614784","38120","38","Pace University-New York","Chemistry and Physical Sciences (NYC), Department of","Chemistry","10","250.0000","35","259.0000","6","275.0000","5.8300","235.0000","385","273.0000","8","246.0000","1.0000","1.0000","1","273.0000","1","278.0000","49770.0000","296.0000","2","255.0000","2","237.0000","0","207.0000","0","207.0000","19","17","5","17","18","0.0000","-0.9400","207.0000","37.3900","0.0000","-0.6300","207.0000","37.3900","0.6000","-1.1700","287.0000","13.0700","3.5000","-0.8700","254.0000","23.1000","0.8000","-0.2000","247.0000","25.2300","38.5000","-0.7300","275.0000","16.7200","11.0000","-0.9200","279.0000","15.5000","0.1000","-1.3700","287.0000","13.0700","0.1000","-1.1200","290.0000","12.1600","4977.0000","-0.8700","297.0000","10.0300","49770.0000","-1.5200","296.0000","10.3300","0.2000","-0.6300","254.0000","23.1000","0.2000","-0.8300","239.0000","27.6600","-1.1000","274.0000","17.0200","-0.7500","-0.8700","-0.7400","-0.9400","-0.9000","-0.7100","0.3027","-0.5100","-0.6800","-0.5600","-0.6500","-0.7700","-0.7100","-0.7700","28.2700","37.3900","25.5300","17.3300","16.7200","28.8800","100.0000","22.8000","37.3900","17.3300","10.3300","15.8100","21.5800","24.3200","329","4/1/2025 16:37","0","0","0.0000","0.0000","0.0000","241.0000","241.0000","241.0000","241.0000","241.0000","-0.8100","-0.8591","-0.5800","-0.7100","-1.0800","27.0500","27.0500","27.0500","27.0500","27.0500","6","3","59.2700","135.0000","-0.2000","0.3000","78.7200","71.0000","0.3700","4","77.8100","74.0000","0.3400","2","29.1800","234.0000","-0.5100","0.2000","29.7900","232.0000","-0.6100","1","28.8800","235.0000","-0.7800","0.4000","99.7000","2.0000","2.6000","0.1000","27.3600","240.0000","-0.8500","0.0000","97.8700","8.0000","-0.1400","0","97.8700","8.0000","-0.1400","0.0000","97.8700","8.0000","-0.1300","0","97.8700","8.0000","-0.1500","7","11","0"
"AAD2023.06.02752","614784","38121","38","Pace University-New York","Chemistry and Physical Sciences (Pleasantville), Department of","Chemistry","5","312.0000","22","281.0000","2","313.0000","11.0000","142.0000","81","308.0000","2","311.0000","1.0000","1.0000","1","273.0000","1","278.0000","49770.0000","296.0000","0","294.0000","0","294.0000","0","207.0000","0","207.0000","19","17","5","17","18","0.0000","-0.9400","207.0000","37.3900","0.0000","-0.6300","207.0000","37.3900","0.4000","-2.1400","309.0000","6.3800","4.4000","-0.7500","238.0000","27.9600","0.4000","-2.0700","308.0000","6.6900","16.2000","-0.8000","301.0000","8.8100","3.6800","-1.5200","323.0000","2.1300","0.2000","-1.0100","256.0000","22.4900","0.2000","-1.0200","268.0000","18.8500","9954.0000","-0.8700","296.0000","10.3300","49770.0000","-1.5200","296.0000","10.3300","0.0000","-0.7400","294.0000","10.9400","0.0000","-1.5000","294.0000","10.9400","-1.2000","288.0000","12.7700","-0.9200","-0.8700","-1.2300","-0.9400","-1.2200","-0.0500","0.3027","-0.5400","-0.6800","-0.5900","-0.6500","-0.7700","-0.7500","-1.1900","10.9400","37.3900","5.7800","17.3300","5.1700","57.1400","100.0000","10.9400","37.3900","6.6900","10.3300","15.8100","14.8900","5.4700","329","4/1/2025 16:37","0","0","0.0000","0.0000","0.0000","241.0000","241.0000","241.0000","241.0000","241.0000","-0.8100","-0.8591","-0.5800","-0.7100","-1.0800","27.0500","27.0500","27.0500","27.0500","27.0500","6","1","38.6000","203.0000","-0.4600","0.2000","62.9200","123.0000","0.0000","1","43.7700","186.0000","-0.6000","0","17.3300","273.0000","-0.5500","0.0000","17.3300","273.0000","-0.7400","0","17.3300","273.0000","-0.9300","0.2000","76.9000","77.0000","0.6800","0.0000","17.3300","273.0000","-1.3900","0.0000","97.8700","8.0000","-0.1400","0","97.8700","8.0000","-0.1400","0.0000","97.8700","8.0000","-0.1300","0","97.8700","8.0000","-0.1500","7","11","0"
"AAD2023.06.02752","1","38170","38","Adelphi University","Chemistry, Department of","Chemistry","7","297.0000","20","289.0000","6","275.0000","3.3300","289.0000","287","283.0000","6","275.0000","1.0000","1.0000","2","249.0000","3","248.0000","513465.0000","273.0000","0","294.0000","0","294.0000","0","207.0000","0","207.0000","19","17","5","17","18","0.0000","-0.9400","207.0000","37.3900","0.0000","-0.6300","207.0000","37.3900","0.8600","0.0700","211.0000","36.1700","2.8600","-0.9500","270.0000","18.2400","0.8600","0.0600","215.0000","34.9500","41.0000","-0.7200","270.0000","18.2400","14.3500","-0.6500","248.0000","24.9200","0.2900","-0.7000","233.0000","29.4800","0.4300","-0.7700","237.0000","28.2700","73352.1400","-0.7800","259.0000","21.5800","171155.0000","-1.0300","281.0000","14.8900","0.0000","-0.7400","294.0000","10.9400","0.0000","-1.5000","294.0000","10.9400","-1.0000","253.0000","23.4000","-0.9200","-0.8700","-0.9000","-0.8500","-0.9000","-1.0200","0.3027","-0.5400","-0.6800","-0.5700","-0.6300","-0.7200","-0.7600","-1.0200","10.9400","37.3900","16.7200","24.6200","16.7200","12.4600","100.0000","10.9400","37.3900","14.2900","17.3300","24.9200","12.4600","10.0300","329","4/1/2025 16:37","0","0","0.0000","0.0000","0.0000","241.0000","241.0000","241.0000","241.0000","241.0000","-0.8100","-0.8591","-0.5800","-0.7100","-1.0800","27.0500","27.0500","27.0500","27.0500","27.0500","6","2","50.4600","164.0000","-0.3300","0.2900","76.6000","78.0000","0.3200","2","55.9300","146.0000","-0.2900","1","23.7100","252.0000","-0.5300","0.1400","25.8400","245.0000","-0.6500","1","28.8800","235.0000","-0.7800","0.2900","93.0100","24.0000","1.5000","0.1400","34.3500","217.0000","-0.6200","0.0000","97.8700","8.0000","-0.1400","0","97.8700","8.0000","-0.1400","0.0000","97.8700","8.0000","-0.1300","0","97.8700","8.0000","-0.1500","7","11","0"
"AAD2023.06.02752","3","38190","38","Alabama A&M University","Chemistry Unit","Chemistry","7","297.0000","5","316.0000","4","295.0000","1.2500","322.0000","5","325.0000","1","320.0000","0.2500","324.0000","0","299.0000","0","299.0000","0.0000","299.0000","0","294.0000","0","294.0000","0","207.0000","0","207.0000","19","17","5","17","18","0.0000","-0.9400","207.0000","37.3900","0.0000","-0.6300","207.0000","37.3900","0.5700","-1.3100","292.0000","11.5500","0.7100","-1.2100","321.0000","2.7400","0.1400","-3.2800","325.0000","1.5200","0.7100","-0.8400","325.0000","1.5200","1.0000","-1.7300","325.0000","1.5200","0.0000","-1.7300","299.0000","9.4200","0.0000","-1.2300","299.0000","9.4200","0.0000","-0.8800","299.0000","9.4200","0.0000","-1.7200","299.0000","9.4200","0.0000","-0.7400","294.0000","10.9400","0.0000","-1.5000","294.0000","10.9400","-1.4000","321.0000","2.7400","-0.9200","-0.8700","-1.3100","-1.0300","-1.0600","-1.2900","-5.1250","-0.5400","-0.6800","-0.5900","-0.6500","-0.8000","-0.8000","-1.0200","10.9400","37.3900","3.0400","9.4200","10.6400","2.4300","1.8200","10.9400","37.3900","1.5200","9.4200","9.4200","4.2600","10.0300","329","4/1/2025 16:37","0","0","0.0000","0.0000","0.0000","241.0000","241.0000","241.0000","241.0000","241.0000","-0.8100","-0.8591","-0.5800","-0.7100","-1.0800","27.0500","27.0500","27.0500","27.0500","27.0500","6","0","24.0100","251.0000","-0.5800","0.0000","24.0100","251.0000","-0.7300","0","24.0100","251.0000","-0.9100","0","17.3300","273.0000","-0.5500","0.0000","17.3300","273.0000","-0.7400","0","17.3300","273.0000","-0.9300","0.0000","24.0100","251.0000","-1.2300","0.0000","17.3300","273.0000","-1.3900","0.0000","97.8700","8.0000","-0.1400","0","97.8700","8.0000","-0.1400","0.0000","97.8700","8.0000","-0.1300","0","97.8700","8.0000","-0.1500","7","11","0"
"AAD2023.06.02752","9","38207","38","Andrews University","Chemistry and Biochemistry, Department of","Chemistry","6","307.0000","4","321.0000","5","287.0000","0.8000","325.0000","24","323.0000","1","320.0000","0.2000","325.0000","0","299.0000","0","299.0000","0.0000","299.0000","0","294.0000","0","294.0000","0","207.0000","0","207.0000","19","17","5","17","18","0.0000","-0.9400","207.0000","37.3900","0.0000","-0.6300","207.0000","37.3900","0.8300","-0.0400","223.0000","32.5200","0.6700","-1.2200","322.0000","2.4300","0.1700","-3.1700","324.0000","1.8200","4.0000","-0.8300","323.0000","2.1300","6.0000","-1.3300","316.0000","4.2600","0.0000","-1.7300","299.0000","9.4200","0.0000","-1.2300","299.0000","9.4200","0.0000","-0.8800","299.0000","9.4200","0.0000","-1.7200","299.0000","9.4200","0.0000","-0.7400","294.0000","10.9400","0.0000","-1.5000","294.0000","10.9400","-1.4000","321.0000","2.7400","-0.9200","-0.8700","-1.3100","-1.0300","-0.9800","-1.3500","-5.4869","-0.5400","-0.6800","-0.5900","-0.6500","-0.8000","-0.8100","-1.1100","10.9400","37.3900","3.0400","9.4200","13.0700","1.5200","1.5200","10.9400","37.3900","2.1300","9.4200","9.4200","2.7400","6.9900","329","4/1/2025 16:37","0","0","0.0000","0.0000","0.0000","241.0000","241.0000","241.0000","241.0000","241.0000","-0.8100","-0.8591","-0.5800","-0.7100","-1.0800","27.0500","27.0500","27.0500","27.0500","27.0500","6","0","24.0100","251.0000","-0.5800","0.0000","24.0100","251.0000","-0.7300","0","24.0100","251.0000","-0.9100","0","17.3300","273.0000","-0.5500","0.0000","17.3300","273.0000","-0.7400","0","17.3300","273.0000","-0.9300","0.0000","24.0100","251.0000","-1.2300","0.0000","17.3300","273.0000","-1.3900","0.0000","97.8700","8.0000","-0.1400","0","97.8700","8.0000","-0.1400","0.0000","97.8700","8.0000","-0.1300","0","97.8700","8.0000","-0.1500","7","11","0"
"AAD2023.06.02752","52","38232","38","Creighton University","Chemistry and Biochemistry, Department of","Chemistry","19","123.0000","53","233.0000","16","139.0000","3.3100","293.0000","506","261.0000","17","131.0000","1.0000","1.0000","5","203.0000","6","222.0000","1570670.0000","231.0000","6","200.0000","5","183.0000","0","207.0000","0","207.0000","19","17","5","17","18","0.0000","-0.9400","207.0000","37.3900","0.0000","-0.6300","207.0000","37.3900","0.8400","0.0000","219.0000","33.7400","2.7900","-0.9500","272.0000","17.6300","0.8900","0.2400","194.0000","41.3400","26.6300","-0.7600","284.0000","13.9800","9.5500","-1.0400","291.0000","11.8500","0.2600","-0.7800","239.0000","27.6600","0.3200","-0.8900","245.0000","25.8400","82666.8400","-0.7700","255.0000","22.8000","261778.3300","-0.6600","250.0000","24.3200","0.3200","-0.5700","230.0000","30.4000","0.2600","-0.6100","222.0000","32.8300","-1.0000","253.0000","23.4000","-0.5000","-0.8700","-0.0200","-0.5700","-0.1000","-1.0300","0.3027","-0.4600","-0.6800","-0.5500","-0.5900","-0.6400","-0.6500","-0.0100","44.6800","37.3900","60.4900","38.6000","58.0500","11.2500","100.0000","39.5100","37.3900","20.9700","30.0900","32.8300","29.4800","62.9200","329","4/1/2025 16:37","0","0","0.0000","0.0000","0.0000","241.0000","241.0000","241.0000","241.0000","241.0000","-0.8100","-0.8591","-0.5800","-0.7100","-1.0800","27.0500","27.0500","27.0500","27.0500","27.0500","6","2","50.4600","164.0000","-0.3300","0.1100","41.3400","194.0000","-0.3500","2","55.9300","146.0000","-0.2900","17","61.4000","128.0000","-0.2500","0.8900","60.1800","132.0000","-0.1500","1","28.8800","235.0000","-0.7800","0.1100","46.8100","176.0000","-0.2200","0.0500","18.5400","269.0000","-1.1100","0.0000","97.8700","8.0000","-0.1400","0","97.8700","8.0000","-0.1400","0.0000","97.8700","8.0000","-0.1300","0","97.8700","8.0000","-0.1500","7","11","0"
"AAD2023.06.02752","67","38258","38","Fairleigh Dickinson University","Chemistry, Biochemistry, and Physics, Department of","Chemistry","15","175.0000","20","289.0000","8","246.0000","2.5000","307.0000","146","298.0000","8","246.0000","1.0000","1.0000","1","273.0000","3","248.0000","1436627.0000","236.0000","2","255.0000","2","237.0000","2","105.0000","2","69.0000","19","17","5","17","18","0.1300","0.9100","52.0000","84.5000","0.1300","0.1100","89.0000","73.2500","0.5300","-1.4900","295.0000","10.6400","1.3300","-1.1400","307.0000","6.9900","0.5300","-1.4500","294.0000","10.9400","9.7300","-0.8100","312.0000","5.4700","7.3000","-1.2200","313.0000","5.1700","0.0700","-1.4900","295.0000","10.6400","0.2000","-1.0200","268.0000","18.8500","95775.1300","-0.7500","250.0000","24.3200","478875.6700","0.2200","128.0000","61.4000","0.1300","-0.6700","271.0000","17.9300","0.1300","-1.0500","261.0000","20.9700","-1.2000","288.0000","12.7700","-0.7500","0.3100","-0.7400","-0.9400","-0.7400","-1.1300","0.3027","-0.5100","-0.1200","-0.5800","-0.6000","-0.7200","-0.7600","-0.3500","28.2700","79.3300","25.5300","17.3300","25.5300","6.9900","100.0000","22.8000","68.3900","9.7300","28.5700","24.9200","12.4600","47.1100","329","4/1/2025 16:37","0","0","0.0000","0.0000","0.0000","241.0000","241.0000","241.0000","241.0000","241.0000","-0.8100","-0.8591","-0.5800","-0.7100","-1.0800","27.0500","27.0500","27.0500","27.0500","27.0500","6","0","24.0100","251.0000","-0.5800","0.0000","24.0100","251.0000","-0.7300","0","24.0100","251.0000","-0.9100","3","33.7400","219.0000","-0.5000","0.2000","29.7900","232.0000","-0.6100","2","41.3400","194.0000","-0.6300","0.0000","24.0100","251.0000","-1.2300","0.1300","32.8300","222.0000","-0.6800","0.0000","97.8700","8.0000","-0.1400","0","97.8700","8.0000","-0.1400","0.0000","97.8700","8.0000","-0.1300","0","97.8700","8.0000","-0.1500","7","11","0"
"AAD2023.06.02752","94","38280","38","Indiana State University","Chemistry and Physics, Department of","Chemistry","11","232.0000","47","242.0000","9","229.0000","5.2200","252.0000","974","227.0000","10","211.0000","1.0000","1.0000","1","273.0000","1","278.0000","136449.0000","291.0000","3","230.0000","2","237.0000","4","62.0000","1","125.0000","19","17","5","17","18","0.0900","0.3200","105.0000","68.3900","0.3600","1.3900","21.0000","93.9200","0.8200","-0.1100","235.0000","28.8800","4.2700","-0.7700","243.0000","26.4400","0.9100","0.3100","177.0000","46.5000","88.5500","-0.5800","228.0000","31.0000","20.7200","-0.1400","153.0000","53.8000","0.0900","-1.4000","290.0000","12.1600","0.0900","-1.1300","293.0000","11.2500","12404.4500","-0.8600","295.0000","10.6400","136449.0000","-1.1700","286.0000","13.3700","0.2700","-0.5900","236.0000","28.5700","0.1800","-0.8900","245.0000","25.8400","-0.9000","235.0000","28.8800","-0.7500","-0.2800","-0.5800","-0.9400","-0.6600","-0.7800","0.3027","-0.5000","0.4400","-0.5200","-0.6400","-0.7700","-0.6700","-0.6900","28.2700","62.3100","36.1700","17.3300","30.7000","23.7100","100.0000","30.4000","81.4600","31.3100","11.8500","15.8100","26.7500","29.7900","329","4/1/2025 16:37","0","0","0.0000","0.0000","0.0000","241.0000","241.0000","241.0000","241.0000","241.0000","-0.8100","-0.8591","-0.5800","-0.7100","-1.0800","27.0500","27.0500","27.0500","27.0500","27.0500","6","1","38.6000","203.0000","-0.4600","0.0900","35.8700","212.0000","-0.4000","1","43.7700","186.0000","-0.6000","5","39.8200","199.0000","-0.4600","0.4500","41.6400","193.0000","-0.4400","2","41.3400","194.0000","-0.6300","0.0900","40.4300","197.0000","-0.3600","0.1800","39.5100","200.0000","-0.4200","0.0000","97.8700","8.0000","-0.1400","0","97.8700","8.0000","-0.1400","0.0000","97.8700","8.0000","-0.1300","0","97.8700","8.0000","-0.1500","7","11","0"
"AAD2023.06.02752","180","38312","38","Sam Houston State University","Chemistry, Department of","Chemistry","12","217.0000","33","262.0000","10","208.0000","3.3000","294.0000","533","259.0000","10","211.0000","1.0000","1.0000","1","273.0000","2","260.0000","566309.0000","272.0000","2","255.0000","1","263.0000","0","207.0000","0","207.0000","19","17","5","17","18","0.0000","-0.9400","207.0000","37.3900","0.0000","-0.6300","207.0000","37.3900","0.8300","-0.0400","223.0000","32.5200","2.7500","-0.9600","273.0000","17.3300","0.8300","-0.0500","230.0000","30.4000","44.4200","-0.7100","264.0000","20.0600","16.1500","-0.5100","223.0000","32.5200","0.0800","-1.4300","291.0000","11.8500","0.1700","-1.0500","275.0000","16.7200","47192.4200","-0.8100","275.0000","16.7200","283154.5000","-0.5700","238.0000","27.9600","0.1700","-0.6500","259.0000","21.5800","0.0800","-1.2200","286.0000","13.3700","-1.0000","253.0000","23.4000","-0.8400","-0.8700","-0.5800","-0.9400","-0.5800","-1.0300","0.3027","-0.5100","-0.6800","-0.5500","-0.6300","-0.7500","-0.7200","-0.6000","20.3600","37.3900","36.1700","17.3300","37.0800","10.9400","100.0000","22.8000","37.3900","21.5800","17.6300","21.2800","20.6700","34.3500","329","4/1/2025 16:37","1","1","1.0000","0.0800","0.0800","168.0000","169.0000","197.0000","212.0000","185.0000","-0.5300","-0.4068","-0.5100","-0.5300","-0.3400","49.2400","48.9400","40.4300","35.8700","44.0700","6","1","38.6000","203.0000","-0.4600","0.0800","32.8300","222.0000","-0.4300","1","43.7700","186.0000","-0.6000","5","39.8200","199.0000","-0.4600","0.4200","39.2100","201.0000","-0.4700","2","41.3400","194.0000","-0.6300","0.0800","36.4700","210.0000","-0.4300","0.1700","37.3900","207.0000","-0.5000","0.0000","97.8700","8.0000","-0.1400","0","97.8700","8.0000","-0.1400","0.0000","97.8700","8.0000","-0.1300","0","97.8700","8.0000","-0.1500","7","11","0"
"AAD2023.06.02752","182","38346","38","Santa Clara University","Chemistry and Biochemistry, Department of","Chemistry","13","201.0000","41","250.0000","9","229.0000","4.5600","270.0000","787","240.0000","9","228.0000","1.0000","1.0000","6","188.0000","10","198.0000","2947765.0000","206.0000","18","125.0000","9","127.0000","0","207.0000","0","207.0000","19","17","5","17","18","0.0000","-0.9400","207.0000","37.3900","0.0000","-0.6300","207.0000","37.3900","0.6900","-0.7200","271.0000","17.9300","3.1500","-0.9100","261.0000","20.9700","0.6900","-0.7100","272.0000","17.6300","60.5400","-0.6700","249.0000","24.6200","19.2000","-0.2600","183.0000","44.6800","0.4600","-0.0600","185.0000","44.0700","0.7700","-0.4000","193.0000","41.6400","226751.1500","-0.5700","202.0000","38.9100","294776.5000","-0.5300","233.0000","29.4800","1.3800","0.0100","94.0000","71.7300","0.6900","0.8200","84.0000","74.7700","-0.7000","212.0000","35.8700","-0.1600","-0.8700","-0.6600","-0.4700","-0.6600","-0.8700","0.3027","-0.3000","-0.6800","-0.5300","-0.5400","-0.5300","-0.6900","-0.5200","61.7000","37.3900","31.0000","43.1600","30.7000","18.2400","100.0000","62.3100","37.3900","27.3600","37.6900","40.1200","24.3200","39.2100","329","4/1/2025 16:37","1","1","1.0000","0.0800","0.0800","168.0000","169.0000","197.0000","216.0000","195.0000","-0.5300","-0.4068","-0.5100","-0.5400","-0.3900","49.2400","48.9400","40.4300","34.6500","41.0300","6","0","24.0100","251.0000","-0.5800","0.0000","24.0100","251.0000","-0.7300","0","24.0100","251.0000","-0.9100","7","45.2900","181.0000","-0.4300","0.5400","45.5900","180.0000","-0.3900","3","48.9400","169.0000","-0.4800","0.0000","24.0100","251.0000","-1.2300","0.2300","44.3800","184.0000","-0.1600","0.0000","97.8700","8.0000","-0.1400","0","97.8700","8.0000","-0.1400","0.0000","97.8700","8.0000","-0.1300","0","97.8700","8.0000","-0.1500","7","11","0"
"AAD2023.06.02752","185","38386","38","Seattle Pacific University","Chemistry and Biochemistry, Department of","Chemistry","8","283.0000","2","324.0000","2","313.0000","1.0000","324.0000","67","314.0000","2","311.0000","0.6700","320.0000","0","299.0000","0","299.0000","0.0000","299.0000","0","294.0000","0","294.0000","1","147.0000","1","125.0000","19","17","5","17","18","0.1300","0.8000","59.0000","82.3700","0.1300","0.0600","97.0000","70.8200","0.2500","-2.8600","321.0000","2.7400","0.2500","-1.2700","325.0000","1.5200","0.2500","-2.7800","319.0000","3.3400","8.3800","-0.8200","317.0000","3.9500","33.5000","0.8900","53.0000","84.1900","0.0000","-1.7300","299.0000","9.4200","0.0000","-1.2300","299.0000","9.4200","0.0000","-0.8800","299.0000","9.4200","0.0000","-1.7200","299.0000","9.4200","0.0000","-0.7400","294.0000","10.9400","0.0000","-1.5000","294.0000","10.9400","-1.4000","321.0000","2.7400","-0.9200","-0.2800","-1.2300","-1.0300","-1.2200","-1.3200","-2.1096","-0.5400","-0.4000","-0.5900","-0.6500","-0.8000","-0.8100","-0.9400","10.9400","62.3100","5.7800","9.4200","5.1700","1.8200","3.0400","10.9400","55.6200","4.8600","9.4200","9.4200","1.8200","14.2900","329","4/1/2025 16:37","0","0","0.0000","0.0000","0.0000","241.0000","241.0000","241.0000","241.0000","241.0000","-0.8100","-0.8591","-0.5800","-0.7100","-1.0800","27.0500","27.0500","27.0500","27.0500","27.0500","6","5","72.9500","90.0000","0.0500","0.6300","97.2600","10.0000","1.5600","2","55.9300","146.0000","-0.2900","2","29.1800","234.0000","-0.5100","0.2500","33.4300","220.0000","-0.5800","2","41.3400","194.0000","-0.6300","0.2500","88.4500","39.0000","1.1600","0.2500","47.4200","174.0000","-0.0500","0.0000","97.8700","8.0000","-0.1400","0","97.8700","8.0000","-0.1400","0.0000","97.8700","8.0000","-0.1300","0","97.8700","8.0000","-0.1500","7","11","0"
"AAD2023.06.02752","201","38425","38","Suffolk University","Chemistry and Biochemistry, Department of","Chemistry","5","312.0000","13","302.0000","3","306.0000","4.3300","274.0000","77","309.0000","3","303.0000","1.0000","1.0000","3","231.0000","8","209.0000","1065991.0000","248.0000","1","269.0000","1","263.0000","0","207.0000","0","207.0000","19","17","5","17","18","0.0000","-0.9400","207.0000","37.3900","0.0000","-0.6300","207.0000","37.3900","0.6000","-1.1700","287.0000","13.0700","2.6000","-0.9800","279.0000","15.5000","0.6000","-1.1400","284.0000","13.9800","15.4000","-0.8000","303.0000","8.2100","5.9200","-1.3300","318.0000","3.6500","0.6000","0.4400","126.0000","62.0100","1.6000","0.5000","93.0000","72.0400","213198.2000","-0.5800","209.0000","36.7800","133248.8800","-1.1800","287.0000","13.0700","0.2000","-0.6300","254.0000","23.1000","0.2000","-0.8300","239.0000","27.6600","-1.1000","274.0000","17.0200","-0.8400","-0.8700","-1.1500","-0.7500","-1.1400","-0.9000","0.3027","-0.5300","-0.6800","-0.5900","-0.6100","-0.5800","-0.7800","-1.1900","20.3600","37.3900","8.2100","30.0900","7.2900","17.0200","100.0000","18.5400","37.3900","6.3800","24.9200","36.7800","8.5100","5.4700","329","4/1/2025 16:37","0","0","0.0000","0.0000","0.0000","241.0000","241.0000","241.0000","241.0000","241.0000","-0.8100","-0.8591","-0.5800","-0.7100","-1.0800","27.0500","27.0500","27.0500","27.0500","27.0500","6","2","50.4600","164.0000","-0.3300","0.4000","90.2700","33.0000","0.7400","2","55.9300","146.0000","-0.2900","0","17.3300","273.0000","-0.5500","0.0000","17.3300","273.0000","-0.7400","0","17.3300","273.0000","-0.9300","0.4000","99.7000","2.0000","2.6000","0.0000","17.3300","273.0000","-1.3900","0.0000","97.8700","8.0000","-0.1400","0","97.8700","8.0000","-0.1400","0.0000","97.8700","8.0000","-0.1300","0","97.8700","8.0000","-0.1500","7","11","0"
"AAD2023.06.02752","268","38445","38","University of Dallas","Chemistry, Department of","Chemistry","4","319.0000","15","299.0000","2","313.0000","7.5000","196.0000","138","299.0000","2","311.0000","1.0000","1.0000","0","299.0000","0","299.0000","0.0000","299.0000","0","294.0000","0","294.0000","0","207.0000","0","207.0000","19","17","5","17","18","0.0000","-0.9400","207.0000","37.3900","0.0000","-0.6300","207.0000","37.3900","0.5000","-1.6500","296.0000","10.3300","3.7500","-0.8300","252.0000","23.7100","0.5000","-1.6100","297.0000","10.0300","34.5000","-0.7400","277.0000","16.1100","9.2000","-1.0700","293.0000","11.2500","0.0000","-1.7300","299.0000","9.4200","0.0000","-1.2300","299.0000","9.4200","0.0000","-0.8800","299.0000","9.4200","0.0000","-1.7200","299.0000","9.4200","0.0000","-0.7400","294.0000","10.9400","0.0000","-1.5000","294.0000","10.9400","-1.1000","274.0000","17.0200","-0.9200","-0.8700","-1.2300","-1.0300","-1.2200","-0.4900","0.3027","-0.5400","-0.6800","-0.5800","-0.6500","-0.8000","-0.7700","-1.2700","10.9400","37.3900","5.7800","9.4200","5.1700","40.7300","100.0000","10.9400","37.3900","9.4200","9.4200","9.4200","9.4200","3.3400","329","4/1/2025 16:37","0","0","0.0000","0.0000","0.0000","241.0000","241.0000","241.0000","241.0000","241.0000","-0.8100","-0.8591","-0.5800","-0.7100","-1.0800","27.0500","27.0500","27.0500","27.0500","27.0500","6","0","24.0100","251.0000","-0.5800","0.0000","24.0100","251.0000","-0.7300","0","24.0100","251.0000","-0.9100","0","17.3300","273.0000","-0.5500","0.0000","17.3300","273.0000","-0.7400","0","17.3300","273.0000","-0.9300","0.0000","24.0100","251.0000","-1.2300","0.0000","17.3300","273.0000","-1.3900","0.0000","97.8700","8.0000","-0.1400","0","97.8700","8.0000","-0.1400","0.0000","97.8700","8.0000","-0.1300","0","97.8700","8.0000","-0.1500","7","11","0"
"AAD2023.06.02752","272","38462","38","University of Detroit Mercy","Chemistry and Biochemistry, Program in","Chemistry","10","250.0000","18","292.0000","8","246.0000","2.2500","312.0000","51","318.0000","8","246.0000","0.8900","296.0000","0","299.0000","0","299.0000","0.0000","299.0000","5","212.0000","4","199.0000","19","2.0000","4","26.0000","19","17","5","17","18","0.4000","4.6200","2.0000","99.7000","1.9000","9.9200","1.0000","100.0000","0.8000","-0.2000","244.0000","26.1400","1.8000","-1.0800","293.0000","11.2500","0.8000","-0.2000","247.0000","25.2300","5.1000","-0.8300","321.0000","2.7400","2.8300","-1.5800","324.0000","1.8200","0.0000","-1.7300","299.0000","9.4200","0.0000","-1.2300","299.0000","9.4200","0.0000","-0.8800","299.0000","9.4200","0.0000","-1.7200","299.0000","9.4200","0.5000","-0.4700","192.0000","41.9500","0.4000","-0.1600","176.0000","46.8100","-1.2000","288.0000","12.7700","-0.5800","1.4800","-0.7400","-1.0300","-0.7400","-1.1600","-0.5014","-0.4700","4.6100","-0.5900","-0.6500","-0.8000","-0.7600","-0.7700","39.8200","92.4000","25.5300","9.4200","25.5300","5.4700","10.3300","35.8700","99.7000","3.6500","9.4200","9.4200","11.5500","24.3200","329","4/1/2025 16:37","0","0","0.0000","0.0000","0.0000","241.0000","241.0000","241.0000","241.0000","241.0000","-0.8100","-0.8591","-0.5800","-0.7100","-1.0800","27.0500","27.0500","27.0500","27.0500","27.0500","6","6","76.2900","79.0000","0.1700","0.6000","96.6600","12.0000","1.4700","4","77.8100","74.0000","0.3400","0","17.3300","273.0000","-0.5500","0.0000","17.3300","273.0000","-0.7400","0","17.3300","273.0000","-0.9300","0.4000","99.7000","2.0000","2.6000","0.0000","17.3300","273.0000","-1.3900","0.0000","97.8700","8.0000","-0.1400","0","97.8700","8.0000","-0.1400","0.0000","97.8700","8.0000","-0.1300","0","97.8700","8.0000","-0.1500","7","11","0"
"AAD2023.06.02752","371","38491","38","Prairie View A&M University","Chemistry, Department of","Chemistry","11","232.0000","53","233.0000","9","229.0000","5.8900","234.0000","985","225.0000","9","228.0000","1.0000","1.0000","4","215.0000","5","231.0000","1526784.0000","234.0000","1","269.0000","1","263.0000","0","207.0000","0","207.0000","19","17","5","17","18","0.0000","-0.9400","207.0000","37.3900","0.0000","-0.6300","207.0000","37.3900","0.8200","-0.1100","235.0000","28.8800","4.8200","-0.7000","231.0000","30.0900","0.8200","-0.1200","238.0000","27.9600","89.5500","-0.5800","227.0000","31.3100","18.5800","-0.3100","194.0000","41.3400","0.3600","-0.4100","217.0000","34.3500","0.4500","-0.7400","232.0000","29.7900","138798.5500","-0.6900","231.0000","30.0900","305356.8000","-0.4800","229.0000","30.7000","0.0900","-0.6900","287.0000","13.0700","0.0900","-1.1900","285.0000","13.6800","-0.9000","235.0000","28.8800","-0.8400","-0.8700","-0.6600","-0.6600","-0.6600","-0.7000","0.3027","-0.5300","-0.6800","-0.5200","-0.5900","-0.6600","-0.6500","-0.6900","20.3600","37.3900","31.0000","34.9500","30.7000","29.1800","100.0000","18.5400","37.3900","31.9100","29.1800","30.0900","29.4800","29.7900","329","4/1/2025 16:37","2","1","2.0000","0.1800","0.0900","168.0000","105.0000","164.0000","149.0000","176.0000","-0.5300","0.0454","-0.4400","-0.3200","-0.2700","49.2400","68.3900","50.4600","55.0200","46.8100","6","2","50.4600","164.0000","-0.3300","0.1800","56.8400","143.0000","-0.0600","1","43.7700","186.0000","-0.6000","1","23.7100","252.0000","-0.5300","0.0900","21.2800","260.0000","-0.6800","1","28.8800","235.0000","-0.7800","0.0900","40.4300","197.0000","-0.3600","0.0900","24.9200","248.0000","-0.9000","0.0000","97.8700","8.0000","-0.1400","0","97.8700","8.0000","-0.1400","0.0000","97.8700","8.0000","-0.1300","0","97.8700","8.0000","-0.1500","7","11","0"
"AAD2023.06.02752","381","38519","38","Gannon University","Chemistry and Biochemistry, Department of","Chemistry","10","250.0000","0","326.0000","0","326.0000","0.0000","326.0000","0","326.0000","0","326.0000","0.0000","326.0000","0","299.0000","0","299.0000","0.0000","299.0000","1","269.0000","1","263.0000","0","207.0000","0","207.0000","19","17","5","17","18","0.0000","-0.9400","207.0000","37.3900","0.0000","-0.6300","207.0000","37.3900","0.0000","-4.0700","326.0000","1.2200","0.0000","-1.3000","326.0000","1.2200","0.0000","-3.9500","326.0000","1.2200","0.0000","-0.8400","326.0000","1.2200","0.0000","-1.8100","326.0000","1.2200","0.0000","-1.7300","299.0000","9.4200","0.0000","-1.2300","299.0000","9.4200","0.0000","-0.8800","299.0000","9.4200","0.0000","-1.7200","299.0000","9.4200","0.1000","-0.6800","282.0000","14.5900","0.1000","-1.1600","280.0000","15.2000","-1.4000","321.0000","2.7400","-0.8400","-0.8700","-1.3900","-1.0300","-1.3900","-1.4500","-6.9343","-0.5300","-0.6800","-0.5900","-0.6500","-0.8000","-0.8200","-0.7700","20.3600","37.3900","1.2200","9.4200","1.2200","1.2200","1.2200","18.5400","37.3900","1.2200","9.4200","9.4200","1.2200","24.3200","329","4/1/2025 16:37","1","1","1.0000","0.1000","0.1000","168.0000","169.0000","197.0000","197.0000","166.0000","-0.5300","-0.4068","-0.5100","-0.5000","-0.1900","49.2400","48.9400","40.4300","40.4300","49.8500","6","1","38.6000","203.0000","-0.4600","0.1000","40.4300","197.0000","-0.3700","1","43.7700","186.0000","-0.6000","0","17.3300","273.0000","-0.5500","0.0000","17.3300","273.0000","-0.7400","0","17.3300","273.0000","-0.9300","0.1000","46.2000","178.0000","-0.2700","0.0000","17.3300","273.0000","-1.3900","0.0000","97.8700","8.0000","-0.1400","0","97.8700","8.0000","-0.1400","0.0000","97.8700","8.0000","-0.1300","0","97.8700","8.0000","-0.1500","7","11","0"
"AAD2023.06.02752","382","38532","38","Gonzaga University","Chemistry and Biochemistry, Department of","Chemistry","12","217.0000","27","271.0000","10","208.0000","2.7000","303.0000","964","229.0000","12","189.0000","1.0000","1.0000","0","299.0000","0","299.0000","0.0000","299.0000","6","200.0000","5","183.0000","1","147.0000","1","125.0000","19","17","5","17","18","0.0800","0.2200","117.0000","64.7400","0.0800","-0.1700","145.0000","56.2300","0.8300","-0.0400","223.0000","32.5200","2.2500","-1.0200","285.0000","13.6800","1.0000","0.7300","1.0000","100.0000","80.3300","-0.6100","233.0000","29.4800","35.7000","1.0700","42.0000","87.5400","0.0000","-1.7300","299.0000","9.4200","0.0000","-1.2300","299.0000","9.4200","0.0000","-0.8800","299.0000","9.4200","0.0000","-1.7200","299.0000","9.4200","0.5000","-0.4700","192.0000","41.9500","0.4200","-0.1000","170.0000","48.6300","-0.9000","235.0000","28.8800","-0.5000","-0.2800","-0.4200","-1.0300","-0.5800","-1.1000","0.3027","-0.4600","-0.4000","-0.5200","-0.6500","-0.8000","-0.7400","-0.6000","44.6800","62.3100","42.8600","9.4200","37.0800","8.2100","100.0000","39.5100","55.6200","30.7000","9.4200","9.4200","17.9300","34.3500","329","4/1/2025 16:37","8","1","8.0000","0.6700","0.0800","168.0000","6.0000","92.0000","53.0000","185.0000","-0.5300","2.7589","-0.0300","0.7000","-0.3400","49.2400","98.4800","72.3400","84.1900","44.0700","6","0","24.0100","251.0000","-0.5800","0.0000","24.0100","251.0000","-0.7300","0","24.0100","251.0000","-0.9100","0","17.3300","273.0000","-0.5500","0.0000","17.3300","273.0000","-0.7400","0","17.3300","273.0000","-0.9300","0.0000","24.0100","251.0000","-1.2300","0.0000","17.3300","273.0000","-1.3900","0.0000","97.8700","8.0000","-0.1400","0","97.8700","8.0000","-0.1400","0.0000","97.8700","8.0000","-0.1300","0","97.8700","8.0000","-0.1500","7","11","0"
"AAD2023.06.02752","389","38570","38","Salve Regina University","Chemistry and Biochemistry, Department of","Chemistry","5","312.0000","9","308.0000","4","295.0000","2.2500","312.0000","98","305.0000","3","303.0000","0.7500","314.0000","0","299.0000","0","299.0000","0.0000","299.0000","0","294.0000","0","294.0000","0","207.0000","0","207.0000","19","17","5","17","18","0.0000","-0.9400","207.0000","37.3900","0.0000","-0.6300","207.0000","37.3900","0.8000","-0.2000","244.0000","26.1400","1.8000","-1.0800","293.0000","11.2500","0.6000","-1.1400","284.0000","13.9800","19.6000","-0.7900","292.0000","11.5500","10.8900","-0.9300","280.0000","15.2000","0.0000","-1.7300","299.0000","9.4200","0.0000","-1.2300","299.0000","9.4200","0.0000","-0.8800","299.0000","9.4200","0.0000","-1.7200","299.0000","9.4200","0.0000","-0.7400","294.0000","10.9400","0.0000","-1.5000","294.0000","10.9400","-1.3000","306.0000","7.2900","-0.9200","-0.8700","-1.1500","-1.0300","-1.0600","-1.1600","-1.5066","-0.5400","-0.6800","-0.5900","-0.6500","-0.8000","-0.7900","-1.1900","10.9400","37.3900","8.2100","9.4200","10.6400","5.4700","4.8600","10.9400","37.3900","7.6000","9.4200","9.4200","6.6900","5.4700","329","4/1/2025 16:37","0","0","0.0000","0.0000","0.0000","241.0000","241.0000","241.0000","241.0000","241.0000","-0.8100","-0.8591","-0.5800","-0.7100","-1.0800","27.0500","27.0500","27.0500","27.0500","27.0500","6","0","24.0100","251.0000","-0.5800","0.0000","24.0100","251.0000","-0.7300","0","24.0100","251.0000","-0.9100","0","17.3300","273.0000","-0.5500","0.0000","17.3300","273.0000","-0.7400","0","17.3300","273.0000","-0.9300","0.0000","24.0100","251.0000","-1.2300","0.0000","17.3300","273.0000","-1.3900","0.0000","97.8700","8.0000","-0.1400","0","97.8700","8.0000","-0.1400","0.0000","97.8700","8.0000","-0.1300","0","97.8700","8.0000","-0.1500","7","11","0"
"AAD2023.06.02752","390","38589","38","Simmons University","Chemistry and Physics, Department of","Chemistry","6","307.0000","23","277.0000","4","295.0000","5.7500","239.0000","383","274.0000","6","275.0000","1.0000","1.0000","1","273.0000","1","278.0000","276345.0000","286.0000","0","294.0000","0","294.0000","1","147.0000","1","125.0000","19","17","5","17","18","0.1700","1.3800","26.0000","92.4000","0.1700","0.2900","74.0000","77.8100","0.6700","-0.8500","275.0000","16.7200","3.8300","-0.8200","251.0000","24.0100","1.0000","0.7300","1.0000","100.0000","63.8300","-0.6600","246.0000","25.5300","16.6500","-0.4700","216.0000","34.6500","0.1700","-1.1300","268.0000","18.8500","0.1700","-1.0500","275.0000","16.7200","46057.5000","-0.8200","276.0000","16.4100","276345.0000","-0.6000","241.0000","27.0500","0.0000","-0.7400","294.0000","10.9400","0.0000","-1.5000","294.0000","10.9400","-1.0000","253.0000","23.4000","-0.9200","-0.2800","-0.9000","-0.9400","-1.0600","-0.7200","0.3027","-0.5400","-0.4000","-0.5600","-0.6400","-0.7700","-0.7500","-1.1100","10.9400","62.3100","16.7200","17.3300","10.6400","27.6600","100.0000","10.9400","55.6200","17.0200","13.3700","15.8100","16.1100","6.9900","329","4/1/2025 16:37","1","1","1.0000","0.1700","0.1700","168.0000","169.0000","197.0000","158.0000","98.0000","-0.5300","-0.4068","-0.5100","-0.3500","0.4100","49.2400","48.9400","40.4300","52.2800","70.5200","6","2","50.4600","164.0000","-0.3300","0.3300","85.4100","49.0000","0.4900","1","43.7700","186.0000","-0.6000","0","17.3300","273.0000","-0.5500","0.0000","17.3300","273.0000","-0.7400","0","17.3300","273.0000","-0.9300","0.1700","65.9600","113.0000","0.3600","0.0000","17.3300","273.0000","-1.3900","0.0000","97.8700","8.0000","-0.1400","0","97.8700","8.0000","-0.1400","0.0000","97.8700","8.0000","-0.1300","0","97.8700","8.0000","-0.1500","7","11","0"
"AAD2023.06.02752","393","38626","38","Springfield College","Biology/Chemistry, Department of","Chemistry","9","270.0000","15","299.0000","4","295.0000","3.7500","283.0000","136","300.0000","4","294.0000","0.7500","314.0000","0","299.0000","0","299.0000","0.0000","299.0000","1","269.0000","1","263.0000","0","207.0000","0","207.0000","19","17","5","17","18","0.0000","-0.9400","207.0000","37.3900","0.0000","-0.6300","207.0000","37.3900","0.4400","-1.9200","305.0000","7.6000","1.6700","-1.0900","299.0000","9.4200","0.4400","-1.8700","304.0000","7.9000","15.1100","-0.8000","304.0000","7.9000","9.0700","-1.0800","295.0000","10.6400","0.0000","-1.7300","299.0000","9.4200","0.0000","-1.2300","299.0000","9.4200","0.0000","-0.8800","299.0000","9.4200","0.0000","-1.7200","299.0000","9.4200","0.1100","-0.6800","279.0000","15.5000","0.1100","-1.1200","272.0000","17.6300","-1.2000","288.0000","12.7700","-0.8400","-0.8700","-1.0700","-1.0300","-1.0600","-0.9700","-1.5066","-0.5300","-0.6800","-0.5800","-0.6500","-0.8000","-0.7700","-0.8500","20.3600","37.3900","10.9400","9.4200","10.6400","14.2900","4.8600","18.5400","37.3900","9.1200","9.4200","9.4200","9.4200","18.2400","329","4/1/2025 16:37","0","0","0.0000","0.0000","0.0000","241.0000","241.0000","241.0000","241.0000","241.0000","-0.8100","-0.8591","-0.5800","-0.7100","-1.0800","27.0500","27.0500","27.0500","27.0500","27.0500","6","0","24.0100","251.0000","-0.5800","0.0000","24.0100","251.0000","-0.7300","0","24.0100","251.0000","-0.9100","0","17.3300","273.0000","-0.5500","0.0000","17.3300","273.0000","-0.7400","0","17.3300","273.0000","-0.9300","0.0000","24.0100","251.0000","-1.2300","0.0000","17.3300","273.0000","-1.3900","0.0000","97.8700","8.0000","-0.1400","0","97.8700","8.0000","-0.1400","0.0000","97.8700","8.0000","-0.1300","0","97.8700","8.0000","-0.1500","7","11","0"
"AAD2023.06.02752","398","38646","38","University of Hartford","Chemistry, Department of","Chemistry","6","307.0000","13","302.0000","5","287.0000","2.6000","305.0000","96","306.0000","5","289.0000","1.0000","1.0000","0","299.0000","0","299.0000","0.0000","299.0000","1","269.0000","1","263.0000","0","207.0000","0","207.0000","19","17","5","17","18","0.0000","-0.9400","207.0000","37.3900","0.0000","-0.6300","207.0000","37.3900","0.8300","-0.0400","223.0000","32.5200","2.1700","-1.0300","286.0000","13.3700","0.8300","-0.0500","230.0000","30.4000","16.0000","-0.8000","302.0000","8.5100","7.3800","-1.2200","312.0000","5.4700","0.0000","-1.7300","299.0000","9.4200","0.0000","-1.2300","299.0000","9.4200","0.0000","-0.8800","299.0000","9.4200","0.0000","-1.7200","299.0000","9.4200","0.1700","-0.6500","259.0000","21.5800","0.1700","-0.9400","251.0000","24.0100","-1.2000","288.0000","12.7700","-0.8400","-0.8700","-0.9800","-1.0300","-0.9800","-1.1200","0.3027","-0.5300","-0.6800","-0.5900","-0.6500","-0.8000","-0.7800","-1.1100","20.3600","37.3900","12.4600","9.4200","13.0700","7.6000","100.0000","18.5400","37.3900","7.2900","9.4200","9.4200","8.5100","6.9900","329","4/1/2025 16:37","0","0","0.0000","0.0000","0.0000","241.0000","241.0000","241.0000","241.0000","241.0000","-0.8100","-0.8591","-0.5800","-0.7100","-1.0800","27.0500","27.0500","27.0500","27.0500","27.0500","6","0","24.0100","251.0000","-0.5800","0.0000","24.0100","251.0000","-0.7300","0","24.0100","251.0000","-0.9100","0","17.3300","273.0000","-0.5500","0.0000","17.3300","273.0000","-0.7400","0","17.3300","273.0000","-0.9300","0.0000","24.0100","251.0000","-1.2300","0.0000","17.3300","273.0000","-1.3900","0.0000","97.8700","8.0000","-0.1400","0","97.8700","8.0000","-0.1400","0.0000","97.8700","8.0000","-0.1300","0","97.8700","8.0000","-0.1500","7","11","0"
"AAD2023.06.02752","401","38672","38","University of Tennessee at Chattanooga, The","Chemistry and Physics, Department of","Chemistry","17","150.0000","50","238.0000","15","154.0000","3.3300","289.0000","965","228.0000","14","169.0000","0.8200","306.0000","1","273.0000","1","278.0000","362802.0000","284.0000","4","219.0000","4","199.0000","0","207.0000","0","207.0000","19","17","5","17","18","0.0000","-0.9400","207.0000","37.3900","0.0000","-0.6300","207.0000","37.3900","0.8800","0.2000","202.0000","38.9100","2.9400","-0.9300","267.0000","19.1500","0.8200","-0.0900","237.0000","28.2700","56.7600","-0.6800","251.0000","24.0100","19.3000","-0.2500","182.0000","44.9800","0.0600","-1.5200","297.0000","10.0300","0.0600","-1.1700","297.0000","10.0300","21341.2900","-0.8500","289.0000","12.4600","362802.0000","-0.2500","203.0000","38.6000","0.2400","-0.6100","247.0000","25.2300","0.2400","-0.7100","230.0000","30.4000","-1.0000","253.0000","23.4000","-0.5800","-0.8700","-0.2600","-0.9400","-0.1800","-1.0200","-0.9744","-0.4900","-0.6800","-0.5200","-0.6400","-0.7700","-0.6600","-0.1800","39.8200","37.3900","48.9400","17.3300","53.5000","12.4600","7.2900","33.7400","37.3900","31.0000","13.9800","15.8100","27.9600","54.7100","329","4/1/2025 16:37","3","3","1.0000","0.1800","0.1800","94.0000","169.0000","147.0000","154.0000","95.0000","0.0400","-0.4068","-0.3700","-0.3300","0.5000","71.7300","48.9400","55.6200","53.5000","71.4300","6","4","66.8700","110.0000","-0.0800","0.2400","67.4800","108.0000","0.1300","3","69.3000","102.0000","0.0200","0","17.3300","273.0000","-0.5500","0.0000","17.3300","273.0000","-0.7400","0","17.3300","273.0000","-0.9300","0.1800","68.6900","104.0000","0.4600","0.0000","17.3300","273.0000","-1.3900","0.0000","97.8700","8.0000","-0.1400","0","97.8700","8.0000","-0.1400","0.0000","97.8700","8.0000","-0.1300","0","97.8700","8.0000","-0.1500","7","11","0"
"AAD2023.06.02752","507","38732","38","St Mary's University","Chemistry and Biochemistry, Department of","Chemistry","7","297.0000","23","277.0000","5","287.0000","4.6000","269.0000","997","224.0000","6","275.0000","1.0000","1.0000","0","299.0000","0","299.0000","0.0000","299.0000","0","294.0000","0","294.0000","0","207.0000","0","207.0000","19","17","5","17","18","0.0000","-0.9400","207.0000","37.3900","0.0000","-0.6300","207.0000","37.3900","0.7100","-0.6200","265.0000","19.7600","3.2900","-0.8900","259.0000","21.5800","0.8600","0.0600","215.0000","34.9500","142.4300","-0.4300","185.0000","44.0700","43.3500","1.6900","21.0000","93.9200","0.0000","-1.7300","299.0000","9.4200","0.0000","-1.2300","299.0000","9.4200","0.0000","-0.8800","299.0000","9.4200","0.0000","-1.7200","299.0000","9.4200","0.0000","-0.7400","294.0000","10.9400","0.0000","-1.5000","294.0000","10.9400","-1.0000","253.0000","23.4000","-0.9200","-0.8700","-0.9000","-1.0300","-0.9800","-0.8600","0.3027","-0.5400","-0.6800","-0.5200","-0.6500","-0.8000","-0.7500","-1.0200","10.9400","37.3900","16.7200","9.4200","13.0700","18.5400","100.0000","10.9400","37.3900","32.2200","9.4200","9.4200","16.1100","10.0300","329","4/1/2025 16:37","0","0","0.0000","0.0000","0.0000","241.0000","241.0000","241.0000","241.0000","241.0000","-0.8100","-0.8591","-0.5800","-0.7100","-1.0800","27.0500","27.0500","27.0500","27.0500","27.0500","6","0","24.0100","251.0000","-0.5800","0.0000","24.0100","251.0000","-0.7300","0","24.0100","251.0000","-0.9100","0","17.3300","273.0000","-0.5500","0.0000","17.3300","273.0000","-0.7400","0","17.3300","273.0000","-0.9300","0.0000","24.0100","251.0000","-1.2300","0.0000","17.3300","273.0000","-1.3900","0.0000","97.8700","8.0000","-0.1400","0","97.8700","8.0000","-0.1400","0.0000","97.8700","8.0000","-0.1300","0","97.8700","8.0000","-0.1500","7","11","0"
"AAD2023.06.02752","522","38784","38","Eastern University","Chemistry, Department of","Chemistry","3","324.0000","5","316.0000","1","321.0000","5.0000","257.0000","27","321.0000","1","320.0000","1.0000","1.0000","0","299.0000","0","299.0000","0.0000","299.0000","1","269.0000","1","263.0000","0","207.0000","0","207.0000","19","17","5","17","18","0.0000","-0.9400","207.0000","37.3900","0.0000","-0.6300","207.0000","37.3900","0.3300","-2.4600","316.0000","4.2600","1.6700","-1.0900","299.0000","9.4200","0.3300","-2.3900","313.0000","5.1700","9.0000","-0.8200","315.0000","4.5600","5.4000","-1.3800","319.0000","3.3400","0.0000","-1.7300","299.0000","9.4200","0.0000","-1.2300","299.0000","9.4200","0.0000","-0.8800","299.0000","9.4200","0.0000","-1.7200","299.0000","9.4200","0.3300","-0.5600","224.0000","32.2200","0.3300","-0.3800","197.0000","40.4300","-1.2000","288.0000","12.7700","-0.8400","-0.8700","-1.3100","-1.0300","-1.3100","-0.8100","0.3027","-0.5300","-0.6800","-0.5900","-0.6500","-0.8000","-0.8000","-1.3600","20.3600","37.3900","3.0400","9.4200","2.7400","22.1900","100.0000","18.5400","37.3900","2.7400","9.4200","9.4200","4.2600","1.8200","329","4/1/2025 16:37","0","0","0.0000","0.0000","0.0000","241.0000","241.0000","241.0000","241.0000","241.0000","-0.8100","-0.8591","-0.5800","-0.7100","-1.0800","27.0500","27.0500","27.0500","27.0500","27.0500","6","0","24.0100","251.0000","-0.5800","0.0000","24.0100","251.0000","-0.7300","0","24.0100","251.0000","-0.9100","0","17.3300","273.0000","-0.5500","0.0000","17.3300","273.0000","-0.7400","0","17.3300","273.0000","-0.9300","0.0000","24.0100","251.0000","-1.2300","0.0000","17.3300","273.0000","-1.3900","0.0000","97.8700","8.0000","-0.1400","0","97.8700","8.0000","-0.1400","0.0000","97.8700","8.0000","-0.1300","0","97.8700","8.0000","-0.1500","7","11","0"
"AAD2023.06.02752","525","38820","38","James Madison University","Chemistry and Biochemistry, Department of","Chemistry","18","134.0000","76","212.0000","14","165.0000","5.4300","246.0000","1121","220.0000","13","178.0000","0.9300","283.0000","7","172.0000","12","180.0000","3982621.0000","189.0000","22","104.0000","9","127.0000","0","207.0000","0","207.0000","19","17","5","17","18","0.0000","-0.9400","207.0000","37.3900","0.0000","-0.6300","207.0000","37.3900","0.7800","-0.3100","252.0000","23.7100","4.2200","-0.7800","244.0000","26.1400","0.7200","-0.5700","266.0000","19.4500","62.2800","-0.6600","247.0000","25.2300","14.7500","-0.6200","240.0000","27.3600","0.3900","-0.3200","212.0000","35.8700","0.6700","-0.5100","206.0000","37.6900","221256.7200","-0.5700","205.0000","37.9900","331885.0800","-0.3800","220.0000","33.4300","1.2200","-0.0800","108.0000","67.4800","0.5000","0.1800","134.0000","59.5700","-0.8000","221.0000","33.1300","-0.1600","-0.8700","-0.3400","-0.3800","-0.2600","-0.7600","-0.2143","-0.2400","-0.6800","-0.5100","-0.5000","-0.4700","-0.5800","-0.1000","61.7000","37.3900","46.2000","48.0200","50.1500","25.5300","14.2900","68.6900","37.3900","33.4300","42.8600","45.5900","35.8700","59.5700","329","4/1/2025 16:37","1","1","1.0000","0.0600","0.0600","168.0000","169.0000","197.0000","225.0000","216.0000","-0.5300","-0.4068","-0.5100","-0.5900","-0.5900","49.2400","48.9400","40.4300","31.9100","34.6500","6","2","50.4600","164.0000","-0.3300","0.1100","43.1600","188.0000","-0.3200","2","55.9300","146.0000","-0.2900","3","33.7400","219.0000","-0.5000","0.1700","27.6600","239.0000","-0.6300","1","28.8800","235.0000","-0.7800","0.1100","48.9400","169.0000","-0.1700","0.0600","19.4500","266.0000","-1.0900","0.0000","97.8700","8.0000","-0.1400","0","97.8700","8.0000","-0.1400","0.0000","97.8700","8.0000","-0.1300","0","97.8700","8.0000","-0.1500","7","11","0"
"AAD2023.06.02752","534","38863","38","California State University, Sacramento","Chemistry, Department of","Chemistry","17","150.0000","26","273.0000","8","246.0000","3.2500","297.0000","231","289.0000","9","228.0000","0.9000","290.0000","3","231.0000","5","231.0000","1161343.0000","242.0000","7","190.0000","5","183.0000","0","207.0000","0","207.0000","19","17","5","17","18","0.0000","-0.9400","207.0000","37.3900","0.0000","-0.6300","207.0000","37.3900","0.4700","-1.8000","302.0000","8.5100","1.5300","-1.1100","303.0000","8.2100","0.5300","-1.4700","296.0000","10.3300","13.5900","-0.8000","308.0000","6.6900","8.8800","-1.1000","298.0000","9.7300","0.1800","-1.0900","267.0000","19.1500","0.2900","-0.9100","250.0000","24.3200","68314.2900","-0.7800","262.0000","20.6700","232268.6000","-0.7800","263.0000","20.3600","0.4100","-0.5100","209.0000","36.7800","0.2900","-0.5100","214.0000","35.2600","-1.2000","288.0000","12.7700","-0.5000","-0.8700","-0.6600","-0.7500","-0.7400","-1.0300","-0.4210","-0.4500","-0.6800","-0.5800","-0.6100","-0.6600","-0.7400","-0.1800","44.6800","37.3900","31.0000","30.0900","25.5300","10.0300","12.1600","42.5500","37.3900","12.4600","26.7500","30.0900","17.3300","54.7100","329","4/1/2025 16:37","5","1","5.0000","0.2900","0.0600","168.0000","24.0000","119.0000","118.0000","212.0000","-0.5300","1.4022","-0.2400","-0.0900","-0.5600","49.2400","93.0100","64.1300","64.4400","35.8700","6","0","24.0100","251.0000","-0.5800","0.0000","24.0100","251.0000","-0.7300","0","24.0100","251.0000","-0.9100","0","17.3300","273.0000","-0.5500","0.0000","17.3300","273.0000","-0.7400","0","17.3300","273.0000","-0.9300","0.0000","24.0100","251.0000","-1.2300","0.0000","17.3300","273.0000","-1.3900","0.0000","97.8700","8.0000","-0.1400","0","97.8700","8.0000","-0.1400","0.0000","97.8700","8.0000","-0.1300","0","97.8700","8.0000","-0.1500","7","11","0"
"AAD2023.06.02752","3191","38907","38","University of Central Arkansas","Chemistry and Biochemistry, Department of","Chemistry","13","201.0000","13","302.0000","8","246.0000","1.6300","319.0000","212","293.0000","7","263.0000","0.7800","313.0000","2","249.0000","2","260.0000","256553.0000","287.0000","1","269.0000","1","263.0000","0","207.0000","0","207.0000","19","17","5","17","18","0.0000","-0.9400","207.0000","37.3900","0.0000","-0.6300","207.0000","37.3900","0.6200","-1.0900","283.0000","14.2900","1.0000","-1.1800","314.0000","4.8600","0.5400","-1.4300","293.0000","11.2500","16.3100","-0.7900","300.0000","9.1200","16.3100","-0.5000","221.0000","33.1300","0.1500","-1.1800","272.0000","17.6300","0.1500","-1.0700","279.0000","15.5000","19734.8500","-0.8500","292.0000","11.5500","128276.5000","-1.2000","289.0000","12.4600","0.0800","-0.7000","289.0000","12.4600","0.0800","-1.2400","289.0000","12.4600","-1.3000","306.0000","7.2900","-0.8400","-0.8700","-0.8200","-0.8500","-0.7400","-1.2400","-1.3055","-0.5300","-0.6800","-0.5800","-0.6400","-0.7500","-0.7800","-0.5200","20.3600","37.3900","20.3600","24.6200","25.5300","3.3400","5.1700","18.5400","37.3900","11.2500","13.0700","21.2800","8.5100","39.2100","329","4/1/2025 16:37","1","1","1.0000","0.0800","0.0800","168.0000","169.0000","197.0000","216.0000","195.0000","-0.5300","-0.4068","-0.5100","-0.5400","-0.3900","49.2400","48.9400","40.4300","34.6500","41.0300","6","0","24.0100","251.0000","-0.5800","0.0000","24.0100","251.0000","-0.7300","0","24.0100","251.0000","-0.9100","0","17.3300","273.0000","-0.5500","0.0000","17.3300","273.0000","-0.7400","0","17.3300","273.0000","-0.9300","0.0000","24.0100","251.0000","-1.2300","0.0000","17.3300","273.0000","-1.3900","0.0000","97.8700","8.0000","-0.1400","0","97.8700","8.0000","-0.1400","0.0000","97.8700","8.0000","-0.1300","0","97.8700","8.0000","-0.1500","7","11","0"
"AAD2023.06.02752","537129","38958","38","Youngstown State University","Chemistry Division","Chemistry","13","201.0000","16","297.0000","4","295.0000","4.0000","278.0000","217","292.0000","4","294.0000","0.8000","308.0000","2","249.0000","4","240.0000","664867.0000","265.0000","1","269.0000","1","263.0000","0","207.0000","0","207.0000","19","17","5","17","18","0.0000","-0.9400","207.0000","37.3900","0.0000","-0.6300","207.0000","37.3900","0.3100","-2.5800","319.0000","3.3400","1.2300","-1.1500","312.0000","5.4700","0.3100","-2.5100","315.0000","4.5600","16.6900","-0.7900","299.0000","9.4200","13.5600","-0.7200","258.0000","21.8800","0.1500","-1.1800","272.0000","17.6300","0.3100","-0.9000","247.0000","25.2300","51143.6200","-0.8100","274.0000","17.0200","166216.7500","-1.0500","282.0000","14.5900","0.0800","-0.7000","289.0000","12.4600","0.0800","-1.2400","289.0000","12.4600","-1.3000","306.0000","7.2900","-0.8400","-0.8700","-1.0700","-0.8500","-1.0600","-0.9400","-1.1447","-0.5300","-0.6800","-0.5800","-0.6300","-0.6900","-0.7700","-0.5200","20.3600","37.3900","10.9400","24.6200","10.6400","15.8100","6.6900","18.5400","37.3900","11.5500","19.7600","27.3600","10.0300","39.2100","329","4/1/2025 16:37","0","0","0.0000","0.0000","0.0000","241.0000","241.0000","241.0000","241.0000","241.0000","-0.8100","-0.8591","-0.5800","-0.7100","-1.0800","27.0500","27.0500","27.0500","27.0500","27.0500","6","0","24.0100","251.0000","-0.5800","0.0000","24.0100","251.0000","-0.7300","0","24.0100","251.0000","-0.9100","4","35.5600","213.0000","-0.4800","0.3100","35.8700","212.0000","-0.5400","2","41.3400","194.0000","-0.6300","0.0000","24.0100","251.0000","-1.2300","0.1500","36.1700","211.0000","-0.5700","0.0000","97.8700","8.0000","-0.1400","0","97.8700","8.0000","-0.1400","0.0000","97.8700","8.0000","-0.1300","0","97.8700","8.0000","-0.1500","7","11","0"
"AAD2023.06.02752","537919","39032","38","University of Minnesota - Duluth","Chemistry and Biochemistry, Department of","Chemistry","19","123.0000","135","164.0000","16","139.0000","8.4400","182.0000","1487","205.0000","15","153.0000","0.9400","277.0000","3","231.0000","4","240.0000","1258238.0000","239.0000","12","156.0000","9","127.0000","2","105.0000","2","69.0000","19","17","5","17","18","0.1100","0.5200","85.0000","74.4700","0.1100","-0.0500","122.0000","63.2200","0.8400","0.0000","219.0000","33.7400","7.1100","-0.4200","190.0000","42.5500","0.7900","-0.2500","251.0000","24.0100","78.2600","-0.6100","235.0000","28.8800","11.0100","-0.9200","278.0000","15.8100","0.1600","-1.1600","271.0000","17.9300","0.2100","-1.0000","267.0000","19.1500","66223.0500","-0.7900","263.0000","20.3600","314559.5000","-0.4500","225.0000","31.9100","0.6300","-0.4000","177.0000","46.5000","0.4700","0.0900","151.0000","54.4100","-0.6000","198.0000","40.1200","-0.1600","0.3100","-0.1800","-0.7500","-0.1000","-0.3800","-0.1496","-0.3800","-0.1200","-0.4800","-0.6000","-0.6900","-0.4000","-0.0100","61.7000","79.3300","53.8000","30.0900","58.0500","44.9800","16.1100","52.8900","68.3900","37.9900","27.6600","27.3600","50.4600","62.9200","329","4/1/2025 16:37","17","7","2.4300","0.8900","0.3700","37.0000","89.0000","55.0000","34.0000","7.0000","1.1800","0.2399","0.5900","1.1800","2.2100","89.0600","73.2500","83.5900","89.9700","98.1800","6","3","59.2700","135.0000","-0.2000","0.1600","51.9800","159.0000","-0.1500","3","69.3000","102.0000","0.0200","3","33.7400","219.0000","-0.5000","0.1600","27.0500","241.0000","-0.6400","2","41.3400","194.0000","-0.6300","0.1600","62.3100","125.0000","0.2800","0.1100","28.5700","236.0000","-0.8200","0.0000","97.8700","8.0000","-0.1400","0","97.8700","8.0000","-0.1400","0.0000","97.8700","8.0000","-0.1300","0","97.8700","8.0000","-0.1500","7","11","0"
"AAD2023.06.02752","539790","39065","38","Virginia State University","Chemistry, Department of","Chemistry","11","232.0000","14","301.0000","3","306.0000","4.6700","266.0000","110","304.0000","3","303.0000","1.0000","1.0000","2","249.0000","5","231.0000","1136825.0000","244.0000","0","294.0000","0","294.0000","0","207.0000","0","207.0000","19","17","5","17","18","0.0000","-0.9400","207.0000","37.3900","0.0000","-0.6300","207.0000","37.3900","0.2700","-2.7500","320.0000","3.0400","1.2700","-1.1400","309.0000","6.3800","0.2700","-2.6700","317.0000","3.9500","10.0000","-0.8100","311.0000","5.7800","7.8600","-1.1800","310.0000","6.0800","0.1800","-1.0700","263.0000","20.3600","0.4500","-0.7400","232.0000","29.7900","103347.7300","-0.7400","243.0000","26.4400","227365.0000","-0.8000","267.0000","19.1500","0.0000","-0.7400","294.0000","10.9400","0.0000","-1.5000","294.0000","10.9400","-1.3000","306.0000","7.2900","-0.9200","-0.8700","-1.1500","-0.8500","-1.1400","-0.8500","0.3027","-0.5400","-0.6800","-0.5800","-0.6100","-0.6600","-0.7800","-0.6900","10.9400","37.3900","8.2100","24.6200","7.2900","19.4500","100.0000","10.9400","37.3900","7.9000","26.1400","30.0900","8.8100","29.7900","329","4/1/2025 16:37","0","0","0.0000","0.0000","0.0000","241.0000","241.0000","241.0000","241.0000","241.0000","-0.8100","-0.8591","-0.5800","-0.7100","-1.0800","27.0500","27.0500","27.0500","27.0500","27.0500","6","0","24.0100","251.0000","-0.5800","0.0000","24.0100","251.0000","-0.7300","0","24.0100","251.0000","-0.9100","0","17.3300","273.0000","-0.5500","0.0000","17.3300","273.0000","-0.7400","0","17.3300","273.0000","-0.9300","0.0000","24.0100","251.0000","-1.2300","0.0000","17.3300","273.0000","-1.3900","0.0000","97.8700","8.0000","-0.1400","0","97.8700","8.0000","-0.1400","0.0000","97.8700","8.0000","-0.1300","0","97.8700","8.0000","-0.1500","7","11","0"
"AAD2023.06.02752","541707","39091","38","Tuskegee University","Chemistry, Department of","Chemistry","10","250.0000","16","297.0000","7","263.0000","2.2900","311.0000","755","242.0000","7","263.0000","1.0000","1.0000","3","231.0000","3","248.0000","388012.0000","281.0000","0","294.0000","0","294.0000","0","207.0000","0","207.0000","19","17","5","17","18","0.0000","-0.9400","207.0000","37.3900","0.0000","-0.6300","207.0000","37.3900","0.7000","-0.6900","268.0000","18.8500","1.6000","-1.1000","301.0000","8.8100","0.7000","-0.6700","269.0000","18.5400","75.5000","-0.6200","238.0000","27.9600","47.1900","2.0000","13.0000","96.3500","0.3000","-0.6500","229.0000","30.7000","0.3000","-0.9100","248.0000","24.9200","38801.2000","-0.8300","281.0000","14.8900","129337.3300","-1.2000","288.0000","12.7700","0.0000","-0.7400","294.0000","10.9400","0.0000","-1.5000","294.0000","10.9400","-1.2000","288.0000","12.7700","-0.9200","-0.8700","-0.8200","-0.7500","-0.8200","-1.1600","0.3027","-0.5400","-0.6800","-0.5400","-0.6400","-0.7200","-0.7700","-0.7700","10.9400","37.3900","20.3600","30.0900","20.3600","5.7800","100.0000","10.9400","37.3900","26.7500","14.8900","24.9200","10.0300","24.3200","329","4/1/2025 16:37","2","1","2.0000","0.2000","0.1000","168.0000","105.0000","164.0000","141.0000","166.0000","-0.5300","0.0454","-0.4400","-0.2800","-0.1900","49.2400","68.3900","50.4600","57.4500","49.8500","6","3","59.2700","135.0000","-0.2000","0.3000","78.7200","71.0000","0.3700","1","43.7700","186.0000","-0.6000","1","23.7100","252.0000","-0.5300","0.1000","22.8000","255.0000","-0.6800","1","28.8800","235.0000","-0.7800","0.1000","46.2000","178.0000","-0.2700","0.1000","27.3600","240.0000","-0.8500","0.0000","97.8700","8.0000","-0.1400","0","97.8700","8.0000","-0.1400","0.0000","97.8700","8.0000","-0.1300","0","97.8700","8.0000","-0.1500","7","11","0"
"AAD2023.06.02752","555813","39165","38","Bellarmine University","Chemistry, Department of","Chemistry","5","312.0000","7","312.0000","3","306.0000","2.3300","310.0000","27","321.0000","3","303.0000","1.0000","1.0000","0","299.0000","0","299.0000","0.0000","299.0000","0","294.0000","0","294.0000","0","207.0000","0","207.0000","19","17","5","17","18","0.0000","-0.9400","207.0000","37.3900","0.0000","-0.6300","207.0000","37.3900","0.6000","-1.1700","287.0000","13.0700","1.4000","-1.1300","305.0000","7.6000","0.6000","-1.1400","284.0000","13.9800","5.4000","-0.8300","320.0000","3.0400","3.8600","-1.5000","322.0000","2.4300","0.0000","-1.7300","299.0000","9.4200","0.0000","-1.2300","299.0000","9.4200","0.0000","-0.8800","299.0000","9.4200","0.0000","-1.7200","299.0000","9.4200","0.0000","-0.7400","294.0000","10.9400","0.0000","-1.5000","294.0000","10.9400","-1.3000","306.0000","7.2900","-0.9200","-0.8700","-1.1500","-1.0300","-1.1400","-1.1500","0.3027","-0.5400","-0.6800","-0.5900","-0.6500","-0.8000","-0.8000","-1.1900","10.9400","37.3900","8.2100","9.4200","7.2900","6.0800","100.0000","10.9400","37.3900","2.7400","9.4200","9.4200","5.4700","5.4700","329","4/1/2025 16:37","1","1","1.0000","0.2000","0.2000","168.0000","169.0000","197.0000","141.0000","67.0000","-0.5300","-0.4068","-0.5100","-0.2800","0.7100","49.2400","48.9400","40.4300","57.4500","79.9400","6","0","24.0100","251.0000","-0.5800","0.0000","24.0100","251.0000","-0.7300","0","24.0100","251.0000","-0.9100","0","17.3300","273.0000","-0.5500","0.0000","17.3300","273.0000","-0.7400","0","17.3300","273.0000","-0.9300","0.0000","24.0100","251.0000","-1.2300","0.0000","17.3300","273.0000","-1.3900","0.0000","97.8700","8.0000","-0.1400","0","97.8700","8.0000","-0.1400","0.0000","97.8700","8.0000","-0.1300","0","97.8700","8.0000","-0.1500","7","11","0"
"AAD2023.06.02752","556642","39213","38","Pacific University","Chemistry, Department of","Chemistry","7","297.0000","4","321.0000","3","306.0000","1.3300","321.0000","17","324.0000","2","311.0000","0.6700","320.0000","1","273.0000","2","260.0000","1042489.0000","250.0000","3","230.0000","3","216.0000","0","207.0000","0","207.0000","19","17","5","17","18","0.0000","-0.9400","207.0000","37.3900","0.0000","-0.6300","207.0000","37.3900","0.4300","-2.0000","307.0000","6.9900","0.5700","-1.2300","323.0000","2.1300","0.2900","-2.6100","316.0000","4.2600","2.4300","-0.8400","324.0000","1.8200","4.2500","-1.4700","321.0000","2.7400","0.1400","-1.2200","276.0000","16.4100","0.2900","-0.9200","252.0000","23.7100","148927.0000","-0.6700","227.0000","31.3100","521244.5000","0.3900","110.0000","66.8700","0.4300","-0.5100","205.0000","37.9900","0.4300","-0.0600","167.0000","49.5400","-1.3000","306.0000","7.2900","-0.6700","-0.8700","-1.2300","-0.9400","-1.1400","-1.2800","-2.1096","-0.5000","-0.6800","-0.5900","-0.6100","-0.7500","-0.8100","-1.0200","34.6500","37.3900","5.7800","17.3300","7.2900","2.7400","3.0400","30.4000","37.3900","1.8200","24.3200","21.2800","2.7400","10.0300","329","4/1/2025 16:37","0","0","0.0000","0.0000","0.0000","241.0000","241.0000","241.0000","241.0000","241.0000","-0.8100","-0.8591","-0.5800","-0.7100","-1.0800","27.0500","27.0500","27.0500","27.0500","27.0500","6","0","24.0100","251.0000","-0.5800","0.0000","24.0100","251.0000","-0.7300","0","24.0100","251.0000","-0.9100","0","17.3300","273.0000","-0.5500","0.0000","17.3300","273.0000","-0.7400","0","17.3300","273.0000","-0.9300","0.0000","24.0100","251.0000","-1.2300","0.0000","17.3300","273.0000","-1.3900","0.0000","97.8700","8.0000","-0.1400","0","97.8700","8.0000","-0.1400","0.0000","97.8700","8.0000","-0.1300","0","97.8700","8.0000","-0.1500","7","11","0"
"AAD2023.06.02752","556862","39245","38","Southern Illinois University, Edwardsville","Chemistry, Department of","Chemistry","16","161.0000","65","223.0000","14","165.0000","4.6400","268.0000","869","235.0000","13","178.0000","0.9300","283.0000","3","231.0000","3","248.0000","483024.0000","275.0000","5","212.0000","5","183.0000","0","207.0000","0","207.0000","19","17","5","17","18","0.0000","-0.9400","207.0000","37.3900","0.0000","-0.6300","207.0000","37.3900","0.8800","0.1600","204.0000","38.3000","4.0600","-0.7900","248.0000","24.9200","0.8100","-0.1500","245.0000","25.8400","54.3100","-0.6800","252.0000","23.7100","13.3700","-0.7300","261.0000","20.9700","0.1900","-1.0500","261.0000","20.9700","0.1900","-1.0300","273.0000","17.3300","30189.0000","-0.8400","285.0000","13.6800","161008.0000","-1.0700","283.0000","14.2900","0.3100","-0.5700","231.0000","30.0900","0.3100","-0.4500","206.0000","37.6900","-1.0000","253.0000","23.4000","-0.5000","-0.8700","-0.3400","-0.7500","-0.2600","-0.8600","-0.2143","-0.4700","-0.6800","-0.5300","-0.6300","-0.7200","-0.6200","-0.2700","44.6800","37.3900","46.2000","30.0900","50.1500","18.8500","14.2900","35.8700","37.3900","28.8800","16.7200","24.9200","32.5200","51.3700","329","4/1/2025 16:37","17","4","4.2500","1.0600","0.2500","73.0000","42.0000","55.0000","22.0000","43.0000","0.3300","1.0630","0.5900","1.5400","1.1500","78.1200","87.5400","83.5900","93.6200","87.2300","6","5","72.9500","90.0000","0.0500","0.3100","81.1600","63.0000","0.4100","3","69.3000","102.0000","0.0200","3","33.7400","219.0000","-0.5000","0.1900","28.2700","237.0000","-0.6200","3","48.9400","169.0000","-0.4800","0.1900","72.9500","90.0000","0.5600","0.1900","40.1200","198.0000","-0.3900","0.0000","97.8700","8.0000","-0.1400","0","97.8700","8.0000","-0.1400","0.0000","97.8700","8.0000","-0.1300","0","97.8700","8.0000","-0.1500","7","11","0"
"AAD2023.06.02752","556978","39281","38","Texas Wesleyan University","Chemistry and Biochemistry, Department of","Chemistry","2","328.0000","0","326.0000","0","326.0000","0.0000","326.0000","0","326.0000","0","326.0000","0.0000","326.0000","0","299.0000","0","299.0000","0.0000","299.0000","0","294.0000","0","294.0000","0","207.0000","0","207.0000","19","17","5","17","18","0.0000","-0.9400","207.0000","37.3900","0.0000","-0.6300","207.0000","37.3900","0.0000","-4.0700","326.0000","1.2200","0.0000","-1.3000","326.0000","1.2200","0.0000","-3.9500","326.0000","1.2200","0.0000","-0.8400","326.0000","1.2200","0.0000","-1.8100","326.0000","1.2200","0.0000","-1.7300","299.0000","9.4200","0.0000","-1.2300","299.0000","9.4200","0.0000","-0.8800","299.0000","9.4200","0.0000","-1.7200","299.0000","9.4200","0.0000","-0.7400","294.0000","10.9400","0.0000","-1.5000","294.0000","10.9400","-1.5000","327.0000","0.9100","-0.9200","-0.8700","-1.3900","-1.0300","-1.3900","-1.4500","-6.9343","-0.5400","-0.6800","-0.5900","-0.6500","-0.8000","-0.8200","-1.4400","10.9400","37.3900","1.2200","9.4200","1.2200","1.2200","1.2200","10.9400","37.3900","1.2200","9.4200","9.4200","1.2200","0.6100","329","4/1/2025 16:37","0","0","0.0000","0.0000","0.0000","241.0000","241.0000","241.0000","241.0000","241.0000","-0.8100","-0.8591","-0.5800","-0.7100","-1.0800","27.0500","27.0500","27.0500","27.0500","27.0500","6","0","24.0100","251.0000","-0.5800","0.0000","24.0100","251.0000","-0.7300","0","24.0100","251.0000","-0.9100","0","17.3300","273.0000","-0.5500","0.0000","17.3300","273.0000","-0.7400","0","17.3300","273.0000","-0.9300","0.0000","24.0100","251.0000","-1.2300","0.0000","17.3300","273.0000","-1.3900","0.0000","97.8700","8.0000","-0.1400","0","97.8700","8.0000","-0.1400","0.0000","97.8700","8.0000","-0.1300","0","97.8700","8.0000","-0.1500","7","11","0"
"AAD2023.06.02752","559052","39406","38","University of Hawai'i at Hilo","Chemistry, Department of","Chemistry","4","319.0000","5","316.0000","1","321.0000","5.0000","257.0000","46","319.0000","2","311.0000","1.0000","1.0000","2","249.0000","2","260.0000","865910.0000","256.0000","6","200.0000","2","237.0000","0","207.0000","0","207.0000","19","17","5","17","18","0.0000","-0.9400","207.0000","37.3900","0.0000","-0.6300","207.0000","37.3900","0.2500","-2.8600","321.0000","2.7400","1.2500","-1.1500","310.0000","6.0800","0.5000","-1.6100","297.0000","10.0300","11.5000","-0.8100","309.0000","6.3800","9.2000","-1.0700","293.0000","11.2500","0.5000","0.0800","168.0000","49.2400","0.5000","-0.6900","225.0000","31.9100","216477.5000","-0.5800","207.0000","37.3900","432955.0000","0.0300","159.0000","51.9800","1.5000","0.0700","88.0000","73.5600","0.5000","0.1800","134.0000","59.5700","-1.0000","253.0000","23.4000","-0.7500","-0.8700","-1.2300","-0.8500","-1.3100","-0.8100","0.3027","-0.4600","-0.6800","-0.5900","-0.6200","-0.7500","-0.8000","-1.2700","28.2700","37.3900","5.7800","24.6200","2.7400","22.1900","100.0000","39.5100","37.3900","3.3400","22.4900","21.2800","4.2600","3.3400","329","4/1/2025 16:37","0","0","0.0000","0.0000","0.0000","241.0000","241.0000","241.0000","241.0000","241.0000","-0.8100","-0.8591","-0.5800","-0.7100","-1.0800","27.0500","27.0500","27.0500","27.0500","27.0500","6","0","24.0100","251.0000","-0.5800","0.0000","24.0100","251.0000","-0.7300","0","24.0100","251.0000","-0.9100","0","17.3300","273.0000","-0.5500","0.0000","17.3300","273.0000","-0.7400","0","17.3300","273.0000","-0.9300","0.0000","24.0100","251.0000","-1.2300","0.0000","17.3300","273.0000","-1.3900","0.0000","97.8700","8.0000","-0.1400","0","97.8700","8.0000","-0.1400","0.0000","97.8700","8.0000","-0.1300","0","97.8700","8.0000","-0.1500","7","11","0"
"AAD2023.06.02752","125","39483","38","Augusta University (Medical College of Georgia)","Chemistry and Biochemistry, Department of","Chemistry","7","297.0000","101","193.0000","7","263.0000","14.4300","102.0000","1710","195.0000","7","263.0000","1.0000","1.0000","2","249.0000","2","260.0000","757578.0000","260.0000","1","269.0000","1","263.0000","1","147.0000","1","125.0000","19","17","5","17","18","0.1400","1.0400","43.0000","87.2300","0.1400","0.1600","81.0000","75.6800","1.0000","0.7700","1.0000","100.0000","14.4300","0.5000","91.0000","72.6400","1.0000","0.7300","1.0000","100.0000","244.2900","-0.1300","131.0000","60.4900","16.9300","-0.4500","213.0000","35.5600","0.2900","-0.7000","233.0000","29.4800","0.2900","-0.9200","252.0000","23.7100","108225.4300","-0.7300","241.0000","27.0500","378789.0000","-0.1900","194.0000","41.3400","0.1400","-0.6600","268.0000","18.8500","0.1400","-1.0200","257.0000","22.1900","-0.4000","159.0000","51.9800","-0.8400","-0.2800","-0.8200","-0.8500","-0.8200","0.3900","0.3027","-0.5300","-0.4000","-0.4600","-0.6200","-0.7500","-0.5000","-1.0200","20.3600","62.3100","20.3600","24.6200","20.3600","69.3000","100.0000","18.5400","55.6200","41.0300","21.2800","21.2800","41.6400","10.0300","329","4/1/2025 16:37","0","0","0.0000","0.0000","0.0000","241.0000","241.0000","241.0000","241.0000","241.0000","-0.8100","-0.8591","-0.5800","-0.7100","-1.0800","27.0500","27.0500","27.0500","27.0500","27.0500","6","0","24.0100","251.0000","-0.5800","0.0000","24.0100","251.0000","-0.7300","0","24.0100","251.0000","-0.9100","22","68.3900","105.0000","-0.1600","3.1400","93.0100","24.0000","1.3200","3","48.9400","169.0000","-0.4800","0.0000","24.0100","251.0000","-1.2300","0.4300","79.3300","69.0000","0.9000","0.0000","97.8700","8.0000","-0.1400","0","97.8700","8.0000","-0.1400","0.0000","97.8700","8.0000","-0.1300","0","97.8700","8.0000","-0.1500","7","11","0"
"AAD2023.06.02752","236","39758","38","Thomas Jefferson University","Chemistry Program","Chemistry","5","312.0000","9","308.0000","2","313.0000","4.5000","271.0000","750","243.0000","3","303.0000","1.0000","1.0000","3","231.0000","3","248.0000","352731.0000","285.0000","0","294.0000","0","294.0000","0","207.0000","0","207.0000","19","17","5","17","18","0.0000","-0.9400","207.0000","37.3900","0.0000","-0.6300","207.0000","37.3900","0.4000","-2.1400","309.0000","6.3800","1.8000","-1.0800","293.0000","11.2500","0.6000","-1.1400","284.0000","13.9800","150.0000","-0.4100","180.0000","45.5900","83.3300","4.9200","1.0000","100.0000","0.6000","0.4400","126.0000","62.0100","0.6000","-0.5800","217.0000","34.3500","70546.2000","-0.7800","261.0000","20.9700","117577.0000","-1.2400","293.0000","11.2500","0.0000","-0.7400","294.0000","10.9400","0.0000","-1.5000","294.0000","10.9400","-1.1000","274.0000","17.0200","-0.9200","-0.8700","-1.1500","-0.7500","-1.2200","-0.8800","0.3027","-0.5400","-0.6800","-0.5400","-0.6400","-0.7200","-0.7900","-1.1900","10.9400","37.3900","8.2100","30.0900","5.1700","17.9300","100.0000","10.9400","37.3900","26.4400","13.6800","24.9200","6.6900","5.4700","329","4/1/2025 16:37","0","0","0.0000","0.0000","0.0000","241.0000","241.0000","241.0000","241.0000","241.0000","-0.8100","-0.8591","-0.5800","-0.7100","-1.0800","27.0500","27.0500","27.0500","27.0500","27.0500","6","1","38.6000","203.0000","-0.4600","0.2000","62.9200","123.0000","0.0000","1","43.7700","186.0000","-0.6000","0","17.3300","273.0000","-0.5500","0.0000","17.3300","273.0000","-0.7400","0","17.3300","273.0000","-0.9300","0.2000","76.9000","77.0000","0.6800","0.0000","17.3300","273.0000","-1.3900","0.0000","97.8700","8.0000","-0.1400","0","97.8700","8.0000","-0.1400","0.0000","97.8700","8.0000","-0.1300","0","97.8700","8.0000","-0.1500","7","11","0"
"AAD2023.06.02752","557985","39839","38","University of Texas Rio Grande Valley","Integrative Biological and Chemical Sciences, School of","Chemistry","41","20.0000","248","111.0000","38","25.0000","6.5300","225.0000","4399","127.0000","35","31.0000","0.9200","285.0000","9","141.0000","12","180.0000","4311964.0000","187.0000","6","200.0000","5","183.0000","2","105.0000","2","69.0000","19","17","5","17","18","0.0500","-0.2600","184.0000","44.3800","0.0500","-0.3600","189.0000","42.8600","0.9300","0.4100","154.0000","53.5000","6.0500","-0.5500","213.0000","35.5600","0.8500","0.0500","226.0000","31.6100","107.2900","-0.5300","206.0000","37.6900","17.7400","-0.3800","205.0000","37.9900","0.2200","-0.9400","254.0000","23.1000","0.2900","-0.9200","251.0000","24.0100","105169.8500","-0.7300","242.0000","26.7500","359330.3300","-0.2700","206.0000","37.6900","0.1500","-0.6600","267.0000","19.1500","0.1200","-1.0900","271.0000","17.9300","-0.8000","221.0000","33.1300","-0.5000","0.3100","1.4200","-0.1900","1.6700","-0.6200","-0.2687","-0.4600","-0.1200","-0.2600","-0.4900","-0.4700","-0.0400","1.8400","44.6800","79.3300","90.8800","57.4500","92.7100","31.9100","13.6800","39.5100","68.3900","61.7000","43.4700","45.5900","66.5700","94.2200","329","4/1/2025 16:37","11","5","2.2000","0.2700","0.1200","61.0000","98.0000","71.0000","127.0000","146.0000","0.6100","0.1359","0.1800","-0.1400","0.0100","81.7600","70.5200","78.7200","61.7000","55.9300","6","5","72.9500","90.0000","0.0500","0.1200","44.0700","185.0000","-0.2800","4","77.8100","74.0000","0.3400","1","23.7100","252.0000","-0.5300","0.0200","17.6300","272.0000","-0.7300","1","28.8800","235.0000","-0.7800","0.1000","41.9500","192.0000","-0.3000","0.0200","17.6300","272.0000","-1.2600","0.0000","97.8700","8.0000","-0.1400","0","97.8700","8.0000","-0.1400","0.0000","97.8700","8.0000","-0.1300","0","97.8700","8.0000","-0.1500","7","11","0"
"AAD2023.06.02752","264","39893","38","University of Colorado at Colorado Springs","Chemistry and Biochemistry, Department of","Chemistry","11","232.0000","27","271.0000","7","263.0000","3.8600","281.0000","593","255.0000","7","263.0000","1.0000","1.0000","3","231.0000","3","248.0000","915550.0000","254.0000","7","190.0000","2","237.0000","0","207.0000","0","207.0000","19","17","5","17","18","0.0000","-0.9400","207.0000","37.3900","0.0000","-0.6300","207.0000","37.3900","0.6400","-0.9900","280.0000","15.2000","2.4500","-1.0000","282.0000","14.5900","0.6400","-0.9700","278.0000","15.8100","53.9100","-0.6900","254.0000","23.1000","21.9600","-0.0400","138.0000","58.3600","0.2700","-0.7400","235.0000","28.8800","0.2700","-0.9400","256.0000","22.4900","83231.8200","-0.7600","254.0000","23.1000","305183.3300","-0.4900","230.0000","30.4000","0.6400","-0.3900","175.0000","47.1100","0.1800","-0.8900","245.0000","25.8400","-1.0000","253.0000","23.4000","-0.7500","-0.8700","-0.8200","-0.7500","-0.8200","-0.9600","0.3027","-0.4500","-0.6800","-0.5500","-0.6200","-0.7200","-0.7400","-0.6900","28.2700","37.3900","20.3600","30.0900","20.3600","14.8900","100.0000","42.5500","37.3900","22.8000","23.1000","24.9200","17.9300","29.7900","329","4/1/2025 16:37","0","0","0.0000","0.0000","0.0000","241.0000","241.0000","241.0000","241.0000","241.0000","-0.8100","-0.8591","-0.5800","-0.7100","-1.0800","27.0500","27.0500","27.0500","27.0500","27.0500","6","2","50.4600","164.0000","-0.3300","0.1800","56.8400","143.0000","-0.0600","2","55.9300","146.0000","-0.2900","1","23.7100","252.0000","-0.5300","0.0900","21.2800","260.0000","-0.6800","1","28.8800","235.0000","-0.7800","0.1800","70.2100","99.0000","0.5100","0.0900","24.9200","248.0000","-0.9000","0.0000","97.8700","8.0000","-0.1400","0","97.8700","8.0000","-0.1400","0.0000","97.8700","8.0000","-0.1300","0","97.8700","8.0000","-0.1500","7","11","0"
"AAD2023.06.02752","330","39927","38","University of San Diego","Chemistry and Biochemistry, Department of","Chemistry","15","175.0000","66","221.0000","14","165.0000","4.7100","265.0000","393","271.0000","14","169.0000","1.0000","1.0000","6","188.0000","12","180.0000","2172206.0000","219.0000","23","100.0000","12","100.0000","1","147.0000","1","125.0000","19","17","5","17","18","0.0700","-0.0100","148.0000","55.3200","0.0700","-0.2600","167.0000","49.5400","0.9300","0.4400","146.0000","55.9300","4.4000","-0.7500","238.0000","27.9600","0.9300","0.4200","156.0000","52.8900","26.2000","-0.7700","285.0000","13.6800","5.9500","-1.3300","317.0000","3.9500","0.4000","-0.2800","206.0000","37.6900","0.8000","-0.3600","185.0000","44.0700","144813.7300","-0.6800","230.0000","30.4000","181017.1700","-0.9900","280.0000","15.2000","1.5300","0.0900","86.0000","74.1600","0.8000","1.1800","55.0000","83.5900","-0.7000","212.0000","35.8700","0.1000","-0.2800","-0.2600","-0.4700","-0.2600","-0.8500","0.3027","-0.2300","-0.4000","-0.5600","-0.5700","-0.4700","-0.6100","-0.3500","69.9100","62.3100","48.9400","43.1600","50.1500","19.7600","100.0000","69.9100","55.6200","17.9300","33.7400","45.5900","33.1300","47.1100","329","4/1/2025 16:37","0","0","0.0000","0.0000","0.0000","241.0000","241.0000","241.0000","241.0000","241.0000","-0.8100","-0.8591","-0.5800","-0.7100","-1.0800","27.0500","27.0500","27.0500","27.0500","27.0500","6","3","59.2700","135.0000","-0.2000","0.2000","62.9200","123.0000","0.0000","1","43.7700","186.0000","-0.6000","1","23.7100","252.0000","-0.5300","0.0700","18.8500","268.0000","-0.7000","1","28.8800","235.0000","-0.7800","0.0700","31.3100","227.0000","-0.5900","0.0700","20.9700","261.0000","-1.0300","0.0000","97.8700","8.0000","-0.1400","0","97.8700","8.0000","-0.1400","0.0000","97.8700","8.0000","-0.1300","0","97.8700","8.0000","-0.1500","7","11","0"
"AAD2023.06.02752","399","40032","38","University of North Carolina Wilmington","Chemistry & Biochemistry, Department of","Chemistry","23","89.0000","89","200.0000","22","86.0000","4.0500","277.0000","1762","192.0000","23","80.0000","1.0000","1.0000","12","113.0000","15","161.0000","5617535.0000","170.0000","9","172.0000","7","155.0000","1","147.0000","1","125.0000","19","17","5","17","18","0.0400","-0.3400","195.0000","41.0300","0.0400","-0.3900","195.0000","41.0300","0.9600","0.5500","116.0000","65.0500","3.8700","-0.8200","250.0000","24.3200","1.0000","0.7300","1.0000","100.0000","76.6100","-0.6200","237.0000","28.2700","19.8000","-0.2100","178.0000","46.2000","0.5200","0.1600","163.0000","50.7600","0.6500","-0.5300","209.0000","36.7800","244240.6500","-0.5400","199.0000","39.8200","374502.3300","-0.2000","198.0000","40.1200","0.3900","-0.5300","215.0000","34.9500","0.3000","-0.4800","208.0000","37.0800","-0.7000","212.0000","35.8700","-0.3300","-0.2800","0.4600","0.0900","0.3800","-0.9300","0.3027","-0.4200","-0.4000","-0.4600","-0.4500","-0.3900","-0.5400","0.3200","53.1900","62.3100","75.9900","65.9600","74.1600","16.1100","100.0000","48.0200","55.6200","41.9500","48.6300","51.3700","39.5100","73.2500","329","4/1/2025 16:37","1","2","0.5000","0.0400","0.0900","122.0000","238.0000","197.0000","240.0000","183.0000","-0.2400","-0.6329","-0.5100","-0.6200","-0.3100","63.2200","27.9600","40.4300","27.3600","44.6800","6","0","24.0100","251.0000","-0.5800","0.0000","24.0100","251.0000","-0.7300","0","24.0100","251.0000","-0.9100","1","23.7100","252.0000","-0.5300","0.0400","17.9300","271.0000","-0.7100","1","28.8800","235.0000","-0.7800","0.0000","24.0100","251.0000","-1.2300","0.0400","17.9300","271.0000","-1.1500","0.0000","97.8700","8.0000","-0.1400","0","97.8700","8.0000","-0.1400","0.0000","97.8700","8.0000","-0.1300","0","97.8700","8.0000","-0.1500","7","11","0"
"AAD2023.06.02752","80","40488","38","George Washington University","Forensic Sciences, Department of","Chemistry","3","324.0000","22","281.0000","3","306.0000","7.3300","202.0000","538","258.0000","3","303.0000","1.0000","1.0000","0","299.0000","0","299.0000","0.0000","299.0000","0","294.0000","0","294.0000","0","207.0000","0","207.0000","19","17","5","17","18","0.0000","-0.9400","207.0000","37.3900","0.0000","-0.6300","207.0000","37.3900","1.0000","0.7700","1.0000","100.0000","7.3300","-0.3900","186.0000","43.7700","1.0000","0.7300","1.0000","100.0000","179.3300","-0.3200","161.0000","51.3700","24.4500","0.1600","113.0000","65.9600","0.0000","-1.7300","299.0000","9.4200","0.0000","-1.2300","299.0000","9.4200","0.0000","-0.8800","299.0000","9.4200","0.0000","-1.7200","299.0000","9.4200","0.0000","-0.7400","294.0000","10.9400","0.0000","-1.5000","294.0000","10.9400","-0.5000","183.0000","44.6800","-0.9200","-0.8700","-1.1500","-1.0300","-1.1400","-0.5200","0.3027","-0.5400","-0.6800","-0.5500","-0.6500","-0.8000","-0.7500","-1.3600","10.9400","37.3900","8.2100","9.4200","7.2900","38.9100","100.0000","10.9400","37.3900","21.8800","9.4200","9.4200","14.8900","1.8200","329","4/1/2025 16:37","0","0","0.0000","0.0000","0.0000","241.0000","241.0000","241.0000","241.0000","241.0000","-0.8100","-0.8591","-0.5800","-0.7100","-1.0800","27.0500","27.0500","27.0500","27.0500","27.0500","6","1","38.6000","203.0000","-0.4600","0.3300","85.4100","49.0000","0.4900","1","43.7700","186.0000","-0.6000","0","17.3300","273.0000","-0.5500","0.0000","17.3300","273.0000","-0.7400","0","17.3300","273.0000","-0.9300","0.3300","96.6600","12.0000","1.9600","0.0000","17.3300","273.0000","-1.3900","0.0000","97.8700","8.0000","-0.1400","0","97.8700","8.0000","-0.1400","0.0000","97.8700","8.0000","-0.1300","0","97.8700","8.0000","-0.1500","7","11","0"
