"releasename","institutionid","unitid","comparisongroupid","institutionname","unitname","comparisongroupname","facultycount","facultycount_rank","articlecount","articlecount_rank","articlefacultycount","articlefacultycount_rank","articlecountperauthor","articlecountperauthor_rank","citationcount","citationcount_rank","citationfacultycount","citationfacultycount_rank","pctofauthorwithcitation","pctofauthorwithcitation_rank","grantfacultycount","grantfacultycount_rank","grantcount","grantcount_rank","grantdollars","grantdollars_rank","awardcount","awardcount_rank","awardfacultycount","awardfacultycount_rank","bookcount","bookcount_rank","bookfacultycount","bookfacultycount_rank","awardsweight","grantsweight","booksweight","citationsweight","articlesweight","pctoffacwithbook","pctoffacwithbook_zscore","pctoffacwithbook_rank","pctoffacwithbook_pct","bookcountperfaculty","bookcountperfaculty_zscore","bookcountperfaculty_rank","bookcountperfaculty_pct","pctoffacwitharticle","pctoffacwitharticle_zscore","pctoffacwitharticle_rank","pctoffacwitharticle_pct","articlecountperfaculty","articlecountperfaculty_zscore","articlecountperfaculty_rank","articlecountperfaculty_pct","pctoffacwithcitation","pctoffacwithcitation_zscore","pctoffacwithcitation_rank","pctoffacwithcitation_pct","citationcountperfaculty","citationcountperfaculty_zscore","citationcountperfaculty_rank","citationcountperfaculty_pct","citationcountperarticle","citationcountperarticle_zscore","citationcountperarticle_rank","citationcountperarticle_pct","pctoffacwithgrant","pctoffacwithgrant_zscore","pctoffacwithgrant_rank","pctoffacwithgrant_pct","grantcountperfaculty","grantcountperfaculty_zscore","grantcountperfaculty_rank","grantcountperfaculty_pct","grantdollarsperfaculty","grantdollarsperfaculty_zscore","grantdollarsperfaculty_rank","grantdollarsperfaculty_pct","dollarspergrant","dollarspergrant_zscore","dollarspergrant_rank","dollarspergrant_pct","awardcountperfaculty","awardcountperfaculty_zscore","awardcountperfaculty_rank","awardcountperfaculty_pct","pctoffacwithaward","pctoffacwithaward_zscore","pctoffacwithaward_rank","pctoffacwithaward_pct","sri","sri_rank","sri_pct","awardfacultycount_zscore","bookfacultycount_zscore","citationfacultycount_zscore","grantfacultycount_zscore","articlefacultycount_zscore","articlecountperauthor_zscore","pctofauthorwithcitation_zscore","awardcount_zscore","bookcount_zscore","citationcount_zscore","grantdollars_zscore","grantcount_zscore","articlecount_zscore","facultycount_zscore","awardfacultycount_pct","bookfacultycount_pct","citationfacultycount_pct","grantfacultycount_pct","articlefacultycount_pct","articlecountperauthor_pct","pctofauthorwithcitation_pct","awardcount_pct","bookcount_pct","citationcount_pct","grantdollars_pct","grantcount_pct","articlecount_pct","facultycount_pct","unitsincomparisongroup","createddate","confproccount","confprocfacultycount","confproccountperauthor","confproccountperfaculty","pctoffacwithconfproc","confprocfacultycount_rank","confproccountperauthor_rank","confproccount_rank","confproccountperfaculty_rank","pctoffacwithconfproc_rank","confprocfacultycount_zscore","confproccountperauthor_zscore","confproccount_zscore","confproccountperfaculty_zscore","pctoffacwithconfproc_zscore","confprocfacultycount_pct","confproccountperauthor_pct","confproccount_pct","confproccountperfaculty_pct","pctoffacwithconfproc_pct","confprocweight","chaptercount","chaptercount_pct","chaptercount_rank","chaptercount_zscore","chaptercountperfaculty","chaptercountperfaculty_pct","chaptercountperfaculty_rank","chaptercountperfaculty_zscore","chapterfacultycount","chapterfacultycount_pct","chapterfacultycount_rank","chapterfacultycount_zscore","patentcount","patentcount_pct","patentcount_rank","patentcount_zscore","patentcountperfaculty","patentcountperfaculty_pct","patentcountperfaculty_rank","patentcountperfaculty_zscore","patentfacultycount","patentfacultycount_pct","patentfacultycount_rank","patentfacultycount_zscore","pctoffacwithchapter","pctoffacwithchapter_pct","pctoffacwithchapter_rank","pctoffacwithchapter_zscore","pctoffacwithpatent","pctoffacwithpatent_pct","pctoffacwithpatent_rank","pctoffacwithpatent_zscore","pctoffacwithtrial","pctoffacwithtrial_pct","pctoffacwithtrial_rank","pctoffacwithtrial_zscore","trialcount","trialcount_pct","trialcount_rank","trialcount_zscore","trialcountperfaculty","trialcountperfaculty_pct","trialcountperfaculty_rank","trialcountperfaculty_zscore","trialfacultycount","trialfacultycount_pct","trialfacultycount_rank","trialfacultycount_zscore","chaptersweight","patentsweight","trialsweight"
"AAD2023.06.02752","103","99","58","Kansas State University","Economics, Department of","Economics, General","11","183.0000","38","171.0000","9","176.0000","4.2200","130.0000","402","166.0000","9","175.0000","1.0000","1.0000","0","122.0000","0","122.0000","0.0000","122.0000","3","154.0000","3","133.0000","0","193.0000","0","193.0000","28","14","9","20","14","0.0000","-0.9600","193.0000","25.8700","0.0000","-0.6800","193.0000","25.8700","0.8200","-0.0200","155.0000","40.5400","3.4500","-0.2200","134.0000","48.6500","0.8200","0.0700","140.0000","46.3300","36.5500","-0.3700","149.0000","42.8600","10.5800","-0.3400","144.0000","44.7900","0.0000","-0.6600","122.0000","53.2800","0.0000","-0.6100","122.0000","53.2800","0.0000","-0.3800","122.0000","53.2800","0.0000","-0.5000","122.0000","53.2800","0.2700","-0.4000","150.0000","42.4700","0.2700","-0.1000","120.0000","54.0500","-0.3000","138.0000","47.1000","-0.4600","-0.7300","-0.6200","-0.5000","-0.6500","-0.1800","0.5379","-0.3900","-0.5200","-0.4200","-0.2800","-0.4600","-0.5700","-0.6900","49.0300","25.8700","32.8200","53.2800","32.4300","50.1900","100.0000","40.9300","25.8700","36.2900","53.2800","53.2800","34.3600","29.7300","259","4/1/2025 16:37","0","0","0.0000","0.0000","0.0000","105.0000","105.0000","105.0000","105.0000","105.0000","-0.5600","-0.6779","-0.4900","-0.5700","-0.5700","59.8500","59.8500","59.8500","59.8500","59.8500","0","1","39.0000","159.0000","-0.5100","0.0900","37.0700","164.0000","-0.5000","1","43.6300","147.0000","-0.5400","0","97.3000","8.0000","-0.1400","0.0000","97.3000","8.0000","-0.1500","0","97.3000","8.0000","-0.1600","0.0900","41.3100","153.0000","-0.4000","0.0000","97.3000","8.0000","-0.1500","0.0000","93.8200","17.0000","-0.2200","0","93.8200","17.0000","-0.1800","0.0000","93.8200","17.0000","-0.2000","0","93.8200","17.0000","-0.2100","15","0","0"
"AAD2023.06.02752","105","125","58","Lehigh University","Economics, Department of","Economics, General","20","90.0000","72","113.0000","17","88.0000","4.2400","128.0000","1042","94.0000","15","105.0000","0.8800","216.0000","0","122.0000","0","122.0000","0.0000","122.0000","8","98.0000","5","98.0000","3","100.0000","2","86.0000","28","14","9","20","14","0.1000","-0.1800","124.0000","52.5100","0.1500","-0.3200","123.0000","52.9000","0.8500","0.1900","135.0000","48.2600","3.6000","-0.1500","124.0000","52.5100","0.7500","-0.3500","187.0000","28.1900","52.1000","-0.1500","109.0000","58.3000","14.4700","0.0500","86.0000","67.1800","0.0000","-0.6600","122.0000","53.2800","0.0000","-0.6100","122.0000","53.2800","0.0000","-0.3800","122.0000","53.2800","0.0000","-0.5000","122.0000","53.2800","0.4000","-0.2600","118.0000","54.8300","0.2500","-0.2000","129.0000","50.5800","-0.3000","138.0000","47.1000","-0.2500","-0.1700","-0.0800","-0.5000","0.0800","-0.1700","-0.5407","-0.2700","-0.2800","-0.2000","-0.2800","-0.4600","-0.1200","0.0900","62.5500","67.1800","59.8500","53.2800","66.4100","50.9700","16.9900","62.5500","61.7800","64.0900","53.2800","53.2800","56.7600","65.6400","259","4/1/2025 16:37","1","1","1.0000","0.0500","0.0500","49.0000","47.0000","65.0000","82.0000","74.0000","0.1200","0.4506","-0.1100","-0.0300","0.2000","81.4700","82.2400","75.2900","68.7300","71.8100","0","4","66.8000","87.0000","-0.1900","0.2000","61.0000","102.0000","-0.1300","4","77.2200","60.0000","0.1500","0","97.3000","8.0000","-0.1400","0.0000","97.3000","8.0000","-0.1500","0","97.3000","8.0000","-0.1600","0.2000","74.1300","68.0000","0.4300","0.0000","97.3000","8.0000","-0.1500","0.0000","93.8200","17.0000","-0.2200","0","93.8200","17.0000","-0.1800","0.0000","93.8200","17.0000","-0.2000","0","93.8200","17.0000","-0.2100","15","0","0"
"AAD2023.06.02752","109","162","58","Louisiana State University","Economics, Department of","Economics, General","14","149.0000","46","156.0000","13","128.0000","3.5400","182.0000","951","110.0000","13","124.0000","1.0000","1.0000","0","122.0000","0","122.0000","0.0000","122.0000","6","115.0000","3","133.0000","0","193.0000","0","193.0000","28","14","9","20","14","0.0000","-0.9600","193.0000","25.8700","0.0000","-0.6800","193.0000","25.8700","0.9300","0.7000","56.0000","78.7600","3.2900","-0.2900","147.0000","43.6300","0.9300","0.7600","59.0000","77.6100","67.9300","0.0800","75.0000","71.4300","20.6700","0.6700","45.0000","83.0100","0.0000","-0.6600","122.0000","53.2800","0.0000","-0.6100","122.0000","53.2800","0.0000","-0.3800","122.0000","53.2800","0.0000","-0.5000","122.0000","53.2800","0.4300","-0.2300","115.0000","55.9800","0.2100","-0.3500","151.0000","42.0800","-0.1000","93.0000","64.4800","-0.4600","-0.7300","-0.2600","-0.5000","-0.2800","-0.4500","0.5379","-0.3100","-0.5200","-0.2300","-0.2800","-0.4600","-0.4600","-0.4300","49.0300","25.8700","52.5100","53.2800","50.9700","30.1200","100.0000","55.9800","25.8700","57.9200","53.2800","53.2800","40.1500","42.8600","259","4/1/2025 16:37","0","0","0.0000","0.0000","0.0000","105.0000","105.0000","105.0000","105.0000","105.0000","-0.5600","-0.6779","-0.4900","-0.5700","-0.5700","59.8500","59.8500","59.8500","59.8500","59.8500","0","4","66.8000","87.0000","-0.1900","0.2900","72.9700","71.0000","0.1700","3","68.3400","83.0000","-0.0800","0","97.3000","8.0000","-0.1400","0.0000","97.3000","8.0000","-0.1500","0","97.3000","8.0000","-0.1600","0.2100","76.8300","61.0000","0.5300","0.0000","97.3000","8.0000","-0.1500","0.0000","93.8200","17.0000","-0.2200","0","93.8200","17.0000","-0.1800","0.0000","93.8200","17.0000","-0.2000","0","93.8200","17.0000","-0.2100","15","0","0"
"AAD2023.06.02752","12","274","58","Arizona State University","Economics, Department of","Economics, General","28","45.0000","82","100.0000","20","71.0000","4.1000","140.0000","1544","68.0000","23","56.0000","1.0000","1.0000","2","58.0000","3","61.0000","805647.0000","63.0000","21","54.0000","10","58.0000","2","122.0000","1","126.0000","28","14","9","20","14","0.0400","-0.6800","188.0000","27.8000","0.0700","-0.5100","169.0000","35.1400","0.7100","-0.7000","213.0000","18.1500","2.9300","-0.4400","176.0000","32.4300","0.8200","0.0900","139.0000","46.7200","55.1400","-0.1000","101.0000","61.3900","18.8300","0.4900","55.0000","79.1500","0.0700","0.0000","85.0000","67.5700","0.1100","0.0100","85.0000","67.5700","28773.1100","-0.1200","73.0000","72.2000","268549.0000","0.3200","54.0000","79.5400","0.7500","0.1200","70.0000","73.3600","0.3600","0.2600","90.0000","65.6400","-0.2000","114.0000","56.3700","0.2600","-0.4500","0.6400","-0.0300","0.3600","-0.2300","0.5379","0.0500","-0.3600","-0.0300","-0.1100","-0.0300","0.0100","0.7800","77.9900","51.7400","78.7600","77.9900","72.9700","46.3300","100.0000","79.5400","53.2800","74.1300","76.0600","76.8300","61.7800","83.0100","259","4/1/2025 16:37","0","0","0.0000","0.0000","0.0000","105.0000","105.0000","105.0000","105.0000","105.0000","-0.5600","-0.6779","-0.4900","-0.5700","-0.5700","59.8500","59.8500","59.8500","59.8500","59.8500","0","3","60.6200","103.0000","-0.2900","0.1100","39.7700","157.0000","-0.4400","4","77.2200","60.0000","0.1500","0","97.3000","8.0000","-0.1400","0.0000","97.3000","8.0000","-0.1500","0","97.3000","8.0000","-0.1600","0.1400","57.1400","112.0000","-0.0100","0.0000","97.3000","8.0000","-0.1500","0.0000","93.8200","17.0000","-0.2200","0","93.8200","17.0000","-0.1800","0.0000","93.8200","17.0000","-0.2000","0","93.8200","17.0000","-0.2100","15","0","0"
"AAD2023.06.02752","146","373","58","New York University","Economics (FAS), Department of","Economics, General","42","17.0000","190","21.0000","39","12.0000","4.8700","87.0000","4540","23.0000","38","13.0000","0.9500","166.0000","13","13.0000","19","13.0000","2992441.0000","30.0000","99","11.0000","36","8.0000","20","19.0000","11","12.0000","28","14","9","20","14","0.2600","1.0900","28.0000","89.5800","0.4800","0.4600","49.0000","81.4700","0.9300","0.7000","56.0000","78.7600","4.5200","0.2400","82.0000","68.7300","0.9000","0.6100","77.0000","70.6600","108.1000","0.6500","37.0000","86.1000","23.8900","0.9900","34.0000","87.2600","0.3100","2.1800","15.0000","94.5900","0.4500","1.9900","17.0000","93.8200","71248.6000","0.2800","44.0000","83.4000","157496.8900","-0.0200","80.0000","69.5000","2.3600","1.8500","10.0000","96.5300","0.8600","2.4100","7.0000","97.6800","0.6000","16.0000","94.2100","2.9300","2.3200","2.0000","2.5700","2.1000","0.0800","0.0795","1.9300","1.0700","1.0000","0.3400","2.2800","1.4200","2.0000","97.3000","95.7500","95.3700","95.3700","95.7500","66.8000","36.2900","96.1400","93.0500","91.5100","88.8000","95.3700","92.2800","93.8200","259","4/1/2025 16:37","1","1","1.0000","0.0200","0.0200","49.0000","47.0000","65.0000","102.0000","100.0000","0.1200","0.4506","-0.1100","-0.3200","-0.2000","81.4700","82.2400","75.2900","61.0000","61.7800","0","27","95.3700","13.0000","2.3100","0.6400","91.8900","22.0000","1.3800","10","93.8200","17.0000","1.5400","0","97.3000","8.0000","-0.1400","0.0000","97.3000","8.0000","-0.1500","0","97.3000","8.0000","-0.1600","0.2400","81.4700","49.0000","0.7200","0.0000","97.3000","8.0000","-0.1500","0.0000","93.8200","17.0000","-0.2200","0","93.8200","17.0000","-0.1800","0.0000","93.8200","17.0000","-0.2000","0","93.8200","17.0000","-0.2100","15","0","0"
"AAD2023.06.02752","158","503","58","Oklahoma State University","Economics, Department of","Economics, General","11","183.0000","50","146.0000","11","153.0000","4.5500","106.0000","686","129.0000","11","148.0000","1.0000","1.0000","0","122.0000","0","122.0000","0.0000","122.0000","5","129.0000","3","133.0000","1","150.0000","1","126.0000","28","14","9","20","14","0.0900","-0.2500","135.0000","48.2600","0.0900","-0.4600","156.0000","40.1500","1.0000","1.1700","1.0000","100.0000","4.5500","0.2400","81.0000","69.1100","1.0000","1.2000","1.0000","100.0000","62.3600","0.0000","88.0000","66.4100","13.7200","-0.0200","89.0000","66.0200","0.0000","-0.6600","122.0000","53.2800","0.0000","-0.6100","122.0000","53.2800","0.0000","-0.3800","122.0000","53.2800","0.0000","-0.5000","122.0000","53.2800","0.4500","-0.2000","110.0000","57.9200","0.2700","-0.1000","120.0000","54.0500","0.1000","62.0000","76.4500","-0.4600","-0.4500","-0.4400","-0.5000","-0.4700","-0.0500","0.5379","-0.3400","-0.4400","-0.3200","-0.2800","-0.4600","-0.4100","-0.6900","49.0300","51.7400","43.2400","53.2800","41.3100","59.4600","100.0000","50.5800","42.4700","50.5800","53.2800","53.2800","44.0200","29.7300","259","4/1/2025 16:37","1","1","1.0000","0.0900","0.0900","49.0000","47.0000","65.0000","54.0000","37.0000","0.1200","0.4506","-0.1100","0.4100","0.8300","81.4700","82.2400","75.2900","79.5400","86.1000","0","1","39.0000","159.0000","-0.5100","0.0900","37.0700","164.0000","-0.5000","1","43.6300","147.0000","-0.5400","0","97.3000","8.0000","-0.1400","0.0000","97.3000","8.0000","-0.1500","0","97.3000","8.0000","-0.1600","0.0900","41.3100","153.0000","-0.4000","0.0000","97.3000","8.0000","-0.1500","0.0000","93.8200","17.0000","-0.2200","0","93.8200","17.0000","-0.1800","0.0000","93.8200","17.0000","-0.2000","0","93.8200","17.0000","-0.2100","15","0","0"
"AAD2023.06.02752","15","551","58","Auburn University","Economics, Department of","Economics, General","13","157.0000","31","194.0000","11","153.0000","2.8200","222.0000","156","219.0000","10","159.0000","0.9100","193.0000","0","122.0000","0","122.0000","0.0000","122.0000","1","201.0000","1","196.0000","0","193.0000","0","193.0000","28","14","9","20","14","0.0000","-0.9600","193.0000","25.8700","0.0000","-0.6800","193.0000","25.8700","0.8500","0.1600","136.0000","47.8800","2.3800","-0.6700","205.0000","21.2400","0.7700","-0.2300","181.0000","30.5000","12.0000","-0.7100","227.0000","12.7400","5.0300","-0.8900","232.0000","10.8100","0.0000","-0.6600","122.0000","53.2800","0.0000","-0.6100","122.0000","53.2800","0.0000","-0.3800","122.0000","53.2800","0.0000","-0.5000","122.0000","53.2800","0.0800","-0.6100","212.0000","18.5300","0.0800","-0.9400","210.0000","19.3100","-0.7000","214.0000","17.7600","-0.6600","-0.7300","-0.5300","-0.5000","-0.4700","-0.7400","-0.2956","-0.4300","-0.5200","-0.5100","-0.2800","-0.4600","-0.6600","-0.5200","24.7100","25.8700","39.0000","53.2800","41.3100","14.6700","25.8700","22.7800","25.8700","15.8300","53.2800","53.2800","25.4800","39.7700","259","4/1/2025 16:37","0","0","0.0000","0.0000","0.0000","105.0000","105.0000","105.0000","105.0000","105.0000","-0.5600","-0.6779","-0.4900","-0.5700","-0.5700","59.8500","59.8500","59.8500","59.8500","59.8500","0","0","23.1700","200.0000","-0.6200","0.0000","23.1700","200.0000","-0.8100","0","23.1700","200.0000","-0.7700","0","97.3000","8.0000","-0.1400","0.0000","97.3000","8.0000","-0.1500","0","97.3000","8.0000","-0.1600","0.0000","23.1700","200.0000","-1.0900","0.0000","97.3000","8.0000","-0.1500","0.0000","93.8200","17.0000","-0.2200","0","93.8200","17.0000","-0.1800","0.0000","93.8200","17.0000","-0.2000","0","93.8200","17.0000","-0.2100","15","0","0"
"AAD2023.06.02752","163","648","58","Pennsylvania State University - University Park","Economics, Department of","Economics, General","34","29.0000","86","92.0000","27","35.0000","3.1900","200.0000","1295","77.0000","26","40.0000","0.9600","154.0000","4","36.0000","5","39.0000","699594.0000","70.0000","29","41.0000","16","33.0000","2","122.0000","2","86.0000","28","14","9","20","14","0.0600","-0.5000","169.0000","35.1400","0.0600","-0.5400","177.0000","32.0500","0.7900","-0.1800","179.0000","31.2700","2.5300","-0.6100","200.0000","23.1700","0.7600","-0.2600","184.0000","29.3400","38.0900","-0.3500","144.0000","44.7900","15.0600","0.1100","80.0000","69.5000","0.1200","0.4200","61.0000","76.8300","0.1500","0.2300","68.0000","74.1300","20576.2900","-0.1900","81.0000","69.1100","139918.8000","-0.0700","87.0000","66.8000","0.8500","0.2300","55.0000","79.1500","0.4700","0.7500","49.0000","81.4700","-0.2000","114.0000","56.3700","0.8800","-0.1700","0.9200","0.4400","1.0000","-0.5900","0.1983","0.2400","-0.3600","-0.1100","-0.1300","0.2600","0.0600","1.3000","87.6400","67.1800","84.9400","86.4900","86.8700","23.1700","40.9300","84.5600","53.2800","70.6600","73.3600","85.3300","64.8600","89.1900","259","4/1/2025 16:37","7","4","1.7500","0.2100","0.1200","9.0000","30.0000","10.0000","19.0000","22.0000","2.1500","1.2969","2.1900","1.6400","1.2400","96.9100","88.8000","96.5300","93.0500","91.8900","0","5","71.0400","76.0000","-0.0800","0.1500","46.7200","139.0000","-0.3100","5","83.0100","45.0000","0.3800","0","97.3000","8.0000","-0.1400","0.0000","97.3000","8.0000","-0.1500","0","97.3000","8.0000","-0.1600","0.1500","57.5300","111.0000","0.0200","0.0000","97.3000","8.0000","-0.1500","0.0000","93.8200","17.0000","-0.2200","0","93.8200","17.0000","-0.1800","0.0000","93.8200","17.0000","-0.2000","0","93.8200","17.0000","-0.2100","15","0","0"
"AAD2023.06.02752","171","771","58","Rensselaer Polytechnic Institute","Economics, Department of","Economics, General","14","149.0000","54","141.0000","12","138.0000","4.5000","109.0000","513","145.0000","12","131.0000","1.0000","1.0000","1","76.0000","1","86.0000","88344.0000","109.0000","1","201.0000","1","196.0000","0","193.0000","0","193.0000","28","14","9","20","14","0.0000","-0.9600","193.0000","25.8700","0.0000","-0.6800","193.0000","25.8700","0.8600","0.2400","128.0000","50.9700","3.8600","-0.0500","110.0000","57.9200","0.8600","0.3200","115.0000","55.9800","36.6400","-0.3700","148.0000","43.2400","9.5000","-0.4500","164.0000","37.0700","0.0700","0.0000","85.0000","67.5700","0.0700","-0.2000","93.0000","64.4800","6310.2900","-0.3200","110.0000","57.9200","88344.0000","-0.2300","104.0000","60.2300","0.0700","-0.6100","215.0000","17.3700","0.0700","-0.9700","213.0000","18.1500","-0.3000","138.0000","47.1000","-0.6600","-0.7300","-0.3500","-0.2700","-0.3800","-0.0700","0.5379","-0.4300","-0.5200","-0.3800","-0.2600","-0.3200","-0.3600","-0.4300","24.7100","25.8700","49.8100","71.0400","47.1000","58.3000","100.0000","22.7800","25.8700","44.4000","58.3000","67.1800","45.9500","42.8600","259","4/1/2025 16:37","3","3","1.0000","0.2100","0.2100","18.0000","47.0000","30.0000","17.0000","4.0000","1.4700","0.4506","0.6600","1.7300","2.7300","93.4400","82.2400","88.8000","93.8200","98.8400","0","0","23.1700","200.0000","-0.6200","0.0000","23.1700","200.0000","-0.8100","0","23.1700","200.0000","-0.7700","0","97.3000","8.0000","-0.1400","0.0000","97.3000","8.0000","-0.1500","0","97.3000","8.0000","-0.1600","0.0000","23.1700","200.0000","-1.0900","0.0000","97.3000","8.0000","-0.1500","0.0000","93.8200","17.0000","-0.2200","0","93.8200","17.0000","-0.1800","0.0000","93.8200","17.0000","-0.2000","0","93.8200","17.0000","-0.2100","15","0","0"
"AAD2023.06.02752","172","793","58","Rice University","Economics, Department of","Economics, General","24","64.0000","84","95.0000","20","71.0000","4.2000","131.0000","1601","64.0000","19","73.0000","0.9500","166.0000","6","22.0000","6","36.0000","2204828.0000","35.0000","15","73.0000","10","58.0000","4","88.0000","2","86.0000","28","14","9","20","14","0.0800","-0.3100","143.0000","45.1700","0.1700","-0.2800","114.0000","56.3700","0.8300","0.0800","147.0000","43.6300","3.5000","-0.2000","131.0000","49.8100","0.7900","-0.0900","165.0000","36.6800","66.7100","0.0600","78.0000","70.2700","19.0600","0.5100","54.0000","79.5400","0.2500","1.6300","25.0000","90.7300","0.2500","0.8300","39.0000","85.3300","91867.8300","0.4700","36.0000","86.4900","367471.3300","0.6200","34.0000","87.2600","0.6300","-0.0200","85.0000","67.5700","0.4200","0.5200","67.0000","74.5200","-0.1000","93.0000","64.4800","0.2600","-0.1700","0.2800","0.9200","0.3600","-0.1900","0.0795","-0.1000","-0.2000","-0.0100","0.1800","0.4000","0.0300","0.4400","77.9900","67.1800","72.2000","91.8900","72.9700","49.8100","36.2900","72.2000","66.4100","75.6800","86.8700","86.4900","63.7100","75.6800","259","4/1/2025 16:37","5","3","1.6700","0.2100","0.1300","18.0000","32.0000","15.0000","18.0000","15.0000","1.4700","1.2067","1.4300","1.6700","1.3600","93.4400","88.0300","94.5900","93.4400","94.5900","0","8","80.3100","52.0000","0.2500","0.3300","76.4500","62.0000","0.3300","4","77.2200","60.0000","0.1500","0","97.3000","8.0000","-0.1400","0.0000","97.3000","8.0000","-0.1500","0","97.3000","8.0000","-0.1600","0.1700","66.4100","88.0000","0.1700","0.0000","97.3000","8.0000","-0.1500","0.0000","93.8200","17.0000","-0.2200","0","93.8200","17.0000","-0.1800","0.0000","93.8200","17.0000","-0.2000","0","93.8200","17.0000","-0.2100","15","0","0"
"AAD2023.06.02752","192","889","58","Southern Illinois University Carbondale","Economics, Department of","Economics, General","9","212.0000","26","205.0000","7","206.0000","3.7100","166.0000","226","196.0000","7","203.0000","1.0000","1.0000","1","76.0000","1","86.0000","77789.0000","110.0000","0","226.0000","0","226.0000","1","150.0000","1","126.0000","28","14","9","20","14","0.1100","-0.0900","114.0000","56.3700","0.1100","-0.4200","140.0000","46.3300","0.7800","-0.2800","184.0000","29.3400","2.8900","-0.4500","179.0000","31.2700","0.7800","-0.1800","172.0000","33.9800","25.1100","-0.5300","176.0000","32.4300","8.6900","-0.5300","177.0000","32.0500","0.1100","0.3600","64.0000","75.6800","0.1100","0.0300","81.0000","69.1100","8643.2200","-0.3000","99.0000","62.1600","77789.0000","-0.2600","106.0000","59.4600","0.0000","-0.6900","226.0000","13.1300","0.0000","-1.2800","226.0000","13.1300","-0.5000","178.0000","31.6600","-0.7700","-0.4500","-0.8000","-0.2700","-0.8300","-0.3800","0.5379","-0.4600","-0.4400","-0.4800","-0.2600","-0.3200","-0.7200","-0.8600","13.1300","51.7400","22.0100","71.0400","20.8500","36.2900","100.0000","13.1300","42.4700","24.7100","57.9200","67.1800","21.2400","18.5300","259","4/1/2025 16:37","0","0","0.0000","0.0000","0.0000","105.0000","105.0000","105.0000","105.0000","105.0000","-0.5600","-0.6779","-0.4900","-0.5700","-0.5700","59.8500","59.8500","59.8500","59.8500","59.8500","0","2","50.5800","129.0000","-0.4000","0.2200","64.4800","93.0000","-0.0500","1","43.6300","147.0000","-0.5400","0","97.3000","8.0000","-0.1400","0.0000","97.3000","8.0000","-0.1500","0","97.3000","8.0000","-0.1600","0.1100","48.6500","134.0000","-0.2500","0.0000","97.3000","8.0000","-0.1500","0.0000","93.8200","17.0000","-0.2200","0","93.8200","17.0000","-0.1800","0.0000","93.8200","17.0000","-0.2000","0","93.8200","17.0000","-0.2100","15","0","0"
"AAD2023.06.02752","193","922","58","Southern Methodist University","Economics, Department of","Economics, General","20","90.0000","59","132.0000","15","106.0000","3.9300","148.0000","565","139.0000","16","94.0000","1.0000","1.0000","0","122.0000","0","122.0000","0.0000","122.0000","8","98.0000","3","133.0000","6","71.0000","3","61.0000","28","14","9","20","14","0.1500","0.2100","81.0000","69.1100","0.3000","0.0400","79.0000","69.8800","0.7500","-0.4600","198.0000","23.9400","2.9500","-0.4300","174.0000","33.2000","0.8000","-0.0400","149.0000","42.8600","28.2500","-0.4800","166.0000","36.2900","9.5800","-0.4400","159.0000","39.0000","0.0000","-0.6600","122.0000","53.2800","0.0000","-0.6100","122.0000","53.2800","0.0000","-0.3800","122.0000","53.2800","0.0000","-0.5000","122.0000","53.2800","0.4000","-0.2600","118.0000","54.8300","0.1500","-0.6300","177.0000","32.0500","-0.5000","178.0000","31.6600","-0.4600","0.1000","0.0100","-0.5000","-0.1000","-0.3000","0.5379","-0.2700","-0.0500","-0.3600","-0.2800","-0.4600","-0.2900","0.0900","49.0300","76.8300","64.0900","53.2800","59.4600","43.2400","100.0000","62.5500","72.9700","46.7200","53.2800","53.2800","49.4200","65.6400","259","4/1/2025 16:37","1","1","1.0000","0.0500","0.0500","49.0000","47.0000","65.0000","82.0000","74.0000","0.1200","0.4506","-0.1100","-0.0300","0.2000","81.4700","82.2400","75.2900","68.7300","71.8100","0","3","60.6200","103.0000","-0.2900","0.1500","48.2600","135.0000","-0.3000","2","57.9200","110.0000","-0.3100","0","97.3000","8.0000","-0.1400","0.0000","97.3000","8.0000","-0.1500","0","97.3000","8.0000","-0.1600","0.1000","44.0200","146.0000","-0.3300","0.0000","97.3000","8.0000","-0.1500","0.0000","93.8200","17.0000","-0.2200","0","93.8200","17.0000","-0.1800","0.0000","93.8200","17.0000","-0.2000","0","93.8200","17.0000","-0.2100","15","0","0"
"AAD2023.06.02752","203","972","58","Binghamton University, State University of New York","Economics, Department of","Economics, General","20","90.0000","92","82.0000","16","97.0000","5.7500","60.0000","1003","101.0000","14","109.0000","0.8200","233.0000","2","58.0000","2","72.0000","145856.0000","99.0000","5","129.0000","4","114.0000","22","18.0000","5","32.0000","28","14","9","20","14","0.2500","1.0000","31.0000","88.4200","1.1000","1.9400","13.0000","95.3700","0.8000","-0.1400","165.0000","36.6800","4.6000","0.2700","79.0000","69.8800","0.7000","-0.6600","202.0000","22.3900","50.1500","-0.1700","112.0000","57.1400","10.9000","-0.3100","137.0000","47.4900","0.1000","0.2600","71.0000","72.9700","0.1000","-0.0300","86.0000","67.1800","7292.8000","-0.3100","106.0000","59.4600","72928.0000","-0.2800","109.0000","58.3000","0.2500","-0.4200","154.0000","40.9300","0.2000","-0.4100","154.0000","40.9300","-0.4000","157.0000","39.7700","-0.3500","0.6600","-0.1700","-0.0300","-0.0100","0.4300","-1.0800","-0.3400","1.2300","-0.2100","-0.2500","-0.1700","0.1400","0.0900","56.3700","88.0300","58.3000","77.9900","62.9300","77.2200","10.4200","50.5800","93.4400","61.3900","62.1600","72.5900","68.7300","65.6400","259","4/1/2025 16:37","1","1","1.0000","0.0500","0.0500","49.0000","47.0000","65.0000","82.0000","74.0000","0.1200","0.4506","-0.1100","-0.0300","0.2000","81.4700","82.2400","75.2900","68.7300","71.8100","0","6","73.3600","70.0000","0.0300","0.3000","73.7500","69.0000","0.2100","6","86.1000","37.0000","0.6100","0","97.3000","8.0000","-0.1400","0.0000","97.3000","8.0000","-0.1500","0","97.3000","8.0000","-0.1600","0.3000","88.0300","32.0000","1.1900","0.0000","97.3000","8.0000","-0.1500","0.0000","93.8200","17.0000","-0.2200","0","93.8200","17.0000","-0.1800","0.0000","93.8200","17.0000","-0.2000","0","93.8200","17.0000","-0.2100","15","0","0"
"AAD2023.06.02752","204","1001","58","University at Buffalo, State University of New York","Economics, Department of","Economics, General","11","183.0000","22","213.0000","10","166.0000","2.2000","238.0000","165","215.0000","8","185.0000","0.8000","236.0000","0","122.0000","0","122.0000","0.0000","122.0000","6","115.0000","2","155.0000","0","193.0000","0","193.0000","28","14","9","20","14","0.0000","-0.9600","193.0000","25.8700","0.0000","-0.6800","193.0000","25.8700","0.9100","0.5800","77.0000","70.6600","2.0000","-0.8300","221.0000","15.0600","0.7300","-0.4900","197.0000","24.3200","15.0000","-0.6700","218.0000","16.2200","7.5000","-0.6500","198.0000","23.9400","0.0000","-0.6600","122.0000","53.2800","0.0000","-0.6100","122.0000","53.2800","0.0000","-0.3800","122.0000","53.2800","0.0000","-0.5000","122.0000","53.2800","0.5500","-0.1000","96.0000","63.3200","0.1800","-0.4900","164.0000","37.0700","-0.6000","198.0000","23.9400","-0.5600","-0.7300","-0.7100","-0.5000","-0.5600","-0.9800","-1.2957","-0.3100","-0.5200","-0.5000","-0.2800","-0.4600","-0.7700","-0.6900","40.5400","25.8700","28.9600","53.2800","36.2900","8.4900","9.2700","55.9800","25.8700","17.3700","53.2800","53.2800","18.1500","29.7300","259","4/1/2025 16:37","0","0","0.0000","0.0000","0.0000","105.0000","105.0000","105.0000","105.0000","105.0000","-0.5600","-0.6779","-0.4900","-0.5700","-0.5700","59.8500","59.8500","59.8500","59.8500","59.8500","0","0","23.1700","200.0000","-0.6200","0.0000","23.1700","200.0000","-0.8100","0","23.1700","200.0000","-0.7700","0","97.3000","8.0000","-0.1400","0.0000","97.3000","8.0000","-0.1500","0","97.3000","8.0000","-0.1600","0.0000","23.1700","200.0000","-1.0900","0.0000","97.3000","8.0000","-0.1500","0.0000","93.8200","17.0000","-0.2200","0","93.8200","17.0000","-0.1800","0.0000","93.8200","17.0000","-0.2000","0","93.8200","17.0000","-0.2100","15","0","0"
"AAD2023.06.02752","210","1059","58","Syracuse University","Economics, Department of","Economics, General","24","64.0000","108","62.0000","21","64.0000","5.1400","79.0000","1137","88.0000","21","64.0000","1.0000","1.0000","1","76.0000","1","86.0000","310818.0000","88.0000","22","52.0000","11","51.0000","16","27.0000","5","32.0000","28","14","9","20","14","0.2100","0.6700","44.0000","83.4000","0.6700","0.9100","31.0000","88.4200","0.8800","0.3500","108.0000","58.6900","4.5000","0.2300","83.0000","68.3400","0.8800","0.4300","103.0000","60.6200","47.3800","-0.2100","116.0000","55.6000","10.5300","-0.3400","145.0000","44.4000","0.0400","-0.2800","112.0000","57.1400","0.0400","-0.3700","113.0000","56.7600","12950.7500","-0.2600","90.0000","65.6400","310818.0000","0.4400","42.0000","84.1700","0.9200","0.3000","49.0000","81.4700","0.4600","0.7000","54.0000","79.5400","0.1000","62.0000","76.4500","0.3600","0.6600","0.4600","-0.2700","0.4500","0.1800","0.5379","0.0700","0.7500","-0.1700","-0.2100","-0.3200","0.3500","0.4400","80.7000","88.0300","75.6800","71.0400","75.6800","69.8800","100.0000","80.3100","89.9600","66.4100","66.4100","67.1800","76.4500","75.6800","259","4/1/2025 16:37","0","0","0.0000","0.0000","0.0000","105.0000","105.0000","105.0000","105.0000","105.0000","-0.5600","-0.6779","-0.4900","-0.5700","-0.5700","59.8500","59.8500","59.8500","59.8500","59.8500","0","4","66.8000","87.0000","-0.1900","0.1700","52.9000","123.0000","-0.2400","2","57.9200","110.0000","-0.3100","0","97.3000","8.0000","-0.1400","0.0000","97.3000","8.0000","-0.1500","0","97.3000","8.0000","-0.1600","0.0800","38.6100","160.0000","-0.4600","0.0000","97.3000","8.0000","-0.1500","0.0000","93.8200","17.0000","-0.2200","0","93.8200","17.0000","-0.1800","0.0000","93.8200","17.0000","-0.2000","0","93.8200","17.0000","-0.2100","15","0","0"
"AAD2023.06.02752","215","1117","58","Texas A&M University","Economics, Department of","Economics, General","25","61.0000","117","53.0000","23","57.0000","5.0900","81.0000","1498","70.0000","23","56.0000","1.0000","1.0000","6","22.0000","10","23.0000","937003.0000","57.0000","19","62.0000","12","47.0000","2","122.0000","2","86.0000","28","14","9","20","14","0.0800","-0.3300","149.0000","42.8600","0.0800","-0.4900","163.0000","37.4500","0.9200","0.6500","69.0000","73.7500","4.6800","0.3000","77.0000","70.6600","0.9200","0.7100","69.0000","73.7500","59.9200","-0.0400","94.0000","64.0900","12.8000","-0.1200","100.0000","61.7800","0.2400","1.5400","26.0000","90.3500","0.4000","1.6900","20.0000","92.6600","37480.1200","-0.0300","65.0000","75.2900","93700.3000","-0.2200","101.0000","61.3900","0.7600","0.1300","69.0000","73.7500","0.4800","0.7900","48.0000","81.8500","0.2000","48.0000","81.8500","0.4700","-0.1700","0.6400","0.9200","0.6300","0.1600","0.5379","0.0000","-0.3600","-0.0400","-0.0800","0.9800","0.4600","0.5200","82.2400","67.1800","78.7600","91.8900","78.3800","69.1100","100.0000","76.4500","53.2800","73.3600","78.3800","91.5100","79.9200","76.8300","259","4/1/2025 16:37","0","0","0.0000","0.0000","0.0000","105.0000","105.0000","105.0000","105.0000","105.0000","-0.5600","-0.6779","-0.4900","-0.5700","-0.5700","59.8500","59.8500","59.8500","59.8500","59.8500","0","6","73.3600","70.0000","0.0300","0.2400","67.5700","85.0000","0.0100","5","83.0100","45.0000","0.3800","0","97.3000","8.0000","-0.1400","0.0000","97.3000","8.0000","-0.1500","0","97.3000","8.0000","-0.1600","0.2000","74.1300","68.0000","0.4300","0.0000","97.3000","8.0000","-0.1500","0.0000","93.8200","17.0000","-0.2200","0","93.8200","17.0000","-0.1800","0.0000","93.8200","17.0000","-0.2000","0","93.8200","17.0000","-0.2100","15","0","0"
"AAD2023.06.02752","222","1176","58","Texas Tech University","Economics, Department of","Economics, General","13","157.0000","22","213.0000","7","206.0000","3.1400","204.0000","149","220.0000","7","203.0000","1.0000","1.0000","0","122.0000","0","122.0000","0.0000","122.0000","0","226.0000","0","226.0000","0","193.0000","0","193.0000","28","14","9","20","14","0.0000","-0.9600","193.0000","25.8700","0.0000","-0.6800","193.0000","25.8700","0.5400","-1.8500","243.0000","6.5600","1.6900","-0.9600","238.0000","8.4900","0.5400","-1.6700","241.0000","7.3400","11.4600","-0.7200","229.0000","11.9700","6.7700","-0.7200","209.0000","19.6900","0.0000","-0.6600","122.0000","53.2800","0.0000","-0.6100","122.0000","53.2800","0.0000","-0.3800","122.0000","53.2800","0.0000","-0.5000","122.0000","53.2800","0.0000","-0.6900","226.0000","13.1300","0.0000","-1.2800","226.0000","13.1300","-0.9000","237.0000","8.8800","-0.7700","-0.7300","-0.8000","-0.5000","-0.8300","-0.6100","0.5379","-0.4600","-0.5200","-0.5100","-0.2800","-0.4600","-0.7700","-0.5200","13.1300","25.8700","22.0100","53.2800","20.8500","21.6200","100.0000","13.1300","25.8700","15.4400","53.2800","53.2800","18.1500","39.7700","259","4/1/2025 16:37","0","0","0.0000","0.0000","0.0000","105.0000","105.0000","105.0000","105.0000","105.0000","-0.5600","-0.6779","-0.4900","-0.5700","-0.5700","59.8500","59.8500","59.8500","59.8500","59.8500","0","0","23.1700","200.0000","-0.6200","0.0000","23.1700","200.0000","-0.8100","0","23.1700","200.0000","-0.7700","0","97.3000","8.0000","-0.1400","0.0000","97.3000","8.0000","-0.1500","0","97.3000","8.0000","-0.1600","0.0000","23.1700","200.0000","-1.0900","0.0000","97.3000","8.0000","-0.1500","0.0000","93.8200","17.0000","-0.2200","0","93.8200","17.0000","-0.1800","0.0000","93.8200","17.0000","-0.2000","0","93.8200","17.0000","-0.2100","15","0","0"
"AAD2023.06.02752","226","1246","58","University of Tennessee, The","Economics, Department of","Economics, General","19","100.0000","70","116.0000","18","82.0000","3.8900","153.0000","745","125.0000","18","80.0000","1.0000","1.0000","0","122.0000","0","122.0000","0.0000","122.0000","10","90.0000","4","114.0000","0","193.0000","0","193.0000","28","14","9","20","14","0.0000","-0.9600","193.0000","25.8700","0.0000","-0.6800","193.0000","25.8700","0.9500","0.8300","40.0000","84.9400","3.6800","-0.1200","121.0000","53.6700","0.9500","0.8800","44.0000","83.4000","39.2100","-0.3300","141.0000","45.9500","10.6400","-0.3300","143.0000","45.1700","0.0000","-0.6600","122.0000","53.2800","0.0000","-0.6100","122.0000","53.2800","0.0000","-0.3800","122.0000","53.2800","0.0000","-0.5000","122.0000","53.2800","0.5300","-0.1200","101.0000","61.3900","0.2100","-0.3700","152.0000","41.7000","0.0000","75.0000","71.4300","-0.3500","-0.7300","0.1900","-0.5000","0.1700","-0.3100","0.5379","-0.2200","-0.5200","-0.3000","-0.2800","-0.4600","-0.1500","0.0000","56.3700","25.8700","69.5000","53.2800","68.7300","41.3100","100.0000","65.6400","25.8700","52.1200","53.2800","53.2800","55.6000","61.7800","259","4/1/2025 16:37","0","0","0.0000","0.0000","0.0000","105.0000","105.0000","105.0000","105.0000","105.0000","-0.5600","-0.6779","-0.4900","-0.5700","-0.5700","59.8500","59.8500","59.8500","59.8500","59.8500","0","2","50.5800","129.0000","-0.4000","0.1100","38.6100","160.0000","-0.4500","2","57.9200","110.0000","-0.3100","0","97.3000","8.0000","-0.1400","0.0000","97.3000","8.0000","-0.1500","0","97.3000","8.0000","-0.1600","0.1100","44.7900","144.0000","-0.2900","0.0000","97.3000","8.0000","-0.1500","0.0000","93.8200","17.0000","-0.2200","0","93.8200","17.0000","-0.1800","0.0000","93.8200","17.0000","-0.2000","0","93.8200","17.0000","-0.2100","15","0","0"
"AAD2023.06.02752","228","1284","58","University of Texas Arlington","Economics, Department of","Economics, General","8","224.0000","38","171.0000","6","220.0000","6.3300","43.0000","362","173.0000","6","218.0000","1.0000","1.0000","0","122.0000","0","122.0000","0.0000","122.0000","1","201.0000","1","196.0000","6","71.0000","2","86.0000","28","14","9","20","14","0.2500","1.0000","31.0000","88.4200","0.7500","1.1100","26.0000","90.3500","0.7500","-0.4600","198.0000","23.9400","4.7500","0.3300","70.0000","73.3600","0.7500","-0.3500","187.0000","28.1900","45.2500","-0.2400","124.0000","52.5100","9.5300","-0.4400","162.0000","37.8400","0.0000","-0.6600","122.0000","53.2800","0.0000","-0.6100","122.0000","53.2800","0.0000","-0.3800","122.0000","53.2800","0.0000","-0.5000","122.0000","53.2800","0.1300","-0.5500","200.0000","23.1700","0.1300","-0.7400","191.0000","26.6400","-0.2000","114.0000","56.3700","-0.6600","-0.1700","-0.8900","-0.5000","-0.9300","0.6600","0.5379","-0.4300","-0.0500","-0.4300","-0.2800","-0.4600","-0.5700","-0.9500","24.7100","67.1800","16.2200","53.2800","15.4400","83.7800","100.0000","22.7800","72.9700","33.5900","53.2800","53.2800","34.3600","13.9000","259","4/1/2025 16:37","2","1","2.0000","0.2500","0.1300","49.0000","13.0000","42.0000","12.0000","15.0000","0.1200","1.5791","0.2700","2.1200","1.3600","81.4700","95.3700","84.1700","95.7500","94.5900","0","0","23.1700","200.0000","-0.6200","0.0000","23.1700","200.0000","-0.8100","0","23.1700","200.0000","-0.7700","0","97.3000","8.0000","-0.1400","0.0000","97.3000","8.0000","-0.1500","0","97.3000","8.0000","-0.1600","0.0000","23.1700","200.0000","-1.0900","0.0000","97.3000","8.0000","-0.1500","0.0000","93.8200","17.0000","-0.2200","0","93.8200","17.0000","-0.1800","0.0000","93.8200","17.0000","-0.2000","0","93.8200","17.0000","-0.2100","15","0","0"
"AAD2023.06.02752","230","1387","58","University of Texas at Dallas, The","Economic, Political and Policy Science, School of","Economics, General","64","1.0000","386","3.0000","55","1.0000","7.0200","30.0000","3937","27.0000","57","1.0000","0.9800","142.0000","6","22.0000","9","26.0000","5191366.0000","17.0000","44","26.0000","22","24.0000","54","5.0000","20","2.0000","28","14","9","20","14","0.3100","1.4900","20.0000","92.6600","0.8400","1.3300","25.0000","90.7300","0.8600","0.2500","127.0000","51.3500","6.0300","0.8700","36.0000","86.4900","0.8900","0.5200","90.0000","65.6400","61.5200","-0.0100","92.0000","64.8600","10.2000","-0.3800","148.0000","43.2400","0.0900","0.2000","73.0000","72.2000","0.1400","0.2000","72.0000","72.5900","81115.0900","0.3700","42.0000","84.1700","576818.4400","1.2500","19.0000","93.0500","0.6900","0.0500","76.0000","71.0400","0.3400","0.2000","94.0000","64.0900","0.1000","62.0000","76.4500","1.5000","4.8100","3.7200","0.9200","3.5700","0.9300","0.3798","0.6000","3.7700","0.8000","0.8000","0.8300","3.9700","3.9100","91.1200","99.6100","100.0000","91.8900","100.0000","88.8000","45.5600","90.3500","98.4600","89.9600","93.8200","90.3500","99.2300","100.0000","259","4/1/2025 16:37","16","8","2.0000","0.2500","0.1300","2.0000","13.0000","1.0000","12.0000","15.0000","4.8600","1.5791","5.6500","2.1200","1.3600","99.6100","95.3700","100.0000","95.7500","94.5900","0","47","99.2300","3.0000","4.4800","0.7300","94.2100","16.0000","1.6900","21","99.2300","3.0000","4.0700","0","97.3000","8.0000","-0.1400","0.0000","97.3000","8.0000","-0.1500","0","97.3000","8.0000","-0.1600","0.3300","89.1900","29.0000","1.4000","0.0000","97.3000","8.0000","-0.1500","0.0000","93.8200","17.0000","-0.2200","0","93.8200","17.0000","-0.1800","0.0000","93.8200","17.0000","-0.2000","0","93.8200","17.0000","-0.2100","15","0","0"
"AAD2023.06.02752","23","1480","58","Boston College","Economics, Department of","Economics, General","29","43.0000","155","31.0000","25","43.0000","6.2000","49.0000","2054","50.0000","25","45.0000","0.9600","156.0000","6","22.0000","7","32.0000","819214.0000","62.0000","20","59.0000","14","38.0000","2","122.0000","1","126.0000","28","14","9","20","14","0.0300","-0.6900","191.0000","26.6400","0.0700","-0.5200","171.0000","34.3600","0.8600","0.2700","124.0000","52.5100","5.3400","0.5800","50.0000","81.0800","0.8600","0.3500","113.0000","56.7600","70.8300","0.1200","66.0000","74.9000","13.2500","-0.0700","93.0000","64.4800","0.2100","1.2400","30.0000","88.8000","0.2400","0.7800","40.0000","84.9400","28248.7600","-0.1200","74.0000","71.8100","117030.5700","-0.1400","97.0000","62.9300","0.6900","0.0500","75.0000","71.4300","0.4800","0.8000","47.0000","82.2400","0.2000","48.0000","81.8500","0.6700","-0.4500","0.8300","0.9200","0.8200","0.6100","0.1853","0.0200","-0.3600","0.1500","-0.1100","0.5500","0.9600","0.8700","85.7100","51.7400","83.0100","91.8900","83.7800","81.4700","40.1500","77.6100","53.2800","81.0800","76.4500","88.0300","88.4200","83.7800","259","4/1/2025 16:37","3","2","1.5000","0.1000","0.0700","26.0000","36.0000","30.0000","47.0000","55.0000","0.7900","1.0148","0.6600","0.5400","0.4900","90.3500","86.4900","88.8000","82.2400","79.1500","0","3","60.6200","103.0000","-0.2900","0.1000","38.2200","161.0000","-0.4500","3","68.3400","83.0000","-0.0800","0","97.3000","8.0000","-0.1400","0.0000","97.3000","8.0000","-0.1500","0","97.3000","8.0000","-0.1600","0.1000","44.4000","145.0000","-0.3100","0.0000","97.3000","8.0000","-0.1500","0.0000","93.8200","17.0000","-0.2200","0","93.8200","17.0000","-0.1800","0.0000","93.8200","17.0000","-0.2000","0","93.8200","17.0000","-0.2100","15","0","0"
"AAD2023.06.02752","250","1630","58","University of Arkansas","Economics, Department of","Economics, General","15","131.0000","37","176.0000","13","128.0000","2.8500","221.0000","552","141.0000","14","109.0000","1.0000","1.0000","1","76.0000","1","86.0000","21442.0000","118.0000","1","201.0000","1","196.0000","0","193.0000","0","193.0000","28","14","9","20","14","0.0000","-0.9600","193.0000","25.8700","0.0000","-0.6800","193.0000","25.8700","0.8700","0.3000","118.0000","54.8300","2.4700","-0.6300","202.0000","22.3900","0.9300","0.7900","54.0000","79.5400","36.8000","-0.3600","147.0000","43.6300","14.9200","0.1000","82.0000","68.7300","0.0700","-0.0500","90.0000","65.6400","0.0700","-0.2300","95.0000","63.7100","1429.4700","-0.3700","118.0000","54.8300","21442.0000","-0.4300","118.0000","54.8300","0.0700","-0.6200","219.0000","15.8300","0.0700","-0.9900","217.0000","16.6000","-0.4000","157.0000","39.7700","-0.6600","-0.7300","-0.1700","-0.2700","-0.2800","-0.7200","0.5379","-0.4300","-0.5200","-0.3700","-0.2700","-0.3200","-0.5800","-0.3400","24.7100","25.8700","58.3000","71.0400","50.9700","15.0600","100.0000","22.7800","25.8700","45.9500","54.8300","67.1800","32.4300","49.8100","259","4/1/2025 16:37","1","1","1.0000","0.0700","0.0700","49.0000","47.0000","65.0000","71.0000","56.0000","0.1200","0.4506","-0.1100","0.1400","0.4600","81.4700","82.2400","75.2900","72.9700","78.7600","0","0","23.1700","200.0000","-0.6200","0.0000","23.1700","200.0000","-0.8100","0","23.1700","200.0000","-0.7700","0","97.3000","8.0000","-0.1400","0.0000","97.3000","8.0000","-0.1500","0","97.3000","8.0000","-0.1600","0.0000","23.1700","200.0000","-1.0900","0.0000","97.3000","8.0000","-0.1500","0.0000","93.8200","17.0000","-0.2200","0","93.8200","17.0000","-0.1800","0.0000","93.8200","17.0000","-0.2000","0","93.8200","17.0000","-0.2100","15","0","0"
"AAD2023.06.02752","251","1670","58","University of California, Berkeley","Economics, Department of","Economics, General","49","7.0000","330","6.0000","48","4.0000","6.8800","34.0000","11679","6.0000","49","3.0000","1.0000","1.0000","14","11.0000","24","10.0000","15760733.0000","4.0000","191","5.0000","42","5.0000","32","11.0000","12","10.0000","28","14","9","20","14","0.2400","0.9600","34.0000","87.2600","0.6500","0.8800","34.0000","87.2600","0.9800","1.0400","26.0000","90.3500","6.7300","1.1700","23.0000","91.5100","1.0000","1.2000","1.0000","100.0000","238.3500","2.4900","8.0000","97.3000","35.3900","2.1400","13.0000","95.3700","0.2900","1.9600","17.0000","93.8200","0.4900","2.2000","13.0000","95.3700","321647.6100","2.6100","5.0000","98.4600","656697.2100","1.5000","13.0000","95.3700","3.9000","3.5000","5.0000","98.4600","0.8600","2.4100","7.0000","97.6800","1.2000","4.0000","98.8400","3.5500","2.6000","3.0000","2.8100","2.9300","0.8800","0.5379","4.1500","2.0200","3.4600","2.9800","3.0000","3.2400","2.6000","98.4600","96.5300","99.2300","96.1400","98.8400","87.2600","100.0000","98.4600","96.1400","98.0700","98.8400","96.5300","98.0700","97.6800","259","4/1/2025 16:37","6","3","2.0000","0.1200","0.0600","18.0000","13.0000","14.0000","43.0000","68.0000","1.4700","1.5791","1.8100","0.7400","0.3700","93.4400","95.3700","94.9800","83.7800","74.1300","0","40","98.0700","6.0000","3.7200","0.8200","95.7500","12.0000","1.9700","19","98.8400","4.0000","3.6100","0","97.3000","8.0000","-0.1400","0.0000","97.3000","8.0000","-0.1500","0","97.3000","8.0000","-0.1600","0.3900","94.5900","15.0000","1.8500","0.0000","97.3000","8.0000","-0.1500","0.0200","94.9800","14.0000","1.3200","1","97.6800","7.0000","1.1400","0.0200","94.5900","15.0000","0.9300","1","98.0700","6.0000","1.8000","15","0","0"
"AAD2023.06.02752","252","1727","58","University of California, Davis","Economics, Department of","Economics, General","31","37.0000","150","33.0000","28","31.0000","5.3600","70.0000","3660","28.0000","29","30.0000","1.0000","1.0000","4","36.0000","4","51.0000","3029824.0000","28.0000","35","32.0000","19","28.0000","8","57.0000","4","48.0000","28","14","9","20","14","0.1300","0.0500","101.0000","61.3900","0.2600","-0.0700","88.0000","66.4100","0.9000","0.5400","83.0000","68.3400","4.8400","0.3700","68.0000","74.1300","0.9400","0.8000","53.0000","79.9200","118.0600","0.7900","31.0000","88.4200","24.4000","1.0400","31.0000","88.4200","0.1300","0.5200","55.0000","79.1500","0.1300","0.1300","75.0000","71.4300","97736.2600","0.5300","32.0000","88.0300","757456.0000","1.8000","12.0000","95.7500","1.1300","0.5300","37.0000","86.1000","0.6100","1.3600","30.0000","88.8000","0.5000","21.0000","92.2800","1.1900","0.3800","1.1900","0.4400","1.0900","0.2700","0.5379","0.3900","0.1100","0.7000","0.3500","0.1100","0.8900","1.0400","89.5800","81.8500","88.8000","86.4900","88.4200","73.3600","100.0000","88.0300","78.3800","89.5800","89.5800","80.7000","87.6400","86.1000","259","4/1/2025 16:37","5","4","1.2500","0.1600","0.1300","9.0000","45.0000","15.0000","31.0000","14.0000","2.1500","0.7327","1.4300","1.1600","1.4200","96.9100","83.0100","94.5900","88.4200","94.9800","0","8","80.3100","52.0000","0.2500","0.2600","69.5000","80.0000","0.0700","8","90.3500","26.0000","1.0800","0","97.3000","8.0000","-0.1400","0.0000","97.3000","8.0000","-0.1500","0","97.3000","8.0000","-0.1600","0.2600","83.4000","44.0000","0.8700","0.0000","97.3000","8.0000","-0.1500","0.0000","93.8200","17.0000","-0.2200","0","93.8200","17.0000","-0.1800","0.0000","93.8200","17.0000","-0.2000","0","93.8200","17.0000","-0.2100","15","0","0"
"AAD2023.06.02752","254","1788","58","University of California, Los Angeles","Economics, Department of","Economics, General","45","11.0000","173","25.0000","44","9.0000","3.9300","149.0000","5179","18.0000","44","10.0000","1.0000","1.0000","12","14.0000","19","13.0000","5492549.0000","14.0000","82","12.0000","30","14.0000","5","80.0000","4","48.0000","28","14","9","20","14","0.0900","-0.2600","139.0000","46.7200","0.1100","-0.4200","140.0000","46.3300","0.9800","1.0300","27.0000","89.9600","3.8400","-0.0500","112.0000","57.1400","0.9800","1.0600","29.0000","89.1900","115.0900","0.7400","34.0000","87.2600","29.9400","1.6000","21.0000","92.2800","0.2700","1.7800","21.0000","92.2800","0.4200","1.8100","18.0000","93.4400","122056.6400","0.7500","24.0000","91.1200","289081.5300","0.3800","46.0000","82.6300","1.8200","1.2700","16.0000","94.2100","0.6700","1.5900","22.0000","91.8900","0.4000","26.0000","90.3500","2.3200","0.3800","2.5500","2.3300","2.5600","-0.3000","0.5379","1.5200","-0.1200","1.2200","0.8600","2.2800","1.1900","2.2600","94.9800","81.8500","96.5300","94.9800","96.9100","42.8600","100.0000","95.7500","69.5000","93.4400","94.9800","95.3700","90.7300","96.1400","259","4/1/2025 16:37","1","1","1.0000","0.0200","0.0200","49.0000","47.0000","65.0000","103.0000","103.0000","0.1200","0.4506","-0.1100","-0.3300","-0.2300","81.4700","82.2400","75.2900","60.6200","60.6200","0","9","83.0100","45.0000","0.3600","0.2000","61.0000","102.0000","-0.1300","9","92.6600","20.0000","1.3100","0","97.3000","8.0000","-0.1400","0.0000","97.3000","8.0000","-0.1500","0","97.3000","8.0000","-0.1600","0.2000","74.1300","68.0000","0.4300","0.0000","97.3000","8.0000","-0.1500","0.0000","93.8200","17.0000","-0.2200","0","93.8200","17.0000","-0.1800","0.0000","93.8200","17.0000","-0.2000","0","93.8200","17.0000","-0.2100","15","0","0"
"AAD2023.06.02752","255","1852","58","University of California, Riverside","Economics, Department of","Economics, General","18","104.0000","59","132.0000","17","88.0000","3.4700","187.0000","613","137.0000","17","89.0000","0.9400","173.0000","1","76.0000","1","86.0000","142380.0000","100.0000","4","138.0000","4","114.0000","4","88.0000","1","126.0000","28","14","9","20","14","0.0600","-0.5300","171.0000","34.3600","0.2200","-0.1500","95.0000","63.7100","0.9400","0.8100","41.0000","84.5600","3.2800","-0.2900","148.0000","43.2400","0.9400","0.8600","46.0000","82.6300","34.0600","-0.4000","156.0000","40.1500","10.3900","-0.3600","146.0000","44.0200","0.0600","-0.1500","100.0000","61.7800","0.0600","-0.2900","103.0000","60.6200","7910.0000","-0.3100","103.0000","60.6200","142380.0000","-0.0700","85.0000","67.5700","0.2200","-0.4500","168.0000","35.5200","0.2200","-0.3200","144.0000","44.7900","-0.3000","138.0000","47.1000","-0.3500","-0.4500","0.1000","-0.2700","0.0800","-0.4800","0.0286","-0.3600","-0.2000","-0.3500","-0.2500","-0.3200","-0.2900","-0.0800","56.3700","51.7400","66.0200","71.0400","66.4100","28.1900","33.5900","47.1000","66.4100","47.4900","61.7800","67.1800","49.4200","60.2300","259","4/1/2025 16:37","3","2","1.5000","0.1700","0.1100","26.0000","36.0000","30.0000","29.0000","25.0000","0.7900","1.0148","0.6600","1.2200","1.1400","90.3500","86.4900","88.8000","89.1900","90.7300","0","3","60.6200","103.0000","-0.2900","0.1700","52.9000","123.0000","-0.2400","2","57.9200","110.0000","-0.3100","0","97.3000","8.0000","-0.1400","0.0000","97.3000","8.0000","-0.1500","0","97.3000","8.0000","-0.1600","0.1100","48.6500","134.0000","-0.2500","0.0000","97.3000","8.0000","-0.1500","0.0000","93.8200","17.0000","-0.2200","0","93.8200","17.0000","-0.1800","0.0000","93.8200","17.0000","-0.2000","0","93.8200","17.0000","-0.2100","15","0","0"
"AAD2023.06.02752","256","1881","58","University of California, San Diego","Economics, Department of","Economics, General","43","12.0000","229","12.0000","40","11.0000","5.7300","61.0000","6533","13.0000","41","11.0000","1.0000","1.0000","12","14.0000","18","15.0000","3973701.0000","23.0000","76","14.0000","32","10.0000","11","39.0000","5","32.0000","28","14","9","20","14","0.1200","-0.0500","110.0000","57.9200","0.2600","-0.0700","89.0000","66.0200","0.9300","0.7100","55.0000","79.1500","5.3300","0.5700","51.0000","80.7000","0.9500","0.9100","41.0000","84.5600","151.9300","1.2700","20.0000","92.6600","28.5300","1.4600","24.0000","91.1200","0.2800","1.9000","18.0000","93.4400","0.4200","1.7900","19.0000","93.0500","92411.6500","0.4800","35.0000","86.8700","220761.1700","0.1700","63.0000","76.0600","1.7700","1.2100","18.0000","93.4400","0.7400","1.9300","15.0000","94.5900","0.8000","9.0000","96.9100","2.5200","0.6600","2.2700","2.3300","2.1900","0.4200","0.5379","1.3800","0.3500","1.6900","0.5400","2.1300","1.9200","2.0800","96.5300","88.0300","96.1400","94.9800","96.1400","76.8300","100.0000","94.9800","85.3300","95.3700","91.5100","94.5900","95.7500","95.7500","259","4/1/2025 16:37","3","2","1.5000","0.0700","0.0500","26.0000","36.0000","30.0000","68.0000","84.0000","0.7900","1.0148","0.6600","0.1800","0.1500","90.3500","86.4900","88.8000","74.1300","67.9500","0","16","91.8900","22.0000","1.1200","0.3700","79.5400","54.0000","0.4600","15","96.1400","11.0000","2.6900","0","97.3000","8.0000","-0.1400","0.0000","97.3000","8.0000","-0.1500","0","97.3000","8.0000","-0.1600","0.3500","91.5100","23.0000","1.5600","0.0000","97.3000","8.0000","-0.1500","0.0000","93.8200","17.0000","-0.2200","0","93.8200","17.0000","-0.1800","0.0000","93.8200","17.0000","-0.2000","0","93.8200","17.0000","-0.2100","15","0","0"
"AAD2023.06.02752","259","1927","58","University of California, Santa Cruz","Economics, Department of","Economics, General","28","45.0000","105","66.0000","22","62.0000","4.7700","94.0000","1751","59.0000","22","61.0000","0.9600","163.0000","2","58.0000","4","51.0000","330250.0000","86.0000","15","73.0000","9","63.0000","6","71.0000","3","61.0000","28","14","9","20","14","0.1100","-0.1200","121.0000","53.6700","0.2100","-0.1700","98.0000","62.5500","0.7900","-0.2300","182.0000","30.1200","3.7500","-0.0900","117.0000","55.2100","0.7900","-0.1300","169.0000","35.1400","62.5400","0.0000","87.0000","66.8000","16.6800","0.2700","69.0000","73.7500","0.0700","0.0000","85.0000","67.5700","0.1400","0.2100","69.0000","73.7500","11794.6400","-0.2700","92.0000","64.8600","82562.5000","-0.2500","105.0000","59.8500","0.5400","-0.1100","98.0000","62.5500","0.3200","0.1100","105.0000","59.8500","-0.2000","114.0000","56.3700","0.1600","0.1000","0.5500","-0.0300","0.5400","0.0400","0.1393","-0.1000","-0.0500","0.0400","-0.2100","0.1100","0.3100","0.7800","76.0600","76.8300","76.8300","77.9900","76.4500","64.0900","37.4500","72.2000","72.9700","77.6100","67.1800","80.7000","74.9000","83.0100","259","4/1/2025 16:37","0","0","0.0000","0.0000","0.0000","105.0000","105.0000","105.0000","105.0000","105.0000","-0.5600","-0.6779","-0.4900","-0.5700","-0.5700","59.8500","59.8500","59.8500","59.8500","59.8500","0","10","86.1000","37.0000","0.4700","0.3600","77.6100","59.0000","0.4100","3","68.3400","83.0000","-0.0800","0","97.3000","8.0000","-0.1400","0.0000","97.3000","8.0000","-0.1500","0","97.3000","8.0000","-0.1600","0.1100","45.5600","142.0000","-0.2800","0.0000","97.3000","8.0000","-0.1500","0.0000","93.8200","17.0000","-0.2200","0","93.8200","17.0000","-0.1800","0.0000","93.8200","17.0000","-0.2000","0","93.8200","17.0000","-0.2100","15","0","0"
"AAD2023.06.02752","260","1966","58","University of Central Florida","Economics, Department of","Economics, General","14","149.0000","38","171.0000","12","138.0000","3.1700","201.0000","288","181.0000","13","124.0000","1.0000","1.0000","0","122.0000","0","122.0000","0.0000","122.0000","5","129.0000","5","98.0000","2","122.0000","1","126.0000","28","14","9","20","14","0.0700","-0.4000","156.0000","40.1500","0.1400","-0.3400","128.0000","50.9700","0.8600","0.2400","128.0000","50.9700","2.7100","-0.5300","188.0000","27.8000","0.9300","0.7600","59.0000","77.6100","20.5700","-0.5900","197.0000","24.3200","7.5800","-0.6400","196.0000","24.7100","0.0000","-0.6600","122.0000","53.2800","0.0000","-0.6100","122.0000","53.2800","0.0000","-0.3800","122.0000","53.2800","0.0000","-0.5000","122.0000","53.2800","0.3600","-0.3000","131.0000","49.8100","0.3600","0.2600","90.0000","65.6400","-0.4000","157.0000","39.7700","-0.2500","-0.4500","-0.2600","-0.5000","-0.3800","-0.6000","0.5379","-0.3400","-0.3600","-0.4600","-0.2800","-0.4600","-0.5700","-0.4300","62.5500","51.7400","52.5100","53.2800","47.1000","22.7800","100.0000","50.5800","53.2800","30.5000","53.2800","53.2800","34.3600","42.8600","259","4/1/2025 16:37","0","0","0.0000","0.0000","0.0000","105.0000","105.0000","105.0000","105.0000","105.0000","-0.5600","-0.6779","-0.4900","-0.5700","-0.5700","59.8500","59.8500","59.8500","59.8500","59.8500","0","3","60.6200","103.0000","-0.2900","0.2100","62.1600","99.0000","-0.0800","3","68.3400","83.0000","-0.0800","1","99.2300","3.0000","3.1100","0.0700","99.2300","3.0000","5.3000","1","99.6100","2.0000","4.9800","0.2100","76.8300","61.0000","0.5300","0.0700","99.2300","3.0000","6.8900","0.0000","93.8200","17.0000","-0.2200","0","93.8200","17.0000","-0.1800","0.0000","93.8200","17.0000","-0.2000","0","93.8200","17.0000","-0.2100","15","0","0"
"AAD2023.06.02752","267","2020","58","University of Connecticut","Economics, Department of","Economics, General","27","52.0000","100","72.0000","24","54.0000","4.1700","132.0000","1794","57.0000","24","48.0000","1.0000","1.0000","0","122.0000","0","122.0000","0.0000","122.0000","16","68.0000","9","63.0000","23","17.0000","9","16.0000","28","14","9","20","14","0.3300","1.6500","15.0000","94.5900","0.8500","1.3500","24.0000","91.1200","0.8900","0.4400","97.0000","62.9300","3.7000","-0.1100","119.0000","54.4400","0.8900","0.5100","91.0000","65.2500","66.4400","0.0600","81.0000","69.1100","17.9400","0.4000","65.0000","75.2900","0.0000","-0.6600","122.0000","53.2800","0.0000","-0.6100","122.0000","53.2800","0.0000","-0.3800","122.0000","53.2800","0.0000","-0.5000","122.0000","53.2800","0.5900","-0.0500","90.0000","65.6400","0.3300","0.1600","95.0000","63.7100","-0.1000","93.0000","64.4800","0.1600","1.7700","0.7300","-0.5000","0.7200","-0.2000","0.5379","-0.0700","1.3100","0.0600","-0.2800","-0.4600","0.2400","0.7000","76.0600","94.2100","81.8500","53.2800","79.5400","49.4200","100.0000","74.1300","93.8200","78.3800","53.2800","53.2800","72.5900","80.3100","259","4/1/2025 16:37","0","0","0.0000","0.0000","0.0000","105.0000","105.0000","105.0000","105.0000","105.0000","-0.5600","-0.6779","-0.4900","-0.5700","-0.5700","59.8500","59.8500","59.8500","59.8500","59.8500","0","6","73.3600","70.0000","0.0300","0.2200","64.4800","93.0000","-0.0500","4","77.2200","60.0000","0.1500","0","97.3000","8.0000","-0.1400","0.0000","97.3000","8.0000","-0.1500","0","97.3000","8.0000","-0.1600","0.1500","58.3000","109.0000","0.0300","0.0000","97.3000","8.0000","-0.1500","0.0000","93.8200","17.0000","-0.2200","0","93.8200","17.0000","-0.1800","0.0000","93.8200","17.0000","-0.2000","0","93.8200","17.0000","-0.2100","15","0","0"
"AAD2023.06.02752","270","2095","58","University of Delaware","Economics, Department of","Economics, General","25","61.0000","93","79.0000","20","71.0000","4.6500","101.0000","1194","83.0000","18","80.0000","0.9000","201.0000","1","76.0000","1","86.0000","1250000.0000","44.0000","14","80.0000","8","74.0000","9","50.0000","5","32.0000","28","14","9","20","14","0.2000","0.6000","45.0000","83.0100","0.3600","0.1800","62.0000","76.4500","0.8000","-0.1400","165.0000","36.6800","3.7200","-0.1000","118.0000","54.8300","0.7200","-0.5400","199.0000","23.5500","47.7600","-0.2100","115.0000","55.9800","12.8400","-0.1100","99.0000","62.1600","0.0400","-0.2900","114.0000","56.3700","0.0400","-0.3800","115.0000","55.9800","50000.0000","0.0800","54.0000","79.5400","1250000.0000","3.3000","7.0000","97.6800","0.5600","-0.0900","93.0000","64.4800","0.3200","0.1000","106.0000","59.4600","-0.3000","138.0000","47.1000","0.0600","0.6600","0.1900","-0.2700","0.3600","-0.0100","-0.3789","-0.1200","0.1900","-0.1500","-0.0200","-0.3200","0.1500","0.5200","71.8100","88.0300","69.5000","71.0400","72.9700","61.3900","22.7800","69.5000","81.0800","68.3400","83.4000","67.1800","69.8800","76.8300","259","4/1/2025 16:37","0","0","0.0000","0.0000","0.0000","105.0000","105.0000","105.0000","105.0000","105.0000","-0.5600","-0.6779","-0.4900","-0.5700","-0.5700","59.8500","59.8500","59.8500","59.8500","59.8500","0","4","66.8000","87.0000","-0.1900","0.1600","49.4200","132.0000","-0.2600","3","68.3400","83.0000","-0.0800","0","97.3000","8.0000","-0.1400","0.0000","97.3000","8.0000","-0.1500","0","97.3000","8.0000","-0.1600","0.1200","49.4200","132.0000","-0.1800","0.0000","97.3000","8.0000","-0.1500","0.0000","93.8200","17.0000","-0.2200","0","93.8200","17.0000","-0.1800","0.0000","93.8200","17.0000","-0.2000","0","93.8200","17.0000","-0.2100","15","0","0"
"AAD2023.06.02752","273","2139","58","University of Florida","Economics, Department of","Economics, General","16","127.0000","67","119.0000","14","113.0000","4.7900","92.0000","227","195.0000","14","109.0000","1.0000","1.0000","0","122.0000","0","122.0000","0.0000","122.0000","1","201.0000","1","196.0000","9","50.0000","4","48.0000","28","14","9","20","14","0.2500","1.0000","31.0000","88.4200","0.5600","0.6600","41.0000","84.5600","0.8800","0.3500","108.0000","58.6900","4.1900","0.0900","93.0000","64.4800","0.8800","0.4300","103.0000","60.6200","14.1900","-0.6800","221.0000","15.0600","3.3900","-1.0600","249.0000","4.2500","0.0000","-0.6600","122.0000","53.2800","0.0000","-0.6100","122.0000","53.2800","0.0000","-0.3800","122.0000","53.2800","0.0000","-0.5000","122.0000","53.2800","0.0600","-0.6200","221.0000","15.0600","0.0600","-1.0100","220.0000","15.4400","-0.5000","178.0000","31.6600","-0.6600","0.3800","-0.1700","-0.5000","-0.1900","0.0500","0.5379","-0.4300","0.1900","-0.4800","-0.2800","-0.4600","-0.1900","-0.2600","24.7100","81.8500","58.3000","53.2800","56.7600","64.8600","100.0000","22.7800","81.0800","25.1000","53.2800","53.2800","54.4400","51.3500","259","4/1/2025 16:37","1","1","1.0000","0.0600","0.0600","49.0000","47.0000","65.0000","75.0000","64.0000","0.1200","0.4506","-0.1100","0.1000","0.3900","81.4700","82.2400","75.2900","71.4300","75.6800","0","2","50.5800","129.0000","-0.4000","0.1300","44.7900","144.0000","-0.3800","2","57.9200","110.0000","-0.3100","0","97.3000","8.0000","-0.1400","0.0000","97.3000","8.0000","-0.1500","0","97.3000","8.0000","-0.1600","0.1300","51.7400","126.0000","-0.1400","0.0000","97.3000","8.0000","-0.1500","0.0000","93.8200","17.0000","-0.2200","0","93.8200","17.0000","-0.1800","0.0000","93.8200","17.0000","-0.2000","0","93.8200","17.0000","-0.2100","15","0","0"
"AAD2023.06.02752","276","2205","58","University of Hawai'i - Manoa","Economics, Department of","Economics, General","16","127.0000","108","62.0000","15","106.0000","7.2000","27.0000","991","104.0000","16","94.0000","1.0000","1.0000","0","122.0000","0","122.0000","0.0000","122.0000","7","107.0000","6","89.0000","5","80.0000","2","86.0000","28","14","9","20","14","0.1300","0.0200","103.0000","60.6200","0.3100","0.0600","73.0000","72.2000","0.9400","0.7600","49.0000","81.4700","6.7500","1.1700","22.0000","91.8900","1.0000","1.2000","1.0000","100.0000","61.9400","-0.0100","89.0000","66.0200","9.1800","-0.4800","168.0000","35.5200","0.0000","-0.6600","122.0000","53.2800","0.0000","-0.6100","122.0000","53.2800","0.0000","-0.3800","122.0000","53.2800","0.0000","-0.5000","122.0000","53.2800","0.4400","-0.2200","114.0000","56.3700","0.3800","0.3400","83.0000","68.3400","0.4000","26.0000","90.3500","-0.1500","-0.1700","0.0100","-0.5000","-0.1000","1.0000","0.5379","-0.2900","-0.1200","-0.2200","-0.2800","-0.4600","0.3500","-0.2600","66.0200","67.1800","64.0900","53.2800","59.4600","89.9600","100.0000","59.0700","69.5000","60.2300","53.2800","53.2800","76.4500","51.3500","259","4/1/2025 16:37","1","1","1.0000","0.0600","0.0600","49.0000","47.0000","65.0000","75.0000","64.0000","0.1200","0.4506","-0.1100","0.1000","0.3900","81.4700","82.2400","75.2900","71.4300","75.6800","0","3","60.6200","103.0000","-0.2900","0.1900","56.3700","114.0000","-0.1700","1","43.6300","147.0000","-0.5400","0","97.3000","8.0000","-0.1400","0.0000","97.3000","8.0000","-0.1500","0","97.3000","8.0000","-0.1600","0.0600","30.5000","181.0000","-0.6200","0.0000","97.3000","8.0000","-0.1500","0.0000","93.8200","17.0000","-0.2200","0","93.8200","17.0000","-0.1800","0.0000","93.8200","17.0000","-0.2000","0","93.8200","17.0000","-0.2100","15","0","0"
"AAD2023.06.02752","279","2283","58","University of Illinois Chicago","Economics, Department of","Economics, General","15","131.0000","39","169.0000","13","128.0000","3.0000","210.0000","1014","98.0000","14","109.0000","1.0000","1.0000","1","76.0000","1","86.0000","119876.0000","107.0000","8","98.0000","5","98.0000","1","150.0000","1","126.0000","28","14","9","20","14","0.0700","-0.4400","161.0000","38.2200","0.0700","-0.5200","172.0000","33.9800","0.8700","0.3000","118.0000","54.8300","2.6000","-0.5800","193.0000","25.8700","0.9300","0.7900","54.0000","79.5400","67.6000","0.0700","76.0000","71.0400","26.0000","1.2000","28.0000","89.5800","0.0700","-0.0500","90.0000","65.6400","0.0700","-0.2300","95.0000","63.7100","7991.7300","-0.3100","102.0000","61.0000","119876.0000","-0.1400","96.0000","63.3200","0.5300","-0.1100","99.0000","62.1600","0.3300","0.1600","95.0000","63.7100","-0.2000","114.0000","56.3700","-0.2500","-0.4500","-0.1700","-0.2700","-0.2800","-0.6700","0.5379","-0.2700","-0.4400","-0.2100","-0.2500","-0.3200","-0.5500","-0.3400","62.5500","51.7400","58.3000","71.0400","50.9700","19.3100","100.0000","62.5500","42.4700","62.5500","59.0700","67.1800","35.1400","49.8100","259","4/1/2025 16:37","0","0","0.0000","0.0000","0.0000","105.0000","105.0000","105.0000","105.0000","105.0000","-0.5600","-0.6779","-0.4900","-0.5700","-0.5700","59.8500","59.8500","59.8500","59.8500","59.8500","0","0","23.1700","200.0000","-0.6200","0.0000","23.1700","200.0000","-0.8100","0","23.1700","200.0000","-0.7700","0","97.3000","8.0000","-0.1400","0.0000","97.3000","8.0000","-0.1500","0","97.3000","8.0000","-0.1600","0.0000","23.1700","200.0000","-1.0900","0.0000","97.3000","8.0000","-0.1500","0.0000","93.8200","17.0000","-0.2200","0","93.8200","17.0000","-0.1800","0.0000","93.8200","17.0000","-0.2000","0","93.8200","17.0000","-0.2100","15","0","0"
"AAD2023.06.02752","281","2335","58","University of Iowa, The","Economics, Department of","Economics, General","10","198.0000","54","141.0000","7","206.0000","7.7100","18.0000","688","128.0000","7","203.0000","1.0000","1.0000","2","58.0000","4","51.0000","930624.0000","58.0000","6","115.0000","3","133.0000","2","122.0000","2","86.0000","28","14","9","20","14","0.2000","0.6000","45.0000","83.0100","0.2000","-0.2000","104.0000","60.2300","0.7000","-0.7900","219.0000","15.8300","5.4000","0.6000","48.0000","81.8500","0.7000","-0.6600","202.0000","22.3900","68.8000","0.0900","72.0000","72.5900","12.7400","-0.1200","102.0000","61.0000","0.2000","1.1700","31.0000","88.4200","0.4000","1.6900","20.0000","92.6600","93062.4000","0.4800","34.0000","87.2600","232656.0000","0.2100","60.0000","77.2200","0.6000","-0.0400","89.0000","66.0200","0.3000","0.0200","112.0000","57.1400","-0.1000","93.0000","64.4800","-0.4600","-0.1700","-0.8000","-0.0300","-0.8300","1.2100","0.5379","-0.3100","-0.3600","-0.3200","-0.0800","0.1100","-0.3600","-0.7800","49.0300","67.1800","22.0100","77.9900","20.8500","93.4400","100.0000","55.9800","53.2800","50.9700","77.9900","80.7000","45.9500","23.9400","259","4/1/2025 16:37","0","0","0.0000","0.0000","0.0000","105.0000","105.0000","105.0000","105.0000","105.0000","-0.5600","-0.6779","-0.4900","-0.5700","-0.5700","59.8500","59.8500","59.8500","59.8500","59.8500","0","1","39.0000","159.0000","-0.5100","0.1000","37.8400","162.0000","-0.4700","1","43.6300","147.0000","-0.5400","0","97.3000","8.0000","-0.1400","0.0000","97.3000","8.0000","-0.1500","0","97.3000","8.0000","-0.1600","0.1000","44.0200","146.0000","-0.3300","0.0000","97.3000","8.0000","-0.1500","0.0000","93.8200","17.0000","-0.2200","0","93.8200","17.0000","-0.1800","0.0000","93.8200","17.0000","-0.2000","0","93.8200","17.0000","-0.2100","15","0","0"
"AAD2023.06.02752","28","2504","58","Brown University","Economics, Department of","Economics, General","43","12.0000","134","44.0000","36","19.0000","3.7200","165.0000","6178","14.0000","37","17.0000","1.0000","1.0000","6","22.0000","11","22.0000","1741103.0000","42.0000","72","15.0000","26","22.0000","9","50.0000","5","32.0000","28","14","9","20","14","0.1200","-0.0500","110.0000","57.9200","0.2100","-0.1800","103.0000","60.6200","0.8400","0.1100","145.0000","44.4000","3.1200","-0.3600","161.0000","38.2200","0.8600","0.3400","114.0000","56.3700","143.6700","1.1500","22.0000","91.8900","46.1000","3.2200","6.0000","98.0700","0.1400","0.6200","52.0000","80.3100","0.2600","0.8600","38.0000","85.7100","40490.7700","-0.0100","62.0000","76.4500","158282.0900","-0.0200","79.0000","69.8800","1.6700","1.1100","22.0000","91.8900","0.6000","1.3300","31.0000","88.4200","0.2000","48.0000","81.8500","1.9100","0.6600","1.9100","0.9200","1.8300","-0.3800","0.5379","1.2800","0.1900","1.5700","0.0800","1.1200","0.6900","2.0800","91.8900","88.0300","93.8200","91.8900","93.0500","36.6800","100.0000","94.5900","81.0800","94.9800","84.1700","91.8900","83.4000","95.7500","259","4/1/2025 16:37","3","2","1.5000","0.0700","0.0500","26.0000","36.0000","30.0000","68.0000","84.0000","0.7900","1.0148","0.6600","0.1800","0.1500","90.3500","86.4900","88.8000","74.1300","67.9500","0","10","86.1000","37.0000","0.4700","0.2300","66.8000","87.0000","-0.0100","5","83.0100","45.0000","0.3800","0","97.3000","8.0000","-0.1400","0.0000","97.3000","8.0000","-0.1500","0","97.3000","8.0000","-0.1600","0.1200","49.0300","133.0000","-0.2100","0.0000","97.3000","8.0000","-0.1500","0.0000","93.8200","17.0000","-0.2200","0","93.8200","17.0000","-0.1800","0.0000","93.8200","17.0000","-0.2000","0","93.8200","17.0000","-0.2100","15","0","0"
"AAD2023.06.02752","293","2532","58","University of Massachusetts Amherst","Economics, Department of","Economics, General","30","41.0000","174","23.0000","28","31.0000","6.2100","47.0000","3507","31.0000","29","30.0000","1.0000","1.0000","1","76.0000","1","86.0000","137142.0000","102.0000","23","47.0000","13","42.0000","36","9.0000","15","5.0000","28","14","9","20","14","0.5000","2.9500","5.0000","98.4600","1.2000","2.1800","8.0000","97.3000","0.9300","0.7400","50.0000","81.0800","5.8000","0.7700","41.0000","84.5600","0.9700","1.0000","32.0000","88.0300","116.9000","0.7700","32.0000","88.0300","20.1600","0.6200","46.0000","82.6300","0.0300","-0.3500","118.0000","54.8300","0.0300","-0.4200","119.0000","54.4400","4571.4000","-0.3400","112.0000","57.1400","137142.0000","-0.0800","88.0000","66.4100","0.7700","0.1400","66.0000","74.9000","0.4300","0.5900","62.0000","76.4500","0.5000","21.0000","92.2800","0.5700","3.4300","1.1900","-0.2700","1.0900","0.6100","0.5379","0.1000","2.3400","0.6500","-0.2500","-0.3200","1.2100","0.9600","84.1700","98.4600","88.8000","71.0400","88.4200","82.2400","100.0000","82.2400","96.9100","88.4200","61.0000","67.1800","91.5100","84.5600","259","4/1/2025 16:37","2","2","1.0000","0.0700","0.0700","26.0000","47.0000","42.0000","71.0000","56.0000","0.7900","0.4506","0.2700","0.1400","0.4600","90.3500","82.2400","84.1700","72.9700","78.7600","0","44","98.8400","4.0000","4.1600","1.4700","99.6100","2.0000","4.1800","19","98.8400","4.0000","3.6100","0","97.3000","8.0000","-0.1400","0.0000","97.3000","8.0000","-0.1500","0","97.3000","8.0000","-0.1600","0.6300","99.6100","2.0000","3.7200","0.0000","97.3000","8.0000","-0.1500","0.0000","93.8200","17.0000","-0.2200","0","93.8200","17.0000","-0.1800","0.0000","93.8200","17.0000","-0.2000","0","93.8200","17.0000","-0.2100","15","0","0"
"AAD2023.06.02752","302","2617","58","University of Mississippi, The","Economics, Department of","Economics, General","10","198.0000","22","213.0000","5","228.0000","4.4000","119.0000","160","218.0000","8","185.0000","1.0000","1.0000","0","122.0000","0","122.0000","0.0000","122.0000","0","226.0000","0","226.0000","0","193.0000","0","193.0000","28","14","9","20","14","0.0000","-0.9600","193.0000","25.8700","0.0000","-0.6800","193.0000","25.8700","0.5000","-2.1000","244.0000","6.1800","2.2000","-0.7400","214.0000","17.7600","0.8000","-0.0400","149.0000","42.8600","16.0000","-0.6600","213.0000","18.1500","7.2700","-0.6700","202.0000","22.3900","0.0000","-0.6600","122.0000","53.2800","0.0000","-0.6100","122.0000","53.2800","0.0000","-0.3800","122.0000","53.2800","0.0000","-0.5000","122.0000","53.2800","0.0000","-0.6900","226.0000","13.1300","0.0000","-1.2800","226.0000","13.1300","-0.8000","230.0000","11.5800","-0.7700","-0.7300","-0.7100","-0.5000","-1.0200","-0.1100","0.5379","-0.4600","-0.5200","-0.5000","-0.2800","-0.4600","-0.7700","-0.7800","13.1300","25.8700","28.9600","53.2800","12.3600","54.4400","100.0000","13.1300","25.8700","16.2200","53.2800","53.2800","18.1500","23.9400","259","4/1/2025 16:37","0","0","0.0000","0.0000","0.0000","105.0000","105.0000","105.0000","105.0000","105.0000","-0.5600","-0.6779","-0.4900","-0.5700","-0.5700","59.8500","59.8500","59.8500","59.8500","59.8500","0","5","71.0400","76.0000","-0.0800","0.5000","87.6400","33.0000","0.8900","3","68.3400","83.0000","-0.0800","0","97.3000","8.0000","-0.1400","0.0000","97.3000","8.0000","-0.1500","0","97.3000","8.0000","-0.1600","0.3000","88.0300","32.0000","1.1900","0.0000","97.3000","8.0000","-0.1500","0.0000","93.8200","17.0000","-0.2200","0","93.8200","17.0000","-0.1800","0.0000","93.8200","17.0000","-0.2000","0","93.8200","17.0000","-0.2100","15","0","0"
"AAD2023.06.02752","314","2798","58","University of New Mexico, The","Economics, Department of","Economics, General","17","119.0000","128","46.0000","16","97.0000","8.0000","15.0000","2042","51.0000","16","94.0000","1.0000","1.0000","1","76.0000","1","86.0000","140050.0000","101.0000","3","154.0000","2","155.0000","0","193.0000","0","193.0000","28","14","9","20","14","0.0000","-0.9600","193.0000","25.8700","0.0000","-0.6800","193.0000","25.8700","0.9400","0.7900","46.0000","82.6300","7.5300","1.5000","14.0000","94.9800","0.9400","0.8400","47.0000","82.2400","120.1200","0.8200","30.0000","88.8000","15.9500","0.2000","73.0000","72.2000","0.0600","-0.1200","97.0000","62.9300","0.0600","-0.2700","100.0000","61.7800","8238.2400","-0.3100","101.0000","61.3900","140050.0000","-0.0700","86.0000","67.1800","0.1800","-0.5000","185.0000","28.9600","0.1200","-0.7700","195.0000","25.1000","0.4000","26.0000","90.3500","-0.5600","-0.7300","0.0100","-0.2700","-0.0100","1.3200","0.5379","-0.3900","-0.5200","0.1400","-0.2500","-0.3200","0.6100","-0.1700","40.5400","25.8700","64.0900","71.0400","62.9300","94.5900","100.0000","40.9300","25.8700","80.7000","61.3900","67.1800","82.6300","54.4400","259","4/1/2025 16:37","2","2","1.0000","0.1200","0.1200","26.0000","47.0000","42.0000","44.0000","22.0000","0.7900","0.4506","0.2700","0.6900","1.2400","90.3500","82.2400","84.1700","83.4000","91.8900","0","2","50.5800","129.0000","-0.4000","0.1200","42.8600","149.0000","-0.4100","4","77.2200","60.0000","0.1500","0","97.3000","8.0000","-0.1400","0.0000","97.3000","8.0000","-0.1500","0","97.3000","8.0000","-0.1600","0.2400","81.0800","50.0000","0.6900","0.0000","97.3000","8.0000","-0.1500","0.0000","93.8200","17.0000","-0.2200","0","93.8200","17.0000","-0.1800","0.0000","93.8200","17.0000","-0.2000","0","93.8200","17.0000","-0.2100","15","0","0"
"AAD2023.06.02752","318","2848","58","University of North Carolina at Greensboro, The","Economics, Department of","Economics, General","12","171.0000","84","95.0000","11","153.0000","7.6400","21.0000","957","108.0000","11","148.0000","1.0000","1.0000","2","58.0000","2","72.0000","1073808.0000","48.0000","4","138.0000","4","114.0000","32","11.0000","2","86.0000","28","14","9","20","14","0.1700","0.3400","64.0000","75.6800","2.6700","5.6800","2.0000","99.6100","0.9200","0.6300","71.0000","72.9700","7.0000","1.2800","20.0000","92.6600","0.9200","0.6800","70.0000","73.3600","79.7500","0.2400","55.0000","79.1500","11.3900","-0.2600","126.0000","51.7400","0.1700","0.8700","39.0000","85.3300","0.1700","0.3500","57.0000","78.3800","89484.0000","0.4500","38.0000","85.7100","536904.0000","1.1300","20.0000","92.6600","0.3300","-0.3300","134.0000","48.6500","0.3300","0.1600","95.0000","63.7100","0.2000","48.0000","81.8500","-0.3500","-0.1700","-0.4400","-0.0300","-0.4700","1.1800","0.5379","-0.3600","2.0200","-0.2300","-0.0600","-0.1700","0.0300","-0.6000","56.3700","67.1800","43.2400","77.9900","41.3100","92.2800","100.0000","47.1000","96.1400","58.6900","81.8500","72.5900","63.7100","34.3600","259","4/1/2025 16:37","0","0","0.0000","0.0000","0.0000","105.0000","105.0000","105.0000","105.0000","105.0000","-0.5600","-0.6779","-0.4900","-0.5700","-0.5700","59.8500","59.8500","59.8500","59.8500","59.8500","0","5","71.0400","76.0000","-0.0800","0.4200","83.4000","44.0000","0.6100","2","57.9200","110.0000","-0.3100","0","97.3000","8.0000","-0.1400","0.0000","97.3000","8.0000","-0.1500","0","97.3000","8.0000","-0.1600","0.1700","66.4100","88.0000","0.1700","0.0000","97.3000","8.0000","-0.1500","0.0000","93.8200","17.0000","-0.2200","0","93.8200","17.0000","-0.1800","0.0000","93.8200","17.0000","-0.2000","0","93.8200","17.0000","-0.2100","15","0","0"
"AAD2023.06.02752","323","2922","58","University of Notre Dame","Economics, Department of","Economics, General","43","12.0000","144","36.0000","37","16.0000","3.8900","152.0000","3211","34.0000","38","13.0000","1.0000","1.0000","6","22.0000","7","32.0000","2037055.0000","37.0000","35","32.0000","20","27.0000","2","122.0000","2","86.0000","28","14","9","20","14","0.0500","-0.6000","182.0000","30.1200","0.0500","-0.5700","187.0000","28.1900","0.8600","0.2600","126.0000","51.7400","3.3500","-0.2600","141.0000","45.9500","0.8800","0.4800","101.0000","61.3900","74.6700","0.1700","60.0000","77.2200","22.3000","0.8300","39.0000","85.3300","0.1400","0.6200","52.0000","80.3100","0.1600","0.3300","63.0000","76.0600","47373.3700","0.0600","57.0000","78.3800","291007.8600","0.3800","45.0000","83.0100","0.8100","0.1900","60.0000","77.2200","0.4700","0.7300","52.0000","80.3100","0.1000","62.0000","76.4500","1.2900","-0.1700","2.0000","0.9200","1.9200","-0.3100","0.5379","0.3900","-0.3600","0.5500","0.1400","0.5500","0.8200","2.0800","89.9600","67.1800","95.3700","91.8900","94.2100","41.7000","100.0000","88.0300","53.2800","87.2600","86.1000","88.0300","86.4900","95.7500","259","4/1/2025 16:37","2","1","2.0000","0.0500","0.0200","49.0000","13.0000","42.0000","92.0000","101.0000","0.1200","1.5791","0.2700","-0.0700","-0.2100","81.4700","95.3700","84.1700","64.8600","61.3900","0","8","80.3100","52.0000","0.2500","0.1900","55.9800","115.0000","-0.1700","7","88.0300","32.0000","0.8500","0","97.3000","8.0000","-0.1400","0.0000","97.3000","8.0000","-0.1500","0","97.3000","8.0000","-0.1600","0.1600","62.5500","98.0000","0.1400","0.0000","97.3000","8.0000","-0.1500","0.0700","98.8400","4.0000","5.0400","3","99.2300","3.0000","3.7800","0.0700","98.4600","5.0000","3.6600","3","99.6100","2.0000","5.8100","15","0","0"
"AAD2023.06.02752","324","2944","58","University of Oklahoma","Economics, Department of","Economics, General","15","131.0000","99","73.0000","14","113.0000","7.0700","29.0000","997","102.0000","13","124.0000","0.9300","182.0000","0","122.0000","0","122.0000","0.0000","122.0000","8","98.0000","6","89.0000","1","150.0000","1","126.0000","28","14","9","20","14","0.0700","-0.4400","161.0000","38.2200","0.0700","-0.5200","172.0000","33.9800","0.9300","0.7400","50.0000","81.0800","6.6000","1.1100","29.0000","89.1900","0.8700","0.3700","111.0000","57.5300","66.4700","0.0600","80.0000","69.5000","10.0700","-0.3900","151.0000","42.0800","0.0000","-0.6600","122.0000","53.2800","0.0000","-0.6100","122.0000","53.2800","0.0000","-0.3800","122.0000","53.2800","0.0000","-0.5000","122.0000","53.2800","0.5300","-0.1100","99.0000","62.1600","0.4000","0.4500","70.0000","73.3600","0.3000","36.0000","86.4900","-0.1500","-0.4500","-0.2600","-0.5000","-0.1900","0.9500","-0.1170","-0.2700","-0.4400","-0.2200","-0.2800","-0.4600","0.2300","-0.3400","66.0200","51.7400","52.5100","53.2800","56.7600","89.1900","30.1200","62.5500","42.4700","61.0000","53.2800","53.2800","72.2000","49.8100","259","4/1/2025 16:37","2","1","2.0000","0.1300","0.0700","49.0000","13.0000","42.0000","37.0000","56.0000","0.1200","1.5791","0.2700","0.8600","0.4600","81.4700","95.3700","84.1700","86.1000","78.7600","0","3","60.6200","103.0000","-0.2900","0.2000","61.0000","102.0000","-0.1300","2","57.9200","110.0000","-0.3100","0","97.3000","8.0000","-0.1400","0.0000","97.3000","8.0000","-0.1500","0","97.3000","8.0000","-0.1600","0.1300","53.2800","122.0000","-0.0800","0.0000","97.3000","8.0000","-0.1500","0.0000","93.8200","17.0000","-0.2200","0","93.8200","17.0000","-0.1800","0.0000","93.8200","17.0000","-0.2000","0","93.8200","17.0000","-0.2100","15","0","0"
"AAD2023.06.02752","325","2991","58","University of Oregon","Economics, Department of","Economics, General","22","75.0000","93","79.0000","21","64.0000","4.4300","115.0000","1169","85.0000","21","64.0000","1.0000","1.0000","4","36.0000","4","51.0000","675181.0000","72.0000","11","87.0000","5","98.0000","3","100.0000","1","126.0000","28","14","9","20","14","0.0500","-0.6000","183.0000","29.7300","0.1400","-0.3600","134.0000","48.6500","0.9500","0.8700","35.0000","86.8700","4.2300","0.1100","89.0000","66.0200","0.9500","0.9200","39.0000","85.3300","53.1400","-0.1300","105.0000","59.8500","12.5700","-0.1400","104.0000","60.2300","0.1800","1.0100","35.0000","86.8700","0.1800","0.4300","53.0000","79.9200","30690.0500","-0.1000","71.0000","72.9700","168795.2500","0.0100","77.0000","70.6600","0.5000","-0.1500","103.0000","60.6200","0.2300","-0.3000","143.0000","45.1700","0.0000","75.0000","71.4300","-0.2500","-0.4500","0.4600","0.4400","0.4500","-0.1000","0.5379","-0.1900","-0.2800","-0.1600","-0.1400","0.1100","0.1500","0.2600","62.5500","51.7400","75.6800","86.4900","75.6800","55.9800","100.0000","66.8000","61.7800","67.5700","72.5900","80.7000","69.8800","71.4300","259","4/1/2025 16:37","0","0","0.0000","0.0000","0.0000","105.0000","105.0000","105.0000","105.0000","105.0000","-0.5600","-0.6779","-0.4900","-0.5700","-0.5700","59.8500","59.8500","59.8500","59.8500","59.8500","0","2","50.5800","129.0000","-0.4000","0.0900","37.0700","164.0000","-0.5000","2","57.9200","110.0000","-0.3100","0","97.3000","8.0000","-0.1400","0.0000","97.3000","8.0000","-0.1500","0","97.3000","8.0000","-0.1600","0.0900","41.3100","153.0000","-0.4000","0.0000","97.3000","8.0000","-0.1500","0.0000","93.8200","17.0000","-0.2200","0","93.8200","17.0000","-0.1800","0.0000","93.8200","17.0000","-0.2000","0","93.8200","17.0000","-0.2100","15","0","0"
"AAD2023.06.02752","343","3150","58","University of Utah, The","Economics, Department of","Economics, General","20","90.0000","147","34.0000","20","71.0000","7.3500","25.0000","1231","79.0000","20","71.0000","1.0000","1.0000","0","122.0000","0","122.0000","0.0000","122.0000","1","201.0000","1","196.0000","7","62.0000","3","61.0000","28","14","9","20","14","0.1500","0.2100","81.0000","69.1100","0.3500","0.1500","63.0000","76.0600","1.0000","1.1700","1.0000","100.0000","7.3500","1.4300","15.0000","94.5900","1.0000","1.2000","1.0000","100.0000","61.5500","-0.0100","91.0000","65.2500","8.3700","-0.5600","180.0000","30.8900","0.0000","-0.6600","122.0000","53.2800","0.0000","-0.6100","122.0000","53.2800","0.0000","-0.3800","122.0000","53.2800","0.0000","-0.5000","122.0000","53.2800","0.0500","-0.6300","224.0000","13.9000","0.0500","-1.0600","224.0000","13.9000","0.1000","62.0000","76.4500","-0.6600","0.1000","0.3700","-0.5000","0.3600","1.0600","0.5379","-0.4300","0.0300","-0.1400","-0.2800","-0.4600","0.8600","0.0900","24.7100","76.8300","72.9700","53.2800","72.9700","90.7300","100.0000","22.7800","76.4500","69.8800","53.2800","53.2800","87.2600","65.6400","259","4/1/2025 16:37","1","1","1.0000","0.0500","0.0500","49.0000","47.0000","65.0000","82.0000","74.0000","0.1200","0.4506","-0.1100","-0.0300","0.2000","81.4700","82.2400","75.2900","68.7300","71.8100","0","13","89.1900","29.0000","0.7900","0.6500","92.2800","21.0000","1.4000","9","92.6600","20.0000","1.3100","0","97.3000","8.0000","-0.1400","0.0000","97.3000","8.0000","-0.1500","0","97.3000","8.0000","-0.1600","0.4500","97.6800","7.0000","2.3200","0.0000","97.3000","8.0000","-0.1500","0.0000","93.8200","17.0000","-0.2200","0","93.8200","17.0000","-0.1800","0.0000","93.8200","17.0000","-0.2000","0","93.8200","17.0000","-0.2100","15","0","0"
"AAD2023.06.02752","346","3259","58","University of Washington","Economics, Department of","Economics, General","20","90.0000","66","122.0000","15","106.0000","4.4000","119.0000","499","150.0000","14","109.0000","0.9300","178.0000","1","76.0000","1","86.0000","157371.0000","98.0000","8","98.0000","8","74.0000","1","150.0000","1","126.0000","28","14","9","20","14","0.0500","-0.5700","178.0000","31.6600","0.0500","-0.5600","183.0000","29.7300","0.7500","-0.4600","198.0000","23.9400","3.3000","-0.2800","146.0000","44.0200","0.7000","-0.6600","202.0000","22.3900","24.9500","-0.5300","178.0000","31.6600","7.5600","-0.6400","197.0000","24.3200","0.0500","-0.2000","106.0000","59.4600","0.0500","-0.3200","107.0000","59.0700","7868.5500","-0.3100","104.0000","60.2300","157371.0000","-0.0200","81.0000","69.1100","0.4000","-0.2600","118.0000","54.8300","0.4000","0.4500","70.0000","73.3600","-0.4000","157.0000","39.7700","0.0600","-0.4500","-0.1700","-0.2700","-0.1000","-0.1100","-0.0733","-0.2700","-0.4400","-0.3900","-0.2400","-0.3200","-0.2000","0.0900","71.8100","51.7400","58.3000","71.0400","59.4600","54.4400","31.6600","62.5500","42.4700","42.4700","62.5500","67.1800","53.2800","65.6400","259","4/1/2025 16:37","1","1","1.0000","0.0500","0.0500","49.0000","47.0000","65.0000","82.0000","74.0000","0.1200","0.4506","-0.1100","-0.0300","0.2000","81.4700","82.2400","75.2900","68.7300","71.8100","0","1","39.0000","159.0000","-0.5100","0.0500","26.6400","191.0000","-0.6400","1","43.6300","147.0000","-0.5400","0","97.3000","8.0000","-0.1400","0.0000","97.3000","8.0000","-0.1500","0","97.3000","8.0000","-0.1600","0.0500","26.6400","191.0000","-0.7100","0.0000","97.3000","8.0000","-0.1500","0.0000","93.8200","17.0000","-0.2200","0","93.8200","17.0000","-0.1800","0.0000","93.8200","17.0000","-0.2000","0","93.8200","17.0000","-0.2100","15","0","0"
"AAD2023.06.02752","348","3322","58","University of Wisconsin - Milwaukee","Economics, Department of","Economics, General","17","119.0000","140","40.0000","12","138.0000","11.6700","4.0000","1662","62.0000","12","131.0000","1.0000","1.0000","0","122.0000","0","122.0000","0.0000","122.0000","7","107.0000","5","98.0000","5","80.0000","3","61.0000","28","14","9","20","14","0.1800","0.4200","61.0000","76.8300","0.2900","0.0200","80.0000","69.5000","0.7100","-0.7500","218.0000","16.2200","8.2400","1.8000","9.0000","96.9100","0.7100","-0.6300","201.0000","22.7800","97.7600","0.5000","45.0000","83.0100","11.8700","-0.2100","119.0000","54.4400","0.0000","-0.6600","122.0000","53.2800","0.0000","-0.6100","122.0000","53.2800","0.0000","-0.3800","122.0000","53.2800","0.0000","-0.5000","122.0000","53.2800","0.4100","-0.2500","117.0000","55.2100","0.2900","-0.0100","116.0000","55.6000","-0.2000","114.0000","56.3700","-0.2500","0.1000","-0.3500","-0.5000","-0.3800","2.7800","0.5379","-0.2900","-0.1200","0.0100","-0.2800","-0.4600","0.7600","-0.1700","62.5500","76.8300","49.8100","53.2800","47.1000","98.8400","100.0000","59.0700","69.5000","76.4500","53.2800","53.2800","84.9400","54.4400","259","4/1/2025 16:37","0","0","0.0000","0.0000","0.0000","105.0000","105.0000","105.0000","105.0000","105.0000","-0.5600","-0.6779","-0.4900","-0.5700","-0.5700","59.8500","59.8500","59.8500","59.8500","59.8500","0","7","77.9900","58.0000","0.1400","0.4100","83.0100","45.0000","0.5900","4","77.2200","60.0000","0.1500","0","97.3000","8.0000","-0.1400","0.0000","97.3000","8.0000","-0.1500","0","97.3000","8.0000","-0.1600","0.2400","81.0800","50.0000","0.6900","0.0000","97.3000","8.0000","-0.1500","0.0000","93.8200","17.0000","-0.2200","0","93.8200","17.0000","-0.1800","0.0000","93.8200","17.0000","-0.2000","0","93.8200","17.0000","-0.2100","15","0","0"
"AAD2023.06.02752","349","3350","58","University of Wyoming","Economics, Department of","Economics, General","13","157.0000","92","82.0000","12","138.0000","7.6700","20.0000","1502","69.0000","13","124.0000","1.0000","1.0000","2","58.0000","2","72.0000","757518.0000","67.0000","6","115.0000","2","155.0000","4","88.0000","3","61.0000","28","14","9","20","14","0.2300","0.8500","37.0000","86.1000","0.3100","0.0500","75.0000","71.4300","0.9200","0.6700","64.0000","75.6800","7.0800","1.3100","18.0000","93.4400","1.0000","1.2000","1.0000","100.0000","115.5400","0.7500","33.0000","87.6400","16.3300","0.2400","72.0000","72.5900","0.1500","0.7500","45.0000","83.0100","0.1500","0.2700","67.0000","74.5200","58270.6200","0.1600","49.0000","81.4700","378759.0000","0.6500","32.0000","88.0300","0.4600","-0.1900","109.0000","58.3000","0.1500","-0.6100","174.0000","33.2000","0.3000","36.0000","86.4900","-0.5600","0.1000","-0.2600","-0.0300","-0.3800","1.1900","0.5379","-0.3100","-0.2000","-0.0400","-0.1200","-0.1700","0.1400","-0.5200","40.5400","76.8300","52.5100","77.9900","47.1000","92.6600","100.0000","55.9800","66.4100","73.7500","74.5200","72.5900","68.7300","39.7700","259","4/1/2025 16:37","0","0","0.0000","0.0000","0.0000","105.0000","105.0000","105.0000","105.0000","105.0000","-0.5600","-0.6779","-0.4900","-0.5700","-0.5700","59.8500","59.8500","59.8500","59.8500","59.8500","0","7","77.9900","58.0000","0.1400","0.5400","88.4200","31.0000","1.0300","3","68.3400","83.0000","-0.0800","0","97.3000","8.0000","-0.1400","0.0000","97.3000","8.0000","-0.1500","0","97.3000","8.0000","-0.1600","0.2300","79.5400","54.0000","0.6600","0.0000","97.3000","8.0000","-0.1500","0.0000","93.8200","17.0000","-0.2200","0","93.8200","17.0000","-0.1800","0.0000","93.8200","17.0000","-0.2000","0","93.8200","17.0000","-0.2100","15","0","0"
"AAD2023.06.02752","359","3553","58","Wayne State University","Economics, Department of","Economics, General","9","212.0000","31","194.0000","7","206.0000","4.4300","115.0000","345","174.0000","7","203.0000","1.0000","1.0000","1","76.0000","1","86.0000","586168.0000","76.0000","2","172.0000","2","155.0000","2","122.0000","2","86.0000","28","14","9","20","14","0.2200","0.7800","38.0000","85.7100","0.2200","-0.1500","95.0000","63.7100","0.7800","-0.2800","184.0000","29.3400","3.4400","-0.2200","135.0000","48.2600","0.7800","-0.1800","172.0000","33.9800","38.3300","-0.3400","143.0000","45.1700","11.1300","-0.2800","133.0000","49.0300","0.1100","0.3600","64.0000","75.6800","0.1100","0.0300","81.0000","69.1100","65129.7800","0.2200","46.0000","82.6300","586168.0000","1.2800","17.0000","93.8200","0.2200","-0.4500","168.0000","35.5200","0.2200","-0.3200","144.0000","44.7900","-0.4000","157.0000","39.7700","-0.5600","-0.1700","-0.8000","-0.2700","-0.8300","-0.1000","0.5379","-0.4100","-0.3600","-0.4400","-0.1600","-0.3200","-0.6600","-0.8600","40.5400","67.1800","22.0100","71.0400","20.8500","55.9800","100.0000","33.9800","53.2800","33.2000","71.0400","67.1800","25.4800","18.5300","259","4/1/2025 16:37","0","0","0.0000","0.0000","0.0000","105.0000","105.0000","105.0000","105.0000","105.0000","-0.5600","-0.6779","-0.4900","-0.5700","-0.5700","59.8500","59.8500","59.8500","59.8500","59.8500","0","2","50.5800","129.0000","-0.4000","0.2200","64.4800","93.0000","-0.0500","2","57.9200","110.0000","-0.3100","0","97.3000","8.0000","-0.1400","0.0000","97.3000","8.0000","-0.1500","0","97.3000","8.0000","-0.1600","0.2200","77.9900","58.0000","0.5900","0.0000","97.3000","8.0000","-0.1500","0.0000","93.8200","17.0000","-0.2200","0","93.8200","17.0000","-0.1800","0.0000","93.8200","17.0000","-0.2000","0","93.8200","17.0000","-0.2100","15","0","0"
"AAD2023.06.02752","363","3658","58","Western Michigan University","Economics, Department of","Economics, General","13","157.0000","66","122.0000","10","166.0000","6.6000","39.0000","805","122.0000","11","148.0000","1.0000","1.0000","1","76.0000","1","86.0000","120933.0000","106.0000","10","90.0000","5","98.0000","9","50.0000","5","32.0000","28","14","9","20","14","0.3800","2.0500","13.0000","95.3700","0.6900","0.9700","30.0000","88.8000","0.7700","-0.3400","192.0000","26.2500","5.0800","0.4700","59.0000","77.6100","0.8500","0.2500","124.0000","52.5100","61.9200","-0.0100","90.0000","65.6400","12.2000","-0.1800","111.0000","57.5300","0.0800","0.0500","81.0000","69.1100","0.0800","-0.1700","90.0000","65.6400","9302.5400","-0.3000","96.0000","63.3200","120933.0000","-0.1300","95.0000","63.7100","0.7700","0.1400","65.0000","75.2900","0.3800","0.3800","81.0000","69.1100","-0.1000","93.0000","64.4800","-0.2500","0.6600","-0.4400","-0.2700","-0.5600","0.7600","0.5379","-0.2200","0.1900","-0.2800","-0.2500","-0.3200","-0.2000","-0.5200","62.5500","88.0300","43.2400","71.0400","36.2900","85.3300","100.0000","65.6400","81.0800","53.2800","59.4600","67.1800","53.2800","39.7700","259","4/1/2025 16:37","0","0","0.0000","0.0000","0.0000","105.0000","105.0000","105.0000","105.0000","105.0000","-0.5600","-0.6779","-0.4900","-0.5700","-0.5700","59.8500","59.8500","59.8500","59.8500","59.8500","0","9","83.0100","45.0000","0.3600","0.6900","93.8200","17.0000","1.5500","5","83.0100","45.0000","0.3800","0","97.3000","8.0000","-0.1400","0.0000","97.3000","8.0000","-0.1500","0","97.3000","8.0000","-0.1600","0.3800","94.2100","16.0000","1.8300","0.0000","97.3000","8.0000","-0.1500","0.0000","93.8200","17.0000","-0.2200","0","93.8200","17.0000","-0.1800","0.0000","93.8200","17.0000","-0.2000","0","93.8200","17.0000","-0.2100","15","0","0"
"AAD2023.06.02752","368","3715","58","Yale University","Economics, Department of","Economics, General","51","4.0000","247","11.0000","46","6.0000","5.3700","69.0000","8734","10.0000","47","4.0000","1.0000","1.0000","16","8.0000","29","5.0000","7853599.0000","10.0000","163","7.0000","44","4.0000","19","20.0000","11","12.0000","28","14","9","20","14","0.2200","0.7300","41.0000","84.5600","0.3700","0.2100","61.0000","76.8300","0.9000","0.5300","84.0000","67.9500","4.8400","0.3700","67.0000","74.5200","0.9200","0.7200","67.0000","74.5200","171.2500","1.5400","16.0000","94.2100","35.3600","2.1400","14.0000","94.9800","0.3100","2.2200","13.0000","95.3700","0.5700","2.6500","10.0000","96.5300","153992.1400","1.0500","21.0000","92.2800","270813.7600","0.3200","53.0000","79.9200","3.2000","2.7500","7.0000","97.6800","0.8600","2.4400","6.0000","98.0700","0.8000","9.0000","96.9100","3.7600","2.3200","2.8200","3.2800","2.7400","0.2800","0.5379","3.4800","0.9900","2.4500","1.3500","3.7200","2.1600","2.7800","98.8400","95.7500","98.8400","97.3000","98.0700","73.7500","100.0000","97.6800","92.6600","96.5300","96.5300","98.4600","96.1400","98.8400","259","4/1/2025 16:37","15","4","3.7500","0.2900","0.0800","9.0000","3.0000","2.0000","8.0000","49.0000","2.1500","3.5539","5.2700","2.5900","0.6400","96.9100","99.2300","99.6100","97.3000","81.4700","0","20","94.2100","16.0000","1.5500","0.3900","81.0800","50.0000","0.5300","19","98.8400","4.0000","3.6100","0","97.3000","8.0000","-0.1400","0.0000","97.3000","8.0000","-0.1500","0","97.3000","8.0000","-0.1600","0.3700","92.6600","20.0000","1.7400","0.0000","97.3000","8.0000","-0.1500","0.0000","93.8200","17.0000","-0.2200","0","93.8200","17.0000","-0.1800","0.0000","93.8200","17.0000","-0.2000","0","93.8200","17.0000","-0.2100","15","0","0"
"AAD2023.06.02752","39","3807","58","Claremont Graduate University","Economic Sciences, Department of","Economics, General","12","171.0000","83","99.0000","11","153.0000","7.5500","22.0000","1302","76.0000","12","131.0000","1.0000","1.0000","0","122.0000","0","122.0000","0.0000","122.0000","11","87.0000","6","89.0000","11","39.0000","7","19.0000","28","14","9","20","14","0.5800","3.6000","3.0000","99.2300","0.9200","1.5100","20.0000","92.6600","0.9200","0.6300","71.0000","72.9700","6.9200","1.2400","21.0000","92.2800","1.0000","1.2000","1.0000","100.0000","108.5000","0.6500","36.0000","86.4900","15.6900","0.1700","75.0000","71.4300","0.0000","-0.6600","122.0000","53.2800","0.0000","-0.6100","122.0000","53.2800","0.0000","-0.3800","122.0000","53.2800","0.0000","-0.5000","122.0000","53.2800","0.9200","0.3000","49.0000","81.4700","0.5000","0.8800","42.0000","84.1700","0.6000","16.0000","94.2100","-0.1500","1.2100","-0.3500","-0.5000","-0.4700","1.1400","0.5379","-0.1900","0.3500","-0.1100","-0.2800","-0.4600","0.0200","-0.6000","66.0200","93.0500","49.8100","53.2800","41.3100","91.8900","100.0000","66.8000","85.3300","71.0400","53.2800","53.2800","62.1600","34.3600","259","4/1/2025 16:37","0","0","0.0000","0.0000","0.0000","105.0000","105.0000","105.0000","105.0000","105.0000","-0.5600","-0.6779","-0.4900","-0.5700","-0.5700","59.8500","59.8500","59.8500","59.8500","59.8500","0","15","91.1200","24.0000","1.0100","1.2500","98.4600","5.0000","3.4400","5","83.0100","45.0000","0.3800","0","97.3000","8.0000","-0.1400","0.0000","97.3000","8.0000","-0.1500","0","97.3000","8.0000","-0.1600","0.4200","96.5300","10.0000","2.0700","0.0000","97.3000","8.0000","-0.1500","0.0000","93.8200","17.0000","-0.2200","0","93.8200","17.0000","-0.1800","0.0000","93.8200","17.0000","-0.2000","0","93.8200","17.0000","-0.2100","15","0","0"
"AAD2023.06.02752","42","3836","58","Clark University","Economics, Department of","Economics, General","10","198.0000","47","154.0000","8","194.0000","5.8800","55.0000","551","142.0000","8","185.0000","1.0000","1.0000","1","76.0000","3","61.0000","1094856.0000","47.0000","5","129.0000","4","114.0000","1","150.0000","1","126.0000","28","14","9","20","14","0.1000","-0.1800","124.0000","52.5100","0.1000","-0.4400","149.0000","42.8600","0.8000","-0.1400","165.0000","36.6800","4.7000","0.3100","76.0000","71.0400","0.8000","-0.0400","149.0000","42.8600","55.1000","-0.1000","102.0000","61.0000","11.7200","-0.2300","122.0000","53.2800","0.1000","0.2600","71.0000","72.9700","0.3000","1.1100","32.0000","88.0300","109485.6000","0.6400","27.0000","89.9600","364952.0000","0.6100","35.0000","86.8700","0.5000","-0.1500","103.0000","60.6200","0.4000","0.4500","70.0000","73.3600","-0.1000","93.0000","64.4800","-0.3500","-0.4500","-0.7100","-0.2700","-0.7400","0.4800","0.5379","-0.3400","-0.4400","-0.3700","-0.0500","-0.0300","-0.4500","-0.7800","56.3700","51.7400","28.9600","71.0400","25.4800","79.1500","100.0000","50.5800","42.4700","45.5600","82.2400","76.8300","40.9300","23.9400","259","4/1/2025 16:37","0","0","0.0000","0.0000","0.0000","105.0000","105.0000","105.0000","105.0000","105.0000","-0.5600","-0.6779","-0.4900","-0.5700","-0.5700","59.8500","59.8500","59.8500","59.8500","59.8500","0","2","50.5800","129.0000","-0.4000","0.2000","61.0000","102.0000","-0.1300","1","43.6300","147.0000","-0.5400","0","97.3000","8.0000","-0.1400","0.0000","97.3000","8.0000","-0.1500","0","97.3000","8.0000","-0.1600","0.1000","44.0200","146.0000","-0.3300","0.0000","97.3000","8.0000","-0.1500","0.0000","93.8200","17.0000","-0.2200","0","93.8200","17.0000","-0.1800","0.0000","93.8200","17.0000","-0.2000","0","93.8200","17.0000","-0.2100","15","0","0"
"AAD2023.06.02752","48","3893","58","Colorado State University","Economics, Department of","Economics, General","17","119.0000","123","49.0000","16","97.0000","7.6900","19.0000","2850","38.0000","17","89.0000","1.0000","1.0000","1","76.0000","1","86.0000","210728.0000","93.0000","4","138.0000","2","155.0000","10","44.0000","2","86.0000","28","14","9","20","14","0.1200","-0.0400","108.0000","58.6900","0.5900","0.7200","40.0000","84.9400","0.9400","0.7900","46.0000","82.6300","7.2400","1.3800","17.0000","93.8200","1.0000","1.2000","1.0000","100.0000","167.6500","1.4900","18.0000","93.4400","23.1700","0.9200","37.0000","86.1000","0.0600","-0.1200","97.0000","62.9300","0.0600","-0.2700","100.0000","61.7800","12395.7600","-0.2700","91.0000","65.2500","210728.0000","0.1400","66.0000","74.9000","0.2400","-0.4400","162.0000","37.8400","0.1200","-0.7700","195.0000","25.1000","0.3000","36.0000","86.4900","-0.5600","-0.1700","0.1000","-0.2700","-0.0100","1.2000","0.5379","-0.3600","0.2700","0.4200","-0.2300","-0.3200","0.5400","-0.1700","40.5400","67.1800","66.0200","71.0400","62.9300","93.0500","100.0000","47.1000","83.4000","85.7100","64.4800","67.1800","81.4700","54.4400","259","4/1/2025 16:37","0","0","0.0000","0.0000","0.0000","105.0000","105.0000","105.0000","105.0000","105.0000","-0.5600","-0.6779","-0.4900","-0.5700","-0.5700","59.8500","59.8500","59.8500","59.8500","59.8500","0","10","86.1000","37.0000","0.4700","0.5900","90.3500","26.0000","1.1900","5","83.0100","45.0000","0.3800","0","97.3000","8.0000","-0.1400","0.0000","97.3000","8.0000","-0.1500","0","97.3000","8.0000","-0.1600","0.2900","86.8700","35.0000","1.1400","0.0000","97.3000","8.0000","-0.1500","0.0000","93.8200","17.0000","-0.2200","0","93.8200","17.0000","-0.1800","0.0000","93.8200","17.0000","-0.2000","0","93.8200","17.0000","-0.2100","15","0","0"
"AAD2023.06.02752","51","3938","58","Cornell University","Economics, Department of","Economics, General","25","61.0000","128","46.0000","24","54.0000","5.3300","71.0000","3194","35.0000","24","48.0000","1.0000","1.0000","4","36.0000","5","39.0000","1071182.0000","49.0000","42","28.0000","13","42.0000","28","14.0000","7","19.0000","28","14","9","20","14","0.2800","1.2300","26.0000","90.3500","1.1200","1.9900","11.0000","96.1400","0.9600","0.9100","32.0000","88.0300","5.1200","0.4900","57.0000","78.3800","0.9600","0.9500","36.0000","86.4900","127.7600","0.9200","26.0000","90.3500","24.9500","1.1000","30.0000","88.8000","0.1600","0.8100","43.0000","83.7800","0.2000","0.5400","47.0000","82.2400","42847.2800","0.0200","61.0000","76.8300","214236.4000","0.1500","65.0000","75.2900","1.6800","1.1200","21.0000","92.2800","0.5200","0.9600","41.0000","84.5600","0.6000","16.0000","94.2100","0.5700","1.2100","0.7300","0.4400","0.7200","0.2600","0.5379","0.5600","1.7000","0.5400","-0.0600","0.2600","0.6100","0.5200","84.1700","93.0500","81.8500","86.4900","79.5400","72.9700","100.0000","89.5800","94.9800","86.8700","81.4700","85.3300","82.6300","76.8300","259","4/1/2025 16:37","2","1","2.0000","0.0800","0.0400","49.0000","13.0000","42.0000","63.0000","89.0000","0.1200","1.5791","0.2700","0.2900","0.0500","81.4700","95.3700","84.1700","76.0600","66.0200","0","28","96.1400","11.0000","2.4200","1.1200","98.0700","6.0000","3.0000","8","90.3500","26.0000","1.0800","0","97.3000","8.0000","-0.1400","0.0000","97.3000","8.0000","-0.1500","0","97.3000","8.0000","-0.1600","0.3200","88.4200","31.0000","1.3400","0.0000","97.3000","8.0000","-0.1500","0.0000","93.8200","17.0000","-0.2200","0","93.8200","17.0000","-0.1800","0.0000","93.8200","17.0000","-0.2000","0","93.8200","17.0000","-0.2100","15","0","0"
"AAD2023.06.02752","51","3972","58","Cornell University","Labor Economics, Department of","Economics, General","12","171.0000","36","179.0000","9","176.0000","4.0000","142.0000","1034","96.0000","9","175.0000","1.0000","1.0000","1","76.0000","2","72.0000","1888480.0000","40.0000","19","62.0000","7","83.0000","15","32.0000","6","23.0000","28","14","9","20","14","0.5000","2.9500","5.0000","98.4600","1.2500","2.3000","7.0000","97.6800","0.7500","-0.4600","198.0000","23.9400","3.0000","-0.4100","167.0000","35.9100","0.7500","-0.3500","187.0000","28.1900","86.1700","0.3400","51.0000","80.7000","28.7200","1.4800","23.0000","91.5100","0.0800","0.1000","76.0000","71.0400","0.1700","0.3500","57.0000","78.3800","157373.3300","1.0800","20.0000","92.6600","944240.0000","2.3700","11.0000","96.1400","1.5800","1.0100","24.0000","91.1200","0.5800","1.2400","37.0000","86.1000","0.3000","36.0000","86.4900","-0.0500","0.9400","-0.6200","-0.2700","-0.6500","-0.2700","0.5379","0.0000","0.6700","-0.2000","0.1100","-0.1700","-0.5900","-0.6000","68.3400","91.5100","32.8200","71.0400","32.4300","45.5600","100.0000","76.4500","88.0300","63.3200","84.9400","72.5900","31.2700","34.3600","259","4/1/2025 16:37","0","0","0.0000","0.0000","0.0000","105.0000","105.0000","105.0000","105.0000","105.0000","-0.5600","-0.6779","-0.4900","-0.5700","-0.5700","59.8500","59.8500","59.8500","59.8500","59.8500","0","10","86.1000","37.0000","0.4700","0.8300","96.9100","9.0000","2.0300","4","77.2200","60.0000","0.1500","0","97.3000","8.0000","-0.1400","0.0000","97.3000","8.0000","-0.1500","0","97.3000","8.0000","-0.1600","0.3300","90.7300","25.0000","1.4400","0.0000","97.3000","8.0000","-0.1500","0.0000","93.8200","17.0000","-0.2200","0","93.8200","17.0000","-0.1800","0.0000","93.8200","17.0000","-0.2000","0","93.8200","17.0000","-0.2100","15","0","0"
"AAD2023.06.02752","72","4113","58","Florida International University","Economics, Department of","Economics, General","13","157.0000","101","70.0000","12","138.0000","8.4200","12.0000","927","112.0000","12","131.0000","0.9200","184.0000","2","58.0000","5","39.0000","2648526.0000","32.0000","3","154.0000","3","133.0000","1","150.0000","1","126.0000","28","14","9","20","14","0.0800","-0.3600","150.0000","42.4700","0.0800","-0.5000","164.0000","37.0700","0.9200","0.6700","64.0000","75.6800","7.7700","1.6000","12.0000","95.7500","0.9200","0.7200","62.0000","76.4500","71.3100","0.1200","65.0000","75.2900","9.1800","-0.4800","167.0000","35.9100","0.1500","0.7500","45.0000","83.0100","0.3800","1.6000","26.0000","90.3500","203732.7700","1.5100","14.0000","94.9800","529705.2000","1.1100","21.0000","92.2800","0.2300","-0.4400","164.0000","37.0700","0.2300","-0.2800","139.0000","46.7200","0.0000","75.0000","71.4300","-0.4600","-0.4500","-0.3500","-0.0300","-0.3800","1.4900","-0.1673","-0.3900","-0.4400","-0.2400","0.2700","0.2600","0.2600","-0.5200","49.0300","51.7400","49.8100","77.9900","47.1000","95.7500","29.3400","40.9300","42.4700","57.1400","88.0300","85.3300","73.3600","39.7700","259","4/1/2025 16:37","2","1","2.0000","0.1500","0.0800","49.0000","13.0000","42.0000","32.0000","50.0000","0.1200","1.5791","0.2700","1.0800","0.6200","81.4700","95.3700","84.1700","88.0300","81.0800","0","3","60.6200","103.0000","-0.2900","0.2300","66.4100","88.0000","-0.0200","2","57.9200","110.0000","-0.3100","0","97.3000","8.0000","-0.1400","0.0000","97.3000","8.0000","-0.1500","0","97.3000","8.0000","-0.1600","0.1500","61.0000","102.0000","0.0800","0.0000","97.3000","8.0000","-0.1500","0.0800","99.2300","3.0000","5.5800","1","97.6800","7.0000","1.1400","0.0800","98.8400","4.0000","4.0600","1","98.0700","6.0000","1.8000","15","0","0"
"AAD2023.06.02752","73","4148","58","Florida State University","Economics, Department of","Economics, General","27","52.0000","92","82.0000","25","43.0000","3.6800","168.0000","643","133.0000","24","48.0000","0.9600","157.0000","0","122.0000","0","122.0000","0.0000","122.0000","10","90.0000","7","83.0000","16","27.0000","6","23.0000","28","14","9","20","14","0.2200","0.7800","38.0000","85.7100","0.5900","0.7300","39.0000","85.3300","0.9300","0.6900","59.0000","77.6100","3.4100","-0.2400","139.0000","46.7200","0.8900","0.5100","91.0000","65.2500","23.8100","-0.5500","184.0000","29.3400","6.9900","-0.7000","206.0000","20.8500","0.0000","-0.6600","122.0000","53.2800","0.0000","-0.6100","122.0000","53.2800","0.0000","-0.3800","122.0000","53.2800","0.0000","-0.5000","122.0000","53.2800","0.3700","-0.2900","129.0000","50.5800","0.2600","-0.1600","128.0000","50.9700","-0.3000","138.0000","47.1000","-0.0500","0.9400","0.7300","-0.5000","0.8200","-0.4000","0.1712","-0.2200","0.7500","-0.3400","-0.2800","-0.4600","0.1400","0.7000","68.3400","91.5100","81.8500","53.2800","83.7800","35.5200","39.7700","65.6400","89.9600","49.0300","53.2800","53.2800","68.7300","80.3100","259","4/1/2025 16:37","2","2","1.0000","0.0700","0.0700","26.0000","47.0000","42.0000","66.0000","52.0000","0.7900","0.4506","0.2700","0.2200","0.5700","90.3500","82.2400","84.1700","74.9000","80.3100","0","3","60.6200","103.0000","-0.2900","0.1100","42.0800","151.0000","-0.4300","2","57.9200","110.0000","-0.3100","0","97.3000","8.0000","-0.1400","0.0000","97.3000","8.0000","-0.1500","0","97.3000","8.0000","-0.1600","0.0700","35.5200","168.0000","-0.5300","0.0000","97.3000","8.0000","-0.1500","0.0000","93.8200","17.0000","-0.2200","0","93.8200","17.0000","-0.1800","0.0000","93.8200","17.0000","-0.2000","0","93.8200","17.0000","-0.2100","15","0","0"
"AAD2023.06.02752","79","4193","58","George Mason University","Economics, Department of","Economics, General","32","34.0000","225","14.0000","27","35.0000","8.3300","13.0000","3354","33.0000","26","40.0000","0.9300","182.0000","1","76.0000","2","72.0000","18249.0000","119.0000","30","38.0000","15","37.0000","85","2.0000","17","4.0000","28","14","9","20","14","0.5300","3.2000","4.0000","98.8400","2.6600","5.6600","3.0000","99.2300","0.8400","0.1500","139.0000","46.7200","7.0300","1.2900","19.0000","93.0500","0.8100","0.0400","144.0000","44.7900","104.8100","0.6000","39.0000","85.3300","14.9100","0.0900","83.0000","68.3400","0.0300","-0.3700","119.0000","54.4400","0.0600","-0.2500","99.0000","62.1600","570.2800","-0.3800","120.0000","54.0500","9124.5000","-0.4700","121.0000","53.6700","0.9400","0.3200","48.0000","81.8500","0.4700","0.7400","51.0000","80.7000","0.2000","48.0000","81.8500","0.7800","3.9800","0.9200","-0.2700","1.0000","1.4500","-0.1170","0.2700","6.2300","0.6000","-0.2700","-0.1700","1.8700","1.1300","86.1000","98.8400","84.9400","71.0400","86.8700","95.3700","30.1200","85.7100","99.6100","87.6400","54.4400","72.5900","94.9800","87.2600","259","4/1/2025 16:37","0","0","0.0000","0.0000","0.0000","105.0000","105.0000","105.0000","105.0000","105.0000","-0.5600","-0.6779","-0.4900","-0.5700","-0.5700","59.8500","59.8500","59.8500","59.8500","59.8500","0","41","98.4600","5.0000","3.8300","1.2800","98.8400","4.0000","3.5500","11","94.5900","15.0000","1.7700","0","97.3000","8.0000","-0.1400","0.0000","97.3000","8.0000","-0.1500","0","97.3000","8.0000","-0.1600","0.3400","91.1200","24.0000","1.5200","0.0000","97.3000","8.0000","-0.1500","0.0000","93.8200","17.0000","-0.2200","0","93.8200","17.0000","-0.1800","0.0000","93.8200","17.0000","-0.2000","0","93.8200","17.0000","-0.2100","15","0","0"
"AAD2023.06.02752","83","4217","58","Georgia State University","Economics, Department of","Economics, General","22","75.0000","145","35.0000","21","64.0000","6.9000","32.0000","2294","44.0000","22","61.0000","1.0000","1.0000","4","36.0000","5","39.0000","1951909.0000","38.0000","16","68.0000","8","74.0000","4","88.0000","3","61.0000","28","14","9","20","14","0.1400","0.1100","94.0000","64.0900","0.1800","-0.2500","111.0000","57.5300","0.9500","0.8700","35.0000","86.8700","6.5900","1.1100","30.0000","88.8000","1.0000","1.2000","1.0000","100.0000","104.2700","0.5900","40.0000","84.9400","15.8200","0.1900","74.0000","71.8100","0.1800","1.0100","35.0000","86.8700","0.2300","0.6900","42.0000","84.1700","88723.1400","0.4400","39.0000","85.3300","390381.8000","0.6900","30.0000","88.8000","0.7300","0.0900","73.0000","72.2000","0.3600","0.2900","87.0000","66.8000","0.4000","26.0000","90.3500","0.0600","0.1000","0.5500","0.4400","0.4500","0.8800","0.5379","-0.0700","-0.2000","0.2300","0.1300","0.2600","0.8300","0.2600","71.8100","76.8300","76.8300","86.4900","75.6800","88.0300","100.0000","74.1300","66.4100","83.4000","85.7100","85.3300","86.8700","71.4300","259","4/1/2025 16:37","0","0","0.0000","0.0000","0.0000","105.0000","105.0000","105.0000","105.0000","105.0000","-0.5600","-0.6779","-0.4900","-0.5700","-0.5700","59.8500","59.8500","59.8500","59.8500","59.8500","0","15","91.1200","24.0000","1.0100","0.6800","93.4400","18.0000","1.5100","9","92.6600","20.0000","1.3100","1","99.2300","3.0000","3.1100","0.0500","98.0700","6.0000","3.3200","2","100.0000","1.0000","10.1300","0.4100","96.1400","11.0000","2.0100","0.0900","100.0000","1.0000","8.8100","0.0000","93.8200","17.0000","-0.2200","0","93.8200","17.0000","-0.1800","0.0000","93.8200","17.0000","-0.2000","0","93.8200","17.0000","-0.2100","15","0","0"
"AAD2023.06.02752","87","4253","58","Harvard University","Economics, Department of","Economics, General","46","10.0000","347","5.0000","46","6.0000","7.5400","23.0000","18857","3.0000","45","7.0000","0.9800","145.0000","14","11.0000","27","9.0000","9357279.0000","7.0000","344","1.0000","46","2.0000","90","1.0000","23","1.0000","28","14","9","20","14","0.5000","2.9500","5.0000","98.4600","1.9600","3.9900","4.0000","98.8400","1.0000","1.1700","1.0000","100.0000","7.5400","1.5100","13.0000","95.3700","0.9800","1.0700","28.0000","89.5800","409.9300","4.9200","3.0000","99.2300","54.3400","4.0400","3.0000","99.2300","0.3000","2.1300","16.0000","94.2100","0.5900","2.7600","8.0000","97.3000","203419.1100","1.5100","15.0000","94.5900","346565.8900","0.5500","37.0000","86.1000","7.4800","7.3500","1.0000","100.0000","1.0000","3.0300","1.0000","100.0000","1.5000","1.0000","100.0000","3.9600","5.6400","2.6400","2.8100","2.7400","1.1400","0.3386","7.8500","6.6300","5.9400","1.6600","3.4300","3.4600","2.3400","99.6100","100.0000","97.6800","96.1400","98.0700","91.5100","44.4000","100.0000","100.0000","99.2300","97.6800","96.9100","98.4600","96.5300","259","4/1/2025 16:37","11","4","2.7500","0.2400","0.0900","9.0000","10.0000","6.0000","14.0000","44.0000","2.1500","2.4254","3.7300","2.0000","0.7700","96.9100","96.5300","98.0700","94.9800","83.4000","0","50","99.6100","2.0000","4.8100","1.0900","97.6800","7.0000","2.8900","22","99.6100","2.0000","4.3000","0","97.3000","8.0000","-0.1400","0.0000","97.3000","8.0000","-0.1500","0","97.3000","8.0000","-0.1600","0.4800","98.0700","6.0000","2.5400","0.0000","97.3000","8.0000","-0.1500","0.0200","95.3700","13.0000","1.4200","1","97.6800","7.0000","1.1400","0.0200","94.9800","14.0000","1.0000","1","98.0700","6.0000","1.8000","15","0","0"
"AAD2023.06.02752","8","4282","58","American University","Economics, Department of","Economics, General","28","45.0000","84","95.0000","24","54.0000","3.5000","183.0000","690","127.0000","26","40.0000","1.0000","1.0000","2","58.0000","2","72.0000","249736.0000","91.0000","17","66.0000","11","51.0000","9","50.0000","6","23.0000","28","14","9","20","14","0.2100","0.7200","42.0000","84.1700","0.3200","0.0900","71.0000","72.9700","0.8600","0.2400","128.0000","50.9700","3.0000","-0.4100","167.0000","35.9100","0.9300","0.7600","59.0000","77.6100","24.6400","-0.5400","179.0000","31.2700","8.2100","-0.5800","186.0000","28.5700","0.0700","0.0000","85.0000","67.5700","0.0700","-0.2000","93.0000","64.4800","8919.1400","-0.3000","98.0000","62.5500","124868.0000","-0.1200","93.0000","64.4800","0.6100","-0.0400","88.0000","66.4100","0.3900","0.4200","77.0000","70.6600","-0.2000","114.0000","56.3700","0.3600","0.9400","0.9200","-0.0300","0.7200","-0.4700","0.5379","-0.0500","0.1900","-0.3200","-0.2300","-0.1700","0.0300","0.7800","80.7000","91.5100","84.9400","77.9900","79.5400","29.7300","100.0000","74.9000","81.0800","51.3500","65.2500","72.5900","63.7100","83.0100","259","4/1/2025 16:37","0","0","0.0000","0.0000","0.0000","105.0000","105.0000","105.0000","105.0000","105.0000","-0.5600","-0.6779","-0.4900","-0.5700","-0.5700","59.8500","59.8500","59.8500","59.8500","59.8500","0","14","89.9600","27.0000","0.9000","0.5000","87.6400","33.0000","0.8900","9","92.6600","20.0000","1.3100","0","97.3000","8.0000","-0.1400","0.0000","97.3000","8.0000","-0.1500","0","97.3000","8.0000","-0.1600","0.3200","88.8000","30.0000","1.3500","0.0000","97.3000","8.0000","-0.1500","0.0000","93.8200","17.0000","-0.2200","0","93.8200","17.0000","-0.1800","0.0000","93.8200","17.0000","-0.2000","0","93.8200","17.0000","-0.2100","15","0","0"
"AAD2023.06.02752","136","4448","58","Mississippi State University","Finance and Economics, Department of","Economics, General","15","131.0000","42","162.0000","14","113.0000","3.0000","210.0000","385","169.0000","12","131.0000","0.8600","223.0000","1","76.0000","1","86.0000","35566.0000","116.0000","5","129.0000","5","98.0000","5","80.0000","1","126.0000","28","14","9","20","14","0.0700","-0.4400","161.0000","38.2200","0.3300","0.1100","64.0000","75.6800","0.9300","0.7400","50.0000","81.0800","2.8000","-0.4900","183.0000","29.7300","0.8000","-0.0400","149.0000","42.8600","25.6700","-0.5200","174.0000","33.2000","9.1700","-0.4800","169.0000","35.1400","0.0700","-0.0500","90.0000","65.6400","0.0700","-0.2300","95.0000","63.7100","2371.0700","-0.3600","116.0000","55.6000","35566.0000","-0.3900","116.0000","55.6000","0.3300","-0.3300","134.0000","48.6500","0.3300","0.1600","95.0000","63.7100","-0.4000","157.0000","39.7700","-0.2500","-0.4500","-0.3500","-0.2700","-0.1900","-0.6700","-0.7718","-0.3400","-0.1200","-0.4300","-0.2700","-0.3200","-0.5100","-0.3400","62.5500","51.7400","49.8100","71.0400","56.7600","19.3100","14.2900","50.5800","69.5000","35.1400","55.6000","67.1800","37.8400","49.8100","259","4/1/2025 16:37","0","0","0.0000","0.0000","0.0000","105.0000","105.0000","105.0000","105.0000","105.0000","-0.5600","-0.6779","-0.4900","-0.5700","-0.5700","59.8500","59.8500","59.8500","59.8500","59.8500","0","1","39.0000","159.0000","-0.5100","0.0700","32.0500","177.0000","-0.5800","1","43.6300","147.0000","-0.5400","0","97.3000","8.0000","-0.1400","0.0000","97.3000","8.0000","-0.1500","0","97.3000","8.0000","-0.1600","0.0700","33.2000","174.0000","-0.5900","0.0000","97.3000","8.0000","-0.1500","0.0000","93.8200","17.0000","-0.2200","0","93.8200","17.0000","-0.1800","0.0000","93.8200","17.0000","-0.2000","0","93.8200","17.0000","-0.2100","15","0","0"
"AAD2023.06.02752","253","4644","58","University of California, Irvine","Economics, Department of","Economics, General","30","41.0000","142","37.0000","26","40.0000","5.4600","67.0000","2178","47.0000","27","36.0000","1.0000","1.0000","2","58.0000","4","51.0000","498017.0000","78.0000","24","45.0000","11","51.0000","6","71.0000","6","23.0000","28","14","9","20","14","0.2000","0.6000","45.0000","83.0100","0.2000","-0.2000","104.0000","60.2300","0.8700","0.3000","118.0000","54.8300","4.7300","0.3200","73.0000","72.2000","0.9000","0.5800","81.0000","69.1100","72.6000","0.1400","64.0000","75.6800","15.3400","0.1400","78.0000","70.2700","0.0700","-0.0500","90.0000","65.6400","0.1300","0.1600","74.0000","71.8100","16600.5700","-0.2300","83.0000","68.3400","124504.2500","-0.1200","94.0000","64.0900","0.8000","0.1700","63.0000","76.0600","0.3700","0.3000","86.0000","67.1800","0.1000","62.0000","76.4500","0.3600","0.9400","1.0100","-0.0300","0.9100","0.3100","0.5379","0.1200","-0.0500","0.1900","-0.1700","0.1100","0.7900","0.9600","80.7000","91.5100","86.4900","77.9900","84.9400","74.5200","100.0000","83.0100","72.9700","82.2400","70.2700","80.7000","86.1000","84.5600","259","4/1/2025 16:37","1","1","1.0000","0.0300","0.0300","49.0000","47.0000","65.0000","100.0000","97.0000","0.1200","0.4506","-0.1100","-0.2100","-0.0500","81.4700","82.2400","75.2900","61.7800","62.9300","0","11","86.8700","35.0000","0.5700","0.3700","79.1500","55.0000","0.4400","11","94.5900","15.0000","1.7700","0","97.3000","8.0000","-0.1400","0.0000","97.3000","8.0000","-0.1500","0","97.3000","8.0000","-0.1600","0.3700","92.2800","21.0000","1.6900","0.0000","97.3000","8.0000","-0.1500","0.0000","93.8200","17.0000","-0.2200","0","93.8200","17.0000","-0.1800","0.0000","93.8200","17.0000","-0.2000","0","93.8200","17.0000","-0.2100","15","0","0"
"AAD2023.06.02752","258","4679","58","University of California, Santa Barbara","Economics, Department of","Economics, General","37","25.0000","227","13.0000","34","22.0000","6.6800","36.0000","7243","12.0000","35","22.0000","1.0000","1.0000","4","36.0000","5","39.0000","1768862.0000","41.0000","58","20.0000","26","22.0000","8","57.0000","6","23.0000","28","14","9","20","14","0.1600","0.3100","73.0000","72.2000","0.2200","-0.1600","97.0000","62.9300","0.9200","0.6400","70.0000","73.3600","6.1400","0.9100","35.0000","86.8700","0.9500","0.8700","45.0000","83.0100","195.7600","1.8900","13.0000","95.3700","31.9100","1.8000","18.0000","93.4400","0.1100","0.3300","68.0000","74.1300","0.1400","0.1700","73.0000","72.2000","47807.0800","0.0600","56.0000","78.7600","353772.4000","0.5800","36.0000","86.4900","1.5700","1.0000","25.0000","90.7300","0.7000","1.7500","20.0000","92.6600","0.7000","13.0000","95.3700","1.9100","0.9400","1.7300","0.4400","1.6400","0.8000","0.5379","0.9400","0.1100","1.9400","0.0900","0.2600","1.9000","1.5600","91.8900","91.5100","91.8900","86.4900","91.8900","86.4900","100.0000","92.6600","78.3800","95.7500","84.5600","85.3300","95.3700","90.7300","259","4/1/2025 16:37","0","0","0.0000","0.0000","0.0000","105.0000","105.0000","105.0000","105.0000","105.0000","-0.5600","-0.6779","-0.4900","-0.5700","-0.5700","59.8500","59.8500","59.8500","59.8500","59.8500","0","7","77.9900","58.0000","0.1400","0.1900","56.7600","113.0000","-0.1600","6","86.1000","37.0000","0.6100","2","99.6100","2.0000","6.3500","0.0500","98.4600","5.0000","3.9700","1","99.6100","2.0000","4.9800","0.1600","62.1600","99.0000","0.1400","0.0300","97.6800","7.0000","2.5100","0.0000","93.8200","17.0000","-0.2200","0","93.8200","17.0000","-0.1800","0.0000","93.8200","17.0000","-0.2000","0","93.8200","17.0000","-0.2100","15","0","0"
"AAD2023.06.02752","261","4719","58","University of Chicago, The","Economics, Department of","Economics, General","38","23.0000","253","10.0000","34","22.0000","7.4400","24.0000","8944","9.0000","34","24.0000","1.0000","1.0000","17","7.0000","29","5.0000","11886016.0000","6.0000","184","6.0000","31","13.0000","34","10.0000","11","12.0000","28","14","9","20","14","0.2900","1.3000","24.0000","91.1200","0.8900","1.4500","21.0000","92.2800","0.8900","0.4800","92.0000","64.8600","6.6600","1.1400","26.0000","90.3500","0.8900","0.5500","87.0000","66.8000","235.3700","2.4500","10.0000","96.5300","35.3500","2.1400","15.0000","94.5900","0.4500","3.4400","4.0000","98.8400","0.7600","3.7700","4.0000","98.8400","312789.8900","2.5300","6.0000","98.0700","409862.6200","0.7500","27.0000","89.9600","4.8400","4.5200","4.0000","98.8400","0.8200","2.2400","10.0000","96.5300","1.1000","5.0000","98.4600","2.4200","2.3200","1.6400","3.5200","1.6400","1.1000","0.5379","3.9900","2.1800","2.5200","2.1800","3.7200","2.2400","1.6500","95.3700","95.7500","91.1200","97.6800","91.8900","91.1200","100.0000","98.0700","96.5300","96.9100","98.0700","98.4600","96.5300","91.5100","259","4/1/2025 16:37","4","4","1.0000","0.1100","0.1100","9.0000","47.0000","21.0000","46.0000","30.0000","2.1500","0.4506","1.0400","0.5600","1.0500","96.9100","82.2400","92.2800","82.6300","88.8000","0","36","97.3000","8.0000","3.2900","0.9500","97.3000","8.0000","2.4200","15","96.1400","11.0000","2.6900","0","97.3000","8.0000","-0.1400","0.0000","97.3000","8.0000","-0.1500","0","97.3000","8.0000","-0.1600","0.3900","94.9800","14.0000","1.9000","0.0000","97.3000","8.0000","-0.1500","0.0300","96.5300","10.0000","1.7600","1","97.6800","7.0000","1.1400","0.0300","96.1400","11.0000","1.2600","1","98.0700","6.0000","1.8000","15","0","0"
"AAD2023.06.02752","274","4775","58","University of Georgia","Economics, Department of","Economics, General","24","64.0000","86","92.0000","23","57.0000","3.7400","163.0000","3623","30.0000","23","56.0000","1.0000","1.0000","1","76.0000","1","86.0000","70896.0000","112.0000","6","115.0000","5","98.0000","0","193.0000","0","193.0000","28","14","9","20","14","0.0000","-0.9600","193.0000","25.8700","0.0000","-0.6800","193.0000","25.8700","0.9600","0.9000","33.0000","87.6400","3.5800","-0.1600","127.0000","51.3500","0.9600","0.9400","37.0000","86.1000","150.9600","1.2500","21.0000","92.2800","42.1300","2.8200","7.0000","97.6800","0.0400","-0.2800","112.0000","57.1400","0.0400","-0.3700","113.0000","56.7600","2954.0000","-0.3600","115.0000","55.9800","70896.0000","-0.2800","110.0000","57.9200","0.2500","-0.4200","154.0000","40.9300","0.2100","-0.3800","153.0000","41.3100","-0.1000","93.0000","64.4800","-0.2500","-0.7300","0.6400","-0.2700","0.6300","-0.3700","0.5379","-0.3100","-0.5200","0.6900","-0.2600","-0.3200","0.0600","0.4400","62.5500","25.8700","78.7600","71.0400","78.3800","37.4500","100.0000","55.9800","25.8700","88.8000","57.1400","67.1800","64.8600","75.6800","259","4/1/2025 16:37","1","2","0.5000","0.0400","0.0800","26.0000","104.0000","65.0000","94.0000","45.0000","0.7900","-0.1137","-0.1100","-0.1200","0.7200","90.3500","60.2300","75.2900","64.0900","83.0100","0","0","23.1700","200.0000","-0.6200","0.0000","23.1700","200.0000","-0.8100","0","23.1700","200.0000","-0.7700","0","97.3000","8.0000","-0.1400","0.0000","97.3000","8.0000","-0.1500","0","97.3000","8.0000","-0.1600","0.0000","23.1700","200.0000","-1.0900","0.0000","97.3000","8.0000","-0.1500","0.0000","93.8200","17.0000","-0.2200","0","93.8200","17.0000","-0.1800","0.0000","93.8200","17.0000","-0.2000","0","93.8200","17.0000","-0.2100","15","0","0"
"AAD2023.06.02752","280","4849","58","University of Illinois at Urbana-Champaign","Economics, Department of","Economics, General","28","45.0000","136","43.0000","26","40.0000","5.2300","76.0000","2684","41.0000","24","48.0000","0.9200","184.0000","1","76.0000","1","86.0000","590183.0000","75.0000","23","47.0000","11","51.0000","1","150.0000","1","126.0000","28","14","9","20","14","0.0400","-0.6800","188.0000","27.8000","0.0400","-0.6000","191.0000","26.6400","0.9300","0.7000","56.0000","78.7600","4.8600","0.3800","66.0000","74.9000","0.8600","0.3200","115.0000","55.9800","95.8600","0.4700","47.0000","82.2400","19.7400","0.5800","49.0000","81.4700","0.0400","-0.3300","116.0000","55.6000","0.0400","-0.4000","117.0000","55.2100","21077.9600","-0.1900","78.0000","70.2700","590183.0000","1.2900","16.0000","94.2100","0.8200","0.2000","58.0000","77.9900","0.3900","0.4200","77.0000","70.6600","0.1000","62.0000","76.4500","0.3600","-0.4500","0.7300","-0.2700","0.9100","0.2200","-0.1673","0.1000","-0.4400","0.3700","-0.1600","-0.3200","0.7100","0.7800","80.7000","51.7400","81.8500","71.0400","84.9400","71.0400","29.3400","82.2400","42.4700","84.5600","71.4300","67.1800","83.7800","83.0100","259","4/1/2025 16:37","1","1","1.0000","0.0400","0.0400","49.0000","47.0000","65.0000","99.0000","95.0000","0.1200","0.4506","-0.1100","-0.1900","-0.0200","81.4700","82.2400","75.2900","62.1600","63.7100","0","3","60.6200","103.0000","-0.2900","0.1100","39.7700","157.0000","-0.4400","3","68.3400","83.0000","-0.0800","0","97.3000","8.0000","-0.1400","0.0000","97.3000","8.0000","-0.1500","0","97.3000","8.0000","-0.1600","0.1100","45.5600","142.0000","-0.2800","0.0000","97.3000","8.0000","-0.1500","0.0400","96.9100","9.0000","2.4700","1","97.6800","7.0000","1.1400","0.0400","96.5300","10.0000","1.7800","1","98.0700","6.0000","1.8000","15","0","0"
"AAD2023.06.02752","300","4956","58","University of Michigan","Economics, Department of","Economics, General","38","23.0000","169","28.0000","32","26.0000","5.2800","74.0000","5202","17.0000","33","26.0000","1.0000","1.0000","10","20.0000","14","18.0000","8107646.0000","9.0000","69","18.0000","29","16.0000","27","15.0000","9","16.0000","28","14","9","20","14","0.2400","0.8900","36.0000","86.4900","0.7100","1.0200","29.0000","89.1900","0.8400","0.1400","142.0000","45.5600","4.4500","0.2000","85.0000","67.5700","0.8700","0.3900","110.0000","57.9200","136.8900","1.0500","24.0000","91.1200","30.7800","1.6800","19.0000","93.0500","0.2600","1.7500","22.0000","91.8900","0.3700","1.5000","27.0000","89.9600","213359.1100","1.6000","11.0000","96.1400","579117.5700","1.2600","18.0000","93.4400","1.8200","1.2600","17.0000","93.8200","0.7600","2.0100","13.0000","95.3700","0.5000","21.0000","92.2800","2.2100","1.7700","1.5500","1.8600","1.4600","0.2400","0.5379","1.2100","1.6200","1.2300","1.4000","1.5600","1.1400","1.6500","94.2100","94.2100","90.3500","92.6600","90.3500","71.8100","100.0000","93.4400","94.5900","93.8200","96.9100","93.4400","89.5800","91.5100","259","4/1/2025 16:37","0","0","0.0000","0.0000","0.0000","105.0000","105.0000","105.0000","105.0000","105.0000","-0.5600","-0.6779","-0.4900","-0.5700","-0.5700","59.8500","59.8500","59.8500","59.8500","59.8500","0","15","91.1200","24.0000","1.0100","0.3900","81.4700","49.0000","0.5400","8","90.3500","26.0000","1.0800","0","97.3000","8.0000","-0.1400","0.0000","97.3000","8.0000","-0.1500","0","97.3000","8.0000","-0.1600","0.2100","75.6800","64.0000","0.5100","0.0000","97.3000","8.0000","-0.1500","0.0300","96.5300","10.0000","1.7600","1","97.6800","7.0000","1.1400","0.0300","96.1400","11.0000","1.2600","1","98.0700","6.0000","1.8000","15","0","0"
"AAD2023.06.02752","301","5028","58","University of Minnesota, Twin Cities","Economics, Department of","Economics, General","23","70.0000","90","88.0000","17","88.0000","5.2900","73.0000","2341","43.0000","17","89.0000","1.0000","1.0000","5","32.0000","6","36.0000","1017835.0000","52.0000","44","26.0000","17","31.0000","6","71.0000","3","61.0000","28","14","9","20","14","0.1300","0.0600","100.0000","61.7800","0.2600","-0.0600","87.0000","66.8000","0.7400","-0.5400","205.0000","21.2400","3.9100","-0.0200","107.0000","59.0700","0.7400","-0.4200","195.0000","25.1000","101.7800","0.5600","42.0000","84.1700","26.0100","1.2100","27.0000","89.9600","0.2200","1.3300","29.0000","89.1900","0.2600","0.8900","37.0000","86.1000","44253.7000","0.0300","59.0000","77.6100","169639.1700","0.0200","76.0000","71.0400","1.9100","1.3700","14.0000","94.9800","0.7400","1.9100","16.0000","94.2100","0.3000","36.0000","86.4900","0.9800","0.1000","0.1000","0.6800","0.0800","0.2400","0.5379","0.6000","-0.0500","0.2500","-0.0700","0.4000","0.1100","0.3500","88.4200","76.8300","66.0200","88.0300","66.4100","72.2000","100.0000","90.3500","72.9700","83.7800","80.3100","86.4900","66.4100","73.3600","259","4/1/2025 16:37","0","0","0.0000","0.0000","0.0000","105.0000","105.0000","105.0000","105.0000","105.0000","-0.5600","-0.6779","-0.4900","-0.5700","-0.5700","59.8500","59.8500","59.8500","59.8500","59.8500","0","13","89.1900","29.0000","0.7900","0.5700","88.8000","30.0000","1.1200","6","86.1000","37.0000","0.6100","0","97.3000","8.0000","-0.1400","0.0000","97.3000","8.0000","-0.1500","0","97.3000","8.0000","-0.1600","0.2600","84.5600","41.0000","0.8900","0.0000","97.3000","8.0000","-0.1500","0.0000","93.8200","17.0000","-0.2200","0","93.8200","17.0000","-0.1800","0.0000","93.8200","17.0000","-0.2000","0","93.8200","17.0000","-0.2100","15","0","0"
"AAD2023.06.02752","316","5099","58","University of North Carolina at Chapel Hill","Economics, Department of","Economics, General","28","45.0000","109","60.0000","25","43.0000","4.3600","124.0000","1959","54.0000","25","45.0000","1.0000","1.0000","3","47.0000","4","51.0000","1122330.0000","46.0000","21","54.0000","13","42.0000","17","25.0000","2","86.0000","28","14","9","20","14","0.0700","-0.4000","156.0000","40.1500","0.6100","0.7700","37.0000","86.1000","0.8900","0.4700","94.0000","64.0900","3.8900","-0.0300","108.0000","58.6900","0.8900","0.5400","89.0000","66.0200","69.9600","0.1100","69.0000","73.7500","17.9700","0.4000","64.0000","75.6800","0.1100","0.3200","69.0000","73.7500","0.1400","0.2100","69.0000","73.7500","40083.2100","-0.0100","63.0000","76.0600","280582.5000","0.3500","47.0000","82.2400","0.7500","0.1200","70.0000","73.3600","0.4600","0.7200","53.0000","79.9200","0.1000","62.0000","76.4500","0.5700","-0.1700","0.8300","0.2100","0.8200","-0.1200","0.5379","0.0500","0.8300","0.1200","-0.0500","0.1100","0.3600","0.7800","84.1700","67.1800","83.0100","82.2400","83.7800","52.5100","100.0000","79.5400","90.7300","79.5400","82.6300","80.7000","77.2200","83.0100","259","4/1/2025 16:37","2","1","2.0000","0.0700","0.0400","49.0000","13.0000","42.0000","67.0000","95.0000","0.1200","1.5791","0.2700","0.2000","-0.0200","81.4700","95.3700","84.1700","74.5200","63.7100","0","9","83.0100","45.0000","0.3600","0.3200","75.2900","65.0000","0.2900","4","77.2200","60.0000","0.1500","0","97.3000","8.0000","-0.1400","0.0000","97.3000","8.0000","-0.1500","0","97.3000","8.0000","-0.1600","0.1400","57.1400","112.0000","-0.0100","0.0000","97.3000","8.0000","-0.1500","0.0000","93.8200","17.0000","-0.2200","0","93.8200","17.0000","-0.1800","0.0000","93.8200","17.0000","-0.2000","0","93.8200","17.0000","-0.2100","15","0","0"
"AAD2023.06.02752","326","5152","58","University of Pennsylvania","Economics, Department of","Economics, General","33","32.0000","208","17.0000","30","29.0000","6.9300","31.0000","4012","26.0000","32","27.0000","1.0000","1.0000","12","14.0000","17","16.0000","4609164.0000","19.0000","72","15.0000","27","20.0000","10","44.0000","8","18.0000","28","14","9","20","14","0.2400","0.9400","35.0000","86.8700","0.3000","0.0400","77.0000","70.6600","0.9100","0.5800","77.0000","70.6600","6.3000","0.9900","33.0000","87.6400","0.9700","1.0100","31.0000","88.4200","121.5800","0.8400","29.0000","89.1900","19.2900","0.5300","52.0000","80.3100","0.3600","2.6700","8.0000","97.3000","0.5200","2.3500","11.0000","96.1400","139671.6400","0.9200","23.0000","91.5100","271127.2900","0.3200","51.0000","80.7000","2.1800","1.6600","12.0000","95.7500","0.8200","2.2500","9.0000","96.9100","0.7000","13.0000","95.3700","2.0100","1.4900","1.4600","2.3300","1.2700","0.9000","0.5379","1.2800","0.2700","0.8200","0.6800","1.9900","1.6500","1.2200","92.6600","93.4400","89.9600","94.9800","89.1900","88.4200","100.0000","94.5900","83.4000","90.3500","93.0500","94.2100","93.8200","88.0300","259","4/1/2025 16:37","13","4","3.2500","0.3900","0.1200","9.0000","5.0000","3.0000","5.0000","21.0000","2.1500","2.9897","4.5000","3.6700","1.3000","96.9100","98.4600","99.2300","98.4600","92.2800","0","12","88.0300","32.0000","0.6800","0.3600","78.7600","56.0000","0.4300","7","88.0300","32.0000","0.8500","0","97.3000","8.0000","-0.1400","0.0000","97.3000","8.0000","-0.1500","0","97.3000","8.0000","-0.1600","0.2100","76.0600","63.0000","0.5200","0.0000","97.3000","8.0000","-0.1500","0.0000","93.8200","17.0000","-0.2200","0","93.8200","17.0000","-0.1800","0.0000","93.8200","17.0000","-0.2000","0","93.8200","17.0000","-0.2100","15","0","0"
"AAD2023.06.02752","327","5199","58","University of Pittsburgh","Economics, Department of","Economics, General","27","52.0000","91","85.0000","25","43.0000","3.6400","174.0000","2179","46.0000","26","40.0000","1.0000","1.0000","2","58.0000","2","72.0000","183708.0000","97.0000","14","80.0000","10","58.0000","1","150.0000","1","126.0000","28","14","9","20","14","0.0400","-0.6700","187.0000","28.1900","0.0400","-0.5900","190.0000","27.0300","0.9300","0.6900","59.0000","77.6100","3.3700","-0.2500","140.0000","46.3300","0.9600","0.9700","33.0000","87.6400","80.7000","0.2600","54.0000","79.5400","23.9500","1.0000","33.0000","87.6400","0.0700","0.0200","83.0000","68.3400","0.0700","-0.1800","92.0000","64.8600","6804.0000","-0.3200","108.0000","58.6900","91854.0000","-0.2200","103.0000","60.6200","0.5200","-0.1300","102.0000","61.0000","0.3700","0.3200","84.0000","67.9500","0.1000","62.0000","76.4500","0.2600","-0.4500","0.9200","-0.0300","0.8200","-0.4100","0.5379","-0.1200","-0.4400","0.1900","-0.2400","-0.1700","0.1300","0.7000","77.9900","51.7400","84.9400","77.9900","83.7800","33.2000","100.0000","69.5000","42.4700","82.6300","62.9300","72.5900","67.5700","80.3100","259","4/1/2025 16:37","1","1","1.0000","0.0400","0.0400","49.0000","47.0000","65.0000","97.0000","93.0000","0.1200","0.4506","-0.1100","-0.1700","0.0000","81.4700","82.2400","75.2900","62.9300","64.4800","0","5","71.0400","76.0000","-0.0800","0.1900","55.6000","116.0000","-0.1800","4","77.2200","60.0000","0.1500","0","97.3000","8.0000","-0.1400","0.0000","97.3000","8.0000","-0.1500","0","97.3000","8.0000","-0.1600","0.1500","58.3000","109.0000","0.0300","0.0000","97.3000","8.0000","-0.1500","0.0000","93.8200","17.0000","-0.2200","0","93.8200","17.0000","-0.1800","0.0000","93.8200","17.0000","-0.2000","0","93.8200","17.0000","-0.2100","15","0","0"
"AAD2023.06.02752","329","5251","58","University of Rochester","Economics, Department of","Economics, General","20","90.0000","62","127.0000","19","76.0000","3.2600","196.0000","927","112.0000","18","80.0000","0.9500","170.0000","7","21.0000","8","30.0000","1040722.0000","50.0000","13","84.0000","8","74.0000","3","100.0000","2","86.0000","28","14","9","20","14","0.1000","-0.1800","124.0000","52.5100","0.1500","-0.3200","123.0000","52.9000","0.9500","0.8400","39.0000","85.3300","3.1000","-0.3600","162.0000","37.8400","0.9000","0.5800","81.0000","69.1100","46.3500","-0.2300","120.0000","54.0500","14.9500","0.1000","81.0000","69.1100","0.3500","2.5500","11.0000","96.1400","0.4000","1.6900","20.0000","92.6600","52036.1000","0.1000","52.0000","80.3100","130090.2500","-0.1000","91.0000","65.2500","0.6500","0.0100","82.0000","68.7300","0.4000","0.4500","70.0000","73.3600","-0.2000","114.0000","56.3700","0.0600","-0.1700","0.1900","1.1500","0.2700","-0.5600","0.0554","-0.1400","-0.2800","-0.2400","-0.0600","0.6900","-0.2500","0.0900","71.8100","67.1800","69.5000","92.2800","71.0400","24.7100","34.7500","67.9500","61.7800","57.1400","81.0800","88.8000","51.3500","65.6400","259","4/1/2025 16:37","1","1","1.0000","0.0500","0.0500","49.0000","47.0000","65.0000","82.0000","74.0000","0.1200","0.4506","-0.1100","-0.0300","0.2000","81.4700","82.2400","75.2900","68.7300","71.8100","0","3","60.6200","103.0000","-0.2900","0.1500","48.2600","135.0000","-0.3000","3","68.3400","83.0000","-0.0800","0","97.3000","8.0000","-0.1400","0.0000","97.3000","8.0000","-0.1500","0","97.3000","8.0000","-0.1600","0.1500","59.0700","107.0000","0.0500","0.0000","97.3000","8.0000","-0.1500","0.0000","93.8200","17.0000","-0.2200","0","93.8200","17.0000","-0.1800","0.0000","93.8200","17.0000","-0.2000","0","93.8200","17.0000","-0.2100","15","0","0"
"AAD2023.06.02752","335","5289","58","University of Southern California","Economics, Department of","Economics, General","53","3.0000","486","2.0000","49","3.0000","9.9200","7.0000","19131","1.0000","47","4.0000","0.9600","161.0000","19","3.0000","40","2.0000","59320878.0000","1.0000","78","13.0000","32","10.0000","25","16.0000","10","15.0000","28","14","9","20","14","0.1900","0.5200","55.0000","79.1500","0.4700","0.4400","51.0000","80.7000","0.9200","0.6800","63.0000","76.0600","9.1700","2.1900","5.0000","98.4600","0.8900","0.5000","100.0000","61.7800","360.9600","4.2300","5.0000","98.4600","39.3600","2.5400","9.0000","96.9100","0.3600","2.6300","10.0000","96.5300","0.7500","3.7200","5.0000","98.4600","1119261.8500","10.0300","1.0000","100.0000","1483021.9500","4.0100","4.0000","98.8400","1.4700","0.8900","27.0000","89.9600","0.6000","1.3200","32.0000","88.0300","0.6000","16.0000","94.2100","2.5200","2.0400","2.8200","3.9900","3.0200","2.0800","0.1637","1.4300","1.4600","6.0300","12.0000","5.3000","5.2800","2.9500","96.5300","94.5900","98.8400","99.2300","99.2300","97.6800","38.2200","95.3700","94.2100","100.0000","100.0000","99.6100","99.6100","99.2300","259","4/1/2025 16:37","5","3","1.6700","0.0900","0.0600","18.0000","32.0000","15.0000","52.0000","69.0000","1.4700","1.2067","1.4300","0.4400","0.3000","93.4400","88.0300","94.5900","80.3100","73.7500","0","19","93.0500","19.0000","1.4400","0.3600","77.9900","58.0000","0.4100","12","95.3700","13.0000","2.0000","0","97.3000","8.0000","-0.1400","0.0000","97.3000","8.0000","-0.1500","0","97.3000","8.0000","-0.1600","0.2300","78.3800","57.0000","0.6300","0.0000","97.3000","8.0000","-0.1500","0.0200","94.2100","16.0000","1.2000","2","98.4600","5.0000","2.4600","0.0400","96.9100","9.0000","1.8900","1","98.0700","6.0000","1.8000","15","0","0"
"AAD2023.06.02752","335","5292","58","University of Southern California","Finance and Business Economics, Department of","Economics, General","51","4.0000","120","51.0000","39","12.0000","3.0800","208.0000","4275","24.0000","41","11.0000","0.9800","146.0000","2","58.0000","2","72.0000","481858.0000","79.0000","39","29.0000","22","24.0000","7","62.0000","3","61.0000","28","14","9","20","14","0.0600","-0.5000","169.0000","35.1400","0.1400","-0.3500","133.0000","49.0300","0.7600","-0.3700","195.0000","25.1000","2.3500","-0.6800","209.0000","19.6900","0.8000","-0.0200","148.0000","43.2400","83.8200","0.3000","52.0000","80.3100","35.6300","2.1700","12.0000","95.7500","0.0400","-0.3000","115.0000","55.9800","0.0400","-0.3800","116.0000","55.6000","9448.2000","-0.2900","95.0000","63.7100","240929.0000","0.2300","59.0000","77.6100","0.7600","0.1300","67.0000","74.5200","0.4300","0.5800","63.0000","76.0600","-0.1000","93.0000","64.4800","1.5000","0.1000","2.2700","-0.0300","2.1000","-0.6300","0.3196","0.4800","0.0300","0.9100","-0.1800","-0.1700","0.5000","2.7800","91.1200","76.8300","96.1400","77.9900","95.7500","20.0800","44.0200","89.1900","76.4500","91.1200","69.8800","72.5900","80.7000","98.8400","259","4/1/2025 16:37","0","0","0.0000","0.0000","0.0000","105.0000","105.0000","105.0000","105.0000","105.0000","-0.5600","-0.6779","-0.4900","-0.5700","-0.5700","59.8500","59.8500","59.8500","59.8500","59.8500","0","2","50.5800","129.0000","-0.4000","0.0400","24.7100","196.0000","-0.6700","2","57.9200","110.0000","-0.3100","0","97.3000","8.0000","-0.1400","0.0000","97.3000","8.0000","-0.1500","0","97.3000","8.0000","-0.1600","0.0400","24.7100","196.0000","-0.7900","0.0000","97.3000","8.0000","-0.1500","0.0000","93.8200","17.0000","-0.2200","0","93.8200","17.0000","-0.1800","0.0000","93.8200","17.0000","-0.2000","0","93.8200","17.0000","-0.2100","15","0","0"
"AAD2023.06.02752","357","5368","58","Washington State University","Economic Sciences, School of","Economics, General","27","52.0000","142","37.0000","25","43.0000","5.6800","63.0000","1593","65.0000","26","40.0000","0.9600","154.0000","3","47.0000","3","61.0000","5883434.0000","12.0000","15","73.0000","9","63.0000","18","22.0000","5","32.0000","28","14","9","20","14","0.1900","0.4900","56.0000","78.7600","0.6700","0.9100","31.0000","88.4200","0.9300","0.6900","59.0000","77.6100","5.2600","0.5500","52.0000","80.3100","0.9600","0.9700","33.0000","87.6400","59.0000","-0.0500","96.0000","63.3200","11.2200","-0.2800","131.0000","49.8100","0.1100","0.3600","64.0000","75.6800","0.1100","0.0300","81.0000","69.1100","217904.9600","1.6400","10.0000","96.5300","1961144.6700","5.4600","2.0000","99.6100","0.5600","-0.0900","94.0000","64.0900","0.3300","0.1600","95.0000","63.7100","0.2000","48.0000","81.8500","0.1600","0.6600","0.9200","0.2100","0.8200","0.4000","0.1983","-0.1000","0.9100","-0.0100","0.9400","-0.0300","0.7900","0.7000","76.0600","88.0300","84.9400","82.2400","83.7800","76.0600","40.9300","72.2000","91.8900","75.2900","95.7500","76.8300","86.1000","80.3100","259","4/1/2025 16:37","4","2","2.0000","0.1500","0.0700","26.0000","13.0000","21.0000","34.0000","52.0000","0.7900","1.5791","1.0400","1.0200","0.5700","90.3500","95.3700","92.2800","87.2600","80.3100","0","20","94.2100","16.0000","1.5500","0.7400","94.5900","15.0000","1.7100","5","83.0100","45.0000","0.3800","0","97.3000","8.0000","-0.1400","0.0000","97.3000","8.0000","-0.1500","0","97.3000","8.0000","-0.1600","0.1900","68.7300","82.0000","0.3100","0.0000","97.3000","8.0000","-0.1500","0.0000","93.8200","17.0000","-0.2200","0","93.8200","17.0000","-0.1800","0.0000","93.8200","17.0000","-0.2000","0","93.8200","17.0000","-0.2100","15","0","0"
"AAD2023.06.02752","47","5453","58","Colorado School of Mines","Economics and Business, Division of","Economics, General","5","247.0000","32","191.0000","5","228.0000","6.4000","41.0000","210","201.0000","5","227.0000","1.0000","1.0000","1","76.0000","1","86.0000","406341.0000","83.0000","2","172.0000","2","155.0000","0","193.0000","0","193.0000","28","14","9","20","14","0.0000","-0.9600","193.0000","25.8700","0.0000","-0.6800","193.0000","25.8700","1.0000","1.1700","1.0000","100.0000","6.4000","1.0300","31.0000","88.4200","1.0000","1.2000","1.0000","100.0000","42.0000","-0.2900","133.0000","49.0300","6.5600","-0.7400","214.0000","17.7600","0.2000","1.1700","31.0000","88.4200","0.2000","0.5400","47.0000","82.2400","81268.2000","0.3700","41.0000","84.5600","406341.0000","0.7400","28.0000","89.5800","0.4000","-0.2600","118.0000","54.8300","0.4000","0.4500","70.0000","73.3600","0.2000","48.0000","81.8500","-0.5600","-0.7300","-0.9900","-0.2700","-1.0200","0.6900","0.5379","-0.4100","-0.5200","-0.4900","-0.1900","-0.3200","-0.6400","-1.2100","40.5400","25.8700","12.7400","71.0400","12.3600","84.5600","100.0000","33.9800","25.8700","22.7800","68.3400","67.1800","26.6400","5.0200","259","4/1/2025 16:37","1","1","1.0000","0.2000","0.2000","49.0000","47.0000","65.0000","21.0000","6.0000","0.1200","0.4506","-0.1100","1.5800","2.5100","81.4700","82.2400","75.2900","92.2800","98.0700","0","0","23.1700","200.0000","-0.6200","0.0000","23.1700","200.0000","-0.8100","0","23.1700","200.0000","-0.7700","0","97.3000","8.0000","-0.1400","0.0000","97.3000","8.0000","-0.1500","0","97.3000","8.0000","-0.1600","0.0000","23.1700","200.0000","-1.0900","0.0000","97.3000","8.0000","-0.1500","0.0000","93.8200","17.0000","-0.2200","0","93.8200","17.0000","-0.1800","0.0000","93.8200","17.0000","-0.2000","0","93.8200","17.0000","-0.2100","15","0","0"
"AAD2023.06.02752","49","5475","58","Columbia University","Economics, Department of","Economics, General","48","8.0000","272","8.0000","46","6.0000","5.9100","53.0000","10343","7.0000","45","7.0000","0.9600","162.0000","18","5.0000","28","8.0000","4599239.0000","20.0000","136","8.0000","39","6.0000","82","3.0000","15","5.0000","28","14","9","20","14","0.3100","1.4900","20.0000","92.6600","1.7100","3.4000","5.0000","98.4600","0.9600","0.9000","33.0000","87.6400","5.6700","0.7200","43.0000","83.7800","0.9400","0.8100","51.0000","80.7000","215.4800","2.1700","12.0000","95.7500","38.0300","2.4100","11.0000","96.1400","0.3800","2.7800","6.0000","98.0700","0.5800","2.7400","9.0000","96.9100","95817.4800","0.5100","33.0000","87.6400","164258.5400","0.0000","78.0000","70.2700","2.8300","2.3600","9.0000","96.9100","0.8100","2.2200","11.0000","96.1400","0.8000","9.0000","96.9100","3.2400","3.4300","2.6400","3.7500","2.7400","0.4900","0.1478","2.8300","5.9900","3.0000","0.6700","3.5700","2.4900","2.5200","98.0700","98.4600","97.6800","98.4600","98.0700","79.9200","37.8400","97.3000","99.2300","97.6800","92.6600","97.3000","97.3000","97.3000","259","4/1/2025 16:37","13","8","1.6300","0.2700","0.1700","2.0000","35.0000","3.0000","10.0000","9.0000","4.8600","1.1615","4.5000","2.3400","2.0000","99.6100","86.8700","99.2300","96.5300","96.9100","0","39","97.6800","7.0000","3.6100","0.8100","95.3700","13.0000","1.9600","19","98.8400","4.0000","3.6100","0","97.3000","8.0000","-0.1400","0.0000","97.3000","8.0000","-0.1500","0","97.3000","8.0000","-0.1600","0.4000","95.3700","13.0000","1.9100","0.0000","97.3000","8.0000","-0.1500","0.0000","93.8200","17.0000","-0.2200","0","93.8200","17.0000","-0.1800","0.0000","93.8200","17.0000","-0.2000","0","93.8200","17.0000","-0.2100","15","0","0"
"AAD2023.06.02752","80","5561","58","George Washington University","Economics, Department of","Economics, General","40","18.0000","107","65.0000","32","26.0000","3.3400","190.0000","1215","82.0000","32","27.0000","0.9700","150.0000","1","76.0000","1","86.0000","16620.0000","120.0000","35","32.0000","18","29.0000","11","39.0000","5","32.0000","28","14","9","20","14","0.1300","0.0200","103.0000","60.6200","0.2800","-0.0200","81.0000","69.1100","0.8000","-0.1400","165.0000","36.6800","2.6800","-0.5400","189.0000","27.4100","0.8000","-0.0400","149.0000","42.8600","30.3800","-0.4500","161.0000","38.2200","11.3600","-0.2600","128.0000","50.9700","0.0300","-0.4300","121.0000","53.6700","0.0300","-0.4600","121.0000","53.6700","415.5000","-0.3800","121.0000","53.6700","16620.0000","-0.4500","119.0000","54.4400","0.8800","0.2500","54.0000","79.5400","0.4500","0.6600","58.0000","77.9900","-0.3000","138.0000","47.1000","1.0800","0.6600","1.4600","-0.2700","1.4600","-0.5300","0.2601","0.3900","0.3500","-0.1400","-0.2700","-0.3200","0.3300","1.8200","89.1900","88.0300","89.9600","71.0400","90.3500","27.0300","42.4700","88.0300","85.3300","68.7300","54.0500","67.1800","75.2900","93.4400","259","4/1/2025 16:37","0","0","0.0000","0.0000","0.0000","105.0000","105.0000","105.0000","105.0000","105.0000","-0.5600","-0.6779","-0.4900","-0.5700","-0.5700","59.8500","59.8500","59.8500","59.8500","59.8500","0","33","96.9100","9.0000","2.9600","0.8300","96.5300","10.0000","2.0000","10","93.8200","17.0000","1.5400","0","97.3000","8.0000","-0.1400","0.0000","97.3000","8.0000","-0.1500","0","97.3000","8.0000","-0.1600","0.2500","83.0100","45.0000","0.8100","0.0000","97.3000","8.0000","-0.1500","0.0000","93.8200","17.0000","-0.2200","0","93.8200","17.0000","-0.1800","0.0000","93.8200","17.0000","-0.2000","0","93.8200","17.0000","-0.2100","15","0","0"
"AAD2023.06.02752","90","5582","58","Howard University","Economics, Department of","Economics, General","18","104.0000","44","159.0000","14","113.0000","3.1400","204.0000","497","153.0000","10","159.0000","0.7100","253.0000","3","47.0000","5","39.0000","3003093.0000","29.0000","2","172.0000","2","155.0000","1","150.0000","1","126.0000","28","14","9","20","14","0.0600","-0.5300","171.0000","34.3600","0.0600","-0.5500","178.0000","31.6600","0.7800","-0.2800","184.0000","29.3400","2.4400","-0.6400","203.0000","22.0100","0.5600","-1.5600","238.0000","8.4900","27.6100","-0.4900","169.0000","35.1400","11.3000","-0.2700","130.0000","50.1900","0.1700","0.8700","39.0000","85.3300","0.2800","0.9800","36.0000","86.4900","166838.5000","1.1700","19.0000","93.0500","600618.6000","1.3300","15.0000","94.5900","0.1100","-0.5700","202.0000","22.3900","0.1100","-0.8000","198.0000","23.9400","-0.6000","198.0000","23.9400","-0.5600","-0.4500","-0.5300","0.2100","-0.1900","-0.6100","-2.0815","-0.4100","-0.4400","-0.3900","0.3400","0.2600","-0.4900","-0.0800","40.5400","51.7400","39.0000","82.2400","56.7600","21.6200","2.7000","33.9800","42.4700","41.3100","89.1900","85.3300","39.0000","60.2300","259","4/1/2025 16:37","0","0","0.0000","0.0000","0.0000","105.0000","105.0000","105.0000","105.0000","105.0000","-0.5600","-0.6779","-0.4900","-0.5700","-0.5700","59.8500","59.8500","59.8500","59.8500","59.8500","0","2","50.5800","129.0000","-0.4000","0.1100","42.0800","151.0000","-0.4300","2","57.9200","110.0000","-0.3100","0","97.3000","8.0000","-0.1400","0.0000","97.3000","8.0000","-0.1500","0","97.3000","8.0000","-0.1600","0.1100","48.6500","134.0000","-0.2500","0.0000","97.3000","8.0000","-0.1500","0.0000","93.8200","17.0000","-0.2200","0","93.8200","17.0000","-0.1800","0.0000","93.8200","17.0000","-0.2000","0","93.8200","17.0000","-0.2100","15","0","0"
"AAD2023.06.02752","96","5621","58","Indiana University - Bloomington","Economics, Department of","Economics, General","23","70.0000","93","79.0000","23","57.0000","4.0400","141.0000","620","135.0000","23","56.0000","1.0000","1.0000","0","122.0000","0","122.0000","0.0000","122.0000","11","87.0000","5","98.0000","0","193.0000","0","193.0000","28","14","9","20","14","0.0000","-0.9600","193.0000","25.8700","0.0000","-0.6800","193.0000","25.8700","1.0000","1.1700","1.0000","100.0000","4.0400","0.0300","100.0000","61.7800","1.0000","1.2000","1.0000","100.0000","26.9600","-0.5000","172.0000","33.9800","6.6700","-0.7300","212.0000","18.5300","0.0000","-0.6600","122.0000","53.2800","0.0000","-0.6100","122.0000","53.2800","0.0000","-0.3800","122.0000","53.2800","0.0000","-0.5000","122.0000","53.2800","0.4800","-0.1700","107.0000","59.0700","0.2200","-0.3400","150.0000","42.4700","-0.1000","93.0000","64.4800","-0.2500","-0.7300","0.6400","-0.5000","0.6300","-0.2500","0.5379","-0.1900","-0.5200","-0.3500","-0.2800","-0.4600","0.1500","0.3500","62.5500","25.8700","78.7600","53.2800","78.3800","45.9500","100.0000","66.8000","25.8700","48.2600","53.2800","53.2800","69.8800","73.3600","259","4/1/2025 16:37","0","0","0.0000","0.0000","0.0000","105.0000","105.0000","105.0000","105.0000","105.0000","-0.5600","-0.6779","-0.4900","-0.5700","-0.5700","59.8500","59.8500","59.8500","59.8500","59.8500","0","4","66.8000","87.0000","-0.1900","0.1700","53.6700","121.0000","-0.2100","3","68.3400","83.0000","-0.0800","0","97.3000","8.0000","-0.1400","0.0000","97.3000","8.0000","-0.1500","0","97.3000","8.0000","-0.1600","0.1300","52.5100","124.0000","-0.1000","0.0000","97.3000","8.0000","-0.1500","0.0000","93.8200","17.0000","-0.2200","0","93.8200","17.0000","-0.1800","0.0000","93.8200","17.0000","-0.2000","0","93.8200","17.0000","-0.2100","15","0","0"
"AAD2023.06.02752","99","5694","58","Iowa State University","Economics, Department of","Economics, General","31","37.0000","124","48.0000","27","35.0000","4.5900","104.0000","1334","72.0000","28","33.0000","1.0000","1.0000","6","22.0000","10","23.0000","3712654.0000","25.0000","21","54.0000","11","51.0000","3","100.0000","2","86.0000","28","14","9","20","14","0.0600","-0.4600","168.0000","35.5200","0.1000","-0.4500","152.0000","41.7000","0.8700","0.3300","117.0000","55.2100","4.0000","0.0100","102.0000","61.0000","0.9000","0.6000","80.0000","69.5000","43.0300","-0.2800","131.0000","49.8100","10.7600","-0.3200","141.0000","45.9500","0.1900","1.1100","33.0000","87.6400","0.3200","1.2400","28.0000","89.5800","119763.0300","0.7300","25.0000","90.7300","371265.4000","0.6300","33.0000","87.6400","0.6800","0.0400","78.0000","70.2700","0.3500","0.2500","92.0000","64.8600","-0.1000","93.0000","64.4800","0.3600","-0.1700","1.1000","0.9200","1.0000","-0.0300","0.5379","0.0500","-0.2800","-0.1000","0.4900","0.9800","0.5600","1.0400","80.7000","67.1800","87.6400","91.8900","86.8700","60.2300","100.0000","79.5400","61.7800","72.5900","90.7300","91.5100","81.8500","86.1000","259","4/1/2025 16:37","3","3","1.0000","0.1000","0.1000","18.0000","47.0000","30.0000","51.0000","35.0000","1.4700","0.4506","0.6600","0.4700","0.9200","93.4400","82.2400","88.8000","80.7000","86.8700","0","8","80.3100","52.0000","0.2500","0.2600","69.5000","80.0000","0.0700","5","83.0100","45.0000","0.3800","0","97.3000","8.0000","-0.1400","0.0000","97.3000","8.0000","-0.1500","0","97.3000","8.0000","-0.1600","0.1600","61.7800","100.0000","0.1300","0.0000","97.3000","8.0000","-0.1500","0.0000","93.8200","17.0000","-0.2200","0","93.8200","17.0000","-0.1800","0.0000","93.8200","17.0000","-0.2000","0","93.8200","17.0000","-0.2100","15","0","0"
"AAD2023.06.02752","35","5774","58","Case Western Reserve University","Economics, Department of","Economics, General","10","198.0000","30","199.0000","9","176.0000","3.3300","191.0000","467","155.0000","8","185.0000","0.8900","205.0000","0","122.0000","0","122.0000","0.0000","122.0000","5","129.0000","3","133.0000","1","150.0000","1","126.0000","28","14","9","20","14","0.1000","-0.1800","124.0000","52.5100","0.1000","-0.4400","149.0000","42.8600","0.9000","0.5200","85.0000","67.5700","3.0000","-0.4100","167.0000","35.9100","0.8000","-0.0400","149.0000","42.8600","46.7000","-0.2200","118.0000","54.8300","15.5700","0.1600","76.0000","71.0400","0.0000","-0.6600","122.0000","53.2800","0.0000","-0.6100","122.0000","53.2800","0.0000","-0.3800","122.0000","53.2800","0.0000","-0.5000","122.0000","53.2800","0.5000","-0.1500","103.0000","60.6200","0.3000","0.0200","112.0000","57.1400","-0.1000","93.0000","64.4800","-0.4600","-0.4500","-0.7100","-0.5000","-0.6500","-0.5300","-0.4808","-0.3400","-0.4400","-0.4000","-0.2800","-0.4600","-0.6700","-0.7800","49.0300","51.7400","28.9600","53.2800","32.4300","26.6400","21.2400","50.5800","42.4700","40.5400","53.2800","53.2800","23.5500","23.9400","259","4/1/2025 16:37","1","1","1.0000","0.1000","0.1000","49.0000","47.0000","65.0000","48.0000","32.0000","0.1200","0.4506","-0.1100","0.5000","0.9700","81.4700","82.2400","75.2900","81.8500","88.0300","0","2","50.5800","129.0000","-0.4000","0.2000","61.0000","102.0000","-0.1300","2","57.9200","110.0000","-0.3100","0","97.3000","8.0000","-0.1400","0.0000","97.3000","8.0000","-0.1500","0","97.3000","8.0000","-0.1600","0.2000","74.1300","68.0000","0.4300","0.0000","97.3000","8.0000","-0.1500","0.0000","93.8200","17.0000","-0.2200","0","93.8200","17.0000","-0.1800","0.0000","93.8200","17.0000","-0.2000","0","93.8200","17.0000","-0.2100","15","0","0"
"AAD2023.06.02752","44","5827","58","Clemson University","Economics, Department of","Economics, General","23","70.0000","64","125.0000","17","88.0000","3.7600","160.0000","1065","90.0000","18","80.0000","0.9500","170.0000","0","122.0000","0","122.0000","0.0000","122.0000","19","62.0000","9","63.0000","3","100.0000","2","86.0000","28","14","9","20","14","0.0900","-0.2800","141.0000","45.9500","0.1300","-0.3700","137.0000","47.4900","0.7400","-0.5400","205.0000","21.2400","2.7800","-0.5000","185.0000","28.9600","0.7800","-0.1500","171.0000","34.3600","46.3000","-0.2300","121.0000","53.6700","16.6400","0.2700","71.0000","72.9700","0.0000","-0.6600","122.0000","53.2800","0.0000","-0.6100","122.0000","53.2800","0.0000","-0.3800","122.0000","53.2800","0.0000","-0.5000","122.0000","53.2800","0.8300","0.2000","57.0000","78.3800","0.3900","0.4100","79.0000","69.8800","-0.2000","114.0000","56.3700","0.1600","-0.1700","0.1900","-0.5000","0.0800","-0.3600","0.0554","0.0000","-0.2800","-0.1900","-0.2800","-0.4600","-0.2300","0.3500","76.0600","67.1800","69.5000","53.2800","66.4100","38.6100","34.7500","76.4500","61.7800","65.6400","53.2800","53.2800","52.1200","73.3600","259","4/1/2025 16:37","1","1","1.0000","0.0400","0.0400","49.0000","47.0000","65.0000","93.0000","86.0000","0.1200","0.4506","-0.1100","-0.1000","0.1000","81.4700","82.2400","75.2900","64.4800","67.1800","0","8","80.3100","52.0000","0.2500","0.3500","76.8300","61.0000","0.3800","6","86.1000","37.0000","0.6100","0","97.3000","8.0000","-0.1400","0.0000","97.3000","8.0000","-0.1500","0","97.3000","8.0000","-0.1600","0.2600","84.5600","41.0000","0.8900","0.0000","97.3000","8.0000","-0.1500","0.0000","93.8200","17.0000","-0.2200","0","93.8200","17.0000","-0.1800","0.0000","93.8200","17.0000","-0.2000","0","93.8200","17.0000","-0.2100","15","0","0"
"AAD2023.06.02752","45","5852","58","Cleveland State University","Economics, Department of","Economics, General","5","247.0000","16","231.0000","5","228.0000","3.2000","198.0000","55","242.0000","5","227.0000","1.0000","1.0000","0","122.0000","0","122.0000","0.0000","122.0000","2","172.0000","2","155.0000","0","193.0000","0","193.0000","28","14","9","20","14","0.0000","-0.9600","193.0000","25.8700","0.0000","-0.6800","193.0000","25.8700","1.0000","1.1700","1.0000","100.0000","3.2000","-0.3200","153.0000","41.3100","1.0000","1.2000","1.0000","100.0000","11.0000","-0.7300","232.0000","10.8100","3.4400","-1.0500","248.0000","4.6300","0.0000","-0.6600","122.0000","53.2800","0.0000","-0.6100","122.0000","53.2800","0.0000","-0.3800","122.0000","53.2800","0.0000","-0.5000","122.0000","53.2800","0.4000","-0.2600","118.0000","54.8300","0.4000","0.4500","70.0000","73.3600","-0.3000","138.0000","47.1000","-0.5600","-0.7300","-0.9900","-0.5000","-1.0200","-0.5900","0.5379","-0.4100","-0.5200","-0.5400","-0.2800","-0.4600","-0.8500","-1.2100","40.5400","25.8700","12.7400","53.2800","12.3600","23.9400","100.0000","33.9800","25.8700","6.9500","53.2800","53.2800","11.2000","5.0200","259","4/1/2025 16:37","0","0","0.0000","0.0000","0.0000","105.0000","105.0000","105.0000","105.0000","105.0000","-0.5600","-0.6779","-0.4900","-0.5700","-0.5700","59.8500","59.8500","59.8500","59.8500","59.8500","0","2","50.5800","129.0000","-0.4000","0.4000","82.2400","47.0000","0.5500","2","57.9200","110.0000","-0.3100","0","97.3000","8.0000","-0.1400","0.0000","97.3000","8.0000","-0.1500","0","97.3000","8.0000","-0.1600","0.4000","95.7500","12.0000","1.9400","0.0000","97.3000","8.0000","-0.1500","0.0000","93.8200","17.0000","-0.2200","0","93.8200","17.0000","-0.1800","0.0000","93.8200","17.0000","-0.2000","0","93.8200","17.0000","-0.2100","15","0","0"
"AAD2023.06.02752","66","5941","58","Emory University","Economics, Department of","Economics, General","27","52.0000","110","57.0000","26","40.0000","4.2300","129.0000","4596","21.0000","24","48.0000","0.9200","184.0000","2","58.0000","5","39.0000","889216.0000","59.0000","29","41.0000","16","33.0000","4","88.0000","3","61.0000","28","14","9","20","14","0.1100","-0.0900","114.0000","56.3700","0.1500","-0.3300","126.0000","51.7400","0.9600","0.9300","30.0000","88.8000","4.0700","0.0500","98.0000","62.5500","0.8900","0.5100","91.0000","65.2500","170.2200","1.5300","17.0000","93.8200","41.7800","2.7800","8.0000","97.3000","0.0700","0.0200","83.0000","68.3400","0.1900","0.4500","52.0000","80.3100","32933.9300","-0.0800","68.0000","74.1300","177843.2000","0.0400","73.0000","72.2000","1.0700","0.4700","39.0000","85.3300","0.5900","1.2700","34.0000","87.2600","0.2000","48.0000","81.8500","0.8800","0.1000","0.7300","-0.0300","0.9100","-0.1800","-0.1673","0.2400","-0.2000","1.0200","-0.0900","0.2600","0.3700","0.7000","87.6400","76.8300","81.8500","77.9900","84.9400","50.5800","29.3400","84.5600","66.4100","92.2800","77.6100","85.3300","78.3800","80.3100","259","4/1/2025 16:37","1","1","1.0000","0.0400","0.0400","49.0000","47.0000","65.0000","97.0000","93.0000","0.1200","0.4506","-0.1100","-0.1700","0.0000","81.4700","82.2400","75.2900","62.9300","64.4800","0","7","77.9900","58.0000","0.1400","0.2600","69.8800","79.0000","0.0800","7","88.0300","32.0000","0.8500","0","97.3000","8.0000","-0.1400","0.0000","97.3000","8.0000","-0.1500","0","97.3000","8.0000","-0.1600","0.2600","83.7800","43.0000","0.8800","0.0000","97.3000","8.0000","-0.1500","0.0000","93.8200","17.0000","-0.2200","0","93.8200","17.0000","-0.1800","0.0000","93.8200","17.0000","-0.2000","0","93.8200","17.0000","-0.2100","15","0","0"
"AAD2023.06.02752","74","6168","58","Fordham University","Economics, Department of","Economics, General","23","70.0000","76","107.0000","16","97.0000","4.7500","95.0000","509","146.0000","15","105.0000","0.8800","216.0000","0","122.0000","0","122.0000","0.0000","122.0000","7","107.0000","6","89.0000","14","33.0000","6","23.0000","28","14","9","20","14","0.2600","1.0800","29.0000","89.1900","0.6100","0.7700","36.0000","86.4900","0.7000","-0.8200","222.0000","14.6700","3.3000","-0.2800","145.0000","44.4000","0.6500","-0.9600","223.0000","14.2900","22.1300","-0.5700","191.0000","26.6400","6.7000","-0.7300","211.0000","18.9200","0.0000","-0.6600","122.0000","53.2800","0.0000","-0.6100","122.0000","53.2800","0.0000","-0.3800","122.0000","53.2800","0.0000","-0.5000","122.0000","53.2800","0.3000","-0.3600","144.0000","44.7900","0.2600","-0.1500","127.0000","51.3500","-0.5000","178.0000","31.6600","-0.1500","0.9400","-0.0800","-0.5000","-0.0100","0.0300","-0.5407","-0.2900","0.5900","-0.3800","-0.2800","-0.4600","-0.0700","0.3500","66.0200","91.5100","59.8500","53.2800","62.9300","63.7100","16.9900","59.0700","87.6400","44.0200","53.2800","53.2800","59.0700","73.3600","259","4/1/2025 16:37","2","1","2.0000","0.0900","0.0400","49.0000","13.0000","42.0000","59.0000","86.0000","0.1200","1.5791","0.2700","0.3600","0.1000","81.4700","95.3700","84.1700","77.6100","67.1800","0","4","66.8000","87.0000","-0.1900","0.1700","53.6700","121.0000","-0.2100","4","77.2200","60.0000","0.1500","0","97.3000","8.0000","-0.1400","0.0000","97.3000","8.0000","-0.1500","0","97.3000","8.0000","-0.1600","0.1700","66.8000","87.0000","0.2300","0.0000","97.3000","8.0000","-0.1500","0.0000","93.8200","17.0000","-0.2200","0","93.8200","17.0000","-0.1800","0.0000","93.8200","17.0000","-0.2000","0","93.8200","17.0000","-0.2100","15","0","0"
"AAD2023.06.02752","82","6194","58","Georgia Institute of Technology","Economics, School of","Economics, General","23","70.0000","87","91.0000","21","64.0000","4.1400","134.0000","1588","66.0000","21","64.0000","1.0000","1.0000","0","122.0000","0","122.0000","0.0000","122.0000","9","95.0000","7","83.0000","2","122.0000","2","86.0000","28","14","9","20","14","0.0900","-0.2800","141.0000","45.9500","0.0900","-0.4700","160.0000","38.6100","0.9100","0.6000","76.0000","71.0400","3.7800","-0.0800","116.0000","55.6000","0.9100","0.6600","73.0000","72.2000","69.0400","0.0900","71.0000","72.9700","18.2500","0.4300","60.0000","77.2200","0.0000","-0.6600","122.0000","53.2800","0.0000","-0.6100","122.0000","53.2800","0.0000","-0.3800","122.0000","53.2800","0.0000","-0.5000","122.0000","53.2800","0.3900","-0.2700","125.0000","52.1200","0.3000","0.0300","111.0000","57.5300","0.0000","75.0000","71.4300","-0.0500","-0.1700","0.4600","-0.5000","0.4500","-0.2100","0.5379","-0.2400","-0.3600","-0.0100","-0.2800","-0.4600","0.0700","0.3500","68.3400","67.1800","75.6800","53.2800","75.6800","48.6500","100.0000","63.7100","53.2800","74.9000","53.2800","53.2800","65.2500","73.3600","259","4/1/2025 16:37","0","0","0.0000","0.0000","0.0000","105.0000","105.0000","105.0000","105.0000","105.0000","-0.5600","-0.6779","-0.4900","-0.5700","-0.5700","59.8500","59.8500","59.8500","59.8500","59.8500","0","1","39.0000","159.0000","-0.5100","0.0400","25.1000","195.0000","-0.6600","1","43.6300","147.0000","-0.5400","0","97.3000","8.0000","-0.1400","0.0000","97.3000","8.0000","-0.1500","0","97.3000","8.0000","-0.1600","0.0400","25.1000","195.0000","-0.7600","0.0000","97.3000","8.0000","-0.1500","0.0000","93.8200","17.0000","-0.2200","0","93.8200","17.0000","-0.1800","0.0000","93.8200","17.0000","-0.2000","0","93.8200","17.0000","-0.2100","15","0","0"
"AAD2023.06.02752","102","6244","58","Johns Hopkins University","Economics, Department of","Economics, General","21","81.0000","105","66.0000","18","82.0000","5.8300","57.0000","1957","55.0000","18","80.0000","1.0000","1.0000","1","76.0000","1","86.0000","135543.0000","103.0000","32","36.0000","13","42.0000","7","62.0000","4","48.0000","28","14","9","20","14","0.1900","0.5300","53.0000","79.9200","0.3300","0.1100","64.0000","75.6800","0.8600","0.2400","128.0000","50.9700","5.0000","0.4400","62.0000","76.4500","0.8600","0.3200","115.0000","55.9800","93.1900","0.4300","48.0000","81.8500","18.6400","0.4700","56.0000","78.7600","0.0500","-0.2200","107.0000","59.0700","0.0500","-0.3400","108.0000","58.6900","6454.4300","-0.3200","109.0000","58.3000","135543.0000","-0.0900","89.0000","66.0200","1.5200","0.9500","26.0000","90.3500","0.6200","1.3900","29.0000","89.1900","0.3000","36.0000","86.4900","0.5700","0.3800","0.1900","-0.2700","0.1700","0.4600","0.5379","0.3100","0.0300","0.1100","-0.2500","-0.3200","0.3100","0.1800","84.1700","81.8500","69.5000","71.0400","68.7300","78.3800","100.0000","86.4900","76.4500","79.1500","60.6200","67.1800","74.9000","69.1100","259","4/1/2025 16:37","1","1","1.0000","0.0500","0.0500","49.0000","47.0000","65.0000","89.0000","81.0000","0.1200","0.4506","-0.1100","-0.0600","0.1700","81.4700","82.2400","75.2900","66.0200","69.1100","0","7","77.9900","58.0000","0.1400","0.3300","76.4500","62.0000","0.3300","4","77.2200","60.0000","0.1500","0","97.3000","8.0000","-0.1400","0.0000","97.3000","8.0000","-0.1500","0","97.3000","8.0000","-0.1600","0.1900","69.8800","79.0000","0.3500","0.0000","97.3000","8.0000","-0.1500","0.0000","93.8200","17.0000","-0.2200","0","93.8200","17.0000","-0.1800","0.0000","93.8200","17.0000","-0.2000","0","93.8200","17.0000","-0.2100","15","0","0"
"AAD2023.06.02752","119","6272","58","Marquette University","Economics, Department of","Economics, General","8","224.0000","22","213.0000","6","220.0000","3.6700","169.0000","200","204.0000","6","218.0000","1.0000","1.0000","0","122.0000","0","122.0000","0.0000","122.0000","0","226.0000","0","226.0000","0","193.0000","0","193.0000","28","14","9","20","14","0.0000","-0.9600","193.0000","25.8700","0.0000","-0.6800","193.0000","25.8700","0.7500","-0.4600","198.0000","23.9400","2.7500","-0.5100","186.0000","28.5700","0.7500","-0.3500","187.0000","28.1900","25.0000","-0.5300","177.0000","32.0500","9.0900","-0.4900","170.0000","34.7500","0.0000","-0.6600","122.0000","53.2800","0.0000","-0.6100","122.0000","53.2800","0.0000","-0.3800","122.0000","53.2800","0.0000","-0.5000","122.0000","53.2800","0.0000","-0.6900","226.0000","13.1300","0.0000","-1.2800","226.0000","13.1300","-0.5000","178.0000","31.6600","-0.7700","-0.7300","-0.8900","-0.5000","-0.9300","-0.4000","0.5379","-0.4600","-0.5200","-0.4900","-0.2800","-0.4600","-0.7700","-0.9500","13.1300","25.8700","16.2200","53.2800","15.4400","35.1400","100.0000","13.1300","25.8700","21.6200","53.2800","53.2800","18.1500","13.9000","259","4/1/2025 16:37","0","0","0.0000","0.0000","0.0000","105.0000","105.0000","105.0000","105.0000","105.0000","-0.5600","-0.6779","-0.4900","-0.5700","-0.5700","59.8500","59.8500","59.8500","59.8500","59.8500","0","0","23.1700","200.0000","-0.6200","0.0000","23.1700","200.0000","-0.8100","0","23.1700","200.0000","-0.7700","0","97.3000","8.0000","-0.1400","0.0000","97.3000","8.0000","-0.1500","0","97.3000","8.0000","-0.1600","0.0000","23.1700","200.0000","-1.0900","0.0000","97.3000","8.0000","-0.1500","0.0000","93.8200","17.0000","-0.2200","0","93.8200","17.0000","-0.1800","0.0000","93.8200","17.0000","-0.2000","0","93.8200","17.0000","-0.2100","15","0","0"
"AAD2023.06.02752","132","6320","58","Michigan State University","Economics, Department of","Economics, General","40","18.0000","159","30.0000","36","19.0000","4.4200","118.0000","2666","42.0000","36","19.0000","0.9700","148.0000","5","32.0000","9","26.0000","4552381.0000","21.0000","36","31.0000","18","29.0000","10","44.0000","4","48.0000","28","14","9","20","14","0.1000","-0.1800","124.0000","52.5100","0.2500","-0.0800","90.0000","65.6400","0.9000","0.5200","85.0000","67.5700","3.9800","0.0000","105.0000","59.8500","0.9000","0.5800","81.0000","69.1100","66.6500","0.0600","79.0000","69.8800","16.7700","0.2800","68.0000","74.1300","0.1300","0.4900","56.0000","78.7600","0.2300","0.6800","43.0000","83.7800","113809.5300","0.6800","26.0000","90.3500","505820.1100","1.0400","22.0000","91.8900","0.9000","0.2800","53.0000","79.9200","0.4500","0.6600","58.0000","77.9900","0.0000","75.0000","71.4300","1.0800","0.3800","1.8200","0.6800","1.8300","-0.1000","0.2901","0.4100","0.2700","0.3600","0.6600","0.8300","1.0100","1.8200","89.1900","81.8500","93.0500","88.0300","93.0500","54.8300","43.2400","88.4200","83.4000","84.1700","92.2800","90.3500","88.8000","93.4400","259","4/1/2025 16:37","2","2","1.0000","0.0500","0.0500","26.0000","47.0000","42.0000","82.0000","74.0000","0.7900","0.4506","0.2700","-0.0300","0.2000","90.3500","82.2400","84.1700","68.7300","71.8100","0","9","83.0100","45.0000","0.3600","0.2300","64.8600","92.0000","-0.0400","6","86.1000","37.0000","0.6100","0","97.3000","8.0000","-0.1400","0.0000","97.3000","8.0000","-0.1500","0","97.3000","8.0000","-0.1600","0.1500","59.0700","107.0000","0.0500","0.0000","97.3000","8.0000","-0.1500","0.0000","93.8200","17.0000","-0.2200","0","93.8200","17.0000","-0.1800","0.0000","93.8200","17.0000","-0.2000","0","93.8200","17.0000","-0.2100","15","0","0"
"AAD2023.06.02752","150","6455","58","Northeastern University","Economics, Department of","Economics, General","21","81.0000","73","111.0000","17","88.0000","4.2900","125.0000","1318","74.0000","18","80.0000","1.0000","1.0000","1","76.0000","1","86.0000","312495.0000","87.0000","6","115.0000","5","98.0000","3","100.0000","2","86.0000","28","14","9","20","14","0.1000","-0.2100","133.0000","49.0300","0.1400","-0.3400","128.0000","50.9700","0.8100","-0.0700","161.0000","38.2200","3.4800","-0.2100","133.0000","49.0300","0.8600","0.3200","115.0000","55.9800","62.7600","0.0000","86.0000","67.1800","18.0500","0.4100","61.0000","76.8300","0.0500","-0.2200","107.0000","59.0700","0.0500","-0.3400","108.0000","58.6900","14880.7100","-0.2400","88.0000","66.4100","312495.0000","0.4500","41.0000","84.5600","0.2900","-0.3800","146.0000","44.0200","0.2400","-0.2500","137.0000","47.4900","-0.2000","114.0000","56.3700","-0.2500","-0.1700","0.1900","-0.2700","0.0800","-0.1500","0.5379","-0.3100","-0.2800","-0.1100","-0.2100","-0.3200","-0.1100","0.1800","62.5500","67.1800","69.5000","71.0400","66.4100","52.1200","100.0000","55.9800","61.7800","71.8100","66.8000","67.1800","57.5300","69.1100","259","4/1/2025 16:37","0","0","0.0000","0.0000","0.0000","105.0000","105.0000","105.0000","105.0000","105.0000","-0.5600","-0.6779","-0.4900","-0.5700","-0.5700","59.8500","59.8500","59.8500","59.8500","59.8500","0","3","60.6200","103.0000","-0.2900","0.1400","46.3300","140.0000","-0.3200","3","68.3400","83.0000","-0.0800","0","97.3000","8.0000","-0.1400","0.0000","97.3000","8.0000","-0.1500","0","97.3000","8.0000","-0.1600","0.1400","57.1400","112.0000","-0.0100","0.0000","97.3000","8.0000","-0.1500","0.0000","93.8200","17.0000","-0.2200","0","93.8200","17.0000","-0.1800","0.0000","93.8200","17.0000","-0.2000","0","93.8200","17.0000","-0.2100","15","0","0"
"AAD2023.06.02752","152","6494","58","Northern Illinois University","Economics, Department of","Economics, General","10","198.0000","19","224.0000","7","206.0000","2.7100","227.0000","43","247.0000","7","203.0000","1.0000","1.0000","0","122.0000","0","122.0000","0.0000","122.0000","2","172.0000","2","155.0000","0","193.0000","0","193.0000","28","14","9","20","14","0.0000","-0.9600","193.0000","25.8700","0.0000","-0.6800","193.0000","25.8700","0.7000","-0.7900","219.0000","15.8300","1.9000","-0.8700","230.0000","11.5800","0.7000","-0.6600","202.0000","22.3900","4.3000","-0.8200","252.0000","3.0900","2.2600","-1.1700","255.0000","1.9300","0.0000","-0.6600","122.0000","53.2800","0.0000","-0.6100","122.0000","53.2800","0.0000","-0.3800","122.0000","53.2800","0.0000","-0.5000","122.0000","53.2800","0.2000","-0.4700","174.0000","33.2000","0.2000","-0.4100","154.0000","40.9300","-0.9000","237.0000","8.8800","-0.5600","-0.7300","-0.8000","-0.5000","-0.8300","-0.7800","0.5379","-0.4100","-0.5200","-0.5400","-0.2800","-0.4600","-0.8100","-0.7800","40.5400","25.8700","22.0100","53.2800","20.8500","12.7400","100.0000","33.9800","25.8700","5.0200","53.2800","53.2800","13.9000","23.9400","259","4/1/2025 16:37","0","0","0.0000","0.0000","0.0000","105.0000","105.0000","105.0000","105.0000","105.0000","-0.5600","-0.6779","-0.4900","-0.5700","-0.5700","59.8500","59.8500","59.8500","59.8500","59.8500","0","0","23.1700","200.0000","-0.6200","0.0000","23.1700","200.0000","-0.8100","0","23.1700","200.0000","-0.7700","0","97.3000","8.0000","-0.1400","0.0000","97.3000","8.0000","-0.1500","0","97.3000","8.0000","-0.1600","0.0000","23.1700","200.0000","-1.0900","0.0000","97.3000","8.0000","-0.1500","0.0000","93.8200","17.0000","-0.2200","0","93.8200","17.0000","-0.1800","0.0000","93.8200","17.0000","-0.2000","0","93.8200","17.0000","-0.2100","15","0","0"
"AAD2023.06.02752","159","6533","58","Old Dominion University","Economics, Department of","Economics, General","9","212.0000","38","171.0000","8","194.0000","4.7500","95.0000","177","210.0000","7","203.0000","0.8800","219.0000","0","122.0000","0","122.0000","0.0000","122.0000","1","201.0000","1","196.0000","0","193.0000","0","193.0000","28","14","9","20","14","0.0000","-0.9600","193.0000","25.8700","0.0000","-0.6800","193.0000","25.8700","0.8900","0.4400","97.0000","62.9300","4.2200","0.1100","90.0000","65.6400","0.7800","-0.1800","172.0000","33.9800","19.6700","-0.6100","200.0000","23.1700","4.6600","-0.9300","237.0000","8.8800","0.0000","-0.6600","122.0000","53.2800","0.0000","-0.6100","122.0000","53.2800","0.0000","-0.3800","122.0000","53.2800","0.0000","-0.5000","122.0000","53.2800","0.1100","-0.5700","202.0000","22.3900","0.1100","-0.8000","198.0000","23.9400","-0.3000","138.0000","47.1000","-0.6600","-0.7300","-0.8000","-0.5000","-0.7400","0.0300","-0.6081","-0.4300","-0.5200","-0.5000","-0.2800","-0.4600","-0.5700","-0.8600","24.7100","25.8700","22.0100","53.2800","25.4800","63.7100","15.8300","22.7800","25.8700","19.3100","53.2800","53.2800","34.3600","18.5300","259","4/1/2025 16:37","0","0","0.0000","0.0000","0.0000","105.0000","105.0000","105.0000","105.0000","105.0000","-0.5600","-0.6779","-0.4900","-0.5700","-0.5700","59.8500","59.8500","59.8500","59.8500","59.8500","0","1","39.0000","159.0000","-0.5100","0.1100","42.0800","151.0000","-0.4300","1","43.6300","147.0000","-0.5400","0","97.3000","8.0000","-0.1400","0.0000","97.3000","8.0000","-0.1500","0","97.3000","8.0000","-0.1600","0.1100","48.6500","134.0000","-0.2500","0.0000","97.3000","8.0000","-0.1500","0.0000","93.8200","17.0000","-0.2200","0","93.8200","17.0000","-0.1800","0.0000","93.8200","17.0000","-0.2000","0","93.8200","17.0000","-0.2100","15","0","0"
"AAD2023.06.02752","177","6613","58","Rutgers - New Brunswick","Finance and Economics, Department of","Economics, General","24","64.0000","86","92.0000","19","76.0000","4.5300","108.0000","1836","56.0000","19","73.0000","1.0000","1.0000","0","122.0000","0","122.0000","0.0000","122.0000","9","95.0000","6","89.0000","18","22.0000","4","48.0000","28","14","9","20","14","0.1700","0.3400","64.0000","75.6800","0.7500","1.1100","26.0000","90.3500","0.7900","-0.1900","180.0000","30.8900","3.5800","-0.1600","127.0000","51.3500","0.7900","-0.0900","165.0000","36.6800","76.5000","0.2000","58.0000","77.9900","21.3500","0.7400","43.0000","83.7800","0.0000","-0.6600","122.0000","53.2800","0.0000","-0.6100","122.0000","53.2800","0.0000","-0.3800","122.0000","53.2800","0.0000","-0.5000","122.0000","53.2800","0.3800","-0.2900","127.0000","51.3500","0.2500","-0.2000","129.0000","50.5800","-0.1000","93.0000","64.4800","-0.1500","0.3800","0.2800","-0.5000","0.2700","-0.0600","0.5379","-0.2400","0.9100","0.0700","-0.2800","-0.4600","0.0600","0.4400","66.0200","81.8500","72.2000","53.2800","71.0400","58.6900","100.0000","63.7100","91.8900","78.7600","53.2800","53.2800","64.8600","75.6800","259","4/1/2025 16:37","0","0","0.0000","0.0000","0.0000","105.0000","105.0000","105.0000","105.0000","105.0000","-0.5600","-0.6779","-0.4900","-0.5700","-0.5700","59.8500","59.8500","59.8500","59.8500","59.8500","0","3","60.6200","103.0000","-0.2900","0.1300","44.7900","144.0000","-0.3800","3","68.3400","83.0000","-0.0800","0","97.3000","8.0000","-0.1400","0.0000","97.3000","8.0000","-0.1500","0","97.3000","8.0000","-0.1600","0.1300","51.7400","126.0000","-0.1400","0.0000","97.3000","8.0000","-0.1500","0.0000","93.8200","17.0000","-0.2200","0","93.8200","17.0000","-0.1800","0.0000","93.8200","17.0000","-0.2000","0","93.8200","17.0000","-0.2100","15","0","0"
"AAD2023.06.02752","177","6619","58","Rutgers - New Brunswick","Economics, Department of","Economics, General","35","28.0000","111","56.0000","28","31.0000","3.9600","147.0000","1409","71.0000","28","33.0000","0.9700","152.0000","0","122.0000","0","122.0000","0.0000","122.0000","32","36.0000","14","38.0000","14","33.0000","4","48.0000","28","14","9","20","14","0.1100","-0.0700","113.0000","56.7600","0.4000","0.2700","58.0000","77.9900","0.8000","-0.1400","165.0000","36.6800","3.1700","-0.3300","157.0000","39.7700","0.8000","-0.0400","149.0000","42.8600","40.2600","-0.3100","137.0000","47.4900","12.6900","-0.1300","103.0000","60.6200","0.0000","-0.6600","122.0000","53.2800","0.0000","-0.6100","122.0000","53.2800","0.0000","-0.3800","122.0000","53.2800","0.0000","-0.5000","122.0000","53.2800","0.9100","0.2900","51.0000","80.7000","0.4000","0.4500","70.0000","73.3600","-0.2000","114.0000","56.3700","0.6700","0.3800","1.1000","-0.5000","1.0900","-0.2800","0.2218","0.3100","0.5900","-0.0700","-0.2800","-0.4600","0.3900","1.3900","85.7100","81.8500","87.6400","53.2800","88.4200","43.6300","41.7000","86.4900","87.6400","72.9700","53.2800","53.2800","78.7600","89.5800","259","4/1/2025 16:37","0","0","0.0000","0.0000","0.0000","105.0000","105.0000","105.0000","105.0000","105.0000","-0.5600","-0.6779","-0.4900","-0.5700","-0.5700","59.8500","59.8500","59.8500","59.8500","59.8500","0","11","86.8700","35.0000","0.5700","0.3100","74.9000","66.0000","0.2600","7","88.0300","32.0000","0.8500","0","97.3000","8.0000","-0.1400","0.0000","97.3000","8.0000","-0.1500","0","97.3000","8.0000","-0.1600","0.2000","74.1300","68.0000","0.4300","0.0000","97.3000","8.0000","-0.1500","0.0000","93.8200","17.0000","-0.2200","0","93.8200","17.0000","-0.1800","0.0000","93.8200","17.0000","-0.2000","0","93.8200","17.0000","-0.2100","15","0","0"
"AAD2023.06.02752","205","6765","58","Stony Brook University, State University of New York","Economics, Department of","Economics, General","16","127.0000","41","164.0000","14","113.0000","2.9300","216.0000","384","170.0000","12","131.0000","0.8600","223.0000","3","47.0000","5","39.0000","782628.0000","66.0000","3","154.0000","2","155.0000","0","193.0000","0","193.0000","28","14","9","20","14","0.0000","-0.9600","193.0000","25.8700","0.0000","-0.6800","193.0000","25.8700","0.8800","0.3500","108.0000","58.6900","2.5600","-0.5900","197.0000","24.3200","0.7500","-0.3500","187.0000","28.1900","24.0000","-0.5400","182.0000","30.1200","9.3700","-0.4600","165.0000","36.6800","0.1900","1.0600","34.0000","87.2600","0.3100","1.1800","30.0000","88.8000","48914.2500","0.0700","55.0000","79.1500","156525.6000","-0.0200","82.0000","68.7300","0.1900","-0.4900","181.0000","30.5000","0.1300","-0.7400","191.0000","26.6400","-0.4000","157.0000","39.7700","-0.5600","-0.7300","-0.3500","0.2100","-0.1900","-0.6900","-0.7718","-0.3900","-0.5200","-0.4300","-0.1200","0.2600","-0.5300","-0.2600","40.5400","25.8700","49.8100","82.2400","56.7600","16.9900","14.2900","40.9300","25.8700","34.7500","74.9000","85.3300","37.0700","51.3500","259","4/1/2025 16:37","0","0","0.0000","0.0000","0.0000","105.0000","105.0000","105.0000","105.0000","105.0000","-0.5600","-0.6779","-0.4900","-0.5700","-0.5700","59.8500","59.8500","59.8500","59.8500","59.8500","0","4","66.8000","87.0000","-0.1900","0.2500","68.7300","82.0000","0.0400","3","68.3400","83.0000","-0.0800","0","97.3000","8.0000","-0.1400","0.0000","97.3000","8.0000","-0.1500","0","97.3000","8.0000","-0.1600","0.1900","69.5000","80.0000","0.3300","0.0000","97.3000","8.0000","-0.1500","0.0000","93.8200","17.0000","-0.2200","0","93.8200","17.0000","-0.1800","0.0000","93.8200","17.0000","-0.2000","0","93.8200","17.0000","-0.2100","15","0","0"
"AAD2023.06.02752","212","6849","58","Temple University","Economics, Department of","Economics, General","18","104.0000","14","234.0000","8","194.0000","1.7500","249.0000","233","191.0000","10","159.0000","0.9100","193.0000","0","122.0000","0","122.0000","0.0000","122.0000","4","138.0000","4","114.0000","11","39.0000","4","48.0000","28","14","9","20","14","0.2200","0.7800","38.0000","85.7100","0.6100","0.7800","35.0000","86.8700","0.4400","-2.4600","252.0000","3.0900","0.7800","-1.3400","250.0000","3.8600","0.5600","-1.5600","238.0000","8.4900","12.9400","-0.7000","225.0000","13.5100","16.6400","0.2700","70.0000","73.3600","0.0000","-0.6600","122.0000","53.2800","0.0000","-0.6100","122.0000","53.2800","0.0000","-0.3800","122.0000","53.2800","0.0000","-0.5000","122.0000","53.2800","0.2200","-0.4500","168.0000","35.5200","0.2200","-0.3200","144.0000","44.7900","-0.9000","237.0000","8.8800","-0.3500","0.3800","-0.5300","-0.5000","-0.7400","-1.1600","-0.2956","-0.3600","0.3500","-0.4800","-0.2800","-0.4600","-0.8800","-0.0800","56.3700","81.8500","39.0000","53.2800","25.4800","4.2500","25.8700","47.1000","85.3300","26.6400","53.2800","53.2800","10.0400","60.2300","259","4/1/2025 16:37","0","0","0.0000","0.0000","0.0000","105.0000","105.0000","105.0000","105.0000","105.0000","-0.5600","-0.6779","-0.4900","-0.5700","-0.5700","59.8500","59.8500","59.8500","59.8500","59.8500","0","7","77.9900","58.0000","0.1400","0.3900","80.7000","51.0000","0.5200","5","83.0100","45.0000","0.3800","0","97.3000","8.0000","-0.1400","0.0000","97.3000","8.0000","-0.1500","0","97.3000","8.0000","-0.1600","0.2800","86.4900","36.0000","1.0200","0.0000","97.3000","8.0000","-0.1500","0.0000","93.8200","17.0000","-0.2200","0","93.8200","17.0000","-0.1800","0.0000","93.8200","17.0000","-0.2000","0","93.8200","17.0000","-0.2100","15","0","0"
"AAD2023.06.02752","221","6930","58","Texas State University","Finance and Economics, Department of","Economics, General","28","45.0000","55","137.0000","25","43.0000","2.2000","238.0000","381","171.0000","21","64.0000","0.8100","235.0000","1","76.0000","1","86.0000","294404.0000","90.0000","2","172.0000","2","155.0000","1","150.0000","1","126.0000","28","14","9","20","14","0.0400","-0.6800","188.0000","27.8000","0.0400","-0.6000","191.0000","26.6400","0.8900","0.4700","94.0000","64.0900","1.9600","-0.8400","227.0000","12.7400","0.7500","-0.3500","187.0000","28.1900","13.6100","-0.6900","223.0000","14.2900","6.9300","-0.7000","207.0000","20.4600","0.0400","-0.3300","116.0000","55.6000","0.0400","-0.4000","117.0000","55.2100","10514.4300","-0.2800","94.0000","64.0900","294404.0000","0.3900","44.0000","83.4000","0.0700","-0.6100","215.0000","17.3700","0.0700","-0.9700","213.0000","18.1500","-0.7000","214.0000","17.7600","-0.5600","-0.4500","0.4600","-0.2700","0.8200","-0.9800","-1.2252","-0.4100","-0.4400","-0.4300","-0.2200","-0.3200","-0.3400","0.7800","40.5400","51.7400","75.6800","71.0400","83.7800","8.4900","9.6500","33.9800","42.4700","34.3600","65.6400","67.1800","47.4900","83.0100","259","4/1/2025 16:37","5","2","2.5000","0.1800","0.0700","26.0000","11.0000","15.0000","28.0000","54.0000","0.7900","2.1433","1.4300","1.3500","0.5300","90.3500","96.1400","94.5900","89.5800","79.5400","0","2","50.5800","129.0000","-0.4000","0.0700","32.8200","175.0000","-0.5600","2","57.9200","110.0000","-0.3100","0","97.3000","8.0000","-0.1400","0.0000","97.3000","8.0000","-0.1500","0","97.3000","8.0000","-0.1600","0.0700","35.1400","169.0000","-0.5500","0.0000","97.3000","8.0000","-0.1500","0.0000","93.8200","17.0000","-0.2200","0","93.8200","17.0000","-0.1800","0.0000","93.8200","17.0000","-0.2000","0","93.8200","17.0000","-0.2100","15","0","0"
"AAD2023.06.02752","229","6974","58","University of Texas at Austin, The","Economics, Department of","Economics, General","39","22.0000","161","29.0000","34","22.0000","4.7400","97.0000","4151","25.0000","36","19.0000","1.0000","1.0000","6","22.0000","8","30.0000","2071528.0000","36.0000","56","21.0000","28","18.0000","0","193.0000","0","193.0000","28","14","9","20","14","0.0000","-0.9600","193.0000","25.8700","0.0000","-0.6800","193.0000","25.8700","0.8700","0.3300","116.0000","55.6000","4.1300","0.0700","95.0000","63.7100","0.9200","0.7200","62.0000","76.4500","106.4400","0.6200","38.0000","85.7100","25.7800","1.1800","29.0000","89.1900","0.1500","0.7500","45.0000","83.0100","0.2100","0.5700","46.0000","82.6300","53116.1000","0.1100","51.0000","80.7000","258941.0000","0.2900","58.0000","77.9900","1.4400","0.8600","28.0000","89.5800","0.7200","1.8100","18.0000","93.4400","0.4000","26.0000","90.3500","2.1100","-0.7300","1.8200","0.9200","1.6400","0.0300","0.5379","0.8900","-0.5200","0.8700","0.1500","0.6900","1.0400","1.7400","93.4400","25.8700","93.0500","91.8900","91.8900","62.9300","100.0000","92.2800","25.8700","90.7300","86.4900","88.8000","89.1900","91.8900","259","4/1/2025 16:37","2","2","1.0000","0.0500","0.0500","26.0000","47.0000","42.0000","81.0000","73.0000","0.7900","0.4506","0.2700","-0.0200","0.2200","90.3500","82.2400","84.1700","69.1100","72.2000","0","12","88.0300","32.0000","0.6800","0.3100","74.1300","68.0000","0.2400","7","88.0300","32.0000","0.8500","0","97.3000","8.0000","-0.1400","0.0000","97.3000","8.0000","-0.1500","0","97.3000","8.0000","-0.1600","0.1800","67.1800","86.0000","0.2700","0.0000","97.3000","8.0000","-0.1500","0.0000","93.8200","17.0000","-0.2200","0","93.8200","17.0000","-0.1800","0.0000","93.8200","17.0000","-0.2000","0","93.8200","17.0000","-0.2100","15","0","0"
"AAD2023.06.02752","238","7037","58","Tulane University","Economics, Department of","Economics, General","21","81.0000","91","85.0000","18","82.0000","5.0600","83.0000","942","111.0000","18","80.0000","1.0000","1.0000","3","47.0000","4","51.0000","5263817.0000","16.0000","12","86.0000","3","133.0000","11","39.0000","3","61.0000","28","14","9","20","14","0.1400","0.1600","85.0000","67.5700","0.5200","0.5700","47.0000","82.2400","0.8600","0.2400","128.0000","50.9700","4.3300","0.1600","87.0000","66.8000","0.8600","0.3200","115.0000","55.9800","44.8600","-0.2500","125.0000","52.1200","10.3500","-0.3600","147.0000","43.6300","0.1400","0.6500","49.0000","81.4700","0.1900","0.4800","51.0000","80.7000","250657.9500","1.9500","8.0000","97.3000","1315954.2500","3.5000","5.0000","98.4600","0.5700","-0.0700","92.0000","64.8600","0.1400","-0.6600","178.0000","31.6600","0.0000","75.0000","71.4300","-0.4600","0.1000","0.1900","0.2100","0.1700","0.1500","0.5379","-0.1700","0.3500","-0.2300","0.8100","0.1100","0.1300","0.1800","49.0300","76.8300","69.5000","82.2400","68.7300","68.3400","100.0000","67.1800","85.3300","57.5300","94.2100","80.7000","67.5700","69.1100","259","4/1/2025 16:37","1","1","1.0000","0.0500","0.0500","49.0000","47.0000","65.0000","89.0000","81.0000","0.1200","0.4506","-0.1100","-0.0600","0.1700","81.4700","82.2400","75.2900","66.0200","69.1100","0","7","77.9900","58.0000","0.1400","0.3300","76.4500","62.0000","0.3300","3","68.3400","83.0000","-0.0800","0","97.3000","8.0000","-0.1400","0.0000","97.3000","8.0000","-0.1500","0","97.3000","8.0000","-0.1600","0.1400","57.1400","112.0000","-0.0100","0.0000","97.3000","8.0000","-0.1500","0.0000","93.8200","17.0000","-0.2200","0","93.8200","17.0000","-0.1800","0.0000","93.8200","17.0000","-0.2000","0","93.8200","17.0000","-0.2100","15","0","0"
"AAD2023.06.02752","243","7150","58","University of Alabama, The","Economics, Finance and Legal Studies, Department of","Economics, General","36","27.0000","171","26.0000","34","22.0000","5.0300","84.0000","2029","52.0000","35","22.0000","1.0000","1.0000","1","76.0000","1","86.0000","128775.0000","104.0000","22","52.0000","13","42.0000","4","88.0000","4","48.0000","28","14","9","20","14","0.1100","-0.0900","114.0000","56.3700","0.1100","-0.4200","140.0000","46.3300","0.9400","0.8100","41.0000","84.5600","4.7500","0.3300","70.0000","73.3600","0.9700","1.0300","30.0000","88.8000","56.3600","-0.0900","99.0000","62.1600","11.8700","-0.2100","120.0000","54.0500","0.0300","-0.4000","120.0000","54.0500","0.0300","-0.4500","120.0000","54.0500","3577.0800","-0.3500","114.0000","56.3700","128775.0000","-0.1100","92.0000","64.8600","0.6100","-0.0300","87.0000","66.8000","0.3600","0.2800","89.0000","66.0200","0.1000","62.0000","76.4500","0.5700","0.3800","1.7300","-0.2700","1.6400","0.1400","0.5379","0.0700","-0.2000","0.1400","-0.2500","-0.3200","1.1700","1.4800","84.1700","81.8500","91.8900","71.0400","91.8900","67.9500","100.0000","80.3100","66.4100","80.3100","60.2300","67.1800","90.3500","89.9600","259","4/1/2025 16:37","2","2","1.0000","0.0600","0.0600","26.0000","47.0000","42.0000","78.0000","70.0000","0.7900","0.4506","0.2700","0.0300","0.2900","90.3500","82.2400","84.1700","70.2700","73.3600","0","1","39.0000","159.0000","-0.5100","0.0300","23.5500","199.0000","-0.7100","1","43.6300","147.0000","-0.5400","0","97.3000","8.0000","-0.1400","0.0000","97.3000","8.0000","-0.1500","0","97.3000","8.0000","-0.1600","0.0300","23.5500","199.0000","-0.8800","0.0000","97.3000","8.0000","-0.1500","0.0000","93.8200","17.0000","-0.2200","0","93.8200","17.0000","-0.1800","0.0000","93.8200","17.0000","-0.2000","0","93.8200","17.0000","-0.2100","15","0","0"
"AAD2023.06.02752","244","7351","58","University of Alabama at Birmingham, The","Marketing, Industrial Distribution and Economics, Department of","Economics, General","15","131.0000","47","154.0000","11","153.0000","4.2700","127.0000","869","116.0000","12","131.0000","1.0000","1.0000","0","122.0000","0","122.0000","0.0000","122.0000","2","172.0000","2","155.0000","1","150.0000","1","126.0000","28","14","9","20","14","0.0700","-0.4400","161.0000","38.2200","0.0700","-0.5200","172.0000","33.9800","0.7300","-0.5700","207.0000","20.4600","3.1300","-0.3500","159.0000","39.0000","0.8000","-0.0400","149.0000","42.8600","57.9300","-0.0600","97.0000","62.9300","18.4900","0.4500","57.0000","78.3800","0.0000","-0.6600","122.0000","53.2800","0.0000","-0.6100","122.0000","53.2800","0.0000","-0.3800","122.0000","53.2800","0.0000","-0.5000","122.0000","53.2800","0.1300","-0.5400","193.0000","25.8700","0.1300","-0.7000","184.0000","29.3400","-0.4000","157.0000","39.7700","-0.5600","-0.4500","-0.3500","-0.5000","-0.4700","-0.1600","0.5379","-0.4100","-0.4400","-0.2600","-0.2800","-0.4600","-0.4500","-0.3400","40.5400","51.7400","49.8100","53.2800","41.3100","51.3500","100.0000","33.9800","42.4700","55.6000","53.2800","53.2800","40.9300","49.8100","259","4/1/2025 16:37","3","2","1.5000","0.2000","0.1300","26.0000","36.0000","30.0000","21.0000","13.0000","0.7900","1.0148","0.6600","1.5800","1.4800","90.3500","86.4900","88.8000","92.2800","95.3700","0","0","23.1700","200.0000","-0.6200","0.0000","23.1700","200.0000","-0.8100","0","23.1700","200.0000","-0.7700","0","97.3000","8.0000","-0.1400","0.0000","97.3000","8.0000","-0.1500","0","97.3000","8.0000","-0.1600","0.0000","23.1700","200.0000","-1.0900","0.0000","97.3000","8.0000","-0.1500","0.0000","93.8200","17.0000","-0.2200","0","93.8200","17.0000","-0.1800","0.0000","93.8200","17.0000","-0.2000","0","93.8200","17.0000","-0.2100","15","0","0"
"AAD2023.06.02752","247","7425","58","University of Arizona, The","Economics, Department of","Economics, General","19","100.0000","77","105.0000","17","88.0000","4.5300","107.0000","992","103.0000","17","89.0000","1.0000","1.0000","5","32.0000","9","26.0000","605252.0000","74.0000","20","59.0000","8","74.0000","2","122.0000","2","86.0000","28","14","9","20","14","0.1100","-0.1400","122.0000","53.2800","0.1100","-0.4300","148.0000","43.2400","0.8900","0.4800","92.0000","64.8600","4.0500","0.0400","99.0000","62.1600","0.8900","0.5500","87.0000","66.8000","52.2100","-0.1500","107.0000","59.0700","12.8800","-0.1100","98.0000","62.5500","0.2600","1.7500","22.0000","91.8900","0.4700","2.1100","15.0000","94.5900","31855.3700","-0.0900","69.0000","73.7500","67250.2200","-0.3000","112.0000","57.1400","1.0500","0.4400","41.0000","84.5600","0.4200","0.5400","66.0000","74.9000","0.1000","62.0000","76.4500","0.0600","-0.1700","0.1000","0.6800","0.0800","-0.0600","0.5379","0.0200","-0.3600","-0.2200","-0.1500","0.8300","-0.0600","0.0000","71.8100","67.1800","66.0200","88.0300","66.4100","59.0700","100.0000","77.6100","53.2800","60.6200","71.8100","90.3500","59.8500","61.7800","259","4/1/2025 16:37","0","0","0.0000","0.0000","0.0000","105.0000","105.0000","105.0000","105.0000","105.0000","-0.5600","-0.6779","-0.4900","-0.5700","-0.5700","59.8500","59.8500","59.8500","59.8500","59.8500","0","8","80.3100","52.0000","0.2500","0.4200","83.7800","43.0000","0.6300","4","77.2200","60.0000","0.1500","0","97.3000","8.0000","-0.1400","0.0000","97.3000","8.0000","-0.1500","0","97.3000","8.0000","-0.1600","0.2100","75.6800","64.0000","0.5100","0.0000","97.3000","8.0000","-0.1500","0.0000","93.8200","17.0000","-0.2200","0","93.8200","17.0000","-0.1800","0.0000","93.8200","17.0000","-0.2000","0","93.8200","17.0000","-0.2100","15","0","0"
"AAD2023.06.02752","286","7653","58","University of Louisville","Economics, Department of","Economics, General","13","157.0000","41","164.0000","9","176.0000","4.5600","105.0000","952","109.0000","8","185.0000","0.8900","205.0000","0","122.0000","0","122.0000","0.0000","122.0000","1","201.0000","1","196.0000","0","193.0000","0","193.0000","28","14","9","20","14","0.0000","-0.9600","193.0000","25.8700","0.0000","-0.6800","193.0000","25.8700","0.6900","-0.8400","223.0000","14.2900","3.1500","-0.3400","158.0000","39.3800","0.6200","-1.1900","229.0000","11.9700","73.2300","0.1500","62.0000","76.4500","23.2200","0.9300","36.0000","86.4900","0.0000","-0.6600","122.0000","53.2800","0.0000","-0.6100","122.0000","53.2800","0.0000","-0.3800","122.0000","53.2800","0.0000","-0.5000","122.0000","53.2800","0.0800","-0.6100","212.0000","18.5300","0.0800","-0.9400","210.0000","19.3100","-0.4000","157.0000","39.7700","-0.6600","-0.7300","-0.7100","-0.5000","-0.6500","-0.0500","-0.4808","-0.4300","-0.5200","-0.2300","-0.2800","-0.4600","-0.5300","-0.5200","24.7100","25.8700","28.9600","53.2800","32.4300","59.8500","21.2400","22.7800","25.8700","58.3000","53.2800","53.2800","37.0700","39.7700","259","4/1/2025 16:37","0","0","0.0000","0.0000","0.0000","105.0000","105.0000","105.0000","105.0000","105.0000","-0.5600","-0.6779","-0.4900","-0.5700","-0.5700","59.8500","59.8500","59.8500","59.8500","59.8500","0","3","60.6200","103.0000","-0.2900","0.2300","66.4100","88.0000","-0.0200","2","57.9200","110.0000","-0.3100","0","97.3000","8.0000","-0.1400","0.0000","97.3000","8.0000","-0.1500","0","97.3000","8.0000","-0.1600","0.1500","61.0000","102.0000","0.0800","0.0000","97.3000","8.0000","-0.1500","0.0000","93.8200","17.0000","-0.2200","0","93.8200","17.0000","-0.1800","0.0000","93.8200","17.0000","-0.2000","0","93.8200","17.0000","-0.2100","15","0","0"
"AAD2023.06.02752","289","7727","58","University of Maryland, College Park","Economics, Department of","Economics, General","33","32.0000","170","27.0000","32","26.0000","5.3100","72.0000","3644","29.0000","31","29.0000","0.9700","151.0000","12","14.0000","16","17.0000","2960443.0000","31.0000","53","23.0000","21","26.0000","14","33.0000","6","23.0000","28","14","9","20","14","0.1800","0.4600","57.0000","78.3800","0.4200","0.3300","57.0000","78.3800","0.9700","0.9700","29.0000","89.1900","5.1500","0.5000","55.0000","79.1500","0.9400","0.8300","50.0000","81.0800","110.4200","0.6800","35.0000","86.8700","21.4400","0.7500","42.0000","84.1700","0.3600","2.6700","8.0000","97.3000","0.4800","2.1700","14.0000","94.9800","89710.3900","0.4500","37.0000","86.1000","185027.6900","0.0600","71.0000","72.9700","1.6100","1.0400","23.0000","91.5100","0.6400","1.4600","26.0000","90.3500","0.5000","21.0000","92.2800","1.3900","0.9400","1.3700","2.3300","1.4600","0.2500","0.2514","0.8200","0.5900","0.7000","0.3400","1.8400","1.1600","1.2200","90.3500","91.5100","89.1900","94.9800","90.3500","72.5900","42.0800","91.5100","87.6400","89.1900","88.4200","93.8200","89.9600","88.0300","259","4/1/2025 16:37","0","0","0.0000","0.0000","0.0000","105.0000","105.0000","105.0000","105.0000","105.0000","-0.5600","-0.6779","-0.4900","-0.5700","-0.5700","59.8500","59.8500","59.8500","59.8500","59.8500","0","12","88.0300","32.0000","0.6800","0.3600","78.7600","56.0000","0.4300","5","83.0100","45.0000","0.3800","0","97.3000","8.0000","-0.1400","0.0000","97.3000","8.0000","-0.1500","0","97.3000","8.0000","-0.1600","0.1500","59.4600","106.0000","0.0600","0.0000","97.3000","8.0000","-0.1500","0.0000","93.8200","17.0000","-0.2200","0","93.8200","17.0000","-0.1800","0.0000","93.8200","17.0000","-0.2000","0","93.8200","17.0000","-0.2100","15","0","0"
"AAD2023.06.02752","299","7848","58","University of Miami","Economics, Department of","Economics, General","12","171.0000","62","127.0000","9","176.0000","6.8900","33.0000","773","124.0000","10","159.0000","1.0000","1.0000","1","76.0000","2","72.0000","448417.0000","81.0000","5","129.0000","4","114.0000","3","100.0000","2","86.0000","28","14","9","20","14","0.1700","0.3400","64.0000","75.6800","0.2500","-0.0800","90.0000","65.6400","0.7500","-0.4600","198.0000","23.9400","5.1700","0.5100","54.0000","79.5400","0.8300","0.1700","130.0000","50.1900","64.4200","0.0300","83.0000","68.3400","12.4700","-0.1500","108.0000","58.6900","0.0800","0.1000","76.0000","71.0400","0.1700","0.3500","57.0000","78.3800","37368.0800","-0.0400","66.0000","74.9000","224208.5000","0.1800","62.0000","76.4500","0.4200","-0.2400","116.0000","55.6000","0.3300","0.1600","95.0000","63.7100","-0.1000","93.0000","64.4800","-0.3500","-0.1700","-0.5300","-0.2700","-0.6500","0.8800","0.5379","-0.3400","-0.2800","-0.2900","-0.1800","-0.1700","-0.2500","-0.6000","56.3700","67.1800","39.0000","71.0400","32.4300","87.6400","100.0000","50.5800","61.7800","52.5100","69.1100","72.5900","51.3500","34.3600","259","4/1/2025 16:37","0","0","0.0000","0.0000","0.0000","105.0000","105.0000","105.0000","105.0000","105.0000","-0.5600","-0.6779","-0.4900","-0.5700","-0.5700","59.8500","59.8500","59.8500","59.8500","59.8500","0","3","60.6200","103.0000","-0.2900","0.2500","68.7300","82.0000","0.0400","2","57.9200","110.0000","-0.3100","0","97.3000","8.0000","-0.1400","0.0000","97.3000","8.0000","-0.1500","0","97.3000","8.0000","-0.1600","0.1700","66.4100","88.0000","0.1700","0.0000","97.3000","8.0000","-0.1500","0.0000","93.8200","17.0000","-0.2200","0","93.8200","17.0000","-0.1800","0.0000","93.8200","17.0000","-0.2000","0","93.8200","17.0000","-0.2100","15","0","0"
"AAD2023.06.02752","306","7925","58","Missouri University of Science and Technology","Economics, Department of","Economics, General","6","238.0000","36","179.0000","5","228.0000","7.2000","27.0000","209","202.0000","4","234.0000","0.8000","236.0000","1","76.0000","1","86.0000","51428.0000","115.0000","0","226.0000","0","226.0000","2","122.0000","2","86.0000","28","14","9","20","14","0.3300","1.6500","15.0000","94.5900","0.3300","0.1100","64.0000","75.6800","0.8300","0.0800","147.0000","43.6300","6.0000","0.8600","37.0000","86.1000","0.6700","-0.8700","210.0000","19.3100","34.8300","-0.3900","155.0000","40.5400","5.8100","-0.8200","219.0000","15.8300","0.1700","0.8700","39.0000","85.3300","0.1700","0.3500","57.0000","78.3800","8571.3300","-0.3000","100.0000","61.7800","51428.0000","-0.3400","115.0000","55.9800","0.0000","-0.6900","226.0000","13.1300","0.0000","-1.2800","226.0000","13.1300","-0.6000","198.0000","23.9400","-0.7700","-0.1700","-1.0800","-0.2700","-1.0200","1.0000","-1.2957","-0.4600","-0.3600","-0.4900","-0.2700","-0.3200","-0.5900","-1.1200","13.1300","67.1800","10.0400","71.0400","12.3600","89.9600","9.2700","13.1300","53.2800","22.3900","55.9800","67.1800","31.2700","8.4900","259","4/1/2025 16:37","0","0","0.0000","0.0000","0.0000","105.0000","105.0000","105.0000","105.0000","105.0000","-0.5600","-0.6779","-0.4900","-0.5700","-0.5700","59.8500","59.8500","59.8500","59.8500","59.8500","0","0","23.1700","200.0000","-0.6200","0.0000","23.1700","200.0000","-0.8100","0","23.1700","200.0000","-0.7700","0","97.3000","8.0000","-0.1400","0.0000","97.3000","8.0000","-0.1500","0","97.3000","8.0000","-0.1600","0.0000","23.1700","200.0000","-1.0900","0.0000","97.3000","8.0000","-0.1500","0.0000","93.8200","17.0000","-0.2200","0","93.8200","17.0000","-0.1800","0.0000","93.8200","17.0000","-0.2000","0","93.8200","17.0000","-0.2100","15","0","0"
"AAD2023.06.02752","307","7952","58","University of Missouri - St. Louis","Economics, Department of","Economics, General","6","238.0000","24","208.0000","5","228.0000","4.8000","90.0000","136","225.0000","5","227.0000","1.0000","1.0000","0","122.0000","0","122.0000","0.0000","122.0000","4","138.0000","3","133.0000","6","71.0000","3","61.0000","28","14","9","20","14","0.5000","2.9500","5.0000","98.4600","1.0000","1.7100","15.0000","94.5900","0.8300","0.0800","147.0000","43.6300","4.0000","0.0100","102.0000","61.0000","0.8300","0.1700","130.0000","50.1900","22.6700","-0.5600","190.0000","27.0300","5.6700","-0.8300","222.0000","14.6700","0.0000","-0.6600","122.0000","53.2800","0.0000","-0.6100","122.0000","53.2800","0.0000","-0.3800","122.0000","53.2800","0.0000","-0.5000","122.0000","53.2800","0.6700","0.0300","79.0000","69.8800","0.5000","0.8800","42.0000","84.1700","-0.1000","93.0000","64.4800","-0.4600","0.1000","-0.9900","-0.5000","-1.0200","0.0500","0.5379","-0.3600","-0.0500","-0.5100","-0.2800","-0.4600","-0.7500","-1.1200","49.0300","76.8300","12.7400","53.2800","12.3600","65.6400","100.0000","47.1000","72.9700","13.5100","53.2800","53.2800","20.0800","8.4900","259","4/1/2025 16:37","0","0","0.0000","0.0000","0.0000","105.0000","105.0000","105.0000","105.0000","105.0000","-0.5600","-0.6779","-0.4900","-0.5700","-0.5700","59.8500","59.8500","59.8500","59.8500","59.8500","0","1","39.0000","159.0000","-0.5100","0.1700","52.9000","123.0000","-0.2400","1","43.6300","147.0000","-0.5400","0","97.3000","8.0000","-0.1400","0.0000","97.3000","8.0000","-0.1500","0","97.3000","8.0000","-0.1600","0.1700","66.4100","88.0000","0.1700","0.0000","97.3000","8.0000","-0.1500","0.0000","93.8200","17.0000","-0.2200","0","93.8200","17.0000","-0.1800","0.0000","93.8200","17.0000","-0.2000","0","93.8200","17.0000","-0.2100","15","0","0"
"AAD2023.06.02752","308","7998","58","University of Nebraska - Lincoln","Economics, Department of","Economics, General","13","157.0000","40","167.0000","11","153.0000","3.6400","176.0000","455","156.0000","10","159.0000","0.9100","193.0000","3","47.0000","3","61.0000","794920.0000","64.0000","4","138.0000","4","114.0000","1","150.0000","1","126.0000","28","14","9","20","14","0.0800","-0.3600","150.0000","42.4700","0.0800","-0.5000","164.0000","37.0700","0.8500","0.1600","136.0000","47.8800","3.0800","-0.3700","163.0000","37.4500","0.7700","-0.2300","181.0000","30.5000","35.0000","-0.3900","154.0000","40.9300","11.3800","-0.2600","127.0000","51.3500","0.2300","1.4600","27.0000","89.9600","0.2300","0.7100","41.0000","84.5600","61147.6900","0.1900","47.0000","82.2400","264973.3300","0.3100","55.0000","79.1500","0.3100","-0.3600","141.0000","45.9500","0.3100","0.0500","107.0000","59.0700","-0.3000","138.0000","47.1000","-0.3500","-0.4500","-0.5300","0.2100","-0.4700","-0.4100","-0.2956","-0.3600","-0.4400","-0.4000","-0.1100","-0.0300","-0.5400","-0.5200","56.3700","51.7400","39.0000","82.2400","41.3100","32.4300","25.8700","47.1000","42.4700","40.1500","75.6800","76.8300","35.9100","39.7700","259","4/1/2025 16:37","0","0","0.0000","0.0000","0.0000","105.0000","105.0000","105.0000","105.0000","105.0000","-0.5600","-0.6779","-0.4900","-0.5700","-0.5700","59.8500","59.8500","59.8500","59.8500","59.8500","0","2","50.5800","129.0000","-0.4000","0.1500","49.0300","133.0000","-0.2800","2","57.9200","110.0000","-0.3100","0","97.3000","8.0000","-0.1400","0.0000","97.3000","8.0000","-0.1500","0","97.3000","8.0000","-0.1600","0.1500","61.0000","102.0000","0.0800","0.0000","97.3000","8.0000","-0.1500","0.0000","93.8200","17.0000","-0.2200","0","93.8200","17.0000","-0.1800","0.0000","93.8200","17.0000","-0.2000","0","93.8200","17.0000","-0.2100","15","0","0"
"AAD2023.06.02752","320","8066","58","University of North Texas","Economics, Department of","Economics, General","13","157.0000","28","202.0000","8","194.0000","3.5000","183.0000","230","192.0000","7","203.0000","0.8800","219.0000","0","122.0000","0","122.0000","0.0000","122.0000","4","138.0000","2","155.0000","1","150.0000","1","126.0000","28","14","9","20","14","0.0800","-0.3600","150.0000","42.4700","0.0800","-0.5000","164.0000","37.0700","0.6200","-1.3400","237.0000","8.8800","2.1500","-0.7600","216.0000","16.9900","0.5400","-1.6700","241.0000","7.3400","17.6900","-0.6300","206.0000","20.8500","8.2100","-0.5800","186.0000","28.5700","0.0000","-0.6600","122.0000","53.2800","0.0000","-0.6100","122.0000","53.2800","0.0000","-0.3800","122.0000","53.2800","0.0000","-0.5000","122.0000","53.2800","0.3100","-0.3600","141.0000","45.9500","0.1500","-0.6100","174.0000","33.2000","-0.7000","214.0000","17.7600","-0.5600","-0.4500","-0.8000","-0.5000","-0.7400","-0.4700","-0.6081","-0.3600","-0.4400","-0.4800","-0.2800","-0.4600","-0.7000","-0.5200","40.5400","51.7400","22.0100","53.2800","25.4800","29.7300","15.8300","47.1000","42.4700","26.2500","53.2800","53.2800","22.3900","39.7700","259","4/1/2025 16:37","0","0","0.0000","0.0000","0.0000","105.0000","105.0000","105.0000","105.0000","105.0000","-0.5600","-0.6779","-0.4900","-0.5700","-0.5700","59.8500","59.8500","59.8500","59.8500","59.8500","0","0","23.1700","200.0000","-0.6200","0.0000","23.1700","200.0000","-0.8100","0","23.1700","200.0000","-0.7700","0","97.3000","8.0000","-0.1400","0.0000","97.3000","8.0000","-0.1500","0","97.3000","8.0000","-0.1600","0.0000","23.1700","200.0000","-1.0900","0.0000","97.3000","8.0000","-0.1500","0.0000","93.8200","17.0000","-0.2200","0","93.8200","17.0000","-0.1800","0.0000","93.8200","17.0000","-0.2000","0","93.8200","17.0000","-0.2100","15","0","0"
"AAD2023.06.02752","341","8140","58","University of Toledo, The","Economics, Department of","Economics, General","8","224.0000","19","224.0000","7","206.0000","2.7100","227.0000","172","211.0000","5","227.0000","0.7100","253.0000","0","122.0000","0","122.0000","0.0000","122.0000","2","172.0000","2","155.0000","0","193.0000","0","193.0000","28","14","9","20","14","0.0000","-0.9600","193.0000","25.8700","0.0000","-0.6800","193.0000","25.8700","0.8800","0.3500","108.0000","58.6900","2.3800","-0.6700","207.0000","20.4600","0.6300","-1.1300","227.0000","12.7400","21.5000","-0.5800","194.0000","25.4800","9.0500","-0.4900","171.0000","34.3600","0.0000","-0.6600","122.0000","53.2800","0.0000","-0.6100","122.0000","53.2800","0.0000","-0.3800","122.0000","53.2800","0.0000","-0.5000","122.0000","53.2800","0.2500","-0.4200","154.0000","40.9300","0.2500","-0.2000","129.0000","50.5800","-0.4000","157.0000","39.7700","-0.5600","-0.7300","-0.9900","-0.5000","-0.8300","-0.7800","-2.0815","-0.4100","-0.5200","-0.5000","-0.2800","-0.4600","-0.8100","-0.9500","40.5400","25.8700","12.7400","53.2800","20.8500","12.7400","2.7000","33.9800","25.8700","18.9200","53.2800","53.2800","13.9000","13.9000","259","4/1/2025 16:37","0","0","0.0000","0.0000","0.0000","105.0000","105.0000","105.0000","105.0000","105.0000","-0.5600","-0.6779","-0.4900","-0.5700","-0.5700","59.8500","59.8500","59.8500","59.8500","59.8500","0","0","23.1700","200.0000","-0.6200","0.0000","23.1700","200.0000","-0.8100","0","23.1700","200.0000","-0.7700","0","97.3000","8.0000","-0.1400","0.0000","97.3000","8.0000","-0.1500","0","97.3000","8.0000","-0.1600","0.0000","23.1700","200.0000","-1.0900","0.0000","97.3000","8.0000","-0.1500","0.0000","93.8200","17.0000","-0.2200","0","93.8200","17.0000","-0.1800","0.0000","93.8200","17.0000","-0.2000","0","93.8200","17.0000","-0.2100","15","0","0"
"AAD2023.06.02752","344","8234","58","University of Vermont, The","Economics, Department of","Economics, General","8","224.0000","31","194.0000","7","206.0000","4.4300","115.0000","172","211.0000","8","185.0000","1.0000","1.0000","1","76.0000","1","86.0000","55956.0000","114.0000","3","154.0000","2","155.0000","1","150.0000","1","126.0000","28","14","9","20","14","0.1300","0.0200","103.0000","60.6200","0.1300","-0.3800","138.0000","47.1000","0.8800","0.3500","108.0000","58.6900","3.8800","-0.0400","109.0000","58.3000","1.0000","1.2000","1.0000","100.0000","21.5000","-0.5800","194.0000","25.4800","5.5500","-0.8400","225.0000","13.5100","0.1300","0.4900","56.0000","78.7600","0.1300","0.1100","77.0000","70.6600","6994.5000","-0.3200","107.0000","59.0700","55956.0000","-0.3300","114.0000","56.3700","0.3800","-0.2900","127.0000","51.3500","0.2500","-0.2000","129.0000","50.5800","-0.3000","138.0000","47.1000","-0.5600","-0.4500","-0.7100","-0.2700","-0.8300","-0.1000","0.5379","-0.3900","-0.4400","-0.5000","-0.2700","-0.3200","-0.6600","-0.9500","40.5400","51.7400","28.9600","71.0400","20.8500","55.9800","100.0000","40.9300","42.4700","18.9200","56.3700","67.1800","25.4800","13.9000","259","4/1/2025 16:37","0","0","0.0000","0.0000","0.0000","105.0000","105.0000","105.0000","105.0000","105.0000","-0.5600","-0.6779","-0.4900","-0.5700","-0.5700","59.8500","59.8500","59.8500","59.8500","59.8500","0","1","39.0000","159.0000","-0.5100","0.1300","44.7900","144.0000","-0.3800","1","43.6300","147.0000","-0.5400","0","97.3000","8.0000","-0.1400","0.0000","97.3000","8.0000","-0.1500","0","97.3000","8.0000","-0.1600","0.1300","51.7400","126.0000","-0.1400","0.0000","97.3000","8.0000","-0.1500","0.0000","93.8200","17.0000","-0.2200","0","93.8200","17.0000","-0.1800","0.0000","93.8200","17.0000","-0.2000","0","93.8200","17.0000","-0.2100","15","0","0"
"AAD2023.06.02752","347","8351","58","University of Wisconsin - Madison","Economics, Department of","Economics, General","40","18.0000","122","50.0000","37","16.0000","3.3000","194.0000","2088","49.0000","36","19.0000","0.9700","148.0000","11","18.0000","12","20.0000","2383703.0000","33.0000","56","21.0000","29","16.0000","2","122.0000","1","126.0000","28","14","9","20","14","0.0300","-0.7600","192.0000","26.2500","0.0500","-0.5600","183.0000","29.7300","0.9300","0.6800","62.0000","76.4500","3.0500","-0.3900","166.0000","36.2900","0.9000","0.5800","81.0000","69.1100","52.2000","-0.1500","108.0000","58.6900","17.1100","0.3100","66.0000","74.9000","0.2800","1.8600","20.0000","92.6600","0.3000","1.1100","32.0000","88.0300","59592.5800","0.1700","48.0000","81.8500","198641.9200","0.1000","70.0000","73.3600","1.4000","0.8200","30.0000","88.8000","0.7300","1.8400","17.0000","93.8200","0.2000","48.0000","81.8500","2.2100","-0.4500","1.8200","2.1000","1.9200","-0.5500","0.2901","0.8900","-0.3600","0.1600","0.2200","1.2700","0.5300","1.8200","94.2100","51.7400","93.0500","93.4400","94.2100","25.4800","43.2400","92.2800","53.2800","81.4700","87.6400","92.6600","81.0800","93.4400","259","4/1/2025 16:37","4","5","0.8000","0.1000","0.1300","6.0000","102.0000","21.0000","48.0000","15.0000","2.8300","0.2249","1.0400","0.5000","1.3600","98.0700","61.0000","92.2800","81.8500","94.5900","0","6","73.3600","70.0000","0.0300","0.1500","48.2600","135.0000","-0.3000","5","83.0100","45.0000","0.3800","0","97.3000","8.0000","-0.1400","0.0000","97.3000","8.0000","-0.1500","0","97.3000","8.0000","-0.1600","0.1300","51.7400","126.0000","-0.1400","0.0000","97.3000","8.0000","-0.1500","0.0000","93.8200","17.0000","-0.2200","0","93.8200","17.0000","-0.1800","0.0000","93.8200","17.0000","-0.2000","0","93.8200","17.0000","-0.2100","15","0","0"
"AAD2023.06.02752","350","8451","58","Utah State University","Economics and Finance, Department of","Economics, General","21","81.0000","105","66.0000","19","76.0000","5.5300","65.0000","799","123.0000","18","80.0000","0.9500","170.0000","0","122.0000","0","122.0000","0.0000","122.0000","16","68.0000","8","74.0000","4","88.0000","3","61.0000","28","14","9","20","14","0.1400","0.1600","85.0000","67.5700","0.1900","-0.2300","110.0000","57.9200","0.9000","0.5500","81.0000","69.1100","5.0000","0.4400","62.0000","76.4500","0.8600","0.3200","115.0000","55.9800","38.0500","-0.3500","145.0000","44.4000","7.6100","-0.6400","195.0000","25.1000","0.0000","-0.6600","122.0000","53.2800","0.0000","-0.6100","122.0000","53.2800","0.0000","-0.3800","122.0000","53.2800","0.0000","-0.5000","122.0000","53.2800","0.7600","0.1300","68.0000","74.1300","0.3800","0.3600","82.0000","68.7300","0.0000","75.0000","71.4300","0.0600","0.1000","0.1900","-0.5000","0.2700","0.3400","0.0554","-0.0700","-0.2000","-0.2800","-0.2800","-0.4600","0.3100","0.1800","71.8100","76.8300","69.5000","53.2800","71.0400","75.2900","34.7500","74.1300","66.4100","52.9000","53.2800","53.2800","74.9000","69.1100","259","4/1/2025 16:37","0","0","0.0000","0.0000","0.0000","105.0000","105.0000","105.0000","105.0000","105.0000","-0.5600","-0.6779","-0.4900","-0.5700","-0.5700","59.8500","59.8500","59.8500","59.8500","59.8500","0","2","50.5800","129.0000","-0.4000","0.1000","37.4500","163.0000","-0.4800","2","57.9200","110.0000","-0.3100","0","97.3000","8.0000","-0.1400","0.0000","97.3000","8.0000","-0.1500","0","97.3000","8.0000","-0.1600","0.1000","41.7000","152.0000","-0.3700","0.0000","97.3000","8.0000","-0.1500","0.0000","93.8200","17.0000","-0.2200","0","93.8200","17.0000","-0.1800","0.0000","93.8200","17.0000","-0.2000","0","93.8200","17.0000","-0.2100","15","0","0"
"AAD2023.06.02752","351","8517","58","Vanderbilt University","Economics, Department of","Economics, General","32","34.0000","185","22.0000","27","35.0000","6.8500","35.0000","2245","45.0000","27","36.0000","0.9600","153.0000","4","36.0000","5","39.0000","750692.0000","68.0000","37","30.0000","16","33.0000","10","44.0000","5","32.0000","28","14","9","20","14","0.1600","0.2600","75.0000","71.4300","0.3100","0.0600","73.0000","72.2000","0.8400","0.1500","139.0000","46.7200","5.7800","0.7700","42.0000","84.1700","0.8400","0.2300","127.0000","51.3500","70.1600","0.1100","68.0000","74.1300","12.1400","-0.1800","113.0000","56.7600","0.1300","0.4900","56.0000","78.7600","0.1600","0.2900","66.0000","74.9000","23459.1300","-0.1600","76.0000","71.0400","150138.4000","-0.0400","83.0000","68.3400","1.1600","0.5600","36.0000","86.4900","0.5000","0.8800","42.0000","84.1700","0.3000","36.0000","86.4900","0.8800","0.6600","1.0100","0.4400","1.0000","0.8600","0.2105","0.4300","0.2700","0.2100","-0.1200","0.2600","1.3500","1.1300","87.6400","88.0300","86.4900","86.4900","86.8700","86.8700","41.3100","88.8000","83.4000","83.0100","74.1300","85.3300","91.8900","87.2600","259","4/1/2025 16:37","0","0","0.0000","0.0000","0.0000","105.0000","105.0000","105.0000","105.0000","105.0000","-0.5600","-0.6779","-0.4900","-0.5700","-0.5700","59.8500","59.8500","59.8500","59.8500","59.8500","0","10","86.1000","37.0000","0.4700","0.3100","74.5200","67.0000","0.2600","8","90.3500","26.0000","1.0800","0","97.3000","8.0000","-0.1400","0.0000","97.3000","8.0000","-0.1500","0","97.3000","8.0000","-0.1600","0.2500","83.0100","45.0000","0.8100","0.0000","97.3000","8.0000","-0.1500","0.0000","93.8200","17.0000","-0.2200","0","93.8200","17.0000","-0.1800","0.0000","93.8200","17.0000","-0.2000","0","93.8200","17.0000","-0.2100","15","0","0"
"AAD2023.06.02752","358","8597","58","Washington University in St. Louis","Economics, Department of","Economics, General","24","64.0000","78","103.0000","19","76.0000","4.1100","139.0000","976","105.0000","19","73.0000","1.0000","1.0000","3","47.0000","4","51.0000","737221.0000","69.0000","23","47.0000","11","51.0000","1","150.0000","1","126.0000","28","14","9","20","14","0.0400","-0.6300","186.0000","28.5700","0.0400","-0.5800","189.0000","27.4100","0.7900","-0.1900","180.0000","30.8900","3.2500","-0.3000","150.0000","42.4700","0.7900","-0.0900","165.0000","36.6800","40.6700","-0.3100","136.0000","47.8800","12.5100","-0.1500","106.0000","59.4600","0.1300","0.4900","56.0000","78.7600","0.1700","0.3500","57.0000","78.3800","30717.5400","-0.1000","70.0000","73.3600","184305.2500","0.0600","72.0000","72.5900","0.9600","0.3400","46.0000","82.6300","0.4600","0.7000","54.0000","79.5400","-0.1000","93.0000","64.4800","0.3600","-0.4500","0.2800","0.2100","0.2700","-0.2200","0.5379","0.1000","-0.4400","-0.2200","-0.1200","0.1100","-0.0400","0.4400","80.7000","51.7400","72.2000","82.2400","71.0400","46.7200","100.0000","82.2400","42.4700","59.8500","73.7500","80.7000","60.6200","75.6800","259","4/1/2025 16:37","2","1","2.0000","0.0800","0.0400","49.0000","13.0000","42.0000","60.0000","88.0000","0.1200","1.5791","0.2700","0.3200","0.0700","81.4700","95.3700","84.1700","77.2200","66.4100","0","4","66.8000","87.0000","-0.1900","0.1700","52.9000","123.0000","-0.2400","4","77.2200","60.0000","0.1500","0","97.3000","8.0000","-0.1400","0.0000","97.3000","8.0000","-0.1500","0","97.3000","8.0000","-0.1600","0.1700","66.4100","88.0000","0.1700","0.0000","97.3000","8.0000","-0.1500","0.0000","93.8200","17.0000","-0.2200","0","93.8200","17.0000","-0.1800","0.0000","93.8200","17.0000","-0.2000","0","93.8200","17.0000","-0.2100","15","0","0"
"AAD2023.06.02752","369","8638","58","Rutgers - Newark","Economics, Department of","Economics, General","11","183.0000","21","218.0000","7","206.0000","3.0000","210.0000","261","186.0000","6","218.0000","0.8600","223.0000","0","122.0000","0","122.0000","0.0000","122.0000","7","107.0000","4","114.0000","2","122.0000","2","86.0000","28","14","9","20","14","0.1800","0.4600","57.0000","78.3800","0.1800","-0.2500","111.0000","57.5300","0.6400","-1.2100","235.0000","9.6500","1.9100","-0.8700","229.0000","11.9700","0.5500","-1.6200","240.0000","7.7200","23.7300","-0.5500","186.0000","28.5700","12.4300","-0.1500","109.0000","58.3000","0.0000","-0.6600","122.0000","53.2800","0.0000","-0.6100","122.0000","53.2800","0.0000","-0.3800","122.0000","53.2800","0.0000","-0.5000","122.0000","53.2800","0.6400","0.0000","83.0000","68.3400","0.3600","0.2900","87.0000","66.8000","-0.6000","198.0000","23.9400","-0.3500","-0.1700","-0.8900","-0.5000","-0.8300","-0.6700","-0.7718","-0.2900","-0.3600","-0.4700","-0.2800","-0.4600","-0.7900","-0.6900","56.3700","67.1800","16.2200","53.2800","20.8500","19.3100","14.2900","59.0700","53.2800","28.5700","53.2800","53.2800","16.2200","29.7300","259","4/1/2025 16:37","0","0","0.0000","0.0000","0.0000","105.0000","105.0000","105.0000","105.0000","105.0000","-0.5600","-0.6779","-0.4900","-0.5700","-0.5700","59.8500","59.8500","59.8500","59.8500","59.8500","0","0","23.1700","200.0000","-0.6200","0.0000","23.1700","200.0000","-0.8100","0","23.1700","200.0000","-0.7700","0","97.3000","8.0000","-0.1400","0.0000","97.3000","8.0000","-0.1500","0","97.3000","8.0000","-0.1600","0.0000","23.1700","200.0000","-1.0900","0.0000","97.3000","8.0000","-0.1500","0.0000","93.8200","17.0000","-0.2200","0","93.8200","17.0000","-0.1800","0.0000","93.8200","17.0000","-0.2000","0","93.8200","17.0000","-0.2100","15","0","0"
"AAD2023.06.02752","198","8675","58","Stanford University","Economics, Department of","Economics, General","37","25.0000","291","7.0000","37","16.0000","7.8600","17.0000","17470","4.0000","37","17.0000","1.0000","1.0000","20","2.0000","29","5.0000","7539045.0000","11.0000","208","3.0000","36","8.0000","38","8.0000","13","9.0000","28","14","9","20","14","0.3500","1.7900","14.0000","94.9800","1.0300","1.7700","14.0000","94.9800","1.0000","1.1700","1.0000","100.0000","7.8600","1.6400","11.0000","96.1400","1.0000","1.2000","1.0000","100.0000","472.1600","5.8000","1.0000","100.0000","60.0300","4.6100","1.0000","100.0000","0.5400","4.2900","1.0000","100.0000","0.7800","3.8900","2.0000","99.6100","203757.9700","1.5100","13.0000","95.3700","259967.0700","0.2900","57.0000","78.3800","5.6200","5.3600","3.0000","99.2300","0.9700","2.9100","2.0000","99.6100","1.5000","1.0000","100.0000","2.9300","2.8700","1.9100","4.2300","1.9200","1.2700","0.5379","4.5600","2.5000","5.4600","1.2800","3.7200","2.7300","1.5600","97.3000","96.9100","93.8200","99.6100","94.2100","93.8200","100.0000","99.2300","97.3000","98.8400","96.1400","98.4600","97.6800","90.7300","259","4/1/2025 16:37","7","5","1.4000","0.1900","0.1400","6.0000","42.0000","10.0000","25.0000","12.0000","2.8300","0.9020","2.1900","1.4600","1.5100","98.0700","84.1700","96.5300","90.7300","95.7500","0","29","96.5300","10.0000","2.5300","0.7800","94.9800","14.0000","1.8600","18","97.3000","8.0000","3.3800","0","97.3000","8.0000","-0.1400","0.0000","97.3000","8.0000","-0.1500","0","97.3000","8.0000","-0.1600","0.4900","98.4600","5.0000","2.6000","0.0000","97.3000","8.0000","-0.1500","0.0800","99.6100","2.0000","5.8900","3","99.2300","3.0000","3.7800","0.0800","99.2300","3.0000","4.2900","3","99.6100","2.0000","5.8100","15","0","0"
"AAD2023.06.02752","60","8770","58","Duke University","Economics, Department of","Economics, General","51","4.0000","205","18.0000","47","5.0000","4.3600","123.0000","4976","19.0000","47","4.0000","0.9800","144.0000","16","8.0000","20","11.0000","8965077.0000","8.0000","72","15.0000","32","10.0000","16","27.0000","7","19.0000","28","14","9","20","14","0.1400","0.1100","93.0000","64.4800","0.3100","0.0700","72.0000","72.5900","0.9200","0.6600","68.0000","74.1300","4.0200","0.0200","101.0000","61.3900","0.9200","0.7200","67.0000","74.5200","97.5700","0.5000","46.0000","82.6300","24.2700","1.0300","32.0000","88.0300","0.3100","2.2200","13.0000","95.3700","0.3900","1.6400","24.0000","91.1200","175785.8200","1.2500","18.0000","93.4400","448253.8500","0.8600","25.0000","90.7300","1.4100","0.8300","29.0000","89.1900","0.6300","1.4200","28.0000","89.5800","0.4000","26.0000","90.3500","2.5200","1.2100","2.8200","3.2800","2.8300","-0.1200","0.3469","1.2800","0.7500","1.1500","1.5800","2.4200","1.6100","2.7800","96.5300","93.0500","98.8400","97.3000","98.4600","52.9000","44.7900","94.5900","89.9600","93.0500","97.3000","96.1400","93.4400","98.8400","259","4/1/2025 16:37","1","1","1.0000","0.0200","0.0200","49.0000","47.0000","65.0000","104.0000","104.0000","0.1200","0.4506","-0.1100","-0.3600","-0.2700","81.4700","82.2400","75.2900","60.2300","60.2300","0","18","92.2800","21.0000","1.3300","0.3500","77.2200","60.0000","0.3900","12","95.3700","13.0000","2.0000","0","97.3000","8.0000","-0.1400","0.0000","97.3000","8.0000","-0.1500","0","97.3000","8.0000","-0.1600","0.2400","81.0800","50.0000","0.6900","0.0000","97.3000","8.0000","-0.1500","0.0200","94.5900","15.0000","1.2600","1","97.6800","7.0000","1.1400","0.0200","94.2100","16.0000","0.8800","1","98.0700","6.0000","1.8000","15","0","0"
"AAD2023.06.02752","60","8795","58","Duke University","Public Policy, Sanford School of","Economics, General","43","12.0000","513","1.0000","38","15.0000","13.5000","3.0000","9389","8.0000","38","13.0000","0.9500","166.0000","16","8.0000","31","4.0000","32623341.0000","2.0000","100","10.0000","28","18.0000","48","6.0000","19","3.0000","28","14","9","20","14","0.4400","2.5000","11.0000","96.1400","1.1200","1.9800","12.0000","95.7500","0.8800","0.4100","105.0000","59.8500","11.9300","3.3600","3.0000","99.2300","0.8800","0.4800","101.0000","61.3900","218.3500","2.2100","11.0000","96.1400","18.3000","0.4300","59.0000","77.6100","0.3700","2.7500","7.0000","97.6800","0.7200","3.5200","6.0000","98.0700","758682.3500","6.6800","2.0000","99.6100","1052365.8400","2.7000","9.0000","96.9100","2.3300","1.8100","11.0000","96.1400","0.6500","1.5300","25.0000","90.7300","0.8000","9.0000","96.9100","2.1100","4.5300","2.0000","3.2800","2.0100","3.5100","0.0795","1.9600","3.2900","2.6800","6.4700","4.0000","5.6300","2.0800","93.4400","99.2300","95.3700","97.3000","94.5900","99.2300","36.2900","96.5300","98.0700","97.3000","99.6100","98.8400","100.0000","95.7500","259","4/1/2025 16:37","4","4","1.0000","0.0900","0.0900","9.0000","47.0000","21.0000","53.0000","36.0000","2.1500","0.4506","1.0400","0.4300","0.8600","96.9100","82.2400","92.2800","79.9200","86.4900","0","60","100.0000","1.0000","5.8900","1.4000","99.2300","3.0000","3.9400","23","100.0000","1.0000","4.5300","0","97.3000","8.0000","-0.1400","0.0000","97.3000","8.0000","-0.1500","0","97.3000","8.0000","-0.1600","0.5300","99.2300","3.0000","2.9700","0.0000","97.3000","8.0000","-0.1500","0.0700","98.8400","4.0000","5.0400","6","99.6100","2.0000","7.7400","0.1400","99.6100","2.0000","7.5200","3","99.6100","2.0000","5.8100","15","0","0"
"AAD2023.06.02752","81","8831","58","Georgetown University","Economics, Department of","Economics, General","31","37.0000","97","74.0000","25","43.0000","3.8800","154.0000","1191","84.0000","25","45.0000","1.0000","1.0000","2","58.0000","4","51.0000","462934.0000","80.0000","33","35.0000","14","38.0000","5","80.0000","3","61.0000","28","14","9","20","14","0.1000","-0.2000","132.0000","49.4200","0.1600","-0.3000","119.0000","54.4400","0.8100","-0.0900","163.0000","37.4500","3.1300","-0.3500","160.0000","38.6100","0.8100","0.0000","147.0000","43.6300","38.4200","-0.3400","142.0000","45.5600","12.2800","-0.1700","110.0000","57.9200","0.0600","-0.0700","95.0000","63.7100","0.1300","0.1300","75.0000","71.4300","14933.3500","-0.2400","87.0000","66.8000","115733.5000","-0.1500","98.0000","62.5500","1.0600","0.4600","40.0000","84.9400","0.4500","0.6700","57.0000","78.3800","-0.1000","93.0000","64.4800","0.6700","0.1000","0.8300","-0.0300","0.8200","-0.3200","0.5379","0.3400","-0.1200","-0.1500","-0.1800","0.1100","0.2000","1.0400","85.7100","76.8300","83.0100","77.9900","83.7800","40.9300","100.0000","86.8700","69.5000","67.9500","69.5000","80.7000","71.8100","86.1000","259","4/1/2025 16:37","0","0","0.0000","0.0000","0.0000","105.0000","105.0000","105.0000","105.0000","105.0000","-0.5600","-0.6779","-0.4900","-0.5700","-0.5700","59.8500","59.8500","59.8500","59.8500","59.8500","0","7","77.9900","58.0000","0.1400","0.2300","65.2500","91.0000","-0.0400","4","77.2200","60.0000","0.1500","0","97.3000","8.0000","-0.1400","0.0000","97.3000","8.0000","-0.1500","0","97.3000","8.0000","-0.1600","0.1300","52.1200","125.0000","-0.1100","0.0000","97.3000","8.0000","-0.1500","0.0000","93.8200","17.0000","-0.2200","0","93.8200","17.0000","-0.1800","0.0000","93.8200","17.0000","-0.2000","0","93.8200","17.0000","-0.2100","15","0","0"
"AAD2023.06.02752","114","8885","58","Loyola University Chicago","Economics, Department of","Economics, General","10","198.0000","36","179.0000","9","176.0000","4.0000","142.0000","182","208.0000","8","185.0000","0.8900","205.0000","0","122.0000","0","122.0000","0.0000","122.0000","0","226.0000","0","226.0000","4","88.0000","1","126.0000","28","14","9","20","14","0.1000","-0.1800","124.0000","52.5100","0.4000","0.2700","58.0000","77.9900","0.9000","0.5200","85.0000","67.5700","3.6000","-0.1500","124.0000","52.5100","0.8000","-0.0400","149.0000","42.8600","18.2000","-0.6300","203.0000","22.0100","5.0600","-0.8900","231.0000","11.2000","0.0000","-0.6600","122.0000","53.2800","0.0000","-0.6100","122.0000","53.2800","0.0000","-0.3800","122.0000","53.2800","0.0000","-0.5000","122.0000","53.2800","0.0000","-0.6900","226.0000","13.1300","0.0000","-1.2800","226.0000","13.1300","-0.5000","178.0000","31.6600","-0.7700","-0.4500","-0.7100","-0.5000","-0.6500","-0.2700","-0.4808","-0.4600","-0.2000","-0.5000","-0.2800","-0.4600","-0.5900","-0.7800","13.1300","51.7400","28.9600","53.2800","32.4300","45.5600","21.2400","13.1300","66.4100","20.0800","53.2800","53.2800","31.2700","23.9400","259","4/1/2025 16:37","0","0","0.0000","0.0000","0.0000","105.0000","105.0000","105.0000","105.0000","105.0000","-0.5600","-0.6779","-0.4900","-0.5700","-0.5700","59.8500","59.8500","59.8500","59.8500","59.8500","0","3","60.6200","103.0000","-0.2900","0.3000","73.7500","69.0000","0.2100","2","57.9200","110.0000","-0.3100","0","97.3000","8.0000","-0.1400","0.0000","97.3000","8.0000","-0.1500","0","97.3000","8.0000","-0.1600","0.2000","74.1300","68.0000","0.4300","0.0000","97.3000","8.0000","-0.1500","0.0000","93.8200","17.0000","-0.2200","0","93.8200","17.0000","-0.1800","0.0000","93.8200","17.0000","-0.2000","0","93.8200","17.0000","-0.2100","15","0","0"
"AAD2023.06.02752","123","8936","58","Massachusetts Institute of Technology","Economics, Department of","Economics, General","48","8.0000","348","4.0000","44","9.0000","7.9100","16.0000","19013","2.0000","45","7.0000","1.0000","1.0000","24","1.0000","45","1.0000","21483953.0000","3.0000","285","2.0000","45","3.0000","41","7.0000","14","7.0000","28","14","9","20","14","0.2900","1.3200","22.0000","91.8900","0.8500","1.3600","23.0000","91.5100","0.9200","0.6300","71.0000","72.9700","7.2500","1.3800","16.0000","94.2100","0.9400","0.8100","51.0000","80.7000","396.1000","4.7200","4.0000","98.8400","54.6400","4.0700","2.0000","99.6100","0.5000","3.9200","2.0000","99.6100","0.9400","4.7700","1.0000","100.0000","447582.3500","3.7800","4.0000","98.8400","477421.1800","0.9500","23.0000","91.5100","5.9400","5.7000","2.0000","99.6100","0.9400","2.7600","3.0000","99.2300","1.4000","3.0000","99.2300","3.8600","3.1500","2.6400","5.1700","2.5600","1.2900","0.5379","6.4200","2.7400","5.9900","4.1700","6.0200","3.4800","2.5200","99.2300","97.6800","97.6800","100.0000","96.9100","94.2100","100.0000","99.6100","97.6800","99.6100","99.2300","100.0000","98.8400","97.3000","259","4/1/2025 16:37","13","10","1.3000","0.2700","0.2100","1.0000","44.0000","3.0000","10.0000","5.0000","6.2200","0.7891","4.5000","2.3400","2.6400","100.0000","83.4000","99.2300","96.5300","98.4600","0","28","96.1400","11.0000","2.4200","0.5800","89.5800","28.0000","1.1800","18","97.3000","8.0000","3.3800","0","97.3000","8.0000","-0.1400","0.0000","97.3000","8.0000","-0.1500","0","97.3000","8.0000","-0.1600","0.3800","93.8200","17.0000","1.7500","0.0000","97.3000","8.0000","-0.1500","0.1000","100.0000","1.0000","7.6300","9","100.0000","1.0000","11.6900","0.1900","100.0000","1.0000","10.1800","5","100.0000","1.0000","9.8200","15","0","0"
"AAD2023.06.02752","153","9045","58","Northwestern University","Economics, Department of","Economics, General","40","18.0000","201","19.0000","39","12.0000","5.1500","77.0000","5406","16.0000","38","13.0000","0.9700","147.0000","19","3.0000","20","11.0000","4302424.0000","22.0000","125","9.0000","37","7.0000","19","20.0000","6","23.0000","28","14","9","20","14","0.1500","0.2100","81.0000","69.1100","0.4800","0.4500","50.0000","81.0800","0.9800","1.0100","28.0000","89.5800","5.0300","0.4500","61.0000","76.8300","0.9500","0.8900","42.0000","84.1700","135.1500","1.0300","25.0000","90.7300","26.9000","1.2900","25.0000","90.7300","0.4800","3.6900","3.0000","99.2300","0.5000","2.2600","12.0000","95.7500","107560.6000","0.6200","28.0000","89.5800","215121.2000","0.1500","64.0000","75.6800","3.1300","2.6700","8.0000","97.3000","0.9300","2.7100","4.0000","98.8400","0.9000","7.0000","97.6800","3.0400","0.9400","2.0000","3.9900","2.1000","0.1900","0.3028","2.5600","0.9900","1.3000","0.6100","2.4200","1.5600","1.8200","97.6800","91.5100","95.3700","99.2300","95.7500","70.6600","43.6300","96.9100","92.6600","94.2100","91.8900","96.1400","93.0500","93.4400","259","4/1/2025 16:37","11","5","2.2000","0.2800","0.1300","6.0000","12.0000","6.0000","9.0000","15.0000","2.8300","1.8048","3.7300","2.3900","1.3600","98.0700","95.7500","98.0700","96.9100","94.5900","0","19","93.0500","19.0000","1.4400","0.4800","86.1000","37.0000","0.8100","10","93.8200","17.0000","1.5400","0","97.3000","8.0000","-0.1400","0.0000","97.3000","8.0000","-0.1500","0","97.3000","8.0000","-0.1600","0.2500","83.0100","45.0000","0.8100","0.0000","97.3000","8.0000","-0.1500","0.0300","95.7500","12.0000","1.6600","1","97.6800","7.0000","1.1400","0.0300","95.3700","13.0000","1.1800","1","98.0700","6.0000","1.8000","15","0","0"
"AAD2023.06.02752","168","9083","58","Purdue University","Economics, Department of","Economics, General","31","37.0000","110","57.0000","25","43.0000","4.4000","119.0000","1619","63.0000","27","36.0000","1.0000","1.0000","2","58.0000","2","72.0000","638949.0000","73.0000","18","65.0000","11","51.0000","3","100.0000","4","48.0000","28","14","9","20","14","0.1300","0.0500","101.0000","61.3900","0.1000","-0.4500","152.0000","41.7000","0.8100","-0.0900","163.0000","37.4500","3.5500","-0.1800","129.0000","50.5800","0.8700","0.4000","109.0000","58.3000","52.2300","-0.1500","106.0000","59.4600","14.7200","0.0800","84.0000","67.9500","0.0600","-0.0700","95.0000","63.7100","0.0600","-0.2400","98.0000","62.5500","20611.2600","-0.1900","80.0000","69.5000","319474.5000","0.4700","40.0000","84.9400","0.5800","-0.0600","91.0000","65.2500","0.3500","0.2500","92.0000","64.8600","-0.1000","93.0000","64.4800","0.3600","0.3800","1.0100","-0.0300","0.8200","-0.1100","0.5379","-0.0200","-0.2800","0.0000","-0.1500","-0.1700","0.3700","1.0400","80.7000","81.8500","86.4900","77.9900","83.7800","54.4400","100.0000","75.2900","61.7800","76.0600","72.2000","72.5900","78.3800","86.1000","259","4/1/2025 16:37","4","1","4.0000","0.1300","0.0300","49.0000","2.0000","21.0000","40.0000","98.0000","0.1200","3.8361","1.0400","0.8200","-0.0700","81.4700","99.6100","92.2800","84.9400","62.5500","0","5","71.0400","76.0000","-0.0800","0.1600","49.8100","131.0000","-0.2600","3","68.3400","83.0000","-0.0800","0","97.3000","8.0000","-0.1400","0.0000","97.3000","8.0000","-0.1500","0","97.3000","8.0000","-0.1600","0.1000","42.0800","151.0000","-0.3600","0.0000","97.3000","8.0000","-0.1500","0.0000","93.8200","17.0000","-0.2200","0","93.8200","17.0000","-0.1800","0.0000","93.8200","17.0000","-0.2000","0","93.8200","17.0000","-0.2100","15","0","0"
"AAD2023.06.02752","277","9191","58","University of Houston","Economics, Department of","Economics, General","21","81.0000","60","129.0000","19","76.0000","3.1600","203.0000","500","148.0000","19","73.0000","1.0000","1.0000","0","122.0000","0","122.0000","0.0000","122.0000","25","44.0000","9","63.0000","7","62.0000","3","61.0000","28","14","9","20","14","0.1400","0.1600","85.0000","67.5700","0.3300","0.1100","64.0000","75.6800","0.9000","0.5500","81.0000","69.1100","2.8600","-0.4700","181.0000","30.5000","0.9000","0.6100","77.0000","70.6600","23.8100","-0.5500","185.0000","28.9600","8.3300","-0.5600","182.0000","30.1200","0.0000","-0.6600","122.0000","53.2800","0.0000","-0.6100","122.0000","53.2800","0.0000","-0.3800","122.0000","53.2800","0.0000","-0.5000","122.0000","53.2800","1.1900","0.5900","35.0000","86.8700","0.4300","0.5700","64.0000","75.6800","-0.2000","114.0000","56.3700","0.1600","0.1000","0.2800","-0.5000","0.2700","-0.6000","0.5379","0.1500","0.0300","-0.3900","-0.2800","-0.4600","-0.2800","0.1800","76.0600","76.8300","72.2000","53.2800","71.0400","22.0100","100.0000","83.4000","76.4500","43.2400","53.2800","53.2800","50.5800","69.1100","259","4/1/2025 16:37","0","0","0.0000","0.0000","0.0000","105.0000","105.0000","105.0000","105.0000","105.0000","-0.5600","-0.6779","-0.4900","-0.5700","-0.5700","59.8500","59.8500","59.8500","59.8500","59.8500","0","4","66.8000","87.0000","-0.1900","0.1900","57.5300","111.0000","-0.1600","3","68.3400","83.0000","-0.0800","0","97.3000","8.0000","-0.1400","0.0000","97.3000","8.0000","-0.1500","0","97.3000","8.0000","-0.1600","0.1400","57.1400","112.0000","-0.0100","0.0000","97.3000","8.0000","-0.1500","0.0000","93.8200","17.0000","-0.2200","0","93.8200","17.0000","-0.1800","0.0000","93.8200","17.0000","-0.2000","0","93.8200","17.0000","-0.2100","15","0","0"
"AAD2023.06.02752","282","9310","58","University of Kansas, The","Economics, Department of","Economics, General","13","157.0000","108","62.0000","13","128.0000","8.3100","14.0000","961","107.0000","13","124.0000","1.0000","1.0000","2","58.0000","10","23.0000","1340148.0000","43.0000","8","98.0000","4","114.0000","2","122.0000","2","86.0000","28","14","9","20","14","0.1500","0.2400","77.0000","70.6600","0.1500","-0.3100","120.0000","54.0500","1.0000","1.1700","1.0000","100.0000","8.3100","1.8300","8.0000","97.3000","1.0000","1.2000","1.0000","100.0000","73.9200","0.1600","61.0000","76.8300","8.9000","-0.5100","174.0000","33.2000","0.1500","0.7500","45.0000","83.0100","0.7700","3.8000","3.0000","99.2300","103088.3100","0.5800","31.0000","88.4200","134014.8000","-0.0900","90.0000","65.6400","0.6200","-0.0300","86.0000","67.1800","0.3100","0.0500","107.0000","59.0700","0.3000","36.0000","86.4900","-0.3500","-0.1700","-0.2600","-0.0300","-0.2800","1.4400","0.5379","-0.2700","-0.3600","-0.2300","0.0000","0.9800","0.3500","-0.5200","56.3700","67.1800","52.5100","77.9900","50.9700","94.9800","100.0000","62.5500","53.2800","59.0700","83.7800","91.5100","76.4500","39.7700","259","4/1/2025 16:37","0","0","0.0000","0.0000","0.0000","105.0000","105.0000","105.0000","105.0000","105.0000","-0.5600","-0.6779","-0.4900","-0.5700","-0.5700","59.8500","59.8500","59.8500","59.8500","59.8500","0","2","50.5800","129.0000","-0.4000","0.1500","49.0300","133.0000","-0.2800","2","57.9200","110.0000","-0.3100","0","97.3000","8.0000","-0.1400","0.0000","97.3000","8.0000","-0.1500","0","97.3000","8.0000","-0.1600","0.1500","61.0000","102.0000","0.0800","0.0000","97.3000","8.0000","-0.1500","0.0000","93.8200","17.0000","-0.2200","0","93.8200","17.0000","-0.1800","0.0000","93.8200","17.0000","-0.2000","0","93.8200","17.0000","-0.2100","15","0","0"
"AAD2023.06.02752","305","9448","58","University of Missouri - Kansas City, The","Economics, Department of","Economics, General","7","233.0000","14","234.0000","4","238.0000","3.5000","183.0000","72","238.0000","4","234.0000","1.0000","1.0000","0","122.0000","0","122.0000","0.0000","122.0000","0","226.0000","0","226.0000","7","62.0000","5","32.0000","28","14","9","20","14","0.7100","4.6300","1.0000","100.0000","1.0000","1.7100","15.0000","94.5900","0.5700","-1.6300","241.0000","7.3400","2.0000","-0.8300","221.0000","15.0600","0.5700","-1.4600","236.0000","9.2700","10.2900","-0.7400","236.0000","9.2700","5.1400","-0.8800","229.0000","11.9700","0.0000","-0.6600","122.0000","53.2800","0.0000","-0.6100","122.0000","53.2800","0.0000","-0.3800","122.0000","53.2800","0.0000","-0.5000","122.0000","53.2800","0.0000","-0.6900","226.0000","13.1300","0.0000","-1.2800","226.0000","13.1300","-0.8000","230.0000","11.5800","-0.7700","0.6600","-1.0800","-0.5000","-1.1100","-0.4700","0.5379","-0.4600","0.0300","-0.5300","-0.2800","-0.4600","-0.8800","-1.0400","13.1300","88.0300","10.0400","53.2800","8.4900","29.7300","100.0000","13.1300","76.4500","8.4900","53.2800","53.2800","10.0400","10.4200","259","4/1/2025 16:37","0","0","0.0000","0.0000","0.0000","105.0000","105.0000","105.0000","105.0000","105.0000","-0.5600","-0.6779","-0.4900","-0.5700","-0.5700","59.8500","59.8500","59.8500","59.8500","59.8500","0","4","66.8000","87.0000","-0.1900","0.5700","89.1900","29.0000","1.1400","3","68.3400","83.0000","-0.0800","0","97.3000","8.0000","-0.1400","0.0000","97.3000","8.0000","-0.1500","0","97.3000","8.0000","-0.1600","0.4300","96.9100","9.0000","2.1600","0.0000","97.3000","8.0000","-0.1500","0.0000","93.8200","17.0000","-0.2200","0","93.8200","17.0000","-0.1800","0.0000","93.8200","17.0000","-0.2000","0","93.8200","17.0000","-0.2100","15","0","0"
"AAD2023.06.02752","334","9527","58","University of South Florida","Economics, Department of","Economics, General","14","149.0000","29","200.0000","10","166.0000","2.9000","218.0000","211","200.0000","10","159.0000","0.9100","193.0000","0","122.0000","0","122.0000","0.0000","122.0000","1","201.0000","1","196.0000","3","100.0000","1","126.0000","28","14","9","20","14","0.0700","-0.4000","156.0000","40.1500","0.2100","-0.1700","98.0000","62.5500","0.7100","-0.7000","213.0000","18.1500","2.0700","-0.8000","219.0000","15.8300","0.7100","-0.5700","200.0000","23.1700","15.0700","-0.6700","216.0000","16.9900","7.2800","-0.6700","201.0000","22.7800","0.0000","-0.6600","122.0000","53.2800","0.0000","-0.6100","122.0000","53.2800","0.0000","-0.3800","122.0000","53.2800","0.0000","-0.5000","122.0000","53.2800","0.0700","-0.6100","215.0000","17.3700","0.0700","-0.9700","213.0000","18.1500","-0.7000","214.0000","17.7600","-0.6600","-0.4500","-0.5300","-0.5000","-0.5600","-0.7000","-0.2956","-0.4300","-0.2800","-0.4900","-0.2800","-0.4600","-0.6800","-0.4300","24.7100","51.7400","39.0000","53.2800","36.2900","16.2200","25.8700","22.7800","61.7800","23.1700","53.2800","53.2800","23.1700","42.8600","259","4/1/2025 16:37","0","0","0.0000","0.0000","0.0000","105.0000","105.0000","105.0000","105.0000","105.0000","-0.5600","-0.6779","-0.4900","-0.5700","-0.5700","59.8500","59.8500","59.8500","59.8500","59.8500","0","2","50.5800","129.0000","-0.4000","0.1400","46.3300","140.0000","-0.3200","1","43.6300","147.0000","-0.5400","0","97.3000","8.0000","-0.1400","0.0000","97.3000","8.0000","-0.1500","0","97.3000","8.0000","-0.1600","0.0700","35.1400","169.0000","-0.5500","0.0000","97.3000","8.0000","-0.1500","0.0000","93.8200","17.0000","-0.2200","0","93.8200","17.0000","-0.1800","0.0000","93.8200","17.0000","-0.2000","0","93.8200","17.0000","-0.2100","15","0","0"
"AAD2023.06.02752","24","9709","58","Boston University","Economics, Department of","Economics, General","43","12.0000","209","16.0000","36","19.0000","5.8100","59.0000","7969","11.0000","34","24.0000","0.9200","190.0000","11","18.0000","13","19.0000","3551490.0000","27.0000","53","23.0000","30","14.0000","13","36.0000","6","23.0000","28","14","9","20","14","0.1400","0.1300","92.0000","64.8600","0.3000","0.0400","78.0000","70.2700","0.8400","0.1100","145.0000","44.4000","4.8600","0.3800","65.0000","75.2900","0.7900","-0.1000","168.0000","35.5200","185.3300","1.7400","14.0000","94.9800","38.1300","2.4200","10.0000","96.5300","0.2600","1.6800","24.0000","91.1200","0.3000","1.1300","31.0000","88.4200","82592.7900","0.3900","40.0000","84.9400","273191.5400","0.3300","50.0000","81.0800","1.2300","0.6400","34.0000","87.2600","0.7000","1.7300","21.0000","92.2800","0.3000","36.0000","86.4900","2.3200","0.9400","1.6400","2.1000","1.8300","0.4500","-0.2055","0.8200","0.5100","2.1900","0.4600","1.4100","1.6600","2.0800","94.9800","91.5100","91.1200","93.4400","93.0500","77.6100","27.0300","91.5100","86.4900","96.1400","89.9600","93.0500","94.2100","95.7500","259","4/1/2025 16:37","3","1","3.0000","0.0700","0.0200","49.0000","6.0000","30.0000","68.0000","101.0000","0.1200","2.7076","0.6600","0.1800","-0.2100","81.4700","98.0700","88.8000","74.1300","61.3900","0","9","83.0100","45.0000","0.3600","0.2100","61.3900","101.0000","-0.0900","8","90.3500","26.0000","1.0800","0","97.3000","8.0000","-0.1400","0.0000","97.3000","8.0000","-0.1500","0","97.3000","8.0000","-0.1600","0.1900","69.1100","81.0000","0.3200","0.0000","97.3000","8.0000","-0.1500","0.0000","93.8200","17.0000","-0.2200","0","93.8200","17.0000","-0.1800","0.0000","93.8200","17.0000","-0.2000","0","93.8200","17.0000","-0.2100","15","0","0"
"AAD2023.06.02752","190","9786","58","South Dakota State University","Management and Economics, School of","Economics, General","21","81.0000","46","156.0000","15","106.0000","3.0700","209.0000","379","172.0000","13","124.0000","0.8700","222.0000","1","76.0000","1","86.0000","391878.0000","84.0000","2","172.0000","2","155.0000","1","150.0000","1","126.0000","28","14","9","20","14","0.0500","-0.5900","180.0000","30.8900","0.0500","-0.5700","186.0000","28.5700","0.7100","-0.7000","213.0000","18.1500","2.1900","-0.7500","215.0000","17.3700","0.6200","-1.1600","228.0000","12.3600","18.0500","-0.6300","205.0000","21.2400","8.2400","-0.5700","184.0000","29.3400","0.0500","-0.2200","107.0000","59.0700","0.0500","-0.3400","108.0000","58.6900","18660.8600","-0.2100","82.0000","68.7300","391878.0000","0.6900","29.0000","89.1900","0.1000","-0.5900","208.0000","20.0800","0.1000","-0.8700","206.0000","20.8500","-0.8000","230.0000","11.5800","-0.5600","-0.4500","-0.2600","-0.2700","-0.1000","-0.6400","-0.6845","-0.4100","-0.4400","-0.4300","-0.2000","-0.3200","-0.4600","0.1800","40.5400","51.7400","52.5100","71.0400","59.4600","19.6900","14.6700","33.9800","42.4700","33.9800","67.9500","67.1800","40.1500","69.1100","259","4/1/2025 16:37","0","0","0.0000","0.0000","0.0000","105.0000","105.0000","105.0000","105.0000","105.0000","-0.5600","-0.6779","-0.4900","-0.5700","-0.5700","59.8500","59.8500","59.8500","59.8500","59.8500","0","0","23.1700","200.0000","-0.6200","0.0000","23.1700","200.0000","-0.8100","0","23.1700","200.0000","-0.7700","0","97.3000","8.0000","-0.1400","0.0000","97.3000","8.0000","-0.1500","0","97.3000","8.0000","-0.1600","0.0000","23.1700","200.0000","-1.0900","0.0000","97.3000","8.0000","-0.1500","0.0000","93.8200","17.0000","-0.2200","0","93.8200","17.0000","-0.1800","0.0000","93.8200","17.0000","-0.2000","0","93.8200","17.0000","-0.2100","15","0","0"
"AAD2023.06.02752","202","9841","58","University at Albany, State University of New York","Economics, Department of","Economics, General","18","104.0000","58","134.0000","14","113.0000","4.1400","134.0000","555","140.0000","15","105.0000","0.9400","176.0000","5","32.0000","7","32.0000","1897413.0000","39.0000","15","73.0000","10","58.0000","0","193.0000","0","193.0000","28","14","9","20","14","0.0000","-0.9600","193.0000","25.8700","0.0000","-0.6800","193.0000","25.8700","0.7800","-0.2800","184.0000","29.3400","3.2200","-0.3100","152.0000","41.7000","0.8300","0.1700","130.0000","50.1900","30.8300","-0.4500","160.0000","38.6100","9.5700","-0.4400","160.0000","38.6100","0.2800","1.8900","19.0000","93.0500","0.3900","1.6200","25.0000","90.7300","105411.8300","0.6000","29.0000","89.1900","271059.0000","0.3200","52.0000","80.3100","0.8300","0.2100","56.0000","78.7600","0.5600","1.1200","38.0000","85.7100","-0.2000","114.0000","56.3700","0.2600","-0.7300","-0.0800","0.6800","-0.1900","-0.2100","-0.0351","-0.1000","-0.5200","-0.3700","0.1200","0.5500","-0.3000","-0.0800","77.9900","25.8700","59.8500","88.0300","56.7600","48.6500","32.4300","72.2000","25.8700","46.3300","85.3300","88.0300","48.6500","60.2300","259","4/1/2025 16:37","1","1","1.0000","0.0600","0.0600","49.0000","47.0000","65.0000","78.0000","70.0000","0.1200","0.4506","-0.1100","0.0300","0.2900","81.4700","82.2400","75.2900","70.2700","73.3600","0","2","50.5800","129.0000","-0.4000","0.1100","42.0800","151.0000","-0.4300","1","43.6300","147.0000","-0.5400","0","97.3000","8.0000","-0.1400","0.0000","97.3000","8.0000","-0.1500","0","97.3000","8.0000","-0.1600","0.0600","28.9600","185.0000","-0.6700","0.0000","97.3000","8.0000","-0.1500","0.0000","93.8200","17.0000","-0.2200","0","93.8200","17.0000","-0.1800","0.0000","93.8200","17.0000","-0.2000","0","93.8200","17.0000","-0.2100","15","0","0"
"AAD2023.06.02752","304","9911","58","University of Missouri","Economics, Department of","Economics, General","19","100.0000","102","69.0000","16","97.0000","6.3800","42.0000","831","120.0000","16","94.0000","1.0000","1.0000","1","76.0000","3","61.0000","3845622.0000","24.0000","13","84.0000","5","98.0000","4","88.0000","3","61.0000","28","14","9","20","14","0.1600","0.2800","74.0000","71.8100","0.2100","-0.1800","102.0000","61.0000","0.8400","0.1400","142.0000","45.5600","5.3700","0.5900","49.0000","81.4700","0.8400","0.2200","128.0000","50.9700","43.7400","-0.2700","127.0000","51.3500","8.1500","-0.5800","189.0000","27.4100","0.0500","-0.1800","105.0000","59.8500","0.1600","0.3000","64.0000","75.6800","202401.1600","1.5000","16.0000","94.2100","1281874.0000","3.4000","6.0000","98.0700","0.6800","0.0500","77.0000","70.6600","0.2600","-0.1400","126.0000","51.7400","-0.2000","114.0000","56.3700","-0.2500","0.1000","0.0100","-0.2700","-0.0100","0.6800","0.5379","-0.1400","-0.2000","-0.2700","0.5200","-0.0300","0.2700","0.0000","62.5500","76.8300","64.0900","71.0400","62.9300","84.1700","100.0000","67.9500","66.4100","54.0500","91.1200","76.8300","73.7500","61.7800","259","4/1/2025 16:37","0","0","0.0000","0.0000","0.0000","105.0000","105.0000","105.0000","105.0000","105.0000","-0.5600","-0.6779","-0.4900","-0.5700","-0.5700","59.8500","59.8500","59.8500","59.8500","59.8500","0","1","39.0000","159.0000","-0.5100","0.0500","27.0300","190.0000","-0.6300","1","43.6300","147.0000","-0.5400","0","97.3000","8.0000","-0.1400","0.0000","97.3000","8.0000","-0.1500","0","97.3000","8.0000","-0.1600","0.0500","27.0300","190.0000","-0.6900","0.0000","97.3000","8.0000","-0.1500","0.0000","93.8200","17.0000","-0.2200","0","93.8200","17.0000","-0.1800","0.0000","93.8200","17.0000","-0.2000","0","93.8200","17.0000","-0.2100","15","0","0"
"AAD2023.06.02752","354","10049","58","Virginia Polytechnic Institute and State University","Economics, Department of","Economics, General","21","81.0000","74","110.0000","18","82.0000","4.1100","138.0000","1333","73.0000","19","73.0000","1.0000","1.0000","1","76.0000","1","86.0000","15021.0000","121.0000","6","115.0000","4","114.0000","7","62.0000","4","48.0000","28","14","9","20","14","0.1900","0.5300","53.0000","79.9200","0.3300","0.1100","64.0000","75.6800","0.8600","0.2400","128.0000","50.9700","3.5200","-0.1900","130.0000","50.1900","0.9000","0.6100","77.0000","70.6600","63.4800","0.0100","85.0000","67.5700","18.0100","0.4000","63.0000","76.0600","0.0500","-0.2200","107.0000","59.0700","0.0500","-0.3400","108.0000","58.6900","715.2900","-0.3800","119.0000","54.4400","15021.0000","-0.4500","120.0000","54.0500","0.2900","-0.3800","146.0000","44.0200","0.1900","-0.4600","162.0000","37.8400","-0.2000","114.0000","56.3700","-0.3500","0.3800","0.2800","-0.2700","0.1700","-0.2200","0.5379","-0.3100","0.0300","-0.1000","-0.2700","-0.3200","-0.1000","0.1800","56.3700","81.8500","72.2000","71.0400","68.7300","47.1000","100.0000","55.9800","76.4500","72.2000","53.6700","67.1800","57.9200","69.1100","259","4/1/2025 16:37","1","1","1.0000","0.0500","0.0500","49.0000","47.0000","65.0000","89.0000","81.0000","0.1200","0.4506","-0.1100","-0.0600","0.1700","81.4700","82.2400","75.2900","66.0200","69.1100","0","5","71.0400","76.0000","-0.0800","0.2400","67.1800","86.0000","0.0000","3","68.3400","83.0000","-0.0800","0","97.3000","8.0000","-0.1400","0.0000","97.3000","8.0000","-0.1500","0","97.3000","8.0000","-0.1600","0.1400","57.1400","112.0000","-0.0100","0.0000","97.3000","8.0000","-0.1500","0.0000","93.8200","17.0000","-0.2200","0","93.8200","17.0000","-0.1800","0.0000","93.8200","17.0000","-0.2000","0","93.8200","17.0000","-0.2100","15","0","0"
"AAD2023.06.02752","263","10175","58","University of Colorado Boulder","Economics, Department of","Economics, General","28","45.0000","91","85.0000","25","43.0000","3.6400","174.0000","1218","81.0000","24","48.0000","0.9600","157.0000","4","36.0000","5","39.0000","996034.0000","55.0000","23","47.0000","12","47.0000","2","122.0000","2","86.0000","28","14","9","20","14","0.0700","-0.4000","156.0000","40.1500","0.0700","-0.5100","169.0000","35.1400","0.8900","0.4700","94.0000","64.0900","3.2500","-0.3000","150.0000","42.4700","0.8600","0.3200","115.0000","55.9800","43.5000","-0.2700","129.0000","50.5800","13.3800","-0.0600","91.0000","65.2500","0.1400","0.6500","49.0000","81.4700","0.1800","0.4200","55.0000","79.1500","35572.6400","-0.0500","67.0000","74.5200","199206.8000","0.1100","68.0000","74.1300","0.8200","0.2000","58.0000","77.9900","0.4300","0.5700","64.0000","75.6800","0.0000","75.0000","71.4300","0.4700","-0.1700","0.7300","0.4400","0.8200","-0.4100","0.1712","0.1000","-0.3600","-0.1400","-0.0700","0.2600","0.1300","0.7800","82.2400","67.1800","81.8500","86.4900","83.7800","33.2000","39.7700","82.2400","53.2800","69.1100","79.1500","85.3300","67.5700","83.0100","259","4/1/2025 16:37","0","0","0.0000","0.0000","0.0000","105.0000","105.0000","105.0000","105.0000","105.0000","-0.5600","-0.6779","-0.4900","-0.5700","-0.5700","59.8500","59.8500","59.8500","59.8500","59.8500","0","3","60.6200","103.0000","-0.2900","0.1100","39.7700","157.0000","-0.4400","2","57.9200","110.0000","-0.3100","0","97.3000","8.0000","-0.1400","0.0000","97.3000","8.0000","-0.1500","0","97.3000","8.0000","-0.1600","0.0700","35.1400","169.0000","-0.5500","0.0000","97.3000","8.0000","-0.1500","0.0000","93.8200","17.0000","-0.2200","0","93.8200","17.0000","-0.1800","0.0000","93.8200","17.0000","-0.2000","0","93.8200","17.0000","-0.2100","15","0","0"
"AAD2023.06.02752","135","10276","58","Middle Tennessee State University","Economics and Finance, Department of","Economics, General","26","57.0000","78","103.0000","23","57.0000","3.3900","188.0000","448","157.0000","22","61.0000","0.9600","163.0000","0","122.0000","0","122.0000","0.0000","122.0000","3","154.0000","3","133.0000","7","62.0000","3","61.0000","28","14","9","20","14","0.1200","-0.0600","112.0000","57.1400","0.2700","-0.0400","85.0000","67.5700","0.8800","0.4200","103.0000","60.6200","3.0000","-0.4100","167.0000","35.9100","0.8500","0.2500","124.0000","52.5100","17.2300","-0.6400","208.0000","20.0800","5.7400","-0.8200","220.0000","15.4400","0.0000","-0.6600","122.0000","53.2800","0.0000","-0.6100","122.0000","53.2800","0.0000","-0.3800","122.0000","53.2800","0.0000","-0.5000","122.0000","53.2800","0.1200","-0.5600","201.0000","22.7800","0.1200","-0.7800","197.0000","24.3200","-0.5000","178.0000","31.6600","-0.4600","0.1000","0.5500","-0.5000","0.6300","-0.5100","0.1393","-0.3900","0.0300","-0.4100","-0.2800","-0.4600","-0.0400","0.6100","49.0300","76.8300","76.8300","53.2800","78.3800","27.8000","37.4500","40.9300","76.4500","39.7700","53.2800","53.2800","60.6200","78.3800","259","4/1/2025 16:37","0","0","0.0000","0.0000","0.0000","105.0000","105.0000","105.0000","105.0000","105.0000","-0.5600","-0.6779","-0.4900","-0.5700","-0.5700","59.8500","59.8500","59.8500","59.8500","59.8500","0","1","39.0000","159.0000","-0.5100","0.0400","24.3200","197.0000","-0.6700","1","43.6300","147.0000","-0.5400","0","97.3000","8.0000","-0.1400","0.0000","97.3000","8.0000","-0.1500","0","97.3000","8.0000","-0.1600","0.0400","24.3200","197.0000","-0.8000","0.0000","97.3000","8.0000","-0.1500","0.0000","93.8200","17.0000","-0.2200","0","93.8200","17.0000","-0.1800","0.0000","93.8200","17.0000","-0.2000","0","93.8200","17.0000","-0.2100","15","0","0"
"AAD2023.06.02752","167","10290","58","Princeton University","Economics, Department of","Economics, General","54","2.0000","272","8.0000","53","2.0000","5.1300","80.0000","12740","5.0000","52","2.0000","0.9800","143.0000","18","5.0000","32","3.0000","5689232.0000","13.0000","203","4.0000","47","1.0000","30","13.0000","14","7.0000","28","14","9","20","14","0.2600","1.0700","30.0000","88.8000","0.5600","0.6500","43.0000","83.7800","0.9800","1.0500","25.0000","90.7300","5.0400","0.4500","60.0000","77.2200","0.9600","0.9700","33.0000","87.6400","235.9300","2.4600","9.0000","96.9100","46.8400","3.2900","5.0000","98.4600","0.3300","2.4000","12.0000","95.7500","0.5900","2.7900","7.0000","97.6800","105356.1500","0.6000","30.0000","88.8000","177788.5000","0.0400","74.0000","71.8100","3.7600","3.3500","6.0000","98.0700","0.8700","2.4700","5.0000","98.4600","1.1000","5.0000","98.4600","4.0600","3.1500","3.2700","3.7500","3.3800","0.1800","0.3649","4.4400","1.8600","3.8300","0.9000","4.1500","2.4900","3.0400","100.0000","97.6800","99.6100","98.4600","99.6100","69.5000","45.1700","98.8400","95.3700","98.4600","95.3700","99.2300","97.3000","99.6100","259","4/1/2025 16:37","9","6","1.5000","0.1700","0.1100","4.0000","36.0000","9.0000","29.0000","25.0000","3.5100","1.0148","2.9600","1.2200","1.1400","98.8400","86.4900","96.9100","89.1900","90.7300","0","25","94.5900","15.0000","2.0900","0.4600","85.7100","38.0000","0.7700","18","97.3000","8.0000","3.3800","0","97.3000","8.0000","-0.1400","0.0000","97.3000","8.0000","-0.1500","0","97.3000","8.0000","-0.1600","0.3300","90.7300","25.0000","1.4400","0.0000","97.3000","8.0000","-0.1500","0.0000","93.8200","17.0000","-0.2200","0","93.8200","17.0000","-0.1800","0.0000","93.8200","17.0000","-0.2000","0","93.8200","17.0000","-0.2100","15","0","0"
"AAD2023.06.02752","201","10310","58","Suffolk University","Economics, Department of","Economics, General","10","198.0000","20","219.0000","8","194.0000","2.5000","231.0000","267","185.0000","8","185.0000","1.0000","1.0000","0","122.0000","0","122.0000","0.0000","122.0000","1","201.0000","1","196.0000","10","44.0000","4","48.0000","28","14","9","20","14","0.4000","2.1700","12.0000","95.7500","1.0000","1.7100","15.0000","94.5900","0.8000","-0.1400","165.0000","36.6800","2.0000","-0.8300","221.0000","15.0600","0.8000","-0.0400","149.0000","42.8600","26.7000","-0.5100","173.0000","33.5900","13.3500","-0.0600","92.0000","64.8600","0.0000","-0.6600","122.0000","53.2800","0.0000","-0.6100","122.0000","53.2800","0.0000","-0.3800","122.0000","53.2800","0.0000","-0.5000","122.0000","53.2800","0.1000","-0.5800","207.0000","20.4600","0.1000","-0.8500","204.0000","21.6200","-0.6000","198.0000","23.9400","-0.6600","0.3800","-0.7100","-0.5000","-0.7400","-0.8600","0.5379","-0.4300","0.2700","-0.4700","-0.2800","-0.4600","-0.8000","-0.7800","24.7100","81.8500","28.9600","53.2800","25.4800","11.2000","100.0000","22.7800","83.4000","28.9600","53.2800","53.2800","15.8300","23.9400","259","4/1/2025 16:37","0","0","0.0000","0.0000","0.0000","105.0000","105.0000","105.0000","105.0000","105.0000","-0.5600","-0.6779","-0.4900","-0.5700","-0.5700","59.8500","59.8500","59.8500","59.8500","59.8500","0","4","66.8000","87.0000","-0.1900","0.4000","82.2400","47.0000","0.5500","2","57.9200","110.0000","-0.3100","0","97.3000","8.0000","-0.1400","0.0000","97.3000","8.0000","-0.1500","0","97.3000","8.0000","-0.1600","0.2000","74.1300","68.0000","0.4300","0.0000","97.3000","8.0000","-0.1500","0.0000","93.8200","17.0000","-0.2200","0","93.8200","17.0000","-0.1800","0.0000","93.8200","17.0000","-0.2000","0","93.8200","17.0000","-0.2100","15","0","0"
"AAD2023.06.02752","396","10376","58","New School, The","Economics, Department of","Economics, General","11","183.0000","73","111.0000","10","166.0000","7.3000","26.0000","859","118.0000","10","159.0000","1.0000","1.0000","0","122.0000","0","122.0000","0.0000","122.0000","15","73.0000","7","83.0000","16","27.0000","5","32.0000","28","14","9","20","14","0.4500","2.6000","10.0000","96.5300","1.4500","2.7900","6.0000","98.0700","0.9100","0.5800","77.0000","70.6600","6.6400","1.1300","27.0000","89.9600","0.9100","0.6400","74.0000","71.8100","78.0900","0.2200","56.0000","78.7600","11.7700","-0.2200","121.0000","53.6700","0.0000","-0.6600","122.0000","53.2800","0.0000","-0.6100","122.0000","53.2800","0.0000","-0.3800","122.0000","53.2800","0.0000","-0.5000","122.0000","53.2800","1.3600","0.7800","31.0000","88.4200","0.6400","1.4600","26.0000","90.3500","0.7000","13.0000","95.3700","-0.0500","0.6600","-0.5300","-0.5000","-0.5600","1.0400","0.5379","-0.1000","0.7500","-0.2600","-0.2800","-0.4600","-0.1100","-0.6900","68.3400","88.0300","39.0000","53.2800","36.2900","90.3500","100.0000","72.2000","89.9600","54.8300","53.2800","53.2800","57.5300","29.7300","259","4/1/2025 16:37","0","0","0.0000","0.0000","0.0000","105.0000","105.0000","105.0000","105.0000","105.0000","-0.5600","-0.6779","-0.4900","-0.5700","-0.5700","59.8500","59.8500","59.8500","59.8500","59.8500","0","26","94.9800","14.0000","2.2000","2.3600","100.0000","1.0000","7.2300","8","90.3500","26.0000","1.0800","0","97.3000","8.0000","-0.1400","0.0000","97.3000","8.0000","-0.1500","0","97.3000","8.0000","-0.1600","0.7300","100.0000","1.0000","4.4300","0.0000","97.3000","8.0000","-0.1500","0.0000","93.8200","17.0000","-0.2200","0","93.8200","17.0000","-0.1800","0.0000","93.8200","17.0000","-0.2000","0","93.8200","17.0000","-0.2100","15","0","0"
"AAD2023.06.02752","156","10447","58","Ohio State University, The","Economics, Department of","Economics, General","26","57.0000","94","75.0000","21","64.0000","4.4800","111.0000","1035","95.0000","21","64.0000","1.0000","1.0000","6","22.0000","12","20.0000","4965097.0000","18.0000","21","54.0000","8","74.0000","4","88.0000","4","48.0000","28","14","9","20","14","0.1500","0.2400","77.0000","70.6600","0.1500","-0.3100","120.0000","54.0500","0.8100","-0.0900","162.0000","37.8400","3.6200","-0.1500","122.0000","53.2800","0.8100","0.0100","145.0000","44.4000","39.8100","-0.3200","140.0000","46.3300","11.0100","-0.3000","135.0000","48.2600","0.2300","1.4600","27.0000","89.9600","0.4600","2.0400","16.0000","94.2100","190965.2700","1.3900","17.0000","93.8200","413758.0800","0.7600","26.0000","90.3500","0.8100","0.1800","61.0000","76.8300","0.3100","0.0500","107.0000","59.0700","-0.2000","114.0000","56.3700","0.0600","0.3800","0.4600","0.9200","0.4500","-0.0800","0.5379","0.0500","-0.2000","-0.2000","0.7500","1.2700","0.1600","0.6100","71.8100","81.8500","75.6800","91.8900","75.6800","57.5300","100.0000","79.5400","66.4100","63.7100","93.4400","92.6600","71.4300","78.3800","259","4/1/2025 16:37","2","1","2.0000","0.0800","0.0400","49.0000","13.0000","42.0000","64.0000","90.0000","0.1200","1.5791","0.2700","0.2600","0.0200","81.4700","95.3700","84.1700","75.6800","65.6400","0","3","60.6200","103.0000","-0.2900","0.1200","42.4700","150.0000","-0.4100","2","57.9200","110.0000","-0.3100","0","97.3000","8.0000","-0.1400","0.0000","97.3000","8.0000","-0.1500","0","97.3000","8.0000","-0.1600","0.0800","36.6800","165.0000","-0.5100","0.0000","97.3000","8.0000","-0.1500","0.0000","93.8200","17.0000","-0.2200","0","93.8200","17.0000","-0.1800","0.0000","93.8200","17.0000","-0.2000","0","93.8200","17.0000","-0.2100","15","0","0"
"AAD2023.06.02752","59","10641","58","Drexel University","Economics, School of","Economics, General","17","119.0000","137","42.0000","14","113.0000","9.7900","8.0000","4625","20.0000","14","109.0000","1.0000","1.0000","0","122.0000","0","122.0000","0.0000","122.0000","3","154.0000","3","133.0000","9","50.0000","3","61.0000","28","14","9","20","14","0.1800","0.4200","61.0000","76.8300","0.5300","0.5800","46.0000","82.6300","0.8200","0.0200","153.0000","41.3100","8.0600","1.7300","10.0000","96.5300","0.8200","0.1100","138.0000","47.1000","272.0600","2.9700","7.0000","97.6800","33.7600","1.9800","16.0000","94.2100","0.0000","-0.6600","122.0000","53.2800","0.0000","-0.6100","122.0000","53.2800","0.0000","-0.3800","122.0000","53.2800","0.0000","-0.5000","122.0000","53.2800","0.1800","-0.5000","185.0000","28.9600","0.1800","-0.5200","168.0000","35.5200","-0.1000","93.0000","64.4800","-0.4600","0.1000","-0.1700","-0.5000","-0.1900","2.0300","0.5379","-0.3900","0.1900","1.0300","-0.2800","-0.4600","0.7300","-0.1700","49.0300","76.8300","58.3000","53.2800","56.7600","97.3000","100.0000","40.9300","81.0800","92.6600","53.2800","53.2800","84.1700","54.4400","259","4/1/2025 16:37","0","0","0.0000","0.0000","0.0000","105.0000","105.0000","105.0000","105.0000","105.0000","-0.5600","-0.6779","-0.4900","-0.5700","-0.5700","59.8500","59.8500","59.8500","59.8500","59.8500","0","7","77.9900","58.0000","0.1400","0.4100","83.0100","45.0000","0.5900","6","86.1000","37.0000","0.6100","0","97.3000","8.0000","-0.1400","0.0000","97.3000","8.0000","-0.1500","0","97.3000","8.0000","-0.1600","0.3500","91.8900","22.0000","1.5900","0.0000","97.3000","8.0000","-0.1500","0.0000","93.8200","17.0000","-0.2200","0","93.8200","17.0000","-0.1800","0.0000","93.8200","17.0000","-0.2000","0","93.8200","17.0000","-0.2100","15","0","0"
"AAD2023.06.02752","313","10743","58","University of New Hampshire","Economics, Department of","Economics, General","18","104.0000","51","145.0000","14","113.0000","3.6400","173.0000","500","148.0000","14","109.0000","1.0000","1.0000","1","76.0000","2","72.0000","5395823.0000","15.0000","4","138.0000","3","133.0000","2","122.0000","1","126.0000","28","14","9","20","14","0.0600","-0.5300","171.0000","34.3600","0.1100","-0.4200","140.0000","46.3300","0.7800","-0.2800","184.0000","29.3400","2.8300","-0.4800","182.0000","30.1200","0.7800","-0.1800","172.0000","33.9800","27.7800","-0.4900","167.0000","35.9100","9.8000","-0.4200","156.0000","40.1500","0.0600","-0.1500","100.0000","61.7800","0.1100","0.0300","81.0000","69.1100","299767.9400","2.4100","7.0000","97.6800","2697911.5000","7.7000","1.0000","100.0000","0.2200","-0.4500","168.0000","35.5200","0.1700","-0.5600","170.0000","34.7500","-0.4000","157.0000","39.7700","-0.4600","-0.4500","-0.1700","-0.2700","-0.1900","-0.4100","0.5379","-0.3600","-0.3600","-0.3900","0.8400","-0.1700","-0.4000","-0.0800","49.0300","51.7400","58.3000","71.0400","56.7600","33.5900","100.0000","47.1000","53.2800","43.2400","94.5900","72.5900","44.4000","60.2300","259","4/1/2025 16:37","0","0","0.0000","0.0000","0.0000","105.0000","105.0000","105.0000","105.0000","105.0000","-0.5600","-0.6779","-0.4900","-0.5700","-0.5700","59.8500","59.8500","59.8500","59.8500","59.8500","0","1","39.0000","159.0000","-0.5100","0.0600","28.5700","186.0000","-0.6200","1","43.6300","147.0000","-0.5400","0","97.3000","8.0000","-0.1400","0.0000","97.3000","8.0000","-0.1500","0","97.3000","8.0000","-0.1600","0.0600","28.9600","185.0000","-0.6700","0.0000","97.3000","8.0000","-0.1500","0.0000","93.8200","17.0000","-0.2200","0","93.8200","17.0000","-0.1800","0.0000","93.8200","17.0000","-0.2000","0","93.8200","17.0000","-0.2100","15","0","0"
"AAD2023.06.02752","26","11147","58","Brandeis University","Economics, Department of","Economics, General","20","90.0000","53","143.0000","14","113.0000","3.7900","159.0000","662","130.0000","14","109.0000","1.0000","1.0000","0","122.0000","0","122.0000","0.0000","122.0000","7","107.0000","5","98.0000","1","150.0000","1","126.0000","28","14","9","20","14","0.0500","-0.5700","178.0000","31.6600","0.0500","-0.5600","183.0000","29.7300","0.7000","-0.7900","219.0000","15.8300","2.6500","-0.5500","191.0000","26.6400","0.7000","-0.6600","202.0000","22.3900","33.1000","-0.4200","157.0000","39.7700","12.4900","-0.1500","107.0000","59.0700","0.0000","-0.6600","122.0000","53.2800","0.0000","-0.6100","122.0000","53.2800","0.0000","-0.3800","122.0000","53.2800","0.0000","-0.5000","122.0000","53.2800","0.3500","-0.3100","133.0000","49.0300","0.2500","-0.2000","129.0000","50.5800","-0.4000","157.0000","39.7700","-0.2500","-0.4500","-0.1700","-0.5000","-0.1900","-0.3500","0.5379","-0.2900","-0.4400","-0.3300","-0.2800","-0.4600","-0.3700","0.0900","62.5500","51.7400","58.3000","53.2800","56.7600","39.0000","100.0000","59.0700","42.4700","50.1900","53.2800","53.2800","45.1700","65.6400","259","4/1/2025 16:37","0","0","0.0000","0.0000","0.0000","105.0000","105.0000","105.0000","105.0000","105.0000","-0.5600","-0.6779","-0.4900","-0.5700","-0.5700","59.8500","59.8500","59.8500","59.8500","59.8500","0","9","83.0100","45.0000","0.3600","0.4500","84.5600","41.0000","0.7200","6","86.1000","37.0000","0.6100","0","97.3000","8.0000","-0.1400","0.0000","97.3000","8.0000","-0.1500","0","97.3000","8.0000","-0.1600","0.3000","88.0300","32.0000","1.1900","0.0000","97.3000","8.0000","-0.1500","0.0000","93.8200","17.0000","-0.2200","0","93.8200","17.0000","-0.1800","0.0000","93.8200","17.0000","-0.2000","0","93.8200","17.0000","-0.2100","15","0","0"
"AAD2023.06.02752","217","11507","58","Texas A&M Corpus Christi","Decision Sciences and Economics, Department of","Economics, General","12","171.0000","70","116.0000","12","138.0000","5.8300","57.0000","902","115.0000","12","131.0000","1.0000","1.0000","0","122.0000","0","122.0000","0.0000","122.0000","1","201.0000","1","196.0000","0","193.0000","0","193.0000","28","14","9","20","14","0.0000","-0.9600","193.0000","25.8700","0.0000","-0.6800","193.0000","25.8700","1.0000","1.1700","1.0000","100.0000","5.8300","0.7900","40.0000","84.9400","1.0000","1.2000","1.0000","100.0000","75.1700","0.1800","59.0000","77.6100","12.8900","-0.1100","97.0000","62.9300","0.0000","-0.6600","122.0000","53.2800","0.0000","-0.6100","122.0000","53.2800","0.0000","-0.3800","122.0000","53.2800","0.0000","-0.5000","122.0000","53.2800","0.0800","-0.6000","210.0000","19.3100","0.0800","-0.9200","208.0000","20.0800","0.2000","48.0000","81.8500","-0.6600","-0.7300","-0.3500","-0.5000","-0.3800","0.4600","0.5379","-0.4300","-0.5200","-0.2500","-0.2800","-0.4600","-0.1500","-0.6000","24.7100","25.8700","49.8100","53.2800","47.1000","78.3800","100.0000","22.7800","25.8700","55.9800","53.2800","53.2800","55.6000","34.3600","259","4/1/2025 16:37","1","1","1.0000","0.0800","0.0800","49.0000","47.0000","65.0000","60.0000","45.0000","0.1200","0.4506","-0.1100","0.3200","0.7200","81.4700","82.2400","75.2900","77.2200","83.0100","0","1","39.0000","159.0000","-0.5100","0.0800","35.1400","169.0000","-0.5200","1","43.6300","147.0000","-0.5400","0","97.3000","8.0000","-0.1400","0.0000","97.3000","8.0000","-0.1500","0","97.3000","8.0000","-0.1600","0.0800","38.6100","160.0000","-0.4600","0.0000","97.3000","8.0000","-0.1500","0.0000","93.8200","17.0000","-0.2200","0","93.8200","17.0000","-0.1800","0.0000","93.8200","17.0000","-0.2000","0","93.8200","17.0000","-0.2100","15","0","0"
"AAD2023.06.02752","27","12196","58","Brigham Young University","Economics, Department of","Economics, General","22","75.0000","94","75.0000","21","64.0000","4.4800","111.0000","2774","39.0000","21","64.0000","1.0000","1.0000","1","76.0000","1","86.0000","199105.0000","95.0000","23","47.0000","12","47.0000","0","193.0000","0","193.0000","28","14","9","20","14","0.0000","-0.9600","193.0000","25.8700","0.0000","-0.6800","193.0000","25.8700","0.9500","0.8700","35.0000","86.8700","4.2700","0.1300","88.0000","66.4100","0.9500","0.9200","39.0000","85.3300","126.0900","0.9000","27.0000","89.9600","29.5100","1.5600","22.0000","91.8900","0.0500","-0.2400","111.0000","57.5300","0.0500","-0.3500","112.0000","57.1400","9050.2300","-0.3000","97.0000","62.9300","199105.0000","0.1100","69.0000","73.7500","1.0500","0.4400","42.0000","84.1700","0.5500","1.0700","39.0000","85.3300","0.2000","48.0000","81.8500","0.4700","-0.7300","0.4600","-0.2700","0.4500","-0.0800","0.5379","0.1000","-0.5200","0.4000","-0.2400","-0.3200","0.1600","0.2600","82.2400","25.8700","75.6800","71.0400","75.6800","57.5300","100.0000","82.2400","25.8700","85.3300","63.7100","67.1800","71.4300","71.4300","259","4/1/2025 16:37","4","2","2.0000","0.1800","0.0900","26.0000","13.0000","21.0000","26.0000","37.0000","0.7900","1.5791","1.0400","1.3800","0.8300","90.3500","95.3700","92.2800","90.3500","86.1000","0","2","50.5800","129.0000","-0.4000","0.0900","37.0700","164.0000","-0.5000","2","57.9200","110.0000","-0.3100","0","97.3000","8.0000","-0.1400","0.0000","97.3000","8.0000","-0.1500","0","97.3000","8.0000","-0.1600","0.0900","41.3100","153.0000","-0.4000","0.0000","97.3000","8.0000","-0.1500","0.0000","93.8200","17.0000","-0.2200","0","93.8200","17.0000","-0.1800","0.0000","93.8200","17.0000","-0.2000","0","93.8200","17.0000","-0.2100","15","0","0"
"AAD2023.06.02752","237","12208","58","Tufts University","Economics, Department of","Economics, General","26","57.0000","94","75.0000","25","43.0000","3.7600","161.0000","1696","60.0000","24","48.0000","0.9600","157.0000","3","47.0000","3","61.0000","1026107.0000","51.0000","21","54.0000","14","38.0000","6","71.0000","5","32.0000","28","14","9","20","14","0.1900","0.5400","52.0000","80.3100","0.2300","-0.1300","93.0000","64.4800","0.9600","0.9200","31.0000","88.4200","3.6200","-0.1500","122.0000","53.2800","0.9200","0.7200","62.0000","76.4500","65.2300","0.0400","82.0000","68.7300","18.0400","0.4100","62.0000","76.4500","0.1200","0.4000","63.0000","76.0600","0.1200","0.0500","80.0000","69.5000","39465.6500","-0.0200","64.0000","75.6800","342035.6700","0.5400","38.0000","85.7100","0.8100","0.1800","61.0000","76.8300","0.5400","1.0400","40.0000","84.9400","0.2000","48.0000","81.8500","0.6700","0.6600","0.7300","0.2100","0.8200","-0.3600","0.1712","0.0500","-0.0500","0.0200","-0.0700","-0.0300","0.1600","0.6100","85.7100","88.0300","81.8500","82.2400","83.7800","38.2200","39.7700","79.5400","72.9700","77.2200","80.7000","76.8300","71.4300","78.3800","259","4/1/2025 16:37","1","1","1.0000","0.0400","0.0400","49.0000","47.0000","65.0000","95.0000","90.0000","0.1200","0.4506","-0.1100","-0.1600","0.0200","81.4700","82.2400","75.2900","63.7100","65.6400","0","7","77.9900","58.0000","0.1400","0.2700","71.4300","75.0000","0.1100","5","83.0100","45.0000","0.3800","4","100.0000","1.0000","12.8300","0.1500","100.0000","1.0000","11.5800","1","99.6100","2.0000","4.9800","0.1900","70.2700","78.0000","0.3700","0.0400","98.4600","5.0000","3.6400","0.0000","93.8200","17.0000","-0.2200","0","93.8200","17.0000","-0.1800","0.0000","93.8200","17.0000","-0.2000","0","93.8200","17.0000","-0.2100","15","0","0"
"AAD2023.06.02752","242","12809","58","University of Akron, The","Economics, Department of","Economics, General","4","253.0000","9","244.0000","2","253.0000","4.5000","109.0000","40","248.0000","2","253.0000","1.0000","1.0000","0","122.0000","0","122.0000","0.0000","122.0000","4","138.0000","2","155.0000","0","193.0000","0","193.0000","28","14","9","20","14","0.0000","-0.9600","193.0000","25.8700","0.0000","-0.6800","193.0000","25.8700","0.5000","-2.1000","244.0000","6.1800","2.2500","-0.7200","212.0000","18.5300","0.5000","-1.9000","243.0000","6.5600","10.0000","-0.7400","237.0000","8.8800","4.4400","-0.9500","238.0000","8.4900","0.0000","-0.6600","122.0000","53.2800","0.0000","-0.6100","122.0000","53.2800","0.0000","-0.3800","122.0000","53.2800","0.0000","-0.5000","122.0000","53.2800","1.0000","0.3900","44.0000","83.4000","0.5000","0.8800","42.0000","84.1700","-0.4000","157.0000","39.7700","-0.5600","-0.7300","-1.2600","-0.5000","-1.2900","-0.0700","0.5379","-0.3600","-0.5200","-0.5500","-0.2800","-0.4600","-0.9400","-1.3000","40.5400","25.8700","2.7000","53.2800","2.7000","58.3000","100.0000","47.1000","25.8700","4.6300","53.2800","53.2800","6.1800","2.7000","259","4/1/2025 16:37","0","0","0.0000","0.0000","0.0000","105.0000","105.0000","105.0000","105.0000","105.0000","-0.5600","-0.6779","-0.4900","-0.5700","-0.5700","59.8500","59.8500","59.8500","59.8500","59.8500","0","2","50.5800","129.0000","-0.4000","0.5000","87.6400","33.0000","0.8900","1","43.6300","147.0000","-0.5400","0","97.3000","8.0000","-0.1400","0.0000","97.3000","8.0000","-0.1500","0","97.3000","8.0000","-0.1600","0.2500","83.0100","45.0000","0.8100","0.0000","97.3000","8.0000","-0.1500","0.0000","93.8200","17.0000","-0.2200","0","93.8200","17.0000","-0.1800","0.0000","93.8200","17.0000","-0.2000","0","93.8200","17.0000","-0.2100","15","0","0"
"AAD2023.06.02752","317","12982","58","University of North Carolina Charlotte","Economics, Department of","Economics, General","11","183.0000","36","179.0000","10","166.0000","3.6000","178.0000","269","184.0000","11","148.0000","1.0000","1.0000","0","122.0000","0","122.0000","0.0000","122.0000","1","201.0000","1","196.0000","0","193.0000","0","193.0000","28","14","9","20","14","0.0000","-0.9600","193.0000","25.8700","0.0000","-0.6800","193.0000","25.8700","0.9100","0.5800","77.0000","70.6600","3.2700","-0.2900","149.0000","42.8600","1.0000","1.2000","1.0000","100.0000","24.4500","-0.5400","180.0000","30.8900","7.4700","-0.6500","199.0000","23.5500","0.0000","-0.6600","122.0000","53.2800","0.0000","-0.6100","122.0000","53.2800","0.0000","-0.3800","122.0000","53.2800","0.0000","-0.5000","122.0000","53.2800","0.0900","-0.5900","209.0000","19.6900","0.0900","-0.8800","207.0000","20.4600","-0.4000","157.0000","39.7700","-0.6600","-0.7300","-0.4400","-0.5000","-0.5600","-0.4300","0.5379","-0.4300","-0.5200","-0.4700","-0.2800","-0.4600","-0.5900","-0.6900","24.7100","25.8700","43.2400","53.2800","36.2900","31.6600","100.0000","22.7800","25.8700","29.3400","53.2800","53.2800","31.2700","29.7300","259","4/1/2025 16:37","1","1","1.0000","0.0900","0.0900","49.0000","47.0000","65.0000","54.0000","37.0000","0.1200","0.4506","-0.1100","0.4100","0.8300","81.4700","82.2400","75.2900","79.5400","86.1000","0","2","50.5800","129.0000","-0.4000","0.1800","55.2100","117.0000","-0.1900","2","57.9200","110.0000","-0.3100","0","97.3000","8.0000","-0.1400","0.0000","97.3000","8.0000","-0.1500","0","97.3000","8.0000","-0.1600","0.1800","68.3400","83.0000","0.2900","0.0000","97.3000","8.0000","-0.1500","0.0000","93.8200","17.0000","-0.2200","0","93.8200","17.0000","-0.1800","0.0000","93.8200","17.0000","-0.2000","0","93.8200","17.0000","-0.2100","15","0","0"
"AAD2023.06.02752","17","13199","58","Ball State University","Economics, Department of","Economics, General","11","183.0000","32","191.0000","9","176.0000","3.5600","179.0000","414","164.0000","9","175.0000","0.9000","201.0000","0","122.0000","0","122.0000","0.0000","122.0000","2","172.0000","2","155.0000","1","150.0000","1","126.0000","28","14","9","20","14","0.0900","-0.2500","135.0000","48.2600","0.0900","-0.4600","156.0000","40.1500","0.8200","-0.0200","155.0000","40.5400","2.9100","-0.4500","177.0000","32.0500","0.8200","0.0700","140.0000","46.3300","37.6400","-0.3500","146.0000","44.0200","12.9400","-0.1000","96.0000","63.3200","0.0000","-0.6600","122.0000","53.2800","0.0000","-0.6100","122.0000","53.2800","0.0000","-0.3800","122.0000","53.2800","0.0000","-0.5000","122.0000","53.2800","0.1800","-0.4900","183.0000","29.7300","0.1800","-0.4900","164.0000","37.0700","-0.5000","178.0000","31.6600","-0.5600","-0.4500","-0.6200","-0.5000","-0.6500","-0.4400","-0.3789","-0.4100","-0.4400","-0.4200","-0.2800","-0.4600","-0.6400","-0.6900","40.5400","51.7400","32.8200","53.2800","32.4300","31.2700","22.7800","33.9800","42.4700","37.0700","53.2800","53.2800","26.6400","29.7300","259","4/1/2025 16:37","0","0","0.0000","0.0000","0.0000","105.0000","105.0000","105.0000","105.0000","105.0000","-0.5600","-0.6779","-0.4900","-0.5700","-0.5700","59.8500","59.8500","59.8500","59.8500","59.8500","0","2","50.5800","129.0000","-0.4000","0.1800","55.2100","117.0000","-0.1900","1","43.6300","147.0000","-0.5400","0","97.3000","8.0000","-0.1400","0.0000","97.3000","8.0000","-0.1500","0","97.3000","8.0000","-0.1600","0.0900","41.3100","153.0000","-0.4000","0.0000","97.3000","8.0000","-0.1500","0.0000","93.8200","17.0000","-0.2200","0","93.8200","17.0000","-0.1800","0.0000","93.8200","17.0000","-0.2000","0","93.8200","17.0000","-0.2100","15","0","0"
"AAD2023.06.02752","288","14372","58","University of Maryland, Baltimore County","Economics, Department of","Economics, General","13","157.0000","48","151.0000","10","166.0000","4.8000","90.0000","468","154.0000","9","175.0000","0.9000","201.0000","0","122.0000","0","122.0000","0.0000","122.0000","7","107.0000","4","114.0000","4","88.0000","2","86.0000","28","14","9","20","14","0.1500","0.2400","77.0000","70.6600","0.3100","0.0500","75.0000","71.4300","0.7700","-0.3400","192.0000","26.2500","3.6900","-0.1100","120.0000","54.0500","0.6900","-0.7100","209.0000","19.6900","36.0000","-0.3700","152.0000","41.7000","9.7500","-0.4200","157.0000","39.7700","0.0000","-0.6600","122.0000","53.2800","0.0000","-0.6100","122.0000","53.2800","0.0000","-0.3800","122.0000","53.2800","0.0000","-0.5000","122.0000","53.2800","0.5400","-0.1100","97.0000","62.9300","0.3100","0.0500","107.0000","59.0700","-0.3000","138.0000","47.1000","-0.3500","-0.1700","-0.6200","-0.5000","-0.5600","0.0500","-0.3789","-0.2900","-0.2000","-0.4000","-0.2800","-0.4600","-0.4400","-0.5200","56.3700","67.1800","32.8200","53.2800","36.2900","65.6400","22.7800","59.0700","66.4100","40.9300","53.2800","53.2800","42.0800","39.7700","259","4/1/2025 16:37","1","1","1.0000","0.0800","0.0800","49.0000","47.0000","65.0000","64.0000","50.0000","0.1200","0.4506","-0.1100","0.2600","0.6200","81.4700","82.2400","75.2900","75.6800","81.0800","0","7","77.9900","58.0000","0.1400","0.5400","88.4200","31.0000","1.0300","3","68.3400","83.0000","-0.0800","0","97.3000","8.0000","-0.1400","0.0000","97.3000","8.0000","-0.1500","0","97.3000","8.0000","-0.1600","0.2300","79.5400","54.0000","0.6600","0.0000","97.3000","8.0000","-0.1500","0.0000","93.8200","17.0000","-0.2200","0","93.8200","17.0000","-0.1800","0.0000","93.8200","17.0000","-0.2000","0","93.8200","17.0000","-0.2100","15","0","0"
"AAD2023.06.02752","355","14417","58","Wake Forest University","Economics, Department of","Economics, General","15","131.0000","40","167.0000","10","166.0000","4.0000","142.0000","446","158.0000","10","159.0000","1.0000","1.0000","0","122.0000","0","122.0000","0.0000","122.0000","6","115.0000","3","133.0000","4","88.0000","1","126.0000","28","14","9","20","14","0.0700","-0.4400","161.0000","38.2200","0.2700","-0.0400","86.0000","67.1800","0.6700","-1.0100","224.0000","13.9000","2.6700","-0.5500","190.0000","27.0300","0.6700","-0.8700","210.0000","19.3100","29.7300","-0.4600","164.0000","37.0700","11.1500","-0.2800","132.0000","49.4200","0.0000","-0.6600","122.0000","53.2800","0.0000","-0.6100","122.0000","53.2800","0.0000","-0.3800","122.0000","53.2800","0.0000","-0.5000","122.0000","53.2800","0.4000","-0.2600","118.0000","54.8300","0.2000","-0.4100","154.0000","40.9300","-0.5000","178.0000","31.6600","-0.4600","-0.4500","-0.5300","-0.5000","-0.5600","-0.2700","0.5379","-0.3100","-0.2000","-0.4100","-0.2800","-0.4600","-0.5400","-0.3400","49.0300","51.7400","39.0000","53.2800","36.2900","45.5600","100.0000","55.9800","66.4100","39.3800","53.2800","53.2800","35.9100","49.8100","259","4/1/2025 16:37","0","0","0.0000","0.0000","0.0000","105.0000","105.0000","105.0000","105.0000","105.0000","-0.5600","-0.6779","-0.4900","-0.5700","-0.5700","59.8500","59.8500","59.8500","59.8500","59.8500","0","4","66.8000","87.0000","-0.1900","0.2700","71.0400","76.0000","0.1000","4","77.2200","60.0000","0.1500","0","97.3000","8.0000","-0.1400","0.0000","97.3000","8.0000","-0.1500","0","97.3000","8.0000","-0.1600","0.2700","85.7100","38.0000","0.9300","0.0000","97.3000","8.0000","-0.1500","0.0000","93.8200","17.0000","-0.2200","0","93.8200","17.0000","-0.1800","0.0000","93.8200","17.0000","-0.2000","0","93.8200","17.0000","-0.2100","15","0","0"
"AAD2023.06.02752","353","14832","58","Virginia Commonwealth University","Economics, Department of","Economics, General","9","212.0000","20","219.0000","7","206.0000","2.8600","220.0000","106","230.0000","7","203.0000","1.0000","1.0000","1","76.0000","2","72.0000","189530.0000","96.0000","2","172.0000","2","155.0000","0","193.0000","0","193.0000","28","14","9","20","14","0.0000","-0.9600","193.0000","25.8700","0.0000","-0.6800","193.0000","25.8700","0.7800","-0.2800","184.0000","29.3400","2.2200","-0.7300","213.0000","18.1500","0.7800","-0.1800","172.0000","33.9800","11.7800","-0.7200","228.0000","12.3600","5.3000","-0.8700","228.0000","12.3600","0.1100","0.3600","64.0000","75.6800","0.2200","0.6700","44.0000","83.4000","21058.8900","-0.1900","79.0000","69.8800","94765.0000","-0.2100","100.0000","61.7800","0.2200","-0.4500","168.0000","35.5200","0.2200","-0.3200","144.0000","44.7900","-0.4000","157.0000","39.7700","-0.5600","-0.7300","-0.8000","-0.2700","-0.8300","-0.7200","0.5379","-0.4100","-0.5200","-0.5200","-0.2400","-0.1700","-0.8000","-0.8600","40.5400","25.8700","22.0100","71.0400","20.8500","15.4400","100.0000","33.9800","25.8700","11.5800","63.3200","72.5900","15.8300","18.5300","259","4/1/2025 16:37","0","0","0.0000","0.0000","0.0000","105.0000","105.0000","105.0000","105.0000","105.0000","-0.5600","-0.6779","-0.4900","-0.5700","-0.5700","59.8500","59.8500","59.8500","59.8500","59.8500","0","4","66.8000","87.0000","-0.1900","0.4400","84.1700","42.0000","0.7100","3","68.3400","83.0000","-0.0800","0","97.3000","8.0000","-0.1400","0.0000","97.3000","8.0000","-0.1500","0","97.3000","8.0000","-0.1600","0.3300","90.7300","25.0000","1.4400","0.0000","97.3000","8.0000","-0.1500","0.0000","93.8200","17.0000","-0.2200","0","93.8200","17.0000","-0.1800","0.0000","93.8200","17.0000","-0.2000","0","93.8200","17.0000","-0.2100","15","0","0"
"AAD2023.06.02752","537408","14901","58","Rutgers - Camden","Economics, Department of","Economics, General","5","247.0000","14","234.0000","4","238.0000","3.5000","183.0000","270","183.0000","5","227.0000","1.0000","1.0000","0","122.0000","0","122.0000","0.0000","122.0000","1","201.0000","1","196.0000","1","150.0000","1","126.0000","28","14","9","20","14","0.2000","0.6000","45.0000","83.0100","0.2000","-0.2000","104.0000","60.2300","0.8000","-0.1400","165.0000","36.6800","2.8000","-0.4900","183.0000","29.7300","1.0000","1.2000","1.0000","100.0000","54.0000","-0.1200","103.0000","60.6200","19.2900","0.5300","53.0000","79.9200","0.0000","-0.6600","122.0000","53.2800","0.0000","-0.6100","122.0000","53.2800","0.0000","-0.3800","122.0000","53.2800","0.0000","-0.5000","122.0000","53.2800","0.2000","-0.4700","174.0000","33.2000","0.2000","-0.4100","154.0000","40.9300","-0.3000","138.0000","47.1000","-0.6600","-0.4500","-0.9900","-0.5000","-1.1100","-0.4700","0.5379","-0.4300","-0.4400","-0.4700","-0.2800","-0.4600","-0.8800","-1.2100","24.7100","51.7400","12.7400","53.2800","8.4900","29.7300","100.0000","22.7800","42.4700","29.7300","53.2800","53.2800","10.0400","5.0200","259","4/1/2025 16:37","0","0","0.0000","0.0000","0.0000","105.0000","105.0000","105.0000","105.0000","105.0000","-0.5600","-0.6779","-0.4900","-0.5700","-0.5700","59.8500","59.8500","59.8500","59.8500","59.8500","0","0","23.1700","200.0000","-0.6200","0.0000","23.1700","200.0000","-0.8100","0","23.1700","200.0000","-0.7700","0","97.3000","8.0000","-0.1400","0.0000","97.3000","8.0000","-0.1500","0","97.3000","8.0000","-0.1600","0.0000","23.1700","200.0000","-1.0900","0.0000","97.3000","8.0000","-0.1500","0.0000","93.8200","17.0000","-0.2200","0","93.8200","17.0000","-0.1800","0.0000","93.8200","17.0000","-0.2000","0","93.8200","17.0000","-0.2100","15","0","0"
"AAD2023.06.02752","148","15359","58","North Carolina State University","Economics, Department of","Economics, General","14","149.0000","66","122.0000","14","113.0000","4.7100","98.0000","651","132.0000","14","109.0000","1.0000","1.0000","0","122.0000","0","122.0000","0.0000","122.0000","5","129.0000","4","114.0000","3","100.0000","3","61.0000","28","14","9","20","14","0.2100","0.7200","42.0000","84.1700","0.2100","-0.1700","98.0000","62.5500","1.0000","1.1700","1.0000","100.0000","4.7100","0.3200","75.0000","71.4300","1.0000","1.2000","1.0000","100.0000","46.5000","-0.2300","119.0000","54.4400","9.8600","-0.4100","154.0000","40.9300","0.0000","-0.6600","122.0000","53.2800","0.0000","-0.6100","122.0000","53.2800","0.0000","-0.3800","122.0000","53.2800","0.0000","-0.5000","122.0000","53.2800","0.3600","-0.3000","131.0000","49.8100","0.2900","-0.0500","117.0000","55.2100","0.0000","75.0000","71.4300","-0.3500","0.1000","-0.1700","-0.5000","-0.1900","0.0100","0.5379","-0.3400","-0.2800","-0.3400","-0.2800","-0.4600","-0.2000","-0.4300","56.3700","76.8300","58.3000","53.2800","56.7600","62.5500","100.0000","50.5800","61.7800","49.4200","53.2800","53.2800","53.2800","42.8600","259","4/1/2025 16:37","2","2","1.0000","0.1400","0.1400","26.0000","47.0000","42.0000","35.0000","11.0000","0.7900","0.4506","0.2700","0.9600","1.6300","90.3500","82.2400","84.1700","86.8700","96.1400","0","3","60.6200","103.0000","-0.2900","0.2100","62.1600","99.0000","-0.0800","1","43.6300","147.0000","-0.5400","0","97.3000","8.0000","-0.1400","0.0000","97.3000","8.0000","-0.1500","0","97.3000","8.0000","-0.1600","0.0700","35.1400","169.0000","-0.5500","0.0000","97.3000","8.0000","-0.1500","0.0000","93.8200","17.0000","-0.2200","0","93.8200","17.0000","-0.1800","0.0000","93.8200","17.0000","-0.2000","0","93.8200","17.0000","-0.2100","15","0","0"
"AAD2023.06.02752","104","15516","58","Kent State University","Economics, Department of","Economics, General","18","104.0000","38","171.0000","13","128.0000","2.9200","217.0000","190","207.0000","12","131.0000","0.8600","223.0000","0","122.0000","0","122.0000","0.0000","122.0000","6","115.0000","4","114.0000","0","193.0000","0","193.0000","28","14","9","20","14","0.0000","-0.9600","193.0000","25.8700","0.0000","-0.6800","193.0000","25.8700","0.7200","-0.6500","210.0000","19.3100","2.1100","-0.7800","217.0000","16.6000","0.6700","-0.8700","210.0000","19.3100","10.5600","-0.7400","234.0000","10.0400","5.0000","-0.9000","233.0000","10.4200","0.0000","-0.6600","122.0000","53.2800","0.0000","-0.6100","122.0000","53.2800","0.0000","-0.3800","122.0000","53.2800","0.0000","-0.5000","122.0000","53.2800","0.3300","-0.3300","134.0000","48.6500","0.2200","-0.3200","144.0000","44.7900","-0.7000","214.0000","17.7600","-0.3500","-0.7300","-0.3500","-0.5000","-0.2800","-0.7000","-0.7718","-0.3100","-0.5200","-0.4900","-0.2800","-0.4600","-0.5700","-0.0800","56.3700","25.8700","49.8100","53.2800","50.9700","16.6000","14.2900","55.9800","25.8700","20.4600","53.2800","53.2800","34.3600","60.2300","259","4/1/2025 16:37","0","0","0.0000","0.0000","0.0000","105.0000","105.0000","105.0000","105.0000","105.0000","-0.5600","-0.6779","-0.4900","-0.5700","-0.5700","59.8500","59.8500","59.8500","59.8500","59.8500","0","2","50.5800","129.0000","-0.4000","0.1100","42.0800","151.0000","-0.4300","2","57.9200","110.0000","-0.3100","0","97.3000","8.0000","-0.1400","0.0000","97.3000","8.0000","-0.1500","0","97.3000","8.0000","-0.1600","0.1100","48.6500","134.0000","-0.2500","0.0000","97.3000","8.0000","-0.1500","0.0000","93.8200","17.0000","-0.2200","0","93.8200","17.0000","-0.1800","0.0000","93.8200","17.0000","-0.2000","0","93.8200","17.0000","-0.2100","15","0","0"
"AAD2023.06.02752","55","15598","58","Dartmouth College","Economics, Department of","Economics, General","34","29.0000","174","23.0000","28","31.0000","6.2100","47.0000","5851","15.0000","29","30.0000","0.9400","177.0000","4","36.0000","4","51.0000","448029.0000","82.0000","69","18.0000","27","20.0000","13","36.0000","5","32.0000","28","14","9","20","14","0.1500","0.1900","84.0000","67.9500","0.3800","0.2300","60.0000","77.2200","0.8200","0.0200","153.0000","41.3100","5.1200","0.4900","58.0000","77.9900","0.8500","0.2900","123.0000","52.9000","172.0900","1.5500","15.0000","94.5900","33.6300","1.9700","17.0000","93.8200","0.1200","0.4200","61.0000","76.8300","0.1200","0.0700","79.0000","69.8800","13177.3200","-0.2600","89.0000","66.0200","112007.2500","-0.1600","99.0000","62.1600","2.0300","1.4900","13.0000","95.3700","0.7900","2.1400","12.0000","95.7500","0.4000","26.0000","90.3500","2.0100","0.6600","1.1900","0.4400","1.0900","0.6100","-0.0536","1.2100","0.5100","1.4600","-0.1800","0.1100","1.2100","1.3000","92.6600","88.0300","88.8000","86.4900","88.4200","82.2400","32.0500","93.4400","86.4900","94.5900","68.7300","80.7000","91.5100","89.1900","259","4/1/2025 16:37","1","1","1.0000","0.0300","0.0300","49.0000","47.0000","65.0000","101.0000","99.0000","0.1200","0.4506","-0.1100","-0.2600","-0.1100","81.4700","82.2400","75.2900","61.3900","62.1600","0","13","89.1900","29.0000","0.7900","0.3800","80.3100","52.0000","0.4900","9","92.6600","20.0000","1.3100","0","97.3000","8.0000","-0.1400","0.0000","97.3000","8.0000","-0.1500","0","97.3000","8.0000","-0.1600","0.2600","84.9400","40.0000","0.9200","0.0000","97.3000","8.0000","-0.1500","0.0600","98.0700","6.0000","4.2100","2","98.4600","5.0000","2.4600","0.0600","98.0700","6.0000","3.0600","2","98.4600","5.0000","3.8000","15","0","0"
"AAD2023.06.02752","278","15869","58","University of Idaho","Business and Economics, College of","Economics, General","15","131.0000","31","194.0000","11","153.0000","2.8200","222.0000","415","163.0000","10","159.0000","0.9100","193.0000","0","122.0000","0","122.0000","0.0000","122.0000","2","172.0000","2","155.0000","0","193.0000","0","193.0000","28","14","9","20","14","0.0000","-0.9600","193.0000","25.8700","0.0000","-0.6800","193.0000","25.8700","0.7300","-0.5700","207.0000","20.4600","2.0700","-0.8000","220.0000","15.4400","0.6700","-0.8700","210.0000","19.3100","27.6700","-0.4900","168.0000","35.5200","13.3900","-0.0600","90.0000","65.6400","0.0000","-0.6600","122.0000","53.2800","0.0000","-0.6100","122.0000","53.2800","0.0000","-0.3800","122.0000","53.2800","0.0000","-0.5000","122.0000","53.2800","0.1300","-0.5400","193.0000","25.8700","0.1300","-0.7000","184.0000","29.3400","-0.7000","214.0000","17.7600","-0.5600","-0.7300","-0.5300","-0.5000","-0.4700","-0.7400","-0.2956","-0.4100","-0.5200","-0.4200","-0.2800","-0.4600","-0.6600","-0.3400","40.5400","25.8700","39.0000","53.2800","41.3100","14.6700","25.8700","33.9800","25.8700","37.4500","53.2800","53.2800","25.4800","49.8100","259","4/1/2025 16:37","3","1","3.0000","0.2000","0.0700","49.0000","6.0000","30.0000","21.0000","56.0000","0.1200","2.7076","0.6600","1.5800","0.4600","81.4700","98.0700","88.8000","92.2800","78.7600","0","1","39.0000","159.0000","-0.5100","0.0700","32.0500","177.0000","-0.5800","1","43.6300","147.0000","-0.5400","0","97.3000","8.0000","-0.1400","0.0000","97.3000","8.0000","-0.1500","0","97.3000","8.0000","-0.1600","0.0700","33.2000","174.0000","-0.5900","0.0000","97.3000","8.0000","-0.1500","0.0000","93.8200","17.0000","-0.2200","0","93.8200","17.0000","-0.1800","0.0000","93.8200","17.0000","-0.2000","0","93.8200","17.0000","-0.2100","15","0","0"
"AAD2023.06.02752","231","15886","58","University of Texas at El Paso, The","Economics and Finance, Department of","Economics, General","20","90.0000","112","55.0000","18","82.0000","6.2200","46.0000","906","114.0000","18","80.0000","1.0000","1.0000","0","122.0000","0","122.0000","0.0000","122.0000","9","95.0000","6","89.0000","3","100.0000","2","86.0000","28","14","9","20","14","0.1000","-0.1800","124.0000","52.5100","0.1500","-0.3200","123.0000","52.9000","0.9000","0.5200","85.0000","67.5700","5.6000","0.6900","44.0000","83.4000","0.9000","0.5800","81.0000","69.1100","45.3000","-0.2400","123.0000","52.9000","8.0900","-0.5900","190.0000","27.0300","0.0000","-0.6600","122.0000","53.2800","0.0000","-0.6100","122.0000","53.2800","0.0000","-0.3800","122.0000","53.2800","0.0000","-0.5000","122.0000","53.2800","0.4500","-0.2000","112.0000","57.1400","0.3000","0.0200","112.0000","57.1400","0.0000","75.0000","71.4300","-0.1500","-0.1700","0.1900","-0.5000","0.1700","0.6100","0.5379","-0.2400","-0.2800","-0.2500","-0.2800","-0.4600","0.4000","0.0900","66.0200","67.1800","69.5000","53.2800","68.7300","82.6300","100.0000","63.7100","61.7800","56.3700","53.2800","53.2800","79.1500","65.6400","259","4/1/2025 16:37","3","3","1.0000","0.1500","0.1500","18.0000","47.0000","30.0000","33.0000","10.0000","1.4700","0.4506","0.6600","1.0400","1.7400","93.4400","82.2400","88.8000","87.6400","96.5300","0","3","60.6200","103.0000","-0.2900","0.1500","48.2600","135.0000","-0.3000","2","57.9200","110.0000","-0.3100","0","97.3000","8.0000","-0.1400","0.0000","97.3000","8.0000","-0.1500","0","97.3000","8.0000","-0.1600","0.1000","44.0200","146.0000","-0.3300","0.0000","97.3000","8.0000","-0.1500","0.0000","93.8200","17.0000","-0.2200","0","93.8200","17.0000","-0.1800","0.0000","93.8200","17.0000","-0.2000","0","93.8200","17.0000","-0.2100","15","0","0"
"AAD2023.06.02752","34","16000","58","Carnegie Mellon University","Economics, Department of","Economics, General","22","75.0000","70","116.0000","19","76.0000","3.6800","167.0000","2152","48.0000","19","73.0000","1.0000","1.0000","2","58.0000","2","72.0000","558399.0000","77.0000","24","45.0000","9","63.0000","1","150.0000","1","126.0000","28","14","9","20","14","0.0500","-0.6000","183.0000","29.7300","0.0500","-0.5700","188.0000","27.8000","0.8600","0.2800","123.0000","52.9000","3.1800","-0.3300","156.0000","40.1500","0.8600","0.3600","112.0000","57.1400","97.8200","0.5000","44.0000","83.4000","30.7400","1.6800","20.0000","92.6600","0.0900","0.1700","74.0000","71.8100","0.0900","-0.0900","87.0000","66.8000","25381.7700","-0.1500","75.0000","71.4300","279199.5000","0.3500","48.0000","81.8500","1.0900","0.4800","38.0000","85.7100","0.4100","0.4900","68.0000","74.1300","0.0000","75.0000","71.4300","0.1600","-0.4500","0.2800","-0.0300","0.2700","-0.4000","0.5379","0.1200","-0.4400","0.1800","-0.1600","-0.1700","-0.1500","0.2600","76.0600","51.7400","72.2000","77.9900","71.0400","35.9100","100.0000","83.0100","42.4700","81.8500","70.6600","72.5900","55.6000","71.4300","259","4/1/2025 16:37","5","4","1.2500","0.2300","0.1800","9.0000","45.0000","15.0000","15.0000","8.0000","2.1500","0.7327","1.4300","1.8700","2.2300","96.9100","83.0100","94.5900","94.5900","97.3000","0","5","71.0400","76.0000","-0.0800","0.2300","65.6400","90.0000","-0.0300","5","83.0100","45.0000","0.3800","0","97.3000","8.0000","-0.1400","0.0000","97.3000","8.0000","-0.1500","0","97.3000","8.0000","-0.1600","0.2300","78.7600","56.0000","0.6300","0.0000","97.3000","8.0000","-0.1500","0.0000","93.8200","17.0000","-0.2200","0","93.8200","17.0000","-0.1800","0.0000","93.8200","17.0000","-0.2000","0","93.8200","17.0000","-0.2100","15","0","0"
"AAD2023.06.02752","346","16135","58","University of Washington","Finance and Business Economics, Department of","Economics, General","17","119.0000","58","134.0000","16","97.0000","3.6300","177.0000","2717","40.0000","16","94.0000","1.0000","1.0000","0","122.0000","0","122.0000","0.0000","122.0000","16","68.0000","8","74.0000","8","57.0000","2","86.0000","28","14","9","20","14","0.1200","-0.0400","108.0000","58.6900","0.4700","0.4400","52.0000","80.3100","0.9400","0.7900","46.0000","82.6300","3.4100","-0.2300","138.0000","47.1000","0.9400","0.8400","47.0000","82.2400","159.8200","1.3800","19.0000","93.0500","46.8400","3.2900","4.0000","98.8400","0.0000","-0.6600","122.0000","53.2800","0.0000","-0.6100","122.0000","53.2800","0.0000","-0.3800","122.0000","53.2800","0.0000","-0.5000","122.0000","53.2800","0.9400","0.3200","47.0000","82.2400","0.4700","0.7500","49.0000","81.4700","0.4000","26.0000","90.3500","0.0600","-0.1700","0.0100","-0.5000","-0.0100","-0.4100","0.5379","-0.0700","0.1100","0.3800","-0.2800","-0.4600","-0.3000","-0.1700","71.8100","67.1800","64.0900","53.2800","62.9300","32.0500","100.0000","74.1300","78.3800","84.9400","53.2800","53.2800","48.6500","54.4400","259","4/1/2025 16:37","0","0","0.0000","0.0000","0.0000","105.0000","105.0000","105.0000","105.0000","105.0000","-0.5600","-0.6779","-0.4900","-0.5700","-0.5700","59.8500","59.8500","59.8500","59.8500","59.8500","0","1","39.0000","159.0000","-0.5100","0.0600","29.3400","184.0000","-0.6100","1","43.6300","147.0000","-0.5400","0","97.3000","8.0000","-0.1400","0.0000","97.3000","8.0000","-0.1500","0","97.3000","8.0000","-0.1600","0.0600","30.1200","182.0000","-0.6500","0.0000","97.3000","8.0000","-0.1500","0.0000","93.8200","17.0000","-0.2200","0","93.8200","17.0000","-0.1800","0.0000","93.8200","17.0000","-0.2000","0","93.8200","17.0000","-0.2100","15","0","0"
"AAD2023.06.02752","225","16290","58","University of Montana, Missoula","Economics, Department of","Economics, General","6","238.0000","14","234.0000","5","228.0000","2.8000","225.0000","141","221.0000","4","234.0000","0.8000","236.0000","1","76.0000","1","86.0000","1225335.0000","45.0000","0","226.0000","0","226.0000","0","193.0000","0","193.0000","28","14","9","20","14","0.0000","-0.9600","193.0000","25.8700","0.0000","-0.6800","193.0000","25.8700","0.8300","0.0800","147.0000","43.6300","2.3300","-0.6900","210.0000","19.3100","0.6700","-0.8700","210.0000","19.3100","23.5000","-0.5500","188.0000","27.8000","10.0700","-0.3900","150.0000","42.4700","0.1700","0.8700","39.0000","85.3300","0.1700","0.3500","57.0000","78.3800","204222.5000","1.5200","12.0000","95.7500","1225335.0000","3.2200","8.0000","97.3000","0.0000","-0.6900","226.0000","13.1300","0.0000","-1.2800","226.0000","13.1300","-0.6000","198.0000","23.9400","-0.7700","-0.7300","-1.0800","-0.2700","-1.0200","-0.7400","-1.2957","-0.4600","-0.5200","-0.5100","-0.0200","-0.3200","-0.8800","-1.1200","13.1300","25.8700","10.0400","71.0400","12.3600","13.5100","9.2700","13.1300","25.8700","15.0600","83.0100","67.1800","10.0400","8.4900","259","4/1/2025 16:37","0","0","0.0000","0.0000","0.0000","105.0000","105.0000","105.0000","105.0000","105.0000","-0.5600","-0.6779","-0.4900","-0.5700","-0.5700","59.8500","59.8500","59.8500","59.8500","59.8500","0","0","23.1700","200.0000","-0.6200","0.0000","23.1700","200.0000","-0.8100","0","23.1700","200.0000","-0.7700","0","97.3000","8.0000","-0.1400","0.0000","97.3000","8.0000","-0.1500","0","97.3000","8.0000","-0.1600","0.0000","23.1700","200.0000","-1.0900","0.0000","97.3000","8.0000","-0.1500","0.0000","93.8200","17.0000","-0.2200","0","93.8200","17.0000","-0.1800","0.0000","93.8200","17.0000","-0.2000","0","93.8200","17.0000","-0.2100","15","0","0"
"AAD2023.06.02752","407","16327","58","East Carolina University","Economics, Department of","Economics, General","15","131.0000","34","186.0000","13","128.0000","2.6200","229.0000","414","164.0000","12","131.0000","0.8000","236.0000","1","76.0000","3","61.0000","229716.0000","92.0000","2","172.0000","2","155.0000","8","57.0000","2","86.0000","28","14","9","20","14","0.1300","0.0800","96.0000","63.3200","0.5300","0.5900","45.0000","83.0100","0.8700","0.3000","118.0000","54.8300","2.2700","-0.7200","211.0000","18.9200","0.8000","-0.0400","149.0000","42.8600","27.6000","-0.4900","170.0000","34.7500","12.1800","-0.1800","112.0000","57.1400","0.0700","-0.0500","90.0000","65.6400","0.2000","0.5400","47.0000","82.2400","15314.4000","-0.2400","86.0000","67.1800","76572.0000","-0.2700","108.0000","58.6900","0.1300","-0.5400","193.0000","25.8700","0.1300","-0.7000","184.0000","29.3400","-0.4000","157.0000","39.7700","-0.5600","-0.1700","-0.3500","-0.2700","-0.2800","-0.8200","-1.2957","-0.4100","0.1100","-0.4200","-0.2300","-0.0300","-0.6200","-0.3400","40.5400","67.1800","49.8100","71.0400","50.9700","11.9700","9.2700","33.9800","78.3800","37.0700","64.8600","76.8300","28.5700","49.8100","259","4/1/2025 16:37","0","0","0.0000","0.0000","0.0000","105.0000","105.0000","105.0000","105.0000","105.0000","-0.5600","-0.6779","-0.4900","-0.5700","-0.5700","59.8500","59.8500","59.8500","59.8500","59.8500","0","1","39.0000","159.0000","-0.5100","0.0700","32.0500","177.0000","-0.5800","2","57.9200","110.0000","-0.3100","0","97.3000","8.0000","-0.1400","0.0000","97.3000","8.0000","-0.1500","0","97.3000","8.0000","-0.1600","0.1300","53.2800","122.0000","-0.0800","0.0000","97.3000","8.0000","-0.1500","0.0000","93.8200","17.0000","-0.2200","0","93.8200","17.0000","-0.1800","0.0000","93.8200","17.0000","-0.2000","0","93.8200","17.0000","-0.2100","15","0","0"
"AAD2023.06.02752","146","16599","58","New York University","Economics (SOB), Department of","Economics, General","17","119.0000","67","119.0000","15","106.0000","4.4700","113.0000","1762","58.0000","16","94.0000","1.0000","1.0000","3","47.0000","5","39.0000","861524.0000","60.0000","30","38.0000","12","47.0000","8","57.0000","3","61.0000","28","14","9","20","14","0.1800","0.4200","61.0000","76.8300","0.4700","0.4400","52.0000","80.3100","0.8800","0.4000","106.0000","59.4600","3.9400","-0.0100","106.0000","59.4600","0.9400","0.8400","47.0000","82.2400","103.6500","0.5800","41.0000","84.5600","26.3000","1.2300","26.0000","90.3500","0.1800","0.9600","38.0000","85.7100","0.2900","1.0800","34.0000","87.2600","50677.8800","0.0900","53.0000","79.9200","172304.8000","0.0200","75.0000","71.4300","1.7600","1.2100","19.0000","93.0500","0.7100","1.7600","19.0000","93.0500","0.3000","36.0000","86.4900","0.4700","0.1000","0.0100","0.2100","-0.1000","-0.0800","0.5379","0.2700","0.1100","0.0500","-0.1000","0.2600","-0.1900","-0.1700","82.2400","76.8300","64.0900","82.2400","59.4600","56.7600","100.0000","85.7100","78.3800","77.9900","77.2200","85.3300","54.4400","54.4400","259","4/1/2025 16:37","0","0","0.0000","0.0000","0.0000","105.0000","105.0000","105.0000","105.0000","105.0000","-0.5600","-0.6779","-0.4900","-0.5700","-0.5700","59.8500","59.8500","59.8500","59.8500","59.8500","0","10","86.1000","37.0000","0.4700","0.5900","90.3500","26.0000","1.1900","4","77.2200","60.0000","0.1500","1","99.2300","3.0000","3.1100","0.0600","98.8400","4.0000","4.3400","1","99.6100","2.0000","4.9800","0.2400","81.0800","50.0000","0.6900","0.0600","98.8400","4.0000","5.6500","0.0000","93.8200","17.0000","-0.2200","0","93.8200","17.0000","-0.1800","0.0000","93.8200","17.0000","-0.2000","0","93.8200","17.0000","-0.2100","15","0","0"
"AAD2023.06.02752","269","17057","58","University of Dayton","Economics and Finance, Department of","Economics, General","18","104.0000","55","137.0000","17","88.0000","3.2400","197.0000","1152","86.0000","14","109.0000","0.7800","244.0000","0","122.0000","0","122.0000","0.0000","122.0000","2","172.0000","2","155.0000","1","150.0000","1","126.0000","28","14","9","20","14","0.0600","-0.5300","171.0000","34.3600","0.0600","-0.5500","178.0000","31.6600","0.9400","0.8100","41.0000","84.5600","3.0600","-0.3800","165.0000","36.6800","0.7800","-0.1800","172.0000","33.9800","64.0000","0.0200","84.0000","67.9500","20.9500","0.7000","44.0000","83.4000","0.0000","-0.6600","122.0000","53.2800","0.0000","-0.6100","122.0000","53.2800","0.0000","-0.3800","122.0000","53.2800","0.0000","-0.5000","122.0000","53.2800","0.1100","-0.5700","202.0000","22.3900","0.1100","-0.8000","198.0000","23.9400","-0.3000","138.0000","47.1000","-0.5600","-0.4500","-0.1700","-0.5000","0.0800","-0.5700","-1.4994","-0.4100","-0.4400","-0.1600","-0.2800","-0.4600","-0.3400","-0.0800","40.5400","51.7400","58.3000","53.2800","66.4100","24.3200","6.1800","33.9800","42.4700","67.1800","53.2800","53.2800","47.4900","60.2300","259","4/1/2025 16:37","0","0","0.0000","0.0000","0.0000","105.0000","105.0000","105.0000","105.0000","105.0000","-0.5600","-0.6779","-0.4900","-0.5700","-0.5700","59.8500","59.8500","59.8500","59.8500","59.8500","0","1","39.0000","159.0000","-0.5100","0.0600","28.5700","186.0000","-0.6200","1","43.6300","147.0000","-0.5400","0","97.3000","8.0000","-0.1400","0.0000","97.3000","8.0000","-0.1500","0","97.3000","8.0000","-0.1600","0.0600","28.9600","185.0000","-0.6700","0.0000","97.3000","8.0000","-0.1500","0.0000","93.8200","17.0000","-0.2200","0","93.8200","17.0000","-0.1800","0.0000","93.8200","17.0000","-0.2000","0","93.8200","17.0000","-0.2100","15","0","0"
"AAD2023.06.02752","312","17069","58","University of Nevada, Reno","Economics, Department of","Economics, General","18","104.0000","94","75.0000","16","97.0000","5.8800","55.0000","1225","80.0000","16","94.0000","1.0000","1.0000","1","76.0000","1","86.0000","382839.0000","85.0000","10","90.0000","7","83.0000","2","122.0000","2","86.0000","28","14","9","20","14","0.1100","-0.0900","114.0000","56.3700","0.1100","-0.4200","140.0000","46.3300","0.8900","0.4400","97.0000","62.9300","5.2200","0.5300","53.0000","79.9200","0.8900","0.5100","91.0000","65.2500","68.0600","0.0800","74.0000","71.8100","13.0300","-0.0900","95.0000","63.7100","0.0600","-0.1500","100.0000","61.7800","0.0600","-0.2900","103.0000","60.6200","21268.8300","-0.1800","77.0000","70.6600","382839.0000","0.6600","31.0000","88.4200","0.5600","-0.0900","94.0000","64.0900","0.3900","0.4000","80.0000","69.5000","0.0000","75.0000","71.4300","-0.0500","-0.1700","0.0100","-0.2700","-0.0100","0.4800","0.5379","-0.2200","-0.3600","-0.1400","-0.2000","-0.3200","0.1600","-0.0800","68.3400","67.1800","64.0900","71.0400","62.9300","79.1500","100.0000","65.6400","53.2800","69.5000","67.5700","67.1800","71.4300","60.2300","259","4/1/2025 16:37","1","1","1.0000","0.0600","0.0600","49.0000","47.0000","65.0000","78.0000","70.0000","0.1200","0.4506","-0.1100","0.0300","0.2900","81.4700","82.2400","75.2900","70.2700","73.3600","0","4","66.8000","87.0000","-0.1900","0.2200","64.4800","93.0000","-0.0500","2","57.9200","110.0000","-0.3100","0","97.3000","8.0000","-0.1400","0.0000","97.3000","8.0000","-0.1500","0","97.3000","8.0000","-0.1600","0.1100","48.6500","134.0000","-0.2500","0.0000","97.3000","8.0000","-0.1500","0.0000","93.8200","17.0000","-0.2200","0","93.8200","17.0000","-0.1800","0.0000","93.8200","17.0000","-0.2000","0","93.8200","17.0000","-0.2100","15","0","0"
"AAD2023.06.02752","143","17477","58","New Mexico State University","Economics, Applied Statistics and International Business, Department of","Economics, General","18","104.0000","151","32.0000","14","113.0000","10.7900","5.0000","1317","75.0000","12","131.0000","0.8600","223.0000","0","122.0000","0","122.0000","0.0000","122.0000","2","172.0000","1","196.0000","0","193.0000","0","193.0000","28","14","9","20","14","0.0000","-0.9600","193.0000","25.8700","0.0000","-0.6800","193.0000","25.8700","0.7800","-0.2800","184.0000","29.3400","8.3900","1.8600","7.0000","97.6800","0.6700","-0.8700","210.0000","19.3100","73.1700","0.1500","63.0000","76.0600","8.7200","-0.5300","176.0000","32.4300","0.0000","-0.6600","122.0000","53.2800","0.0000","-0.6100","122.0000","53.2800","0.0000","-0.3800","122.0000","53.2800","0.0000","-0.5000","122.0000","53.2800","0.1100","-0.5700","202.0000","22.3900","0.0600","-1.0400","222.0000","14.6700","-0.2000","114.0000","56.3700","-0.6600","-0.7300","-0.3500","-0.5000","-0.1900","2.4300","-0.7718","-0.4100","-0.5200","-0.1100","-0.2800","-0.4600","0.9100","-0.0800","24.7100","25.8700","49.8100","53.2800","56.7600","98.4600","14.2900","33.9800","25.8700","71.4300","53.2800","53.2800","88.0300","60.2300","259","4/1/2025 16:37","2","2","1.0000","0.1100","0.1100","26.0000","47.0000","42.0000","45.0000","25.0000","0.7900","0.4506","0.2700","0.6200","1.1400","90.3500","82.2400","84.1700","83.0100","90.7300","0","0","23.1700","200.0000","-0.6200","0.0000","23.1700","200.0000","-0.8100","0","23.1700","200.0000","-0.7700","0","97.3000","8.0000","-0.1400","0.0000","97.3000","8.0000","-0.1500","0","97.3000","8.0000","-0.1600","0.0000","23.1700","200.0000","-1.0900","0.0000","97.3000","8.0000","-0.1500","0.0000","93.8200","17.0000","-0.2200","0","93.8200","17.0000","-0.1800","0.0000","93.8200","17.0000","-0.2000","0","93.8200","17.0000","-0.2100","15","0","0"
"AAD2023.06.02752","178","17677","58","Saint Louis University","Economics, Department of","Economics, General","9","212.0000","12","240.0000","5","228.0000","2.4000","233.0000","67","239.0000","4","234.0000","0.8000","236.0000","0","122.0000","0","122.0000","0.0000","122.0000","0","226.0000","0","226.0000","0","193.0000","0","193.0000","28","14","9","20","14","0.0000","-0.9600","193.0000","25.8700","0.0000","-0.6800","193.0000","25.8700","0.5600","-1.7400","242.0000","6.9500","1.3300","-1.1100","244.0000","6.1800","0.4400","-2.2500","248.0000","4.6300","7.4400","-0.7800","241.0000","7.3400","5.5800","-0.8400","224.0000","13.9000","0.0000","-0.6600","122.0000","53.2800","0.0000","-0.6100","122.0000","53.2800","0.0000","-0.3800","122.0000","53.2800","0.0000","-0.5000","122.0000","53.2800","0.0000","-0.6900","226.0000","13.1300","0.0000","-1.2800","226.0000","13.1300","-1.0000","245.0000","5.7900","-0.7700","-0.7300","-1.0800","-0.5000","-1.0200","-0.9000","-1.2957","-0.4600","-0.5200","-0.5400","-0.2800","-0.4600","-0.9000","-0.8600","13.1300","25.8700","10.0400","53.2800","12.3600","10.4200","9.2700","13.1300","25.8700","8.1100","53.2800","53.2800","7.7200","18.5300","259","4/1/2025 16:37","0","0","0.0000","0.0000","0.0000","105.0000","105.0000","105.0000","105.0000","105.0000","-0.5600","-0.6779","-0.4900","-0.5700","-0.5700","59.8500","59.8500","59.8500","59.8500","59.8500","0","0","23.1700","200.0000","-0.6200","0.0000","23.1700","200.0000","-0.8100","0","23.1700","200.0000","-0.7700","0","97.3000","8.0000","-0.1400","0.0000","97.3000","8.0000","-0.1500","0","97.3000","8.0000","-0.1600","0.0000","23.1700","200.0000","-1.0900","0.0000","97.3000","8.0000","-0.1500","0.0000","93.8200","17.0000","-0.2200","0","93.8200","17.0000","-0.1800","0.0000","93.8200","17.0000","-0.2000","0","93.8200","17.0000","-0.2100","15","0","0"
"AAD2023.06.02752","20","18538","58","Baylor University","Economics, Department of","Economics, General","18","104.0000","82","100.0000","17","88.0000","4.8200","89.0000","1266","78.0000","16","94.0000","0.9400","174.0000","1","76.0000","1","86.0000","26066.0000","117.0000","14","80.0000","9","63.0000","13","36.0000","5","32.0000","28","14","9","20","14","0.2800","1.2100","27.0000","89.9600","0.7200","1.0400","28.0000","89.5800","0.9400","0.8100","41.0000","84.5600","4.5600","0.2500","80.0000","69.5000","0.8900","0.5100","91.0000","65.2500","70.3300","0.1100","67.0000","74.5200","15.4400","0.1500","77.0000","70.6600","0.0600","-0.1500","100.0000","61.7800","0.0600","-0.2900","103.0000","60.6200","1448.1100","-0.3700","117.0000","55.2100","26066.0000","-0.4200","117.0000","55.2100","0.7800","0.1500","64.0000","75.6800","0.5000","0.8800","42.0000","84.1700","0.2000","48.0000","81.8500","0.1600","0.6600","0.0100","-0.2700","0.0800","0.0600","-0.0014","-0.1200","0.5100","-0.1200","-0.2700","-0.3200","0.0100","-0.0800","76.0600","88.0300","64.0900","71.0400","66.4100","66.0200","33.2000","69.5000","86.4900","70.2700","55.2100","67.1800","61.7800","60.2300","259","4/1/2025 16:37","0","0","0.0000","0.0000","0.0000","105.0000","105.0000","105.0000","105.0000","105.0000","-0.5600","-0.6779","-0.4900","-0.5700","-0.5700","59.8500","59.8500","59.8500","59.8500","59.8500","0","5","71.0400","76.0000","-0.0800","0.2800","72.5900","72.0000","0.1400","3","68.3400","83.0000","-0.0800","0","97.3000","8.0000","-0.1400","0.0000","97.3000","8.0000","-0.1500","0","97.3000","8.0000","-0.1600","0.1700","66.4100","88.0000","0.1700","0.0000","97.3000","8.0000","-0.1500","0.0600","97.6800","7.0000","3.9700","1","97.6800","7.0000","1.1400","0.0600","97.6800","7.0000","2.8700","1","98.0700","6.0000","1.8000","15","0","0"
"AAD2023.06.02752","131","18597","58","Miami University","Economics, Department of","Economics, General","21","81.0000","88","90.0000","16","97.0000","5.5000","66.0000","867","117.0000","16","94.0000","0.9400","174.0000","0","122.0000","0","122.0000","0.0000","122.0000","8","98.0000","5","98.0000","2","122.0000","1","126.0000","28","14","9","20","14","0.0500","-0.5900","180.0000","30.8900","0.1000","-0.4500","154.0000","40.9300","0.7600","-0.3900","197.0000","24.3200","4.1900","0.1000","92.0000","64.8600","0.7600","-0.2800","185.0000","28.9600","41.2900","-0.3000","134.0000","48.6500","9.8500","-0.4100","155.0000","40.5400","0.0000","-0.6600","122.0000","53.2800","0.0000","-0.6100","122.0000","53.2800","0.0000","-0.3800","122.0000","53.2800","0.0000","-0.5000","122.0000","53.2800","0.3800","-0.2800","126.0000","51.7400","0.2400","-0.2500","137.0000","47.4900","-0.6000","198.0000","23.9400","-0.2500","-0.4500","0.0100","-0.5000","-0.0100","0.3300","-0.0014","-0.2700","-0.3600","-0.2600","-0.2800","-0.4600","0.0900","0.1800","62.5500","51.7400","64.0900","53.2800","62.9300","74.9000","33.2000","62.5500","53.2800","55.2100","53.2800","53.2800","65.6400","69.1100","259","4/1/2025 16:37","0","0","0.0000","0.0000","0.0000","105.0000","105.0000","105.0000","105.0000","105.0000","-0.5600","-0.6779","-0.4900","-0.5700","-0.5700","59.8500","59.8500","59.8500","59.8500","59.8500","0","1","39.0000","159.0000","-0.5100","0.0500","25.4800","194.0000","-0.6400","1","43.6300","147.0000","-0.5400","0","97.3000","8.0000","-0.1400","0.0000","97.3000","8.0000","-0.1500","0","97.3000","8.0000","-0.1600","0.0500","25.4800","194.0000","-0.7300","0.0000","97.3000","8.0000","-0.1500","0.0000","93.8200","17.0000","-0.2200","0","93.8200","17.0000","-0.1800","0.0000","93.8200","17.0000","-0.2000","0","93.8200","17.0000","-0.2100","15","0","0"
"AAD2023.06.02752","232","18630","58","University of Texas at San Antonio, The","Economics, Department of","Economics, General","11","183.0000","117","53.0000","11","153.0000","10.6400","6.0000","1013","99.0000","11","148.0000","1.0000","1.0000","0","122.0000","0","122.0000","0.0000","122.0000","0","226.0000","0","226.0000","1","150.0000","1","126.0000","28","14","9","20","14","0.0900","-0.2500","135.0000","48.2600","0.0900","-0.4600","156.0000","40.1500","1.0000","1.1700","1.0000","100.0000","10.6400","2.8100","4.0000","98.8400","1.0000","1.2000","1.0000","100.0000","92.0900","0.4200","49.0000","81.4700","8.6600","-0.5300","178.0000","31.6600","0.0000","-0.6600","122.0000","53.2800","0.0000","-0.6100","122.0000","53.2800","0.0000","-0.3800","122.0000","53.2800","0.0000","-0.5000","122.0000","53.2800","0.0000","-0.6900","226.0000","13.1300","0.0000","-1.2800","226.0000","13.1300","-0.2000","114.0000","56.3700","-0.7700","-0.4500","-0.4400","-0.5000","-0.4700","2.3700","0.5379","-0.4600","-0.4400","-0.2100","-0.2800","-0.4600","0.4600","-0.6900","13.1300","51.7400","43.2400","53.2800","41.3100","98.0700","100.0000","13.1300","42.4700","62.1600","53.2800","53.2800","79.9200","29.7300","259","4/1/2025 16:37","1","1","1.0000","0.0900","0.0900","49.0000","47.0000","65.0000","54.0000","37.0000","0.1200","0.4506","-0.1100","0.4100","0.8300","81.4700","82.2400","75.2900","79.5400","86.1000","0","5","71.0400","76.0000","-0.0800","0.4500","85.3300","39.0000","0.7400","1","43.6300","147.0000","-0.5400","0","97.3000","8.0000","-0.1400","0.0000","97.3000","8.0000","-0.1500","0","97.3000","8.0000","-0.1600","0.0900","41.3100","153.0000","-0.4000","0.0000","97.3000","8.0000","-0.1500","0.0000","93.8200","17.0000","-0.2200","0","93.8200","17.0000","-0.1800","0.0000","93.8200","17.0000","-0.2000","0","93.8200","17.0000","-0.2100","15","0","0"
"AAD2023.06.02752","328","18661","58","University of Rhode Island","Economics, Department of","Economics, General","9","212.0000","19","224.0000","6","220.0000","3.1700","201.0000","59","241.0000","6","218.0000","1.0000","1.0000","0","122.0000","0","122.0000","0.0000","122.0000","0","226.0000","0","226.0000","5","80.0000","3","61.0000","28","14","9","20","14","0.3300","1.6500","15.0000","94.5900","0.5600","0.6500","43.0000","83.7800","0.6700","-1.0100","224.0000","13.9000","2.1100","-0.7800","217.0000","16.6000","0.6700","-0.8700","210.0000","19.3100","6.5600","-0.7900","244.0000","6.1800","3.1100","-1.0900","250.0000","3.8600","0.0000","-0.6600","122.0000","53.2800","0.0000","-0.6100","122.0000","53.2800","0.0000","-0.3800","122.0000","53.2800","0.0000","-0.5000","122.0000","53.2800","0.0000","-0.6900","226.0000","13.1300","0.0000","-1.2800","226.0000","13.1300","-0.8000","230.0000","11.5800","-0.7700","0.1000","-0.8900","-0.5000","-0.9300","-0.6000","0.5379","-0.4600","-0.1200","-0.5400","-0.2800","-0.4600","-0.8100","-0.8600","13.1300","76.8300","16.2200","53.2800","15.4400","22.7800","100.0000","13.1300","69.5000","7.3400","53.2800","53.2800","13.9000","18.5300","259","4/1/2025 16:37","0","0","0.0000","0.0000","0.0000","105.0000","105.0000","105.0000","105.0000","105.0000","-0.5600","-0.6779","-0.4900","-0.5700","-0.5700","59.8500","59.8500","59.8500","59.8500","59.8500","0","6","73.3600","70.0000","0.0300","0.6700","93.0500","19.0000","1.4600","4","77.2200","60.0000","0.1500","0","97.3000","8.0000","-0.1400","0.0000","97.3000","8.0000","-0.1500","0","97.3000","8.0000","-0.1600","0.4400","97.3000","8.0000","2.2800","0.0000","97.3000","8.0000","-0.1500","0.0000","93.8200","17.0000","-0.2200","0","93.8200","17.0000","-0.1800","0.0000","93.8200","17.0000","-0.2000","0","93.8200","17.0000","-0.2100","15","0","0"
"AAD2023.06.02752","332","18788","58","University of South Carolina","Economics, Department of","Economics, General","18","104.0000","60","129.0000","14","113.0000","4.2900","126.0000","718","126.0000","14","109.0000","0.9300","178.0000","0","122.0000","0","122.0000","0.0000","122.0000","0","226.0000","0","226.0000","0","193.0000","0","193.0000","28","14","9","20","14","0.0000","-0.9600","193.0000","25.8700","0.0000","-0.6800","193.0000","25.8700","0.7800","-0.2800","184.0000","29.3400","3.3300","-0.2700","142.0000","45.5600","0.7800","-0.1800","172.0000","33.9800","39.8900","-0.3200","139.0000","46.7200","11.9700","-0.2000","117.0000","55.2100","0.0000","-0.6600","122.0000","53.2800","0.0000","-0.6100","122.0000","53.2800","0.0000","-0.3800","122.0000","53.2800","0.0000","-0.5000","122.0000","53.2800","0.0000","-0.6900","226.0000","13.1300","0.0000","-1.2800","226.0000","13.1300","-0.5000","178.0000","31.6600","-0.7700","-0.7300","-0.1700","-0.5000","-0.1900","-0.1500","-0.0733","-0.4600","-0.5200","-0.3100","-0.2800","-0.4600","-0.2800","-0.0800","13.1300","25.8700","58.3000","53.2800","56.7600","51.7400","31.6600","13.1300","25.8700","51.7400","53.2800","53.2800","50.5800","60.2300","259","4/1/2025 16:37","0","0","0.0000","0.0000","0.0000","105.0000","105.0000","105.0000","105.0000","105.0000","-0.5600","-0.6779","-0.4900","-0.5700","-0.5700","59.8500","59.8500","59.8500","59.8500","59.8500","0","0","23.1700","200.0000","-0.6200","0.0000","23.1700","200.0000","-0.8100","0","23.1700","200.0000","-0.7700","0","97.3000","8.0000","-0.1400","0.0000","97.3000","8.0000","-0.1500","0","97.3000","8.0000","-0.1600","0.0000","23.1700","200.0000","-1.0900","0.0000","97.3000","8.0000","-0.1500","0.0600","97.6800","7.0000","3.9700","1","97.6800","7.0000","1.1400","0.0600","97.6800","7.0000","2.8700","1","98.0700","6.0000","1.8000","15","0","0"
"AAD2023.06.02752","287","18851","58","University of Maine, The","Economics, School of","Economics, General","15","131.0000","71","115.0000","14","113.0000","5.0700","82.0000","543","143.0000","14","109.0000","1.0000","1.0000","6","22.0000","6","36.0000","3671148.0000","26.0000","6","115.0000","5","98.0000","3","100.0000","3","61.0000","28","14","9","20","14","0.2000","0.6000","45.0000","83.0100","0.2000","-0.2000","104.0000","60.2300","0.9300","0.7400","50.0000","81.0800","4.7300","0.3200","73.0000","72.2000","0.9300","0.7900","54.0000","79.5400","36.2000","-0.3700","151.0000","42.0800","7.6500","-0.6300","194.0000","25.4800","0.4000","3.0100","5.0000","98.4600","0.4000","1.6900","20.0000","92.6600","244743.2000","1.8900","9.0000","96.9100","611858.0000","1.3600","14.0000","94.9800","0.4000","-0.2600","118.0000","54.8300","0.3300","0.1600","95.0000","63.7100","0.1000","62.0000","76.4500","-0.2500","0.1000","-0.1700","0.9200","-0.1900","0.1600","0.5379","-0.3100","-0.2800","-0.3700","0.4800","0.4000","-0.1400","-0.3400","62.5500","76.8300","58.3000","91.8900","56.7600","68.7300","100.0000","55.9800","61.7800","45.1700","90.3500","86.4900","55.9800","49.8100","259","4/1/2025 16:37","0","0","0.0000","0.0000","0.0000","105.0000","105.0000","105.0000","105.0000","105.0000","-0.5600","-0.6779","-0.4900","-0.5700","-0.5700","59.8500","59.8500","59.8500","59.8500","59.8500","0","4","66.8000","87.0000","-0.1900","0.2700","71.0400","76.0000","0.1000","3","68.3400","83.0000","-0.0800","0","97.3000","8.0000","-0.1400","0.0000","97.3000","8.0000","-0.1500","0","97.3000","8.0000","-0.1600","0.2000","74.1300","68.0000","0.4300","0.0000","97.3000","8.0000","-0.1500","0.0000","93.8200","17.0000","-0.2200","0","93.8200","17.0000","-0.1800","0.0000","93.8200","17.0000","-0.2000","0","93.8200","17.0000","-0.2100","15","0","0"
"AAD2023.06.02752","97","18875","58","Indiana University - Indianapolis","Economics, Department of","Economics, General","10","198.0000","42","162.0000","9","176.0000","4.6700","99.0000","509","146.0000","7","203.0000","0.7800","244.0000","0","122.0000","0","122.0000","0.0000","122.0000","2","172.0000","2","155.0000","6","71.0000","2","86.0000","28","14","9","20","14","0.2000","0.6000","45.0000","83.0100","0.6000","0.7500","38.0000","85.7100","0.9000","0.5200","85.0000","67.5700","4.2000","0.1000","91.0000","65.2500","0.7000","-0.6600","202.0000","22.3900","50.9000","-0.1600","110.0000","57.9200","12.1200","-0.1900","114.0000","56.3700","0.0000","-0.6600","122.0000","53.2800","0.0000","-0.6100","122.0000","53.2800","0.0000","-0.3800","122.0000","53.2800","0.0000","-0.5000","122.0000","53.2800","0.2000","-0.4700","174.0000","33.2000","0.2000","-0.4100","154.0000","40.9300","-0.5000","178.0000","31.6600","-0.5600","-0.1700","-0.8000","-0.5000","-0.6500","0.0000","-1.4994","-0.4100","-0.0500","-0.3800","-0.2800","-0.4600","-0.5100","-0.7800","40.5400","67.1800","22.0100","53.2800","32.4300","62.1600","6.1800","33.9800","72.9700","44.0200","53.2800","53.2800","37.8400","23.9400","259","4/1/2025 16:37","0","0","0.0000","0.0000","0.0000","105.0000","105.0000","105.0000","105.0000","105.0000","-0.5600","-0.6779","-0.4900","-0.5700","-0.5700","59.8500","59.8500","59.8500","59.8500","59.8500","0","2","50.5800","129.0000","-0.4000","0.2000","61.0000","102.0000","-0.1300","1","43.6300","147.0000","-0.5400","0","97.3000","8.0000","-0.1400","0.0000","97.3000","8.0000","-0.1500","0","97.3000","8.0000","-0.1600","0.1000","44.0200","146.0000","-0.3300","0.0000","97.3000","8.0000","-0.1500","0.0000","93.8200","17.0000","-0.2200","0","93.8200","17.0000","-0.1800","0.0000","93.8200","17.0000","-0.2000","0","93.8200","17.0000","-0.2100","15","0","0"
"AAD2023.06.02752","298","18911","58","University of Memphis","Economics, Department of","Economics, General","10","198.0000","36","179.0000","9","176.0000","4.0000","142.0000","433","161.0000","9","175.0000","1.0000","1.0000","0","122.0000","0","122.0000","0.0000","122.0000","2","172.0000","2","155.0000","1","150.0000","1","126.0000","28","14","9","20","14","0.1000","-0.1800","124.0000","52.5100","0.1000","-0.4400","149.0000","42.8600","0.9000","0.5200","85.0000","67.5700","3.6000","-0.1500","124.0000","52.5100","0.9000","0.5800","81.0000","69.1100","43.3000","-0.2700","130.0000","50.1900","12.0300","-0.1900","115.0000","55.9800","0.0000","-0.6600","122.0000","53.2800","0.0000","-0.6100","122.0000","53.2800","0.0000","-0.3800","122.0000","53.2800","0.0000","-0.5000","122.0000","53.2800","0.2000","-0.4700","174.0000","33.2000","0.2000","-0.4100","154.0000","40.9300","-0.1000","93.0000","64.4800","-0.5600","-0.4500","-0.6200","-0.5000","-0.6500","-0.2700","0.5379","-0.4100","-0.4400","-0.4100","-0.2800","-0.4600","-0.5900","-0.7800","40.5400","51.7400","32.8200","53.2800","32.4300","45.5600","100.0000","33.9800","42.4700","38.2200","53.2800","53.2800","31.2700","23.9400","259","4/1/2025 16:37","0","0","0.0000","0.0000","0.0000","105.0000","105.0000","105.0000","105.0000","105.0000","-0.5600","-0.6779","-0.4900","-0.5700","-0.5700","59.8500","59.8500","59.8500","59.8500","59.8500","0","2","50.5800","129.0000","-0.4000","0.2000","61.0000","102.0000","-0.1300","2","57.9200","110.0000","-0.3100","0","97.3000","8.0000","-0.1400","0.0000","97.3000","8.0000","-0.1500","0","97.3000","8.0000","-0.1600","0.2000","74.1300","68.0000","0.4300","0.0000","97.3000","8.0000","-0.1500","0.0000","93.8200","17.0000","-0.2200","0","93.8200","17.0000","-0.1800","0.0000","93.8200","17.0000","-0.2000","0","93.8200","17.0000","-0.2100","15","0","0"
"AAD2023.06.02752","133","18936","58","Michigan Technological University","Business, College of","Economics, General","21","81.0000","55","137.0000","15","106.0000","3.6700","169.0000","1065","90.0000","16","94.0000","0.8900","205.0000","0","122.0000","0","122.0000","0.0000","122.0000","4","138.0000","3","133.0000","2","122.0000","2","86.0000","28","14","9","20","14","0.1000","-0.2100","133.0000","49.0300","0.1000","-0.4500","154.0000","40.9300","0.7100","-0.7000","213.0000","18.1500","2.6200","-0.5700","192.0000","26.2500","0.7600","-0.2800","185.0000","28.9600","50.7100","-0.1700","111.0000","57.5300","19.3600","0.5400","51.0000","80.7000","0.0000","-0.6600","122.0000","53.2800","0.0000","-0.6100","122.0000","53.2800","0.0000","-0.3800","122.0000","53.2800","0.0000","-0.5000","122.0000","53.2800","0.1900","-0.4800","180.0000","30.8900","0.1400","-0.6600","178.0000","31.6600","-0.4000","157.0000","39.7700","-0.4600","-0.1700","0.0100","-0.5000","-0.1000","-0.4000","-0.4808","-0.3600","-0.3600","-0.1900","-0.2800","-0.4600","-0.3400","0.1800","49.0300","67.1800","64.0900","53.2800","59.4600","35.1400","21.2400","47.1000","53.2800","65.6400","53.2800","53.2800","47.4900","69.1100","259","4/1/2025 16:37","10","6","1.6700","0.4800","0.2900","4.0000","32.0000","8.0000","3.0000","3.0000","3.5100","1.2067","3.3500","4.5500","3.8300","98.8400","88.0300","97.3000","99.2300","99.2300","0","4","66.8000","87.0000","-0.1900","0.1900","57.5300","111.0000","-0.1600","3","68.3400","83.0000","-0.0800","0","97.3000","8.0000","-0.1400","0.0000","97.3000","8.0000","-0.1500","0","97.3000","8.0000","-0.1600","0.1400","57.1400","112.0000","-0.0100","0.0000","97.3000","8.0000","-0.1500","0.0000","93.8200","17.0000","-0.2200","0","93.8200","17.0000","-0.1800","0.0000","93.8200","17.0000","-0.2000","0","93.8200","17.0000","-0.2100","15","0","0"
"AAD2023.06.02752","70","18952","58","Florida Atlantic University","Economics, Department of","Economics, General","12","171.0000","75","109.0000","12","138.0000","6.2500","45.0000","1059","92.0000","10","159.0000","0.8300","231.0000","0","122.0000","0","122.0000","0.0000","122.0000","6","115.0000","4","114.0000","1","150.0000","1","126.0000","28","14","9","20","14","0.0800","-0.3100","143.0000","45.1700","0.0800","-0.4800","161.0000","38.2200","1.0000","1.1700","1.0000","100.0000","6.2500","0.9600","34.0000","87.2600","0.8300","0.1700","130.0000","50.1900","88.2500","0.3600","50.0000","81.0800","14.1200","0.0200","88.0000","66.4100","0.0000","-0.6600","122.0000","53.2800","0.0000","-0.6100","122.0000","53.2800","0.0000","-0.3800","122.0000","53.2800","0.0000","-0.5000","122.0000","53.2800","0.5000","-0.1500","103.0000","60.6200","0.3300","0.1600","95.0000","63.7100","0.0000","75.0000","71.4300","-0.3500","-0.4500","-0.5300","-0.5000","-0.3800","0.6300","-0.9901","-0.3100","-0.4400","-0.1900","-0.2800","-0.4600","-0.0800","-0.6000","56.3700","51.7400","39.0000","53.2800","47.1000","83.0100","11.2000","55.9800","42.4700","64.8600","53.2800","53.2800","58.3000","34.3600","259","4/1/2025 16:37","5","1","5.0000","0.4200","0.0800","49.0000","1.0000","15.0000","4.0000","45.0000","0.1200","4.9646","1.4300","3.9100","0.7200","81.4700","100.0000","94.5900","98.8400","83.0100","0","6","73.3600","70.0000","0.0300","0.5000","87.6400","33.0000","0.8900","4","77.2200","60.0000","0.1500","0","97.3000","8.0000","-0.1400","0.0000","97.3000","8.0000","-0.1500","0","97.3000","8.0000","-0.1600","0.3300","90.7300","25.0000","1.4400","0.0000","97.3000","8.0000","-0.1500","0.0000","93.8200","17.0000","-0.2200","0","93.8200","17.0000","-0.1800","0.0000","93.8200","17.0000","-0.2000","0","93.8200","17.0000","-0.2100","15","0","0"
"AAD2023.06.02752","362","18982","58","West Virginia University","Economics, Division of","Economics, General","15","131.0000","77","105.0000","12","138.0000","6.4200","40.0000","631","134.0000","9","175.0000","0.7500","246.0000","0","122.0000","0","122.0000","0.0000","122.0000","5","129.0000","5","98.0000","10","44.0000","5","32.0000","28","14","9","20","14","0.3300","1.6500","15.0000","94.5900","0.6700","0.9100","31.0000","88.4200","0.8000","-0.1400","165.0000","36.6800","5.1300","0.4900","56.0000","78.7600","0.6000","-1.2800","230.0000","11.5800","42.0700","-0.2900","132.0000","49.4200","8.1900","-0.5800","188.0000","27.8000","0.0000","-0.6600","122.0000","53.2800","0.0000","-0.6100","122.0000","53.2800","0.0000","-0.3800","122.0000","53.2800","0.0000","-0.5000","122.0000","53.2800","0.3300","-0.3300","134.0000","48.6500","0.3300","0.1600","95.0000","63.7100","-0.2000","114.0000","56.3700","-0.2500","0.6600","-0.6200","-0.5000","-0.3800","0.6900","-1.7541","-0.3400","0.2700","-0.3400","-0.2800","-0.4600","-0.0600","-0.3400","62.5500","88.0300","32.8200","53.2800","47.1000","84.9400","5.4100","50.5800","83.4000","48.6500","53.2800","53.2800","59.8500","49.8100","259","4/1/2025 16:37","1","1","1.0000","0.0700","0.0700","49.0000","47.0000","65.0000","71.0000","56.0000","0.1200","0.4506","-0.1100","0.1400","0.4600","81.4700","82.2400","75.2900","72.9700","78.7600","0","9","83.0100","45.0000","0.3600","0.6000","90.7300","25.0000","1.2300","4","77.2200","60.0000","0.1500","0","97.3000","8.0000","-0.1400","0.0000","97.3000","8.0000","-0.1500","0","97.3000","8.0000","-0.1600","0.2700","85.7100","38.0000","0.9300","0.0000","97.3000","8.0000","-0.1500","0.0000","93.8200","17.0000","-0.2200","0","93.8200","17.0000","-0.1800","0.0000","93.8200","17.0000","-0.2000","0","93.8200","17.0000","-0.2100","15","0","0"
"AAD2023.06.02752","266","19035","58","University of Colorado Denver","Economics, Department of","Economics, General","12","171.0000","57","136.0000","10","166.0000","5.7000","62.0000","822","121.0000","10","159.0000","0.9100","193.0000","0","122.0000","0","122.0000","0.0000","122.0000","15","73.0000","8","74.0000","2","122.0000","1","126.0000","28","14","9","20","14","0.0800","-0.3100","143.0000","45.1700","0.1700","-0.2800","114.0000","56.3700","0.8300","0.0800","147.0000","43.6300","4.7500","0.3300","70.0000","73.3600","0.8300","0.1700","130.0000","50.1900","68.5000","0.0900","73.0000","72.2000","14.4200","0.0500","87.0000","66.8000","0.0000","-0.6600","122.0000","53.2800","0.0000","-0.6100","122.0000","53.2800","0.0000","-0.3800","122.0000","53.2800","0.0000","-0.5000","122.0000","53.2800","1.2500","0.6600","33.0000","87.6400","0.6700","1.5900","22.0000","91.8900","0.4000","26.0000","90.3500","0.0600","-0.4500","-0.5300","-0.5000","-0.5600","0.4100","-0.2956","-0.1000","-0.3600","-0.2800","-0.2800","-0.4600","-0.3200","-0.6000","71.8100","51.7400","39.0000","53.2800","36.2900","76.4500","25.8700","72.2000","53.2800","53.6700","53.2800","53.2800","47.8800","34.3600","259","4/1/2025 16:37","0","0","0.0000","0.0000","0.0000","105.0000","105.0000","105.0000","105.0000","105.0000","-0.5600","-0.6779","-0.4900","-0.5700","-0.5700","59.8500","59.8500","59.8500","59.8500","59.8500","0","2","50.5800","129.0000","-0.4000","0.1700","52.9000","123.0000","-0.2400","2","57.9200","110.0000","-0.3100","0","97.3000","8.0000","-0.1400","0.0000","97.3000","8.0000","-0.1500","0","97.3000","8.0000","-0.1600","0.1700","66.4100","88.0000","0.1700","0.0000","97.3000","8.0000","-0.1500","0.0000","93.8200","17.0000","-0.2200","0","93.8200","17.0000","-0.1800","0.0000","93.8200","17.0000","-0.2000","0","93.8200","17.0000","-0.2100","15","0","0"
"AAD2023.06.02752","319","19070","58","University of North Dakota, The","Economics and Finance, Department of","Economics, General","10","198.0000","19","224.0000","5","228.0000","3.8000","158.0000","170","213.0000","4","234.0000","0.8000","236.0000","0","122.0000","0","122.0000","0.0000","122.0000","0","226.0000","0","226.0000","0","193.0000","0","193.0000","28","14","9","20","14","0.0000","-0.9600","193.0000","25.8700","0.0000","-0.6800","193.0000","25.8700","0.5000","-2.1000","244.0000","6.1800","1.9000","-0.8700","230.0000","11.5800","0.4000","-2.5300","251.0000","3.4700","17.0000","-0.6400","209.0000","19.6900","8.9500","-0.5000","172.0000","33.9800","0.0000","-0.6600","122.0000","53.2800","0.0000","-0.6100","122.0000","53.2800","0.0000","-0.3800","122.0000","53.2800","0.0000","-0.5000","122.0000","53.2800","0.0000","-0.6900","226.0000","13.1300","0.0000","-1.2800","226.0000","13.1300","-0.9000","237.0000","8.8800","-0.7700","-0.7300","-1.0800","-0.5000","-1.0200","-0.3500","-1.2957","-0.4600","-0.5200","-0.5000","-0.2800","-0.4600","-0.8100","-0.7800","13.1300","25.8700","10.0400","53.2800","12.3600","39.3800","9.2700","13.1300","25.8700","18.1500","53.2800","53.2800","13.9000","23.9400","259","4/1/2025 16:37","0","0","0.0000","0.0000","0.0000","105.0000","105.0000","105.0000","105.0000","105.0000","-0.5600","-0.6779","-0.4900","-0.5700","-0.5700","59.8500","59.8500","59.8500","59.8500","59.8500","0","0","23.1700","200.0000","-0.6200","0.0000","23.1700","200.0000","-0.8100","0","23.1700","200.0000","-0.7700","0","97.3000","8.0000","-0.1400","0.0000","97.3000","8.0000","-0.1500","0","97.3000","8.0000","-0.1600","0.0000","23.1700","200.0000","-1.0900","0.0000","97.3000","8.0000","-0.1500","0.0000","93.8200","17.0000","-0.2200","0","93.8200","17.0000","-0.1800","0.0000","93.8200","17.0000","-0.2000","0","93.8200","17.0000","-0.2100","15","0","0"
"AAD2023.06.02752","262","19176","58","University of Cincinnati, The","Economics, Department of","Economics, General","14","149.0000","43","160.0000","11","153.0000","3.9100","151.0000","330","176.0000","9","175.0000","0.8200","234.0000","0","122.0000","0","122.0000","0.0000","122.0000","2","172.0000","2","155.0000","0","193.0000","0","193.0000","28","14","9","20","14","0.0000","-0.9600","193.0000","25.8700","0.0000","-0.6800","193.0000","25.8700","0.7900","-0.2300","182.0000","30.1200","3.0700","-0.3800","164.0000","37.0700","0.6400","-1.0200","225.0000","13.5100","23.5700","-0.5500","187.0000","28.1900","7.6700","-0.6300","193.0000","25.8700","0.0000","-0.6600","122.0000","53.2800","0.0000","-0.6100","122.0000","53.2800","0.0000","-0.3800","122.0000","53.2800","0.0000","-0.5000","122.0000","53.2800","0.1400","-0.5300","190.0000","27.0300","0.1400","-0.6600","178.0000","31.6600","-0.7000","214.0000","17.7600","-0.5600","-0.7300","-0.6200","-0.5000","-0.4700","-0.3000","-1.1290","-0.4100","-0.5200","-0.4500","-0.2800","-0.4600","-0.5000","-0.4300","40.5400","25.8700","32.8200","53.2800","41.3100","42.0800","10.0400","33.9800","25.8700","32.4300","53.2800","53.2800","38.6100","42.8600","259","4/1/2025 16:37","0","0","0.0000","0.0000","0.0000","105.0000","105.0000","105.0000","105.0000","105.0000","-0.5600","-0.6779","-0.4900","-0.5700","-0.5700","59.8500","59.8500","59.8500","59.8500","59.8500","0","1","39.0000","159.0000","-0.5100","0.0700","32.8200","175.0000","-0.5600","1","43.6300","147.0000","-0.5400","0","97.3000","8.0000","-0.1400","0.0000","97.3000","8.0000","-0.1500","0","97.3000","8.0000","-0.1600","0.0700","35.1400","169.0000","-0.5500","0.0000","97.3000","8.0000","-0.1500","0.0000","93.8200","17.0000","-0.2200","0","93.8200","17.0000","-0.1800","0.0000","93.8200","17.0000","-0.2000","0","93.8200","17.0000","-0.2100","15","0","0"
"AAD2023.06.02752","137","19277","58","Montana State University","Agricultural Economics and Economics, Department of","Economics, General","19","100.0000","79","102.0000","16","97.0000","4.9400","86.0000","1144","87.0000","16","94.0000","1.0000","1.0000","3","47.0000","3","61.0000","834188.0000","61.0000","14","80.0000","7","83.0000","1","150.0000","1","126.0000","28","14","9","20","14","0.0500","-0.5500","177.0000","32.0500","0.0500","-0.5600","182.0000","30.1200","0.8400","0.1400","142.0000","45.5600","4.1600","0.0800","94.0000","64.0900","0.8400","0.2200","128.0000","50.9700","60.2100","-0.0300","93.0000","64.4800","14.4800","0.0500","85.0000","67.5700","0.1600","0.7900","44.0000","83.4000","0.1600","0.3000","64.0000","75.6800","43904.6300","0.0300","60.0000","77.2200","278062.6700","0.3500","49.0000","81.4700","0.7400","0.1000","72.0000","72.5900","0.3700","0.3100","85.0000","67.5700","0.0000","75.0000","71.4300","-0.0500","-0.4500","0.0100","0.2100","-0.0100","0.1100","0.5379","-0.1200","-0.4400","-0.1700","-0.1000","-0.0300","-0.0300","0.0000","68.3400","51.7400","64.0900","82.2400","62.9300","67.1800","100.0000","69.5000","42.4700","66.8000","76.8300","76.8300","61.0000","61.7800","259","4/1/2025 16:37","0","0","0.0000","0.0000","0.0000","105.0000","105.0000","105.0000","105.0000","105.0000","-0.5600","-0.6779","-0.4900","-0.5700","-0.5700","59.8500","59.8500","59.8500","59.8500","59.8500","0","5","71.0400","76.0000","-0.0800","0.2600","70.2700","78.0000","0.0900","4","77.2200","60.0000","0.1500","0","97.3000","8.0000","-0.1400","0.0000","97.3000","8.0000","-0.1500","0","97.3000","8.0000","-0.1600","0.2100","75.6800","64.0000","0.5100","0.0000","97.3000","8.0000","-0.1500","0.0000","93.8200","17.0000","-0.2200","0","93.8200","17.0000","-0.1800","0.0000","93.8200","17.0000","-0.2000","0","93.8200","17.0000","-0.2100","15","0","0"
"AAD2023.06.02752","157","19299","58","Ohio University","Economics, Department of","Economics, General","14","149.0000","20","219.0000","9","176.0000","2.2200","237.0000","119","228.0000","11","148.0000","1.0000","1.0000","0","122.0000","0","122.0000","0.0000","122.0000","1","201.0000","1","196.0000","3","100.0000","1","126.0000","28","14","9","20","14","0.0700","-0.4000","156.0000","40.1500","0.2100","-0.1700","98.0000","62.5500","0.6400","-1.1600","233.0000","10.4200","1.4300","-1.0700","242.0000","6.9500","0.7900","-0.1300","169.0000","35.1400","8.5000","-0.7600","240.0000","7.7200","5.9500","-0.8000","217.0000","16.6000","0.0000","-0.6600","122.0000","53.2800","0.0000","-0.6100","122.0000","53.2800","0.0000","-0.3800","122.0000","53.2800","0.0000","-0.5000","122.0000","53.2800","0.0700","-0.6100","215.0000","17.3700","0.0700","-0.9700","213.0000","18.1500","-0.9000","237.0000","8.8800","-0.6600","-0.4500","-0.4400","-0.5000","-0.6500","-0.9700","0.5379","-0.4300","-0.2800","-0.5200","-0.2800","-0.4600","-0.8000","-0.4300","24.7100","51.7400","43.2400","53.2800","32.4300","8.8800","100.0000","22.7800","61.7800","12.3600","53.2800","53.2800","15.8300","42.8600","259","4/1/2025 16:37","0","0","0.0000","0.0000","0.0000","105.0000","105.0000","105.0000","105.0000","105.0000","-0.5600","-0.6779","-0.4900","-0.5700","-0.5700","59.8500","59.8500","59.8500","59.8500","59.8500","0","0","23.1700","200.0000","-0.6200","0.0000","23.1700","200.0000","-0.8100","0","23.1700","200.0000","-0.7700","0","97.3000","8.0000","-0.1400","0.0000","97.3000","8.0000","-0.1500","0","97.3000","8.0000","-0.1600","0.0000","23.1700","200.0000","-1.0900","0.0000","97.3000","8.0000","-0.1500","0.0000","93.8200","17.0000","-0.2200","0","93.8200","17.0000","-0.1800","0.0000","93.8200","17.0000","-0.2000","0","93.8200","17.0000","-0.2100","15","0","0"
"AAD2023.06.02752","46","19340","58","College of William & Mary, The","Economics, Department of","Economics, General","22","75.0000","84","95.0000","18","82.0000","4.6700","99.0000","1054","93.0000","17","89.0000","0.8900","204.0000","0","122.0000","0","122.0000","0.0000","122.0000","10","90.0000","6","89.0000","6","71.0000","3","61.0000","28","14","9","20","14","0.1400","0.1100","94.0000","64.0900","0.2700","-0.0300","82.0000","68.7300","0.8200","-0.0200","155.0000","40.5400","3.8200","-0.0600","114.0000","56.3700","0.7700","-0.2100","180.0000","30.8900","47.9100","-0.2100","114.0000","56.3700","12.5500","-0.1400","105.0000","59.8500","0.0000","-0.6600","122.0000","53.2800","0.0000","-0.6100","122.0000","53.2800","0.0000","-0.3800","122.0000","53.2800","0.0000","-0.5000","122.0000","53.2800","0.4500","-0.2000","110.0000","57.9200","0.2700","-0.1000","120.0000","54.0500","-0.2000","114.0000","56.3700","-0.1500","0.1000","0.1000","-0.5000","0.1700","0.0000","-0.4272","-0.2200","-0.0500","-0.2000","-0.2800","-0.4600","0.0300","0.2600","66.0200","76.8300","66.0200","53.2800","68.7300","62.1600","21.6200","65.6400","72.9700","64.4800","53.2800","53.2800","63.7100","71.4300","259","4/1/2025 16:37","0","0","0.0000","0.0000","0.0000","105.0000","105.0000","105.0000","105.0000","105.0000","-0.5600","-0.6779","-0.4900","-0.5700","-0.5700","59.8500","59.8500","59.8500","59.8500","59.8500","0","10","86.1000","37.0000","0.4700","0.4500","85.3300","39.0000","0.7400","4","77.2200","60.0000","0.1500","0","97.3000","8.0000","-0.1400","0.0000","97.3000","8.0000","-0.1500","0","97.3000","8.0000","-0.1600","0.1800","68.3400","83.0000","0.2900","0.0000","97.3000","8.0000","-0.1500","0.0000","93.8200","17.0000","-0.2200","0","93.8200","17.0000","-0.1800","0.0000","93.8200","17.0000","-0.2000","0","93.8200","17.0000","-0.2100","15","0","0"
"AAD2023.06.02752","285","30166","58","University of Louisiana at Monroe, The","Finance, Department of","Economics, General","2","258.0000","0","259.0000","0","259.0000","0.0000","259.0000","9","256.0000","1","258.0000","0.0000","259.0000","0","122.0000","0","122.0000","0.0000","122.0000","0","226.0000","0","226.0000","0","193.0000","0","193.0000","28","14","9","20","14","0.0000","-0.9600","193.0000","25.8700","0.0000","-0.6800","193.0000","25.8700","0.0000","-5.3700","259.0000","0.3900","0.0000","-1.6700","259.0000","0.3900","0.5000","-1.9000","243.0000","6.5600","4.5000","-0.8200","250.0000","3.8600","0.0000","-1.4000","259.0000","0.3900","0.0000","-0.6600","122.0000","53.2800","0.0000","-0.6100","122.0000","53.2800","0.0000","-0.3800","122.0000","53.2800","0.0000","-0.5000","122.0000","53.2800","0.0000","-0.6900","226.0000","13.1300","0.0000","-1.2800","226.0000","13.1300","-1.3000","257.0000","1.1600","-0.7700","-0.7300","-1.3500","-0.5000","-1.4800","-1.8600","-8.6300","-0.4600","-0.5200","-0.5600","-0.2800","-0.4600","-1.0600","-1.4700","13.1300","25.8700","0.7700","53.2800","0.3900","0.3900","0.3900","13.1300","25.8700","1.5400","53.2800","53.2800","0.3900","0.7700","259","4/1/2025 16:37","1","1","1.0000","0.5000","0.5000","49.0000","47.0000","65.0000","1.0000","1.0000","0.1200","0.4506","-0.1100","4.8100","7.1200","81.4700","82.2400","75.2900","100.0000","100.0000","0","0","23.1700","200.0000","-0.6200","0.0000","23.1700","200.0000","-0.8100","0","23.1700","200.0000","-0.7700","0","97.3000","8.0000","-0.1400","0.0000","97.3000","8.0000","-0.1500","0","97.3000","8.0000","-0.1600","0.0000","23.1700","200.0000","-1.0900","0.0000","97.3000","8.0000","-0.1500","0.0000","93.8200","17.0000","-0.2200","0","93.8200","17.0000","-0.1800","0.0000","93.8200","17.0000","-0.2000","0","93.8200","17.0000","-0.2100","15","0","0"
"AAD2023.06.02752","294","30238","58","University of Massachusetts Boston","Economics, Department of","Economics, General","16","127.0000","55","137.0000","14","113.0000","3.9300","150.0000","441","159.0000","14","109.0000","1.0000","1.0000","0","122.0000","0","122.0000","0.0000","122.0000","3","154.0000","3","133.0000","2","122.0000","2","86.0000","28","14","9","20","14","0.1300","0.0200","103.0000","60.6200","0.1300","-0.3800","138.0000","47.1000","0.8800","0.3500","108.0000","58.6900","3.4400","-0.2200","136.0000","47.8800","0.8800","0.4300","103.0000","60.6200","27.5600","-0.4900","171.0000","34.3600","8.0200","-0.6000","192.0000","26.2500","0.0000","-0.6600","122.0000","53.2800","0.0000","-0.6100","122.0000","53.2800","0.0000","-0.3800","122.0000","53.2800","0.0000","-0.5000","122.0000","53.2800","0.1900","-0.4900","181.0000","30.5000","0.1900","-0.4700","163.0000","37.4500","-0.3000","138.0000","47.1000","-0.4600","-0.1700","-0.1700","-0.5000","-0.1900","-0.3000","0.5379","-0.3900","-0.3600","-0.4100","-0.2800","-0.4600","-0.3400","-0.2600","49.0300","67.1800","58.3000","53.2800","56.7600","42.4700","100.0000","40.9300","53.2800","39.0000","53.2800","53.2800","47.4900","51.3500","259","4/1/2025 16:37","1","1","1.0000","0.0600","0.0600","49.0000","47.0000","65.0000","75.0000","64.0000","0.1200","0.4506","-0.1100","0.1000","0.3900","81.4700","82.2400","75.2900","71.4300","75.6800","0","10","86.1000","37.0000","0.4700","0.6300","91.5100","23.0000","1.3200","6","86.1000","37.0000","0.6100","0","97.3000","8.0000","-0.1400","0.0000","97.3000","8.0000","-0.1500","0","97.3000","8.0000","-0.1600","0.3800","93.8200","17.0000","1.7500","0.0000","97.3000","8.0000","-0.1500","0.0000","93.8200","17.0000","-0.2200","0","93.8200","17.0000","-0.1800","0.0000","93.8200","17.0000","-0.2000","0","93.8200","17.0000","-0.2100","15","0","0"
"AAD2023.06.02752","296","31788","58","University of Massachusetts Lowell","Economics, Department of","Economics, General","8","224.0000","23","211.0000","7","206.0000","3.2900","195.0000","117","229.0000","7","203.0000","1.0000","1.0000","0","122.0000","0","122.0000","0.0000","122.0000","2","172.0000","1","196.0000","0","193.0000","0","193.0000","28","14","9","20","14","0.0000","-0.9600","193.0000","25.8700","0.0000","-0.6800","193.0000","25.8700","0.8800","0.3500","108.0000","58.6900","2.8800","-0.4600","180.0000","30.8900","0.8800","0.4300","103.0000","60.6200","14.6300","-0.6800","219.0000","15.8300","5.0900","-0.8900","230.0000","11.5800","0.0000","-0.6600","122.0000","53.2800","0.0000","-0.6100","122.0000","53.2800","0.0000","-0.3800","122.0000","53.2800","0.0000","-0.5000","122.0000","53.2800","0.2500","-0.4200","154.0000","40.9300","0.1300","-0.7400","191.0000","26.6400","-0.6000","198.0000","23.9400","-0.6600","-0.7300","-0.8000","-0.5000","-0.8300","-0.5500","0.5379","-0.4100","-0.5200","-0.5200","-0.2800","-0.4600","-0.7600","-0.9500","24.7100","25.8700","22.0100","53.2800","20.8500","25.1000","100.0000","33.9800","25.8700","11.9700","53.2800","53.2800","18.9200","13.9000","259","4/1/2025 16:37","1","1","1.0000","0.1300","0.1300","49.0000","47.0000","65.0000","41.0000","15.0000","0.1200","0.4506","-0.1100","0.7700","1.3600","81.4700","82.2400","75.2900","84.5600","94.5900","0","1","39.0000","159.0000","-0.5100","0.1300","44.7900","144.0000","-0.3800","1","43.6300","147.0000","-0.5400","0","97.3000","8.0000","-0.1400","0.0000","97.3000","8.0000","-0.1500","0","97.3000","8.0000","-0.1600","0.1300","51.7400","126.0000","-0.1400","0.0000","97.3000","8.0000","-0.1500","0.0000","93.8200","17.0000","-0.2200","0","93.8200","17.0000","-0.1800","0.0000","93.8200","17.0000","-0.2000","0","93.8200","17.0000","-0.2100","15","0","0"
"AAD2023.06.02752","311","31887","58","University of Nevada, Las Vegas","Economics, Department of","Economics, General","15","131.0000","67","119.0000","13","128.0000","5.1500","77.0000","616","136.0000","12","131.0000","0.9200","184.0000","0","122.0000","0","122.0000","0.0000","122.0000","4","138.0000","4","114.0000","1","150.0000","1","126.0000","28","14","9","20","14","0.0700","-0.4400","161.0000","38.2200","0.0700","-0.5200","172.0000","33.9800","0.8700","0.3000","118.0000","54.8300","4.4700","0.2100","84.0000","67.9500","0.8000","-0.0400","149.0000","42.8600","41.0700","-0.3000","135.0000","48.2600","9.1900","-0.4800","166.0000","36.2900","0.0000","-0.6600","122.0000","53.2800","0.0000","-0.6100","122.0000","53.2800","0.0000","-0.3800","122.0000","53.2800","0.0000","-0.5000","122.0000","53.2800","0.2700","-0.4000","153.0000","41.3100","0.2700","-0.1300","125.0000","52.1200","-0.2000","114.0000","56.3700","-0.3500","-0.4500","-0.3500","-0.5000","-0.2800","0.1900","-0.1673","-0.3600","-0.4400","-0.3500","-0.2800","-0.4600","-0.1900","-0.3400","56.3700","51.7400","49.8100","53.2800","50.9700","70.6600","29.3400","47.1000","42.4700","47.8800","53.2800","53.2800","54.4400","49.8100","259","4/1/2025 16:37","2","3","0.6700","0.1300","0.2000","18.0000","103.0000","42.0000","37.0000","6.0000","1.4700","0.0782","0.2700","0.8600","2.5100","93.4400","60.6200","84.1700","86.1000","98.0700","0","1","39.0000","159.0000","-0.5100","0.0700","32.0500","177.0000","-0.5800","1","43.6300","147.0000","-0.5400","0","97.3000","8.0000","-0.1400","0.0000","97.3000","8.0000","-0.1500","0","97.3000","8.0000","-0.1600","0.0700","33.2000","174.0000","-0.5900","0.0000","97.3000","8.0000","-0.1500","0.0000","93.8200","17.0000","-0.2200","0","93.8200","17.0000","-0.1800","0.0000","93.8200","17.0000","-0.2000","0","93.8200","17.0000","-0.2100","15","0","0"
"AAD2023.06.02752","112","31993","58","Louisiana Tech University","Economics and Finance, Department of","Economics, General","11","183.0000","28","202.0000","9","176.0000","3.1100","206.0000","235","189.0000","10","159.0000","1.0000","1.0000","0","122.0000","0","122.0000","0.0000","122.0000","0","226.0000","0","226.0000","0","193.0000","0","193.0000","28","14","9","20","14","0.0000","-0.9600","193.0000","25.8700","0.0000","-0.6800","193.0000","25.8700","0.8200","-0.0200","155.0000","40.5400","2.5500","-0.6000","198.0000","23.9400","0.9100","0.6400","74.0000","71.8100","21.3600","-0.5800","196.0000","24.7100","8.3900","-0.5600","179.0000","31.2700","0.0000","-0.6600","122.0000","53.2800","0.0000","-0.6100","122.0000","53.2800","0.0000","-0.3800","122.0000","53.2800","0.0000","-0.5000","122.0000","53.2800","0.0000","-0.6900","226.0000","13.1300","0.0000","-1.2800","226.0000","13.1300","-0.6000","198.0000","23.9400","-0.7700","-0.7300","-0.5300","-0.5000","-0.6500","-0.6200","0.5379","-0.4600","-0.5200","-0.4800","-0.2800","-0.4600","-0.7000","-0.6900","13.1300","25.8700","39.0000","53.2800","32.4300","20.8500","100.0000","13.1300","25.8700","27.4100","53.2800","53.2800","22.3900","29.7300","259","4/1/2025 16:37","1","1","1.0000","0.0900","0.0900","49.0000","47.0000","65.0000","54.0000","37.0000","0.1200","0.4506","-0.1100","0.4100","0.8300","81.4700","82.2400","75.2900","79.5400","86.1000","0","0","23.1700","200.0000","-0.6200","0.0000","23.1700","200.0000","-0.8100","0","23.1700","200.0000","-0.7700","0","97.3000","8.0000","-0.1400","0.0000","97.3000","8.0000","-0.1500","0","97.3000","8.0000","-0.1600","0.0000","23.1700","200.0000","-1.0900","0.0000","97.3000","8.0000","-0.1500","0.0000","93.8200","17.0000","-0.2200","0","93.8200","17.0000","-0.1800","0.0000","93.8200","17.0000","-0.2000","0","93.8200","17.0000","-0.2100","15","0","0"
"AAD2023.06.02752","345","32054","58","University of Virginia","Economics, Department of","Economics, General","29","43.0000","110","57.0000","25","43.0000","4.4000","119.0000","1672","61.0000","24","48.0000","0.9600","157.0000","3","47.0000","5","39.0000","2342100.0000","34.0000","30","38.0000","17","31.0000","5","80.0000","3","61.0000","28","14","9","20","14","0.1000","-0.1500","123.0000","52.9000","0.1700","-0.2700","113.0000","56.7600","0.8600","0.2700","124.0000","52.5100","3.7900","-0.0700","115.0000","55.9800","0.8300","0.1300","137.0000","47.4900","57.6600","-0.0700","98.0000","62.5500","15.2000","0.1200","79.0000","69.8800","0.1000","0.2900","70.0000","73.3600","0.1700","0.3800","56.0000","78.7600","80762.0700","0.3700","43.0000","83.7800","468420.0000","0.9200","24.0000","91.1200","1.0300","0.4200","43.0000","83.7800","0.5900","1.2500","36.0000","86.4900","0.1000","62.0000","76.4500","0.9800","0.1000","0.7300","0.2100","0.8200","-0.1100","0.1712","0.2700","-0.1200","0.0200","0.2100","0.2600","0.3700","0.8700","88.4200","76.8300","81.8500","82.2400","83.7800","54.4400","39.7700","85.7100","69.5000","76.8300","87.2600","85.3300","78.3800","83.7800","259","4/1/2025 16:37","4","3","1.3300","0.1400","0.1000","18.0000","43.0000","21.0000","36.0000","31.0000","1.4700","0.8230","1.0400","0.9100","1.0200","93.4400","83.7800","92.2800","86.4900","88.4200","0","7","77.9900","58.0000","0.1400","0.2400","67.9500","84.0000","0.0200","4","77.2200","60.0000","0.1500","1","99.2300","3.0000","3.1100","0.0300","97.6800","7.0000","2.4800","1","99.6100","2.0000","4.9800","0.1400","53.6700","121.0000","-0.0500","0.0300","98.0700","6.0000","3.2500","0.0000","93.8200","17.0000","-0.2200","0","93.8200","17.0000","-0.1800","0.0000","93.8200","17.0000","-0.2000","0","93.8200","17.0000","-0.2100","15","0","0"
"AAD2023.06.02752","230","32134","58","University of Texas at Dallas, The","Finance and Managerial Economics, Department of","Economics, General","26","57.0000","89","89.0000","23","57.0000","3.8700","155.0000","1135","89.0000","21","64.0000","0.9100","192.0000","0","122.0000","0","122.0000","0.0000","122.0000","6","115.0000","6","89.0000","2","122.0000","2","86.0000","28","14","9","20","14","0.0800","-0.3600","150.0000","42.4700","0.0800","-0.5000","164.0000","37.0700","0.8800","0.4200","103.0000","60.6200","3.4200","-0.2300","137.0000","47.4900","0.8100","0.0100","145.0000","44.4000","43.6500","-0.2700","128.0000","50.9700","12.7500","-0.1200","101.0000","61.3900","0.0000","-0.6600","122.0000","53.2800","0.0000","-0.6100","122.0000","53.2800","0.0000","-0.3800","122.0000","53.2800","0.0000","-0.5000","122.0000","53.2800","0.2300","-0.4400","164.0000","37.0700","0.2300","-0.2800","139.0000","46.7200","-0.3000","138.0000","47.1000","-0.1500","-0.1700","0.4600","-0.5000","0.6300","-0.3200","-0.2593","-0.3100","-0.3600","-0.1700","-0.2800","-0.4600","0.1000","0.6100","66.0200","67.1800","75.6800","53.2800","78.3800","40.5400","26.2500","55.9800","53.2800","66.0200","53.2800","53.2800","66.0200","78.3800","259","4/1/2025 16:37","1","1","1.0000","0.0400","0.0400","49.0000","47.0000","65.0000","95.0000","90.0000","0.1200","0.4506","-0.1100","-0.1600","0.0200","81.4700","82.2400","75.2900","63.7100","65.6400","0","1","39.0000","159.0000","-0.5100","0.0400","24.3200","197.0000","-0.6700","1","43.6300","147.0000","-0.5400","0","97.3000","8.0000","-0.1400","0.0000","97.3000","8.0000","-0.1500","0","97.3000","8.0000","-0.1600","0.0400","24.3200","197.0000","-0.8000","0.0000","97.3000","8.0000","-0.1500","0.0000","93.8200","17.0000","-0.2200","0","93.8200","17.0000","-0.1800","0.0000","93.8200","17.0000","-0.2000","0","93.8200","17.0000","-0.2100","15","0","0"
"AAD2023.06.02752","284","32182","58","University of Louisiana at Lafayette","Economics and Finance, Department of","Economics, General","18","104.0000","63","126.0000","13","128.0000","4.8500","88.0000","340","175.0000","12","131.0000","0.9200","184.0000","0","122.0000","0","122.0000","0.0000","122.0000","3","154.0000","2","155.0000","1","150.0000","1","126.0000","28","14","9","20","14","0.0600","-0.5300","171.0000","34.3600","0.0600","-0.5500","178.0000","31.6600","0.7200","-0.6500","210.0000","19.3100","3.5000","-0.2000","131.0000","49.8100","0.6700","-0.8700","210.0000","19.3100","18.8900","-0.6200","201.0000","22.7800","5.4000","-0.8600","226.0000","13.1300","0.0000","-0.6600","122.0000","53.2800","0.0000","-0.6100","122.0000","53.2800","0.0000","-0.3800","122.0000","53.2800","0.0000","-0.5000","122.0000","53.2800","0.1700","-0.5100","187.0000","28.1900","0.1100","-0.8000","198.0000","23.9400","-0.6000","198.0000","23.9400","-0.5600","-0.4500","-0.3500","-0.5000","-0.2800","0.0700","-0.1673","-0.3900","-0.4400","-0.4400","-0.2800","-0.4600","-0.2400","-0.0800","40.5400","51.7400","49.8100","53.2800","50.9700","66.4100","29.3400","40.9300","42.4700","32.8200","53.2800","53.2800","51.7400","60.2300","259","4/1/2025 16:37","4","2","2.0000","0.2200","0.1100","26.0000","13.0000","21.0000","16.0000","25.0000","0.7900","1.5791","1.0400","1.8200","1.1400","90.3500","95.3700","92.2800","94.2100","90.7300","0","1","39.0000","159.0000","-0.5100","0.0600","28.5700","186.0000","-0.6200","1","43.6300","147.0000","-0.5400","0","97.3000","8.0000","-0.1400","0.0000","97.3000","8.0000","-0.1500","0","97.3000","8.0000","-0.1600","0.0600","28.9600","185.0000","-0.6700","0.0000","97.3000","8.0000","-0.1500","0.0000","93.8200","17.0000","-0.2200","0","93.8200","17.0000","-0.1800","0.0000","93.8200","17.0000","-0.2000","0","93.8200","17.0000","-0.2100","15","0","0"
"AAD2023.06.02752","315","32191","58","University of New Orleans, The","Economics and Finance, Department of","Economics, General","8","224.0000","198","20.0000","7","206.0000","28.2900","1.0000","3377","32.0000","7","203.0000","1.0000","1.0000","0","122.0000","0","122.0000","0.0000","122.0000","2","172.0000","2","155.0000","9","50.0000","1","126.0000","28","14","9","20","14","0.1300","0.0200","103.0000","60.6200","1.1300","2.0000","10.0000","96.5300","0.8800","0.3500","108.0000","58.6900","24.7500","8.7600","1.0000","100.0000","0.8800","0.4300","103.0000","60.6200","422.1300","5.0900","2.0000","99.6100","17.0600","0.3100","67.0000","74.5200","0.0000","-0.6600","122.0000","53.2800","0.0000","-0.6100","122.0000","53.2800","0.0000","-0.3800","122.0000","53.2800","0.0000","-0.5000","122.0000","53.2800","0.2500","-0.4200","154.0000","40.9300","0.2500","-0.2000","129.0000","50.5800","0.0000","75.0000","71.4300","-0.5600","-0.4500","-0.8000","-0.5000","-0.8300","9.3800","0.5379","-0.4100","0.1900","0.6000","-0.2800","-0.4600","1.5200","-0.9500","40.5400","51.7400","22.0100","53.2800","20.8500","100.0000","100.0000","33.9800","81.0800","88.0300","53.2800","53.2800","92.6600","13.9000","259","4/1/2025 16:37","0","0","0.0000","0.0000","0.0000","105.0000","105.0000","105.0000","105.0000","105.0000","-0.5600","-0.6779","-0.4900","-0.5700","-0.5700","59.8500","59.8500","59.8500","59.8500","59.8500","0","1","39.0000","159.0000","-0.5100","0.1300","44.7900","144.0000","-0.3800","1","43.6300","147.0000","-0.5400","0","97.3000","8.0000","-0.1400","0.0000","97.3000","8.0000","-0.1500","0","97.3000","8.0000","-0.1600","0.1300","51.7400","126.0000","-0.1400","0.0000","97.3000","8.0000","-0.1500","0.0000","93.8200","17.0000","-0.2200","0","93.8200","17.0000","-0.1800","0.0000","93.8200","17.0000","-0.2000","0","93.8200","17.0000","-0.2100","15","0","0"
"AAD2023.06.02752","161","32194","58","Oregon State University","Economics, Department of","Economics, General","9","212.0000","37","176.0000","8","194.0000","4.6300","102.0000","423","162.0000","7","203.0000","0.8800","219.0000","0","122.0000","0","122.0000","0.0000","122.0000","6","115.0000","4","114.0000","1","150.0000","1","126.0000","28","14","9","20","14","0.1100","-0.0900","114.0000","56.3700","0.1100","-0.4200","140.0000","46.3300","0.8900","0.4400","97.0000","62.9300","4.1100","0.0600","96.0000","63.3200","0.7800","-0.1800","172.0000","33.9800","47.0000","-0.2200","117.0000","55.2100","11.4300","-0.2500","125.0000","52.1200","0.0000","-0.6600","122.0000","53.2800","0.0000","-0.6100","122.0000","53.2800","0.0000","-0.3800","122.0000","53.2800","0.0000","-0.5000","122.0000","53.2800","0.6700","0.0300","79.0000","69.8800","0.4400","0.6400","60.0000","77.2200","-0.1000","93.0000","64.4800","-0.3500","-0.4500","-0.8000","-0.5000","-0.7400","-0.0200","-0.6081","-0.3100","-0.4400","-0.4100","-0.2800","-0.4600","-0.5800","-0.8600","56.3700","51.7400","22.0100","53.2800","25.4800","61.0000","15.8300","55.9800","42.4700","37.8400","53.2800","53.2800","32.4300","18.5300","259","4/1/2025 16:37","0","0","0.0000","0.0000","0.0000","105.0000","105.0000","105.0000","105.0000","105.0000","-0.5600","-0.6779","-0.4900","-0.5700","-0.5700","59.8500","59.8500","59.8500","59.8500","59.8500","0","1","39.0000","159.0000","-0.5100","0.1100","42.0800","151.0000","-0.4300","1","43.6300","147.0000","-0.5400","0","97.3000","8.0000","-0.1400","0.0000","97.3000","8.0000","-0.1500","0","97.3000","8.0000","-0.1600","0.1100","48.6500","134.0000","-0.2500","0.0000","97.3000","8.0000","-0.1500","0.0000","93.8200","17.0000","-0.2200","0","93.8200","17.0000","-0.1800","0.0000","93.8200","17.0000","-0.2000","0","93.8200","17.0000","-0.2100","15","0","0"
"AAD2023.06.02752","283","32332","58","University of Kentucky","Economics, Department of","Economics, General","22","75.0000","140","40.0000","21","64.0000","6.6700","37.0000","3089","36.0000","20","71.0000","0.9500","165.0000","4","36.0000","7","32.0000","999378.0000","54.0000","20","59.0000","9","63.0000","3","100.0000","1","126.0000","28","14","9","20","14","0.0500","-0.6000","183.0000","29.7300","0.1400","-0.3600","134.0000","48.6500","0.9500","0.8700","35.0000","86.8700","6.3600","1.0100","32.0000","88.0300","0.9100","0.6400","74.0000","71.8100","140.4100","1.1000","23.0000","91.5100","22.0600","0.8100","40.0000","84.9400","0.1800","1.0100","35.0000","86.8700","0.3200","1.2200","29.0000","89.1900","45426.2700","0.0400","58.0000","77.9900","142768.2900","-0.0700","84.0000","67.9500","0.9100","0.2900","52.0000","80.3100","0.4100","0.4900","68.0000","74.1300","0.5000","21.0000","92.2800","0.1600","-0.4500","0.3700","0.4400","0.4500","0.7900","0.1013","0.0200","-0.2800","0.5000","-0.0700","0.5500","0.7600","0.2600","76.0600","51.7400","72.9700","86.4900","75.6800","86.1000","36.6800","77.6100","61.7800","86.4900","79.5400","88.0300","84.9400","71.4300","259","4/1/2025 16:37","0","0","0.0000","0.0000","0.0000","105.0000","105.0000","105.0000","105.0000","105.0000","-0.5600","-0.6779","-0.4900","-0.5700","-0.5700","59.8500","59.8500","59.8500","59.8500","59.8500","0","2","50.5800","129.0000","-0.4000","0.0900","37.0700","164.0000","-0.5000","2","57.9200","110.0000","-0.3100","0","97.3000","8.0000","-0.1400","0.0000","97.3000","8.0000","-0.1500","0","97.3000","8.0000","-0.1600","0.0900","41.3100","153.0000","-0.4000","0.0000","97.3000","8.0000","-0.1500","0.0000","93.8200","17.0000","-0.2200","0","93.8200","17.0000","-0.1800","0.0000","93.8200","17.0000","-0.2000","0","93.8200","17.0000","-0.2100","15","0","0"
"AAD2023.06.02752","181","32866","58","San Diego State University","Economics, Department of","Economics, General","13","157.0000","76","107.0000","12","138.0000","6.3300","43.0000","1006","100.0000","12","131.0000","1.0000","1.0000","1","76.0000","1","86.0000","204235.0000","94.0000","4","138.0000","2","155.0000","0","193.0000","0","193.0000","28","14","9","20","14","0.0000","-0.9600","193.0000","25.8700","0.0000","-0.6800","193.0000","25.8700","0.9200","0.6700","64.0000","75.6800","5.8500","0.7900","39.0000","85.3300","0.9200","0.7200","62.0000","76.4500","77.3800","0.2100","57.0000","78.3800","13.2400","-0.0700","94.0000","64.0900","0.0800","0.0500","81.0000","69.1100","0.0800","-0.1700","90.0000","65.6400","15710.3800","-0.2400","85.0000","67.5700","204235.0000","0.1200","67.0000","74.5200","0.3100","-0.3600","141.0000","45.9500","0.1500","-0.6100","174.0000","33.2000","0.0000","75.0000","71.4300","-0.5600","-0.7300","-0.3500","-0.2700","-0.3800","0.6600","0.5379","-0.3600","-0.5200","-0.2100","-0.2400","-0.3200","-0.0700","-0.5200","40.5400","25.8700","49.8100","71.0400","47.1000","83.7800","100.0000","47.1000","25.8700","61.7800","64.0900","67.1800","59.0700","39.7700","259","4/1/2025 16:37","0","0","0.0000","0.0000","0.0000","105.0000","105.0000","105.0000","105.0000","105.0000","-0.5600","-0.6779","-0.4900","-0.5700","-0.5700","59.8500","59.8500","59.8500","59.8500","59.8500","0","0","23.1700","200.0000","-0.6200","0.0000","23.1700","200.0000","-0.8100","0","23.1700","200.0000","-0.7700","0","97.3000","8.0000","-0.1400","0.0000","97.3000","8.0000","-0.1500","0","97.3000","8.0000","-0.1600","0.0000","23.1700","200.0000","-1.0900","0.0000","97.3000","8.0000","-0.1500","0.0000","93.8200","17.0000","-0.2200","0","93.8200","17.0000","-0.1800","0.0000","93.8200","17.0000","-0.2000","0","93.8200","17.0000","-0.2100","15","0","0"
"AAD2023.06.02752","295","33023","58","University of Massachusetts Dartmouth","Economics, Department of","Economics, General","5","247.0000","7","248.0000","4","238.0000","1.7500","249.0000","161","217.0000","3","245.0000","0.7500","246.0000","0","122.0000","0","122.0000","0.0000","122.0000","0","226.0000","0","226.0000","0","193.0000","0","193.0000","28","14","9","20","14","0.0000","-0.9600","193.0000","25.8700","0.0000","-0.6800","193.0000","25.8700","0.8000","-0.1400","165.0000","36.6800","1.4000","-1.0800","243.0000","6.5600","0.6000","-1.2800","230.0000","11.5800","32.2000","-0.4300","159.0000","39.0000","23.0000","0.9000","38.0000","85.7100","0.0000","-0.6600","122.0000","53.2800","0.0000","-0.6100","122.0000","53.2800","0.0000","-0.3800","122.0000","53.2800","0.0000","-0.5000","122.0000","53.2800","0.0000","-0.6900","226.0000","13.1300","0.0000","-1.2800","226.0000","13.1300","-0.7000","214.0000","17.7600","-0.7700","-0.7300","-1.1700","-0.5000","-1.1100","-1.1600","-1.7541","-0.4600","-0.5200","-0.5000","-0.2800","-0.4600","-0.9700","-1.2100","13.1300","25.8700","5.7900","53.2800","8.4900","4.2500","5.4100","13.1300","25.8700","16.6000","53.2800","53.2800","4.6300","5.0200","259","4/1/2025 16:37","0","0","0.0000","0.0000","0.0000","105.0000","105.0000","105.0000","105.0000","105.0000","-0.5600","-0.6779","-0.4900","-0.5700","-0.5700","59.8500","59.8500","59.8500","59.8500","59.8500","0","0","23.1700","200.0000","-0.6200","0.0000","23.1700","200.0000","-0.8100","0","23.1700","200.0000","-0.7700","0","97.3000","8.0000","-0.1400","0.0000","97.3000","8.0000","-0.1500","0","97.3000","8.0000","-0.1600","0.0000","23.1700","200.0000","-1.0900","0.0000","97.3000","8.0000","-0.1500","0.0000","93.8200","17.0000","-0.2200","0","93.8200","17.0000","-0.1800","0.0000","93.8200","17.0000","-0.2000","0","93.8200","17.0000","-0.2100","15","0","0"
"AAD2023.06.02752","309","33050","58","University of Nebraska at Omaha","Economics, Department of","Economics, General","10","198.0000","26","205.0000","9","176.0000","2.8900","219.0000","300","178.0000","6","218.0000","0.6700","255.0000","0","122.0000","0","122.0000","0.0000","122.0000","7","107.0000","3","133.0000","0","193.0000","0","193.0000","28","14","9","20","14","0.0000","-0.9600","193.0000","25.8700","0.0000","-0.6800","193.0000","25.8700","0.9000","0.5200","85.0000","67.5700","2.6000","-0.5800","193.0000","25.8700","0.6000","-1.2800","230.0000","11.5800","30.0000","-0.4600","162.0000","37.8400","11.5400","-0.2400","124.0000","52.5100","0.0000","-0.6600","122.0000","53.2800","0.0000","-0.6100","122.0000","53.2800","0.0000","-0.3800","122.0000","53.2800","0.0000","-0.5000","122.0000","53.2800","0.7000","0.0600","74.0000","71.8100","0.3000","0.0200","112.0000","57.1400","-0.4000","157.0000","39.7700","-0.4600","-0.7300","-0.8900","-0.5000","-0.6500","-0.7100","-2.5181","-0.2900","-0.5200","-0.4600","-0.2800","-0.4600","-0.7200","-0.7800","49.0300","25.8700","16.2200","53.2800","32.4300","15.8300","1.9300","59.0700","25.8700","31.6600","53.2800","53.2800","21.2400","23.9400","259","4/1/2025 16:37","0","0","0.0000","0.0000","0.0000","105.0000","105.0000","105.0000","105.0000","105.0000","-0.5600","-0.6779","-0.4900","-0.5700","-0.5700","59.8500","59.8500","59.8500","59.8500","59.8500","0","0","23.1700","200.0000","-0.6200","0.0000","23.1700","200.0000","-0.8100","0","23.1700","200.0000","-0.7700","0","97.3000","8.0000","-0.1400","0.0000","97.3000","8.0000","-0.1500","0","97.3000","8.0000","-0.1600","0.0000","23.1700","200.0000","-1.0900","0.0000","97.3000","8.0000","-0.1500","0.0000","93.8200","17.0000","-0.2200","0","93.8200","17.0000","-0.1800","0.0000","93.8200","17.0000","-0.2000","0","93.8200","17.0000","-0.2100","15","0","0"
"AAD2023.06.02752","557985","33679","58","University of Texas Rio Grande Valley","Economics and Finance, Department of","Economics, General","20","90.0000","109","60.0000","20","71.0000","5.4500","68.0000","2001","53.0000","19","73.0000","0.9500","166.0000","0","122.0000","0","122.0000","0.0000","122.0000","3","154.0000","2","155.0000","0","193.0000","0","193.0000","28","14","9","20","14","0.0000","-0.9600","193.0000","25.8700","0.0000","-0.6800","193.0000","25.8700","1.0000","1.1700","1.0000","100.0000","5.4500","0.6300","45.0000","83.0100","0.9500","0.8900","42.0000","84.1700","100.0500","0.5300","43.0000","83.7800","18.3600","0.4400","58.0000","77.9900","0.0000","-0.6600","122.0000","53.2800","0.0000","-0.6100","122.0000","53.2800","0.0000","-0.3800","122.0000","53.2800","0.0000","-0.5000","122.0000","53.2800","0.1500","-0.5300","189.0000","27.4100","0.1000","-0.8500","204.0000","21.6200","0.2000","48.0000","81.8500","-0.5600","-0.7300","0.2800","-0.5000","0.3600","0.3100","0.0795","-0.3900","-0.5200","0.1300","-0.2800","-0.4600","0.3600","0.0900","40.5400","25.8700","72.2000","53.2800","72.9700","74.1300","36.2900","40.9300","25.8700","79.9200","53.2800","53.2800","77.2200","65.6400","259","4/1/2025 16:37","2","2","1.0000","0.1000","0.1000","26.0000","47.0000","42.0000","48.0000","32.0000","0.7900","0.4506","0.2700","0.5000","0.9700","90.3500","82.2400","84.1700","81.8500","88.0300","0","1","39.0000","159.0000","-0.5100","0.0500","26.6400","191.0000","-0.6400","1","43.6300","147.0000","-0.5400","0","97.3000","8.0000","-0.1400","0.0000","97.3000","8.0000","-0.1500","0","97.3000","8.0000","-0.1600","0.0500","26.6400","191.0000","-0.7100","0.0000","97.3000","8.0000","-0.1500","0.0000","93.8200","17.0000","-0.2200","0","93.8200","17.0000","-0.1800","0.0000","93.8200","17.0000","-0.2000","0","93.8200","17.0000","-0.2100","15","0","0"
"AAD2023.06.02752","102","33718","58","Johns Hopkins University","Business School - Economics","Economics, General","15","131.0000","210","15.0000","14","113.0000","15.0000","2.0000","4543","22.0000","14","109.0000","0.9300","178.0000","2","58.0000","3","61.0000","1006574.0000","53.0000","26","43.0000","9","63.0000","3","100.0000","2","86.0000","28","14","9","20","14","0.1300","0.0800","96.0000","63.3200","0.2000","-0.2000","104.0000","60.2300","0.9300","0.7400","50.0000","81.0800","14.0000","4.2300","2.0000","99.6100","0.9300","0.7900","54.0000","79.5400","302.8700","3.4000","6.0000","98.0700","21.6300","0.7700","41.0000","84.5600","0.1300","0.5600","54.0000","79.5400","0.2000","0.5400","47.0000","82.2400","67104.9300","0.2400","45.0000","83.0100","335524.6700","0.5200","39.0000","85.3300","1.7300","1.1800","20.0000","92.6600","0.6000","1.3100","33.0000","87.6400","0.9000","7.0000","97.6800","0.1600","-0.1700","-0.1700","-0.0300","-0.1900","4.1000","-0.0733","0.1700","-0.2800","1.0100","-0.0700","-0.0300","1.6800","-0.3400","76.0600","67.1800","58.3000","77.9900","56.7600","99.6100","31.6600","83.7800","61.7800","91.8900","79.9200","76.8300","94.5900","49.8100","259","4/1/2025 16:37","0","0","0.0000","0.0000","0.0000","105.0000","105.0000","105.0000","105.0000","105.0000","-0.5600","-0.6779","-0.4900","-0.5700","-0.5700","59.8500","59.8500","59.8500","59.8500","59.8500","0","3","60.6200","103.0000","-0.2900","0.2000","61.0000","102.0000","-0.1300","3","68.3400","83.0000","-0.0800","0","97.3000","8.0000","-0.1400","0.0000","97.3000","8.0000","-0.1500","0","97.3000","8.0000","-0.1600","0.2000","74.1300","68.0000","0.4300","0.0000","97.3000","8.0000","-0.1500","0.0000","93.8200","17.0000","-0.2200","0","93.8200","17.0000","-0.1800","0.0000","93.8200","17.0000","-0.2000","0","93.8200","17.0000","-0.2100","15","0","0"
"AAD2023.06.02752","125","33798","58","Augusta University (Medical College of Georgia)","Finance and Economics, Department of","Economics, General","6","238.0000","24","208.0000","4","238.0000","6.0000","51.0000","83","236.0000","4","234.0000","1.0000","1.0000","0","122.0000","0","122.0000","0.0000","122.0000","1","201.0000","1","196.0000","3","100.0000","1","126.0000","28","14","9","20","14","0.1700","0.3400","64.0000","75.6800","0.5000","0.5100","48.0000","81.8500","0.6700","-1.0100","224.0000","13.9000","4.0000","0.0100","102.0000","61.0000","0.6700","-0.8700","210.0000","19.3100","13.8300","-0.6900","222.0000","14.6700","3.4600","-1.0500","247.0000","5.0200","0.0000","-0.6600","122.0000","53.2800","0.0000","-0.6100","122.0000","53.2800","0.0000","-0.3800","122.0000","53.2800","0.0000","-0.5000","122.0000","53.2800","0.1700","-0.5100","187.0000","28.1900","0.1700","-0.5600","170.0000","34.7500","-0.5000","178.0000","31.6600","-0.6600","-0.4500","-1.0800","-0.5000","-1.1100","0.5300","0.5379","-0.4300","-0.2800","-0.5300","-0.2800","-0.4600","-0.7500","-1.1200","24.7100","51.7400","10.0400","53.2800","8.4900","80.7000","100.0000","22.7800","61.7800","9.2700","53.2800","53.2800","20.0800","8.4900","259","4/1/2025 16:37","0","0","0.0000","0.0000","0.0000","105.0000","105.0000","105.0000","105.0000","105.0000","-0.5600","-0.6779","-0.4900","-0.5700","-0.5700","59.8500","59.8500","59.8500","59.8500","59.8500","0","0","23.1700","200.0000","-0.6200","0.0000","23.1700","200.0000","-0.8100","0","23.1700","200.0000","-0.7700","0","97.3000","8.0000","-0.1400","0.0000","97.3000","8.0000","-0.1500","0","97.3000","8.0000","-0.1600","0.0000","23.1700","200.0000","-1.0900","0.0000","97.3000","8.0000","-0.1500","0.0000","93.8200","17.0000","-0.2200","0","93.8200","17.0000","-0.1800","0.0000","93.8200","17.0000","-0.2000","0","93.8200","17.0000","-0.2100","15","0","0"
"AAD2023.06.02752","513","34254","58","West Texas A&M University","Accounting, Economics and Finance, Department of","Economics, General","20","90.0000","24","208.0000","12","138.0000","2.0000","244.0000","141","221.0000","10","159.0000","0.6700","255.0000","0","122.0000","0","122.0000","0.0000","122.0000","1","201.0000","1","196.0000","0","193.0000","0","193.0000","28","14","9","20","14","0.0000","-0.9600","193.0000","25.8700","0.0000","-0.6800","193.0000","25.8700","0.6000","-1.4500","238.0000","8.4900","1.2000","-1.1700","245.0000","5.7900","0.5000","-1.9000","243.0000","6.5600","7.0500","-0.7800","243.0000","6.5600","5.8800","-0.8100","218.0000","16.2200","0.0000","-0.6600","122.0000","53.2800","0.0000","-0.6100","122.0000","53.2800","0.0000","-0.3800","122.0000","53.2800","0.0000","-0.5000","122.0000","53.2800","0.0500","-0.6300","224.0000","13.9000","0.0500","-1.0600","224.0000","13.9000","-0.9000","237.0000","8.8800","-0.6600","-0.7300","-0.5300","-0.5000","-0.3800","-1.0600","-2.5181","-0.4300","-0.5200","-0.5100","-0.2800","-0.4600","-0.7500","0.0900","24.7100","25.8700","39.0000","53.2800","47.1000","6.1800","1.9300","22.7800","25.8700","15.0600","53.2800","53.2800","20.0800","65.6400","259","4/1/2025 16:37","0","0","0.0000","0.0000","0.0000","105.0000","105.0000","105.0000","105.0000","105.0000","-0.5600","-0.6779","-0.4900","-0.5700","-0.5700","59.8500","59.8500","59.8500","59.8500","59.8500","0","1","39.0000","159.0000","-0.5100","0.0500","26.6400","191.0000","-0.6400","1","43.6300","147.0000","-0.5400","0","97.3000","8.0000","-0.1400","0.0000","97.3000","8.0000","-0.1500","0","97.3000","8.0000","-0.1600","0.0500","26.6400","191.0000","-0.7100","0.0000","97.3000","8.0000","-0.1500","0.0000","93.8200","17.0000","-0.2200","0","93.8200","17.0000","-0.1800","0.0000","93.8200","17.0000","-0.2000","0","93.8200","17.0000","-0.2100","15","0","0"
"AAD2023.06.02752","188","34291","58","Smith College","Economics, Department of","Economics, General","13","157.0000","31","194.0000","11","153.0000","2.8200","222.0000","295","179.0000","10","159.0000","0.9100","193.0000","0","122.0000","0","122.0000","0.0000","122.0000","3","154.0000","3","133.0000","3","100.0000","1","126.0000","28","14","9","20","14","0.0800","-0.3600","150.0000","42.4700","0.2300","-0.1300","93.0000","64.4800","0.8500","0.1600","136.0000","47.8800","2.3800","-0.6700","205.0000","21.2400","0.7700","-0.2300","181.0000","30.5000","22.6900","-0.5600","189.0000","27.4100","9.5200","-0.4500","163.0000","37.4500","0.0000","-0.6600","122.0000","53.2800","0.0000","-0.6100","122.0000","53.2800","0.0000","-0.3800","122.0000","53.2800","0.0000","-0.5000","122.0000","53.2800","0.2300","-0.4400","164.0000","37.0700","0.2300","-0.2800","139.0000","46.7200","-0.5000","178.0000","31.6600","-0.4600","-0.4500","-0.5300","-0.5000","-0.4700","-0.7400","-0.2956","-0.3900","-0.2800","-0.4600","-0.2800","-0.4600","-0.6600","-0.5200","49.0300","51.7400","39.0000","53.2800","41.3100","14.6700","25.8700","40.9300","61.7800","31.2700","53.2800","53.2800","25.4800","39.7700","259","4/1/2025 16:37","0","0","0.0000","0.0000","0.0000","105.0000","105.0000","105.0000","105.0000","105.0000","-0.5600","-0.6779","-0.4900","-0.5700","-0.5700","59.8500","59.8500","59.8500","59.8500","59.8500","0","0","23.1700","200.0000","-0.6200","0.0000","23.1700","200.0000","-0.8100","0","23.1700","200.0000","-0.7700","0","97.3000","8.0000","-0.1400","0.0000","97.3000","8.0000","-0.1500","0","97.3000","8.0000","-0.1600","0.0000","23.1700","200.0000","-1.0900","0.0000","97.3000","8.0000","-0.1500","0.0000","93.8200","17.0000","-0.2200","0","93.8200","17.0000","-0.1800","0.0000","93.8200","17.0000","-0.2000","0","93.8200","17.0000","-0.2100","15","0","0"
"AAD2023.06.02752","361","34296","58","Wesleyan University","Economics, Department of","Economics, General","18","104.0000","36","179.0000","17","88.0000","2.1200","243.0000","301","177.0000","15","105.0000","0.8800","216.0000","0","122.0000","0","122.0000","0.0000","122.0000","4","138.0000","4","114.0000","1","150.0000","1","126.0000","28","14","9","20","14","0.0600","-0.5300","171.0000","34.3600","0.0600","-0.5500","178.0000","31.6600","0.9400","0.8100","41.0000","84.5600","2.0000","-0.8300","221.0000","15.0600","0.8300","0.1700","130.0000","50.1900","16.7200","-0.6500","210.0000","19.3100","8.3600","-0.5600","181.0000","30.5000","0.0000","-0.6600","122.0000","53.2800","0.0000","-0.6100","122.0000","53.2800","0.0000","-0.3800","122.0000","53.2800","0.0000","-0.5000","122.0000","53.2800","0.2200","-0.4500","168.0000","35.5200","0.2200","-0.3200","144.0000","44.7900","-0.6000","198.0000","23.9400","-0.3500","-0.4500","-0.0800","-0.5000","0.0800","-1.0100","-0.5407","-0.3600","-0.4400","-0.4600","-0.2800","-0.4600","-0.5900","-0.0800","56.3700","51.7400","59.8500","53.2800","66.4100","6.5600","16.9900","47.1000","42.4700","32.0500","53.2800","53.2800","31.2700","60.2300","259","4/1/2025 16:37","0","0","0.0000","0.0000","0.0000","105.0000","105.0000","105.0000","105.0000","105.0000","-0.5600","-0.6779","-0.4900","-0.5700","-0.5700","59.8500","59.8500","59.8500","59.8500","59.8500","0","3","60.6200","103.0000","-0.2900","0.1700","52.9000","123.0000","-0.2400","3","68.3400","83.0000","-0.0800","0","97.3000","8.0000","-0.1400","0.0000","97.3000","8.0000","-0.1500","0","97.3000","8.0000","-0.1600","0.1700","66.4100","88.0000","0.1700","0.0000","97.3000","8.0000","-0.1500","0.0000","93.8200","17.0000","-0.2200","0","93.8200","17.0000","-0.1800","0.0000","93.8200","17.0000","-0.2000","0","93.8200","17.0000","-0.2100","15","0","0"
"AAD2023.06.02752","49","34356","58","Columbia University","Business School - Economics, Division of","Economics, General","24","64.0000","130","45.0000","22","62.0000","5.9100","54.0000","3025","37.0000","23","56.0000","1.0000","1.0000","2","58.0000","3","61.0000","694354.0000","71.0000","45","25.0000","16","33.0000","65","4.0000","7","19.0000","28","14","9","20","14","0.2900","1.3200","22.0000","91.8900","2.7100","5.7800","1.0000","100.0000","0.9200","0.6300","71.0000","72.9700","5.4200","0.6100","47.0000","82.2400","0.9600","0.9400","37.0000","86.1000","126.0400","0.9000","28.0000","89.5800","23.2700","0.9300","35.0000","86.8700","0.0800","0.1000","76.0000","71.0400","0.1300","0.1100","77.0000","70.6600","28931.4200","-0.1100","72.0000","72.5900","231451.3300","0.2000","61.0000","76.8300","1.8800","1.3300","15.0000","94.5900","0.6700","1.5900","22.0000","91.8900","0.4000","26.0000","90.3500","0.8800","1.2100","0.6400","-0.0300","0.5400","0.4900","0.5379","0.6300","4.6400","0.4800","-0.1300","-0.0300","0.6300","0.4400","87.6400","93.0500","78.7600","77.9900","76.4500","79.5400","100.0000","90.7300","98.8400","86.1000","72.9700","76.8300","83.0100","75.6800","259","4/1/2025 16:37","2","2","1.0000","0.0800","0.0800","26.0000","47.0000","42.0000","60.0000","45.0000","0.7900","0.4506","0.2700","0.3200","0.7200","90.3500","82.2400","84.1700","77.2200","83.0100","0","16","91.8900","22.0000","1.1200","0.6700","93.0500","19.0000","1.4600","5","83.0100","45.0000","0.3800","0","97.3000","8.0000","-0.1400","0.0000","97.3000","8.0000","-0.1500","0","97.3000","8.0000","-0.1600","0.2100","74.5200","67.0000","0.4900","0.0000","97.3000","8.0000","-0.1500","0.0000","93.8200","17.0000","-0.2200","0","93.8200","17.0000","-0.1800","0.0000","93.8200","17.0000","-0.2000","0","93.8200","17.0000","-0.2100","15","0","0"
"AAD2023.06.02752","25","34368","58","Bowling Green State University","Economics, Department of","Economics, General","6","238.0000","15","233.0000","4","238.0000","3.7500","162.0000","100","232.0000","3","245.0000","0.7500","246.0000","0","122.0000","0","122.0000","0.0000","122.0000","2","172.0000","1","196.0000","7","62.0000","1","126.0000","28","14","9","20","14","0.1700","0.3400","64.0000","75.6800","1.1700","2.1000","9.0000","96.9100","0.6700","-1.0100","224.0000","13.9000","2.5000","-0.6200","201.0000","22.7800","0.5000","-1.9000","243.0000","6.5600","16.6700","-0.6500","212.0000","18.5300","6.6700","-0.7300","212.0000","18.5300","0.0000","-0.6600","122.0000","53.2800","0.0000","-0.6100","122.0000","53.2800","0.0000","-0.3800","122.0000","53.2800","0.0000","-0.5000","122.0000","53.2800","0.3300","-0.3300","134.0000","48.6500","0.1700","-0.5600","170.0000","34.7500","-0.7000","214.0000","17.7600","-0.6600","-0.4500","-1.1700","-0.5000","-1.1100","-0.3700","-1.7541","-0.4100","0.0300","-0.5300","-0.2800","-0.4600","-0.8700","-1.1200","24.7100","51.7400","5.7900","53.2800","8.4900","37.8400","5.4100","33.9800","76.4500","10.8100","53.2800","53.2800","10.4200","8.4900","259","4/1/2025 16:37","0","0","0.0000","0.0000","0.0000","105.0000","105.0000","105.0000","105.0000","105.0000","-0.5600","-0.6779","-0.4900","-0.5700","-0.5700","59.8500","59.8500","59.8500","59.8500","59.8500","0","0","23.1700","200.0000","-0.6200","0.0000","23.1700","200.0000","-0.8100","0","23.1700","200.0000","-0.7700","0","97.3000","8.0000","-0.1400","0.0000","97.3000","8.0000","-0.1500","0","97.3000","8.0000","-0.1600","0.0000","23.1700","200.0000","-1.0900","0.0000","97.3000","8.0000","-0.1500","0.0000","93.8200","17.0000","-0.2200","0","93.8200","17.0000","-0.1800","0.0000","93.8200","17.0000","-0.2000","0","93.8200","17.0000","-0.2100","15","0","0"
"AAD2023.06.02752","388","34442","58","Rochester Institute of Technology","Economics, Department of","Economics, General","9","212.0000","6","251.0000","3","248.0000","2.0000","244.0000","39","250.0000","3","245.0000","0.7500","246.0000","0","122.0000","0","122.0000","0.0000","122.0000","3","154.0000","3","133.0000","0","193.0000","0","193.0000","28","14","9","20","14","0.0000","-0.9600","193.0000","25.8700","0.0000","-0.6800","193.0000","25.8700","0.3300","-3.1900","255.0000","1.9300","0.6700","-1.3900","252.0000","3.0900","0.3300","-2.9400","255.0000","1.9300","4.3300","-0.8200","251.0000","3.4700","6.5000","-0.7500","215.0000","17.3700","0.0000","-0.6600","122.0000","53.2800","0.0000","-0.6100","122.0000","53.2800","0.0000","-0.3800","122.0000","53.2800","0.0000","-0.5000","122.0000","53.2800","0.3300","-0.3300","134.0000","48.6500","0.3300","0.1600","95.0000","63.7100","-1.1000","250.0000","3.8600","-0.4600","-0.7300","-1.1700","-0.5000","-1.2000","-1.0600","-1.7541","-0.3900","-0.5200","-0.5500","-0.2800","-0.4600","-0.9800","-0.8600","49.0300","25.8700","5.7900","53.2800","4.6300","6.1800","5.4100","40.9300","25.8700","3.8600","53.2800","53.2800","3.4700","18.5300","259","4/1/2025 16:37","0","0","0.0000","0.0000","0.0000","105.0000","105.0000","105.0000","105.0000","105.0000","-0.5600","-0.6779","-0.4900","-0.5700","-0.5700","59.8500","59.8500","59.8500","59.8500","59.8500","0","0","23.1700","200.0000","-0.6200","0.0000","23.1700","200.0000","-0.8100","0","23.1700","200.0000","-0.7700","0","97.3000","8.0000","-0.1400","0.0000","97.3000","8.0000","-0.1500","0","97.3000","8.0000","-0.1600","0.0000","23.1700","200.0000","-1.0900","0.0000","97.3000","8.0000","-0.1500","0.0000","93.8200","17.0000","-0.2200","0","93.8200","17.0000","-0.1800","0.0000","93.8200","17.0000","-0.2000","0","93.8200","17.0000","-0.2100","15","0","0"
"AAD2023.06.02752","352","34487","58","Villanova University","Economics, Department of","Economics, General","15","131.0000","26","205.0000","12","138.0000","2.1700","241.0000","215","199.0000","14","109.0000","1.0000","1.0000","0","122.0000","0","122.0000","0.0000","122.0000","2","172.0000","2","155.0000","0","193.0000","0","193.0000","28","14","9","20","14","0.0000","-0.9600","193.0000","25.8700","0.0000","-0.6800","193.0000","25.8700","0.8000","-0.1400","165.0000","36.6800","1.7300","-0.9400","237.0000","8.8800","0.9300","0.7900","54.0000","79.5400","14.3300","-0.6800","220.0000","15.4400","8.2700","-0.5700","183.0000","29.7300","0.0000","-0.6600","122.0000","53.2800","0.0000","-0.6100","122.0000","53.2800","0.0000","-0.3800","122.0000","53.2800","0.0000","-0.5000","122.0000","53.2800","0.1300","-0.5400","193.0000","25.8700","0.1300","-0.7000","184.0000","29.3400","-0.7000","214.0000","17.7600","-0.5600","-0.7300","-0.1700","-0.5000","-0.3800","-0.9900","0.5379","-0.4100","-0.5200","-0.4900","-0.2800","-0.4600","-0.7200","-0.3400","40.5400","25.8700","58.3000","53.2800","47.1000","7.3400","100.0000","33.9800","25.8700","23.5500","53.2800","53.2800","21.2400","49.8100","259","4/1/2025 16:37","0","0","0.0000","0.0000","0.0000","105.0000","105.0000","105.0000","105.0000","105.0000","-0.5600","-0.6779","-0.4900","-0.5700","-0.5700","59.8500","59.8500","59.8500","59.8500","59.8500","0","0","23.1700","200.0000","-0.6200","0.0000","23.1700","200.0000","-0.8100","0","23.1700","200.0000","-0.7700","0","97.3000","8.0000","-0.1400","0.0000","97.3000","8.0000","-0.1500","0","97.3000","8.0000","-0.1600","0.0000","23.1700","200.0000","-1.0900","0.0000","97.3000","8.0000","-0.1500","0.0000","93.8200","17.0000","-0.2200","0","93.8200","17.0000","-0.1800","0.0000","93.8200","17.0000","-0.2000","0","93.8200","17.0000","-0.2100","15","0","0"
"AAD2023.06.02752","336","34892","58","University of Southern Mississippi, The","Economics and International Development, Department of","Economics, General","3","256.0000","10","243.0000","3","248.0000","3.3300","191.0000","40","248.0000","3","245.0000","1.0000","1.0000","0","122.0000","0","122.0000","0.0000","122.0000","0","226.0000","0","226.0000","1","150.0000","1","126.0000","28","14","9","20","14","0.3300","1.6500","15.0000","94.5900","0.3300","0.1100","64.0000","75.6800","1.0000","1.1700","1.0000","100.0000","3.3300","-0.2700","142.0000","45.5600","1.0000","1.2000","1.0000","100.0000","13.3300","-0.7000","224.0000","13.9000","4.0000","-1.0000","243.0000","6.5600","0.0000","-0.6600","122.0000","53.2800","0.0000","-0.6100","122.0000","53.2800","0.0000","-0.3800","122.0000","53.2800","0.0000","-0.5000","122.0000","53.2800","0.0000","-0.6900","226.0000","13.1300","0.0000","-1.2800","226.0000","13.1300","-0.5000","178.0000","31.6600","-0.7700","-0.4500","-1.1700","-0.5000","-1.2000","-0.5300","0.5379","-0.4600","-0.4400","-0.5500","-0.2800","-0.4600","-0.9300","-1.3900","13.1300","51.7400","5.7900","53.2800","4.6300","26.6400","100.0000","13.1300","42.4700","4.6300","53.2800","53.2800","6.5600","1.5400","259","4/1/2025 16:37","0","0","0.0000","0.0000","0.0000","105.0000","105.0000","105.0000","105.0000","105.0000","-0.5600","-0.6779","-0.4900","-0.5700","-0.5700","59.8500","59.8500","59.8500","59.8500","59.8500","0","0","23.1700","200.0000","-0.6200","0.0000","23.1700","200.0000","-0.8100","0","23.1700","200.0000","-0.7700","0","97.3000","8.0000","-0.1400","0.0000","97.3000","8.0000","-0.1500","0","97.3000","8.0000","-0.1600","0.0000","23.1700","200.0000","-1.0900","0.0000","97.3000","8.0000","-0.1500","0.0000","93.8200","17.0000","-0.2200","0","93.8200","17.0000","-0.1800","0.0000","93.8200","17.0000","-0.2000","0","93.8200","17.0000","-0.2100","15","0","0"
"AAD2023.06.02752","41","34954","58","Clark Atlanta University","Economics, Department of","Economics, General","8","224.0000","2","258.0000","2","253.0000","1.0000","257.0000","7","258.0000","2","253.0000","1.0000","1.0000","0","122.0000","0","122.0000","0.0000","122.0000","2","172.0000","1","196.0000","0","193.0000","0","193.0000","28","14","9","20","14","0.0000","-0.9600","193.0000","25.8700","0.0000","-0.6800","193.0000","25.8700","0.2500","-3.7300","258.0000","0.7700","0.2500","-1.5700","258.0000","0.7700","0.2500","-3.4600","258.0000","0.7700","0.8800","-0.8700","259.0000","0.3900","3.5000","-1.0500","246.0000","5.4100","0.0000","-0.6600","122.0000","53.2800","0.0000","-0.6100","122.0000","53.2800","0.0000","-0.3800","122.0000","53.2800","0.0000","-0.5000","122.0000","53.2800","0.2500","-0.4200","154.0000","40.9300","0.1300","-0.7400","191.0000","26.6400","-1.2000","254.0000","2.3200","-0.6600","-0.7300","-1.2600","-0.5000","-1.2900","-1.4600","0.5379","-0.4100","-0.5200","-0.5600","-0.2800","-0.4600","-1.0400","-0.9500","24.7100","25.8700","2.7000","53.2800","2.7000","1.1600","100.0000","33.9800","25.8700","0.7700","53.2800","53.2800","0.7700","13.9000","259","4/1/2025 16:37","0","0","0.0000","0.0000","0.0000","105.0000","105.0000","105.0000","105.0000","105.0000","-0.5600","-0.6779","-0.4900","-0.5700","-0.5700","59.8500","59.8500","59.8500","59.8500","59.8500","0","0","23.1700","200.0000","-0.6200","0.0000","23.1700","200.0000","-0.8100","0","23.1700","200.0000","-0.7700","0","97.3000","8.0000","-0.1400","0.0000","97.3000","8.0000","-0.1500","0","97.3000","8.0000","-0.1600","0.0000","23.1700","200.0000","-1.0900","0.0000","97.3000","8.0000","-0.1500","0.0000","93.8200","17.0000","-0.2200","0","93.8200","17.0000","-0.1800","0.0000","93.8200","17.0000","-0.2000","0","93.8200","17.0000","-0.2100","15","0","0"
"AAD2023.06.02752","36","35351","58","Catholic University of America, The","Economics, Department of","Economics, General","2","258.0000","17","230.0000","2","253.0000","8.5000","11.0000","162","216.0000","2","253.0000","1.0000","1.0000","0","122.0000","0","122.0000","0.0000","122.0000","0","226.0000","0","226.0000","2","122.0000","1","126.0000","28","14","9","20","14","0.5000","2.9500","5.0000","98.4600","1.0000","1.7100","15.0000","94.5900","1.0000","1.1700","1.0000","100.0000","8.5000","1.9100","6.0000","98.0700","1.0000","1.2000","1.0000","100.0000","81.0000","0.2600","53.0000","79.9200","9.5300","-0.4400","161.0000","38.2200","0.0000","-0.6600","122.0000","53.2800","0.0000","-0.6100","122.0000","53.2800","0.0000","-0.3800","122.0000","53.2800","0.0000","-0.5000","122.0000","53.2800","0.0000","-0.6900","226.0000","13.1300","0.0000","-1.2800","226.0000","13.1300","0.6000","16.0000","94.2100","-0.7700","-0.4500","-1.2600","-0.5000","-1.2900","1.5200","0.5379","-0.4600","-0.3600","-0.5000","-0.2800","-0.4600","-0.8400","-1.4700","13.1300","51.7400","2.7000","53.2800","2.7000","96.1400","100.0000","13.1300","53.2800","16.9900","53.2800","53.2800","11.5800","0.7700","259","4/1/2025 16:37","0","0","0.0000","0.0000","0.0000","105.0000","105.0000","105.0000","105.0000","105.0000","-0.5600","-0.6779","-0.4900","-0.5700","-0.5700","59.8500","59.8500","59.8500","59.8500","59.8500","0","0","23.1700","200.0000","-0.6200","0.0000","23.1700","200.0000","-0.8100","0","23.1700","200.0000","-0.7700","0","97.3000","8.0000","-0.1400","0.0000","97.3000","8.0000","-0.1500","0","97.3000","8.0000","-0.1600","0.0000","23.1700","200.0000","-1.0900","0.0000","97.3000","8.0000","-0.1500","0.0000","93.8200","17.0000","-0.2200","0","93.8200","17.0000","-0.1800","0.0000","93.8200","17.0000","-0.2000","0","93.8200","17.0000","-0.2100","15","0","0"
"AAD2023.06.02752","271","35479","58","University of Denver","Economics, Department of","Economics, General","7","233.0000","8","246.0000","5","228.0000","1.6000","252.0000","38","251.0000","6","218.0000","1.0000","1.0000","0","122.0000","0","122.0000","0.0000","122.0000","1","201.0000","1","196.0000","3","100.0000","2","86.0000","28","14","9","20","14","0.2900","1.2800","25.0000","90.7300","0.4300","0.3400","55.0000","79.1500","0.7100","-0.7000","213.0000","18.1500","1.1400","-1.1900","248.0000","4.6300","0.8600","0.3200","115.0000","55.9800","5.4300","-0.8100","246.0000","5.4100","4.7500","-0.9200","234.0000","10.0400","0.0000","-0.6600","122.0000","53.2800","0.0000","-0.6100","122.0000","53.2800","0.0000","-0.3800","122.0000","53.2800","0.0000","-0.5000","122.0000","53.2800","0.1400","-0.5300","190.0000","27.0300","0.1400","-0.6600","178.0000","31.6600","-0.9000","237.0000","8.8800","-0.6600","-0.1700","-0.8900","-0.5000","-1.0200","-1.2200","0.5379","-0.4300","-0.2800","-0.5500","-0.2800","-0.4600","-0.9600","-1.0400","24.7100","67.1800","16.2200","53.2800","12.3600","3.0900","100.0000","22.7800","61.7800","3.4700","53.2800","53.2800","5.4100","10.4200","259","4/1/2025 16:37","0","0","0.0000","0.0000","0.0000","105.0000","105.0000","105.0000","105.0000","105.0000","-0.5600","-0.6779","-0.4900","-0.5700","-0.5700","59.8500","59.8500","59.8500","59.8500","59.8500","0","1","39.0000","159.0000","-0.5100","0.1400","46.3300","140.0000","-0.3200","1","43.6300","147.0000","-0.5400","0","97.3000","8.0000","-0.1400","0.0000","97.3000","8.0000","-0.1500","0","97.3000","8.0000","-0.1600","0.1400","57.1400","112.0000","-0.0100","0.0000","97.3000","8.0000","-0.1500","0.0000","93.8200","17.0000","-0.2200","0","93.8200","17.0000","-0.1800","0.0000","93.8200","17.0000","-0.2000","0","93.8200","17.0000","-0.2100","15","0","0"
"AAD2023.06.02752","165","35543","58","Portland State University","Economics, Department of","Economics, General","13","157.0000","50","146.0000","12","138.0000","4.1700","132.0000","596","138.0000","12","131.0000","1.0000","1.0000","0","122.0000","0","122.0000","0.0000","122.0000","3","154.0000","3","133.0000","2","122.0000","2","86.0000","28","14","9","20","14","0.1500","0.2400","77.0000","70.6600","0.1500","-0.3100","120.0000","54.0500","0.9200","0.6700","64.0000","75.6800","3.8500","-0.0500","111.0000","57.5300","0.9200","0.7200","62.0000","76.4500","45.8500","-0.2400","122.0000","53.2800","11.9200","-0.2100","118.0000","54.8300","0.0000","-0.6600","122.0000","53.2800","0.0000","-0.6100","122.0000","53.2800","0.0000","-0.3800","122.0000","53.2800","0.0000","-0.5000","122.0000","53.2800","0.2300","-0.4400","164.0000","37.0700","0.2300","-0.2800","139.0000","46.7200","-0.2000","114.0000","56.3700","-0.4600","-0.1700","-0.3500","-0.5000","-0.3800","-0.2000","0.5379","-0.3900","-0.3600","-0.3500","-0.2800","-0.4600","-0.4100","-0.5200","49.0300","67.1800","49.8100","53.2800","47.1000","49.4200","100.0000","40.9300","53.2800","47.1000","53.2800","53.2800","44.0200","39.7700","259","4/1/2025 16:37","0","0","0.0000","0.0000","0.0000","105.0000","105.0000","105.0000","105.0000","105.0000","-0.5600","-0.6779","-0.4900","-0.5700","-0.5700","59.8500","59.8500","59.8500","59.8500","59.8500","0","1","39.0000","159.0000","-0.5100","0.0800","33.5900","173.0000","-0.5400","1","43.6300","147.0000","-0.5400","0","97.3000","8.0000","-0.1400","0.0000","97.3000","8.0000","-0.1500","0","97.3000","8.0000","-0.1600","0.0800","36.6800","165.0000","-0.5100","0.0000","97.3000","8.0000","-0.1500","0.0000","93.8200","17.0000","-0.2200","0","93.8200","17.0000","-0.1800","0.0000","93.8200","17.0000","-0.2000","0","93.8200","17.0000","-0.2100","15","0","0"
"AAD2023.06.02752","63","35597","58","East Tennessee State University","Economics and Finance, Department of","Economics, General","15","131.0000","29","200.0000","7","206.0000","4.1400","134.0000","280","182.0000","6","218.0000","0.7500","246.0000","0","122.0000","0","122.0000","0.0000","122.0000","1","201.0000","1","196.0000","0","193.0000","0","193.0000","28","14","9","20","14","0.0000","-0.9600","193.0000","25.8700","0.0000","-0.6800","193.0000","25.8700","0.4700","-2.3200","250.0000","3.8600","1.9300","-0.8600","228.0000","12.3600","0.4000","-2.5300","251.0000","3.4700","18.6700","-0.6200","202.0000","22.3900","9.6600","-0.4300","158.0000","39.3800","0.0000","-0.6600","122.0000","53.2800","0.0000","-0.6100","122.0000","53.2800","0.0000","-0.3800","122.0000","53.2800","0.0000","-0.5000","122.0000","53.2800","0.0700","-0.6200","219.0000","15.8300","0.0700","-0.9900","217.0000","16.6000","-1.0000","245.0000","5.7900","-0.6600","-0.7300","-0.8900","-0.5000","-0.8300","-0.2100","-1.7541","-0.4300","-0.5200","-0.4600","-0.2800","-0.4600","-0.6800","-0.3400","24.7100","25.8700","16.2200","53.2800","20.8500","48.6500","5.4100","22.7800","25.8700","30.1200","53.2800","53.2800","23.1700","49.8100","259","4/1/2025 16:37","0","0","0.0000","0.0000","0.0000","105.0000","105.0000","105.0000","105.0000","105.0000","-0.5600","-0.6779","-0.4900","-0.5700","-0.5700","59.8500","59.8500","59.8500","59.8500","59.8500","0","0","23.1700","200.0000","-0.6200","0.0000","23.1700","200.0000","-0.8100","0","23.1700","200.0000","-0.7700","0","97.3000","8.0000","-0.1400","0.0000","97.3000","8.0000","-0.1500","0","97.3000","8.0000","-0.1600","0.0000","23.1700","200.0000","-1.0900","0.0000","97.3000","8.0000","-0.1500","0.0000","93.8200","17.0000","-0.2200","0","93.8200","17.0000","-0.1800","0.0000","93.8200","17.0000","-0.2000","0","93.8200","17.0000","-0.2100","15","0","0"
"AAD2023.06.02752","154","35613","58","Nova Southeastern University","Finance/ Economics, Department of","Economics, General","9","212.0000","60","129.0000","9","176.0000","6.6700","37.0000","402","166.0000","8","185.0000","0.8900","205.0000","0","122.0000","0","122.0000","0.0000","122.0000","0","226.0000","0","226.0000","1","150.0000","1","126.0000","28","14","9","20","14","0.1100","-0.0900","114.0000","56.3700","0.1100","-0.4200","140.0000","46.3300","1.0000","1.1700","1.0000","100.0000","6.6700","1.1400","24.0000","91.1200","0.8900","0.5100","91.0000","65.2500","44.6700","-0.2500","126.0000","51.7400","6.7000","-0.7300","210.0000","19.3100","0.0000","-0.6600","122.0000","53.2800","0.0000","-0.6100","122.0000","53.2800","0.0000","-0.3800","122.0000","53.2800","0.0000","-0.5000","122.0000","53.2800","0.0000","-0.6900","226.0000","13.1300","0.0000","-1.2800","226.0000","13.1300","-0.2000","114.0000","56.3700","-0.7700","-0.4500","-0.7100","-0.5000","-0.6500","0.7900","-0.4808","-0.4600","-0.4400","-0.4200","-0.2800","-0.4600","-0.2800","-0.8600","13.1300","51.7400","28.9600","53.2800","32.4300","86.1000","21.2400","13.1300","42.4700","36.2900","53.2800","53.2800","50.5800","18.5300","259","4/1/2025 16:37","0","0","0.0000","0.0000","0.0000","105.0000","105.0000","105.0000","105.0000","105.0000","-0.5600","-0.6779","-0.4900","-0.5700","-0.5700","59.8500","59.8500","59.8500","59.8500","59.8500","0","0","23.1700","200.0000","-0.6200","0.0000","23.1700","200.0000","-0.8100","0","23.1700","200.0000","-0.7700","0","97.3000","8.0000","-0.1400","0.0000","97.3000","8.0000","-0.1500","0","97.3000","8.0000","-0.1600","0.0000","23.1700","200.0000","-1.0900","0.0000","97.3000","8.0000","-0.1500","0.0000","93.8200","17.0000","-0.2200","0","93.8200","17.0000","-0.1800","0.0000","93.8200","17.0000","-0.2000","0","93.8200","17.0000","-0.2100","15","0","0"
"AAD2023.06.02752","333","35660","58","University of South Dakota, The","Economics and Decision Sciences, Division of","Economics, General","6","238.0000","7","248.0000","3","248.0000","2.3300","235.0000","44","245.0000","3","245.0000","1.0000","1.0000","0","122.0000","0","122.0000","0.0000","122.0000","0","226.0000","0","226.0000","2","122.0000","1","126.0000","28","14","9","20","14","0.1700","0.3400","64.0000","75.6800","0.3300","0.1100","64.0000","75.6800","0.5000","-2.1000","244.0000","6.1800","1.1700","-1.1800","247.0000","5.0200","0.5000","-1.9000","243.0000","6.5600","7.3300","-0.7800","242.0000","6.9500","6.2900","-0.7700","216.0000","16.9900","0.0000","-0.6600","122.0000","53.2800","0.0000","-0.6100","122.0000","53.2800","0.0000","-0.3800","122.0000","53.2800","0.0000","-0.5000","122.0000","53.2800","0.0000","-0.6900","226.0000","13.1300","0.0000","-1.2800","226.0000","13.1300","-1.0000","245.0000","5.7900","-0.7700","-0.4500","-1.1700","-0.5000","-1.2000","-0.9300","0.5379","-0.4600","-0.3600","-0.5400","-0.2800","-0.4600","-0.9700","-1.1200","13.1300","51.7400","5.7900","53.2800","4.6300","9.6500","100.0000","13.1300","53.2800","5.7900","53.2800","53.2800","4.6300","8.4900","259","4/1/2025 16:37","0","0","0.0000","0.0000","0.0000","105.0000","105.0000","105.0000","105.0000","105.0000","-0.5600","-0.6779","-0.4900","-0.5700","-0.5700","59.8500","59.8500","59.8500","59.8500","59.8500","0","0","23.1700","200.0000","-0.6200","0.0000","23.1700","200.0000","-0.8100","0","23.1700","200.0000","-0.7700","0","97.3000","8.0000","-0.1400","0.0000","97.3000","8.0000","-0.1500","0","97.3000","8.0000","-0.1600","0.0000","23.1700","200.0000","-1.0900","0.0000","97.3000","8.0000","-0.1500","0.0000","93.8200","17.0000","-0.2200","0","93.8200","17.0000","-0.1800","0.0000","93.8200","17.0000","-0.2000","0","93.8200","17.0000","-0.2100","15","0","0"
"AAD2023.06.02752","219","35683","58","Texas Christian University","Economics, Department of","Economics, General","11","183.0000","32","191.0000","9","176.0000","3.5600","179.0000","94","233.0000","9","175.0000","1.0000","1.0000","0","122.0000","0","122.0000","0.0000","122.0000","3","154.0000","3","133.0000","3","100.0000","2","86.0000","28","14","9","20","14","0.1800","0.4600","57.0000","78.3800","0.2700","-0.0300","82.0000","68.7300","0.8200","-0.0200","155.0000","40.5400","2.9100","-0.4500","177.0000","32.0500","0.8200","0.0700","140.0000","46.3300","8.5500","-0.7600","239.0000","8.1100","2.9400","-1.1000","251.0000","3.4700","0.0000","-0.6600","122.0000","53.2800","0.0000","-0.6100","122.0000","53.2800","0.0000","-0.3800","122.0000","53.2800","0.0000","-0.5000","122.0000","53.2800","0.2700","-0.4000","150.0000","42.4700","0.2700","-0.1000","120.0000","54.0500","-0.6000","198.0000","23.9400","-0.4600","-0.1700","-0.6200","-0.5000","-0.6500","-0.4400","0.5379","-0.3900","-0.2800","-0.5300","-0.2800","-0.4600","-0.6400","-0.6900","49.0300","67.1800","32.8200","53.2800","32.4300","31.2700","100.0000","40.9300","61.7800","10.4200","53.2800","53.2800","26.6400","29.7300","259","4/1/2025 16:37","2","1","2.0000","0.1800","0.0900","49.0000","13.0000","42.0000","26.0000","37.0000","0.1200","1.5791","0.2700","1.3800","0.8300","81.4700","95.3700","84.1700","90.3500","86.1000","0","3","60.6200","103.0000","-0.2900","0.2700","71.8100","74.0000","0.1200","3","68.3400","83.0000","-0.0800","0","97.3000","8.0000","-0.1400","0.0000","97.3000","8.0000","-0.1500","0","97.3000","8.0000","-0.1600","0.2700","86.1000","37.0000","0.9800","0.0000","97.3000","8.0000","-0.1500","0.0000","93.8200","17.0000","-0.2200","0","93.8200","17.0000","-0.1800","0.0000","93.8200","17.0000","-0.2000","0","93.8200","17.0000","-0.2100","15","0","0"
"AAD2023.06.02752","155","35736","58","Oakland University","Economics Department","Economics, General","12","171.0000","33","187.0000","8","194.0000","4.1300","137.0000","290","180.0000","8","185.0000","1.0000","1.0000","0","122.0000","0","122.0000","0.0000","122.0000","0","226.0000","0","226.0000","2","122.0000","1","126.0000","28","14","9","20","14","0.0800","-0.3100","143.0000","45.1700","0.1700","-0.2800","114.0000","56.3700","0.6700","-1.0100","224.0000","13.9000","2.7500","-0.5100","186.0000","28.5700","0.6700","-0.8700","210.0000","19.3100","24.1700","-0.5400","181.0000","30.5000","8.7900","-0.5200","175.0000","32.8200","0.0000","-0.6600","122.0000","53.2800","0.0000","-0.6100","122.0000","53.2800","0.0000","-0.3800","122.0000","53.2800","0.0000","-0.5000","122.0000","53.2800","0.0000","-0.6900","226.0000","13.1300","0.0000","-1.2800","226.0000","13.1300","-0.6000","198.0000","23.9400","-0.7700","-0.4500","-0.7100","-0.5000","-0.7400","-0.2200","0.5379","-0.4600","-0.3600","-0.4600","-0.2800","-0.4600","-0.6300","-0.6000","13.1300","51.7400","28.9600","53.2800","25.4800","47.4900","100.0000","13.1300","53.2800","30.8900","53.2800","53.2800","28.1900","34.3600","259","4/1/2025 16:37","0","0","0.0000","0.0000","0.0000","105.0000","105.0000","105.0000","105.0000","105.0000","-0.5600","-0.6779","-0.4900","-0.5700","-0.5700","59.8500","59.8500","59.8500","59.8500","59.8500","0","0","23.1700","200.0000","-0.6200","0.0000","23.1700","200.0000","-0.8100","0","23.1700","200.0000","-0.7700","0","97.3000","8.0000","-0.1400","0.0000","97.3000","8.0000","-0.1500","0","97.3000","8.0000","-0.1600","0.0000","23.1700","200.0000","-1.0900","0.0000","97.3000","8.0000","-0.1500","0.0000","93.8200","17.0000","-0.2200","0","93.8200","17.0000","-0.1800","0.0000","93.8200","17.0000","-0.2000","0","93.8200","17.0000","-0.2100","15","0","0"
"AAD2023.06.02752","397","35758","58","University of Arkansas at Little Rock","Accounting, Economics and Finance, Department of","Economics, General","11","183.0000","13","238.0000","7","206.0000","1.8600","248.0000","53","244.0000","7","203.0000","1.0000","1.0000","0","122.0000","0","122.0000","0.0000","122.0000","0","226.0000","0","226.0000","0","193.0000","0","193.0000","28","14","9","20","14","0.0000","-0.9600","193.0000","25.8700","0.0000","-0.6800","193.0000","25.8700","0.6400","-1.2100","235.0000","9.6500","1.1800","-1.1700","246.0000","5.4100","0.6400","-1.0600","226.0000","13.1300","4.8200","-0.8200","248.0000","4.6300","4.0800","-0.9900","241.0000","7.3400","0.0000","-0.6600","122.0000","53.2800","0.0000","-0.6100","122.0000","53.2800","0.0000","-0.3800","122.0000","53.2800","0.0000","-0.5000","122.0000","53.2800","0.0000","-0.6900","226.0000","13.1300","0.0000","-1.2800","226.0000","13.1300","-1.1000","250.0000","3.8600","-0.7700","-0.7300","-0.8000","-0.5000","-0.8300","-1.1200","0.5379","-0.4600","-0.5200","-0.5400","-0.2800","-0.4600","-0.8900","-0.6900","13.1300","25.8700","22.0100","53.2800","20.8500","4.6300","100.0000","13.1300","25.8700","6.1800","53.2800","53.2800","8.4900","29.7300","259","4/1/2025 16:37","0","0","0.0000","0.0000","0.0000","105.0000","105.0000","105.0000","105.0000","105.0000","-0.5600","-0.6779","-0.4900","-0.5700","-0.5700","59.8500","59.8500","59.8500","59.8500","59.8500","0","0","23.1700","200.0000","-0.6200","0.0000","23.1700","200.0000","-0.8100","0","23.1700","200.0000","-0.7700","0","97.3000","8.0000","-0.1400","0.0000","97.3000","8.0000","-0.1500","0","97.3000","8.0000","-0.1600","0.0000","23.1700","200.0000","-1.0900","0.0000","97.3000","8.0000","-0.1500","0.0000","93.8200","17.0000","-0.2200","0","93.8200","17.0000","-0.1800","0.0000","93.8200","17.0000","-0.2000","0","93.8200","17.0000","-0.2100","15","0","0"
"AAD2023.06.02752","214","35791","58","Tennessee Technological University","Economics, Finance and Marketing","Economics, General","11","183.0000","6","251.0000","3","248.0000","2.0000","244.0000","64","240.0000","4","234.0000","0.8000","236.0000","0","122.0000","0","122.0000","0.0000","122.0000","2","172.0000","2","155.0000","0","193.0000","0","193.0000","28","14","9","20","14","0.0000","-0.9600","193.0000","25.8700","0.0000","-0.6800","193.0000","25.8700","0.2700","-3.5900","257.0000","1.1600","0.5500","-1.4400","255.0000","1.9300","0.3600","-2.7500","253.0000","2.7000","5.8200","-0.8000","245.0000","5.7900","10.6700","-0.3300","142.0000","45.5600","0.0000","-0.6600","122.0000","53.2800","0.0000","-0.6100","122.0000","53.2800","0.0000","-0.3800","122.0000","53.2800","0.0000","-0.5000","122.0000","53.2800","0.1800","-0.4900","183.0000","29.7300","0.1800","-0.4900","164.0000","37.0700","-1.1000","250.0000","3.8600","-0.5600","-0.7300","-1.0800","-0.5000","-1.2000","-1.0600","-1.2957","-0.4100","-0.5200","-0.5400","-0.2800","-0.4600","-0.9800","-0.6900","40.5400","25.8700","10.0400","53.2800","4.6300","6.1800","9.2700","33.9800","25.8700","7.7200","53.2800","53.2800","3.4700","29.7300","259","4/1/2025 16:37","0","0","0.0000","0.0000","0.0000","105.0000","105.0000","105.0000","105.0000","105.0000","-0.5600","-0.6779","-0.4900","-0.5700","-0.5700","59.8500","59.8500","59.8500","59.8500","59.8500","0","0","23.1700","200.0000","-0.6200","0.0000","23.1700","200.0000","-0.8100","0","23.1700","200.0000","-0.7700","0","97.3000","8.0000","-0.1400","0.0000","97.3000","8.0000","-0.1500","0","97.3000","8.0000","-0.1600","0.0000","23.1700","200.0000","-1.0900","0.0000","97.3000","8.0000","-0.1500","0.0000","93.8200","17.0000","-0.2200","0","93.8200","17.0000","-0.1800","0.0000","93.8200","17.0000","-0.2000","0","93.8200","17.0000","-0.2100","15","0","0"
"AAD2023.06.02752","245","35831","58","University of Alabama in Huntsville, The","Accounting, Economics, and Finance, Department of","Economics, General","12","171.0000","22","213.0000","10","166.0000","2.2000","238.0000","181","209.0000","10","159.0000","1.0000","1.0000","0","122.0000","0","122.0000","0.0000","122.0000","1","201.0000","1","196.0000","3","100.0000","1","126.0000","28","14","9","20","14","0.0800","-0.3100","143.0000","45.1700","0.2500","-0.0800","90.0000","65.6400","0.8300","0.0800","147.0000","43.6300","1.8300","-0.9000","233.0000","10.4200","0.8300","0.1700","130.0000","50.1900","15.0800","-0.6700","215.0000","17.3700","8.2300","-0.5700","185.0000","28.9600","0.0000","-0.6600","122.0000","53.2800","0.0000","-0.6100","122.0000","53.2800","0.0000","-0.3800","122.0000","53.2800","0.0000","-0.5000","122.0000","53.2800","0.0800","-0.6000","210.0000","19.3100","0.0800","-0.9200","208.0000","20.0800","-0.7000","214.0000","17.7600","-0.6600","-0.4500","-0.5300","-0.5000","-0.5600","-0.9800","0.5379","-0.4300","-0.2800","-0.5000","-0.2800","-0.4600","-0.7700","-0.6000","24.7100","51.7400","39.0000","53.2800","36.2900","8.4900","100.0000","22.7800","61.7800","19.6900","53.2800","53.2800","18.1500","34.3600","259","4/1/2025 16:37","0","0","0.0000","0.0000","0.0000","105.0000","105.0000","105.0000","105.0000","105.0000","-0.5600","-0.6779","-0.4900","-0.5700","-0.5700","59.8500","59.8500","59.8500","59.8500","59.8500","0","1","39.0000","159.0000","-0.5100","0.0800","35.1400","169.0000","-0.5200","1","43.6300","147.0000","-0.5400","0","97.3000","8.0000","-0.1400","0.0000","97.3000","8.0000","-0.1500","0","97.3000","8.0000","-0.1600","0.0800","38.6100","160.0000","-0.4600","0.0000","97.3000","8.0000","-0.1500","0.0000","93.8200","17.0000","-0.2200","0","93.8200","17.0000","-0.1800","0.0000","93.8200","17.0000","-0.2000","0","93.8200","17.0000","-0.2100","15","0","0"
"AAD2023.06.02752","93","35863","58","Illinois State University","Economics, Department of","Economics, General","9","212.0000","45","158.0000","8","194.0000","5.6300","64.0000","498","152.0000","8","185.0000","1.0000","1.0000","0","122.0000","0","122.0000","0.0000","122.0000","6","115.0000","4","114.0000","1","150.0000","1","126.0000","28","14","9","20","14","0.1100","-0.0900","114.0000","56.3700","0.1100","-0.4200","140.0000","46.3300","0.8900","0.4400","97.0000","62.9300","5.0000","0.4400","62.0000","76.4500","0.8900","0.5100","91.0000","65.2500","55.3300","-0.1000","100.0000","61.7800","11.0700","-0.2900","134.0000","48.6500","0.0000","-0.6600","122.0000","53.2800","0.0000","-0.6100","122.0000","53.2800","0.0000","-0.3800","122.0000","53.2800","0.0000","-0.5000","122.0000","53.2800","0.6700","0.0300","79.0000","69.8800","0.4400","0.6400","60.0000","77.2200","0.3000","36.0000","86.4900","-0.3500","-0.4500","-0.7100","-0.5000","-0.7400","0.3800","0.5379","-0.3100","-0.4400","-0.3900","-0.2800","-0.4600","-0.4700","-0.8600","56.3700","51.7400","28.9600","53.2800","25.4800","75.6800","100.0000","55.9800","42.4700","41.7000","53.2800","53.2800","39.3800","18.5300","259","4/1/2025 16:37","0","0","0.0000","0.0000","0.0000","105.0000","105.0000","105.0000","105.0000","105.0000","-0.5600","-0.6779","-0.4900","-0.5700","-0.5700","59.8500","59.8500","59.8500","59.8500","59.8500","0","2","50.5800","129.0000","-0.4000","0.2200","64.4800","93.0000","-0.0500","2","57.9200","110.0000","-0.3100","0","97.3000","8.0000","-0.1400","0.0000","97.3000","8.0000","-0.1500","0","97.3000","8.0000","-0.1600","0.2200","77.9900","58.0000","0.5900","0.0000","97.3000","8.0000","-0.1500","0.0000","93.8200","17.0000","-0.2200","0","93.8200","17.0000","-0.1800","0.0000","93.8200","17.0000","-0.2000","0","93.8200","17.0000","-0.2100","15","0","0"
"AAD2023.06.02752","322","35910","58","University of Northern Colorado","Economics, Department of","Economics, General","5","247.0000","3","255.0000","3","248.0000","1.0000","257.0000","8","257.0000","3","245.0000","1.0000","1.0000","0","122.0000","0","122.0000","0.0000","122.0000","0","226.0000","0","226.0000","0","193.0000","0","193.0000","28","14","9","20","14","0.0000","-0.9600","193.0000","25.8700","0.0000","-0.6800","193.0000","25.8700","0.6000","-1.4500","238.0000","8.4900","0.6000","-1.4200","254.0000","2.3200","0.6000","-1.2800","230.0000","11.5800","1.6000","-0.8600","257.0000","1.1600","2.6700","-1.1300","252.0000","3.0900","0.0000","-0.6600","122.0000","53.2800","0.0000","-0.6100","122.0000","53.2800","0.0000","-0.3800","122.0000","53.2800","0.0000","-0.5000","122.0000","53.2800","0.0000","-0.6900","226.0000","13.1300","0.0000","-1.2800","226.0000","13.1300","-1.3000","257.0000","1.1600","-0.7700","-0.7300","-1.1700","-0.5000","-1.2000","-1.4600","0.5379","-0.4600","-0.5200","-0.5600","-0.2800","-0.4600","-1.0200","-1.2100","13.1300","25.8700","5.7900","53.2800","4.6300","1.1600","100.0000","13.1300","25.8700","1.1600","53.2800","53.2800","1.9300","5.0200","259","4/1/2025 16:37","0","0","0.0000","0.0000","0.0000","105.0000","105.0000","105.0000","105.0000","105.0000","-0.5600","-0.6779","-0.4900","-0.5700","-0.5700","59.8500","59.8500","59.8500","59.8500","59.8500","0","0","23.1700","200.0000","-0.6200","0.0000","23.1700","200.0000","-0.8100","0","23.1700","200.0000","-0.7700","0","97.3000","8.0000","-0.1400","0.0000","97.3000","8.0000","-0.1500","0","97.3000","8.0000","-0.1600","0.0000","23.1700","200.0000","-1.0900","0.0000","97.3000","8.0000","-0.1500","0.0000","93.8200","17.0000","-0.2200","0","93.8200","17.0000","-0.1800","0.0000","93.8200","17.0000","-0.2000","0","93.8200","17.0000","-0.2100","15","0","0"
"AAD2023.06.02752","139","35960","58","Morgan State University","Economics, Department of","Economics, General","3","256.0000","6","251.0000","2","253.0000","3.0000","210.0000","120","227.0000","2","253.0000","1.0000","1.0000","0","122.0000","0","122.0000","0.0000","122.0000","0","226.0000","0","226.0000","0","193.0000","0","193.0000","28","14","9","20","14","0.0000","-0.9600","193.0000","25.8700","0.0000","-0.6800","193.0000","25.8700","0.6700","-1.0100","224.0000","13.9000","2.0000","-0.8300","221.0000","15.0600","0.6700","-0.8700","210.0000","19.3100","40.0000","-0.3200","138.0000","47.1000","20.0000","0.6000","47.0000","82.2400","0.0000","-0.6600","122.0000","53.2800","0.0000","-0.6100","122.0000","53.2800","0.0000","-0.3800","122.0000","53.2800","0.0000","-0.5000","122.0000","53.2800","0.0000","-0.6900","226.0000","13.1300","0.0000","-1.2800","226.0000","13.1300","-0.7000","214.0000","17.7600","-0.7700","-0.7300","-1.2600","-0.5000","-1.2900","-0.6700","0.5379","-0.4600","-0.5200","-0.5200","-0.2800","-0.4600","-0.9800","-1.3900","13.1300","25.8700","2.7000","53.2800","2.7000","19.3100","100.0000","13.1300","25.8700","12.7400","53.2800","53.2800","3.4700","1.5400","259","4/1/2025 16:37","0","0","0.0000","0.0000","0.0000","105.0000","105.0000","105.0000","105.0000","105.0000","-0.5600","-0.6779","-0.4900","-0.5700","-0.5700","59.8500","59.8500","59.8500","59.8500","59.8500","0","0","23.1700","200.0000","-0.6200","0.0000","23.1700","200.0000","-0.8100","0","23.1700","200.0000","-0.7700","0","97.3000","8.0000","-0.1400","0.0000","97.3000","8.0000","-0.1500","0","97.3000","8.0000","-0.1600","0.0000","23.1700","200.0000","-1.0900","0.0000","97.3000","8.0000","-0.1500","0.0000","93.8200","17.0000","-0.2200","0","93.8200","17.0000","-0.1800","0.0000","93.8200","17.0000","-0.2000","0","93.8200","17.0000","-0.2100","15","0","0"
"AAD2023.06.02752","367","35998","58","Wright State University","Economics, Department of","Economics, General","7","233.0000","13","238.0000","6","220.0000","2.1700","241.0000","33","252.0000","3","245.0000","0.5000","257.0000","0","122.0000","0","122.0000","0.0000","122.0000","2","172.0000","2","155.0000","1","150.0000","1","126.0000","28","14","9","20","14","0.1400","0.1600","85.0000","67.5700","0.1400","-0.3400","128.0000","50.9700","0.8600","0.2400","128.0000","50.9700","1.8600","-0.8900","232.0000","10.8100","0.4300","-2.3500","250.0000","3.8600","4.7100","-0.8200","249.0000","4.2500","2.5400","-1.1400","253.0000","2.7000","0.0000","-0.6600","122.0000","53.2800","0.0000","-0.6100","122.0000","53.2800","0.0000","-0.3800","122.0000","53.2800","0.0000","-0.5000","122.0000","53.2800","0.2900","-0.3800","146.0000","44.0200","0.2900","-0.0500","117.0000","55.2100","-0.8000","230.0000","11.5800","-0.5600","-0.4500","-1.1700","-0.5000","-0.9300","-0.9900","-4.0460","-0.4100","-0.4400","-0.5500","-0.2800","-0.4600","-0.8900","-1.0400","40.5400","51.7400","5.7900","53.2800","15.4400","7.3400","1.1600","33.9800","42.4700","3.0900","53.2800","53.2800","8.4900","10.4200","259","4/1/2025 16:37","0","0","0.0000","0.0000","0.0000","105.0000","105.0000","105.0000","105.0000","105.0000","-0.5600","-0.6779","-0.4900","-0.5700","-0.5700","59.8500","59.8500","59.8500","59.8500","59.8500","0","1","39.0000","159.0000","-0.5100","0.1400","46.3300","140.0000","-0.3200","1","43.6300","147.0000","-0.5400","0","97.3000","8.0000","-0.1400","0.0000","97.3000","8.0000","-0.1500","0","97.3000","8.0000","-0.1600","0.1400","57.1400","112.0000","-0.0100","0.0000","97.3000","8.0000","-0.1500","0.0000","93.8200","17.0000","-0.2200","0","93.8200","17.0000","-0.1800","0.0000","93.8200","17.0000","-0.2000","0","93.8200","17.0000","-0.2100","15","0","0"
"AAD2023.06.02752","13","36115","58","Arkansas State University","Economics & Finance, Department of","Economics, General","11","183.0000","7","248.0000","4","238.0000","1.7500","249.0000","138","223.0000","4","234.0000","1.0000","1.0000","0","122.0000","0","122.0000","0.0000","122.0000","3","154.0000","3","133.0000","3","100.0000","2","86.0000","28","14","9","20","14","0.1800","0.4600","57.0000","78.3800","0.2700","-0.0300","82.0000","68.7300","0.3600","-2.9900","254.0000","2.3200","0.6400","-1.4000","253.0000","2.7000","0.3600","-2.7500","253.0000","2.7000","12.5500","-0.7100","226.0000","13.1300","19.7100","0.5700","50.0000","81.0800","0.0000","-0.6600","122.0000","53.2800","0.0000","-0.6100","122.0000","53.2800","0.0000","-0.3800","122.0000","53.2800","0.0000","-0.5000","122.0000","53.2800","0.2700","-0.4000","150.0000","42.4700","0.2700","-0.1000","120.0000","54.0500","-0.9000","237.0000","8.8800","-0.4600","-0.1700","-1.0800","-0.5000","-1.1100","-1.1600","0.5379","-0.3900","-0.2800","-0.5100","-0.2800","-0.4600","-0.9700","-0.6900","49.0300","67.1800","10.0400","53.2800","8.4900","4.2500","100.0000","40.9300","61.7800","14.2900","53.2800","53.2800","4.6300","29.7300","259","4/1/2025 16:37","0","0","0.0000","0.0000","0.0000","105.0000","105.0000","105.0000","105.0000","105.0000","-0.5600","-0.6779","-0.4900","-0.5700","-0.5700","59.8500","59.8500","59.8500","59.8500","59.8500","0","0","23.1700","200.0000","-0.6200","0.0000","23.1700","200.0000","-0.8100","0","23.1700","200.0000","-0.7700","0","97.3000","8.0000","-0.1400","0.0000","97.3000","8.0000","-0.1500","0","97.3000","8.0000","-0.1600","0.0000","23.1700","200.0000","-1.0900","0.0000","97.3000","8.0000","-0.1500","0.0000","93.8200","17.0000","-0.2200","0","93.8200","17.0000","-0.1800","0.0000","93.8200","17.0000","-0.2000","0","93.8200","17.0000","-0.2100","15","0","0"
"AAD2023.06.02752","377","36190","58","Boise State University","Economics, Department of","Economics, General","10","198.0000","20","219.0000","8","194.0000","2.5000","231.0000","240","187.0000","8","185.0000","0.8900","205.0000","0","122.0000","0","122.0000","0.0000","122.0000","2","172.0000","2","155.0000","0","193.0000","0","193.0000","28","14","9","20","14","0.0000","-0.9600","193.0000","25.8700","0.0000","-0.6800","193.0000","25.8700","0.8000","-0.1400","165.0000","36.6800","2.0000","-0.8300","221.0000","15.0600","0.8000","-0.0400","149.0000","42.8600","24.0000","-0.5400","182.0000","30.1200","12.0000","-0.2000","116.0000","55.6000","0.0000","-0.6600","122.0000","53.2800","0.0000","-0.6100","122.0000","53.2800","0.0000","-0.3800","122.0000","53.2800","0.0000","-0.5000","122.0000","53.2800","0.2000","-0.4700","174.0000","33.2000","0.2000","-0.4100","154.0000","40.9300","-0.6000","198.0000","23.9400","-0.5600","-0.7300","-0.7100","-0.5000","-0.7400","-0.8600","-0.4808","-0.4100","-0.5200","-0.4800","-0.2800","-0.4600","-0.8000","-0.7800","40.5400","25.8700","28.9600","53.2800","25.4800","11.2000","21.2400","33.9800","25.8700","28.1900","53.2800","53.2800","15.8300","23.9400","259","4/1/2025 16:37","0","0","0.0000","0.0000","0.0000","105.0000","105.0000","105.0000","105.0000","105.0000","-0.5600","-0.6779","-0.4900","-0.5700","-0.5700","59.8500","59.8500","59.8500","59.8500","59.8500","0","0","23.1700","200.0000","-0.6200","0.0000","23.1700","200.0000","-0.8100","0","23.1700","200.0000","-0.7700","0","97.3000","8.0000","-0.1400","0.0000","97.3000","8.0000","-0.1500","0","97.3000","8.0000","-0.1600","0.0000","23.1700","200.0000","-1.0900","0.0000","97.3000","8.0000","-0.1500","0.0000","93.8200","17.0000","-0.2200","0","93.8200","17.0000","-0.1800","0.0000","93.8200","17.0000","-0.2000","0","93.8200","17.0000","-0.2100","15","0","0"
"AAD2023.06.02752","57","36258","58","DePaul University","Economics, Department of","Economics, General","14","149.0000","33","187.0000","9","176.0000","3.6700","169.0000","234","190.0000","8","185.0000","0.8900","205.0000","1","76.0000","3","61.0000","789723.0000","65.0000","4","138.0000","2","155.0000","2","122.0000","2","86.0000","28","14","9","20","14","0.1400","0.1600","85.0000","67.5700","0.1400","-0.3400","128.0000","50.9700","0.6400","-1.1600","233.0000","10.4200","2.3600","-0.6800","208.0000","20.0800","0.5700","-1.4600","236.0000","9.2700","16.7100","-0.6500","211.0000","18.9200","7.0900","-0.6900","205.0000","21.2400","0.0700","0.0000","85.0000","67.5700","0.2100","0.6200","45.0000","83.0100","56408.7900","0.1400","50.0000","81.0800","263241.0000","0.3000","56.0000","78.7600","0.2900","-0.3800","146.0000","44.0200","0.1400","-0.6600","178.0000","31.6600","-0.7000","214.0000","17.7600","-0.5600","-0.1700","-0.7100","-0.2700","-0.6500","-0.4000","-0.4808","-0.3600","-0.3600","-0.4800","-0.1100","-0.0300","-0.6300","-0.4300","40.5400","67.1800","28.9600","71.0400","32.4300","35.1400","21.2400","47.1000","53.2800","27.0300","75.2900","76.8300","28.1900","42.8600","259","4/1/2025 16:37","0","0","0.0000","0.0000","0.0000","105.0000","105.0000","105.0000","105.0000","105.0000","-0.5600","-0.6779","-0.4900","-0.5700","-0.5700","59.8500","59.8500","59.8500","59.8500","59.8500","0","0","23.1700","200.0000","-0.6200","0.0000","23.1700","200.0000","-0.8100","0","23.1700","200.0000","-0.7700","0","97.3000","8.0000","-0.1400","0.0000","97.3000","8.0000","-0.1500","0","97.3000","8.0000","-0.1600","0.0000","23.1700","200.0000","-1.0900","0.0000","97.3000","8.0000","-0.1500","0.0000","93.8200","17.0000","-0.2200","0","93.8200","17.0000","-0.1800","0.0000","93.8200","17.0000","-0.2000","0","93.8200","17.0000","-0.2100","15","0","0"
"AAD2023.06.02752","554573","36321","58","Georgia Southern University","Economics, Department of","Economics, General","15","131.0000","48","151.0000","15","106.0000","3.2000","198.0000","226","196.0000","12","131.0000","0.8000","236.0000","0","122.0000","0","122.0000","0.0000","122.0000","2","172.0000","2","155.0000","0","193.0000","0","193.0000","28","14","9","20","14","0.0000","-0.9600","193.0000","25.8700","0.0000","-0.6800","193.0000","25.8700","1.0000","1.1700","1.0000","100.0000","3.2000","-0.3200","153.0000","41.3100","0.8000","-0.0400","149.0000","42.8600","15.0700","-0.6700","217.0000","16.6000","4.7100","-0.9300","236.0000","9.2700","0.0000","-0.6600","122.0000","53.2800","0.0000","-0.6100","122.0000","53.2800","0.0000","-0.3800","122.0000","53.2800","0.0000","-0.5000","122.0000","53.2800","0.1300","-0.5400","193.0000","25.8700","0.1300","-0.7000","184.0000","29.3400","-0.5000","178.0000","31.6600","-0.5600","-0.7300","-0.3500","-0.5000","-0.1000","-0.5900","-1.2957","-0.4100","-0.5200","-0.4800","-0.2800","-0.4600","-0.4400","-0.3400","40.5400","25.8700","49.8100","53.2800","59.4600","23.9400","9.2700","33.9800","25.8700","24.7100","53.2800","53.2800","42.0800","49.8100","259","4/1/2025 16:37","3","1","3.0000","0.2000","0.0700","49.0000","6.0000","30.0000","21.0000","56.0000","0.1200","2.7076","0.6600","1.5800","0.4600","81.4700","98.0700","88.8000","92.2800","78.7600","0","1","39.0000","159.0000","-0.5100","0.0700","32.0500","177.0000","-0.5800","1","43.6300","147.0000","-0.5400","0","97.3000","8.0000","-0.1400","0.0000","97.3000","8.0000","-0.1500","0","97.3000","8.0000","-0.1600","0.0700","33.2000","174.0000","-0.5900","0.0000","97.3000","8.0000","-0.1500","0.0000","93.8200","17.0000","-0.2200","0","93.8200","17.0000","-0.1800","0.0000","93.8200","17.0000","-0.2000","0","93.8200","17.0000","-0.2100","15","0","0"
"AAD2023.06.02752","120","36384","58","Marshall University","Finance, Economics, and International Business, Department of","Economics, General","10","198.0000","16","231.0000","8","194.0000","2.0000","244.0000","90","234.0000","8","185.0000","0.8900","205.0000","0","122.0000","0","122.0000","0.0000","122.0000","3","154.0000","2","155.0000","0","193.0000","0","193.0000","28","14","9","20","14","0.0000","-0.9600","193.0000","25.8700","0.0000","-0.6800","193.0000","25.8700","0.8000","-0.1400","165.0000","36.6800","1.6000","-1.0000","239.0000","8.1100","0.8000","-0.0400","149.0000","42.8600","9.0000","-0.7600","238.0000","8.4900","5.6300","-0.8300","223.0000","14.2900","0.0000","-0.6600","122.0000","53.2800","0.0000","-0.6100","122.0000","53.2800","0.0000","-0.3800","122.0000","53.2800","0.0000","-0.5000","122.0000","53.2800","0.3000","-0.3700","145.0000","44.4000","0.2000","-0.4100","154.0000","40.9300","-0.7000","214.0000","17.7600","-0.5600","-0.7300","-0.7100","-0.5000","-0.7400","-1.0600","-0.4808","-0.3900","-0.5200","-0.5300","-0.2800","-0.4600","-0.8500","-0.7800","40.5400","25.8700","28.9600","53.2800","25.4800","6.1800","21.2400","40.9300","25.8700","10.0400","53.2800","53.2800","11.2000","23.9400","259","4/1/2025 16:37","0","0","0.0000","0.0000","0.0000","105.0000","105.0000","105.0000","105.0000","105.0000","-0.5600","-0.6779","-0.4900","-0.5700","-0.5700","59.8500","59.8500","59.8500","59.8500","59.8500","0","0","23.1700","200.0000","-0.6200","0.0000","23.1700","200.0000","-0.8100","0","23.1700","200.0000","-0.7700","0","97.3000","8.0000","-0.1400","0.0000","97.3000","8.0000","-0.1500","0","97.3000","8.0000","-0.1600","0.0000","23.1700","200.0000","-1.0900","0.0000","97.3000","8.0000","-0.1500","0.0000","93.8200","17.0000","-0.2200","0","93.8200","17.0000","-0.1800","0.0000","93.8200","17.0000","-0.2000","0","93.8200","17.0000","-0.2100","15","0","0"
"AAD2023.06.02752","130","36404","58","Mercer University","Economics Area","Economics, General","8","224.0000","37","176.0000","8","194.0000","4.6300","102.0000","138","223.0000","8","185.0000","1.0000","1.0000","0","122.0000","0","122.0000","0.0000","122.0000","0","226.0000","0","226.0000","0","193.0000","0","193.0000","28","14","9","20","14","0.0000","-0.9600","193.0000","25.8700","0.0000","-0.6800","193.0000","25.8700","1.0000","1.1700","1.0000","100.0000","4.6300","0.2800","78.0000","70.2700","1.0000","1.2000","1.0000","100.0000","17.2500","-0.6400","207.0000","20.4600","3.7300","-1.0200","245.0000","5.7900","0.0000","-0.6600","122.0000","53.2800","0.0000","-0.6100","122.0000","53.2800","0.0000","-0.3800","122.0000","53.2800","0.0000","-0.5000","122.0000","53.2800","0.0000","-0.6900","226.0000","13.1300","0.0000","-1.2800","226.0000","13.1300","-0.5000","178.0000","31.6600","-0.7700","-0.7300","-0.7100","-0.5000","-0.7400","-0.0200","0.5379","-0.4600","-0.5200","-0.5100","-0.2800","-0.4600","-0.5800","-0.9500","13.1300","25.8700","28.9600","53.2800","25.4800","61.0000","100.0000","13.1300","25.8700","14.2900","53.2800","53.2800","32.4300","13.9000","259","4/1/2025 16:37","0","0","0.0000","0.0000","0.0000","105.0000","105.0000","105.0000","105.0000","105.0000","-0.5600","-0.6779","-0.4900","-0.5700","-0.5700","59.8500","59.8500","59.8500","59.8500","59.8500","0","3","60.6200","103.0000","-0.2900","0.3800","79.9200","53.0000","0.4700","3","68.3400","83.0000","-0.0800","0","97.3000","8.0000","-0.1400","0.0000","97.3000","8.0000","-0.1500","0","97.3000","8.0000","-0.1600","0.3800","93.8200","17.0000","1.7500","0.0000","97.3000","8.0000","-0.1500","0.0000","93.8200","17.0000","-0.2200","0","93.8200","17.0000","-0.1800","0.0000","93.8200","17.0000","-0.2000","0","93.8200","17.0000","-0.2100","15","0","0"
"AAD2023.06.02752","358","36487","58","Washington University in St. Louis","Business: Economics","Economics, General","11","183.0000","33","187.0000","9","176.0000","3.6700","169.0000","654","131.0000","9","175.0000","1.0000","1.0000","1","76.0000","2","72.0000","127844.0000","105.0000","7","107.0000","5","98.0000","1","150.0000","1","126.0000","28","14","9","20","14","0.0900","-0.2500","135.0000","48.2600","0.0900","-0.4600","156.0000","40.1500","0.8200","-0.0200","155.0000","40.5400","3.0000","-0.4100","167.0000","35.9100","0.8200","0.0700","140.0000","46.3300","59.4500","-0.0400","95.0000","63.7100","19.8200","0.5900","48.0000","81.8500","0.0900","0.1700","74.0000","71.8100","0.1800","0.4300","53.0000","79.9200","11622.1800","-0.2700","93.0000","64.4800","63922.0000","-0.3100","113.0000","56.7600","0.6400","0.0000","83.0000","68.3400","0.4500","0.6800","56.0000","78.7600","0.0000","75.0000","71.4300","-0.2500","-0.4500","-0.6200","-0.2700","-0.6500","-0.4000","0.5379","-0.2900","-0.4400","-0.3300","-0.2500","-0.1700","-0.6300","-0.6900","62.5500","51.7400","32.8200","71.0400","32.4300","35.1400","100.0000","59.0700","42.4700","49.8100","59.8500","72.5900","28.1900","29.7300","259","4/1/2025 16:37","1","1","1.0000","0.0900","0.0900","49.0000","47.0000","65.0000","54.0000","37.0000","0.1200","0.4506","-0.1100","0.4100","0.8300","81.4700","82.2400","75.2900","79.5400","86.1000","0","2","50.5800","129.0000","-0.4000","0.1800","55.2100","117.0000","-0.1900","2","57.9200","110.0000","-0.3100","0","97.3000","8.0000","-0.1400","0.0000","97.3000","8.0000","-0.1500","0","97.3000","8.0000","-0.1600","0.1800","68.3400","83.0000","0.2900","0.0000","97.3000","8.0000","-0.1500","0.0000","93.8200","17.0000","-0.2200","0","93.8200","17.0000","-0.1800","0.0000","93.8200","17.0000","-0.2000","0","93.8200","17.0000","-0.2100","15","0","0"
"AAD2023.06.02752","517","36494","58","University of California, Merced","Economics & Business Management Program","Economics, General","12","171.0000","72","113.0000","12","138.0000","6.0000","51.0000","835","119.0000","12","131.0000","1.0000","1.0000","1","76.0000","1","86.0000","92001.0000","108.0000","16","68.0000","9","63.0000","0","193.0000","0","193.0000","28","14","9","20","14","0.0000","-0.9600","193.0000","25.8700","0.0000","-0.6800","193.0000","25.8700","1.0000","1.1700","1.0000","100.0000","6.0000","0.8600","37.0000","86.1000","1.0000","1.2000","1.0000","100.0000","69.5800","0.1000","70.0000","73.3600","11.6000","-0.2400","123.0000","52.9000","0.0800","0.1000","76.0000","71.0400","0.0800","-0.1300","88.0000","66.4100","7666.7500","-0.3100","105.0000","59.8500","92001.0000","-0.2200","102.0000","61.0000","1.3300","0.7500","32.0000","88.0300","0.7500","1.9500","14.0000","94.9800","0.3000","36.0000","86.4900","0.1600","-0.7300","-0.3500","-0.2700","-0.3800","0.5300","0.5379","-0.0700","-0.5200","-0.2700","-0.2600","-0.3200","-0.1200","-0.6000","76.0600","25.8700","49.8100","71.0400","47.1000","80.7000","100.0000","74.1300","25.8700","54.4400","58.6900","67.1800","56.7600","34.3600","259","4/1/2025 16:37","0","0","0.0000","0.0000","0.0000","105.0000","105.0000","105.0000","105.0000","105.0000","-0.5600","-0.6779","-0.4900","-0.5700","-0.5700","59.8500","59.8500","59.8500","59.8500","59.8500","0","1","39.0000","159.0000","-0.5100","0.0800","35.1400","169.0000","-0.5200","1","43.6300","147.0000","-0.5400","1","99.2300","3.0000","3.1100","0.0800","99.6100","2.0000","6.2100","1","99.6100","2.0000","4.9800","0.0800","38.6100","160.0000","-0.4600","0.0800","99.6100","2.0000","8.0600","0.0000","93.8200","17.0000","-0.2200","0","93.8200","17.0000","-0.1800","0.0000","93.8200","17.0000","-0.2000","0","93.8200","17.0000","-0.2100","15","0","0"
"AAD2023.06.02752","37","36849","58","Central Michigan University","Economics, Department of","Economics, General","7","233.0000","18","228.0000","7","206.0000","2.5700","230.0000","73","237.0000","7","203.0000","1.0000","1.0000","1","76.0000","1","86.0000","982092.0000","56.0000","1","201.0000","1","196.0000","1","150.0000","1","126.0000","28","14","9","20","14","0.1400","0.1600","85.0000","67.5700","0.1400","-0.3400","128.0000","50.9700","1.0000","1.1700","1.0000","100.0000","2.5700","-0.5900","196.0000","24.7100","1.0000","1.2000","1.0000","100.0000","10.4300","-0.7400","235.0000","9.6500","4.0600","-0.9900","242.0000","6.9500","0.1400","0.6500","49.0000","81.4700","0.1400","0.2100","69.0000","73.7500","140298.8600","0.9200","22.0000","91.8900","982092.0000","2.4900","10.0000","96.5300","0.1400","-0.5300","190.0000","27.0300","0.1400","-0.6600","178.0000","31.6600","-0.6000","198.0000","23.9400","-0.6600","-0.4500","-0.8000","-0.2700","-0.8300","-0.8400","0.5379","-0.4300","-0.4400","-0.5300","-0.0700","-0.3200","-0.8300","-1.0400","24.7100","51.7400","22.0100","71.0400","20.8500","11.5800","100.0000","22.7800","42.4700","8.8800","78.7600","67.1800","12.3600","10.4200","259","4/1/2025 16:37","0","0","0.0000","0.0000","0.0000","105.0000","105.0000","105.0000","105.0000","105.0000","-0.5600","-0.6779","-0.4900","-0.5700","-0.5700","59.8500","59.8500","59.8500","59.8500","59.8500","0","0","23.1700","200.0000","-0.6200","0.0000","23.1700","200.0000","-0.8100","0","23.1700","200.0000","-0.7700","0","97.3000","8.0000","-0.1400","0.0000","97.3000","8.0000","-0.1500","0","97.3000","8.0000","-0.1600","0.0000","23.1700","200.0000","-1.0900","0.0000","97.3000","8.0000","-0.1500","0.0000","93.8200","17.0000","-0.2200","0","93.8200","17.0000","-0.1800","0.0000","93.8200","17.0000","-0.2000","0","93.8200","17.0000","-0.2100","15","0","0"
"AAD2023.06.02752","361","36889","58","Wesleyan University","Social Studies, College of","Economics, General","17","119.0000","41","164.0000","11","153.0000","3.7300","164.0000","84","235.0000","10","159.0000","0.9100","193.0000","1","76.0000","1","86.0000","77471.0000","111.0000","17","66.0000","10","58.0000","17","25.0000","12","10.0000","28","14","9","20","14","0.7100","4.5600","2.0000","99.6100","1.0000","1.7100","15.0000","94.5900","0.6500","-1.1400","232.0000","10.8100","2.4100","-0.6500","204.0000","21.6200","0.5900","-1.3600","235.0000","9.6500","4.9400","-0.8100","247.0000","5.0200","2.0500","-1.1900","256.0000","1.5400","0.0600","-0.1200","97.0000","62.9300","0.0600","-0.2700","100.0000","61.7800","4557.1200","-0.3400","113.0000","56.7600","77471.0000","-0.2600","107.0000","59.0700","1.0000","0.3900","44.0000","83.4000","0.5900","1.2600","35.0000","86.8700","-0.5000","178.0000","31.6600","0.2600","2.6000","-0.5300","-0.2700","-0.4700","-0.3800","-0.2956","-0.0500","0.8300","-0.5300","-0.2600","-0.3200","-0.5300","-0.1700","77.9900","96.5300","39.0000","71.0400","41.3100","37.0700","25.8700","74.9000","90.7300","9.6500","57.5300","67.1800","37.0700","54.4400","259","4/1/2025 16:37","0","0","0.0000","0.0000","0.0000","105.0000","105.0000","105.0000","105.0000","105.0000","-0.5600","-0.6779","-0.4900","-0.5700","-0.5700","59.8500","59.8500","59.8500","59.8500","59.8500","0","14","89.9600","27.0000","0.9000","0.8200","96.1400","11.0000","1.9900","9","92.6600","20.0000","1.3100","0","97.3000","8.0000","-0.1400","0.0000","97.3000","8.0000","-0.1500","0","97.3000","8.0000","-0.1600","0.5300","98.8400","4.0000","2.9300","0.0000","97.3000","8.0000","-0.1500","0.0000","93.8200","17.0000","-0.2200","0","93.8200","17.0000","-0.1800","0.0000","93.8200","17.0000","-0.2000","0","93.8200","17.0000","-0.2100","15","0","0"
"AAD2023.06.02752","331","37126","58","University of South Alabama","Economics, Finance, and Real Estate, Department of","Economics, General","12","171.0000","49","149.0000","11","153.0000","4.4500","114.0000","437","160.0000","11","148.0000","1.0000","1.0000","0","122.0000","0","122.0000","0.0000","122.0000","4","138.0000","2","155.0000","0","193.0000","0","193.0000","28","14","9","20","14","0.0000","-0.9600","193.0000","25.8700","0.0000","-0.6800","193.0000","25.8700","0.9200","0.6300","71.0000","72.9700","4.0800","0.0500","97.0000","62.9300","0.9200","0.6800","70.0000","73.3600","36.4200","-0.3700","150.0000","42.4700","8.9200","-0.5100","173.0000","33.5900","0.0000","-0.6600","122.0000","53.2800","0.0000","-0.6100","122.0000","53.2800","0.0000","-0.3800","122.0000","53.2800","0.0000","-0.5000","122.0000","53.2800","0.3300","-0.3300","134.0000","48.6500","0.1700","-0.5600","170.0000","34.7500","-0.2000","114.0000","56.3700","-0.5600","-0.7300","-0.4400","-0.5000","-0.4700","-0.0900","0.5379","-0.3600","-0.5200","-0.4100","-0.2800","-0.4600","-0.4200","-0.6000","40.5400","25.8700","43.2400","53.2800","41.3100","56.3700","100.0000","47.1000","25.8700","38.6100","53.2800","53.2800","42.8600","34.3600","259","4/1/2025 16:37","0","0","0.0000","0.0000","0.0000","105.0000","105.0000","105.0000","105.0000","105.0000","-0.5600","-0.6779","-0.4900","-0.5700","-0.5700","59.8500","59.8500","59.8500","59.8500","59.8500","0","0","23.1700","200.0000","-0.6200","0.0000","23.1700","200.0000","-0.8100","0","23.1700","200.0000","-0.7700","0","97.3000","8.0000","-0.1400","0.0000","97.3000","8.0000","-0.1500","0","97.3000","8.0000","-0.1600","0.0000","23.1700","200.0000","-1.0900","0.0000","97.3000","8.0000","-0.1500","0.0000","93.8200","17.0000","-0.2200","0","93.8200","17.0000","-0.1800","0.0000","93.8200","17.0000","-0.2000","0","93.8200","17.0000","-0.2100","15","0","0"
"AAD2023.06.02752","147","37194","58","North Carolina Agricultural and Technical State University","Economics , Department of","Economics, General","12","171.0000","36","179.0000","12","138.0000","3.0000","210.0000","391","168.0000","11","148.0000","0.9200","191.0000","1","76.0000","1","86.0000","69654.0000","113.0000","3","154.0000","3","133.0000","1","150.0000","1","126.0000","28","14","9","20","14","0.0800","-0.3100","143.0000","45.1700","0.0800","-0.4800","161.0000","38.2200","1.0000","1.1700","1.0000","100.0000","3.0000","-0.4100","167.0000","35.9100","0.9200","0.6800","70.0000","73.3600","32.5800","-0.4200","158.0000","39.3800","10.8600","-0.3100","139.0000","46.7200","0.0800","0.1000","76.0000","71.0400","0.0800","-0.1300","88.0000","66.4100","5804.5000","-0.3300","111.0000","57.5300","69654.0000","-0.2900","111.0000","57.5300","0.2500","-0.4200","154.0000","40.9300","0.2500","-0.2000","129.0000","50.5800","-0.3000","138.0000","47.1000","-0.4600","-0.4500","-0.4400","-0.2700","-0.3800","-0.6700","-0.2261","-0.3900","-0.4400","-0.4200","-0.2600","-0.3200","-0.5900","-0.6000","49.0300","51.7400","43.2400","71.0400","47.1000","19.3100","26.6400","40.9300","42.4700","35.5200","56.7600","67.1800","31.2700","34.3600","259","4/1/2025 16:37","0","0","0.0000","0.0000","0.0000","105.0000","105.0000","105.0000","105.0000","105.0000","-0.5600","-0.6779","-0.4900","-0.5700","-0.5700","59.8500","59.8500","59.8500","59.8500","59.8500","0","1","39.0000","159.0000","-0.5100","0.0800","35.1400","169.0000","-0.5200","1","43.6300","147.0000","-0.5400","0","97.3000","8.0000","-0.1400","0.0000","97.3000","8.0000","-0.1500","0","97.3000","8.0000","-0.1600","0.0800","38.6100","160.0000","-0.4600","0.0000","97.3000","8.0000","-0.1500","0.0000","93.8200","17.0000","-0.2200","0","93.8200","17.0000","-0.1800","0.0000","93.8200","17.0000","-0.2000","0","93.8200","17.0000","-0.2100","15","0","0"
"AAD2023.06.02752","187","37222","58","Seton Hall University","Economics and Legal Studies, Department of","Economics, General","9","212.0000","49","149.0000","8","194.0000","6.1300","50.0000","194","206.0000","8","185.0000","0.8900","205.0000","0","122.0000","0","122.0000","0.0000","122.0000","0","226.0000","0","226.0000","0","193.0000","0","193.0000","28","14","9","20","14","0.0000","-0.9600","193.0000","25.8700","0.0000","-0.6800","193.0000","25.8700","0.8900","0.4400","97.0000","62.9300","5.4400","0.6200","46.0000","82.6300","0.8900","0.5100","91.0000","65.2500","21.5600","-0.5800","193.0000","25.8700","3.9600","-1.0000","244.0000","6.1800","0.0000","-0.6600","122.0000","53.2800","0.0000","-0.6100","122.0000","53.2800","0.0000","-0.3800","122.0000","53.2800","0.0000","-0.5000","122.0000","53.2800","0.0000","-0.6900","226.0000","13.1300","0.0000","-1.2800","226.0000","13.1300","-0.4000","157.0000","39.7700","-0.7700","-0.7300","-0.7100","-0.5000","-0.7400","0.5800","-0.4808","-0.4600","-0.5200","-0.4900","-0.2800","-0.4600","-0.4200","-0.8600","13.1300","25.8700","28.9600","53.2800","25.4800","81.0800","21.2400","13.1300","25.8700","20.8500","53.2800","53.2800","42.8600","18.5300","259","4/1/2025 16:37","0","0","0.0000","0.0000","0.0000","105.0000","105.0000","105.0000","105.0000","105.0000","-0.5600","-0.6779","-0.4900","-0.5700","-0.5700","59.8500","59.8500","59.8500","59.8500","59.8500","0","2","50.5800","129.0000","-0.4000","0.2200","64.4800","93.0000","-0.0500","1","43.6300","147.0000","-0.5400","0","97.3000","8.0000","-0.1400","0.0000","97.3000","8.0000","-0.1500","0","97.3000","8.0000","-0.1600","0.1100","48.6500","134.0000","-0.2500","0.0000","97.3000","8.0000","-0.1500","0.0000","93.8200","17.0000","-0.2200","0","93.8200","17.0000","-0.1800","0.0000","93.8200","17.0000","-0.2000","0","93.8200","17.0000","-0.2100","15","0","0"
"AAD2023.06.02752","213","37241","58","Tennessee State University","Economics and Finance, Department of","Economics, General","6","238.0000","20","219.0000","4","238.0000","5.0000","85.0000","216","198.0000","4","234.0000","1.0000","1.0000","0","122.0000","0","122.0000","0.0000","122.0000","0","226.0000","0","226.0000","1","150.0000","1","126.0000","28","14","9","20","14","0.1700","0.3400","64.0000","75.6800","0.1700","-0.2800","114.0000","56.3700","0.6700","-1.0100","224.0000","13.9000","3.3300","-0.2700","142.0000","45.5600","0.6700","-0.8700","210.0000","19.3100","36.0000","-0.3700","152.0000","41.7000","10.8000","-0.3200","140.0000","46.3300","0.0000","-0.6600","122.0000","53.2800","0.0000","-0.6100","122.0000","53.2800","0.0000","-0.3800","122.0000","53.2800","0.0000","-0.5000","122.0000","53.2800","0.0000","-0.6900","226.0000","13.1300","0.0000","-1.2800","226.0000","13.1300","-0.4000","157.0000","39.7700","-0.7700","-0.4500","-1.0800","-0.5000","-1.1100","0.1300","0.5379","-0.4600","-0.4400","-0.4900","-0.2800","-0.4600","-0.8000","-1.1200","13.1300","51.7400","10.0400","53.2800","8.4900","67.5700","100.0000","13.1300","42.4700","23.9400","53.2800","53.2800","15.8300","8.4900","259","4/1/2025 16:37","0","0","0.0000","0.0000","0.0000","105.0000","105.0000","105.0000","105.0000","105.0000","-0.5600","-0.6779","-0.4900","-0.5700","-0.5700","59.8500","59.8500","59.8500","59.8500","59.8500","0","1","39.0000","159.0000","-0.5100","0.1700","52.9000","123.0000","-0.2400","1","43.6300","147.0000","-0.5400","0","97.3000","8.0000","-0.1400","0.0000","97.3000","8.0000","-0.1500","0","97.3000","8.0000","-0.1600","0.1700","66.4100","88.0000","0.1700","0.0000","97.3000","8.0000","-0.1500","0.0000","93.8200","17.0000","-0.2200","0","93.8200","17.0000","-0.1800","0.0000","93.8200","17.0000","-0.2000","0","93.8200","17.0000","-0.2100","15","0","0"
"AAD2023.06.02752","558642","37328","58","Tarleton State University","Accounting, Finance, and Economics, Department of","Economics, General","18","104.0000","28","202.0000","9","176.0000","3.1100","206.0000","202","203.0000","8","185.0000","0.8900","205.0000","0","122.0000","0","122.0000","0.0000","122.0000","1","201.0000","1","196.0000","0","193.0000","0","193.0000","28","14","9","20","14","0.0000","-0.9600","193.0000","25.8700","0.0000","-0.6800","193.0000","25.8700","0.5000","-2.1000","244.0000","6.1800","1.5600","-1.0200","240.0000","7.7200","0.4400","-2.2500","248.0000","4.6300","11.2200","-0.7300","231.0000","11.2000","7.2100","-0.6800","203.0000","22.0100","0.0000","-0.6600","122.0000","53.2800","0.0000","-0.6100","122.0000","53.2800","0.0000","-0.3800","122.0000","53.2800","0.0000","-0.5000","122.0000","53.2800","0.0600","-0.6300","223.0000","14.2900","0.0600","-1.0400","222.0000","14.6700","-1.0000","245.0000","5.7900","-0.6600","-0.7300","-0.7100","-0.5000","-0.6500","-0.6200","-0.4808","-0.4300","-0.5200","-0.4900","-0.2800","-0.4600","-0.7000","-0.0800","24.7100","25.8700","28.9600","53.2800","32.4300","20.8500","21.2400","22.7800","25.8700","22.0100","53.2800","53.2800","22.3900","60.2300","259","4/1/2025 16:37","0","0","0.0000","0.0000","0.0000","105.0000","105.0000","105.0000","105.0000","105.0000","-0.5600","-0.6779","-0.4900","-0.5700","-0.5700","59.8500","59.8500","59.8500","59.8500","59.8500","0","1","39.0000","159.0000","-0.5100","0.0600","28.5700","186.0000","-0.6200","1","43.6300","147.0000","-0.5400","0","97.3000","8.0000","-0.1400","0.0000","97.3000","8.0000","-0.1500","0","97.3000","8.0000","-0.1600","0.0600","28.9600","185.0000","-0.6700","0.0000","97.3000","8.0000","-0.1500","0.0000","93.8200","17.0000","-0.2200","0","93.8200","17.0000","-0.1800","0.0000","93.8200","17.0000","-0.2000","0","93.8200","17.0000","-0.2100","15","0","0"
"AAD2023.06.02752","65","37440","58","Eastern Michigan University","Economics, Department of","Economics, General","8","224.0000","53","143.0000","6","220.0000","8.8300","10.0000","537","144.0000","6","218.0000","1.0000","1.0000","0","122.0000","0","122.0000","0.0000","122.0000","0","226.0000","0","226.0000","0","193.0000","0","193.0000","28","14","9","20","14","0.0000","-0.9600","193.0000","25.8700","0.0000","-0.6800","193.0000","25.8700","0.7500","-0.4600","198.0000","23.9400","6.6300","1.1200","28.0000","89.5800","0.7500","-0.3500","187.0000","28.1900","67.1300","0.0700","77.0000","70.6600","10.1300","-0.3800","149.0000","42.8600","0.0000","-0.6600","122.0000","53.2800","0.0000","-0.6100","122.0000","53.2800","0.0000","-0.3800","122.0000","53.2800","0.0000","-0.5000","122.0000","53.2800","0.0000","-0.6900","226.0000","13.1300","0.0000","-1.2800","226.0000","13.1300","-0.6000","198.0000","23.9400","-0.7700","-0.7300","-0.8900","-0.5000","-0.9300","1.6500","0.5379","-0.4600","-0.5200","-0.3700","-0.2800","-0.4600","-0.3700","-0.9500","13.1300","25.8700","16.2200","53.2800","15.4400","96.5300","100.0000","13.1300","25.8700","44.7900","53.2800","53.2800","45.1700","13.9000","259","4/1/2025 16:37","0","0","0.0000","0.0000","0.0000","105.0000","105.0000","105.0000","105.0000","105.0000","-0.5600","-0.6779","-0.4900","-0.5700","-0.5700","59.8500","59.8500","59.8500","59.8500","59.8500","0","0","23.1700","200.0000","-0.6200","0.0000","23.1700","200.0000","-0.8100","0","23.1700","200.0000","-0.7700","0","97.3000","8.0000","-0.1400","0.0000","97.3000","8.0000","-0.1500","0","97.3000","8.0000","-0.1600","0.0000","23.1700","200.0000","-1.0900","0.0000","97.3000","8.0000","-0.1500","0.0000","93.8200","17.0000","-0.2200","0","93.8200","17.0000","-0.1800","0.0000","93.8200","17.0000","-0.2000","0","93.8200","17.0000","-0.2100","15","0","0"
"AAD2023.06.02752","195","37557","58","Southern University and A&M College","Accounting, Finance & Economics, Department of","Economics, General","11","183.0000","12","240.0000","5","228.0000","2.4000","233.0000","18","254.0000","1","258.0000","0.2000","258.0000","0","122.0000","0","122.0000","0.0000","122.0000","4","138.0000","2","155.0000","0","193.0000","0","193.0000","28","14","9","20","14","0.0000","-0.9600","193.0000","25.8700","0.0000","-0.6800","193.0000","25.8700","0.4500","-2.4000","251.0000","3.4700","1.0900","-1.2100","249.0000","4.2500","0.0900","-4.4500","259.0000","0.3900","1.6400","-0.8600","256.0000","1.5400","1.5000","-1.2500","258.0000","0.7700","0.0000","-0.6600","122.0000","53.2800","0.0000","-0.6100","122.0000","53.2800","0.0000","-0.3800","122.0000","53.2800","0.0000","-0.5000","122.0000","53.2800","0.3600","-0.3000","130.0000","50.1900","0.1800","-0.4900","164.0000","37.0700","-1.1000","250.0000","3.8600","-0.5600","-0.7300","-1.3500","-0.5000","-1.0200","-0.9000","-6.7964","-0.3600","-0.5200","-0.5500","-0.2800","-0.4600","-0.9000","-0.6900","40.5400","25.8700","0.7700","53.2800","12.3600","10.4200","0.7700","47.1000","25.8700","2.3200","53.2800","53.2800","7.7200","29.7300","259","4/1/2025 16:37","0","0","0.0000","0.0000","0.0000","105.0000","105.0000","105.0000","105.0000","105.0000","-0.5600","-0.6779","-0.4900","-0.5700","-0.5700","59.8500","59.8500","59.8500","59.8500","59.8500","0","0","23.1700","200.0000","-0.6200","0.0000","23.1700","200.0000","-0.8100","0","23.1700","200.0000","-0.7700","0","97.3000","8.0000","-0.1400","0.0000","97.3000","8.0000","-0.1500","0","97.3000","8.0000","-0.1600","0.0000","23.1700","200.0000","-1.0900","0.0000","97.3000","8.0000","-0.1500","0.0000","93.8200","17.0000","-0.2200","0","93.8200","17.0000","-0.1800","0.0000","93.8200","17.0000","-0.2000","0","93.8200","17.0000","-0.2100","15","0","0"
"AAD2023.06.02752","383","37675","58","Hofstra University","Economics, Department of","Economics, General","7","233.0000","3","255.0000","2","253.0000","1.5000","253.0000","13","255.0000","2","253.0000","1.0000","1.0000","0","122.0000","0","122.0000","0.0000","122.0000","0","226.0000","0","226.0000","3","100.0000","1","126.0000","28","14","9","20","14","0.1400","0.1600","85.0000","67.5700","0.4300","0.3400","55.0000","79.1500","0.2900","-3.5000","256.0000","1.5400","0.4300","-1.4900","257.0000","1.1600","0.2900","-3.2400","257.0000","1.1600","1.8600","-0.8600","255.0000","1.9300","4.3300","-0.9600","239.0000","8.1100","0.0000","-0.6600","122.0000","53.2800","0.0000","-0.6100","122.0000","53.2800","0.0000","-0.3800","122.0000","53.2800","0.0000","-0.5000","122.0000","53.2800","0.0000","-0.6900","226.0000","13.1300","0.0000","-1.2800","226.0000","13.1300","-1.3000","257.0000","1.1600","-0.7700","-0.4500","-1.2600","-0.5000","-1.2900","-1.2600","0.5379","-0.4600","-0.2800","-0.5600","-0.2800","-0.4600","-1.0200","-1.0400","13.1300","51.7400","2.7000","53.2800","2.7000","2.7000","100.0000","13.1300","61.7800","1.9300","53.2800","53.2800","1.9300","10.4200","259","4/1/2025 16:37","0","0","0.0000","0.0000","0.0000","105.0000","105.0000","105.0000","105.0000","105.0000","-0.5600","-0.6779","-0.4900","-0.5700","-0.5700","59.8500","59.8500","59.8500","59.8500","59.8500","0","0","23.1700","200.0000","-0.6200","0.0000","23.1700","200.0000","-0.8100","0","23.1700","200.0000","-0.7700","0","97.3000","8.0000","-0.1400","0.0000","97.3000","8.0000","-0.1500","0","97.3000","8.0000","-0.1600","0.0000","23.1700","200.0000","-1.0900","0.0000","97.3000","8.0000","-0.1500","0.0000","93.8200","17.0000","-0.2200","0","93.8200","17.0000","-0.1800","0.0000","93.8200","17.0000","-0.2000","0","93.8200","17.0000","-0.2100","15","0","0"
"AAD2023.06.02752","537172","37755","58","Montclair State University","Economics, Department of","Economics, General","9","212.0000","43","160.0000","9","176.0000","4.7800","93.0000","230","192.0000","8","185.0000","0.8900","205.0000","0","122.0000","0","122.0000","0.0000","122.0000","1","201.0000","1","196.0000","0","193.0000","0","193.0000","28","14","9","20","14","0.0000","-0.9600","193.0000","25.8700","0.0000","-0.6800","193.0000","25.8700","1.0000","1.1700","1.0000","100.0000","4.7800","0.3400","69.0000","73.7500","0.8900","0.5100","91.0000","65.2500","25.5600","-0.5200","175.0000","32.8200","5.3500","-0.8600","227.0000","12.7400","0.0000","-0.6600","122.0000","53.2800","0.0000","-0.6100","122.0000","53.2800","0.0000","-0.3800","122.0000","53.2800","0.0000","-0.5000","122.0000","53.2800","0.1100","-0.5700","202.0000","22.3900","0.1100","-0.8000","198.0000","23.9400","-0.1000","93.0000","64.4800","-0.6600","-0.7300","-0.7100","-0.5000","-0.6500","0.0400","-0.4808","-0.4300","-0.5200","-0.4800","-0.2800","-0.4600","-0.5000","-0.8600","24.7100","25.8700","28.9600","53.2800","32.4300","64.4800","21.2400","22.7800","25.8700","26.2500","53.2800","53.2800","38.6100","18.5300","259","4/1/2025 16:37","0","0","0.0000","0.0000","0.0000","105.0000","105.0000","105.0000","105.0000","105.0000","-0.5600","-0.6779","-0.4900","-0.5700","-0.5700","59.8500","59.8500","59.8500","59.8500","59.8500","0","0","23.1700","200.0000","-0.6200","0.0000","23.1700","200.0000","-0.8100","0","23.1700","200.0000","-0.7700","0","97.3000","8.0000","-0.1400","0.0000","97.3000","8.0000","-0.1500","0","97.3000","8.0000","-0.1600","0.0000","23.1700","200.0000","-1.0900","0.0000","97.3000","8.0000","-0.1500","0.0000","93.8200","17.0000","-0.2200","0","93.8200","17.0000","-0.1800","0.0000","93.8200","17.0000","-0.2000","0","93.8200","17.0000","-0.2100","15","0","0"
"AAD2023.06.02752","537217","37860","58","California State University, Long Beach","Economics, Department of","Economics, General","10","198.0000","18","228.0000","6","220.0000","3.0000","210.0000","197","205.0000","7","203.0000","1.0000","1.0000","0","122.0000","0","122.0000","0.0000","122.0000","0","226.0000","0","226.0000","0","193.0000","0","193.0000","28","14","9","20","14","0.0000","-0.9600","193.0000","25.8700","0.0000","-0.6800","193.0000","25.8700","0.6000","-1.4500","238.0000","8.4900","1.8000","-0.9100","235.0000","9.6500","0.7000","-0.6600","202.0000","22.3900","19.7000","-0.6100","199.0000","23.5500","10.9400","-0.3000","136.0000","47.8800","0.0000","-0.6600","122.0000","53.2800","0.0000","-0.6100","122.0000","53.2800","0.0000","-0.3800","122.0000","53.2800","0.0000","-0.5000","122.0000","53.2800","0.0000","-0.6900","226.0000","13.1300","0.0000","-1.2800","226.0000","13.1300","-0.8000","230.0000","11.5800","-0.7700","-0.7300","-0.8000","-0.5000","-0.9300","-0.6700","0.5379","-0.4600","-0.5200","-0.4900","-0.2800","-0.4600","-0.8300","-0.7800","13.1300","25.8700","22.0100","53.2800","15.4400","19.3100","100.0000","13.1300","25.8700","21.2400","53.2800","53.2800","12.3600","23.9400","259","4/1/2025 16:37","3","1","3.0000","0.3000","0.1000","49.0000","6.0000","30.0000","7.0000","32.0000","0.1200","2.7076","0.6600","2.6600","0.9700","81.4700","98.0700","88.8000","97.6800","88.0300","0","0","23.1700","200.0000","-0.6200","0.0000","23.1700","200.0000","-0.8100","0","23.1700","200.0000","-0.7700","0","97.3000","8.0000","-0.1400","0.0000","97.3000","8.0000","-0.1500","0","97.3000","8.0000","-0.1600","0.0000","23.1700","200.0000","-1.0900","0.0000","97.3000","8.0000","-0.1500","0.0000","93.8200","17.0000","-0.2200","0","93.8200","17.0000","-0.1800","0.0000","93.8200","17.0000","-0.2000","0","93.8200","17.0000","-0.2100","15","0","0"
"AAD2023.06.02752","537881","37908","58","Kennesaw State University","Economics, Finance, and Quantitative Analysis, Department of","Economics, General","34","29.0000","101","70.0000","30","29.0000","3.3700","189.0000","1017","97.0000","27","36.0000","0.8400","230.0000","0","122.0000","0","122.0000","0.0000","122.0000","8","98.0000","6","89.0000","5","80.0000","3","61.0000","28","14","9","20","14","0.0900","-0.2700","140.0000","46.3300","0.1500","-0.3300","127.0000","51.3500","0.8800","0.4000","106.0000","59.4600","2.9700","-0.4200","173.0000","33.5900","0.7900","-0.0800","164.0000","37.0700","29.9100","-0.4600","163.0000","37.4500","10.0700","-0.3900","152.0000","41.7000","0.0000","-0.6600","122.0000","53.2800","0.0000","-0.6100","122.0000","53.2800","0.0000","-0.3800","122.0000","53.2800","0.0000","-0.5000","122.0000","53.2800","0.2400","-0.4400","162.0000","37.8400","0.1800","-0.5200","168.0000","35.5200","-0.3000","138.0000","47.1000","-0.1500","0.1000","1.0100","-0.5000","1.2700","-0.5200","-0.8946","-0.2700","-0.1200","-0.2100","-0.2800","-0.4600","0.2600","1.3000","66.0200","76.8300","86.4900","53.2800","89.1900","27.4100","11.5800","62.5500","69.5000","62.9300","53.2800","53.2800","73.3600","89.1900","259","4/1/2025 16:37","7","4","1.7500","0.2100","0.1200","9.0000","30.0000","10.0000","19.0000","22.0000","2.1500","1.2969","2.1900","1.6400","1.2400","96.9100","88.8000","96.5300","93.0500","91.8900","0","2","50.5800","129.0000","-0.4000","0.0600","29.3400","184.0000","-0.6100","2","57.9200","110.0000","-0.3100","0","97.3000","8.0000","-0.1400","0.0000","97.3000","8.0000","-0.1500","0","97.3000","8.0000","-0.1600","0.0600","30.1200","182.0000","-0.6500","0.0000","97.3000","8.0000","-0.1500","0.0000","93.8200","17.0000","-0.2200","0","93.8200","17.0000","-0.1800","0.0000","93.8200","17.0000","-0.2000","0","93.8200","17.0000","-0.2100","15","0","0"
"AAD2023.06.02752","52","38235","58","Creighton University","Economics and Finance Area","Economics, General","15","131.0000","48","151.0000","12","138.0000","4.0000","142.0000","228","194.0000","11","148.0000","0.8500","228.0000","0","122.0000","0","122.0000","0.0000","122.0000","2","172.0000","2","155.0000","7","62.0000","2","86.0000","28","14","9","20","14","0.1300","0.0800","96.0000","63.3200","0.4700","0.4300","54.0000","79.5400","0.8000","-0.1400","165.0000","36.6800","3.2000","-0.3200","153.0000","41.3100","0.7300","-0.4500","196.0000","24.7100","15.2000","-0.6700","214.0000","17.7600","4.7500","-0.9200","234.0000","10.0400","0.0000","-0.6600","122.0000","53.2800","0.0000","-0.6100","122.0000","53.2800","0.0000","-0.3800","122.0000","53.2800","0.0000","-0.5000","122.0000","53.2800","0.1300","-0.5400","193.0000","25.8700","0.1300","-0.7000","184.0000","29.3400","-0.5000","178.0000","31.6600","-0.5600","-0.1700","-0.4400","-0.5000","-0.3800","-0.2700","-0.8726","-0.4100","0.0300","-0.4800","-0.2800","-0.4600","-0.4400","-0.3400","40.5400","67.1800","43.2400","53.2800","47.1000","45.5600","12.3600","33.9800","76.4500","25.4800","53.2800","53.2800","42.0800","49.8100","259","4/1/2025 16:37","1","1","1.0000","0.0700","0.0700","49.0000","47.0000","65.0000","71.0000","56.0000","0.1200","0.4506","-0.1100","0.1400","0.4600","81.4700","82.2400","75.2900","72.9700","78.7600","0","3","60.6200","103.0000","-0.2900","0.2000","61.0000","102.0000","-0.1300","1","43.6300","147.0000","-0.5400","0","97.3000","8.0000","-0.1400","0.0000","97.3000","8.0000","-0.1500","0","97.3000","8.0000","-0.1600","0.0700","33.2000","174.0000","-0.5900","0.0000","97.3000","8.0000","-0.1500","0.0000","93.8200","17.0000","-0.2200","0","93.8200","17.0000","-0.1800","0.0000","93.8200","17.0000","-0.2000","0","93.8200","17.0000","-0.2100","15","0","0"
"AAD2023.06.02752","180","38315","58","Sam Houston State University","Economics and International Business, Department of","Economics, General","13","157.0000","33","187.0000","10","166.0000","3.3000","193.0000","236","188.0000","11","148.0000","1.0000","1.0000","0","122.0000","0","122.0000","0.0000","122.0000","1","201.0000","1","196.0000","1","150.0000","1","126.0000","28","14","9","20","14","0.0800","-0.3600","150.0000","42.4700","0.0800","-0.5000","164.0000","37.0700","0.7700","-0.3400","192.0000","26.2500","2.5400","-0.6000","199.0000","23.5500","0.8500","0.2500","124.0000","52.5100","18.1500","-0.6300","204.0000","21.6200","7.1500","-0.6800","204.0000","21.6200","0.0000","-0.6600","122.0000","53.2800","0.0000","-0.6100","122.0000","53.2800","0.0000","-0.3800","122.0000","53.2800","0.0000","-0.5000","122.0000","53.2800","0.0800","-0.6100","212.0000","18.5300","0.0800","-0.9400","210.0000","19.3100","-0.5000","178.0000","31.6600","-0.6600","-0.4500","-0.4400","-0.5000","-0.5600","-0.5500","0.5379","-0.4300","-0.4400","-0.4800","-0.2800","-0.4600","-0.6300","-0.5200","24.7100","51.7400","43.2400","53.2800","36.2900","25.8700","100.0000","22.7800","42.4700","27.8000","53.2800","53.2800","28.1900","39.7700","259","4/1/2025 16:37","0","0","0.0000","0.0000","0.0000","105.0000","105.0000","105.0000","105.0000","105.0000","-0.5600","-0.6779","-0.4900","-0.5700","-0.5700","59.8500","59.8500","59.8500","59.8500","59.8500","0","1","39.0000","159.0000","-0.5100","0.0800","33.5900","173.0000","-0.5400","1","43.6300","147.0000","-0.5400","0","97.3000","8.0000","-0.1400","0.0000","97.3000","8.0000","-0.1500","0","97.3000","8.0000","-0.1600","0.0800","36.6800","165.0000","-0.5100","0.0000","97.3000","8.0000","-0.1500","0.0000","93.8200","17.0000","-0.2200","0","93.8200","17.0000","-0.1800","0.0000","93.8200","17.0000","-0.2000","0","93.8200","17.0000","-0.2100","15","0","0"
"AAD2023.06.02752","521","38765","58","Delaware State University","Accounting, Economics and Finance, Department of","Economics, General","4","253.0000","3","255.0000","2","253.0000","1.5000","253.0000","5","259.0000","3","245.0000","0.7500","246.0000","0","122.0000","0","122.0000","0.0000","122.0000","0","226.0000","0","226.0000","0","193.0000","0","193.0000","28","14","9","20","14","0.0000","-0.9600","193.0000","25.8700","0.0000","-0.6800","193.0000","25.8700","0.5000","-2.1000","244.0000","6.1800","0.7500","-1.3600","251.0000","3.4700","0.7500","-0.3500","187.0000","28.1900","1.2500","-0.8700","258.0000","0.7700","1.6700","-1.2300","257.0000","1.1600","0.0000","-0.6600","122.0000","53.2800","0.0000","-0.6100","122.0000","53.2800","0.0000","-0.3800","122.0000","53.2800","0.0000","-0.5000","122.0000","53.2800","0.0000","-0.6900","226.0000","13.1300","0.0000","-1.2800","226.0000","13.1300","-1.2000","254.0000","2.3200","-0.7700","-0.7300","-1.1700","-0.5000","-1.2900","-1.2600","-1.7541","-0.4600","-0.5200","-0.5600","-0.2800","-0.4600","-1.0200","-1.3000","13.1300","25.8700","5.7900","53.2800","2.7000","2.7000","5.4100","13.1300","25.8700","0.3900","53.2800","53.2800","1.9300","2.7000","259","4/1/2025 16:37","0","0","0.0000","0.0000","0.0000","105.0000","105.0000","105.0000","105.0000","105.0000","-0.5600","-0.6779","-0.4900","-0.5700","-0.5700","59.8500","59.8500","59.8500","59.8500","59.8500","0","0","23.1700","200.0000","-0.6200","0.0000","23.1700","200.0000","-0.8100","0","23.1700","200.0000","-0.7700","0","97.3000","8.0000","-0.1400","0.0000","97.3000","8.0000","-0.1500","0","97.3000","8.0000","-0.1600","0.0000","23.1700","200.0000","-1.0900","0.0000","97.3000","8.0000","-0.1500","0.0000","93.8200","17.0000","-0.2200","0","93.8200","17.0000","-0.1800","0.0000","93.8200","17.0000","-0.2000","0","93.8200","17.0000","-0.2100","15","0","0"
"AAD2023.06.02752","525","38826","58","James Madison University","Economics, Department of","Economics, General","15","131.0000","39","169.0000","11","153.0000","3.5500","181.0000","169","214.0000","9","175.0000","0.7500","246.0000","0","122.0000","0","122.0000","0.0000","122.0000","2","172.0000","1","196.0000","2","122.0000","2","86.0000","28","14","9","20","14","0.1300","0.0800","96.0000","63.3200","0.1300","-0.3600","136.0000","47.8800","0.7300","-0.5700","207.0000","20.4600","2.6000","-0.5800","193.0000","25.8700","0.6000","-1.2800","230.0000","11.5800","11.2700","-0.7300","230.0000","11.5800","4.3300","-0.9600","239.0000","8.1100","0.0000","-0.6600","122.0000","53.2800","0.0000","-0.6100","122.0000","53.2800","0.0000","-0.3800","122.0000","53.2800","0.0000","-0.5000","122.0000","53.2800","0.1300","-0.5400","193.0000","25.8700","0.0700","-0.9900","217.0000","16.6000","-0.8000","230.0000","11.5800","-0.6600","-0.1700","-0.6200","-0.5000","-0.4700","-0.4500","-1.7541","-0.4100","-0.3600","-0.5000","-0.2800","-0.4600","-0.5500","-0.3400","24.7100","67.1800","32.8200","53.2800","41.3100","30.5000","5.4100","33.9800","53.2800","17.7600","53.2800","53.2800","35.1400","49.8100","259","4/1/2025 16:37","0","0","0.0000","0.0000","0.0000","105.0000","105.0000","105.0000","105.0000","105.0000","-0.5600","-0.6779","-0.4900","-0.5700","-0.5700","59.8500","59.8500","59.8500","59.8500","59.8500","0","1","39.0000","159.0000","-0.5100","0.0700","32.0500","177.0000","-0.5800","1","43.6300","147.0000","-0.5400","0","97.3000","8.0000","-0.1400","0.0000","97.3000","8.0000","-0.1500","0","97.3000","8.0000","-0.1600","0.0700","33.2000","174.0000","-0.5900","0.0000","97.3000","8.0000","-0.1500","0.0000","93.8200","17.0000","-0.2200","0","93.8200","17.0000","-0.1800","0.0000","93.8200","17.0000","-0.2000","0","93.8200","17.0000","-0.2100","15","0","0"
"AAD2023.06.02752","536253","38936","58","Chapman University","Business and Economics, Argyros School of","Economics, General","18","104.0000","120","51.0000","13","128.0000","9.2300","9.0000","966","106.0000","13","124.0000","0.9200","184.0000","1","76.0000","1","86.0000","297165.0000","89.0000","8","98.0000","2","155.0000","16","27.0000","3","61.0000","28","14","9","20","14","0.1700","0.3400","64.0000","75.6800","0.8900","1.4400","22.0000","91.8900","0.7200","-0.6500","210.0000","19.3100","6.6700","1.1400","24.0000","91.1200","0.7200","-0.5200","198.0000","23.9400","53.6700","-0.1200","104.0000","60.2300","8.0500","-0.5900","191.0000","26.6400","0.0600","-0.1500","100.0000","61.7800","0.0600","-0.2900","103.0000","60.6200","16509.1700","-0.2300","84.0000","67.9500","297165.0000","0.4000","43.0000","83.7800","0.4400","-0.2100","113.0000","56.7600","0.1100","-0.8000","198.0000","23.9400","-0.4000","157.0000","39.7700","-0.5600","0.1000","-0.2600","-0.2700","-0.2800","1.8100","-0.1673","-0.2700","0.7500","-0.2300","-0.2200","-0.3200","0.5000","-0.0800","40.5400","76.8300","52.5100","71.0400","50.9700","96.9100","29.3400","62.5500","89.9600","59.4600","66.0200","67.1800","80.7000","60.2300","259","4/1/2025 16:37","7","2","3.5000","0.3900","0.1100","26.0000","4.0000","10.0000","6.0000","25.0000","0.7900","3.2718","2.1900","3.6100","1.1400","90.3500","98.8400","96.5300","98.0700","90.7300","0","5","71.0400","76.0000","-0.0800","0.2800","72.5900","72.0000","0.1400","4","77.2200","60.0000","0.1500","0","97.3000","8.0000","-0.1400","0.0000","97.3000","8.0000","-0.1500","0","97.3000","8.0000","-0.1600","0.2200","77.9900","58.0000","0.5900","0.0000","97.3000","8.0000","-0.1500","0.0000","93.8200","17.0000","-0.2200","0","93.8200","17.0000","-0.1800","0.0000","93.8200","17.0000","-0.2000","0","93.8200","17.0000","-0.2100","15","0","0"
"AAD2023.06.02752","539790","39077","58","Virginia State University","Mathematics and Economics, Department of","Economics, General","15","131.0000","8","246.0000","6","220.0000","1.3300","256.0000","55","242.0000","5","227.0000","0.8300","231.0000","0","122.0000","0","122.0000","0.0000","122.0000","3","154.0000","2","155.0000","1","150.0000","1","126.0000","28","14","9","20","14","0.0700","-0.4400","161.0000","38.2200","0.0700","-0.5200","172.0000","33.9800","0.4000","-2.7500","253.0000","2.7000","0.5300","-1.4500","256.0000","1.5400","0.3300","-2.9400","255.0000","1.9300","3.6700","-0.8300","254.0000","2.3200","6.8800","-0.7100","208.0000","20.0800","0.0000","-0.6600","122.0000","53.2800","0.0000","-0.6100","122.0000","53.2800","0.0000","-0.3800","122.0000","53.2800","0.0000","-0.5000","122.0000","53.2800","0.2000","-0.4700","174.0000","33.2000","0.1300","-0.7000","184.0000","29.3400","-1.2000","254.0000","2.3200","-0.5600","-0.4500","-0.9900","-0.5000","-0.9300","-1.3300","-0.9901","-0.3900","-0.4400","-0.5400","-0.2800","-0.4600","-0.9600","-0.3400","40.5400","51.7400","12.7400","53.2800","15.4400","1.5400","11.2000","40.9300","42.4700","6.9500","53.2800","53.2800","5.4100","49.8100","259","4/1/2025 16:37","2","1","2.0000","0.1300","0.0700","49.0000","13.0000","42.0000","37.0000","56.0000","0.1200","1.5791","0.2700","0.8600","0.4600","81.4700","95.3700","84.1700","86.1000","78.7600","0","1","39.0000","159.0000","-0.5100","0.0700","32.0500","177.0000","-0.5800","1","43.6300","147.0000","-0.5400","0","97.3000","8.0000","-0.1400","0.0000","97.3000","8.0000","-0.1500","0","97.3000","8.0000","-0.1600","0.0700","33.2000","174.0000","-0.5900","0.0000","97.3000","8.0000","-0.1500","0.0000","93.8200","17.0000","-0.2200","0","93.8200","17.0000","-0.1800","0.0000","93.8200","17.0000","-0.2000","0","93.8200","17.0000","-0.2100","15","0","0"
"AAD2023.06.02752","558968","39361","58","Washington State University - Vancouver","Economic Sciences, School of","Economics, General","32","34.0000","142","37.0000","27","35.0000","5.2600","75.0000","1547","67.0000","28","33.0000","0.9300","178.0000","4","36.0000","9","26.0000","15171622.0000","5.0000","15","73.0000","9","63.0000","18","22.0000","5","32.0000","28","14","9","20","14","0.1600","0.2600","75.0000","71.4300","0.5600","0.6600","41.0000","84.5600","0.8400","0.1500","139.0000","46.7200","4.4400","0.2000","86.0000","67.1800","0.8800","0.4300","103.0000","60.6200","48.3400","-0.2000","113.0000","56.7600","10.8900","-0.3100","138.0000","47.1000","0.1300","0.4900","56.0000","78.7600","0.2800","1.0000","35.0000","86.8700","474113.1900","4.0300","3.0000","99.2300","1685735.7800","4.6200","3.0000","99.2300","0.4700","-0.1800","108.0000","58.6900","0.2800","-0.0700","119.0000","54.4400","0.0000","75.0000","71.4300","0.1600","0.6600","1.1000","0.4400","1.0000","0.2300","-0.0733","-0.1000","0.9100","-0.0300","2.8600","0.8300","0.7900","1.1300","76.0600","88.0300","87.6400","86.4900","86.8700","71.4300","31.6600","72.2000","91.8900","74.5200","98.4600","90.3500","86.1000","87.2600","259","4/1/2025 16:37","4","2","2.0000","0.1300","0.0600","26.0000","13.0000","21.0000","41.0000","64.0000","0.7900","1.5791","1.0400","0.7700","0.3900","90.3500","95.3700","92.2800","84.5600","75.6800","0","20","94.2100","16.0000","1.5500","0.6300","91.5100","23.0000","1.3200","5","83.0100","45.0000","0.3800","0","97.3000","8.0000","-0.1400","0.0000","97.3000","8.0000","-0.1500","0","97.3000","8.0000","-0.1600","0.1600","61.3900","101.0000","0.0900","0.0000","97.3000","8.0000","-0.1500","0.0000","93.8200","17.0000","-0.2200","0","93.8200","17.0000","-0.1800","0.0000","93.8200","17.0000","-0.2000","0","93.8200","17.0000","-0.2100","15","0","0"
"AAD2023.06.02752","264","39897","58","University of Colorado at Colorado Springs","Economics, Department of","Economics, General","6","238.0000","11","242.0000","4","238.0000","2.7500","226.0000","25","253.0000","4","234.0000","1.0000","1.0000","0","122.0000","0","122.0000","0.0000","122.0000","0","226.0000","0","226.0000","0","193.0000","0","193.0000","28","14","9","20","14","0.0000","-0.9600","193.0000","25.8700","0.0000","-0.6800","193.0000","25.8700","0.6700","-1.0100","224.0000","13.9000","1.8300","-0.9000","233.0000","10.4200","0.6700","-0.8700","210.0000","19.3100","4.1700","-0.8300","253.0000","2.7000","2.2700","-1.1700","254.0000","2.3200","0.0000","-0.6600","122.0000","53.2800","0.0000","-0.6100","122.0000","53.2800","0.0000","-0.3800","122.0000","53.2800","0.0000","-0.5000","122.0000","53.2800","0.0000","-0.6900","226.0000","13.1300","0.0000","-1.2800","226.0000","13.1300","-1.0000","245.0000","5.7900","-0.7700","-0.7300","-1.0800","-0.5000","-1.1100","-0.7600","0.5379","-0.4600","-0.5200","-0.5500","-0.2800","-0.4600","-0.9200","-1.1200","13.1300","25.8700","10.0400","53.2800","8.4900","13.1300","100.0000","13.1300","25.8700","2.7000","53.2800","53.2800","6.9500","8.4900","259","4/1/2025 16:37","0","0","0.0000","0.0000","0.0000","105.0000","105.0000","105.0000","105.0000","105.0000","-0.5600","-0.6779","-0.4900","-0.5700","-0.5700","59.8500","59.8500","59.8500","59.8500","59.8500","0","0","23.1700","200.0000","-0.6200","0.0000","23.1700","200.0000","-0.8100","0","23.1700","200.0000","-0.7700","0","97.3000","8.0000","-0.1400","0.0000","97.3000","8.0000","-0.1500","0","97.3000","8.0000","-0.1600","0.0000","23.1700","200.0000","-1.0900","0.0000","97.3000","8.0000","-0.1500","0.0000","93.8200","17.0000","-0.2200","0","93.8200","17.0000","-0.1800","0.0000","93.8200","17.0000","-0.2000","0","93.8200","17.0000","-0.2100","15","0","0"
"AAD2023.06.02752","342","39955","58","University of Tulsa, The","Economics, Department of","Economics, General","5","247.0000","9","244.0000","4","238.0000","2.2500","236.0000","102","231.0000","5","227.0000","1.0000","1.0000","0","122.0000","0","122.0000","0.0000","122.0000","0","226.0000","0","226.0000","1","150.0000","1","126.0000","28","14","9","20","14","0.2000","0.6000","45.0000","83.0100","0.2000","-0.2000","104.0000","60.2300","0.8000","-0.1400","165.0000","36.6800","1.8000","-0.9100","235.0000","9.6500","1.0000","1.2000","1.0000","100.0000","20.4000","-0.6000","198.0000","23.9400","11.3300","-0.2600","129.0000","50.5800","0.0000","-0.6600","122.0000","53.2800","0.0000","-0.6100","122.0000","53.2800","0.0000","-0.3800","122.0000","53.2800","0.0000","-0.5000","122.0000","53.2800","0.0000","-0.6900","226.0000","13.1300","0.0000","-1.2800","226.0000","13.1300","-0.7000","214.0000","17.7600","-0.7700","-0.4500","-0.9900","-0.5000","-1.1100","-0.9600","0.5379","-0.4600","-0.4400","-0.5200","-0.2800","-0.4600","-0.9400","-1.2100","13.1300","51.7400","12.7400","53.2800","8.4900","9.2700","100.0000","13.1300","42.4700","11.2000","53.2800","53.2800","6.1800","5.0200","259","4/1/2025 16:37","0","0","0.0000","0.0000","0.0000","105.0000","105.0000","105.0000","105.0000","105.0000","-0.5600","-0.6779","-0.4900","-0.5700","-0.5700","59.8500","59.8500","59.8500","59.8500","59.8500","0","0","23.1700","200.0000","-0.6200","0.0000","23.1700","200.0000","-0.8100","0","23.1700","200.0000","-0.7700","0","97.3000","8.0000","-0.1400","0.0000","97.3000","8.0000","-0.1500","0","97.3000","8.0000","-0.1600","0.0000","23.1700","200.0000","-1.0900","0.0000","97.3000","8.0000","-0.1500","0.0000","93.8200","17.0000","-0.2200","0","93.8200","17.0000","-0.1800","0.0000","93.8200","17.0000","-0.2000","0","93.8200","17.0000","-0.2100","15","0","0"
"AAD2023.06.02752","365","39982","58","Wichita State University","Economics, Department of","Economics, General","6","238.0000","23","211.0000","6","220.0000","3.8300","157.0000","132","226.0000","6","218.0000","1.0000","1.0000","0","122.0000","0","122.0000","0.0000","122.0000","0","226.0000","0","226.0000","1","150.0000","1","126.0000","28","14","9","20","14","0.1700","0.3400","64.0000","75.6800","0.1700","-0.2800","114.0000","56.3700","1.0000","1.1700","1.0000","100.0000","3.8300","-0.0600","113.0000","56.7600","1.0000","1.2000","1.0000","100.0000","22.0000","-0.5700","192.0000","26.2500","5.7400","-0.8200","221.0000","15.0600","0.0000","-0.6600","122.0000","53.2800","0.0000","-0.6100","122.0000","53.2800","0.0000","-0.3800","122.0000","53.2800","0.0000","-0.5000","122.0000","53.2800","0.0000","-0.6900","226.0000","13.1300","0.0000","-1.2800","226.0000","13.1300","-0.3000","138.0000","47.1000","-0.7700","-0.4500","-0.8900","-0.5000","-0.9300","-0.3400","0.5379","-0.4600","-0.4400","-0.5100","-0.2800","-0.4600","-0.7600","-1.1200","13.1300","51.7400","16.2200","53.2800","15.4400","39.7700","100.0000","13.1300","42.4700","13.1300","53.2800","53.2800","18.9200","8.4900","259","4/1/2025 16:37","0","0","0.0000","0.0000","0.0000","105.0000","105.0000","105.0000","105.0000","105.0000","-0.5600","-0.6779","-0.4900","-0.5700","-0.5700","59.8500","59.8500","59.8500","59.8500","59.8500","0","1","39.0000","159.0000","-0.5100","0.1700","52.9000","123.0000","-0.2400","1","43.6300","147.0000","-0.5400","0","97.3000","8.0000","-0.1400","0.0000","97.3000","8.0000","-0.1500","0","97.3000","8.0000","-0.1600","0.1700","66.4100","88.0000","0.1700","0.0000","97.3000","8.0000","-0.1500","0.0000","93.8200","17.0000","-0.2200","0","93.8200","17.0000","-0.1800","0.0000","93.8200","17.0000","-0.2000","0","93.8200","17.0000","-0.2100","15","0","0"
"AAD2023.06.02752","399","40038","58","University of North Carolina Wilmington","Economics and Finance, Department of","Economics, General","17","119.0000","50","146.0000","13","128.0000","3.8500","156.0000","499","150.0000","11","148.0000","0.8500","228.0000","0","122.0000","0","122.0000","0.0000","122.0000","1","201.0000","1","196.0000","0","193.0000","0","193.0000","28","14","9","20","14","0.0000","-0.9600","193.0000","25.8700","0.0000","-0.6800","193.0000","25.8700","0.7600","-0.3700","195.0000","25.1000","2.9400","-0.4300","175.0000","32.8200","0.6500","-0.9900","224.0000","13.9000","29.3500","-0.4700","165.0000","36.6800","9.9800","-0.4000","153.0000","41.3100","0.0000","-0.6600","122.0000","53.2800","0.0000","-0.6100","122.0000","53.2800","0.0000","-0.3800","122.0000","53.2800","0.0000","-0.5000","122.0000","53.2800","0.0600","-0.6300","222.0000","14.6700","0.0600","-1.0200","221.0000","15.0600","-0.5000","178.0000","31.6600","-0.6600","-0.7300","-0.4400","-0.5000","-0.2800","-0.3300","-0.8726","-0.4300","-0.5200","-0.3900","-0.2800","-0.4600","-0.4100","-0.1700","24.7100","25.8700","43.2400","53.2800","50.9700","40.1500","12.3600","22.7800","25.8700","42.4700","53.2800","53.2800","44.0200","54.4400","259","4/1/2025 16:37","0","0","0.0000","0.0000","0.0000","105.0000","105.0000","105.0000","105.0000","105.0000","-0.5600","-0.6779","-0.4900","-0.5700","-0.5700","59.8500","59.8500","59.8500","59.8500","59.8500","0","3","60.6200","103.0000","-0.2900","0.1800","54.0500","120.0000","-0.2100","1","43.6300","147.0000","-0.5400","0","97.3000","8.0000","-0.1400","0.0000","97.3000","8.0000","-0.1500","0","97.3000","8.0000","-0.1600","0.0600","30.1200","182.0000","-0.6500","0.0000","97.3000","8.0000","-0.1500","0.0000","93.8200","17.0000","-0.2200","0","93.8200","17.0000","-0.1800","0.0000","93.8200","17.0000","-0.2000","0","93.8200","17.0000","-0.2100","15","0","0"
"AAD2023.06.02752","559052","40077","58","University of Hawai'i at Hilo","Economics, Department of","Economics, General","4","253.0000","6","251.0000","4","238.0000","1.5000","253.0000","44","245.0000","4","234.0000","1.0000","1.0000","0","122.0000","0","122.0000","0.0000","122.0000","1","201.0000","1","196.0000","0","193.0000","0","193.0000","28","14","9","20","14","0.0000","-0.9600","193.0000","25.8700","0.0000","-0.6800","193.0000","25.8700","1.0000","1.1700","1.0000","100.0000","1.5000","-1.0400","241.0000","7.3400","1.0000","1.2000","1.0000","100.0000","11.0000","-0.7300","232.0000","10.8100","7.3300","-0.6600","200.0000","23.1700","0.0000","-0.6600","122.0000","53.2800","0.0000","-0.6100","122.0000","53.2800","0.0000","-0.3800","122.0000","53.2800","0.0000","-0.5000","122.0000","53.2800","0.2500","-0.4200","154.0000","40.9300","0.2500","-0.2000","129.0000","50.5800","-0.7000","214.0000","17.7600","-0.6600","-0.7300","-1.0800","-0.5000","-1.1100","-1.2600","0.5379","-0.4300","-0.5200","-0.5400","-0.2800","-0.4600","-0.9800","-1.3000","24.7100","25.8700","10.0400","53.2800","8.4900","2.7000","100.0000","22.7800","25.8700","5.7900","53.2800","53.2800","3.4700","2.7000","259","4/1/2025 16:37","2","2","1.0000","0.5000","0.5000","26.0000","47.0000","42.0000","1.0000","1.0000","0.7900","0.4506","0.2700","4.8100","7.1200","90.3500","82.2400","84.1700","100.0000","100.0000","0","0","23.1700","200.0000","-0.6200","0.0000","23.1700","200.0000","-0.8100","0","23.1700","200.0000","-0.7700","0","97.3000","8.0000","-0.1400","0.0000","97.3000","8.0000","-0.1500","0","97.3000","8.0000","-0.1600","0.0000","23.1700","200.0000","-1.0900","0.0000","97.3000","8.0000","-0.1500","0.0000","93.8200","17.0000","-0.2200","0","93.8200","17.0000","-0.1800","0.0000","93.8200","17.0000","-0.2000","0","93.8200","17.0000","-0.2100","15","0","0"
