releasename,institutionid,unitid,comparisongroupid,institutionname,unitname,comparisongroupname,facultycount,facultycount_rank,articlecount,articlecount_rank,articlefacultycount,articlefacultycount_rank,articlecountperauthor,articlecountperauthor_rank,citationcount,citationcount_rank,citationfacultycount,citationfacultycount_rank,pctofauthorwithcitation,pctofauthorwithcitation_rank,grantfacultycount,grantfacultycount_rank,grantcount,grantcount_rank,grantdollars,grantdollars_rank,awardcount,awardcount_rank,awardfacultycount,awardfacultycount_rank,bookcount,bookcount_rank,bookfacultycount,bookfacultycount_rank,awardsweight,grantsweight,booksweight,citationsweight,articlesweight,pctoffacwithbook,pctoffacwithbook_zscore,pctoffacwithbook_rank,pctoffacwithbook_pct,bookcountperfaculty,bookcountperfaculty_zscore,bookcountperfaculty_rank,bookcountperfaculty_pct,pctoffacwitharticle,pctoffacwitharticle_zscore,pctoffacwitharticle_rank,pctoffacwitharticle_pct,articlecountperfaculty,articlecountperfaculty_zscore,articlecountperfaculty_rank,articlecountperfaculty_pct,pctoffacwithcitation,pctoffacwithcitation_zscore,pctoffacwithcitation_rank,pctoffacwithcitation_pct,citationcountperfaculty,citationcountperfaculty_zscore,citationcountperfaculty_rank,citationcountperfaculty_pct,citationcountperarticle,citationcountperarticle_zscore,citationcountperarticle_rank,citationcountperarticle_pct,pctoffacwithgrant,pctoffacwithgrant_zscore,pctoffacwithgrant_rank,pctoffacwithgrant_pct,grantcountperfaculty,grantcountperfaculty_zscore,grantcountperfaculty_rank,grantcountperfaculty_pct,grantdollarsperfaculty,grantdollarsperfaculty_zscore,grantdollarsperfaculty_rank,grantdollarsperfaculty_pct,dollarspergrant,dollarspergrant_zscore,dollarspergrant_rank,dollarspergrant_pct,awardcountperfaculty,awardcountperfaculty_zscore,awardcountperfaculty_rank,awardcountperfaculty_pct,pctoffacwithaward,pctoffacwithaward_zscore,pctoffacwithaward_rank,pctoffacwithaward_pct,sri,sri_rank,sri_pct,awardfacultycount_zscore,bookfacultycount_zscore,citationfacultycount_zscore,grantfacultycount_zscore,articlefacultycount_zscore,articlecountperauthor_zscore,pctofauthorwithcitation_zscore,awardcount_zscore,bookcount_zscore,citationcount_zscore,grantdollars_zscore,grantcount_zscore,articlecount_zscore,facultycount_zscore,awardfacultycount_pct,bookfacultycount_pct,citationfacultycount_pct,grantfacultycount_pct,articlefacultycount_pct,articlecountperauthor_pct,pctofauthorwithcitation_pct,awardcount_pct,bookcount_pct,citationcount_pct,grantdollars_pct,grantcount_pct,articlecount_pct,facultycount_pct,unitsincomparisongroup,createddate,confproccount,confprocfacultycount,confproccountperauthor,confproccountperfaculty,pctoffacwithconfproc,confprocfacultycount_rank,confproccountperauthor_rank,confproccount_rank,confproccountperfaculty_rank,pctoffacwithconfproc_rank,confprocfacultycount_zscore,confproccountperauthor_zscore,confproccount_zscore,confproccountperfaculty_zscore,pctoffacwithconfproc_zscore,confprocfacultycount_pct,confproccountperauthor_pct,confproccount_pct,confproccountperfaculty_pct,pctoffacwithconfproc_pct,confprocweight,chaptercount,chaptercount_pct,chaptercount_rank,chaptercount_zscore,chaptercountperfaculty,chaptercountperfaculty_pct,chaptercountperfaculty_rank,chaptercountperfaculty_zscore,chapterfacultycount,chapterfacultycount_pct,chapterfacultycount_rank,chapterfacultycount_zscore,patentcount,patentcount_pct,patentcount_rank,patentcount_zscore,patentcountperfaculty,patentcountperfaculty_pct,patentcountperfaculty_rank,patentcountperfaculty_zscore,patentfacultycount,patentfacultycount_pct,patentfacultycount_rank,patentfacultycount_zscore,pctoffacwithchapter,pctoffacwithchapter_pct,pctoffacwithchapter_rank,pctoffacwithchapter_zscore,pctoffacwithpatent,pctoffacwithpatent_pct,pctoffacwithpatent_rank,pctoffacwithpatent_zscore,pctoffacwithtrial,pctoffacwithtrial_pct,pctoffacwithtrial_rank,pctoffacwithtrial_zscore,trialcount,trialcount_pct,trialcount_rank,trialcount_zscore,trialcountperfaculty,trialcountperfaculty_pct,trialcountperfaculty_rank,trialcountperfaculty_zscore,trialfacultycount,trialfacultycount_pct,trialfacultycount_rank,trialfacultycount_zscore,chaptersweight,patentsweight,trialsweight
AAD2023.09.02768,131,321,61,Miami University,"Educational Leadership, Department of",Educational Leadership and Administration,9,107,51,72,8,85,6.38,40,292,87,7,88,0.88,106,1,39,1,44,292686,57,6,71,3,78,14,45,8,26,17,14,0,27,22,0.89,2.59,2,99.38,1.56,0.75,16,90.63,0.89,0.58,52,68.13,5.67,0.64,37,77.5,0.78,0.25,88,45.63,32.44,-0.06,76,53.13,5.73,-0.34,99,38.75,0.11,0.45,40,75.63,0.11,0.13,46,71.88,32520.67,-0.18,52,68.13,292686,-0.01,52,68.13,0.67,0.02,54,66.88,0.33,-0.02,71,56.25,0.1,63,61.25,-0.38,0.68,-0.44,-0.03,-0.38,0.58,-0.0348,-0.3,0.15,-0.34,-0.27,-0.18,-0.16,-0.58,51.88,84.38,45.63,76.25,47.5,75.63,34.38,56.25,72.5,46.25,65,73.13,55.63,33.75,160,7/7/25 11:42,4,3,1.33,0.44,0.33,73,106,93,78,54,-0.28,-0.4358,-0.47,-0.26,0.31,55,34.38,42.5,51.88,66.88,9,10,56.25,71,-0.2,1.11,68.75,51,0.48,6,66.25,55,0.01,0,98.75,3,-0.1,0,98.75,3,-0.1,0,98.75,3,-0.11,0.67,91.25,15,1.29,0,98.75,3,-0.11,0,98.75,3,-0.09,0,98.75,3,-0.11,0,98.75,3,-0.09,0,98.75,3,-0.11,11,0,0
AAD2023.09.02768,146,363,61,New York University,"Administration, Leadership and Technology, Department of",Educational Leadership and Administration,13,68,85,38,11,58,7.73,18,1578,12,12,49,1,1,4,8,12,4,5710096,7,12,43,5,53,13,50,5,56,17,14,0,27,22,0.38,0.17,60,63.13,1,0.17,49,70,0.85,0.38,71,56.25,6.54,0.97,26,84.38,0.92,0.83,25,85,121.38,2,3,98.75,18.56,2.64,3,98.75,0.31,2.44,5,97.5,0.92,5.52,1,100,439238.15,4.43,1,100,475841.33,0.15,31,81.25,0.92,0.45,39,76.25,0.38,0.21,56,65.63,0.9,3,98.75,-0.03,0,0.16,1.68,-0.02,1.11,0.6242,0.08,0.08,1.17,2.12,3.26,0.35,-0.13,67.5,65.63,70,95.63,64.38,89.38,100,73.75,69.38,93.13,96.25,98.13,76.88,58.13,160,7/7/25 11:42,41,9,4.56,3.15,0.69,15,3,3,1,2,1.37,2.4372,3.3,4.91,2.3,91.25,98.75,98.75,100,99.38,9,18,79.37,34,0.44,1.38,82.5,29,0.95,9,81.87,30,0.61,0,98.75,3,-0.1,0,98.75,3,-0.1,0,98.75,3,-0.11,0.69,94.38,10,1.41,0,98.75,3,-0.11,0,98.75,3,-0.09,0,98.75,3,-0.11,0,98.75,3,-0.09,0,98.75,3,-0.11,11,0,0
AAD2023.09.02768,155,466,61,Oakland University,"Organizational Leadership, Department of",Educational Leadership and Administration,11,87,12,136,4,136,3,122,26,136,4,130,1,1,0,74,0,74,0,74,6,71,3,78,12,55,4,74,17,14,0,27,22,0.36,0.06,75,53.75,1.09,0.26,45,72.5,0.36,-1.78,150,6.88,1.09,-1.12,141,12.5,0.36,-1.42,143,11.25,2.36,-0.76,141,12.5,2.17,-1.17,141,12.5,0,-0.67,74,54.38,0,-0.6,74,54.38,0,-0.55,74,54.38,0,-0.28,74,54.38,0.55,-0.18,71,56.25,0.27,-0.28,91,43.75,-0.9,136,15.63,-0.38,-0.23,-0.8,-0.6,-0.85,-0.76,0.6242,-0.3,0,-0.65,-0.4,-0.49,-0.76,-0.36,51.88,54.38,19.38,54.38,15.63,24.38,100,56.25,66.25,15.63,54.38,54.38,15.63,46.25,160,7/7/25 11:42,1,1,1,0.09,0.09,114,120,128,140,136,-0.84,-0.7294,-0.78,-0.94,-1.03,29.38,25.63,20.63,13.13,15.63,9,5,33.75,107,-0.6,0.45,31.25,111,-0.66,3,31.87,110,-0.6,0,98.75,3,-0.1,0,98.75,3,-0.1,0,98.75,3,-0.11,0.27,26.88,118,-0.63,0,98.75,3,-0.11,0,98.75,3,-0.09,0,98.75,3,-0.11,0,98.75,3,-0.09,0,98.75,3,-0.11,11,0,0
AAD2023.09.02768,158,496,61,Oklahoma State University,"Agricultural Education, Communications and Leadership, Department of",Educational Leadership and Administration,13,68,86,37,12,52,7.17,27,144,106,12,49,1,1,2,24,2,28,202394,63,22,22,8,34,0,148,0,148,17,14,0,27,22,0,-1.69,148,8.13,0,-0.89,148,8.13,0.92,0.73,41,75,6.62,1,25,85,0.92,0.83,25,85,11.08,-0.55,111,31.25,1.67,-1.28,145,10,0.15,0.88,25,85,0.15,0.42,34,79.38,15568.77,-0.37,61,62.5,101197,-0.19,69,57.5,1.69,1.71,13,92.5,0.62,1.22,21,87.5,0.3,43,73.75,0.48,-1.14,0.16,0.54,0.1,0.89,0.6242,0.7,-0.9,-0.51,-0.31,0.13,0.37,-0.13,79.38,8.13,70,85.63,68.13,83.75,100,86.88,8.13,34.38,61.25,83.13,77.5,58.13,160,7/7/25 11:42,1,2,0.5,0.08,0.15,96,144,128,142,112,-0.56,-1.1741,-0.78,-0.96,-0.68,40.63,10.63,20.63,11.88,30.63,9,0,5.63,152,-1,0,5.63,152,-1.45,0,5.63,152,-1.21,0,98.75,3,-0.1,0,98.75,3,-0.1,0,98.75,3,-0.11,0,5.63,152,-1.95,0,98.75,3,-0.11,0,98.75,3,-0.09,0,98.75,3,-0.11,0,98.75,3,-0.09,0,98.75,3,-0.11,11,0,0
AAD2023.09.02768,15,552,61,Auburn University,"Educational Foundations, Leadership and Technology, Department of",Educational Leadership and Administration,22,23,91,35,18,25,5.06,74,817,38,18,25,0.95,77,0,74,0,74,0,74,3,103,3,78,18,33,8,26,17,14,0,27,22,0.36,0.06,75,53.75,0.82,-0.03,65,60,0.82,0.26,81,50,4.14,0.05,73,55,0.82,0.41,75,53.75,37.14,0.05,61,62.5,8.98,0.41,47,71.25,0,-0.67,74,54.38,0,-0.6,74,54.38,0,-0.55,74,54.38,0,-0.28,74,54.38,0.14,-0.85,134,16.88,0.14,-0.88,128,20.63,0.1,63,61.25,-0.38,0.68,0.88,-0.6,0.81,0.05,0.3467,-0.48,0.45,0.28,-0.4,-0.49,0.45,0.88,51.88,84.38,85,54.38,85,54.38,52.5,36.25,80,76.88,54.38,54.38,78.75,86.25,160,7/7/25 11:42,19,8,2.38,0.86,0.36,19,40,17,39,47,1.09,0.4981,1.06,0.54,0.48,88.75,75.63,90,76.25,71.25,9,26,90.63,16,1.08,1.18,72.5,45,0.6,14,92.5,13,1.62,2,99.38,2,3.91,0.09,99.38,2,4.7,1,100,1,8.86,0.64,86.88,22,1.14,0.05,100,1,9.72,0,98.75,3,-0.09,0,98.75,3,-0.11,0,98.75,3,-0.09,0,98.75,3,-0.11,11,0,0
AAD2023.09.02768,163,649,61,Pennsylvania State University - University Park,"Education Policy Studies, Department of",Educational Leadership and Administration,18,34,127,17,16,30,7.94,16,1221,19,16,30,0.94,81,0,74,0,74,0,74,23,19,11,15,21,23,9,19,17,14,0,27,22,0.5,0.72,34,79.38,1.17,0.34,34,79.38,0.89,0.58,52,68.13,7.06,1.17,19,88.75,0.89,0.69,40,75.63,67.83,0.76,16,90.63,9.61,0.56,40,75.63,0,-0.67,74,54.38,0,-0.6,74,54.38,0,-0.55,74,54.38,0,-0.28,74,54.38,1.28,1.03,23,86.25,0.61,1.2,23,86.25,0.7,13,92.5,1,0.91,0.64,-0.6,0.57,1.19,0.3141,0.77,0.68,0.75,-0.4,-0.49,0.99,0.43,91.25,88.75,81.88,54.38,81.88,90.63,50,88.75,86.25,88.75,54.38,54.38,90,79.38,160,7/7/25 11:42,17,10,1.7,0.94,0.56,11,78,25,29,14,1.65,-0.1067,0.85,0.69,1.54,93.75,51.88,85,82.5,91.88,9,25,88.75,19,1,1.39,83.13,28,0.96,11,91.25,15,1.02,0,98.75,3,-0.1,0,98.75,3,-0.1,0,98.75,3,-0.11,0.61,81.25,31,1.02,0,98.75,3,-0.11,0,98.75,3,-0.09,0,98.75,3,-0.11,0,98.75,3,-0.09,0,98.75,3,-0.11,11,0,0
AAD2023.09.02768,181,861,61,San Diego State University,"Administration, Rehabilitation and Postsecondary Education, Department of",Educational Leadership and Administration,11,87,53,70,11,58,4.82,83,247,93,10,62,0.91,91,3,12,6,9,2694407,16,11,45,6,44,4,109,2,112,17,14,0,27,22,0.18,-0.81,126,21.88,0.36,-0.51,121,25,1,1.07,1,100,4.82,0.31,56,65.63,0.91,0.77,31,81.25,22.45,-0.29,94,41.88,4.66,-0.59,116,28.13,0.27,2.08,9,95,0.55,3.01,3,98.75,244946.09,2.23,9,95,449067.83,0.13,34,79.38,1,0.57,32,80.63,0.55,0.91,32,80.63,0.2,52,68.13,0.14,-0.68,-0.08,1.11,-0.02,-0.04,0.1449,0.02,-0.6,-0.39,0.78,1.38,-0.13,-0.36,73.13,30.63,61.88,93.13,64.38,48.75,43.75,72.5,32.5,42.5,90.63,95,56.88,46.25,160,7/7/25 11:42,6,3,2,0.55,0.27,73,55,72,68,73,-0.28,0.1601,-0.27,-0.07,-0.02,55,66.25,55.63,58.13,55,9,4,27.5,117,-0.68,0.36,25,121,-0.82,2,22.5,125,-0.8,0,98.75,3,-0.1,0,98.75,3,-0.1,0,98.75,3,-0.11,0.18,15.63,136,-1.07,0,98.75,3,-0.11,0,98.75,3,-0.09,0,98.75,3,-0.11,0,98.75,3,-0.09,0,98.75,3,-0.11,11,0,0
AAD2023.09.02768,187,872,61,Seton Hall University,"Education Leadership Management and Policy, Department of",Educational Leadership and Administration,6,144,45,78,6,114,7.5,23,304,84,6,106,1,1,0,74,0,74,0,74,4,90,2,99,7,85,2,112,17,14,0,27,22,0.33,-0.08,82,49.38,1.17,0.34,34,79.38,1,1.07,1,100,7.5,1.34,12,93.13,1,1.14,1,100,50.67,0.36,34,79.38,6.76,-0.1,83,48.75,0,-0.67,74,54.38,0,-0.6,74,54.38,0,-0.55,74,54.38,0,-0.28,74,54.38,0.67,0.02,54,66.88,0.33,-0.02,71,56.25,0.7,13,92.5,-0.55,-0.68,-0.56,-0.6,-0.61,1.02,0.6242,-0.42,-0.38,-0.32,-0.4,-0.49,-0.25,-0.92,38.75,30.63,34.38,54.38,29.38,86.25,100,44.38,47.5,48.13,54.38,54.38,51.88,10.63,160,7/7/25 11:42,2,1,2,0.33,0.17,114,55,115,99,109,-0.84,0.1601,-0.68,-0.47,-0.61,29.38,66.25,28.75,38.75,32.5,9,12,62.5,61,-0.04,2,96.25,7,2.02,4,47.5,85,-0.4,0,98.75,3,-0.1,0,98.75,3,-0.1,0,98.75,3,-0.11,0.67,91.25,15,1.29,0,98.75,3,-0.11,0,98.75,3,-0.09,0,98.75,3,-0.11,0,98.75,3,-0.09,0,98.75,3,-0.11,11,0,0
AAD2023.09.02768,211,1092,61,Teachers College Columbia University,"Organization and Leadership, Department of",Educational Leadership and Administration,18,34,79,44,14,42,5.64,57,1204,21,14,35,1,1,3,12,4,15,1797957,22,32,12,11,15,26,19,11,13,17,14,0,27,22,0.61,1.25,17,90,1.44,0.64,22,86.88,0.78,0.08,94,41.88,4.39,0.15,67,58.75,0.78,0.25,88,45.63,66.89,0.74,18,89.38,15.24,1.87,8,95.63,0.17,1.01,22,86.88,0.22,0.87,21,87.5,99886.5,0.59,29,82.5,449489.25,0.13,33,80,1.78,1.85,12,93.13,0.61,1.2,23,86.25,0.3,43,73.75,1,1.36,0.4,1.11,0.34,0.28,0.6242,1.33,1.06,0.73,0.39,0.76,0.26,0.43,91.25,92.5,78.75,93.13,74.38,65,100,93.13,88.75,87.5,86.88,91.25,73.13,79.38,160,7/7/25 11:42,16,5,3.2,0.89,0.28,41,12,27,34,70,0.27,1.2275,0.75,0.59,0,75,93.13,83.75,79.38,56.88,9,22,85,25,0.76,1.22,75,41,0.67,8,75.62,40,0.41,0,98.75,3,-0.1,0,98.75,3,-0.1,0,98.75,3,-0.11,0.44,58.75,67,0.21,0,98.75,3,-0.11,0,98.75,3,-0.09,0,98.75,3,-0.11,0,98.75,3,-0.09,0,98.75,3,-0.11,11,0,0
AAD2023.09.02768,215,1119,61,Texas A&M University,"Educational Administration and Human Resource Development, Department of",Educational Leadership and Administration,22,23,177,7,21,17,8.43,12,2058,9,21,16,1,1,0,74,0,74,0,74,24,17,13,11,32,13,12,11,17,14,0,27,22,0.55,0.94,30,81.88,1.45,0.65,20,88.13,0.95,0.87,29,82.5,8.05,1.55,10,94.38,0.95,0.96,20,88.13,93.55,1.36,10,94.38,11.63,1.03,19,88.75,0,-0.67,74,54.38,0,-0.6,74,54.38,0,-0.55,74,54.38,0,-0.28,74,54.38,1.09,0.72,28,83.13,0.59,1.11,28,83.13,0.8,9,95,1.34,1.59,1.24,-0.6,1.17,1.39,0.6242,0.83,1.51,1.73,-0.4,-0.49,1.76,0.88,93.75,93.75,90.63,54.38,90,93.13,100,90,92.5,95,54.38,54.38,96.25,86.25,160,7/7/25 11:42,27,14,1.93,1.23,0.64,4,71,7,17,5,2.75,0.0978,1.87,1.23,1.99,98.13,56.25,96.25,90,97.5,9,32,93.13,12,1.56,1.45,86.88,22,1.07,15,94.37,10,1.82,0,98.75,3,-0.1,0,98.75,3,-0.1,0,98.75,3,-0.11,0.68,91.88,14,1.36,0,98.75,3,-0.11,0,98.75,3,-0.09,0,98.75,3,-0.11,0,98.75,3,-0.09,0,98.75,3,-0.11,11,0,0
AAD2023.09.02768,222,1177,61,Texas Tech University,"Educational Psychology and Leadership, Department of",Educational Leadership and Administration,29,8,247,4,27,6,9.15,9,2173,8,26,8,0.9,102,2,24,2,28,1049490,36,15,33,6,44,35,9,9,19,17,14,0,27,22,0.31,-0.19,90,44.38,1.21,0.39,32,80.63,0.93,0.76,37,77.5,8.52,1.73,8,95.63,0.9,0.72,37,77.5,74.93,0.93,13,92.5,8.8,0.37,49,70,0.07,0.03,59,63.75,0.07,-0.15,61,62.5,36189.31,-0.14,50,69.38,524745,0.2,24,85.63,0.52,-0.22,73,55,0.21,-0.57,106,34.38,0.3,43,73.75,0.14,0.91,1.84,0.54,1.88,1.67,0.0788,0.27,1.73,1.86,0.06,0.13,2.82,1.67,73.13,88.75,95.63,85.63,96.88,95,36.88,80,95,95.63,78.13,83.13,98.13,95.63,160,7/7/25 11:42,18,7,2.57,0.62,0.24,25,28,21,59,89,0.82,0.6671,0.95,0.07,-0.2,85,83.13,87.5,63.75,45,9,33,93.75,11,1.64,1.14,69.38,50,0.52,10,87.5,21,0.81,0,98.75,3,-0.1,0,98.75,3,-0.1,0,98.75,3,-0.11,0.34,42.5,93,-0.28,0,98.75,3,-0.11,0,98.75,3,-0.09,0,98.75,3,-0.11,0,98.75,3,-0.09,0,98.75,3,-0.11,11,0,0
AAD2023.09.02768,226,1247,61,"University of Tennessee, The","Educational Leadership and Policy Studies, Department of",Educational Leadership and Administration,19,29,123,18,19,22,6.47,39,741,42,18,25,0.95,77,0,74,0,74,0,74,20,24,11,15,14,45,6,47,17,14,0,27,22,0.32,-0.17,87,46.25,0.74,-0.11,74,54.38,1,1.07,1,100,6.47,0.95,28,83.13,0.95,0.93,21,87.5,39,0.09,58,64.38,6.02,-0.27,96,40.63,0,-0.67,74,54.38,0,-0.6,74,54.38,0,-0.55,74,54.38,0,-0.28,74,54.38,1.05,0.66,31,81.25,0.58,1.06,30,81.88,0.6,21,87.5,1,0.22,0.88,-0.6,0.93,0.61,0.3467,0.58,0.15,0.19,-0.4,-0.49,0.93,0.54,91.25,71.25,85,54.38,86.88,76.25,52.5,85.63,72.5,74.38,54.38,54.38,89.38,82.5,160,7/7/25 11:42,13,6,2.17,0.68,0.32,33,51,34,55,59,0.54,0.3113,0.44,0.2,0.22,80,68.75,79.38,66.25,63.75,9,16,74.38,42,0.28,0.84,56.88,70,0.01,10,87.5,21,0.81,0,98.75,3,-0.1,0,98.75,3,-0.1,0,98.75,3,-0.11,0.53,69.38,50,0.61,0,98.75,3,-0.11,0,98.75,3,-0.09,0,98.75,3,-0.11,0,98.75,3,-0.09,0,98.75,3,-0.11,11,0,0
AAD2023.09.02768,228,1285,61,University of Texas Arlington,"Educational Leadership and Policy Studies, Department of",Educational Leadership and Administration,9,107,35,88,7,92,5,75,305,83,7,88,1,1,2,24,2,28,468390,51,3,103,2,99,0,148,0,148,17,14,0,27,22,0,-1.69,148,8.13,0,-0.89,148,8.13,0.78,0.08,94,41.88,3.89,-0.05,78,51.88,0.78,0.25,88,45.63,33.89,-0.02,69,57.5,8.71,0.35,53,67.5,0.22,1.57,13,92.5,0.22,0.87,21,87.5,52043.33,0.04,41,75,234195,-0.07,57,65,0.33,-0.52,103,36.25,0.22,-0.5,98,39.38,-0.1,76,53.13,-0.55,-1.14,-0.44,0.54,-0.49,0.03,0.6242,-0.48,-0.9,-0.32,-0.2,0.13,-0.41,-0.58,38.75,8.13,45.63,85.63,43.13,53.75,100,36.25,8.13,48.75,68.75,83.13,45.63,33.75,160,7/7/25 11:42,5,2,2.5,0.56,0.22,96,30,81,66,92,-0.56,0.6048,-0.37,-0.05,-0.3,40.63,81.88,50,59.38,43.13,9,3,20.62,128,-0.76,0.33,21.25,127,-0.87,3,31.87,110,-0.6,0,98.75,3,-0.1,0,98.75,3,-0.1,0,98.75,3,-0.11,0.33,41.88,94,-0.33,0,98.75,3,-0.11,0,98.75,3,-0.09,0,98.75,3,-0.11,0,98.75,3,-0.09,0,98.75,3,-0.11,11,0,0
AAD2023.09.02768,23,1481,61,Boston College,"Educational Leadership and Higher Education, Department of",Educational Leadership and Administration,12,79,80,43,12,52,6.67,35,434,65,12,49,1,1,0,74,0,74,0,74,17,28,10,24,19,30,9,19,17,14,0,27,22,0.75,1.92,7,96.25,1.58,0.78,14,91.88,1,1.07,1,100,6.67,1.02,24,85.63,1,1.14,1,100,36.17,0.03,63,61.25,5.43,-0.41,107,33.75,0,-0.67,74,54.38,0,-0.6,74,54.38,0,-0.55,74,54.38,0,-0.28,74,54.38,1.42,1.26,19,88.75,0.83,2.17,5,97.5,0.9,3,98.75,0.83,0.91,0.16,-0.6,0.1,0.69,0.6242,0.39,0.53,-0.17,-0.4,-0.49,0.28,-0.25,85.63,88.75,70,54.38,68.13,78.75,100,83.13,81.88,60,54.38,54.38,73.75,51.25,160,7/7/25 11:42,18,9,2,1.5,0.75,15,55,21,6,1,1.37,0.1601,0.95,1.75,2.62,91.25,66.25,87.5,96.88,100,9,25,88.75,19,1,2.08,96.88,6,2.16,10,87.5,21,0.81,0,98.75,3,-0.1,0,98.75,3,-0.1,0,98.75,3,-0.11,0.83,98.75,3,2.1,0,98.75,3,-0.11,0,98.75,3,-0.09,0,98.75,3,-0.11,0,98.75,3,-0.09,0,98.75,3,-0.11,11,0,0
AAD2023.09.02768,267,2021,61,University of Connecticut,"Educational Leadership, Department of",Educational Leadership and Administration,14,51,98,31,14,42,7,32,1035,25,14,35,1,1,2,24,2,28,616425,43,19,25,10,24,16,36,9,19,17,14,0,27,22,0.64,1.41,10,94.38,1.14,0.32,38,76.88,1,1.07,1,100,7,1.15,20,88.13,1,1.14,1,100,73.93,0.9,14,91.88,10.56,0.78,27,83.75,0.14,0.77,29,82.5,0.14,0.34,36,78.13,44030.36,-0.05,47,71.25,308212.5,0,50,69.38,1.36,1.16,20,88.13,0.71,1.65,9,95,0.9,3,98.75,0.83,0.91,0.4,0.54,0.34,0.82,0.6242,0.52,0.3,0.53,-0.13,0.13,0.55,-0.02,85.63,88.75,78.75,85.63,74.38,80.63,100,85,78.13,85,73.75,83.13,81.25,68.75,160,7/7/25 11:42,4,3,1.33,0.29,0.21,73,106,93,108,99,-0.28,-0.4358,-0.47,-0.57,-0.35,55,34.38,42.5,33.13,38.75,9,18,79.37,34,0.44,1.29,78.75,35,0.78,9,81.87,30,0.61,0,98.75,3,-0.1,0,98.75,3,-0.1,0,98.75,3,-0.11,0.64,88.13,20,1.17,0,98.75,3,-0.11,0,98.75,3,-0.09,0,98.75,3,-0.11,0,98.75,3,-0.09,0,98.75,3,-0.11,11,0,0
AAD2023.09.02768,269,2064,61,University of Dayton,"Educational Administration, Department of",Educational Leadership and Administration,8,120,79,44,7,92,11.29,2,278,88,6,106,0.86,114,0,74,0,74,0,74,3,103,3,78,34,10,3,86,17,14,0,27,22,0.38,0.12,67,58.75,4.25,3.61,2,99.38,0.88,0.51,57,65,9.88,2.26,3,98.75,0.75,0.13,97,40,34.75,0,67,58.75,3.52,-0.85,128,20.63,0,-0.67,74,54.38,0,-0.6,74,54.38,0,-0.55,74,54.38,0,-0.28,74,54.38,0.38,-0.46,98,39.38,0.38,0.17,58,64.38,0.5,26,84.38,-0.38,-0.46,-0.56,-0.6,-0.49,2.52,-0.1289,-0.48,1.66,-0.35,-0.4,-0.49,0.26,-0.7,51.88,46.88,34.38,54.38,43.13,99.38,29.38,36.25,94.38,45.63,54.38,54.38,73.13,25.63,160,7/7/25 11:42,11,5,2.2,1.38,0.63,41,46,36,12,7,0.27,0.338,0.24,1.51,1.93,75,71.88,78.13,93.13,96.25,9,13,66.25,55,0.04,1.63,91.25,15,1.37,5,59.38,66,-0.2,0,98.75,3,-0.1,0,98.75,3,-0.1,0,98.75,3,-0.11,0.63,85.63,24,1.09,0,98.75,3,-0.11,0,98.75,3,-0.09,0,98.75,3,-0.11,0,98.75,3,-0.09,0,98.75,3,-0.11,11,0,0
AAD2023.09.02768,279,2284,61,University of Illinois Chicago,"Educational Policy Studies, Department of",Educational Leadership and Administration,13,68,44,81,9,72,4.89,80,513,56,10,62,1,1,0,74,0,74,0,74,14,36,9,30,13,50,3,86,17,14,0,27,22,0.23,-0.57,113,30,1,0.17,49,70,0.69,-0.3,114,29.38,3.38,-0.24,85,47.5,0.77,0.21,94,41.88,39.46,0.1,57,65,11.66,1.04,18,89.38,0,-0.67,74,54.38,0,-0.6,74,54.38,0,-0.55,74,54.38,0,-0.28,74,54.38,1.08,0.7,29,82.5,0.69,1.56,11,93.75,0.2,52,68.13,0.65,-0.46,-0.08,-0.6,-0.26,-0.01,0.6242,0.2,0.08,-0.08,-0.4,-0.49,-0.27,-0.13,81.88,46.88,61.88,54.38,55.63,50.63,100,78.13,69.38,65.63,54.38,54.38,50,58.13,160,7/7/25 11:42,6,4,1.5,0.46,0.31,57,96,72,75,61,-0.01,-0.2846,-0.27,-0.23,0.17,65,40.63,55.63,53.75,62.5,9,17,76.88,38,0.36,1.31,80.63,32,0.82,7,71.25,47,0.21,0,98.75,3,-0.1,0,98.75,3,-0.1,0,98.75,3,-0.11,0.54,71.88,46,0.67,0,98.75,3,-0.11,0,98.75,3,-0.09,0,98.75,3,-0.11,0,98.75,3,-0.09,0,98.75,3,-0.11,11,0,0
AAD2023.09.02768,281,2336,61,"University of Iowa, The","Educational Policy and Leadership Studies, Department of",Educational Leadership and Administration,11,87,70,52,10,69,7,32,657,46,10,62,0.91,91,0,74,0,74,0,74,27,14,10,24,16,36,7,36,17,14,0,27,22,0.64,1.38,12,93.13,1.45,0.65,20,88.13,0.91,0.67,47,71.25,6.36,0.91,29,82.5,0.91,0.77,31,81.25,59.73,0.57,23,86.25,9.39,0.51,45,72.5,0,-0.67,74,54.38,0,-0.6,74,54.38,0,-0.55,74,54.38,0,-0.28,74,54.38,2.45,2.96,3,98.75,0.91,2.5,2,99.38,0.7,13,92.5,0.83,0.45,-0.08,-0.6,-0.14,0.82,0.1449,1.02,0.3,0.09,-0.4,-0.49,0.13,-0.36,85.63,78.13,61.88,54.38,57.5,80.63,43.75,91.88,78.13,71.88,54.38,54.38,68.13,46.25,160,7/7/25 11:42,8,4,2,0.73,0.36,57,55,58,50,47,-0.01,0.1601,-0.07,0.28,0.48,65,66.25,64.38,69.38,71.25,9,30,92.5,13,1.4,2.73,100,1,3.28,8,75.62,40,0.41,0,98.75,3,-0.1,0,98.75,3,-0.1,0,98.75,3,-0.11,0.73,96.88,6,1.58,0,98.75,3,-0.11,0,98.75,3,-0.09,0,98.75,3,-0.11,0,98.75,3,-0.09,0,98.75,3,-0.11,11,0,0
AAD2023.09.02768,282,2401,61,"University of Kansas, The","Educational Leadership and Policy Studies, Department of",Educational Leadership and Administration,11,87,56,67,11,58,5.09,73,388,73,10,62,0.91,91,0,74,0,74,0,74,9,51,6,44,6,93,4,74,17,14,0,27,22,0.36,0.06,75,53.75,0.55,-0.32,93,42.5,1,1.07,1,100,5.09,0.42,53,67.5,0.91,0.77,31,81.25,35.27,0.01,66,59.38,6.93,-0.06,81,50,0,-0.67,74,54.38,0,-0.6,74,54.38,0,-0.55,74,54.38,0,-0.28,74,54.38,0.82,0.27,45,72.5,0.55,0.91,32,80.63,0.4,34,79.38,0.14,-0.23,-0.08,-0.6,-0.02,0.07,0.1449,-0.11,-0.45,-0.22,-0.4,-0.49,-0.09,-0.36,73.13,54.38,61.88,54.38,64.38,55,43.75,68.75,42.5,55,54.38,54.38,58.75,46.25,160,7/7/25 11:42,10,4,2.5,0.91,0.36,57,30,45,31,47,-0.01,0.6048,0.14,0.63,0.48,65,81.88,72.5,81.25,71.25,9,11,59.38,66,-0.12,1,65.63,56,0.29,4,47.5,85,-0.4,0,98.75,3,-0.1,0,98.75,3,-0.1,0,98.75,3,-0.11,0.36,46.88,86,-0.18,0,98.75,3,-0.11,0,98.75,3,-0.09,0,98.75,3,-0.11,0,98.75,3,-0.09,0,98.75,3,-0.11,11,0,0
AAD2023.09.02768,302,2634,61,"University of Mississippi, The","Leadership and Counselor Education, Department of",Educational Leadership and Administration,14,51,44,81,9,72,4.89,80,293,86,7,88,0.78,136,1,39,1,44,181415,65,7,64,2,99,8,78,5,56,17,14,0,27,22,0.36,0.03,78,51.88,0.57,-0.29,85,47.5,0.64,-0.53,120,25.63,3.14,-0.33,93,42.5,0.5,-0.87,127,21.25,20.93,-0.33,97,40,6.66,-0.12,87,46.25,0.07,0.05,54,66.88,0.07,-0.13,56,65.63,12958.21,-0.4,64,60.63,181415,-0.11,63,61.25,0.5,-0.25,74,54.38,0.14,-0.85,120,25.63,-0.5,115,28.75,-0.55,0,-0.44,-0.03,-0.26,-0.01,-0.5473,-0.23,-0.3,-0.34,-0.32,-0.18,-0.27,-0.02,38.75,65.63,45.63,76.25,55.63,50.63,15.63,60.63,51.88,46.88,60,73.13,50,68.75,160,7/7/25 11:42,1,1,1,0.07,0.07,114,120,128,143,139,-0.84,-0.7294,-0.78,-0.97,-1.14,29.38,25.63,20.63,11.25,13.75,9,1,10,145,-0.92,0.07,6.25,151,-1.32,2,22.5,125,-0.8,0,98.75,3,-0.1,0,98.75,3,-0.1,0,98.75,3,-0.11,0.14,11.88,142,-1.26,0,98.75,3,-0.11,0,98.75,3,-0.09,0,98.75,3,-0.11,0,98.75,3,-0.09,0,98.75,3,-0.11,11,0,0
AAD2023.09.02768,311,2735,61,"University of Nevada, Las Vegas","Educational Psychology, Leadership, and Higher Education, Department of",Educational Leadership and Administration,26,16,136,15,24,12,5.67,55,1346,15,22,12,0.92,89,2,24,2,28,887349,38,15,33,7,37,11,60,6,47,17,14,0,27,22,0.23,-0.57,113,30,0.42,-0.45,109,32.5,0.92,0.73,41,75,5.23,0.47,46,71.88,0.85,0.52,65,60,51.77,0.39,33,80,9.9,0.63,33,80,0.08,0.11,52,68.13,0.08,-0.09,54,66.88,34128.81,-0.16,51,68.75,443674.5,0.12,35,78.75,0.58,-0.12,61,62.5,0.27,-0.3,92,43.13,0.4,34,79.38,0.31,0.22,1.36,0.54,1.52,0.3,0.1849,0.27,-0.07,0.89,-0.01,0.13,1.13,1.33,77.5,71.25,93.13,85.63,93.13,66.25,45,80,63.13,91.25,76.88,83.13,91.25,90.63,160,7/7/25 11:42,25,12,2.08,0.96,0.46,6,54,11,28,32,2.2,0.2313,1.67,0.73,1.02,96.88,66.88,93.75,83.13,80.63,9,21,83.75,27,0.68,0.81,56.25,71,-0.05,12,91.87,14,1.22,0,98.75,3,-0.1,0,98.75,3,-0.1,0,98.75,3,-0.11,0.46,61.25,63,0.29,0,98.75,3,-0.11,0,98.75,3,-0.09,0,98.75,3,-0.11,0,98.75,3,-0.09,0,98.75,3,-0.11,11,0,0
AAD2023.09.02768,315,2820,61,"University of New Orleans, The","Educational Leadership, Counseling and Foundations, Department of",Educational Leadership and Administration,6,144,19,121,3,140,6.33,41,48,133,3,138,1,1,0,74,0,74,0,74,3,103,1,121,2,133,2,112,17,14,0,27,22,0.33,-0.08,82,49.38,0.33,-0.54,124,23.13,0.5,-1.16,135,16.25,3.17,-0.32,92,43.13,0.5,-0.87,127,21.25,8,-0.62,120,25.63,2.53,-1.08,137,15,0,-0.67,74,54.38,0,-0.6,74,54.38,0,-0.55,74,54.38,0,-0.28,74,54.38,0.5,-0.25,74,54.38,0.17,-0.74,113,30,-0.6,120,25.63,-0.72,-0.68,-0.92,-0.6,-0.97,0.56,0.6242,-0.48,-0.75,-0.62,-0.4,-0.49,-0.65,-0.92,25,30.63,14.38,54.38,13.13,75,100,36.25,17.5,17.5,54.38,54.38,25,10.63,160,7/7/25 11:42,3,1,3,0.5,0.17,114,13,105,69,109,-0.84,1.0496,-0.58,-0.16,-0.61,29.38,92.5,35,57.5,32.5,9,1,10,145,-0.92,0.17,11.25,143,-1.16,1,13.13,140,-1,0,98.75,3,-0.1,0,98.75,3,-0.1,0,98.75,3,-0.11,0.17,13.75,139,-1.14,0,98.75,3,-0.11,0,98.75,3,-0.09,0,98.75,3,-0.11,0,98.75,3,-0.09,0,98.75,3,-0.11,11,0,0
AAD2023.09.02768,318,2849,61,"University of North Carolina at Greensboro, The","Educational Leadership and Cultural Foundations, Department of",Educational Leadership and Administration,7,134,20,119,6,114,3.33,114,77,122,6,106,1,1,0,74,0,74,0,74,1,131,1,121,2,133,2,112,17,14,0,27,22,0.29,-0.31,95,41.25,0.29,-0.59,127,21.25,0.86,0.43,66,59.38,2.86,-0.44,100,38.13,0.86,0.56,54,66.88,11,-0.56,112,30.63,3.85,-0.78,124,23.13,0,-0.67,74,54.38,0,-0.6,74,54.38,0,-0.55,74,54.38,0,-0.28,74,54.38,0.14,-0.84,129,20,0.14,-0.85,120,25.63,-0.4,106,34.38,-0.72,-0.68,-0.56,-0.6,-0.61,-0.63,0.6242,-0.61,-0.75,-0.59,-0.4,-0.49,-0.64,-0.81,25,30.63,34.38,54.38,29.38,29.38,100,18.75,17.5,24.38,54.38,54.38,26.25,16.88,160,7/7/25 11:42,1,1,1,0.14,0.14,114,120,128,130,117,-0.84,-0.7294,-0.78,-0.84,-0.74,29.38,25.63,20.63,19.38,27.5,9,8,46.88,86,-0.36,1.14,70,49,0.53,4,47.5,85,-0.4,0,98.75,3,-0.1,0,98.75,3,-0.1,0,98.75,3,-0.11,0.57,78.13,36,0.83,0,98.75,3,-0.11,0,98.75,3,-0.09,0,98.75,3,-0.11,0,98.75,3,-0.09,0,98.75,3,-0.11,11,0,0
AAD2023.09.02768,324,2945,61,University of Oklahoma,"Educational Leadership and Policy Studies, Department of",Educational Leadership and Administration,16,43,107,25,15,38,7.13,30,917,32,14,35,0.88,106,0,74,0,74,0,74,8,58,5,53,9,71,6,47,17,14,0,27,22,0.38,0.12,67,58.75,0.56,-0.3,90,44.38,0.94,0.79,35,78.75,6.69,1.03,23,86.25,0.88,0.64,44,73.13,57.31,0.52,25,85,8.57,0.32,56,65.63,0,-0.67,74,54.38,0,-0.6,74,54.38,0,-0.55,74,54.38,0,-0.28,74,54.38,0.5,-0.25,74,54.38,0.31,-0.11,83,48.75,0.4,34,79.38,-0.03,0.22,0.4,-0.6,0.45,0.87,-0.0348,-0.17,-0.23,0.39,-0.4,-0.49,0.69,0.21,67.5,71.25,78.75,54.38,76.88,81.88,34.38,64.38,56.25,80.63,54.38,54.38,85,73.75,160,7/7/25 11:42,13,8,1.63,0.81,0.5,19,89,34,44,18,1.09,-0.169,0.44,0.44,1.24,88.75,45,79.38,73.13,89.38,9,4,27.5,117,-0.68,0.25,16.25,135,-1.01,3,31.87,110,-0.6,0,98.75,3,-0.1,0,98.75,3,-0.1,0,98.75,3,-0.11,0.19,16.25,135,-1.04,0,98.75,3,-0.11,0,98.75,3,-0.09,0,98.75,3,-0.11,0,98.75,3,-0.09,0,98.75,3,-0.11,11,0,0
AAD2023.09.02768,324,2953,61,University of Oklahoma,"Instructional Leadership and Academic Curriculum, Department of",Educational Leadership and Administration,21,25,107,25,20,21,5.35,63,934,30,18,25,0.9,97,1,39,3,23,1262492,31,7,64,4,61,12,55,8,26,17,14,0,27,22,0.38,0.15,66,59.38,0.57,-0.29,85,47.5,0.95,0.86,30,81.88,5.1,0.42,52,68.13,0.86,0.56,54,66.88,44.48,0.22,43,73.75,8.73,0.36,52,68.13,0.05,-0.19,66,59.38,0.14,0.34,36,78.13,60118.67,0.14,40,75.63,420830.67,0.1,37,77.5,0.33,-0.52,103,36.25,0.19,-0.64,111,31.25,0.1,63,61.25,-0.21,0.68,0.88,-0.03,1.05,0.17,0.097,-0.23,0,0.41,0.15,0.45,0.69,0.77,62.5,84.38,85,76.25,87.5,61.25,40,60.63,66.25,81.88,81.25,86.25,85,85,160,7/7/25 11:42,16,11,1.45,0.76,0.52,9,103,27,49,17,1.92,-0.3291,0.75,0.34,1.37,95,36.25,83.75,70,90,9,14,69.37,50,0.12,0.67,48.13,84,-0.29,6,66.25,55,0.01,0,98.75,3,-0.1,0,98.75,3,-0.1,0,98.75,3,-0.11,0.29,32.5,109,-0.56,0,98.75,3,-0.11,0,98.75,3,-0.09,0,98.75,3,-0.11,0,98.75,3,-0.09,0,98.75,3,-0.11,11,0,0
AAD2023.09.02768,330,3041,61,University of San Diego,"Leadership and Education Sciences, School of",Educational Leadership and Administration,9,107,26,105,7,92,3.71,102,157,102,8,80,1,1,0,74,0,74,0,74,2,117,2,99,5,103,2,112,17,14,0,27,22,0.22,-0.62,115,28.75,0.56,-0.3,91,43.75,0.78,0.08,94,41.88,2.89,-0.43,99,38.75,0.89,0.69,40,75.63,17.44,-0.41,99,38.75,6.04,-0.27,95,41.25,0,-0.67,74,54.38,0,-0.6,74,54.38,0,-0.55,74,54.38,0,-0.28,74,54.38,0.22,-0.71,118,26.88,0.22,-0.5,98,39.38,-0.2,85,47.5,-0.55,-0.68,-0.32,-0.6,-0.49,-0.48,0.6242,-0.55,-0.53,-0.49,-0.4,-0.49,-0.54,-0.58,38.75,30.63,50.63,54.38,43.13,36.88,100,27.5,36.25,36.88,54.38,54.38,35,33.75,160,7/7/25 11:42,8,3,2.67,0.89,0.33,73,26,58,34,54,-0.28,0.7561,-0.07,0.59,0.31,55,84.38,64.38,79.38,66.88,9,8,46.88,86,-0.36,0.89,58.13,68,0.09,3,31.87,110,-0.6,0,98.75,3,-0.1,0,98.75,3,-0.1,0,98.75,3,-0.11,0.33,41.88,94,-0.33,0,98.75,3,-0.11,0,98.75,3,-0.09,0,98.75,3,-0.11,0,98.75,3,-0.09,0,98.75,3,-0.11,11,0,0
AAD2023.09.02768,332,3057,61,University of South Carolina,"Leadership, Design and Inquiry, Department of",Educational Leadership and Administration,23,20,156,11,21,17,7.43,25,1340,16,19,21,0.9,96,4,8,5,14,1134876,34,21,23,11,15,28,17,13,5,17,14,0,27,22,0.57,1.03,25,85,1.22,0.4,30,81.88,0.91,0.68,46,71.88,6.78,1.07,22,86.88,0.83,0.44,72,55.63,58.26,0.54,24,85.63,8.59,0.32,55,66.25,0.17,1.08,21,87.5,0.22,0.84,24,85.63,49342.43,0.01,42,74.38,226975.2,-0.07,59,63.75,0.91,0.43,41,75,0.48,0.62,42,74.38,0.4,34,79.38,1,1.81,1,1.68,1.17,0.99,0.1221,0.64,1.21,0.89,0.1,1.07,1.44,0.99,91.25,97.5,87.5,95.63,90,85,40.63,86.25,90,90.63,79.38,91.88,93.75,88.13,160,7/7/25 11:42,20,5,4,0.87,0.22,41,5,15,37,97,0.27,1.939,1.16,0.55,-0.33,75,97.5,91.25,77.5,40,9,30,92.5,13,1.4,1.3,79.38,34,0.81,16,96.25,7,2.03,0,98.75,3,-0.1,0,98.75,3,-0.1,0,98.75,3,-0.11,0.7,95,9,1.43,0,98.75,3,-0.11,0,98.75,3,-0.09,0,98.75,3,-0.11,0,98.75,3,-0.09,0,98.75,3,-0.11,11,0,0
AAD2023.09.02768,336,3099,61,"University of Southern Mississippi, The","Educational Research and Administration, Department of",Educational Leadership and Administration,14,51,83,39,11,58,7.55,22,364,74,11,58,0.92,89,0,74,0,74,0,74,2,117,2,99,2,133,3,86,17,14,0,27,22,0.21,-0.65,120,25.63,0.14,-0.74,139,13.75,0.79,0.11,92,43.13,5.93,0.74,34,79.38,0.79,0.28,84,48.13,26,-0.21,86,46.88,4.39,-0.65,118,26.88,0,-0.67,74,54.38,0,-0.6,74,54.38,0,-0.55,74,54.38,0,-0.28,74,54.38,0.14,-0.84,129,20,0.14,-0.85,120,25.63,-0.2,85,47.5,-0.55,-0.46,0.04,-0.6,-0.02,1.04,0.1849,-0.55,-0.75,-0.25,-0.4,-0.49,0.32,-0.02,38.75,46.88,64.38,54.38,64.38,86.88,45,27.5,17.5,54.38,54.38,54.38,76.25,68.75,160,7/7/25 11:42,3,2,1.5,0.21,0.14,96,96,105,121,117,-0.56,-0.2846,-0.58,-0.7,-0.74,40.63,40.63,35,25,27.5,9,11,59.38,66,-0.12,0.79,55,73,-0.09,4,47.5,85,-0.4,0,98.75,3,-0.1,0,98.75,3,-0.1,0,98.75,3,-0.11,0.29,32.5,109,-0.56,0,98.75,3,-0.11,0,98.75,3,-0.09,0,98.75,3,-0.11,0,98.75,3,-0.09,0,98.75,3,-0.11,11,0,0
AAD2023.09.02768,343,3152,61,"University of Utah, The","Educational Leadership and Policy, Department of",Educational Leadership and Administration,13,68,35,88,11,58,3.18,116,485,59,12,49,1,1,0,74,0,74,0,74,13,39,8,34,10,64,4,74,17,14,0,27,22,0.31,-0.2,91,43.75,0.77,-0.08,68,58.13,0.85,0.38,71,56.25,2.69,-0.5,106,34.38,0.92,0.83,25,85,37.31,0.05,60,63.13,13.86,1.55,13,92.5,0,-0.67,74,54.38,0,-0.6,74,54.38,0,-0.55,74,54.38,0,-0.28,74,54.38,1,0.57,32,80.63,0.62,1.22,21,87.5,0.2,52,68.13,0.48,-0.23,0.16,-0.6,-0.02,-0.69,0.6242,0.14,-0.15,-0.11,-0.4,-0.49,-0.41,-0.13,79.38,54.38,70,54.38,64.38,28.13,100,76.25,60.63,63.75,54.38,54.38,45.63,58.13,160,7/7/25 11:42,10,6,1.67,0.77,0.46,33,79,45,47,32,0.54,-0.1334,0.14,0.36,1.02,80,51.25,72.5,71.25,80.63,9,13,66.25,55,0.04,1,65.63,56,0.29,7,71.25,47,0.21,0,98.75,3,-0.1,0,98.75,3,-0.1,0,98.75,3,-0.11,0.54,71.88,46,0.67,0,98.75,3,-0.11,0,98.75,3,-0.09,0,98.75,3,-0.11,0,98.75,3,-0.09,0,98.75,3,-0.11,11,0,0
AAD2023.09.02768,363,3659,61,Western Michigan University,"Educational Leadership, Research and Technology, Department of",Educational Leadership and Administration,19,29,79,44,17,28,4.65,86,693,44,15,34,0.88,105,3,12,6,9,2211061,18,7,64,6,44,5,103,4,74,17,14,0,27,22,0.21,-0.67,123,23.75,0.26,-0.61,132,18.13,0.89,0.6,51,68.75,4.16,0.06,72,55.63,0.79,0.29,83,48.75,36.47,0.04,62,61.88,8.77,0.36,51,68.75,0.16,0.92,24,85.63,0.32,1.49,13,92.5,116371.63,0.77,25,85,368510.17,0.06,45,72.5,0.37,-0.47,100,38.13,0.32,-0.09,82,49.38,0,68,58.13,0.14,-0.23,0.52,1.11,0.69,-0.11,0.004,-0.23,-0.53,0.13,0.57,1.38,0.26,0.54,73.13,54.38,79.38,93.13,83.13,46.88,35,60.63,36.25,73.13,89.38,95,73.13,82.5,160,7/7/25 11:42,7,5,1.4,0.37,0.26,41,104,66,94,77,0.27,-0.3736,-0.17,-0.41,-0.08,75,35.63,59.38,41.88,52.5,9,5,33.75,107,-0.6,0.26,17.5,133,-0.99,6,66.25,55,0.01,0,98.75,3,-0.1,0,98.75,3,-0.1,0,98.75,3,-0.11,0.32,36.25,103,-0.42,0,98.75,3,-0.11,0,98.75,3,-0.09,0,98.75,3,-0.11,0,98.75,3,-0.09,0,98.75,3,-0.11,11,0,0
AAD2023.09.02768,371,3784,61,Prairie View A&M University,"Educational Leadership and Counseling, Department of",Educational Leadership and Administration,12,79,5,151,5,128,1,156,17,146,5,121,1,1,2,24,2,28,435714,53,2,117,2,99,7,85,2,112,17,14,0,27,22,0.17,-0.88,128,20.63,0.58,-0.28,83,48.75,0.42,-1.54,145,10,0.42,-1.38,155,3.75,0.42,-1.2,137,15,1.42,-0.78,147,8.75,3.4,-0.88,129,20,0.17,1.01,22,86.88,0.17,0.5,33,80,36309.5,-0.13,49,70,217857,-0.08,60,63.13,0.17,-0.8,126,21.88,0.17,-0.74,113,30,-1.1,151,6.25,-0.55,-0.68,-0.68,0.54,-0.73,-1.55,0.6242,-0.55,-0.38,-0.66,-0.21,0.13,-0.86,-0.25,38.75,30.63,25,85.63,20.63,3.13,100,27.5,47.5,9.38,67.5,83.13,6.25,51.25,160,7/7/25 11:42,0,0,0,0,0,145,145,145,145,145,-1.11,-1.6188,-0.88,-1.11,-1.53,10,10,10,10,10,9,3,20.62,128,-0.76,0.25,16.25,135,-1.01,2,22.5,125,-0.8,0,98.75,3,-0.1,0,98.75,3,-0.1,0,98.75,3,-0.11,0.17,13.75,139,-1.14,0,98.75,3,-0.11,0,98.75,3,-0.09,0,98.75,3,-0.11,0,98.75,3,-0.09,0,98.75,3,-0.11,11,0,0
AAD2023.09.02768,70,4086,61,Florida Atlantic University,"Educational Leadership and Research Methodology, Department of",Educational Leadership and Administration,13,68,58,65,11,58,5.27,66,569,50,10,62,0.83,125,0,74,0,74,0,74,7,64,4,61,14,45,6,47,17,14,0,27,22,0.46,0.54,48,70.63,1.08,0.25,46,71.88,0.85,0.38,71,56.25,4.46,0.17,65,60,0.77,0.21,94,41.88,43.77,0.2,46,71.88,9.81,0.61,34,79.38,0,-0.67,74,54.38,0,-0.6,74,54.38,0,-0.55,74,54.38,0,-0.28,74,54.38,0.54,-0.19,72,55.63,0.31,-0.13,84,48.13,0.3,43,73.75,-0.21,0.22,-0.08,-0.6,-0.02,0.14,-0.2544,-0.23,0.15,-0.01,-0.4,-0.49,-0.06,-0.13,62.5,71.25,61.88,54.38,64.38,59.38,22.5,60.63,72.5,69.38,54.38,54.38,60,58.13,160,7/7/25 11:42,18,7,2.57,1.38,0.54,25,28,21,11,16,0.82,0.6671,0.95,1.53,1.45,85,83.13,87.5,93.75,90.63,9,20,81.87,30,0.6,1.54,89.38,18,1.22,8,75.62,40,0.41,0,98.75,3,-0.1,0,98.75,3,-0.1,0,98.75,3,-0.11,0.62,81.88,30,1.04,0,98.75,3,-0.11,0,98.75,3,-0.09,0,98.75,3,-0.11,0,98.75,3,-0.09,0,98.75,3,-0.11,11,0,0
AAD2023.09.02768,73,4149,61,Florida State University,"Educational Leadership and Policy Studies, Department of",Educational Leadership and Administration,17,41,121,21,16,30,7.56,21,905,33,14,35,0.88,106,3,12,4,15,4189014,10,23,19,11,15,20,25,6,47,17,14,0,27,22,0.35,0.01,80,50.63,1.18,0.35,33,80,0.94,0.81,34,79.38,7.12,1.2,17,90,0.82,0.43,73,55,53.24,0.42,30,81.88,7.48,0.07,74,54.38,0.18,1.11,20,88.13,0.24,0.96,20,88.13,246412.59,2.25,8,95.63,1047253.5,0.67,7,96.25,1.35,1.15,22,86.88,0.65,1.36,19,88.75,0.7,13,92.5,1,0.22,0.4,1.11,0.57,1.04,-0.0348,0.77,0.6,0.38,1.44,0.76,0.9,0.32,91.25,71.25,78.75,93.13,81.88,87.5,34.38,88.75,85,80,94.38,91.25,87.5,75,160,7/7/25 11:42,24,8,3,1.41,0.47,19,13,13,8,30,1.09,1.0496,1.57,1.58,1.07,88.75,92.5,92.5,95.63,81.88,9,27,91.25,15,1.16,1.59,90,17,1.3,9,81.87,30,0.61,0,98.75,3,-0.1,0,98.75,3,-0.1,0,98.75,3,-0.11,0.53,70,49,0.62,0,98.75,3,-0.11,0,98.75,3,-0.09,0,98.75,3,-0.11,0,98.75,3,-0.09,0,98.75,3,-0.11,11,0,0
AAD2023.09.02768,83,4232,61,Georgia State University,"Educational Policy Studies, Department of",Educational Leadership and Administration,18,34,110,23,18,25,6.11,47,1218,20,17,28,0.94,80,1,39,1,44,291390,58,12,43,8,34,26,19,8,26,17,14,0,27,22,0.44,0.45,51,68.75,1.44,0.64,22,86.88,1,1.07,1,100,6.11,0.81,32,80.63,0.94,0.92,22,86.88,67.67,0.76,17,90,11.07,0.9,22,86.88,0.06,-0.11,62,61.88,0.06,-0.24,63,61.25,16188.33,-0.36,60,63.13,291390,-0.01,53,67.5,0.67,0.02,54,66.88,0.44,0.47,48,70.63,0.5,26,84.38,0.48,0.68,0.76,-0.03,0.81,0.47,0.3313,0.08,1.06,0.75,-0.28,-0.18,0.74,0.43,79.38,84.38,83.13,76.25,85,71.25,50.63,73.75,88.75,88.13,64.38,73.13,86.25,79.38,160,7/7/25 11:42,5,5,1,0.28,0.28,41,120,81,111,70,0.27,-0.7294,-0.37,-0.58,0,75,25.63,50,31.25,56.88,9,21,83.75,27,0.68,1.17,71.25,47,0.57,8,75.62,40,0.41,0,98.75,3,-0.1,0,98.75,3,-0.1,0,98.75,3,-0.11,0.44,58.75,67,0.21,0,98.75,3,-0.11,0,98.75,3,-0.09,0,98.75,3,-0.11,0,98.75,3,-0.09,0,98.75,3,-0.11,11,0,0
AAD2023.09.02768,93,4299,61,Illinois State University,"Educational Administration and Foundations, Department of",Educational Leadership and Administration,14,51,12,136,6,114,2,141,22,139,3,138,0.5,152,0,74,0,74,0,74,8,58,5,53,8,78,4,74,17,14,0,27,22,0.29,-0.31,95,41.25,0.57,-0.29,85,47.5,0.43,-1.48,141,12.5,0.86,-1.21,146,9.38,0.21,-2.02,151,6.25,1.57,-0.77,146,9.38,1.83,-1.25,142,11.88,0,-0.67,74,54.38,0,-0.6,74,54.38,0,-0.55,74,54.38,0,-0.28,74,54.38,0.57,-0.13,62,61.88,0.36,0.09,68,58.13,-1,143,11.25,-0.03,-0.23,-0.92,-0.6,-0.61,-1.16,-2.0116,-0.17,-0.3,-0.65,-0.4,-0.49,-0.76,-0.02,67.5,54.38,14.38,54.38,29.38,12.5,5.63,64.38,51.88,13.75,54.38,54.38,15.63,68.75,160,7/7/25 11:42,2,2,1,0.14,0.14,96,120,115,130,117,-0.56,-0.7294,-0.68,-0.84,-0.74,40.63,25.63,28.75,19.38,27.5,9,7,40.63,96,-0.44,0.5,34.38,106,-0.58,5,59.38,66,-0.2,0,98.75,3,-0.1,0,98.75,3,-0.1,0,98.75,3,-0.11,0.36,45,89,-0.22,0,98.75,3,-0.11,0,98.75,3,-0.09,0,98.75,3,-0.11,0,98.75,3,-0.09,0,98.75,3,-0.11,11,0,0
AAD2023.09.02768,94,4304,61,Indiana State University,"Educational Leadership, Department of",Educational Leadership and Administration,6,144,2,157,2,149,1,156,0,157,0,157,0,157,0,74,0,74,0,74,9,51,2,99,12,55,5,56,17,14,0,27,22,0.83,2.32,4,98.13,2,1.23,7,96.25,0.33,-1.91,151,6.25,0.33,-1.41,157,2.5,0,-2.88,157,2.5,0,-0.81,157,2.5,0,-1.67,157,2.5,0,-0.67,74,54.38,0,-0.6,74,54.38,0,-0.55,74,54.38,0,-0.28,74,54.38,1.5,1.39,17,90,0.33,-0.02,71,56.25,-1.1,151,6.25,-0.55,0,-1.28,-0.6,-1.09,-1.55,-4.6474,-0.11,0,-0.68,-0.4,-0.49,-0.91,-0.92,38.75,65.63,2.5,54.38,7.5,3.13,2.5,68.75,66.25,2.5,54.38,54.38,2.5,10.63,160,7/7/25 11:42,0,0,0,0,0,145,145,145,145,145,-1.11,-1.6188,-0.88,-1.11,-1.53,10,10,10,10,10,9,1,10,145,-0.92,0.17,11.25,143,-1.16,1,13.13,140,-1,0,98.75,3,-0.1,0,98.75,3,-0.1,0,98.75,3,-0.11,0.17,13.75,139,-1.14,0,98.75,3,-0.11,0,98.75,3,-0.09,0,98.75,3,-0.11,0,98.75,3,-0.09,0,98.75,3,-0.11,11,0,0
AAD2023.09.02768,9,4318,61,Andrews University,"Leadership, Department of",Educational Leadership and Administration,8,120,6,148,4,136,1.5,150,26,136,4,130,0.8,133,0,74,0,74,0,74,1,131,1,121,3,123,1,134,17,14,0,27,22,0.13,-1.08,137,15,0.38,-0.5,116,28.13,0.5,-1.16,135,16.25,0.75,-1.25,148,8.13,0.5,-0.87,127,21.25,3.25,-0.73,139,13.75,4.33,-0.67,119,26.25,0,-0.67,74,54.38,0,-0.6,74,54.38,0,-0.55,74,54.38,0,-0.28,74,54.38,0.13,-0.87,135,16.25,0.13,-0.93,129,20,-1,143,11.25,-0.72,-0.91,-0.8,-0.6,-0.85,-1.35,-0.4302,-0.61,-0.68,-0.65,-0.4,-0.49,-0.85,-0.7,25,16.88,19.38,54.38,15.63,6.88,17.5,18.75,23.75,15.63,54.38,54.38,8.13,25.63,160,7/7/25 11:42,0,0,0,0,0,145,145,145,145,145,-1.11,-1.6188,-0.88,-1.11,-1.53,10,10,10,10,10,9,2,15,137,-0.84,0.25,16.25,135,-1.01,1,13.13,140,-1,0,98.75,3,-0.1,0,98.75,3,-0.1,0,98.75,3,-0.11,0.13,9.38,146,-1.34,0,98.75,3,-0.11,0,98.75,3,-0.09,0,98.75,3,-0.11,0,98.75,3,-0.09,0,98.75,3,-0.11,11,0,0
AAD2023.09.02768,100,4347,61,Jackson State University,"Educational Administration, Foundations, and Research, Department of",Educational Leadership and Administration,8,120,6,148,5,128,1.2,155,10,149,3,138,0.6,149,0,74,0,74,0,74,0,148,0,148,3,123,2,112,17,14,0,27,22,0.25,-0.48,108,33.13,0.38,-0.5,116,28.13,0.63,-0.61,125,22.5,0.75,-1.25,148,8.13,0.38,-1.37,141,12.5,1.25,-0.78,148,8.13,1.67,-1.28,146,9.38,0,-0.67,74,54.38,0,-0.6,74,54.38,0,-0.55,74,54.38,0,-0.28,74,54.38,0,-1.07,148,8.13,0,-1.47,148,8.13,-1.1,151,6.25,-0.89,-0.68,-0.92,-0.6,-0.73,-1.47,-1.4845,-0.67,-0.68,-0.67,-0.4,-0.49,-0.85,-0.7,8.13,30.63,14.38,54.38,20.63,3.75,7.5,8.13,23.75,7.5,54.38,54.38,8.13,25.63,160,7/7/25 11:42,0,0,0,0,0,145,145,145,145,145,-1.11,-1.6188,-0.88,-1.11,-1.53,10,10,10,10,10,9,5,33.75,107,-0.6,0.63,43.75,91,-0.36,2,22.5,125,-0.8,0,98.75,3,-0.1,0,98.75,3,-0.1,0,98.75,3,-0.11,0.25,24.38,122,-0.74,0,98.75,3,-0.11,0,98.75,3,-0.09,0,98.75,3,-0.11,0,98.75,3,-0.09,0,98.75,3,-0.11,11,0,0
AAD2023.09.02768,104,4367,61,Kent State University,"Foundations, Leadership and Administration, School of",Educational Leadership and Administration,27,14,100,28,16,30,6.25,43,960,28,19,21,0.9,97,0,74,0,74,0,74,19,25,10,24,10,64,5,56,17,14,0,27,22,0.19,-0.79,125,22.5,0.37,-0.5,120,25.63,0.59,-0.75,129,20,3.7,-0.12,81,50,0.7,-0.05,103,36.25,35.56,0.01,65,60,9.6,0.56,41,75,0,-0.67,74,54.38,0,-0.6,74,54.38,0,-0.55,74,54.38,0,-0.28,74,54.38,0.7,0.08,52,68.13,0.37,0.15,63,61.25,-0.3,95,41.25,0.83,0,1,-0.6,0.57,0.53,0.097,0.52,-0.15,0.44,-0.4,-0.49,0.58,1.45,85.63,65.63,87.5,54.38,81.88,73.75,40,85,60.63,83.13,54.38,54.38,83.13,91.88,160,7/7/25 11:42,1,1,1,0.04,0.04,114,120,128,144,144,-0.84,-0.7294,-0.78,-1.04,-1.33,29.38,25.63,20.63,10.63,10.63,9,11,59.38,66,-0.12,0.41,28.75,115,-0.74,6,66.25,55,0.01,0,98.75,3,-0.1,0,98.75,3,-0.1,0,98.75,3,-0.11,0.22,21.25,127,-0.87,0,98.75,3,-0.11,0,98.75,3,-0.09,0,98.75,3,-0.11,0,98.75,3,-0.09,0,98.75,3,-0.11,11,0,0
AAD2023.09.02768,274,4792,61,University of Georgia,"Lifelong Education, Administration and Policy, Department of",Educational Leadership and Administration,16,43,100,28,14,42,7.14,28,1060,23,13,44,0.93,84,0,74,0,74,0,74,16,29,9,30,31,14,10,15,17,14,0,27,22,0.63,1.32,13,92.5,1.94,1.16,9,95,0.88,0.51,57,65,6.25,0.86,30,81.88,0.81,0.39,79,51.25,66.25,0.72,19,88.75,10.6,0.79,24,85.63,0,-0.67,74,54.38,0,-0.6,74,54.38,0,-0.55,74,54.38,0,-0.28,74,54.38,1,0.57,32,80.63,0.56,0.99,31,81.25,0.6,21,87.5,0.65,1.13,0.28,-0.6,0.34,0.88,0.2476,0.33,1.43,0.56,-0.4,-0.49,0.58,0.21,81.88,91.25,73.13,54.38,74.38,83.13,48.13,82.5,91.88,86.25,54.38,54.38,83.13,73.75,160,7/7/25 11:42,11,8,1.38,0.69,0.5,19,105,36,54,18,1.09,-0.3914,0.24,0.2,1.24,88.75,35,78.13,66.88,89.38,9,36,95.63,8,1.88,2.25,98.75,3,2.45,11,91.25,15,1.02,0,98.75,3,-0.1,0,98.75,3,-0.1,0,98.75,3,-0.11,0.69,93.13,12,1.39,0,98.75,3,-0.11,0,98.75,3,-0.09,0,98.75,3,-0.11,0,98.75,3,-0.09,0,98.75,3,-0.11,11,0,0
AAD2023.09.02768,280,4850,61,University of Illinois at Urbana-Champaign,"Educational Policy, Organization and Leadership, Department of",Educational Leadership and Administration,33,6,140,13,27,6,5.19,69,1575,13,28,4,0.97,70,2,24,2,28,279456,59,33,11,15,8,33,12,16,4,17,14,0,27,22,0.48,0.65,43,73.75,1,0.17,49,70,0.82,0.26,81,50,4.24,0.09,70,56.88,0.85,0.53,64,60.63,47.73,0.3,40,75.63,11.25,0.94,20,88.13,0.06,-0.06,61,62.5,0.06,-0.2,62,61.88,8468.36,-0.45,69,57.5,139728,-0.15,66,59.38,1,0.57,32,80.63,0.45,0.52,46,71.88,0.3,43,73.75,1.68,2.5,2.08,0.54,1.88,0.11,0.4424,1.39,1.58,1.16,-0.28,0.13,1.19,2.12,95.63,98.13,98.13,85.63,96.88,57.5,56.88,93.75,93.13,92.5,63.75,83.13,92.5,96.88,160,7/7/25 11:42,27,11,2.45,0.82,0.33,9,38,7,43,54,1.92,0.5604,1.87,0.45,0.31,95,76.88,96.25,73.75,66.88,9,46,98.75,3,2.67,1.39,83.75,27,0.97,18,98.75,3,2.43,0,98.75,3,-0.1,0,98.75,3,-0.1,0,98.75,3,-0.11,0.55,73.13,44,0.7,0,98.75,3,-0.11,0,98.75,3,-0.09,0,98.75,3,-0.11,0,98.75,3,-0.09,0,98.75,3,-0.11,11,0,0
AAD2023.09.02768,301,5029,61,"University of Minnesota, Twin Cities","Organizational Leadership, Policy, and Development, Department of",Educational Leadership and Administration,29,8,166,10,25,10,6.64,37,1583,11,24,10,0.92,87,1,39,1,44,377985,55,25,16,11,15,30,16,13,5,17,14,0,27,22,0.45,0.47,49,70,1.03,0.2,48,70.63,0.86,0.46,65,60,5.72,0.66,36,78.13,0.83,0.45,71,56.25,54.59,0.45,26,84.38,9.54,0.54,43,73.75,0.03,-0.32,71,56.25,0.03,-0.38,71,56.25,13033.97,-0.4,63,61.25,377985,0.06,43,73.75,0.86,0.35,43,73.75,0.38,0.19,57,65,0.4,34,79.38,1,1.81,1.6,-0.03,1.64,0.68,0.2187,0.89,1.36,1.17,-0.24,-0.18,1.59,1.67,91.25,97.5,94.38,76.25,94.38,77.5,46.25,90.63,90.63,93.75,66.25,73.13,94.38,95.63,160,7/7/25 11:42,10,8,1.25,0.34,0.28,19,116,45,98,72,1.09,-0.507,0.14,-0.45,-0.01,88.75,28.13,72.5,39.38,55.63,9,35,95,9,1.8,1.21,74.38,42,0.64,17,98.12,4,2.23,0,98.75,3,-0.1,0,98.75,3,-0.1,0,98.75,3,-0.11,0.59,78.75,35,0.9,0,98.75,3,-0.11,0,98.75,3,-0.09,0,98.75,3,-0.11,0,98.75,3,-0.09,0,98.75,3,-0.11,11,0,0
AAD2023.09.02768,357,5342,61,Washington State University,"Educational Leadership and Sport Management, Department of",Educational Leadership and Administration,10,100,70,52,9,72,7.78,17,525,55,9,72,0.9,97,0,74,0,74,0,74,3,103,2,99,9,71,4,74,17,14,0,27,22,0.4,0.24,57,65,0.9,0.06,56,65.63,0.9,0.62,49,70,7,1.15,20,88.13,0.9,0.74,35,78.75,52.5,0.41,31,81.25,7.5,0.07,72,55.63,0,-0.67,74,54.38,0,-0.6,74,54.38,0,-0.55,74,54.38,0,-0.28,74,54.38,0.3,-0.58,111,31.25,0.2,-0.6,107,33.75,0.5,26,84.38,-0.55,-0.23,-0.2,-0.6,-0.26,1.13,0.097,-0.48,-0.23,-0.06,-0.4,-0.49,0.13,-0.47,38.75,54.38,55.63,54.38,55.63,90,40,36.25,56.25,66.25,54.38,54.38,68.13,38.13,160,7/7/25 11:42,4,3,1.33,0.4,0.3,73,106,93,88,62,-0.28,-0.4358,-0.47,-0.35,0.13,55,34.38,42.5,45.63,61.88,9,12,62.5,61,-0.04,1.2,73.75,43,0.63,5,59.38,66,-0.2,0,98.75,3,-0.1,0,98.75,3,-0.1,0,98.75,3,-0.11,0.5,68.13,52,0.48,0,98.75,3,-0.11,0,98.75,3,-0.09,0,98.75,3,-0.11,0,98.75,3,-0.09,0,98.75,3,-0.11,11,0,0
AAD2023.09.02768,96,5622,61,Indiana University - Bloomington,"Educational Leadership and Policy Studies, Department of",Educational Leadership and Administration,17,41,91,35,15,38,6.07,49,886,34,14,35,0.88,106,0,74,0,74,0,74,36,9,13,11,19,30,9,19,17,14,0,27,22,0.53,0.86,32,80.63,1.12,0.29,41,75,0.88,0.55,56,65.63,5.35,0.52,43,73.75,0.82,0.43,73,55,52.12,0.4,32,80.63,9.74,0.59,36,78.13,0,-0.67,74,54.38,0,-0.6,74,54.38,0,-0.55,74,54.38,0,-0.28,74,54.38,2.12,2.41,6,96.88,0.76,1.87,7,96.25,0.5,26,84.38,1.34,0.91,0.4,-0.6,0.45,0.45,-0.0348,1.58,0.53,0.36,-0.4,-0.49,0.45,0.32,93.75,88.75,78.75,54.38,76.88,70,34.38,95,81.88,79.38,54.38,54.38,78.75,75,160,7/7/25 11:42,8,5,1.6,0.47,0.29,41,90,58,74,66,0.27,-0.1957,-0.07,-0.21,0.1,75,44.38,64.38,54.38,59.38,9,20,81.87,30,0.6,1.18,71.88,46,0.59,10,87.5,21,0.81,0,98.75,3,-0.1,0,98.75,3,-0.1,0,98.75,3,-0.11,0.59,79.38,34,0.91,0,98.75,3,-0.11,0,98.75,3,-0.09,0,98.75,3,-0.11,0,98.75,3,-0.09,0,98.75,3,-0.11,11,0,0
AAD2023.09.02768,45,5846,61,Cleveland State University,"Counseling, Administration, Supervision, and Adult Learning, Department of",Educational Leadership and Administration,12,79,62,60,11,58,5.64,58,986,26,10,62,0.83,125,0,74,0,74,0,74,3,103,2,99,7,85,5,56,17,14,0,27,22,0.42,0.32,56,65.63,0.58,-0.28,83,48.75,0.92,0.7,44,73.13,5.17,0.45,51,68.75,0.83,0.47,67,58.75,82.17,1.09,12,93.13,15.9,2.02,7,96.25,0,-0.67,74,54.38,0,-0.6,74,54.38,0,-0.55,74,54.38,0,-0.28,74,54.38,0.25,-0.66,116,28.13,0.17,-0.74,113,30,-0.1,76,53.13,-0.55,0,-0.08,-0.6,-0.02,0.28,-0.2544,-0.48,-0.38,0.47,-0.4,-0.49,0,-0.25,38.75,65.63,61.88,54.38,64.38,64.38,22.5,36.25,47.5,84.38,54.38,54.38,63.13,51.25,160,7/7/25 11:42,0,0,0,0,0,145,145,145,145,145,-1.11,-1.6188,-0.88,-1.11,-1.53,10,10,10,10,10,9,8,46.88,86,-0.36,0.67,48.13,84,-0.29,4,47.5,85,-0.4,0,98.75,3,-0.1,0,98.75,3,-0.1,0,98.75,3,-0.11,0.33,41.88,94,-0.33,0,98.75,3,-0.11,0,98.75,3,-0.09,0,98.75,3,-0.11,0,98.75,3,-0.09,0,98.75,3,-0.11,11,0,0
AAD2023.09.02768,132,6321,61,Michigan State University,"Educational Administration, Department of",Educational Leadership and Administration,29,8,123,18,28,4,4.39,91,1280,18,28,4,0.97,70,6,6,10,7,3459749,12,60,5,20,4,23,21,13,5,17,14,0,27,22,0.45,0.47,49,70,0.79,-0.05,67,58.75,0.97,0.92,25,85,4.24,0.09,71,56.25,0.97,1,18,89.38,44.14,0.21,44,73.13,10.41,0.75,28,83.13,0.21,1.42,14,91.88,0.34,1.68,12,93.13,119301.69,0.81,23,86.25,345974.9,0.04,47,71.25,2.07,2.33,7,96.25,0.69,1.54,13,92.5,0.4,34,79.38,2.54,1.81,2.08,2.82,2,-0.21,0.4424,3.08,0.83,0.82,1.12,2.63,0.93,1.67,98.13,97.5,98.13,96.88,98.13,43.75,56.88,97.5,87.5,89.38,93.13,96.25,89.38,95.63,160,7/7/25 11:42,18,10,1.8,0.62,0.34,11,74,21,59,53,1.65,-0.0178,0.95,0.07,0.38,93.75,54.38,87.5,63.75,67.5,9,42,96.25,7,2.35,1.45,86.25,23,1.06,15,94.37,10,1.82,0,98.75,3,-0.1,0,98.75,3,-0.1,0,98.75,3,-0.11,0.52,68.75,51,0.56,0,98.75,3,-0.11,0,98.75,3,-0.09,0,98.75,3,-0.11,0,98.75,3,-0.09,0,98.75,3,-0.11,11,0,0
AAD2023.09.02768,159,6534,61,Old Dominion University,Educational Leadership and Workforce Development,Educational Leadership and Administration,18,34,63,59,17,28,3.71,105,597,47,16,30,0.94,81,0,74,0,74,0,74,13,39,6,44,13,50,5,56,17,14,0,27,22,0.28,-0.35,100,38.13,0.72,-0.13,75,53.75,0.94,0.82,33,80,3.5,-0.19,83,48.75,0.89,0.69,40,75.63,33.17,-0.04,75,53.75,9.48,0.53,44,73.13,0,-0.67,74,54.38,0,-0.6,74,54.38,0,-0.55,74,54.38,0,-0.28,74,54.38,0.72,0.12,50,69.38,0.33,-0.02,71,56.25,0,68,58.13,0.14,0,0.64,-0.6,0.69,-0.48,0.3141,0.14,0.08,0.02,-0.4,-0.49,0.02,0.43,73.13,65.63,81.88,54.38,83.13,35,50,76.25,69.38,71.25,54.38,54.38,63.75,79.38,160,7/7/25 11:42,25,9,2.78,1.39,0.5,15,24,11,10,18,1.37,0.8539,1.67,1.54,1.24,91.25,85.63,93.75,94.38,89.38,9,14,69.37,50,0.12,0.78,53.75,75,-0.1,10,87.5,21,0.81,0,98.75,3,-0.1,0,98.75,3,-0.1,0,98.75,3,-0.11,0.56,74.38,42,0.75,0,98.75,3,-0.11,0,98.75,3,-0.09,0,98.75,3,-0.11,0,98.75,3,-0.09,0,98.75,3,-0.11,11,0,0
AAD2023.09.02768,221,6927,61,Texas State University,"Counseling, Leadership, Adult Education, and School Psychology, Department of",Educational Leadership and Administration,38,4,172,8,28,4,6.14,46,1287,17,28,4,0.97,70,1,39,1,44,469514,50,18,27,14,9,42,7,12,11,17,14,0,27,22,0.32,-0.17,87,46.25,1.11,0.28,43,73.75,0.74,-0.11,108,33.13,4.53,0.2,63,61.25,0.74,0.08,99,38.75,33.87,-0.03,71,56.25,7.48,0.07,73,55,0.03,-0.41,73,55,0.03,-0.43,73,55,12355.63,-0.41,65,60,469514,0.15,32,80.63,0.47,-0.29,82,49.38,0.37,0.14,65,60,-0.1,76,53.13,1.51,1.59,2.08,-0.03,2,0.48,0.4424,0.45,2.26,0.83,-0.2,-0.18,1.68,2.69,95,93.75,98.13,76.25,98.13,71.88,56.88,83.75,96.25,90,69.38,73.13,95.63,98.13,160,7/7/25 11:42,7,4,1.75,0.18,0.11,57,77,66,126,134,-0.01,-0.0623,-0.17,-0.76,-0.95,65,52.5,59.38,21.88,16.88,9,44,97.5,5,2.51,1.16,70.63,48,0.56,17,98.12,4,2.23,0,98.75,3,-0.1,0,98.75,3,-0.1,0,98.75,3,-0.11,0.45,59.38,66,0.22,0,98.75,3,-0.11,0,98.75,3,-0.09,0,98.75,3,-0.11,0,98.75,3,-0.09,0,98.75,3,-0.11,11,0,0
AAD2023.09.02768,229,6975,61,"University of Texas at Austin, The","Educational Leadership and Policy, Department of",Educational Leadership and Administration,16,43,139,14,14,42,9.93,4,1534,14,14,35,1,1,2,24,2,28,725552,41,34,10,11,15,22,22,7,36,17,14,0,27,22,0.44,0.42,52,68.13,1.38,0.56,24,85.63,0.88,0.51,57,65,8.69,1.8,7,96.25,0.88,0.64,44,73.13,95.88,1.41,9,95,11.04,0.89,23,86.25,0.13,0.59,34,79.38,0.13,0.22,41,75,45347,-0.03,46,71.88,362776,0.05,46,71.88,2.13,2.42,5,97.5,0.69,1.53,14,91.88,0.9,3,98.75,1,0.45,0.4,0.54,0.34,1.98,0.6242,1.46,0.75,1.11,-0.08,0.13,1.18,0.21,91.25,78.13,78.75,85.63,74.38,98.13,100,94.38,86.88,91.88,75,83.13,91.88,73.75,160,7/7/25 11:42,22,6,3.67,1.38,0.38,33,10,14,12,44,0.54,1.6455,1.36,1.51,0.54,80,94.38,91.88,93.13,73.13,9,34,94.37,10,1.72,2.13,97.5,5,2.23,11,91.25,15,1.02,0,98.75,3,-0.1,0,98.75,3,-0.1,0,98.75,3,-0.11,0.69,93.13,12,1.39,0,98.75,3,-0.11,0,98.75,3,-0.09,0,98.75,3,-0.11,0,98.75,3,-0.09,0,98.75,3,-0.11,11,0,0
AAD2023.09.02768,243,7151,61,"University of Alabama, The","Educational Leadership, Policy and Technology Studies, Department of",Educational Leadership and Administration,18,34,94,34,16,30,5.88,51,960,28,14,35,0.82,132,2,24,2,28,840000,39,10,49,7,37,20,25,11,13,17,14,0,27,22,0.61,1.25,17,90,1.11,0.28,42,74.38,0.89,0.58,52,68.13,5.22,0.47,48,70.63,0.78,0.25,88,45.63,53.33,0.43,29,82.5,10.21,0.7,31,81.25,0.11,0.45,40,75.63,0.11,0.13,46,71.88,46666.67,-0.02,44,73.13,420000,0.1,38,76.88,0.56,-0.16,68,58.13,0.39,0.23,55,66.25,0.2,52,68.13,0.31,1.36,0.4,0.54,0.57,0.38,-0.3061,-0.05,0.6,0.44,-0.03,0.13,0.49,0.43,77.5,92.5,78.75,85.63,81.88,68.75,18.13,70,85,83.13,76.25,83.13,79.38,79.38,160,7/7/25 11:42,34,10,3.4,1.89,0.56,11,11,5,5,14,1.65,1.4054,2.58,2.5,1.54,93.75,93.75,97.5,97.5,91.88,9,14,69.37,50,0.12,0.78,53.75,75,-0.1,6,66.25,55,0.01,0,98.75,3,-0.1,0,98.75,3,-0.1,0,98.75,3,-0.11,0.33,41.88,94,-0.33,0,98.75,3,-0.11,0,98.75,3,-0.09,0,98.75,3,-0.11,0,98.75,3,-0.09,0,98.75,3,-0.11,11,0,0
AAD2023.09.02768,286,7659,61,University of Louisville,"Educational Leadership, Evaluation, and Organizational Development, Department of",Educational Leadership and Administration,13,68,68,54,12,52,5.67,55,492,58,12,49,1,1,1,39,1,44,121292,70,9,51,6,44,15,42,7,36,17,14,0,27,22,0.54,0.91,31,81.25,1.15,0.33,37,77.5,0.92,0.73,41,75,5.23,0.47,46,71.88,0.92,0.83,25,85,37.85,0.07,59,63.75,7.24,0.01,77,52.5,0.08,0.11,52,68.13,0.08,-0.09,54,66.88,9330.15,-0.44,68,58.13,121292,-0.17,68,58.13,0.69,0.07,53,67.5,0.46,0.55,43,73.75,0.3,43,73.75,0.14,0.45,0.16,-0.03,0.1,0.3,0.6242,-0.11,0.23,-0.1,-0.35,-0.18,0.1,-0.13,73.13,78.13,70,76.25,68.13,66.25,100,68.75,74.38,64.38,56.88,73.13,66.88,58.13,160,7/7/25 11:42,15,5,3,1.15,0.38,41,13,31,22,41,0.27,1.0496,0.65,1.09,0.6,75,92.5,81.25,86.88,75,9,13,66.25,55,0.04,1,65.63,56,0.29,7,71.25,47,0.21,0,98.75,3,-0.1,0,98.75,3,-0.1,0,98.75,3,-0.11,0.54,71.88,46,0.67,0,98.75,3,-0.11,0,98.75,3,-0.09,0,98.75,3,-0.11,0,98.75,3,-0.09,0,98.75,3,-0.11,11,0,0
AAD2023.09.02768,289,7707,61,"University of Maryland, College Park","Teaching and Learning, Policy and Leadership, Department of",Educational Leadership and Administration,28,11,183,6,27,6,6.78,34,2956,4,27,7,1,1,8,3,12,4,5808849,6,38,7,19,5,42,7,13,5,17,14,0,27,22,0.46,0.55,47,71.25,1.5,0.7,19,88.75,0.96,0.91,26,84.38,6.54,0.97,27,83.75,0.96,0.99,19,88.75,105.57,1.64,7,96.25,16.15,2.08,6,96.88,0.29,2.21,7,96.25,0.43,2.24,10,94.38,207458.89,1.8,15,91.25,484070.75,0.16,29,82.5,1.36,1.16,20,88.13,0.68,1.5,17,90,0.8,9,95,2.37,1.81,1.96,3.96,1.88,0.74,0.6242,1.71,2.26,2.78,2.16,3.26,1.85,1.56,97.5,97.5,96.25,98.75,96.88,79.38,100,96.25,96.25,98.13,96.88,98.13,96.88,93.75,160,7/7/25 11:42,67,18,3.72,2.39,0.64,1,9,1,4,4,3.85,1.69,5.95,3.46,2.03,100,95,100,98.13,98.13,9,45,98.12,4,2.59,1.61,90.63,16,1.34,16,96.25,7,2.03,0,98.75,3,-0.1,0,98.75,3,-0.1,0,98.75,3,-0.11,0.57,78.13,36,0.83,0,98.75,3,-0.11,0,98.75,3,-0.09,0,98.75,3,-0.11,0,98.75,3,-0.09,0,98.75,3,-0.11,11,0,0
AAD2023.09.02768,307,7964,61,University of Missouri - St. Louis,"Education Sciences and Professional Programs, Department of",Educational Leadership and Administration,14,51,99,30,13,48,7.62,20,673,45,13,44,1,1,1,39,1,44,49979,73,4,90,4,61,4,109,3,86,17,14,0,27,22,0.21,-0.65,120,25.63,0.29,-0.59,127,21.25,0.93,0.75,38,76.88,7.07,1.18,18,89.38,0.93,0.85,24,85.63,48.07,0.3,39,76.25,6.8,-0.09,82,49.38,0.07,0.05,54,66.88,0.07,-0.13,56,65.63,3569.93,-0.51,73,55,49979,-0.23,73,55,0.29,-0.6,112,30.63,0.29,-0.22,87,46.25,0.3,43,73.75,-0.21,-0.46,0.28,-0.03,0.22,1.07,0.6242,-0.42,-0.6,0.11,-0.38,-0.18,0.57,-0.02,62.5,46.88,73.13,76.25,70.63,88.13,100,44.38,32.5,72.5,55,73.13,81.88,68.75,160,7/7/25 11:42,6,2,3,0.43,0.14,96,13,72,81,117,-0.56,1.0496,-0.27,-0.29,-0.74,40.63,92.5,55.63,50,27.5,9,7,40.63,96,-0.44,0.5,34.38,106,-0.58,5,59.38,66,-0.2,0,98.75,3,-0.1,0,98.75,3,-0.1,0,98.75,3,-0.11,0.36,45,89,-0.22,0,98.75,3,-0.11,0,98.75,3,-0.09,0,98.75,3,-0.11,0,98.75,3,-0.09,0,98.75,3,-0.11,11,0,0
AAD2023.09.02768,308,7999,61,University of Nebraska - Lincoln,"Educational Administration, Department of",Educational Leadership and Administration,10,100,74,49,8,85,9.25,8,411,68,8,80,1,1,0,74,0,74,0,74,4,90,3,78,4,109,3,86,17,14,0,27,22,0.3,-0.24,93,42.5,0.4,-0.47,112,30.63,0.8,0.18,87,46.25,7.4,1.3,14,91.88,0.8,0.34,81,50,41.1,0.14,52,68.13,5.55,-0.38,104,35.63,0,-0.67,74,54.38,0,-0.6,74,54.38,0,-0.55,74,54.38,0,-0.28,74,54.38,0.4,-0.41,95,41.25,0.3,-0.16,85,47.5,0.4,34,79.38,-0.38,-0.46,-0.32,-0.6,-0.38,1.71,0.6242,-0.42,-0.6,-0.2,-0.4,-0.49,0.19,-0.47,51.88,46.88,50.63,54.38,47.5,95.63,100,44.38,32.5,58.13,54.38,54.38,70,38.13,160,7/7/25 11:42,9,5,1.8,0.9,0.5,41,74,55,33,18,0.27,-0.0178,0.04,0.61,1.24,75,54.38,66.25,80,89.38,9,10,56.25,71,-0.2,1,65.63,56,0.29,5,59.38,66,-0.2,0,98.75,3,-0.1,0,98.75,3,-0.1,0,98.75,3,-0.11,0.5,68.13,52,0.48,0,98.75,3,-0.11,0,98.75,3,-0.09,0,98.75,3,-0.11,0,98.75,3,-0.09,0,98.75,3,-0.11,11,0,0
AAD2023.09.02768,320,8103,61,University of North Texas,"Teacher Education and Administration, Department of",Educational Leadership and Administration,21,25,98,31,19,22,5.16,70,759,41,19,21,1,1,1,39,1,44,78260,71,9,51,7,37,8,78,5,56,17,14,0,27,22,0.24,-0.54,112,30.63,0.38,-0.49,115,28.75,0.9,0.65,48,70.63,4.67,0.25,61,62.5,0.9,0.76,34,79.38,36.14,0.03,64,60.63,7.74,0.13,67,58.75,0.05,-0.19,66,59.38,0.05,-0.29,67,58.75,3726.67,-0.5,72,55.63,78260,-0.21,71,56.25,0.43,-0.37,91,43.75,0.33,-0.02,71,56.25,0.2,52,68.13,0.31,0,1,-0.03,0.93,0.09,0.6242,-0.11,-0.3,0.21,-0.37,-0.18,0.55,0.77,77.5,65.63,87.5,76.25,86.88,56.88,100,68.75,51.88,75,56.25,73.13,81.25,85,160,7/7/25 11:42,26,10,2.6,1.24,0.48,11,27,10,16,29,1.65,0.6938,1.77,1.25,1.1,93.75,83.75,94.38,90.63,82.5,9,23,86.25,23,0.84,1.1,67.5,53,0.45,9,81.87,30,0.61,0,98.75,3,-0.1,0,98.75,3,-0.1,0,98.75,3,-0.11,0.43,56.25,71,0.13,0,98.75,3,-0.11,0,98.75,3,-0.09,0,98.75,3,-0.11,0,98.75,3,-0.09,0,98.75,3,-0.11,11,0,0
AAD2023.09.02768,347,8352,61,University of Wisconsin - Madison,"Educational Leadership and Policy Analysis, Department of",Educational Leadership and Administration,14,51,74,49,13,48,5.69,54,763,40,12,49,0.92,87,2,24,4,15,3120755,14,27,14,10,24,17,34,9,19,17,14,0,27,22,0.64,1.41,10,94.38,1.21,0.39,31,81.25,0.93,0.75,38,76.88,5.29,0.49,45,72.5,0.86,0.56,54,66.88,54.5,0.45,27,83.75,10.31,0.72,30,81.88,0.14,0.77,29,82.5,0.29,1.29,15,91.25,222911.07,1.98,12,93.13,780188.75,0.43,14,91.88,1.93,2.1,10,94.38,0.71,1.65,9,95,0.7,13,92.5,0.83,0.91,0.16,0.54,0.22,0.3,0.2187,1.02,0.38,0.21,0.97,0.76,0.19,-0.02,85.63,88.75,70,85.63,70.63,66.88,46.25,91.88,79.38,75.63,91.88,91.25,70,68.75,160,7/7/25 11:42,16,7,2.29,1.14,0.5,25,43,27,23,18,0.82,0.4181,0.75,1.07,1.24,85,73.75,83.75,86.25,89.38,9,26,90.63,16,1.08,1.86,94.38,10,1.77,9,81.87,30,0.61,0,98.75,3,-0.1,0,98.75,3,-0.1,0,98.75,3,-0.11,0.64,88.13,20,1.17,0,98.75,3,-0.11,0,98.75,3,-0.09,0,98.75,3,-0.11,0,98.75,3,-0.09,0,98.75,3,-0.11,11,0,0
AAD2023.09.02768,350,8480,61,Utah State University,"Teacher Education and Leadership, School of",Educational Leadership and Administration,28,11,149,12,27,6,5.52,60,931,31,25,9,0.93,86,3,12,6,9,2014070,21,16,29,9,30,15,42,8,26,17,14,0,27,22,0.29,-0.31,95,41.25,0.54,-0.33,98,39.38,0.96,0.91,26,84.38,5.32,0.51,44,73.13,0.89,0.71,39,76.25,33.25,-0.04,74,54.38,6.25,-0.22,91,43.75,0.11,0.41,44,73.13,0.21,0.82,25,85,71931.07,0.27,35,78.75,335678.33,0.03,48,70.63,0.57,-0.13,62,61.88,0.32,-0.07,80,50.63,0.2,52,68.13,0.65,0.68,1.72,1.11,1.88,0.24,0.2337,0.33,0.23,0.41,0.48,1.38,1.33,1.56,81.88,84.38,95,93.13,96.88,63.13,46.88,82.5,74.38,81.25,87.5,95,93.13,93.75,160,7/7/25 11:42,34,14,2.43,1.21,0.5,4,39,5,19,18,2.75,0.5426,2.58,1.21,1.24,98.13,76.25,97.5,88.75,89.38,9,16,74.38,42,0.28,0.57,40,97,-0.46,9,81.87,30,0.61,0,98.75,3,-0.1,0,98.75,3,-0.1,0,98.75,3,-0.11,0.32,36.88,102,-0.39,0,98.75,3,-0.11,0,98.75,3,-0.09,0,98.75,3,-0.11,0,98.75,3,-0.09,0,98.75,3,-0.11,11,0,0
AAD2023.09.02768,351,8535,61,Vanderbilt University,"Leadership, Policy and Organizations, Department of",Educational Leadership and Administration,24,19,131,16,21,17,6.24,44,2639,5,21,16,0.95,76,7,5,11,6,5650168,8,73,3,19,5,10,64,6,47,17,14,0,27,22,0.25,-0.48,108,33.13,0.42,-0.45,110,31.88,0.88,0.51,57,65,5.46,0.56,41,75,0.88,0.64,44,73.13,109.96,1.74,6,96.88,20.15,3.01,2,99.38,0.29,2.27,6,96.88,0.46,2.43,9,95,235423.67,2.12,10,94.38,513651.64,0.19,26,84.38,3.04,3.93,1,100,0.79,1.99,6,96.88,0.7,13,92.5,2.37,0.22,1.24,3.39,1.17,0.52,0.3845,3.9,-0.15,2.41,2.09,2.94,1.06,1.11,97.5,71.25,90.63,97.5,90,73.13,53.13,98.75,60.63,97.5,95.63,96.88,90.63,88.75,160,7/7/25 11:42,10,6,1.67,0.42,0.25,33,79,45,86,79,0.54,-0.1334,0.14,-0.32,-0.15,80,51.25,72.5,46.88,51.25,9,15,71.25,47,0.2,0.63,43.75,91,-0.36,11,91.25,15,1.02,0,98.75,3,-0.1,0,98.75,3,-0.1,0,98.75,3,-0.11,0.46,60.63,64,0.28,0,98.75,3,-0.11,0,98.75,3,-0.09,0,98.75,3,-0.11,0,98.75,3,-0.09,0,98.75,3,-0.11,11,0,0
AAD2023.09.02768,369,8639,61,Rutgers - Newark,"Urban Education, Department of",Educational Leadership and Administration,7,134,31,96,7,92,4.43,90,235,94,6,106,0.86,114,0,74,0,74,0,74,4,90,3,78,11,60,3,86,17,14,0,27,22,0.43,0.38,53,67.5,1.57,0.77,15,91.25,1,1.07,1,100,4.43,0.16,66,59.38,0.86,0.56,54,66.88,33.57,-0.03,73,55,7.58,0.09,69,57.5,0,-0.67,74,54.38,0,-0.6,74,54.38,0,-0.55,74,54.38,0,-0.28,74,54.38,0.57,-0.13,62,61.88,0.43,0.4,51,68.75,0,68,58.13,-0.38,-0.46,-0.56,-0.6,-0.49,-0.19,-0.1289,-0.42,-0.07,-0.4,-0.4,-0.49,-0.47,-0.81,51.88,46.88,34.38,54.38,43.13,44.38,29.38,44.38,63.13,41.88,54.38,54.38,40.63,16.88,160,7/7/25 11:42,10,4,2.5,1.43,0.57,57,30,45,7,11,-0.01,0.6048,0.14,1.62,1.63,65,81.88,72.5,96.25,93.75,9,13,66.25,55,0.04,1.86,94.38,10,1.77,5,59.38,66,-0.2,0,98.75,3,-0.1,0,98.75,3,-0.1,0,98.75,3,-0.11,0.71,96.25,7,1.52,0,98.75,3,-0.11,0,98.75,3,-0.09,0,98.75,3,-0.11,0,98.75,3,-0.09,0,98.75,3,-0.11,11,0,0
AAD2023.09.02768,27,8713,61,Brigham Young University,"Educational Leadership and Foundations, Department of",Educational Leadership and Administration,7,134,21,117,7,92,3,122,52,132,6,106,0.86,114,0,74,0,74,0,74,4,90,2,99,5,103,3,86,17,14,0,27,22,0.43,0.38,53,67.5,0.71,-0.14,76,53.13,1,1.07,1,100,3,-0.39,95,41.25,0.86,0.56,54,66.88,7.43,-0.64,122,24.38,2.48,-1.09,139,13.75,0,-0.67,74,54.38,0,-0.6,74,54.38,0,-0.55,74,54.38,0,-0.28,74,54.38,0.57,-0.13,62,61.88,0.29,-0.22,87,46.25,-0.3,95,41.25,-0.55,-0.46,-0.56,-0.6,-0.49,-0.76,-0.1289,-0.42,-0.53,-0.62,-0.4,-0.49,-0.62,-0.81,38.75,46.88,34.38,54.38,43.13,24.38,29.38,44.38,36.25,18.13,54.38,54.38,27.5,16.88,160,7/7/25 11:42,1,1,1,0.14,0.14,114,120,128,130,117,-0.84,-0.7294,-0.78,-0.84,-0.74,29.38,25.63,20.63,19.38,27.5,9,5,33.75,107,-0.6,0.71,50,81,-0.21,4,47.5,85,-0.4,0,98.75,3,-0.1,0,98.75,3,-0.1,0,98.75,3,-0.11,0.57,78.13,36,0.83,0,98.75,3,-0.11,0,98.75,3,-0.09,0,98.75,3,-0.11,0,98.75,3,-0.09,0,98.75,3,-0.11,11,0,0
AAD2023.09.02768,345,9640,61,University of Virginia,"Leadership, Foundations, and Policy (Education), Department of",Educational Leadership and Administration,26,16,264,3,25,10,10.56,3,3900,3,24,10,0.96,73,9,1,16,3,6500008,4,47,6,18,7,21,23,10,15,17,14,0,27,22,0.38,0.17,60,63.13,0.81,-0.04,66,59.38,0.96,0.9,28,83.13,10.15,2.36,2,99.38,0.92,0.83,25,85,150,2.66,2,99.38,14.77,1.76,10,94.38,0.35,2.82,4,98.13,0.62,3.48,2,99.38,250000.31,2.29,7,96.25,406250.5,0.09,42,74.38,1.81,1.9,11,93.75,0.69,1.56,11,93.75,1,2,99.38,2.2,1.13,1.6,4.53,1.64,2.23,0.4133,2.27,0.68,3.88,2.46,4.51,3.08,1.33,96.25,91.25,94.38,100,94.38,98.75,55,96.88,86.25,98.75,98.13,98.75,98.75,90.63,160,7/7/25 11:42,11,7,1.57,0.42,0.27,25,94,36,85,75,0.82,-0.2224,0.24,-0.3,-0.04,85,41.88,78.13,47.5,53.75,9,16,74.38,42,0.28,0.62,41.25,95,-0.38,10,87.5,21,0.81,0,98.75,3,-0.1,0,98.75,3,-0.1,0,98.75,3,-0.11,0.38,50.63,80,-0.08,0,98.75,3,-0.11,0,98.75,3,-0.09,0,98.75,3,-0.11,0,98.75,3,-0.09,0,98.75,3,-0.11,11,0,0
AAD2023.09.02768,202,9844,61,"University at Albany, State University of New York","Educational Policy and Leadership, Department of",Educational Leadership and Administration,12,79,67,55,7,92,9.57,5,529,54,7,88,0.88,106,0,74,0,74,0,74,14,36,7,37,15,42,7,36,17,14,0,27,22,0.58,1.12,22,86.88,1.25,0.43,27,83.75,0.58,-0.79,130,19.38,5.58,0.61,40,75.63,0.58,-0.54,121,25,44.08,0.21,45,72.5,7.9,0.16,65,60,0,-0.67,74,54.38,0,-0.6,74,54.38,0,-0.55,74,54.38,0,-0.28,74,54.38,1.17,0.85,26,84.38,0.58,1.08,29,82.5,0.2,52,68.13,0.31,0.45,-0.44,-0.6,-0.49,1.84,-0.0348,0.2,0.23,-0.06,-0.4,-0.49,0.08,-0.25,77.5,78.13,45.63,54.38,43.13,97.5,34.38,78.13,74.38,66.88,54.38,54.38,66.25,51.25,160,7/7/25 11:42,7,3,2.33,0.58,0.25,73,41,66,63,79,-0.28,0.4536,-0.17,0,-0.15,55,75,59.38,61.25,51.25,9,18,79.37,34,0.44,1.5,88.75,19,1.15,8,75.62,40,0.41,0,98.75,3,-0.1,0,98.75,3,-0.1,0,98.75,3,-0.11,0.67,91.25,15,1.29,0,98.75,3,-0.11,0,98.75,3,-0.09,0,98.75,3,-0.11,0,98.75,3,-0.09,0,98.75,3,-0.11,11,0,0
AAD2023.09.02768,304,9912,61,University of Missouri,"Educational Leadership and Policy Analysis, Department of",Educational Leadership and Administration,14,51,67,55,11,58,6.09,48,708,43,11,58,1,1,0,74,0,74,0,74,6,71,4,61,44,5,8,26,17,14,0,27,22,0.57,1.06,23,86.25,3.14,2.44,4,98.13,0.79,0.11,92,43.13,4.79,0.3,57,65,0.79,0.28,84,48.13,50.57,0.36,35,78.75,10.57,0.78,26,84.38,0,-0.67,74,54.38,0,-0.6,74,54.38,0,-0.55,74,54.38,0,-0.28,74,54.38,0.43,-0.37,91,43.75,0.29,-0.22,87,46.25,0.3,43,73.75,-0.21,0.68,0.04,-0.6,-0.02,0.46,0.6242,-0.3,2.41,0.15,-0.4,-0.49,0.08,-0.02,62.5,84.38,64.38,54.38,64.38,70.63,100,56.25,97.5,73.75,54.38,54.38,66.25,68.75,160,7/7/25 11:42,10,6,1.67,0.71,0.43,33,79,45,51,35,0.54,-0.1334,0.14,0.25,0.84,80,51.25,72.5,68.75,78.75,9,13,66.25,55,0.04,0.93,60,65,0.16,5,59.38,66,-0.2,0,98.75,3,-0.1,0,98.75,3,-0.1,0,98.75,3,-0.11,0.36,45,89,-0.22,0,98.75,3,-0.11,0,98.75,3,-0.09,0,98.75,3,-0.11,0,98.75,3,-0.09,0,98.75,3,-0.11,11,0,0
AAD2023.09.02768,263,10190,61,University of Colorado Boulder,"Education, School of",Educational Leadership and Administration,40,3,199,5,39,3,5.1,71,2415,6,39,3,1,1,9,1,20,1,10815716,3,62,4,27,3,52,3,22,3,17,14,0,27,22,0.55,0.96,29,82.5,1.3,0.48,25,85,0.98,0.96,24,85.63,4.98,0.37,54,66.88,0.98,1.04,17,90,60.38,0.59,22,86.88,12.14,1.15,17,90,0.23,1.6,12,93.13,0.5,2.71,4,98.13,270392.9,2.52,6,96.88,540785.8,0.21,22,86.88,1.55,1.48,15,91.25,0.68,1.48,18,89.38,0.6,21,87.5,3.75,3.86,3.4,4.53,3.3,0.07,0.6242,3.21,3.02,2.14,4.37,5.75,2.09,2.91,98.75,98.75,98.75,100,98.75,56.25,100,98.13,98.75,96.88,98.75,100,97.5,98.75,160,7/7/25 11:42,35,16,2.19,0.88,0.4,3,50,4,36,38,3.3,0.3291,2.69,0.56,0.68,98.75,69.38,98.13,78.13,76.88,9,51,99.38,2,3.07,1.28,78.13,36,0.76,28,99.38,2,4.45,0,98.75,3,-0.1,0,98.75,3,-0.1,0,98.75,3,-0.11,0.7,95.63,8,1.45,0,98.75,3,-0.11,0,98.75,3,-0.09,0,98.75,3,-0.11,0,98.75,3,-0.09,0,98.75,3,-0.11,11,0,0
AAD2023.09.02768,152,10242,61,Northern Illinois University,"Leadership, Educational Psychology and Foundations, Department of",Educational Leadership and Administration,12,79,25,112,7,92,3.57,108,188,96,7,88,1,1,1,39,1,44,234348,61,5,80,4,61,4,109,4,74,17,14,0,27,22,0.33,-0.08,82,49.38,0.33,-0.54,124,23.13,0.58,-0.79,130,19.38,2.08,-0.74,119,26.25,0.58,-0.54,121,25,15.67,-0.45,102,36.88,7.52,0.07,71,56.25,0.08,0.17,50,69.38,0.08,-0.05,53,67.5,19529,-0.32,57,65,234348,-0.07,56,65.63,0.42,-0.39,94,41.88,0.33,-0.02,71,56.25,-0.3,95,41.25,-0.21,-0.23,-0.44,-0.03,-0.49,-0.53,0.6242,-0.36,-0.6,-0.46,-0.3,-0.18,-0.56,-0.25,62.5,54.38,45.63,76.25,43.13,33.13,100,50.63,32.5,40.63,62.5,73.13,30.63,51.25,160,7/7/25 11:42,4,3,1.33,0.33,0.25,73,106,93,99,79,-0.28,-0.4358,-0.47,-0.47,-0.15,55,34.38,42.5,38.75,51.25,9,5,33.75,107,-0.6,0.42,29.38,114,-0.73,3,31.87,110,-0.6,0,98.75,3,-0.1,0,98.75,3,-0.1,0,98.75,3,-0.11,0.25,24.38,122,-0.74,0,98.75,3,-0.11,0,98.75,3,-0.09,0,98.75,3,-0.11,0,98.75,3,-0.09,0,98.75,3,-0.11,11,0,0
AAD2023.09.02768,156,10559,61,"Ohio State University, The","Educational Studies, Department of",Educational Leadership and Administration,59,2,522,1,56,1,9.32,7,5300,2,53,1,0.95,79,8,3,18,2,17546187,1,90,2,31,2,67,2,29,1,17,14,0,27,22,0.49,0.68,42,74.38,1.14,0.31,40,75.63,0.95,0.84,31,81.25,8.85,1.86,6,96.88,0.9,0.73,36,78.13,89.83,1.27,11,93.75,10.15,0.69,32,80.63,0.14,0.7,33,80,0.31,1.42,14,91.88,297393,2.82,5,97.5,974788.17,0.61,8,95.63,1.53,1.44,16,90.63,0.53,0.83,35,78.75,0.7,13,92.5,4.43,5.45,5.08,3.96,5.32,1.74,0.3418,4.96,4.15,5.51,7.34,5.13,7.01,5.06,99.38,100,100,98.75,100,96.25,51.25,99.38,99.38,99.38,100,99.38,100,99.38,160,7/7/25 11:42,27,17,1.59,0.46,0.29,2,92,7,77,67,3.58,-0.2046,1.87,-0.24,0.06,99.38,43.13,96.25,52.5,58.75,9,96,100,1,6.66,1.63,91.88,14,1.37,33,100,1,5.46,0,98.75,3,-0.1,0,98.75,3,-0.1,0,98.75,3,-0.11,0.56,75,41,0.77,0,98.75,3,-0.11,0.02,99.38,2,1.4,1,100,1,8.86,0.02,99.38,2,1.4,1,100,1,8.86,11,0,0
AAD2023.09.02768,64,11259,61,East Texas A&M University,"Educational Leadership, Department of",Educational Leadership and Administration,14,51,17,124,7,92,2.43,133,70,125,6,106,0.86,114,0,74,0,74,0,74,2,117,1,121,6,93,3,86,17,14,0,27,22,0.21,-0.65,120,25.63,0.43,-0.44,106,34.38,0.5,-1.16,135,16.25,1.21,-1.07,139,13.75,0.43,-1.16,134,16.88,5,-0.69,131,18.75,4.12,-0.71,121,25,0,-0.67,74,54.38,0,-0.6,74,54.38,0,-0.55,74,54.38,0,-0.28,74,54.38,0.14,-0.84,129,20,0.07,-1.16,143,11.25,-0.9,136,15.63,-0.72,-0.46,-0.56,-0.6,-0.49,-0.99,-0.1289,-0.55,-0.45,-0.6,-0.4,-0.49,-0.68,-0.02,25,46.88,34.38,54.38,43.13,17.5,29.38,27.5,42.5,22.5,54.38,54.38,23.13,68.75,160,7/7/25 11:42,3,1,3,0.21,0.07,114,13,105,121,139,-0.84,1.0496,-0.58,-0.7,-1.14,29.38,92.5,35,25,13.75,9,7,40.63,96,-0.44,0.5,34.38,106,-0.58,4,47.5,85,-0.4,0,98.75,3,-0.1,0,98.75,3,-0.1,0,98.75,3,-0.11,0.29,32.5,109,-0.56,0,98.75,3,-0.11,0,98.75,3,-0.09,0,98.75,3,-0.11,0,98.75,3,-0.09,0,98.75,3,-0.11,11,0,0
AAD2023.09.02768,217,11510,61,Texas A&M Corpus Christi,"Educational Leadership, Department of",Educational Leadership and Administration,6,144,21,117,5,128,4.2,93,152,104,5,121,1,1,0,74,0,74,0,74,2,117,2,99,4,109,2,112,17,14,0,27,22,0.33,-0.08,82,49.38,0.67,-0.19,78,51.88,0.83,0.33,76,53.13,3.5,-0.19,83,48.75,0.83,0.47,67,58.75,25.33,-0.22,88,45.63,7.24,0.01,76,53.13,0,-0.67,74,54.38,0,-0.6,74,54.38,0,-0.55,74,54.38,0,-0.28,74,54.38,0.33,-0.52,103,36.25,0.33,-0.02,71,56.25,0,68,58.13,-0.55,-0.68,-0.68,-0.6,-0.73,-0.29,0.6242,-0.55,-0.6,-0.5,-0.4,-0.49,-0.62,-0.92,38.75,30.63,25,54.38,20.63,42.5,100,27.5,32.5,35.63,54.38,54.38,27.5,10.63,160,7/7/25 11:42,1,1,1,0.17,0.17,114,120,128,128,109,-0.84,-0.7294,-0.78,-0.79,-0.61,29.38,25.63,20.63,20.63,32.5,9,10,56.25,71,-0.2,1.67,92.5,13,1.44,4,47.5,85,-0.4,0,98.75,3,-0.1,0,98.75,3,-0.1,0,98.75,3,-0.11,0.67,91.25,15,1.29,0,98.75,3,-0.11,0,98.75,3,-0.09,0,98.75,3,-0.11,0,98.75,3,-0.09,0,98.75,3,-0.11,11,0,0
AAD2023.09.02768,218,11561,61,Texas A&M Kingsville,"Educational Leadership and Counseling, Department of",Educational Leadership and Administration,11,87,19,121,9,72,2.11,140,127,110,8,80,0.89,103,1,39,2,28,454074,52,1,131,1,121,0,148,0,148,17,14,0,27,22,0,-1.69,148,8.13,0,-0.89,148,8.13,0.82,0.26,81,50,1.73,-0.88,126,21.88,0.73,0.04,100,38.13,11.55,-0.54,110,31.88,6.68,-0.12,85,47.5,0.09,0.25,47,71.25,0.18,0.6,31,81.25,41279.45,-0.08,48,70.63,227037,-0.07,58,64.38,0.09,-0.92,143,11.25,0.09,-1.08,138,14.38,-0.6,120,25.63,-0.72,-1.14,-0.32,-0.03,-0.26,-1.11,0.0384,-0.61,-0.9,-0.53,-0.2,0.13,-0.65,-0.36,25,8.13,50.63,76.25,55.63,13.13,36.25,18.75,8.13,31.88,68.13,83.13,25,46.25,160,7/7/25 11:42,4,2,2,0.36,0.18,96,55,93,95,105,-0.56,0.1601,-0.47,-0.42,-0.53,40.63,66.25,42.5,41.25,35,9,4,27.5,117,-0.68,0.36,25,121,-0.82,2,22.5,125,-0.8,0,98.75,3,-0.1,0,98.75,3,-0.1,0,98.75,3,-0.11,0.18,15.63,136,-1.07,0,98.75,3,-0.11,0,98.75,3,-0.09,0,98.75,3,-0.11,0,98.75,3,-0.09,0,98.75,3,-0.11,11,0,0
AAD2023.09.02768,404,11952,61,Yeshiva University,"Jewish Education and Administration, School of",Educational Leadership and Administration,7,134,4,152,3,140,1.33,153,3,155,2,146,0.67,143,0,74,0,74,0,74,2,117,2,99,1,140,1,134,17,14,0,27,22,0.14,-1,130,19.38,0.14,-0.74,139,13.75,0.43,-1.48,141,12.5,0.57,-1.32,150,6.88,0.29,-1.73,149,7.5,0.43,-0.8,155,3.75,0.75,-1.5,153,5,0,-0.67,74,54.38,0,-0.6,74,54.38,0,-0.55,74,54.38,0,-0.28,74,54.38,0.29,-0.6,112,30.63,0.29,-0.22,87,46.25,-1,143,11.25,-0.55,-0.91,-1.04,-0.6,-0.97,-1.42,-1.133,-0.55,-0.83,-0.67,-0.4,-0.49,-0.88,-0.81,38.75,16.88,9.38,54.38,13.13,5,11.25,27.5,13.13,3.75,54.38,54.38,5.63,16.88,160,7/7/25 11:42,1,1,1,0.14,0.14,114,120,128,130,117,-0.84,-0.7294,-0.78,-0.84,-0.74,29.38,25.63,20.63,19.38,27.5,9,4,27.5,117,-0.68,0.57,40,97,-0.46,4,47.5,85,-0.4,0,98.75,3,-0.1,0,98.75,3,-0.1,0,98.75,3,-0.11,0.57,78.13,36,0.83,0,98.75,3,-0.11,0,98.75,3,-0.09,0,98.75,3,-0.11,0,98.75,3,-0.09,0,98.75,3,-0.11,11,0,0
AAD2023.09.02768,247,12579,61,"University of Arizona, The","Educational Policy Studies and Practice, Department of",Educational Leadership and Administration,16,43,95,33,16,30,5.94,50,985,27,16,30,1,1,3,12,3,23,5248418,9,38,7,14,9,12,55,5,56,17,14,0,27,22,0.31,-0.18,89,45,0.75,-0.1,70,56.88,1,1.07,1,100,5.94,0.74,33,80,1,1.14,1,100,61.56,0.62,21,87.5,10.37,0.74,29,82.5,0.19,1.22,18,89.38,0.19,0.64,29,82.5,328026.13,3.17,4,98.13,1749472.67,1.31,2,99.38,2.38,2.83,4,98.13,0.88,2.36,3,98.75,0.7,13,92.5,1.51,0,0.64,1.11,0.57,0.4,0.6242,1.71,0,0.47,1.91,0.45,0.51,0.21,95,65.63,81.88,93.13,81.88,69.38,100,96.25,66.25,83.75,95,86.25,80,73.75,160,7/7/25 11:42,10,4,2.5,0.63,0.25,57,30,45,57,79,-0.01,0.6048,0.14,0.08,-0.15,65,81.88,72.5,65,51.25,9,21,83.75,27,0.68,1.31,81.25,31,0.83,10,87.5,21,0.81,0,98.75,3,-0.1,0,98.75,3,-0.1,0,98.75,3,-0.11,0.63,85.63,24,1.09,0,98.75,3,-0.11,0,98.75,3,-0.09,0,98.75,3,-0.11,0,98.75,3,-0.09,0,98.75,3,-0.11,11,0,0
AAD2023.09.02768,103,12920,61,Kansas State University,"Educational Leadership, Department of",Educational Leadership and Administration,8,120,22,115,7,92,3.14,118,74,124,7,88,1,1,1,39,1,44,215748,62,3,103,3,78,4,109,3,86,17,14,0,27,22,0.38,0.12,67,58.75,0.5,-0.36,99,38.75,0.88,0.51,57,65,2.75,-0.48,104,35.63,0.88,0.64,44,73.13,9.25,-0.6,118,26.88,3.36,-0.89,130,19.38,0.13,0.59,34,79.38,0.13,0.22,41,75,26968.5,-0.24,54,66.88,215748,-0.08,61,62.5,0.38,-0.46,98,39.38,0.38,0.17,58,64.38,-0.3,95,41.25,-0.38,-0.46,-0.44,-0.03,-0.49,-0.7,0.6242,-0.48,-0.6,-0.59,-0.31,-0.18,-0.61,-0.7,51.88,46.88,45.63,76.25,43.13,26.88,100,36.25,32.5,23.13,61.88,73.13,28.75,25.63,160,7/7/25 11:42,1,1,1,0.13,0.13,114,120,128,134,126,-0.84,-0.7294,-0.78,-0.87,-0.84,29.38,25.63,20.63,16.88,21.88,9,12,62.5,61,-0.04,1.5,88.75,19,1.15,5,59.38,66,-0.2,0,98.75,3,-0.1,0,98.75,3,-0.1,0,98.75,3,-0.11,0.63,85.63,24,1.09,0,98.75,3,-0.11,0,98.75,3,-0.09,0,98.75,3,-0.11,0,98.75,3,-0.09,0,98.75,3,-0.11,11,0,0
AAD2023.09.02768,317,12983,61,University of North Carolina Charlotte,"Educational Leadership, Department of",Educational Leadership and Administration,19,29,169,9,18,25,9.39,6,2184,7,19,21,1,1,0,74,0,74,0,74,9,51,4,61,20,25,10,15,17,14,0,27,22,0.53,0.85,33,80,1.05,0.22,47,71.25,0.95,0.84,32,80.63,8.89,1.88,5,97.5,1,1.14,1,100,114.95,1.85,4,98.13,12.92,1.33,15,91.25,0,-0.67,74,54.38,0,-0.6,74,54.38,0,-0.55,74,54.38,0,-0.28,74,54.38,0.47,-0.29,82,49.38,0.21,-0.55,105,35,0.6,21,87.5,-0.21,1.13,1,-0.6,0.81,1.77,0.6242,-0.11,0.6,1.87,-0.4,-0.49,1.63,0.54,62.5,91.25,87.5,54.38,85,96.88,100,68.75,85,96.25,54.38,54.38,95,82.5,160,7/7/25 11:42,46,12,3.83,2.42,0.63,6,8,2,3,6,2.2,1.7878,3.81,3.51,1.96,96.88,95.63,99.38,98.75,96.88,9,20,81.87,30,0.6,1.05,66.25,55,0.38,8,75.62,40,0.41,0,98.75,3,-0.1,0,98.75,3,-0.1,0,98.75,3,-0.11,0.42,53.75,75,0.1,0,98.75,3,-0.11,0,98.75,3,-0.09,0,98.75,3,-0.11,0,98.75,3,-0.09,0,98.75,3,-0.11,11,0,0
AAD2023.09.02768,314,13080,61,"University of New Mexico, The","Teacher Education, Educational Leadership and Policy, Department of",Educational Leadership and Administration,13,68,18,123,9,72,2,141,84,120,7,88,0.7,142,2,24,2,28,594935,44,3,103,2,99,3,123,2,112,17,14,0,27,22,0.15,-0.95,129,20,0.23,-0.65,133,17.5,0.69,-0.3,114,29.38,1.38,-1.01,135,16.25,0.54,-0.72,126,21.88,6.46,-0.66,127,21.25,4.67,-0.59,115,28.75,0.15,0.88,25,85,0.15,0.42,34,79.38,45764.23,-0.03,45,72.5,297467.5,-0.01,51,68.75,0.23,-0.69,117,27.5,0.15,-0.8,119,26.25,-0.5,115,28.75,-0.55,-0.68,-0.44,0.54,-0.26,-1.16,-0.9573,-0.48,-0.68,-0.58,-0.14,0.13,-0.67,-0.13,38.75,30.63,45.63,85.63,55.63,12.5,11.88,36.25,23.75,25.63,73.13,83.13,23.75,58.13,160,7/7/25 11:42,10,5,2,0.77,0.38,41,55,45,47,41,0.27,0.1601,0.14,0.36,0.6,75,66.25,72.5,71.25,75,9,17,76.88,38,0.36,1.31,80.63,32,0.82,11,91.25,15,1.02,0,98.75,3,-0.1,0,98.75,3,-0.1,0,98.75,3,-0.11,0.85,99.38,2,2.16,0,98.75,3,-0.11,0,98.75,3,-0.09,0,98.75,3,-0.11,0,98.75,3,-0.09,0,98.75,3,-0.11,11,0,0
AAD2023.09.02768,17,13200,61,Ball State University,"Educational Leadership, Department of",Educational Leadership and Administration,5,150,26,105,5,128,5.2,67,143,107,5,121,1,1,0,74,0,74,0,74,3,103,3,78,9,71,2,112,17,14,0,27,22,0.4,0.24,57,65,1.8,1.01,10,94.38,1,1.07,1,100,5.2,0.46,49,70,1,1.14,1,100,28.6,-0.15,81,50,5.5,-0.39,105,35,0,-0.67,74,54.38,0,-0.6,74,54.38,0,-0.55,74,54.38,0,-0.28,74,54.38,0.6,-0.09,59,63.75,0.6,1.15,25,85,0.5,26,84.38,-0.38,-0.68,-0.68,-0.6,-0.73,0.11,0.6242,-0.48,-0.23,-0.51,-0.4,-0.49,-0.54,-1.04,51.88,30.63,25,54.38,20.63,58.75,100,36.25,56.25,33.75,54.38,54.38,35,6.88,160,7/7/25 11:42,4,3,1.33,0.8,0.6,73,106,93,45,9,-0.28,-0.4358,-0.47,0.42,1.79,55,34.38,42.5,72.5,95,9,10,56.25,71,-0.2,2,96.25,7,2.02,2,22.5,125,-0.8,0,98.75,3,-0.1,0,98.75,3,-0.1,0,98.75,3,-0.11,0.4,53.13,76,-0.01,0,98.75,3,-0.11,0,98.75,3,-0.09,0,98.75,3,-0.11,0,98.75,3,-0.09,0,98.75,3,-0.11,11,0,0
AAD2023.09.02768,325,14339,61,University of Oregon,"Educational Methodology, Policy and Leadership, Department of",Educational Leadership and Administration,7,134,38,85,7,92,5.43,62,350,76,7,88,1,1,2,24,2,28,1577288,26,5,80,3,78,1,140,1,134,17,14,0,27,22,0.14,-1,130,19.38,0.14,-0.74,139,13.75,1,1.07,1,100,5.43,0.55,42,74.38,1,1.14,1,100,50,0.35,36,78.13,9.21,0.47,46,71.88,0.29,2.21,7,96.25,0.29,1.29,15,91.25,225326.86,2.01,11,93.75,788644,0.44,13,92.5,0.71,0.1,51,68.75,0.43,0.4,51,68.75,0.6,21,87.5,-0.38,-0.91,-0.44,0.54,-0.49,0.2,0.6242,-0.36,-0.83,-0.27,0.29,0.13,-0.36,-0.81,51.88,16.88,45.63,85.63,43.13,61.88,100,50.63,13.13,53.13,84.38,83.13,47.5,16.88,160,7/7/25 11:42,5,3,1.67,0.71,0.43,73,79,81,51,35,-0.28,-0.1334,-0.37,0.25,0.84,55,51.25,50,68.75,78.75,9,2,15,137,-0.84,0.29,19.38,130,-0.95,1,13.13,140,-1,0,98.75,3,-0.1,0,98.75,3,-0.1,0,98.75,3,-0.11,0.14,11.88,142,-1.26,0,98.75,3,-0.11,0.14,100,1,12.48,1,100,1,8.86,0.14,100,1,12.48,1,100,1,8.86,11,0,0
AAD2023.09.02768,353,14884,61,Virginia Commonwealth University,"Educational Leadership, Department of",Educational Leadership and Administration,8,120,26,105,7,92,3.71,102,168,100,7,88,1,1,0,74,0,74,0,74,8,58,4,61,6,93,3,86,17,14,0,27,22,0.38,0.12,67,58.75,0.75,-0.1,70,56.88,0.88,0.51,57,65,3.25,-0.29,89,45,0.88,0.64,44,73.13,21,-0.32,96,40.63,6.46,-0.17,89,45,0,-0.67,74,54.38,0,-0.6,74,54.38,0,-0.55,74,54.38,0,-0.28,74,54.38,1,0.57,32,80.63,0.5,0.71,36,78.13,-0.2,85,47.5,-0.21,-0.46,-0.44,-0.6,-0.49,-0.48,0.6242,-0.17,-0.45,-0.48,-0.4,-0.49,-0.54,-0.7,62.5,46.88,45.63,54.38,43.13,36.88,100,64.38,42.5,38.13,54.38,54.38,35,25.63,160,7/7/25 11:42,2,1,2,0.25,0.13,114,55,115,114,126,-0.84,0.1601,-0.68,-0.63,-0.84,29.38,66.25,28.75,29.38,21.88,9,6,37.5,101,-0.52,0.75,51.88,78,-0.15,5,59.38,66,-0.2,0,98.75,3,-0.1,0,98.75,3,-0.1,0,98.75,3,-0.11,0.63,85.63,24,1.09,0,98.75,3,-0.11,0,98.75,3,-0.09,0,98.75,3,-0.11,0,98.75,3,-0.09,0,98.75,3,-0.11,11,0,0
AAD2023.09.02768,177,14980,61,Rutgers - New Brunswick,"Educational Theory, Policy and Administration, Department of",Educational Leadership and Administration,8,120,31,96,8,85,3.88,98,328,81,8,80,1,1,1,39,1,44,1572418,27,13,39,7,37,7,85,5,56,17,14,0,27,22,0.63,1.32,13,92.5,0.88,0.03,59,63.75,1,1.07,1,100,3.88,-0.05,79,51.25,1,1.14,1,100,41,0.14,53,67.5,10.58,0.79,25,85,0.13,0.59,34,79.38,0.13,0.22,41,75,196552.25,1.68,16,90.63,1572418,1.15,3,98.75,1.63,1.6,14,91.88,0.88,2.36,3,98.75,0.5,26,84.38,0.31,0,-0.32,-0.03,-0.38,-0.41,0.6242,0.14,-0.38,-0.29,0.29,-0.18,-0.47,-0.7,77.5,65.63,50.63,76.25,47.5,39.38,100,76.25,47.5,50,83.75,73.13,40.63,25.63,160,7/7/25 11:42,2,2,1,0.25,0.25,96,120,115,114,79,-0.56,-0.7294,-0.68,-0.63,-0.15,40.63,25.63,28.75,29.38,51.25,9,11,59.38,66,-0.12,1.38,81.88,30,0.93,5,59.38,66,-0.2,0,98.75,3,-0.1,0,98.75,3,-0.1,0,98.75,3,-0.11,0.63,85.63,24,1.09,0,98.75,3,-0.11,0,98.75,3,-0.09,0,98.75,3,-0.11,0,98.75,3,-0.09,0,98.75,3,-0.11,11,0,0
AAD2023.09.02768,90,15503,61,Howard University,"Educational Leadership and Policy Studies, Department of",Educational Leadership and Administration,9,107,29,101,6,114,4.83,82,95,116,6,106,1,1,0,74,0,74,0,74,9,51,4,61,27,18,5,56,17,14,0,27,22,0.56,0.99,27,83.75,3,2.29,5,97.5,0.67,-0.42,118,26.88,3.22,-0.3,90,44.38,0.67,-0.2,106,34.38,10.56,-0.57,113,30,3.28,-0.91,131,18.75,0,-0.67,74,54.38,0,-0.6,74,54.38,0,-0.55,74,54.38,0,-0.28,74,54.38,1,0.57,32,80.63,0.44,0.47,48,70.63,-0.2,85,47.5,-0.21,0,-0.56,-0.6,-0.61,-0.04,0.6242,-0.11,1.13,-0.57,-0.4,-0.49,-0.5,-0.58,62.5,65.63,34.38,54.38,29.38,49.38,100,68.75,89.38,28.13,54.38,54.38,37.5,33.75,160,7/7/25 11:42,6,4,1.5,0.67,0.44,57,96,72,56,34,-0.01,-0.2846,-0.27,0.16,0.93,65,40.63,55.63,65.63,79.38,9,20,81.87,30,0.6,2.22,98.13,4,2.4,7,71.25,47,0.21,0,98.75,3,-0.1,0,98.75,3,-0.1,0,98.75,3,-0.11,0.78,98.13,4,1.83,0,98.75,3,-0.11,0,98.75,3,-0.09,0,98.75,3,-0.11,0,98.75,3,-0.09,0,98.75,3,-0.11,11,0,0
AAD2023.09.02768,345,15515,61,University of Virginia,"Leadership and Public Policy, Frank Batten School of",Educational Leadership and Administration,60,1,339,2,51,2,6.65,36,6262,1,51,2,0.98,69,5,7,8,8,5920158,5,118,1,41,1,51,4,23,2,17,14,0,27,22,0.38,0.16,65,60,0.85,0.01,63,61.25,0.85,0.4,70,56.88,5.65,0.63,38,76.88,0.85,0.54,63,61.25,104.37,1.61,8,95.63,18.47,2.62,4,98.13,0.08,0.17,50,69.38,0.13,0.28,40,75.63,98669.3,0.57,30,81.88,740019.75,0.39,15,91.25,1.97,2.16,9,95,0.68,1.52,16,90.63,0.5,26,84.38,6.15,4.09,4.84,2.25,4.73,0.68,0.5208,6.71,2.94,6.64,2.21,2.01,4.22,5.17,100,99.38,99.38,96.25,99.38,78.13,57.5,100,98.13,100,97.5,95.63,99.38,100,160,7/7/25 11:42,19,12,1.58,0.32,0.2,6,93,17,104,101,2.2,-0.2135,1.06,-0.51,-0.43,96.88,42.5,90,35.63,37.5,9,24,87.5,21,0.92,0.4,28.13,116,-0.75,16,96.25,7,2.03,0,98.75,3,-0.1,0,98.75,3,-0.1,0,98.75,3,-0.11,0.27,25.63,120,-0.66,0,98.75,3,-0.11,0,98.75,3,-0.09,0,98.75,3,-0.11,0,98.75,3,-0.09,0,98.75,3,-0.11,11,0,0
AAD2023.09.02768,293,15731,61,University of Massachusetts Amherst,"Education Policy, Research and Administration, Department of",Educational Leadership and Administration,18,34,81,42,14,42,5.79,53,429,66,13,44,0.87,113,1,39,1,44,1355372,29,6,71,3,78,11,60,5,56,17,14,0,27,22,0.28,-0.35,100,38.13,0.61,-0.25,80,50.63,0.78,0.08,94,41.88,4.5,0.19,64,60.63,0.72,0.02,101,37.5,23.83,-0.26,92,43.13,5.3,-0.44,108,33.13,0.06,-0.11,62,61.88,0.06,-0.24,63,61.25,75298.44,0.31,34,79.38,1355372,0.95,5,97.5,0.33,-0.52,103,36.25,0.17,-0.74,113,30,-0.2,85,47.5,-0.38,0,0.28,-0.03,0.34,0.34,-0.0787,-0.3,-0.07,-0.18,0.19,-0.18,0.29,0.43,51.88,65.63,73.13,76.25,74.38,67.5,30,56.25,63.13,59.38,82.5,73.13,74.38,79.38,160,7/7/25 11:42,2,1,2,0.11,0.06,114,55,115,136,143,-0.84,0.1601,-0.68,-0.9,-1.23,29.38,66.25,28.75,15.63,11.25,9,5,33.75,107,-0.6,0.28,18.13,132,-0.97,5,59.38,66,-0.2,0,98.75,3,-0.1,0,98.75,3,-0.1,0,98.75,3,-0.11,0.28,27.5,117,-0.6,0,98.75,3,-0.11,0,98.75,3,-0.09,0,98.75,3,-0.11,0,98.75,3,-0.09,0,98.75,3,-0.11,11,0,0
AAD2023.09.02768,348,15735,61,University of Wisconsin - Milwaukee,"Administrative Leadership, Department of",Educational Leadership and Administration,3,157,13,133,3,140,4.33,92,21,141,3,138,1,1,0,74,0,74,0,74,1,131,1,121,0,148,0,148,17,14,0,27,22,0,-1.69,148,8.13,0,-0.89,148,8.13,1,1.07,1,100,4.33,0.13,68,58.13,1,1.14,1,100,7,-0.65,123,23.75,1.62,-1.29,149,7.5,0,-0.67,74,54.38,0,-0.6,74,54.38,0,-0.55,74,54.38,0,-0.28,74,54.38,0.33,-0.52,103,36.25,0.33,-0.02,71,56.25,-0.3,95,41.25,-0.72,-1.14,-0.92,-0.6,-0.97,-0.23,0.6242,-0.61,-0.9,-0.65,-0.4,-0.49,-0.74,-1.26,25,8.13,14.38,54.38,13.13,43.13,100,18.75,8.13,12.5,54.38,54.38,17.5,2.5,160,7/7/25 11:42,1,1,1,0.33,0.33,114,120,128,99,54,-0.84,-0.7294,-0.78,-0.47,0.31,29.38,25.63,20.63,38.75,66.88,9,0,5.63,152,-1,0,5.63,152,-1.45,0,5.63,152,-1.21,0,98.75,3,-0.1,0,98.75,3,-0.1,0,98.75,3,-0.11,0,5.63,152,-1.95,0,98.75,3,-0.11,0,98.75,3,-0.09,0,98.75,3,-0.11,0,98.75,3,-0.09,0,98.75,3,-0.11,11,0,0
AAD2023.09.02768,348,15744,61,University of Wisconsin - Milwaukee,"Educational Policy and Community Studies, Department of",Educational Leadership and Administration,5,150,4,152,2,149,2,141,17,146,2,146,1,1,0,74,0,74,0,74,2,117,1,121,9,71,3,86,17,14,0,27,22,0.6,1.2,19,88.75,1.8,1.01,10,94.38,0.4,-1.61,147,8.75,0.8,-1.23,147,8.75,0.4,-1.27,139,13.75,3.4,-0.73,136,15.63,4.25,-0.68,120,25.63,0,-0.67,74,54.38,0,-0.6,74,54.38,0,-0.55,74,54.38,0,-0.28,74,54.38,0.4,-0.41,95,41.25,0.2,-0.6,107,33.75,-0.8,129,20,-0.72,-0.46,-1.04,-0.6,-1.09,-1.16,0.6242,-0.55,-0.23,-0.66,-0.4,-0.49,-0.88,-1.04,25,46.88,9.38,54.38,7.5,12.5,100,27.5,56.25,9.38,54.38,54.38,5.63,6.88,160,7/7/25 11:42,7,1,7,1.4,0.2,114,1,66,9,101,-0.84,4.6075,-0.17,1.56,-0.43,29.38,100,59.38,95,37.5,9,12,62.5,61,-0.04,2.4,99.38,2,2.71,3,31.87,110,-0.6,0,98.75,3,-0.1,0,98.75,3,-0.1,0,98.75,3,-0.11,0.6,80.63,32,0.97,0,98.75,3,-0.11,0,98.75,3,-0.09,0,98.75,3,-0.11,0,98.75,3,-0.09,0,98.75,3,-0.11,11,0,0
AAD2023.09.02768,278,15872,61,University of Idaho,"Leadership & Counseling, Department of",Educational Leadership and Administration,7,134,50,73,6,114,8.33,14,306,82,6,106,0.86,114,1,39,1,44,58558,72,4,90,1,121,9,71,4,74,17,14,0,27,22,0.57,1.06,23,86.25,1.29,0.47,26,84.38,0.86,0.43,66,59.38,7.14,1.21,15,91.25,0.86,0.56,54,66.88,43.71,0.2,47,71.25,6.12,-0.25,94,41.88,0.14,0.77,29,82.5,0.14,0.34,36,78.13,8365.43,-0.45,70,56.88,58558,-0.23,72,55.63,0.57,-0.13,62,61.88,0.14,-0.85,120,25.63,0.1,63,61.25,-0.72,-0.23,-0.56,-0.03,-0.61,1.35,-0.1289,-0.42,-0.23,-0.32,-0.38,-0.18,-0.18,-0.81,25,54.38,34.38,76.25,29.38,91.88,29.38,44.38,56.25,49.38,55.63,73.13,55,16.88,160,7/7/25 11:42,8,2,4,1.14,0.29,96,5,58,23,68,-0.56,1.939,-0.07,1.07,0.05,40.63,97.5,64.38,86.25,58.13,9,10,56.25,71,-0.2,1.43,85.63,24,1.03,3,31.87,110,-0.6,0,98.75,3,-0.1,0,98.75,3,-0.1,0,98.75,3,-0.11,0.43,56.25,71,0.13,0,98.75,3,-0.11,0,98.75,3,-0.09,0,98.75,3,-0.11,0,98.75,3,-0.09,0,98.75,3,-0.11,11,0,0
AAD2023.09.02768,231,15887,61,"University of Texas at El Paso, The","Educational Leadership and Foundations, Department of",Educational Leadership and Administration,8,120,27,103,7,92,3.86,100,493,57,7,88,1,1,1,39,2,28,511805,47,9,51,4,61,6,93,3,86,17,14,0,27,22,0.38,0.12,67,58.75,0.75,-0.1,70,56.88,0.88,0.51,57,65,3.38,-0.24,86,46.88,0.88,0.64,44,73.13,61.63,0.62,20,88.13,18.26,2.57,5,97.5,0.13,0.59,34,79.38,0.25,1.05,19,88.75,63975.63,0.18,38,76.88,255902.5,-0.05,54,66.88,1.13,0.78,27,83.75,0.5,0.71,36,78.13,0,68,58.13,-0.21,-0.46,-0.44,-0.03,-0.49,-0.42,0.6242,-0.11,-0.45,-0.1,-0.18,0.13,-0.53,-0.7,62.5,46.88,45.63,76.25,43.13,38.13,100,68.75,42.5,65,71.25,83.13,36.25,25.63,160,7/7/25 11:42,3,1,3,0.38,0.13,114,13,105,92,126,-0.84,1.0496,-0.58,-0.39,-0.84,29.38,92.5,35,43.13,21.88,9,8,46.88,86,-0.36,1,65.63,56,0.29,4,47.5,85,-0.4,0,98.75,3,-0.1,0,98.75,3,-0.1,0,98.75,3,-0.11,0.5,68.13,52,0.48,0,98.75,3,-0.11,0,98.75,3,-0.09,0,98.75,3,-0.11,0,98.75,3,-0.09,0,98.75,3,-0.11,11,0,0
AAD2023.09.02768,329,16141,61,University of Rochester,"Educational Leadership, Department of",Educational Leadership and Administration,11,87,27,103,6,114,4.5,89,182,97,4,130,0.67,143,1,39,2,28,1782051,23,13,39,7,37,6,93,3,86,17,14,0,27,22,0.27,-0.37,102,36.88,0.55,-0.32,93,42.5,0.55,-0.96,133,17.5,2.45,-0.6,116,28.13,0.36,-1.42,143,11.25,16.55,-0.43,100,38.13,6.74,-0.11,84,48.13,0.09,0.25,47,71.25,0.18,0.6,31,81.25,162004.64,1.29,18,89.38,891025.5,0.53,10,94.38,1.18,0.87,25,85,0.64,1.31,20,88.13,-0.4,106,34.38,0.31,-0.46,-0.8,-0.03,-0.61,-0.17,-1.133,0.14,-0.45,-0.47,0.38,0.13,-0.53,-0.36,77.5,46.88,19.38,76.25,29.38,45,11.25,76.25,42.5,40,86.25,83.13,36.25,46.25,160,7/7/25 11:42,3,2,1.5,0.27,0.18,96,96,105,112,105,-0.56,-0.2846,-0.58,-0.59,-0.53,40.63,40.63,35,30.63,35,9,8,46.88,86,-0.36,0.73,51.25,79,-0.19,3,31.87,110,-0.6,0,98.75,3,-0.1,0,98.75,3,-0.1,0,98.75,3,-0.11,0.27,26.88,118,-0.63,0,98.75,3,-0.11,0,98.75,3,-0.09,0,98.75,3,-0.11,0,98.75,3,-0.09,0,98.75,3,-0.11,11,0,0
AAD2023.09.02768,225,16292,61,"University of Montana, Missoula","Educational Leadership, Department of",Educational Leadership and Administration,3,157,8,142,3,140,2.67,128,2,156,2,146,0.67,143,0,74,0,74,0,74,0,148,0,148,0,148,0,148,17,14,0,27,22,0,-1.69,148,8.13,0,-0.89,148,8.13,1,1.07,1,100,2.67,-0.51,109,32.5,0.67,-0.2,106,34.38,0.67,-0.79,153,5,0.25,-1.61,155,3.75,0,-0.67,74,54.38,0,-0.6,74,54.38,0,-0.55,74,54.38,0,-0.28,74,54.38,0,-1.07,148,8.13,0,-1.47,148,8.13,-0.8,129,20,-0.89,-1.14,-1.04,-0.6,-0.97,-0.89,-1.133,-0.67,-0.9,-0.68,-0.4,-0.49,-0.82,-1.26,8.13,8.13,9.38,54.38,13.13,20.63,11.25,8.13,8.13,3.13,54.38,54.38,11.88,2.5,160,7/7/25 11:42,0,0,0,0,0,145,145,145,145,145,-1.11,-1.6188,-0.88,-1.11,-1.53,10,10,10,10,10,9,0,5.63,152,-1,0,5.63,152,-1.45,0,5.63,152,-1.21,0,98.75,3,-0.1,0,98.75,3,-0.1,0,98.75,3,-0.11,0,5.63,152,-1.95,0,98.75,3,-0.11,0,98.75,3,-0.09,0,98.75,3,-0.11,0,98.75,3,-0.09,0,98.75,3,-0.11,11,0,0
AAD2023.09.02768,407,16328,61,East Carolina University,"Educational Leadership, Department of",Educational Leadership and Administration,10,100,31,96,8,85,3.88,98,100,114,7,88,0.88,106,1,39,1,44,813356,40,6,71,4,61,11,60,5,56,17,14,0,27,22,0.5,0.72,34,79.38,1.1,0.27,44,73.13,0.8,0.18,87,46.25,3.1,-0.35,94,41.88,0.7,-0.07,104,35.63,10,-0.58,115,28.75,3.23,-0.92,132,18.13,0.1,0.34,45,72.5,0.1,0.06,50,69.38,81335.6,0.38,32,80.63,813356,0.46,11,93.75,0.6,-0.09,59,63.75,0.4,0.28,53,67.5,-0.2,85,47.5,-0.21,0,-0.44,-0.03,-0.38,-0.41,-0.0348,-0.3,-0.07,-0.56,-0.05,-0.18,-0.47,-0.47,62.5,65.63,45.63,76.25,47.5,39.38,34.38,56.25,63.13,29.38,75.63,73.13,40.63,38.13,160,7/7/25 11:42,8,4,2,0.8,0.4,57,55,58,45,38,-0.01,0.1601,-0.07,0.42,0.68,65,66.25,64.38,72.5,76.88,9,8,46.88,86,-0.36,0.8,55.63,72,-0.06,5,59.38,66,-0.2,0,98.75,3,-0.1,0,98.75,3,-0.1,0,98.75,3,-0.11,0.5,68.13,52,0.48,0,98.75,3,-0.11,0,98.75,3,-0.09,0,98.75,3,-0.11,0,98.75,3,-0.09,0,98.75,3,-0.11,11,0,0
AAD2023.09.02768,24,16430,61,Boston University,"Educational Leadership & Policy Studies, Department of",Educational Leadership and Administration,15,49,117,22,14,42,8.36,13,1713,10,14,35,1,1,3,12,4,15,2074474,19,30,13,11,15,13,50,7,36,17,14,0,27,22,0.47,0.56,45,72.5,0.87,0.02,61,62.5,0.93,0.77,36,78.13,7.8,1.46,11,93.75,0.93,0.87,23,86.25,114.2,1.84,5,97.5,14.64,1.73,12,93.13,0.2,1.35,15,91.25,0.27,1.16,18,89.38,138298.27,1.02,21,87.5,518618.5,0.19,25,85,2,2.22,8,95.63,0.73,1.74,8,95.63,0.8,9,95,1,0.45,0.4,1.11,0.34,1.36,0.6242,1.21,0.08,1.32,0.51,0.76,0.84,0.09,91.25,78.13,78.75,93.13,74.38,92.5,100,92.5,69.38,94.38,88.75,91.25,86.88,70,160,7/7/25 11:42,5,4,1.25,0.33,0.27,57,116,81,99,76,-0.01,-0.507,-0.37,-0.47,-0.06,65,28.13,50,38.75,53.13,9,16,74.38,42,0.28,1.07,66.88,54,0.4,7,71.25,47,0.21,0,98.75,3,-0.1,0,98.75,3,-0.1,0,98.75,3,-0.11,0.47,61.88,62,0.32,0,98.75,3,-0.11,0,98.75,3,-0.09,0,98.75,3,-0.11,0,98.75,3,-0.09,0,98.75,3,-0.11,11,0,0
AAD2023.09.02768,204,16500,61,"University at Buffalo, State University of New York","Educational Leadership and Policy, Department of",Educational Leadership and Administration,16,43,66,57,16,30,4.13,94,542,52,16,30,1,1,1,39,2,28,1262597,30,23,19,11,15,16,36,8,26,17,14,0,27,22,0.5,0.72,34,79.38,1,0.17,49,70,1,1.07,1,100,4.13,0.05,74,54.38,1,1.14,1,100,33.88,-0.03,70,56.88,8.21,0.24,61,62.5,0.06,-0.04,60,63.13,0.13,0.22,41,75,78912.31,0.35,33,80,631298.5,0.29,18,89.38,1.44,1.29,18,89.38,0.69,1.53,14,91.88,0.4,34,79.38,1,0.68,0.64,-0.03,0.57,-0.31,0.6242,0.77,0.3,-0.04,0.15,0.13,0.06,0.21,91.25,84.38,81.88,76.25,81.88,41.88,100,88.75,78.13,68.13,81.88,83.13,65,73.75,160,7/7/25 11:42,19,9,2.11,1.19,0.56,15,53,17,21,13,1.37,0.2579,1.06,1.16,1.58,91.25,67.5,90,87.5,92.5,9,15,71.25,47,0.2,0.94,60.63,64,0.18,9,81.87,30,0.61,0,98.75,3,-0.1,0,98.75,3,-0.1,0,98.75,3,-0.11,0.56,75.63,40,0.78,0,98.75,3,-0.11,0,98.75,3,-0.09,0,98.75,3,-0.11,0,98.75,3,-0.09,0,98.75,3,-0.11,11,0,0
AAD2023.09.02768,80,17662,61,George Washington University,"Educational Leadership, Department of",Educational Leadership and Administration,28,11,78,47,23,14,3.39,113,864,36,22,12,0.96,74,0,74,0,74,0,74,16,29,9,30,16,36,7,36,17,14,0,27,22,0.25,-0.48,108,33.13,0.57,-0.29,85,47.5,0.82,0.27,80,50.63,2.79,-0.47,103,36.25,0.79,0.28,84,48.13,30.86,-0.1,79,51.25,11.08,0.9,21,87.5,0,-0.67,74,54.38,0,-0.6,74,54.38,0,-0.55,74,54.38,0,-0.28,74,54.38,0.57,-0.13,62,61.88,0.32,-0.07,80,50.63,-0.1,76,53.13,0.65,0.45,1.36,-0.6,1.4,-0.61,0.395,0.33,0.3,0.33,-0.4,-0.49,0.25,1.56,81.88,78.13,93.13,54.38,91.88,30,54.38,82.5,78.13,78.13,54.38,54.38,71.25,93.75,160,7/7/25 11:42,6,3,2,0.21,0.11,73,55,72,121,133,-0.28,0.1601,-0.27,-0.7,-0.94,55,66.25,55.63,25,17.5,9,22,85,25,0.76,0.79,55,73,-0.09,11,91.25,15,1.02,0,98.75,3,-0.1,0,98.75,3,-0.1,0,98.75,3,-0.11,0.39,51.25,79,-0.04,0,98.75,3,-0.11,0,98.75,3,-0.09,0,98.75,3,-0.11,0,98.75,3,-0.09,0,98.75,3,-0.11,11,0,0
AAD2023.09.02768,20,18520,61,Baylor University,"Educational Leadership, Department of",Educational Leadership and Administration,9,107,82,40,9,72,9.11,10,484,60,9,72,1,1,0,74,0,74,0,74,5,80,4,61,20,25,6,47,17,14,0,27,22,0.67,1.52,8,95.63,2.22,1.46,6,96.88,1,1.07,1,100,9.11,1.96,4,98.13,1,1.14,1,100,53.78,0.44,28,83.13,5.9,-0.3,98,39.38,0,-0.67,74,54.38,0,-0.6,74,54.38,0,-0.55,74,54.38,0,-0.28,74,54.38,0.56,-0.16,68,58.13,0.44,0.47,48,70.63,0.9,3,98.75,-0.21,0.22,-0.2,-0.6,-0.26,1.66,0.6242,-0.36,0.6,-0.11,-0.4,-0.49,0.31,-0.58,62.5,71.25,55.63,54.38,55.63,94.38,100,50.63,85,63.13,54.38,54.38,75.63,33.75,160,7/7/25 11:42,11,6,1.83,1.22,0.67,33,72,36,18,3,0.54,0.0089,0.24,1.22,2.16,80,55.63,78.13,89.38,98.75,9,8,46.88,86,-0.36,0.89,58.13,68,0.09,6,66.25,55,0.01,0,98.75,3,-0.1,0,98.75,3,-0.1,0,98.75,3,-0.11,0.67,91.25,15,1.29,0,98.75,3,-0.11,0,98.75,3,-0.09,0,98.75,3,-0.11,0,98.75,3,-0.09,0,98.75,3,-0.11,11,0,0
AAD2023.09.02768,232,18631,61,"University of Texas at San Antonio, The","Educational Leadership and Policy Studies, Department of",Educational Leadership and Administration,13,68,35,88,10,69,3.5,109,341,79,12,49,1,1,0,74,0,74,0,74,11,45,7,37,10,64,5,56,17,14,0,27,22,0.38,0.17,60,63.13,0.77,-0.08,68,58.13,0.77,0.04,103,36.25,2.69,-0.5,106,34.38,0.92,0.83,25,85,26.23,-0.2,85,47.5,9.74,0.59,35,78.75,0,-0.67,74,54.38,0,-0.6,74,54.38,0,-0.55,74,54.38,0,-0.28,74,54.38,0.85,0.32,44,73.13,0.54,0.88,34,79.38,-0.1,76,53.13,0.31,0,0.16,-0.6,-0.14,-0.56,0.6242,0.02,-0.15,-0.28,-0.4,-0.49,-0.41,-0.13,77.5,65.63,70,54.38,57.5,32.5,100,72.5,60.63,51.25,54.38,54.38,45.63,58.13,160,7/7/25 11:42,5,2,2.5,0.38,0.15,96,30,81,91,112,-0.56,0.6048,-0.37,-0.38,-0.68,40.63,81.88,50,43.75,30.63,9,16,74.38,42,0.28,1.23,75.63,40,0.69,9,81.87,30,0.61,0,98.75,3,-0.1,0,98.75,3,-0.1,0,98.75,3,-0.11,0.69,94.38,10,1.41,0,98.75,3,-0.11,0,98.75,3,-0.09,0,98.75,3,-0.11,0,98.75,3,-0.09,0,98.75,3,-0.11,11,0,0
AAD2023.09.02768,298,18919,61,University of Memphis,"Leadership, Department of",Educational Leadership and Administration,7,134,52,71,7,92,7.43,25,296,85,6,106,0.86,114,0,74,0,74,0,74,1,131,1,121,2,133,1,134,17,14,0,27,22,0.14,-1,130,19.38,0.29,-0.59,127,21.25,1,1.07,1,100,7.43,1.32,13,92.5,0.86,0.56,54,66.88,42.29,0.17,51,68.75,5.69,-0.35,100,38.13,0,-0.67,74,54.38,0,-0.6,74,54.38,0,-0.55,74,54.38,0,-0.28,74,54.38,0.14,-0.84,129,20,0.14,-0.85,120,25.63,0.2,52,68.13,-0.72,-0.91,-0.56,-0.6,-0.49,0.99,-0.1289,-0.61,-0.75,-0.33,-0.4,-0.49,-0.15,-0.81,25,16.88,34.38,54.38,43.13,85,29.38,18.75,17.5,47.5,54.38,54.38,56.25,16.88,160,7/7/25 11:42,17,4,4.25,2.43,0.57,57,4,25,2,11,-0.01,2.1614,0.85,3.53,1.63,65,98.13,85,99.38,93.75,9,4,27.5,117,-0.68,0.57,40,97,-0.46,3,31.87,110,-0.6,0,98.75,3,-0.1,0,98.75,3,-0.1,0,98.75,3,-0.11,0.43,56.25,71,0.13,0,98.75,3,-0.11,0,98.75,3,-0.09,0,98.75,3,-0.11,0,98.75,3,-0.09,0,98.75,3,-0.11,11,0,0
AAD2023.09.02768,344,19129,61,"University of Vermont, The","Counseling, Human Development and Family Science, Department of",Educational Leadership and Administration,9,107,44,81,7,92,6.29,42,362,75,8,80,1,1,0,74,0,74,0,74,4,90,2,99,3,123,2,112,17,14,0,27,22,0.22,-0.62,115,28.75,0.33,-0.54,124,23.13,0.78,0.08,94,41.88,4.89,0.34,55,66.25,0.89,0.69,40,75.63,40.22,0.12,56,65.63,8.23,0.24,60,63.13,0,-0.67,74,54.38,0,-0.6,74,54.38,0,-0.55,74,54.38,0,-0.28,74,54.38,0.44,-0.34,88,45.63,0.22,-0.5,98,39.38,0.1,63,61.25,-0.55,-0.68,-0.32,-0.6,-0.49,0.54,0.6242,-0.42,-0.68,-0.25,-0.4,-0.49,-0.27,-0.58,38.75,30.63,50.63,54.38,43.13,74.38,100,44.38,23.75,53.75,54.38,54.38,50,33.75,160,7/7/25 11:42,1,1,1,0.11,0.11,114,120,128,136,130,-0.84,-0.7294,-0.78,-0.9,-0.92,29.38,25.63,20.63,15.63,19.38,9,7,40.63,96,-0.44,0.78,53.75,75,-0.1,2,22.5,125,-0.8,0,98.75,3,-0.1,0,98.75,3,-0.1,0,98.75,3,-0.11,0.22,21.25,127,-0.87,0,98.75,3,-0.11,0,98.75,3,-0.09,0,98.75,3,-0.11,0,98.75,3,-0.09,0,98.75,3,-0.11,11,0,0
AAD2023.09.02768,119,19273,61,Marquette University,"Educational Policy and Leadership, Department of",Educational Leadership and Administration,10,100,33,92,8,85,4.13,94,252,91,7,88,0.75,138,1,39,1,44,486756,49,8,58,6,44,5,103,3,86,17,14,0,27,22,0.3,-0.24,93,42.5,0.5,-0.36,99,38.75,0.8,0.18,87,46.25,3.3,-0.27,88,45.63,0.7,-0.07,104,35.63,25.2,-0.23,89,45,7.64,0.1,68,58.13,0.1,0.34,45,72.5,0.1,0.06,50,69.38,48675.6,0.01,43,73.75,486756,0.16,28,83.13,0.8,0.24,46,71.88,0.6,1.15,25,85,-0.2,85,47.5,0.14,-0.46,-0.44,-0.03,-0.38,-0.31,-0.6937,-0.17,-0.53,-0.38,-0.19,-0.18,-0.44,-0.47,73.13,46.88,45.63,76.25,47.5,41.88,14.38,64.38,36.25,43.75,70,73.13,43.13,38.13,160,7/7/25 11:42,7,3,2.33,0.7,0.3,73,41,66,53,62,-0.28,0.4536,-0.17,0.23,0.13,55,75,59.38,67.5,61.88,9,11,59.38,66,-0.12,1.1,68.13,52,0.46,5,59.38,66,-0.2,0,98.75,3,-0.1,0,98.75,3,-0.1,0,98.75,3,-0.11,0.5,68.13,52,0.48,0,98.75,3,-0.11,0,98.75,3,-0.09,0,98.75,3,-0.11,0,98.75,3,-0.09,0,98.75,3,-0.11,11,0,0
AAD2023.09.02768,46,19341,61,"College of William & Mary, The","Educational Policy, Planning and Leadership, Department of",Educational Leadership and Administration,13,68,35,88,9,72,3.89,97,128,109,8,80,0.89,103,0,74,0,74,0,74,14,36,6,44,20,25,8,26,17,14,0,27,22,0.62,1.28,16,90.63,1.54,0.74,18,89.38,0.69,-0.3,114,29.38,2.69,-0.5,106,34.38,0.62,-0.41,116,28.13,9.85,-0.58,116,28.13,3.66,-0.82,126,21.88,0,-0.67,74,54.38,0,-0.6,74,54.38,0,-0.55,74,54.38,0,-0.28,74,54.38,1.08,0.7,29,82.5,0.46,0.55,43,73.75,-0.4,106,34.38,0.14,0.68,-0.32,-0.6,-0.26,-0.41,0.0384,0.2,0.6,-0.53,-0.4,-0.49,-0.41,-0.13,73.13,84.38,50.63,54.38,55.63,40,36.25,78.13,85,32.5,54.38,54.38,45.63,58.13,160,7/7/25 11:42,6,5,1.2,0.46,0.38,41,119,72,75,41,0.27,-0.5515,-0.27,-0.23,0.6,75,26.25,55.63,53.75,75,9,9,51.88,78,-0.28,0.69,49.38,82,-0.25,4,47.5,85,-0.4,0,98.75,3,-0.1,0,98.75,3,-0.1,0,98.75,3,-0.11,0.31,35.63,104,-0.46,0,98.75,3,-0.11,0,98.75,3,-0.09,0,98.75,3,-0.11,0,98.75,3,-0.09,0,98.75,3,-0.11,11,0,0
AAD2023.09.02768,305,30004,61,"University of Missouri - Kansas City, The","Educational Leadership, Policy, and Foundations, Department of",Educational Leadership and Administration,11,87,28,102,9,72,3.11,120,346,78,9,72,1,1,3,12,3,23,1252908,32,5,80,4,61,4,109,3,86,17,14,0,27,22,0.27,-0.37,102,36.88,0.36,-0.51,121,25,0.82,0.26,81,50,2.55,-0.56,115,28.75,0.82,0.41,75,53.75,31.45,-0.08,77,52.5,12.36,1.2,16,90.63,0.27,2.08,9,95,0.27,1.2,17,90,113900.73,0.74,26,84.38,417636,0.1,39,76.25,0.45,-0.32,85,47.5,0.36,0.12,66,59.38,-0.2,85,47.5,-0.21,-0.46,-0.2,1.11,-0.26,-0.72,0.6242,-0.36,-0.6,-0.27,0.15,0.45,-0.51,-0.36,62.5,46.88,55.63,93.13,55.63,25.63,100,50.63,32.5,51.88,80.63,86.25,36.88,46.25,160,7/7/25 11:42,10,4,2.5,0.91,0.36,57,30,45,31,47,-0.01,0.6048,0.14,0.63,0.48,65,81.88,72.5,81.25,71.25,9,4,27.5,117,-0.68,0.36,25,121,-0.82,4,47.5,85,-0.4,0,98.75,3,-0.1,0,98.75,3,-0.1,0,98.75,3,-0.11,0.36,46.88,86,-0.18,0,98.75,3,-0.11,0,98.75,3,-0.09,0,98.75,3,-0.11,0,98.75,3,-0.09,0,98.75,3,-0.11,11,0,0
AAD2023.09.02768,294,30243,61,University of Massachusetts Boston,"Leadership in Education, Department of",Educational Leadership and Administration,11,87,31,96,9,72,3.44,110,169,99,9,72,1,1,2,24,4,15,2364454,17,5,80,5,53,6,93,3,86,17,14,0,27,22,0.27,-0.37,102,36.88,0.55,-0.32,93,42.5,0.82,0.26,81,50,2.82,-0.46,101,37.5,0.82,0.41,75,53.75,15.36,-0.45,103,36.25,5.45,-0.41,106,34.38,0.18,1.16,19,88.75,0.36,1.81,11,93.75,214950.36,1.89,13,92.5,591113.5,0.26,20,88.13,0.45,-0.32,85,47.5,0.45,0.52,46,71.88,-0.1,76,53.13,-0.03,-0.46,-0.2,0.54,-0.26,-0.59,0.6242,-0.36,-0.45,-0.48,0.64,0.76,-0.47,-0.36,67.5,46.88,55.63,85.63,55.63,31.88,100,50.63,42.5,38.75,90,91.25,40.63,46.25,160,7/7/25 11:42,4,3,1.33,0.36,0.27,73,106,93,95,73,-0.28,-0.4358,-0.47,-0.42,-0.02,55,34.38,42.5,41.25,55,9,14,69.37,50,0.12,1.27,77.5,37,0.76,7,71.25,47,0.21,0,98.75,3,-0.1,0,98.75,3,-0.1,0,98.75,3,-0.11,0.64,86.88,22,1.14,0,98.75,3,-0.11,0,98.75,3,-0.09,0,98.75,3,-0.11,0,98.75,3,-0.09,0,98.75,3,-0.11,11,0,0
AAD2023.09.02768,276,30319,61,University of Hawai'i - Manoa,"Educational Administration, Department of",Educational Leadership and Administration,5,150,14,131,3,140,4.67,85,119,112,4,130,1,1,1,39,1,44,695993,42,2,117,2,99,3,123,1,134,17,14,0,27,22,0.2,-0.72,124,23.13,0.6,-0.26,81,50,0.6,-0.72,126,21.88,2.8,-0.46,102,36.88,0.8,0.34,81,50,23.8,-0.26,93,42.5,8.5,0.3,57,65,0.2,1.35,15,91.25,0.2,0.72,26,84.38,139198.6,1.03,20,88.13,695993,0.35,16,90.63,0.4,-0.41,95,41.25,0.4,0.28,53,67.5,-0.3,95,41.25,-0.55,-0.91,-0.8,-0.03,-0.97,-0.1,0.6242,-0.55,-0.68,-0.54,-0.1,-0.18,-0.73,-1.04,38.75,16.88,19.38,76.25,13.13,47.5,100,27.5,23.75,30.63,74.38,73.13,18.75,6.88,160,7/7/25 11:42,3,1,3,0.6,0.2,114,13,105,61,101,-0.84,1.0496,-0.58,0.03,-0.43,29.38,92.5,35,62.5,37.5,9,3,20.62,128,-0.76,0.6,40.63,96,-0.41,2,22.5,125,-0.8,0,98.75,3,-0.1,0,98.75,3,-0.1,0,98.75,3,-0.11,0.4,53.13,76,-0.01,0,98.75,3,-0.11,0,98.75,3,-0.09,0,98.75,3,-0.11,0,98.75,3,-0.09,0,98.75,3,-0.11,11,0,0
AAD2023.09.02768,273,32031,61,University of Florida,Human Development and Organizational Studies in Education - Educational Leadership,Educational Leadership and Administration,2,160,37,87,2,149,18.5,1,878,35,2,146,1,1,1,39,1,44,322104,56,6,71,2,99,0,148,0,148,17,14,0,27,22,0,-1.69,148,8.13,0,-0.89,148,8.13,1,1.07,1,100,18.5,5.57,1,100,1,1.14,1,100,439,9.36,1,100,23.73,3.84,1,100,0.5,4.38,1,100,0.5,2.71,4,98.13,161052,1.28,19,88.75,322104,0.01,49,70,3,3.86,2,99.38,1,2.9,1,100,1.8,1,100,-0.55,-1.14,-1.04,-0.03,-1.09,5.37,0.6242,-0.3,-0.9,0.35,-0.26,-0.18,-0.38,-1.37,38.75,8.13,9.38,76.25,7.5,100,100,56.25,8.13,78.75,65.63,73.13,46.25,0.63,160,7/7/25 11:42,2,1,2,1,0.5,114,55,115,25,18,-0.84,0.1601,-0.68,0.8,1.24,29.38,66.25,28.75,85,89.38,9,0,5.63,152,-1,0,5.63,152,-1.45,0,5.63,152,-1.21,0,98.75,3,-0.1,0,98.75,3,-0.1,0,98.75,3,-0.11,0,5.63,152,-1.95,0,98.75,3,-0.11,0,98.75,3,-0.09,0,98.75,3,-0.11,0,98.75,3,-0.09,0,98.75,3,-0.11,11,0,0
AAD2023.09.02768,284,32165,61,University of Louisiana at Lafayette,"Educational Foundations and Leadership, Department of",Educational Leadership and Administration,11,87,6,148,2,149,3,122,37,134,2,146,0.67,143,0,74,0,74,0,74,2,117,1,121,3,123,2,112,17,14,0,27,22,0.18,-0.81,126,21.88,0.27,-0.6,131,18.75,0.18,-2.59,156,3.13,0.55,-1.33,152,5.63,0.18,-2.15,152,5.63,3.36,-0.73,137,15,6.17,-0.24,92,43.13,0,-0.67,74,54.38,0,-0.6,74,54.38,0,-0.55,74,54.38,0,-0.28,74,54.38,0.18,-0.77,124,23.13,0.09,-1.08,138,14.38,-1,143,11.25,-0.72,-0.68,-1.04,-0.6,-1.09,-0.76,-1.133,-0.55,-0.68,-0.63,-0.4,-0.49,-0.85,-0.36,25,30.63,9.38,54.38,7.5,24.38,11.25,27.5,23.75,16.88,54.38,54.38,8.13,46.25,160,7/7/25 11:42,2,2,1,0.18,0.18,96,120,115,127,105,-0.56,-0.7294,-0.68,-0.76,-0.53,40.63,25.63,28.75,21.25,35,9,6,37.5,101,-0.52,0.55,36.25,103,-0.5,6,66.25,55,0.01,0,98.75,3,-0.1,0,98.75,3,-0.1,0,98.75,3,-0.11,0.55,73.13,44,0.7,0,98.75,3,-0.11,0,98.75,3,-0.09,0,98.75,3,-0.11,0,98.75,3,-0.09,0,98.75,3,-0.11,11,0,0
AAD2023.09.02768,283,32334,61,University of Kentucky,"Educational Leadership Studies, Department of",Educational Leadership and Administration,8,120,32,93,6,114,5.33,64,178,98,6,106,1,1,2,24,4,15,1694348,24,7,64,4,61,10,64,4,74,17,14,0,27,22,0.5,0.72,34,79.38,1.25,0.43,27,83.75,0.75,-0.05,104,35.63,4,0,75,53.75,0.75,0.13,97,40,22.25,-0.29,95,41.25,5.56,-0.38,103,36.25,0.25,1.85,11,93.75,0.5,2.71,4,98.13,211793.5,1.85,14,91.88,423587,0.11,36,78.13,0.88,0.37,42,74.38,0.5,0.71,36,78.13,-0.1,76,53.13,-0.21,-0.23,-0.56,0.54,-0.61,0.16,0.6242,-0.23,-0.15,-0.47,0.34,0.76,-0.45,-0.7,62.5,54.38,34.38,85.63,29.38,60.63,100,60.63,60.63,39.38,85.63,91.25,42.5,25.63,160,7/7/25 11:42,3,2,1.5,0.38,0.25,96,96,105,92,79,-0.56,-0.2846,-0.58,-0.39,-0.15,40.63,40.63,35,43.13,51.25,9,10,56.25,71,-0.2,1.25,76.25,39,0.72,5,59.38,66,-0.2,0,98.75,3,-0.1,0,98.75,3,-0.1,0,98.75,3,-0.11,0.63,85.63,24,1.09,0,98.75,3,-0.11,0,98.75,3,-0.09,0,98.75,3,-0.11,0,98.75,3,-0.09,0,98.75,3,-0.11,11,0,0
AAD2023.09.02768,283,32335,61,University of Kentucky,"Educational Policy Studies and Evaluation, Department of",Educational Leadership and Administration,9,107,32,93,7,92,4.57,88,253,90,6,106,0.86,114,0,74,0,74,0,74,1,131,1,121,4,109,2,112,17,14,0,27,22,0.22,-0.62,115,28.75,0.44,-0.42,105,35,0.78,0.08,94,41.88,3.56,-0.17,82,49.38,0.67,-0.2,106,34.38,28.11,-0.16,82,49.38,7.91,0.17,64,60.63,0,-0.67,74,54.38,0,-0.6,74,54.38,0,-0.55,74,54.38,0,-0.28,74,54.38,0.11,-0.89,139,13.75,0.11,-0.99,133,17.5,-0.4,106,34.38,-0.72,-0.68,-0.56,-0.6,-0.49,-0.14,-0.1289,-0.61,-0.6,-0.38,-0.4,-0.49,-0.45,-0.58,25,30.63,34.38,54.38,43.13,45.63,29.38,18.75,32.5,44.38,54.38,54.38,42.5,33.75,160,7/7/25 11:42,2,1,2,0.22,0.11,114,55,115,118,130,-0.84,0.1601,-0.68,-0.69,-0.92,29.38,66.25,28.75,26.88,19.38,9,3,20.62,128,-0.76,0.33,21.25,127,-0.87,2,22.5,125,-0.8,0,98.75,3,-0.1,0,98.75,3,-0.1,0,98.75,3,-0.11,0.22,21.25,127,-0.87,0,98.75,3,-0.11,0,98.75,3,-0.09,0,98.75,3,-0.11,0,98.75,3,-0.09,0,98.75,3,-0.11,11,0,0
AAD2023.09.02768,334,32536,61,University of South Florida,"Leadership, Policy and Lifelong Learning, Department of",Educational Leadership and Administration,19,29,49,75,16,30,3.06,121,277,89,17,28,1,1,0,74,0,74,0,74,6,71,5,53,4,109,2,112,17,14,0,27,22,0.11,-1.18,141,12.5,0.21,-0.67,136,15.63,0.84,0.37,75,53.75,2.58,-0.55,113,30,0.89,0.72,38,76.88,14.58,-0.47,106,34.38,5.65,-0.36,101,37.5,0,-0.67,74,54.38,0,-0.6,74,54.38,0,-0.55,74,54.38,0,-0.28,74,54.38,0.32,-0.55,110,31.88,0.26,-0.32,94,41.88,-0.3,95,41.25,-0.03,-0.68,0.76,-0.6,0.57,-0.74,0.6242,-0.3,-0.6,-0.35,-0.4,-0.49,-0.19,0.54,67.5,30.63,83.13,54.38,81.88,25,100,56.25,32.5,45,54.38,54.38,53.75,82.5,160,7/7/25 11:42,16,7,2.29,0.84,0.37,25,43,27,40,46,0.82,0.4181,0.75,0.5,0.51,85,73.75,83.75,75.63,71.88,9,12,62.5,61,-0.04,0.63,45,89,-0.35,7,71.25,47,0.21,0,98.75,3,-0.1,0,98.75,3,-0.1,0,98.75,3,-0.11,0.37,47.5,85,-0.16,0,98.75,3,-0.11,0,98.75,3,-0.09,0,98.75,3,-0.11,0,98.75,3,-0.09,0,98.75,3,-0.11,11,0,0
AAD2023.09.02768,181,32918,61,San Diego State University,"Educational Leadership, Department of",Educational Leadership and Administration,10,100,26,105,7,92,3.71,102,93,118,6,106,0.86,114,0,74,0,74,0,74,8,58,3,78,92,1,8,26,17,14,0,27,22,0.8,2.16,5,97.5,9.2,8.86,1,100,0.7,-0.27,112,30.63,2.6,-0.54,112,30.63,0.6,-0.47,117,27.5,9.3,-0.59,117,27.5,3.58,-0.84,127,21.25,0,-0.67,74,54.38,0,-0.6,74,54.38,0,-0.55,74,54.38,0,-0.28,74,54.38,0.8,0.24,46,71.88,0.3,-0.16,85,47.5,-0.3,95,41.25,-0.38,0.68,-0.56,-0.6,-0.49,-0.48,-0.1289,-0.17,6.03,-0.57,-0.4,-0.49,-0.54,-0.47,51.88,84.38,34.38,54.38,43.13,36.88,29.38,64.38,100,26.88,54.38,54.38,35,38.13,160,7/7/25 11:42,5,3,1.67,0.5,0.3,73,79,81,69,62,-0.28,-0.1334,-0.37,-0.16,0.13,55,51.25,50,57.5,61.88,9,9,51.88,78,-0.28,0.9,58.75,67,0.11,5,59.38,66,-0.2,0,98.75,3,-0.1,0,98.75,3,-0.1,0,98.75,3,-0.11,0.5,68.13,52,0.48,0,98.75,3,-0.11,0,98.75,3,-0.09,0,98.75,3,-0.11,0,98.75,3,-0.09,0,98.75,3,-0.11,11,0,0
AAD2023.09.02768,74,32988,61,Fordham University,Educational Leadership Program,Educational Leadership and Administration,6,144,16,128,6,114,2.67,128,98,115,5,121,0.83,125,0,74,0,74,0,74,4,90,3,78,7,85,3,86,17,14,0,27,22,0.5,0.72,34,79.38,1.17,0.34,34,79.38,1,1.07,1,100,2.67,-0.51,109,32.5,0.83,0.47,67,58.75,16.33,-0.43,101,37.5,6.13,-0.25,93,42.5,0,-0.67,74,54.38,0,-0.6,74,54.38,0,-0.55,74,54.38,0,-0.28,74,54.38,0.67,0.02,54,66.88,0.5,0.71,36,78.13,-0.1,76,53.13,-0.38,-0.46,-0.68,-0.6,-0.61,-0.89,-0.2544,-0.42,-0.38,-0.56,-0.4,-0.49,-0.7,-0.92,51.88,46.88,25,54.38,29.38,20.63,22.5,44.38,47.5,28.75,54.38,54.38,20.63,10.63,160,7/7/25 11:42,5,3,1.67,0.83,0.5,73,79,81,41,18,-0.28,-0.1334,-0.37,0.48,1.24,55,51.25,50,75,89.38,9,4,27.5,117,-0.68,0.67,48.13,84,-0.29,2,22.5,125,-0.8,0,98.75,3,-0.1,0,98.75,3,-0.1,0,98.75,3,-0.11,0.33,41.88,94,-0.33,0,98.75,3,-0.11,0,98.75,3,-0.09,0,98.75,3,-0.11,0,98.75,3,-0.09,0,98.75,3,-0.11,11,0,0
AAD2023.09.02768,277,33011,61,University of Houston,"Educational Leadership and Policy Studies, Department of",Educational Leadership and Administration,12,79,55,69,11,58,5,75,416,67,10,62,0.91,91,0,74,0,74,0,74,4,90,3,78,8,78,3,86,17,14,0,27,22,0.25,-0.48,108,33.13,0.67,-0.19,78,51.88,0.92,0.7,44,73.13,4.58,0.22,62,61.88,0.83,0.47,67,58.75,34.67,-0.01,68,58.13,7.56,0.08,70,56.88,0,-0.67,74,54.38,0,-0.6,74,54.38,0,-0.55,74,54.38,0,-0.28,74,54.38,0.33,-0.52,103,36.25,0.25,-0.38,96,40.63,0.2,52,68.13,-0.38,-0.46,-0.08,-0.6,-0.02,0.03,0.1449,-0.42,-0.3,-0.19,-0.4,-0.49,-0.1,-0.25,51.88,46.88,61.88,54.38,64.38,53.75,43.75,44.38,51.88,58.75,54.38,54.38,57.5,51.25,160,7/7/25 11:42,11,5,2.2,0.92,0.42,41,46,36,30,37,0.27,0.338,0.24,0.64,0.77,75,71.88,78.13,81.88,77.5,9,17,76.88,38,0.36,1.42,85,25,1.01,9,81.87,30,0.61,0,98.75,3,-0.1,0,98.75,3,-0.1,0,98.75,3,-0.11,0.75,97.5,5,1.7,0,98.75,3,-0.11,0,98.75,3,-0.09,0,98.75,3,-0.11,0,98.75,3,-0.09,0,98.75,3,-0.11,11,0,0
AAD2023.09.02768,295,33024,61,University of Massachusetts Dartmouth,"Education Leadership, Department of",Educational Leadership and Administration,6,144,11,140,5,128,2.2,139,162,101,4,130,0.8,133,3,12,3,23,1109410,35,3,103,2,99,6,93,3,86,17,14,0,27,22,0.5,0.72,34,79.38,1,0.17,49,70,0.83,0.33,76,53.13,1.83,-0.84,123,23.75,0.67,-0.2,106,34.38,27,-0.18,83,48.75,14.73,1.75,11,93.75,0.5,4.38,1,100,0.5,2.71,4,98.13,184901.67,1.55,17,90,369803.33,0.06,44,73.13,0.5,-0.25,74,54.38,0.33,-0.02,71,56.25,-0.4,106,34.38,-0.55,-0.46,-0.8,1.11,-0.73,-1.08,-0.4302,-0.48,-0.45,-0.49,0.09,0.45,-0.77,-0.92,38.75,46.88,19.38,93.13,20.63,13.75,17.5,36.25,42.5,37.5,78.75,86.25,13.13,10.63,160,7/7/25 11:42,5,3,1.67,0.83,0.5,73,79,81,41,18,-0.28,-0.1334,-0.37,0.48,1.24,55,51.25,50,75,89.38,9,9,51.88,78,-0.28,1.5,88.75,19,1.15,2,22.5,125,-0.8,0,98.75,3,-0.1,0,98.75,3,-0.1,0,98.75,3,-0.11,0.33,41.88,94,-0.33,0,98.75,3,-0.11,0,98.75,3,-0.09,0,98.75,3,-0.11,0,98.75,3,-0.09,0,98.75,3,-0.11,11,0,0
AAD2023.09.02768,309,33051,61,University of Nebraska at Omaha,"Educational Leadership, Department of",Educational Leadership and Administration,5,150,2,157,2,149,1,156,5,152,2,146,0.5,152,0,74,0,74,0,74,0,148,0,148,2,133,3,86,17,14,0,27,22,0.6,1.2,19,88.75,0.4,-0.47,112,30.63,0.4,-1.61,147,8.75,0.4,-1.39,156,3.13,0.4,-1.27,139,13.75,1,-0.79,150,6.88,2.5,-1.09,138,14.38,0,-0.67,74,54.38,0,-0.6,74,54.38,0,-0.55,74,54.38,0,-0.28,74,54.38,0,-1.07,148,8.13,0,-1.47,148,8.13,-1.2,156,3.13,-0.89,-0.46,-1.04,-0.6,-1.09,-1.55,-2.0116,-0.67,-0.75,-0.67,-0.4,-0.49,-0.91,-1.04,8.13,46.88,9.38,54.38,7.5,3.13,5.63,8.13,17.5,5.63,54.38,54.38,2.5,6.88,160,7/7/25 11:42,1,1,1,0.2,0.2,114,120,128,124,101,-0.84,-0.7294,-0.78,-0.73,-0.43,29.38,25.63,20.63,23.13,37.5,9,0,5.63,152,-1,0,5.63,152,-1.45,0,5.63,152,-1.21,0,98.75,3,-0.1,0,98.75,3,-0.1,0,98.75,3,-0.11,0,5.63,152,-1.95,0,98.75,3,-0.11,0,98.75,3,-0.09,0,98.75,3,-0.11,0,98.75,3,-0.09,0,98.75,3,-0.11,11,0,0
AAD2023.09.02768,148,33179,61,North Carolina State University,"Educational Leadership, Policy and Human Development, Department of",Educational Leadership and Administration,26,16,122,20,23,14,5.3,65,1055,24,22,12,0.96,74,1,39,1,44,530990,46,24,17,12,13,14,45,10,15,17,14,0,27,22,0.38,0.17,60,63.13,0.54,-0.32,96,40.63,0.88,0.56,55,66.25,4.69,0.26,59,63.75,0.85,0.52,65,60,40.58,0.13,55,66.25,8.65,0.34,54,66.88,0.04,-0.28,70,56.88,0.04,-0.35,70,56.88,20422.69,-0.31,56,65.63,530990,0.2,23,86.25,0.92,0.45,39,76.25,0.46,0.55,43,73.75,0.2,52,68.13,1.17,1.13,1.36,-0.03,1.4,0.15,0.395,0.83,0.15,0.55,-0.17,-0.18,0.92,1.33,92.5,91.25,93.13,76.25,91.88,60,54.38,90,72.5,85.63,71.88,73.13,88.13,90.63,160,7/7/25 11:42,8,6,1.33,0.31,0.23,33,106,58,106,90,0.54,-0.4358,-0.07,-0.52,-0.26,80,34.38,64.38,34.38,44.38,9,18,79.37,34,0.44,0.69,49.38,82,-0.25,10,87.5,21,0.81,0,98.75,3,-0.1,0,98.75,3,-0.1,0,98.75,3,-0.11,0.38,50.63,80,-0.08,0,98.75,3,-0.11,0,98.75,3,-0.09,0,98.75,3,-0.11,0,98.75,3,-0.09,0,98.75,3,-0.11,11,0,0
AAD2023.09.02768,69,33306,61,Florida A&M University,"Educational Leadership and Counseling, Department of",Educational Leadership and Administration,11,87,1,159,1,159,1,156,0,157,0,157,0,157,1,39,1,44,1146792,33,0,148,0,148,0,148,0,148,17,14,0,27,22,0,-1.69,148,8.13,0,-0.89,148,8.13,0.09,-3,159,1.25,0.09,-1.5,159,1.25,0,-2.88,157,2.5,0,-0.81,157,2.5,0,-1.67,157,2.5,0.09,0.25,47,71.25,0.09,0,52,68.13,104253.82,0.64,28,83.13,1146792,0.76,6,96.88,0,-1.07,148,8.13,0,-1.47,148,8.13,-1.3,159,1.25,-0.89,-1.14,-1.28,-0.03,-1.21,-1.55,-4.6474,-0.67,-0.9,-0.68,0.1,-0.18,-0.93,-0.36,8.13,8.13,2.5,76.25,1.25,3.13,2.5,8.13,8.13,2.5,80,73.13,1.25,46.25,160,7/7/25 11:42,0,0,0,0,0,145,145,145,145,145,-1.11,-1.6188,-0.88,-1.11,-1.53,10,10,10,10,10,9,2,15,137,-0.84,0.18,11.88,142,-1.13,2,22.5,125,-0.8,0,98.75,3,-0.1,0,98.75,3,-0.1,0,98.75,3,-0.11,0.18,15.63,136,-1.07,0,98.75,3,-0.11,0,98.75,3,-0.09,0,98.75,3,-0.11,0,98.75,3,-0.09,0,98.75,3,-0.11,11,0,0
AAD2023.09.02768,260,33608,61,University of Central Florida,"Teacher Education, School of",Educational Leadership and Administration,27,14,107,25,21,17,5.1,72,841,37,22,12,1,1,4,8,6,9,2887670,15,15,33,10,24,43,6,13,5,17,14,0,27,22,0.48,0.63,44,73.13,1.59,0.79,13,92.5,0.78,0.08,94,41.88,3.96,-0.02,77,52.5,0.81,0.39,78,51.88,31.15,-0.09,78,51.88,7.86,0.15,66,59.38,0.15,0.82,28,83.13,0.22,0.87,21,87.5,106950.74,0.67,27,83.75,481278.33,0.16,30,81.88,0.56,-0.16,68,58.13,0.37,0.15,63,61.25,0,68,58.13,0.83,1.81,1.36,1.68,1.17,0.07,0.6242,0.27,2.34,0.3,0.87,1.38,0.69,1.45,85.63,97.5,93.13,95.63,90,55.63,100,80,96.88,77.5,91.25,95,85,91.88,160,7/7/25 11:42,11,7,1.57,0.41,0.26,25,94,36,87,78,0.82,-0.2224,0.24,-0.33,-0.1,85,41.88,78.13,46.25,51.88,9,17,76.88,38,0.36,0.63,44.38,90,-0.36,10,87.5,21,0.81,6,100,1,11.92,0.22,100,1,11.63,1,100,1,8.86,0.37,48.13,84,-0.15,0.04,99.38,2,7.9,0,98.75,3,-0.09,0,98.75,3,-0.11,0,98.75,3,-0.09,0,98.75,3,-0.11,11,0,0
AAD2023.09.02768,151,33636,61,Northern Arizona University,"Educational Leadership, Department of",Educational Leadership and Administration,15,49,45,78,9,72,5,75,395,72,9,72,1,1,3,12,3,23,2026788,20,7,64,4,61,13,50,7,36,17,14,0,27,22,0.47,0.56,45,72.5,0.87,0.02,61,62.5,0.6,-0.72,126,21.88,3,-0.39,95,41.25,0.6,-0.47,117,27.5,26.33,-0.2,84,48.13,8.78,0.37,50,69.38,0.2,1.35,15,91.25,0.2,0.72,26,84.38,135119.2,0.98,22,86.88,675596,0.33,17,90,0.47,-0.3,84,48.13,0.27,-0.31,93,42.5,-0.4,106,34.38,-0.21,0.45,-0.2,1.11,-0.26,0.03,0.6242,-0.23,0.08,-0.22,0.49,0.45,-0.25,0.09,62.5,78.13,55.63,93.13,55.63,53.75,100,60.63,69.38,55.63,88.13,86.25,51.88,70,160,7/7/25 11:42,15,7,2.14,1,0.47,25,52,31,25,31,0.82,0.2846,0.65,0.8,1.05,85,68.13,81.25,85,81.25,9,26,90.63,16,1.08,1.73,93.13,12,1.56,9,81.87,30,0.61,0,98.75,3,-0.1,0,98.75,3,-0.1,0,98.75,3,-0.11,0.6,80.63,32,0.97,0,98.75,3,-0.11,0,98.75,3,-0.09,0,98.75,3,-0.11,0,98.75,3,-0.09,0,98.75,3,-0.11,11,0,0
AAD2023.09.02768,557985,33695,61,University of Texas Rio Grande Valley,"Organization and School Leadership, Department of",Educational Leadership and Administration,11,87,12,136,7,92,1.71,149,13,148,5,121,0.63,148,0,74,0,74,0,74,0,148,0,148,5,103,3,86,17,14,0,27,22,0.27,-0.37,102,36.88,0.45,-0.41,104,35.63,0.64,-0.55,123,23.75,1.09,-1.12,141,12.5,0.45,-1.05,131,18.75,1.18,-0.78,149,7.5,1.08,-1.42,151,6.25,0,-0.67,74,54.38,0,-0.6,74,54.38,0,-0.55,74,54.38,0,-0.28,74,54.38,0,-1.07,148,8.13,0,-1.47,148,8.13,-0.9,136,15.63,-0.89,-0.46,-0.68,-0.6,-0.49,-1.27,-1.3527,-0.67,-0.53,-0.66,-0.4,-0.49,-0.76,-0.36,8.13,46.88,25,54.38,43.13,7.5,8.13,8.13,36.25,8.13,54.38,54.38,15.63,46.25,160,7/7/25 11:42,1,1,1,0.09,0.09,114,120,128,140,136,-0.84,-0.7294,-0.78,-0.94,-1.03,29.38,25.63,20.63,13.13,15.63,9,4,27.5,117,-0.68,0.36,25,121,-0.82,4,47.5,85,-0.4,0,98.75,3,-0.1,0,98.75,3,-0.1,0,98.75,3,-0.11,0.36,46.88,86,-0.18,0,98.75,3,-0.11,0,98.75,3,-0.09,0,98.75,3,-0.11,0,98.75,3,-0.09,0,98.75,3,-0.11,11,0,0
AAD2023.09.02768,125,33804,61,Augusta University (Medical College of Georgia),"Teaching and Leading, Department of",Educational Leadership and Administration,12,79,17,124,5,128,3.4,112,69,126,5,121,0.83,125,0,74,0,74,0,74,2,117,2,99,0,148,0,148,17,14,0,27,22,0,-1.69,148,8.13,0,-0.89,148,8.13,0.42,-1.54,145,10,1.42,-1,133,17.5,0.42,-1.2,137,15,5.75,-0.68,128,20.63,4.06,-0.73,122,24.38,0,-0.67,74,54.38,0,-0.6,74,54.38,0,-0.55,74,54.38,0,-0.28,74,54.38,0.17,-0.8,126,21.88,0.17,-0.74,113,30,-0.7,125,22.5,-0.55,-1.14,-0.68,-0.6,-0.73,-0.6,-0.2544,-0.55,-0.9,-0.6,-0.4,-0.49,-0.68,-0.25,38.75,8.13,25,54.38,20.63,30.63,22.5,27.5,8.13,21.88,54.38,54.38,23.13,51.25,160,7/7/25 11:42,4,3,1.33,0.33,0.25,73,106,93,99,79,-0.28,-0.4358,-0.47,-0.47,-0.15,55,34.38,42.5,38.75,51.25,9,1,10,145,-0.92,0.08,7.5,149,-1.3,1,13.13,140,-1,0,98.75,3,-0.1,0,98.75,3,-0.1,0,98.75,3,-0.11,0.08,7.5,149,-1.55,0,98.75,3,-0.11,0,98.75,3,-0.09,0,98.75,3,-0.11,0,98.75,3,-0.09,0,98.75,3,-0.11,11,0,0
AAD2023.09.02768,37,33915,61,Central Michigan University,"Counseling, Educational Leadership and Higher Education, Department of",Educational Leadership and Administration,11,87,12,136,6,114,2,141,57,128,5,121,0.83,125,0,74,0,74,0,74,5,80,4,61,4,109,3,86,17,14,0,27,22,0.27,-0.37,102,36.88,0.36,-0.51,121,25,0.55,-0.96,133,17.5,1.09,-1.12,141,12.5,0.45,-1.05,131,18.75,5.18,-0.69,130,19.38,4.75,-0.57,114,29.38,0,-0.67,74,54.38,0,-0.6,74,54.38,0,-0.55,74,54.38,0,-0.28,74,54.38,0.45,-0.32,85,47.5,0.36,0.12,66,59.38,-0.8,129,20,-0.21,-0.46,-0.68,-0.6,-0.61,-1.16,-0.2544,-0.36,-0.6,-0.61,-0.4,-0.49,-0.76,-0.36,62.5,46.88,25,54.38,29.38,12.5,22.5,50.63,32.5,20.63,54.38,54.38,15.63,46.25,160,7/7/25 11:42,3,2,1.5,0.27,0.18,96,96,105,112,105,-0.56,-0.2846,-0.58,-0.59,-0.53,40.63,40.63,35,30.63,35,9,6,37.5,101,-0.52,0.55,36.25,103,-0.5,5,59.38,66,-0.2,0,98.75,3,-0.1,0,98.75,3,-0.1,0,98.75,3,-0.11,0.45,60,65,0.26,0,98.75,3,-0.11,0,98.75,3,-0.09,0,98.75,3,-0.11,0,98.75,3,-0.09,0,98.75,3,-0.11,11,0,0
AAD2023.09.02768,65,33932,61,Eastern Michigan University,"Leadership and Counseling, Department of",Educational Leadership and Administration,14,51,25,112,9,72,2.78,127,124,111,9,72,0.9,97,1,39,1,44,144481,68,4,90,3,78,3,123,2,112,17,14,0,27,22,0.14,-1,130,19.38,0.21,-0.67,135,16.25,0.64,-0.53,120,25.63,1.79,-0.85,124,23.13,0.64,-0.3,111,31.25,8.86,-0.6,119,26.25,4.96,-0.52,112,30.63,0.07,0.05,54,66.88,0.07,-0.13,56,65.63,10320.07,-0.43,67,58.75,144481,-0.15,65,60,0.29,-0.6,112,30.63,0.21,-0.54,103,36.25,-0.6,120,25.63,-0.38,-0.68,-0.2,-0.03,-0.26,-0.85,0.097,-0.42,-0.68,-0.53,-0.34,-0.18,-0.56,-0.02,51.88,30.63,55.63,76.25,55.63,21.25,40,44.38,23.75,31.25,58.13,73.13,30.63,68.75,160,7/7/25 11:42,5,3,1.67,0.36,0.21,73,79,81,97,99,-0.28,-0.1334,-0.37,-0.43,-0.35,55,51.25,50,40,38.75,9,4,27.5,117,-0.68,0.29,19.38,130,-0.95,4,47.5,85,-0.4,0,98.75,3,-0.1,0,98.75,3,-0.1,0,98.75,3,-0.11,0.29,32.5,109,-0.56,0,98.75,3,-0.11,0,98.75,3,-0.09,0,98.75,3,-0.11,0,98.75,3,-0.09,0,98.75,3,-0.11,11,0,0
AAD2023.09.02768,115,33964,61,Luther Seminary,"Leadership, Division of",Educational Leadership and Administration,9,107,8,142,4,136,2,141,6,150,2,146,0.4,156,0,74,0,74,0,74,4,90,2,99,34,10,8,26,17,14,0,27,22,0.89,2.59,2,99.38,3.78,3.11,3,98.75,0.44,-1.41,140,13.13,0.89,-1.2,145,10,0.22,-1.99,150,6.88,0.67,-0.79,153,5,0.75,-1.5,153,5,0,-0.67,74,54.38,0,-0.6,74,54.38,0,-0.55,74,54.38,0,-0.28,74,54.38,0.44,-0.34,88,45.63,0.22,-0.5,98,39.38,-1,143,11.25,-0.55,0.68,-1.04,-0.6,-0.85,-1.16,-2.5388,-0.42,1.66,-0.67,-0.4,-0.49,-0.82,-0.58,38.75,84.38,9.38,54.38,15.63,12.5,3.13,44.38,94.38,6.88,54.38,54.38,11.88,33.75,160,7/7/25 11:42,0,0,0,0,0,145,145,145,145,145,-1.11,-1.6188,-0.88,-1.11,-1.53,10,10,10,10,10,9,3,20.62,128,-0.76,0.33,21.25,127,-0.87,2,22.5,125,-0.8,0,98.75,3,-0.1,0,98.75,3,-0.1,0,98.75,3,-0.11,0.22,21.25,127,-0.87,0,98.75,3,-0.11,0,98.75,3,-0.09,0,98.75,3,-0.11,0,98.75,3,-0.09,0,98.75,3,-0.11,11,0,0
AAD2023.09.02768,135,33991,61,Middle Tennessee State University,"Womack Educational Leadership, Department of",Educational Leadership and Administration,20,27,32,93,12,52,2.67,128,55,130,7,88,0.58,150,1,39,1,44,572664,45,1,131,1,121,4,109,2,112,17,14,0,27,22,0.1,-1.2,142,11.88,0.2,-0.68,137,15,0.6,-0.72,126,21.88,1.6,-0.92,128,20.63,0.35,-1.47,146,9.38,2.75,-0.75,140,13.13,1.72,-1.27,143,11.25,0.05,-0.17,65,60,0.05,-0.27,66,59.38,28633.2,-0.22,53,67.5,572664,0.24,21,87.5,0.05,-0.99,146,9.38,0.05,-1.26,146,9.38,-0.8,129,20,-0.72,-0.68,-0.44,-0.03,0.1,-0.89,-1.5723,-0.61,-0.6,-0.61,-0.15,-0.18,-0.45,0.66,25,30.63,45.63,76.25,68.13,20.63,6.88,18.75,32.5,19.38,72.5,73.13,42.5,83.75,160,7/7/25 11:42,4,3,1.33,0.2,0.15,73,106,93,124,115,-0.28,-0.4358,-0.47,-0.73,-0.7,55,34.38,42.5,23.13,28.75,9,9,51.88,78,-0.28,0.45,30.63,112,-0.67,6,66.25,55,0.01,0,98.75,3,-0.1,0,98.75,3,-0.1,0,98.75,3,-0.11,0.3,33.75,107,-0.49,0,98.75,3,-0.11,0,98.75,3,-0.09,0,98.75,3,-0.11,0,98.75,3,-0.09,0,98.75,3,-0.11,11,0,0
AAD2023.09.02768,139,33996,61,Morgan State University,"Advanced Studies, Leadership and Policy, Department of",Educational Leadership and Administration,20,27,60,62,11,58,5.45,61,482,61,11,58,1,1,3,12,4,15,1653106,25,7,64,4,61,31,14,7,36,17,14,0,27,22,0.35,0,81,50,1.55,0.75,17,90,0.55,-0.94,132,18.13,3,-0.39,95,41.25,0.55,-0.67,125,22.5,24.1,-0.25,91,43.75,8.03,0.19,63,61.25,0.15,0.84,27,83.75,0.2,0.72,26,84.38,82655.3,0.39,31,81.25,413276.5,0.1,40,75.63,0.35,-0.5,102,36.88,0.2,-0.6,107,33.75,-0.4,106,34.38,-0.21,0.45,0.04,1.11,-0.02,0.21,0.6242,-0.23,1.43,-0.11,0.33,0.76,-0.03,0.66,62.5,78.13,64.38,93.13,64.38,62.5,100,60.63,91.88,62.5,85,91.25,61.88,83.75,160,7/7/25 11:42,11,5,2.2,0.55,0.25,41,46,36,67,79,0.27,0.338,0.24,-0.06,-0.15,75,71.88,78.13,58.75,51.25,9,24,87.5,21,0.92,1.2,73.75,43,0.63,6,66.25,55,0.01,0,98.75,3,-0.1,0,98.75,3,-0.1,0,98.75,3,-0.11,0.3,33.75,107,-0.49,0,98.75,3,-0.11,0,98.75,3,-0.09,0,98.75,3,-0.11,0,98.75,3,-0.09,0,98.75,3,-0.11,11,0,0
AAD2023.09.02768,193,34028,61,Southern Methodist University,"Education Policy and Leadership, Department of",Educational Leadership and Administration,8,120,66,57,8,85,8.25,15,560,51,8,80,1,1,3,12,4,15,3215046,13,10,49,3,78,7,85,3,86,17,14,0,27,22,0.38,0.12,67,58.75,0.88,0.03,59,63.75,1,1.07,1,100,8.25,1.63,9,95,1,1.14,1,100,70,0.81,15,91.25,8.48,0.3,58,64.38,0.38,3.12,3,98.75,0.5,2.71,4,98.13,401880.75,4.01,2,99.38,803761.5,0.45,12,93.13,1.25,0.98,24,85.63,0.38,0.17,58,64.38,0.9,3,98.75,-0.38,-0.46,-0.32,1.11,-0.38,1.32,0.6242,-0.05,-0.38,-0.02,1.01,0.76,0.06,-0.7,51.88,46.88,50.63,93.13,47.5,91.25,100,70,47.5,68.75,92.5,91.25,65,25.63,160,7/7/25 11:42,8,4,2,1,0.5,57,55,58,25,18,-0.01,0.1601,-0.07,0.8,1.24,65,66.25,64.38,85,89.38,9,3,20.62,128,-0.76,0.38,26.88,118,-0.8,3,31.87,110,-0.6,0,98.75,3,-0.1,0,98.75,3,-0.1,0,98.75,3,-0.11,0.38,49.38,82,-0.13,0,98.75,3,-0.11,0,98.75,3,-0.09,0,98.75,3,-0.11,0,98.75,3,-0.09,0,98.75,3,-0.11,11,0,0
AAD2023.09.02768,322,34089,61,University of Northern Colorado,"Leadership, Policy and Development, Department of",Educational Leadership and Administration,5,150,8,142,4,136,2,141,19,145,3,138,0.75,138,0,74,0,74,0,74,1,131,1,121,2,133,2,112,17,14,0,27,22,0.4,0.24,57,65,0.4,-0.47,112,30.63,0.8,0.18,87,46.25,1.6,-0.92,128,20.63,0.6,-0.47,117,27.5,3.8,-0.72,135,16.25,2.38,-1.12,140,13.13,0,-0.67,74,54.38,0,-0.6,74,54.38,0,-0.55,74,54.38,0,-0.28,74,54.38,0.2,-0.74,122,24.38,0.2,-0.6,107,33.75,-0.7,125,22.5,-0.72,-0.68,-0.92,-0.6,-0.85,-1.16,-0.6937,-0.61,-0.75,-0.66,-0.4,-0.49,-0.82,-1.04,25,30.63,14.38,54.38,15.63,12.5,14.38,18.75,17.5,10,54.38,54.38,11.88,6.88,160,7/7/25 11:42,6,3,2,1.2,0.6,73,55,72,20,9,-0.28,0.1601,-0.27,1.18,1.79,55,66.25,55.63,88.13,95,9,2,15,137,-0.84,0.4,28.13,116,-0.75,1,13.13,140,-1,0,98.75,3,-0.1,0,98.75,3,-0.1,0,98.75,3,-0.11,0.2,16.88,134,-0.98,0,98.75,3,-0.11,0,98.75,3,-0.09,0,98.75,3,-0.11,0,98.75,3,-0.09,0,98.75,3,-0.11,11,0,0
AAD2023.09.02768,382,34131,61,Gonzaga University,"Leadership Studies, School of",Educational Leadership and Administration,14,51,20,119,9,72,2.22,138,57,128,9,72,1,1,0,74,0,74,0,74,5,80,3,78,16,36,7,36,17,14,0,27,22,0.5,0.72,34,79.38,1.14,0.32,38,76.88,0.64,-0.53,120,25.63,1.43,-0.99,132,18.13,0.64,-0.3,111,31.25,4.07,-0.72,134,16.88,2.85,-1.01,134,16.88,0,-0.67,74,54.38,0,-0.6,74,54.38,0,-0.55,74,54.38,0,-0.28,74,54.38,0.36,-0.48,101,37.5,0.21,-0.54,103,36.25,-0.7,125,22.5,-0.38,0.45,-0.2,-0.6,-0.26,-1.07,0.6242,-0.36,0.3,-0.61,-0.4,-0.49,-0.64,-0.02,51.88,78.13,55.63,54.38,55.63,14.38,100,50.63,78.13,20.63,54.38,54.38,26.25,68.75,160,7/7/25 11:42,0,0,0,0,0,145,145,145,145,145,-1.11,-1.6188,-0.88,-1.11,-1.53,10,10,10,10,10,9,13,66.25,55,0.04,0.93,60,65,0.16,6,66.25,55,0.01,0,98.75,3,-0.1,0,98.75,3,-0.1,0,98.75,3,-0.11,0.43,56.25,71,0.13,0,98.75,3,-0.11,0,98.75,3,-0.09,0,98.75,3,-0.11,0,98.75,3,-0.09,0,98.75,3,-0.11,11,0,0
AAD2023.09.02768,406,34150,61,University of Southern Maine,"Educational Leadership, Department of",Educational Leadership and Administration,3,157,0,160,0,160,0,160,0,157,0,157,0,157,0,74,0,74,0,74,0,148,0,148,3,123,2,112,17,14,0,27,22,0.67,1.52,8,95.63,1,0.17,49,70,0,-3.4,160,0.63,0,-1.54,160,0.63,0,-2.88,157,2.5,0,-0.81,157,2.5,0,-1.67,157,2.5,0,-0.67,74,54.38,0,-0.6,74,54.38,0,-0.55,74,54.38,0,-0.28,74,54.38,0,-1.07,148,8.13,0,-1.47,148,8.13,-1.4,160,0.63,-0.89,-0.68,-1.28,-0.6,-1.33,-1.95,-4.6474,-0.67,-0.68,-0.68,-0.4,-0.49,-0.94,-1.26,8.13,30.63,2.5,54.38,0.63,0.63,2.5,8.13,23.75,2.5,54.38,54.38,0.63,2.5,160,7/7/25 11:42,0,0,0,0,0,145,145,145,145,145,-1.11,-1.6188,-0.88,-1.11,-1.53,10,10,10,10,10,9,0,5.63,152,-1,0,5.63,152,-1.45,0,5.63,152,-1.21,0,98.75,3,-0.1,0,98.75,3,-0.1,0,98.75,3,-0.11,0,5.63,152,-1.95,0,98.75,3,-0.11,0,98.75,3,-0.09,0,98.75,3,-0.11,0,98.75,3,-0.09,0,98.75,3,-0.11,11,0,0
AAD2023.09.02768,25,34369,61,Bowling Green State University,"Educational Foundations, Leadership and Policy, School of",Educational Leadership and Administration,14,51,26,105,10,69,2.6,132,146,105,9,72,0.9,97,0,74,0,74,0,74,1,131,1,121,8,78,5,56,17,14,0,27,22,0.36,0.03,78,51.88,0.57,-0.29,85,47.5,0.71,-0.21,109,32.5,1.86,-0.83,122,24.38,0.64,-0.3,111,31.25,10.43,-0.57,114,29.38,5.62,-0.37,102,36.88,0,-0.67,74,54.38,0,-0.6,74,54.38,0,-0.55,74,54.38,0,-0.28,74,54.38,0.07,-0.95,145,10,0.07,-1.16,143,11.25,-0.6,120,25.63,-0.72,0,-0.2,-0.6,-0.14,-0.92,0.097,-0.61,-0.3,-0.51,-0.4,-0.49,-0.54,-0.02,25,65.63,55.63,54.38,57.5,18.13,40,18.75,51.88,35,54.38,54.38,35,68.75,160,7/7/25 11:42,8,5,1.6,0.57,0.36,41,90,58,65,51,0.27,-0.1957,-0.07,-0.02,0.44,75,44.38,64.38,60,68.75,9,6,37.5,101,-0.52,0.43,30,113,-0.7,4,47.5,85,-0.4,0,98.75,3,-0.1,0,98.75,3,-0.1,0,98.75,3,-0.11,0.29,32.5,109,-0.56,0,98.75,3,-0.11,0,98.75,3,-0.09,0,98.75,3,-0.11,0,98.75,3,-0.09,0,98.75,3,-0.11,11,0,0
AAD2023.09.02768,260,34398,61,University of Central Florida,"Educational Leadership and Higher Education, Department of",Educational Leadership and Administration,9,107,30,100,6,114,5,75,137,108,6,106,1,1,1,39,1,44,151659,67,1,131,1,121,9,71,5,56,17,14,0,27,22,0.56,0.99,27,83.75,1,0.17,49,70,0.67,-0.42,118,26.88,3.33,-0.26,87,46.25,0.67,-0.2,106,34.38,15.22,-0.46,104,35.63,4.57,-0.61,117,27.5,0.11,0.45,40,75.63,0.11,0.13,46,71.88,16851,-0.35,59,63.75,151659,-0.14,64,60.63,0.11,-0.89,139,13.75,0.11,-0.99,133,17.5,-0.3,95,41.25,-0.72,0,-0.56,-0.03,-0.61,0.03,0.6242,-0.61,-0.23,-0.52,-0.34,-0.18,-0.48,-0.58,25,65.63,34.38,76.25,29.38,53.75,100,18.75,56.25,33.13,58.75,73.13,38.13,33.75,160,7/7/25 11:42,2,2,1,0.22,0.22,96,120,115,118,92,-0.56,-0.7294,-0.68,-0.69,-0.3,40.63,25.63,28.75,26.88,43.13,9,9,51.88,78,-0.28,1,65.63,56,0.29,3,31.87,110,-0.6,0,98.75,3,-0.1,0,98.75,3,-0.1,0,98.75,3,-0.11,0.33,41.88,94,-0.33,0,98.75,3,-0.11,0,98.75,3,-0.09,0,98.75,3,-0.11,0,98.75,3,-0.09,0,98.75,3,-0.11,11,0,0
AAD2023.09.02768,143,34511,61,New Mexico State University,"Curriculum and Instruction, Department of",Educational Leadership and Administration,34,5,75,48,24,12,3.13,119,477,62,20,18,0.8,133,1,39,1,44,13485715,2,6,71,3,78,14,45,9,19,17,14,0,27,22,0.26,-0.41,107,33.75,0.41,-0.46,111,31.25,0.71,-0.24,111,31.25,2.21,-0.69,117,27.5,0.59,-0.52,120,25.63,14.03,-0.48,107,33.75,6.36,-0.19,90,44.38,0.03,-0.37,72,55.63,0.03,-0.41,72,55.63,396638.68,3.95,3,98.75,13485715,11.95,1,100,0.18,-0.78,125,22.5,0.09,-1.09,140,13.13,-0.5,115,28.75,-0.38,0.91,1.12,-0.03,1.52,-0.71,-0.4302,-0.3,0.15,-0.12,5.55,-0.18,0.2,2.24,51.88,88.75,89.38,76.25,93.13,26.25,17.5,56.25,72.5,61.88,99.38,73.13,70.63,97.5,160,7/7/25 11:42,15,5,3,0.44,0.15,41,13,31,80,116,0.27,1.0496,0.65,-0.27,-0.72,75,92.5,81.25,50.63,28.13,9,43,96.88,6,2.43,1.26,76.88,38,0.74,17,98.12,4,2.23,0,98.75,3,-0.1,0,98.75,3,-0.1,0,98.75,3,-0.11,0.5,68.13,52,0.48,0,98.75,3,-0.11,0,98.75,3,-0.09,0,98.75,3,-0.11,0,98.75,3,-0.09,0,98.75,3,-0.11,11,0,0
AAD2023.09.02768,349,34560,61,University of Wyoming,"Counseling, Leadership, Advocacy and Design, School of",Educational Leadership and Administration,16,43,60,62,13,48,4.62,87,538,53,13,44,0.93,84,0,74,0,74,0,74,3,103,3,78,1,140,1,134,17,14,0,27,22,0.06,-1.38,145,10,0.06,-0.83,147,8.75,0.81,0.23,86,46.88,3.75,-0.1,80,50.63,0.81,0.39,79,51.25,33.63,-0.03,72,55.63,8.97,0.41,48,70.63,0,-0.67,74,54.38,0,-0.6,74,54.38,0,-0.55,74,54.38,0,-0.28,74,54.38,0.19,-0.76,123,23.75,0.19,-0.65,112,30.63,-0.2,85,47.5,-0.38,-0.91,0.28,-0.6,0.22,-0.12,0.2476,-0.48,-0.83,-0.05,-0.4,-0.49,-0.03,0.21,51.88,16.88,73.13,54.38,70.63,46.25,48.13,36.25,13.13,67.5,54.38,54.38,61.88,73.75,160,7/7/25 11:42,5,4,1.25,0.31,0.25,57,116,81,105,79,-0.01,-0.507,-0.37,-0.51,-0.15,65,28.13,50,35,51.25,9,6,37.5,101,-0.52,0.38,26.88,118,-0.8,4,47.5,85,-0.4,0,98.75,3,-0.1,0,98.75,3,-0.1,0,98.75,3,-0.11,0.25,24.38,122,-0.74,0,98.75,3,-0.11,0,98.75,3,-0.09,0,98.75,3,-0.11,0,98.75,3,-0.09,0,98.75,3,-0.11,11,0,0
AAD2023.09.02768,319,34624,61,"University of North Dakota, The","Teaching, Leadership and Professional Practice, Department of",Educational Leadership and Administration,23,20,48,76,16,30,3,122,406,69,13,44,0.76,137,1,39,1,44,1509130,28,1,131,1,121,19,30,1,134,17,14,0,27,22,0.04,-1.48,147,8.75,0.83,-0.02,64,60.63,0.7,-0.29,113,30,2.09,-0.74,118,26.88,0.57,-0.61,123,23.75,17.65,-0.4,98,39.38,8.46,0.29,59,63.75,0.04,-0.23,68,58.13,0.04,-0.32,68,58.13,65614.35,0.2,36,78.13,1509130,1.09,4,98.13,0.04,-1,147,8.75,0.04,-1.28,147,8.75,-0.5,115,28.75,-0.72,-0.91,0.28,-0.03,0.57,-0.76,-0.6162,-0.61,0.53,-0.2,0.26,-0.18,-0.21,0.99,25,16.88,73.13,76.25,81.88,24.38,15,18.75,81.88,57.5,83.13,73.13,53.13,88.13,160,7/7/25 11:42,9,5,1.8,0.39,0.22,41,74,55,90,97,0.27,-0.0178,0.04,-0.36,-0.33,75,54.38,66.25,44.38,40,9,8,46.88,86,-0.36,0.35,21.88,126,-0.84,8,75.62,40,0.41,0,98.75,3,-0.1,0,98.75,3,-0.1,0,98.75,3,-0.11,0.35,43.13,92,-0.26,0,98.75,3,-0.11,0,98.75,3,-0.09,0,98.75,3,-0.11,0,98.75,3,-0.09,0,98.75,3,-0.11,11,0,0
AAD2023.09.02768,41,34955,61,Clark Atlanta University,"Educational Leadership, Department of",Educational Leadership and Administration,14,51,8,142,2,149,4,96,77,122,2,146,1,1,1,39,1,44,907434,37,0,148,0,148,1,140,1,134,17,14,0,27,22,0.07,-1.34,144,10.63,0.07,-0.82,146,9.38,0.14,-2.76,158,1.88,0.57,-1.32,150,6.88,0.14,-2.3,154,4.38,5.5,-0.68,129,20,9.63,0.56,39,76.25,0.07,0.05,54,66.88,0.07,-0.13,56,65.63,64816.71,0.19,37,77.5,907434,0.54,9,95,0,-1.07,148,8.13,0,-1.47,148,8.13,-1.1,151,6.25,-0.89,-0.91,-1.04,-0.03,-1.09,-0.36,0.6242,-0.67,-0.83,-0.59,0,-0.18,-0.82,-0.02,8.13,16.88,9.38,76.25,7.5,40.63,100,8.13,13.13,24.38,77.5,73.13,11.88,68.75,160,7/7/25 11:42,0,0,0,0,0,145,145,145,145,145,-1.11,-1.6188,-0.88,-1.11,-1.53,10,10,10,10,10,9,3,20.62,128,-0.76,0.21,13.75,139,-1.08,3,31.87,110,-0.6,0,98.75,3,-0.1,0,98.75,3,-0.1,0,98.75,3,-0.11,0.21,18.75,131,-0.91,0,98.75,3,-0.11,0,98.75,3,-0.09,0,98.75,3,-0.11,0,98.75,3,-0.09,0,98.75,3,-0.11,11,0,0
AAD2023.09.02768,327,35273,61,University of Pittsburgh,"Teaching, Learning, and Leading, Department of",Educational Leadership and Administration,32,7,82,40,22,16,3.73,101,798,39,20,18,0.87,112,4,8,6,9,3777048,11,16,29,12,13,12,55,7,36,17,14,0,27,22,0.22,-0.63,119,26.25,0.38,-0.5,116,28.13,0.69,-0.33,117,27.5,2.56,-0.55,114,29.38,0.63,-0.37,115,28.75,24.94,-0.23,90,44.38,9.73,0.59,37,77.5,0.13,0.59,34,79.38,0.19,0.64,29,82.5,118032.75,0.79,24,85.63,629508,0.29,19,88.75,0.5,-0.25,74,54.38,0.38,0.17,58,64.38,-0.2,85,47.5,1.17,0.45,1.12,1.68,1.29,-0.47,-0.0634,0.33,0,0.25,1.26,1.38,0.31,2.01,92.5,78.13,89.38,95.63,90.63,37.5,30.63,82.5,66.25,76.25,93.75,95,75.63,96.25,160,7/7/25 11:42,19,7,2.71,0.59,0.22,25,25,17,62,96,0.82,0.7916,1.06,0.02,-0.32,85,85,90,61.88,40.63,9,23,86.25,23,0.84,0.72,50.63,80,-0.2,15,94.37,10,1.82,0,98.75,3,-0.1,0,98.75,3,-0.1,0,98.75,3,-0.11,0.47,62.5,61,0.33,0,98.75,3,-0.11,0,98.75,3,-0.09,0,98.75,3,-0.11,0,98.75,3,-0.09,0,98.75,3,-0.11,11,0,0
AAD2023.09.02768,143,35344,61,New Mexico State University,"Educational Leadership and Administration, Department of",Educational Leadership and Administration,9,107,24,114,7,92,3.43,111,115,113,7,88,1,1,0,74,0,74,0,74,2,117,2,99,8,78,3,86,17,14,0,27,22,0.33,-0.08,82,49.38,0.89,0.05,57,65,0.78,0.08,94,41.88,2.67,-0.51,109,32.5,0.78,0.25,88,45.63,12.78,-0.51,108,33.13,4.79,-0.56,113,30,0,-0.67,74,54.38,0,-0.6,74,54.38,0,-0.55,74,54.38,0,-0.28,74,54.38,0.22,-0.71,118,26.88,0.22,-0.5,98,39.38,-0.4,106,34.38,-0.55,-0.46,-0.44,-0.6,-0.49,-0.59,0.6242,-0.55,-0.3,-0.54,-0.4,-0.49,-0.57,-0.58,38.75,46.88,45.63,54.38,43.13,31.25,100,27.5,51.88,30,54.38,54.38,29.38,33.75,160,7/7/25 11:42,2,2,1,0.22,0.22,96,120,115,118,92,-0.56,-0.7294,-0.68,-0.69,-0.3,40.63,25.63,28.75,26.88,43.13,9,9,51.88,78,-0.28,1,65.63,56,0.29,5,59.38,66,-0.2,0,98.75,3,-0.1,0,98.75,3,-0.1,0,98.75,3,-0.11,0.56,74.38,42,0.75,0,98.75,3,-0.11,0,98.75,3,-0.09,0,98.75,3,-0.11,0,98.75,3,-0.09,0,98.75,3,-0.11,11,0,0
AAD2023.09.02768,165,35525,61,Portland State University,"Educational Leadership and Policy, Department of",Educational Leadership and Administration,9,107,4,152,3,140,1.33,153,20,144,4,130,1,1,0,74,0,74,0,74,3,103,1,121,5,103,2,112,17,14,0,27,22,0.22,-0.62,115,28.75,0.56,-0.3,91,43.75,0.33,-1.91,151,6.25,0.44,-1.37,153,5,0.44,-1.09,133,17.5,2.22,-0.76,143,11.25,5,-0.51,109,32.5,0,-0.67,74,54.38,0,-0.6,74,54.38,0,-0.55,74,54.38,0,-0.28,74,54.38,0.33,-0.52,103,36.25,0.11,-0.99,133,17.5,-1,143,11.25,-0.72,-0.68,-0.8,-0.6,-0.97,-1.42,0.6242,-0.48,-0.53,-0.65,-0.4,-0.49,-0.88,-0.58,25,30.63,19.38,54.38,13.13,5,100,36.25,36.25,10.63,54.38,54.38,5.63,33.75,160,7/7/25 11:42,0,0,0,0,0,145,145,145,145,145,-1.11,-1.6188,-0.88,-1.11,-1.53,10,10,10,10,10,9,6,37.5,101,-0.52,0.67,48.13,84,-0.29,4,47.5,85,-0.4,0,98.75,3,-0.1,0,98.75,3,-0.1,0,98.75,3,-0.11,0.44,58.75,67,0.21,0,98.75,3,-0.11,0,98.75,3,-0.09,0,98.75,3,-0.11,0,98.75,3,-0.09,0,98.75,3,-0.11,11,0,0
AAD2023.09.02768,63,35598,61,East Tennessee State University,"Educational Leadership and Policy Analysis, Department of",Educational Leadership and Administration,10,100,13,133,2,149,6.5,38,22,139,3,138,1,1,0,74,0,74,0,74,1,131,1,121,6,93,1,134,17,14,0,27,22,0.1,-1.2,142,11.88,0.6,-0.26,81,50,0.2,-2.51,155,3.75,1.3,-1.04,138,14.38,0.3,-1.67,148,8.13,2.2,-0.76,144,10.63,1.69,-1.28,144,10.63,0,-0.67,74,54.38,0,-0.6,74,54.38,0,-0.55,74,54.38,0,-0.28,74,54.38,0.1,-0.91,142,11.88,0.1,-1.04,137,15,-1,143,11.25,-0.72,-0.91,-0.92,-0.6,-1.09,0.62,0.6242,-0.61,-0.45,-0.65,-0.4,-0.49,-0.74,-0.47,25,16.88,14.38,54.38,7.5,76.88,100,18.75,42.5,13.75,54.38,54.38,17.5,38.13,160,7/7/25 11:42,1,1,1,0.1,0.1,114,120,128,139,135,-0.84,-0.7294,-0.78,-0.92,-0.98,29.38,25.63,20.63,13.75,16.25,9,2,15,137,-0.84,0.2,12.5,141,-1.1,1,13.13,140,-1,0,98.75,3,-0.1,0,98.75,3,-0.1,0,98.75,3,-0.11,0.1,8.13,148,-1.47,0,98.75,3,-0.11,0,98.75,3,-0.09,0,98.75,3,-0.11,0,98.75,3,-0.09,0,98.75,3,-0.11,11,0,0
AAD2023.09.02768,333,35664,61,"University of South Dakota, The","Educational Leadership, Division of",Educational Leadership and Administration,4,156,7,146,3,140,2.33,135,0,157,0,157,0,157,0,74,0,74,0,74,2,117,1,121,2,133,2,112,17,14,0,27,22,0.5,0.72,34,79.38,0.5,-0.36,99,38.75,0.75,-0.05,104,35.63,1.75,-0.87,125,22.5,0,-2.88,157,2.5,0,-0.81,157,2.5,0,-1.67,157,2.5,0,-0.67,74,54.38,0,-0.6,74,54.38,0,-0.55,74,54.38,0,-0.28,74,54.38,0.5,-0.25,74,54.38,0.25,-0.38,96,40.63,-0.9,136,15.63,-0.72,-0.68,-1.28,-0.6,-0.97,-1.03,-4.6474,-0.55,-0.75,-0.68,-0.4,-0.49,-0.83,-1.15,25,30.63,2.5,54.38,13.13,16.25,2.5,27.5,17.5,2.5,54.38,54.38,9.38,3.13,160,7/7/25 11:42,1,1,1,0.25,0.25,114,120,128,114,79,-0.84,-0.7294,-0.78,-0.63,-0.15,29.38,25.63,20.63,29.38,51.25,9,0,5.63,152,-1,0,5.63,152,-1.45,0,5.63,152,-1.21,0,98.75,3,-0.1,0,98.75,3,-0.1,0,98.75,3,-0.11,0,5.63,152,-1.95,0,98.75,3,-0.11,0,98.75,3,-0.09,0,98.75,3,-0.11,0,98.75,3,-0.09,0,98.75,3,-0.11,11,0,0
AAD2023.09.02768,91,35946,61,Idaho State University,"School Psychology and Educational Leadership, Department of",Educational Leadership and Administration,8,120,46,77,6,114,7.67,19,341,79,7,88,1,1,0,74,0,74,0,74,1,131,1,121,1,140,1,134,17,14,0,27,22,0.13,-1.08,137,15,0.13,-0.76,144,10.63,0.75,-0.05,104,35.63,5.75,0.67,35,78.75,0.88,0.64,44,73.13,42.63,0.18,49,70,7.41,0.05,75,53.75,0,-0.67,74,54.38,0,-0.6,74,54.38,0,-0.55,74,54.38,0,-0.28,74,54.38,0.13,-0.87,135,16.25,0.13,-0.93,129,20,0,68,58.13,-0.72,-0.91,-0.44,-0.6,-0.61,1.09,0.6242,-0.61,-0.83,-0.28,-0.4,-0.49,-0.24,-0.7,25,16.88,45.63,54.38,29.38,88.75,100,18.75,13.13,51.25,54.38,54.38,52.5,25.63,160,7/7/25 11:42,5,3,1.67,0.63,0.38,73,79,81,57,44,-0.28,-0.1334,-0.37,0.08,0.54,55,51.25,50,65,73.13,9,3,20.62,128,-0.76,0.38,26.88,118,-0.8,2,22.5,125,-0.8,0,98.75,3,-0.1,0,98.75,3,-0.1,0,98.75,3,-0.11,0.25,24.38,122,-0.74,0,98.75,3,-0.11,0,98.75,3,-0.09,0,98.75,3,-0.11,0,98.75,3,-0.09,0,98.75,3,-0.11,11,0,0
AAD2023.09.02768,367,36003,61,Wright State University,"Education and Leadership, School of",Educational Leadership and Administration,14,51,45,78,6,114,7.5,23,595,48,6,106,0.86,114,0,74,0,74,0,74,0,148,0,148,6,93,2,112,17,14,0,27,22,0.14,-1,130,19.38,0.43,-0.44,106,34.38,0.43,-1.48,141,12.5,3.21,-0.3,91,43.75,0.43,-1.16,134,16.88,42.5,0.17,50,69.38,13.22,1.4,14,91.88,0,-0.67,74,54.38,0,-0.6,74,54.38,0,-0.55,74,54.38,0,-0.28,74,54.38,0,-1.07,148,8.13,0,-1.47,148,8.13,-0.6,120,25.63,-0.89,-0.68,-0.56,-0.6,-0.61,1.02,-0.1289,-0.67,-0.45,0.02,-0.4,-0.49,-0.25,-0.02,8.13,30.63,34.38,54.38,29.38,86.25,29.38,8.13,42.5,70.63,54.38,54.38,51.88,68.75,160,7/7/25 11:42,6,2,3,0.43,0.14,96,13,72,81,117,-0.56,1.0496,-0.27,-0.29,-0.74,40.63,92.5,55.63,50,27.5,9,8,46.88,86,-0.36,0.57,40,97,-0.46,4,47.5,85,-0.4,0,98.75,3,-0.1,0,98.75,3,-0.1,0,98.75,3,-0.11,0.29,32.5,109,-0.56,0,98.75,3,-0.11,0,98.75,3,-0.09,0,98.75,3,-0.11,0,98.75,3,-0.09,0,98.75,3,-0.11,11,0,0
AAD2023.09.02768,558642,36065,61,Tarleton State University,"Educational Leadership and Technology, Department of",Educational Leadership and Administration,11,87,17,124,7,92,2.43,133,21,141,4,130,0.57,151,0,74,0,74,0,74,0,148,0,148,0,148,0,148,17,14,0,27,22,0,-1.69,148,8.13,0,-0.89,148,8.13,0.64,-0.55,123,23.75,1.55,-0.95,130,19.38,0.36,-1.42,143,11.25,1.91,-0.77,145,10,1.24,-1.38,150,6.88,0,-0.67,74,54.38,0,-0.6,74,54.38,0,-0.55,74,54.38,0,-0.28,74,54.38,0,-1.07,148,8.13,0,-1.47,148,8.13,-0.9,136,15.63,-0.89,-1.14,-0.8,-0.6,-0.49,-0.99,-1.6351,-0.67,-0.9,-0.65,-0.4,-0.49,-0.68,-0.36,8.13,8.13,19.38,54.38,43.13,17.5,6.25,8.13,8.13,12.5,54.38,54.38,23.13,46.25,160,7/7/25 11:42,0,0,0,0,0,145,145,145,145,145,-1.11,-1.6188,-0.88,-1.11,-1.53,10,10,10,10,10,9,0,5.63,152,-1,0,5.63,152,-1.45,0,5.63,152,-1.21,0,98.75,3,-0.1,0,98.75,3,-0.1,0,98.75,3,-0.11,0,5.63,152,-1.95,0,98.75,3,-0.11,0,98.75,3,-0.09,0,98.75,3,-0.11,0,98.75,3,-0.09,0,98.75,3,-0.11,11,0,0
AAD2023.09.02768,95,36069,61,Indiana University of Pennsylvania,"Professional Studies in Education, Department of",Educational Leadership and Administration,8,120,11,140,3,140,3.67,106,55,130,3,138,1,1,0,74,0,74,0,74,1,131,1,121,4,109,3,86,17,14,0,27,22,0.38,0.12,67,58.75,0.5,-0.36,99,38.75,0.38,-1.72,149,7.5,1.38,-1.01,136,15.63,0.38,-1.37,141,12.5,6.88,-0.65,124,23.13,5,-0.51,109,32.5,0,-0.67,74,54.38,0,-0.6,74,54.38,0,-0.55,74,54.38,0,-0.28,74,54.38,0.13,-0.87,135,16.25,0.13,-0.93,129,20,-0.9,136,15.63,-0.72,-0.46,-0.92,-0.6,-0.97,-0.5,0.6242,-0.61,-0.6,-0.61,-0.4,-0.49,-0.77,-0.7,25,46.88,14.38,54.38,13.13,34.38,100,18.75,32.5,19.38,54.38,54.38,13.13,25.63,160,7/7/25 11:42,0,0,0,0,0,145,145,145,145,145,-1.11,-1.6188,-0.88,-1.11,-1.53,10,10,10,10,10,9,2,15,137,-0.84,0.25,16.25,135,-1.01,2,22.5,125,-0.8,0,98.75,3,-0.1,0,98.75,3,-0.1,0,98.75,3,-0.11,0.25,24.38,122,-0.74,0,98.75,3,-0.11,0,98.75,3,-0.09,0,98.75,3,-0.11,0,98.75,3,-0.09,0,98.75,3,-0.11,11,0,0
AAD2023.09.02768,16,36157,61,Azusa Pacific University,"Education Leadership, Department of",Educational Leadership and Administration,7,134,7,146,3,140,2.33,135,6,150,3,138,1,1,0,74,0,74,0,74,1,131,1,121,1,140,1,134,17,14,0,27,22,0.14,-1,130,19.38,0.14,-0.74,139,13.75,0.43,-1.48,141,12.5,1,-1.16,144,10.63,0.43,-1.16,134,16.88,0.86,-0.79,151,6.25,0.86,-1.47,152,5.63,0,-0.67,74,54.38,0,-0.6,74,54.38,0,-0.55,74,54.38,0,-0.28,74,54.38,0.14,-0.84,129,20,0.14,-0.85,120,25.63,-1,143,11.25,-0.72,-0.91,-0.92,-0.6,-0.97,-1.03,0.6242,-0.61,-0.83,-0.67,-0.4,-0.49,-0.83,-0.81,25,16.88,14.38,54.38,13.13,16.25,100,18.75,13.13,6.88,54.38,54.38,9.38,16.88,160,7/7/25 11:42,2,1,2,0.29,0.14,114,55,115,108,117,-0.84,0.1601,-0.68,-0.57,-0.74,29.38,66.25,28.75,33.13,27.5,9,4,27.5,117,-0.68,0.57,40,97,-0.46,1,13.13,140,-1,0,98.75,3,-0.1,0,98.75,3,-0.1,0,98.75,3,-0.11,0.14,11.88,142,-1.26,0,98.75,3,-0.11,0,98.75,3,-0.09,0,98.75,3,-0.11,0,98.75,3,-0.09,0,98.75,3,-0.11,11,0,0
AAD2023.09.02768,57,36263,61,DePaul University,"Leadership, Language and Curriculum, Department of",Educational Leadership and Administration,9,107,13,133,7,92,1.86,147,37,134,5,121,0.71,141,0,74,0,74,0,74,4,90,1,121,8,78,7,36,17,14,0,27,22,0.78,2.06,6,96.88,0.89,0.05,57,65,0.78,0.08,94,41.88,1.44,-0.98,131,18.75,0.56,-0.65,124,23.13,4.11,-0.71,132,18.13,2.85,-1.01,135,16.25,0,-0.67,74,54.38,0,-0.6,74,54.38,0,-0.55,74,54.38,0,-0.28,74,54.38,0.44,-0.34,88,45.63,0.11,-0.99,133,17.5,-0.7,125,22.5,-0.72,0.45,-0.68,-0.6,-0.49,-1.21,-0.882,-0.42,-0.3,-0.63,-0.4,-0.49,-0.74,-0.58,25,78.13,25,54.38,43.13,8.75,12.5,44.38,51.88,16.88,54.38,54.38,17.5,33.75,160,7/7/25 11:42,4,3,1.33,0.44,0.33,73,106,93,78,54,-0.28,-0.4358,-0.47,-0.26,0.31,55,34.38,42.5,51.88,66.88,9,9,51.88,78,-0.28,1,65.63,56,0.29,4,47.5,85,-0.4,0,98.75,3,-0.1,0,98.75,3,-0.1,0,98.75,3,-0.11,0.44,58.75,67,0.21,0,98.75,3,-0.11,0,98.75,3,-0.09,0,98.75,3,-0.11,0,98.75,3,-0.09,0,98.75,3,-0.11,11,0,0
AAD2023.09.02768,554573,36313,61,Georgia Southern University,"Leadership, Technology, and Human Development, Department of",Educational Leadership and Administration,18,34,72,51,15,38,4.8,84,468,63,14,35,0.93,83,1,39,1,44,411284,54,5,80,3,78,4,109,2,112,17,14,0,27,22,0.11,-1.15,139,13.75,0.22,-0.66,134,16.88,0.83,0.33,76,53.13,4,0,75,53.75,0.78,0.25,88,45.63,26,-0.21,86,46.88,6.5,-0.16,88,45.63,0.06,-0.11,62,61.88,0.06,-0.24,63,61.25,22849.11,-0.29,55,66.25,411284,0.09,41,75,0.28,-0.62,115,28.75,0.17,-0.74,113,30,-0.1,76,53.13,-0.38,-0.68,0.4,-0.03,0.45,-0.05,0.2727,-0.36,-0.6,-0.13,-0.22,-0.18,0.16,0.43,51.88,30.63,78.75,76.25,76.88,48.13,48.75,50.63,32.5,61.25,66.88,73.13,68.75,79.38,160,7/7/25 11:42,9,4,2.25,0.5,0.22,57,45,55,69,92,-0.01,0.3825,0.04,-0.16,-0.3,65,72.5,66.25,57.5,43.13,9,9,51.88,78,-0.28,0.5,34.38,106,-0.58,6,66.25,55,0.01,0,98.75,3,-0.1,0,98.75,3,-0.1,0,98.75,3,-0.11,0.33,41.88,94,-0.33,0,98.75,3,-0.11,0,98.75,3,-0.09,0,98.75,3,-0.11,0,98.75,3,-0.09,0,98.75,3,-0.11,11,0,0
AAD2023.09.02768,120,36391,61,Marshall University,"Leadership Studies, Department of",Educational Leadership and Administration,7,134,3,155,2,149,1.5,150,5,152,1,155,0.5,152,0,74,0,74,0,74,0,148,0,148,0,148,0,148,17,14,0,27,22,0,-1.69,148,8.13,0,-0.89,148,8.13,0.29,-2.12,153,5,0.43,-1.37,154,4.38,0.14,-2.3,154,4.38,0.71,-0.79,152,5.63,1.67,-1.28,146,9.38,0,-0.67,74,54.38,0,-0.6,74,54.38,0,-0.55,74,54.38,0,-0.28,74,54.38,0,-1.07,148,8.13,0,-1.47,148,8.13,-1.2,156,3.13,-0.89,-1.14,-1.16,-0.6,-1.09,-1.35,-2.0116,-0.67,-0.9,-0.67,-0.4,-0.49,-0.89,-0.81,8.13,8.13,3.75,54.38,7.5,6.88,5.63,8.13,8.13,5.63,54.38,54.38,3.75,16.88,160,7/7/25 11:42,0,0,0,0,0,145,145,145,145,145,-1.11,-1.6188,-0.88,-1.11,-1.53,10,10,10,10,10,9,0,5.63,152,-1,0,5.63,152,-1.45,0,5.63,152,-1.21,0,98.75,3,-0.1,0,98.75,3,-0.1,0,98.75,3,-0.11,0,5.63,152,-1.95,0,98.75,3,-0.11,0,98.75,3,-0.09,0,98.75,3,-0.11,0,98.75,3,-0.09,0,98.75,3,-0.11,11,0,0
AAD2023.09.02768,331,37133,61,University of South Alabama,"Leadership and Teacher Education, Department of",Educational Leadership and Administration,14,51,42,84,13,48,3.23,115,209,95,11,58,0.85,124,1,39,1,44,243638,60,3,103,2,99,0,148,0,148,17,14,0,27,22,0,-1.69,148,8.13,0,-0.89,148,8.13,0.93,0.75,38,76.88,3,-0.39,95,41.25,0.79,0.28,84,48.13,14.93,-0.46,105,35,4.98,-0.51,111,31.25,0.07,0.05,54,66.88,0.07,-0.13,56,65.63,17402.71,-0.35,58,64.38,243638,-0.06,55,66.25,0.21,-0.72,120,25.63,0.14,-0.85,120,25.63,-0.3,95,41.25,-0.55,-1.14,0.04,-0.03,0.22,-0.67,-0.1869,-0.48,-0.9,-0.43,-0.3,-0.18,-0.3,-0.02,38.75,8.13,64.38,76.25,70.63,28.75,23.13,36.25,8.13,41.25,63.13,73.13,48.13,68.75,160,7/7/25 11:42,0,0,0,0,0,145,145,145,145,145,-1.11,-1.6188,-0.88,-1.11,-1.53,10,10,10,10,10,9,3,20.62,128,-0.76,0.21,13.75,139,-1.08,3,31.87,110,-0.6,0,98.75,3,-0.1,0,98.75,3,-0.1,0,98.75,3,-0.11,0.21,18.75,131,-0.91,0,98.75,3,-0.11,0,98.75,3,-0.09,0,98.75,3,-0.11,0,98.75,3,-0.09,0,98.75,3,-0.11,11,0,0
AAD2023.09.02768,147,37197,61,North Carolina Agricultural and Technical State University,"Leadership Studies and Adult Education, Department of",Educational Leadership and Administration,7,134,14,131,5,128,2.8,126,23,138,6,106,0.86,114,0,74,0,74,0,74,0,148,0,148,1,140,1,134,17,14,0,27,22,0.14,-1,130,19.38,0.14,-0.74,139,13.75,0.71,-0.21,109,32.5,2,-0.77,120,25.63,0.86,0.56,54,66.88,3.29,-0.73,138,14.38,1.64,-1.29,148,8.13,0,-0.67,74,54.38,0,-0.6,74,54.38,0,-0.55,74,54.38,0,-0.28,74,54.38,0,-1.07,148,8.13,0,-1.47,148,8.13,-0.8,129,20,-0.89,-0.91,-0.56,-0.6,-0.73,-0.84,-0.1289,-0.67,-0.83,-0.65,-0.4,-0.49,-0.73,-0.81,8.13,16.88,34.38,54.38,20.63,21.88,29.38,8.13,13.13,14.38,54.38,54.38,18.75,16.88,160,7/7/25 11:42,3,1,3,0.43,0.14,114,13,105,81,117,-0.84,1.0496,-0.58,-0.29,-0.74,29.38,92.5,35,50,27.5,9,1,10,145,-0.92,0.14,9.38,146,-1.2,1,13.13,140,-1,0,98.75,3,-0.1,0,98.75,3,-0.1,0,98.75,3,-0.11,0.14,11.88,142,-1.26,0,98.75,3,-0.11,0,98.75,3,-0.09,0,98.75,3,-0.11,0,98.75,3,-0.09,0,98.75,3,-0.11,11,0,0
AAD2023.09.02768,213,37242,61,Tennessee State University,"Educational Leadership, Department of",Educational Leadership and Administration,12,79,17,124,2,149,8.5,11,4,154,2,146,1,1,0,74,0,74,0,74,2,117,1,121,0,148,0,148,17,14,0,27,22,0,-1.69,148,8.13,0,-0.89,148,8.13,0.17,-2.66,157,2.5,1.42,-1,133,17.5,0.17,-2.21,153,5,0.33,-0.8,156,3.13,0.24,-1.61,156,3.13,0,-0.67,74,54.38,0,-0.6,74,54.38,0,-0.55,74,54.38,0,-0.28,74,54.38,0.17,-0.8,126,21.88,0.08,-1.11,141,12.5,-1.1,151,6.25,-0.72,-1.14,-1.04,-0.6,-1.09,1.42,0.6242,-0.55,-0.9,-0.67,-0.4,-0.49,-0.68,-0.25,25,8.13,9.38,54.38,7.5,93.75,100,27.5,8.13,4.38,54.38,54.38,23.13,51.25,160,7/7/25 11:42,3,1,3,0.25,0.08,114,13,105,114,138,-0.84,1.0496,-0.58,-0.63,-1.07,29.38,92.5,35,29.38,14.38,9,1,10,145,-0.92,0.08,7.5,149,-1.3,1,13.13,140,-1,0,98.75,3,-0.1,0,98.75,3,-0.1,0,98.75,3,-0.11,0.08,7.5,149,-1.55,0,98.75,3,-0.11,0,98.75,3,-0.09,0,98.75,3,-0.11,0,98.75,3,-0.09,0,98.75,3,-0.11,11,0,0
AAD2023.09.02768,537171,37409,61,Rowan University,"Educational Services and Leadership, Department of",Educational Leadership and Administration,14,51,60,62,12,52,5,75,401,70,12,49,1,1,0,74,0,74,0,74,6,71,5,53,4,109,4,74,17,14,0,27,22,0.29,-0.31,95,41.25,0.29,-0.59,127,21.25,0.86,0.43,66,59.38,4.29,0.11,69,57.5,0.86,0.56,54,66.88,28.64,-0.15,80,50.63,6.68,-0.12,86,46.88,0,-0.67,74,54.38,0,-0.6,74,54.38,0,-0.55,74,54.38,0,-0.28,74,54.38,0.43,-0.37,91,43.75,0.36,0.09,68,58.13,0,68,58.13,-0.03,-0.23,0.16,-0.6,0.1,0.03,0.6242,-0.3,-0.6,-0.21,-0.4,-0.49,-0.03,-0.02,67.5,54.38,70,54.38,68.13,53.75,100,56.25,32.5,56.88,54.38,54.38,61.88,68.75,160,7/7/25 11:42,6,4,1.5,0.43,0.29,57,96,72,81,68,-0.01,-0.2846,-0.27,-0.29,0.05,65,40.63,55.63,50,58.13,9,2,15,137,-0.84,0.14,9.38,146,-1.2,3,31.87,110,-0.6,0,98.75,3,-0.1,0,98.75,3,-0.1,0,98.75,3,-0.11,0.21,18.75,131,-0.91,0,98.75,3,-0.11,0,98.75,3,-0.09,0,98.75,3,-0.11,0,98.75,3,-0.09,0,98.75,3,-0.11,11,0,0
AAD2023.09.02768,537172,37756,61,Montclair State University,"Educational Leadership, Department of",Educational Leadership and Administration,8,120,50,73,7,92,7.14,28,347,77,7,88,1,1,0,74,0,74,0,74,5,80,4,61,10,64,5,56,17,14,0,27,22,0.63,1.32,13,92.5,1.25,0.43,27,83.75,0.88,0.51,57,65,6.25,0.86,30,81.88,0.88,0.64,44,73.13,43.38,0.19,48,70.63,6.94,-0.06,80,50.63,0,-0.67,74,54.38,0,-0.6,74,54.38,0,-0.55,74,54.38,0,-0.28,74,54.38,0.63,-0.04,58,64.38,0.5,0.71,36,78.13,0.4,34,79.38,-0.21,0,-0.44,-0.6,-0.49,0.88,0.6242,-0.36,-0.15,-0.27,-0.4,-0.49,-0.18,-0.7,62.5,65.63,45.63,54.38,43.13,83.13,100,50.63,60.63,52.5,54.38,54.38,55,25.63,160,7/7/25 11:42,10,4,2.5,1.25,0.5,57,30,45,15,18,-0.01,0.6048,0.14,1.28,1.24,65,81.88,72.5,91.25,89.38,9,4,27.5,117,-0.68,0.5,34.38,106,-0.58,4,47.5,85,-0.4,0,98.75,3,-0.1,0,98.75,3,-0.1,0,98.75,3,-0.11,0.5,68.13,52,0.48,0,98.75,3,-0.11,0,98.75,3,-0.09,0,98.75,3,-0.11,0,98.75,3,-0.09,0,98.75,3,-0.11,11,0,0
AAD2023.09.02768,537217,37861,61,"California State University, Long Beach","Educational Leadership, Department of",Educational Leadership and Administration,13,68,22,115,6,114,3.67,106,85,119,4,130,0.67,143,0,74,0,74,0,74,1,131,1,121,7,85,4,74,17,14,0,27,22,0.31,-0.2,91,43.75,0.54,-0.32,96,40.63,0.46,-1.34,139,13.75,1.69,-0.89,127,21.25,0.31,-1.64,147,8.75,6.54,-0.66,126,21.88,3.86,-0.77,123,23.75,0,-0.67,74,54.38,0,-0.6,74,54.38,0,-0.55,74,54.38,0,-0.28,74,54.38,0.08,-0.95,144,10.63,0.08,-1.14,142,11.88,-0.9,136,15.63,-0.72,-0.23,-0.8,-0.6,-0.61,-0.5,-1.133,-0.61,-0.38,-0.58,-0.4,-0.49,-0.61,-0.13,25,54.38,19.38,54.38,29.38,34.38,11.25,18.75,47.5,26.25,54.38,54.38,28.75,58.13,160,7/7/25 11:42,4,2,2,0.31,0.15,96,55,93,106,112,-0.56,0.1601,-0.47,-0.52,-0.68,40.63,66.25,42.5,34.38,30.63,9,7,40.63,96,-0.44,0.54,35,105,-0.51,4,47.5,85,-0.4,0,98.75,3,-0.1,0,98.75,3,-0.1,0,98.75,3,-0.11,0.31,35.63,104,-0.46,0,98.75,3,-0.11,0,98.75,3,-0.09,0,98.75,3,-0.11,0,98.75,3,-0.09,0,98.75,3,-0.11,11,0,0
AAD2023.09.02768,537881,37909,61,Kennesaw State University,"Educational Leadership, Department of",Educational Leadership and Administration,8,120,16,128,6,114,2.67,128,61,127,7,88,1,1,0,74,0,74,0,74,1,131,1,121,3,123,3,86,17,14,0,27,22,0.38,0.12,67,58.75,0.38,-0.5,116,28.13,0.75,-0.05,104,35.63,2,-0.77,120,25.63,0.88,0.64,44,73.13,7.63,-0.63,121,25,3.81,-0.79,125,22.5,0,-0.67,74,54.38,0,-0.6,74,54.38,0,-0.55,74,54.38,0,-0.28,74,54.38,0.13,-0.87,135,16.25,0.13,-0.93,129,20,-0.5,115,28.75,-0.72,-0.46,-0.44,-0.6,-0.61,-0.89,0.6242,-0.61,-0.68,-0.61,-0.4,-0.49,-0.7,-0.7,25,46.88,45.63,54.38,29.38,20.63,100,18.75,23.75,21.25,54.38,54.38,20.63,25.63,160,7/7/25 11:42,1,1,1,0.13,0.13,114,120,128,134,126,-0.84,-0.7294,-0.78,-0.87,-0.84,29.38,25.63,20.63,16.88,21.88,9,5,33.75,107,-0.6,0.63,43.75,91,-0.36,3,31.87,110,-0.6,0,98.75,3,-0.1,0,98.75,3,-0.1,0,98.75,3,-0.11,0.38,49.38,82,-0.13,0,98.75,3,-0.11,0,98.75,3,-0.09,0,98.75,3,-0.11,0,98.75,3,-0.09,0,98.75,3,-0.11,11,0,0
AAD2023.09.02768,180,38316,61,Sam Houston State University,"Educational Leadership, Department of",Educational Leadership and Administration,13,68,61,61,11,58,5.55,59,157,102,10,62,0.83,125,0,74,0,74,0,74,0,148,0,148,9,71,5,56,17,14,0,27,22,0.38,0.17,60,63.13,0.69,-0.16,77,52.5,0.85,0.38,71,56.25,4.69,0.26,59,63.75,0.77,0.21,94,41.88,12.08,-0.53,109,32.5,2.57,-1.07,136,15.63,0,-0.67,74,54.38,0,-0.6,74,54.38,0,-0.55,74,54.38,0,-0.28,74,54.38,0,-1.07,148,8.13,0,-1.47,148,8.13,-0.4,106,34.38,-0.89,0,-0.08,-0.6,-0.02,0.25,-0.2544,-0.67,-0.23,-0.49,-0.4,-0.49,-0.01,-0.13,8.13,65.63,61.88,54.38,64.38,63.75,22.5,8.13,56.25,36.88,54.38,54.38,62.5,58.13,160,7/7/25 11:42,2,3,0.67,0.15,0.23,73,143,115,129,90,-0.28,-1.0229,-0.68,-0.82,-0.26,55,11.25,28.75,20,44.38,9,2,15,137,-0.84,0.15,10,145,-1.18,1,13.13,140,-1,0,98.75,3,-0.1,0,98.75,3,-0.1,0,98.75,3,-0.11,0.08,6.25,151,-1.58,0,98.75,3,-0.11,0,98.75,3,-0.09,0,98.75,3,-0.11,0,98.75,3,-0.09,0,98.75,3,-0.11,11,0,0
AAD2023.09.02768,525,38827,61,James Madison University,"Learning, Technology and Leadership Education, Department of",Educational Leadership and Administration,14,51,16,128,7,92,2.29,137,95,116,7,88,1,1,2,24,2,28,157684,66,3,103,2,99,6,93,4,74,17,14,0,27,22,0.29,-0.31,95,41.25,0.43,-0.44,106,34.38,0.5,-1.16,135,16.25,1.14,-1.1,140,13.13,0.5,-0.87,127,21.25,6.79,-0.65,125,22.5,5.94,-0.29,97,40,0.14,0.77,29,82.5,0.14,0.34,36,78.13,11263.14,-0.42,66,59.38,78842,-0.21,70,56.88,0.21,-0.72,120,25.63,0.14,-0.85,120,25.63,-0.8,129,20,-0.55,-0.23,-0.44,0.54,-0.49,-1.04,0.6242,-0.48,-0.45,-0.57,-0.33,0.13,-0.7,-0.02,38.75,54.38,45.63,85.63,43.13,15,100,36.25,42.5,28.13,59.38,83.13,20.63,68.75,160,7/7/25 11:42,4,1,4,0.29,0.07,114,5,93,108,139,-0.84,1.939,-0.47,-0.57,-1.14,29.38,97.5,42.5,33.13,13.75,9,8,46.88,86,-0.36,0.57,40,97,-0.46,4,47.5,85,-0.4,0,98.75,3,-0.1,0,98.75,3,-0.1,0,98.75,3,-0.11,0.29,32.5,109,-0.56,0,98.75,3,-0.11,0,98.75,3,-0.09,0,98.75,3,-0.11,0,98.75,3,-0.09,0,98.75,3,-0.11,11,0,0
AAD2023.09.02768,219,39837,61,Texas Christian University,"Education Leadership and Higher Education, Department of",Educational Leadership and Administration,5,150,26,105,5,128,5.2,67,249,92,5,121,1,1,0,74,0,74,0,74,5,80,3,78,10,64,5,56,17,14,0,27,22,1,3.13,1,100,2,1.23,7,96.25,1,1.07,1,100,5.2,0.46,49,70,1,1.14,1,100,49.8,0.34,38,76.88,9.58,0.55,42,74.38,0,-0.67,74,54.38,0,-0.6,74,54.38,0,-0.55,74,54.38,0,-0.28,74,54.38,1,0.57,32,80.63,0.6,1.15,25,85,0.8,9,95,-0.38,0,-0.68,-0.6,-0.73,0.11,0.6242,-0.36,-0.15,-0.39,-0.4,-0.49,-0.54,-1.04,51.88,65.63,25,54.38,20.63,58.75,100,50.63,60.63,43.13,54.38,54.38,35,6.88,160,7/7/25 11:42,2,2,1,0.4,0.4,96,120,115,88,38,-0.56,-0.7294,-0.68,-0.35,0.68,40.63,25.63,28.75,45.63,76.88,9,10,56.25,71,-0.2,2,96.25,7,2.02,5,59.38,66,-0.2,0,98.75,3,-0.1,0,98.75,3,-0.1,0,98.75,3,-0.11,1,100,1,2.91,0,98.75,3,-0.11,0,98.75,3,-0.09,0,98.75,3,-0.11,0,98.75,3,-0.09,0,98.75,3,-0.11,11,0,0
AAD2023.09.02768,72,39868,61,Florida International University,"Educational Policy Studies, Department of",Educational Leadership and Administration,10,100,56,67,9,72,6.22,45,456,64,10,62,1,1,0,74,0,74,0,74,8,58,5,53,16,36,6,47,17,14,0,27,22,0.6,1.2,19,88.75,1.6,0.8,12,93.13,0.9,0.62,49,70,5.6,0.61,39,76.25,1,1.14,1,100,45.6,0.25,42,74.38,8.14,0.22,62,61.88,0,-0.67,74,54.38,0,-0.6,74,54.38,0,-0.55,74,54.38,0,-0.28,74,54.38,0.8,0.24,46,71.88,0.5,0.71,36,78.13,0.3,43,73.75,-0.03,0.22,-0.08,-0.6,-0.26,0.51,0.6242,-0.17,0.3,-0.15,-0.4,-0.49,-0.09,-0.47,67.5,71.25,61.88,54.38,55.63,72.5,100,64.38,78.13,60.63,54.38,54.38,58.75,38.13,160,7/7/25 11:42,5,3,1.67,0.5,0.3,73,79,81,69,62,-0.28,-0.1334,-0.37,-0.16,0.13,55,51.25,50,57.5,61.88,9,14,69.37,50,0.12,1.4,84.38,26,0.98,4,47.5,85,-0.4,0,98.75,3,-0.1,0,98.75,3,-0.1,0,98.75,3,-0.11,0.4,53.13,76,-0.01,0,98.75,3,-0.11,0,98.75,3,-0.09,0,98.75,3,-0.11,0,98.75,3,-0.09,0,98.75,3,-0.11,11,0,0
AAD2023.09.02768,264,39904,61,University of Colorado at Colorado Springs,"Leadership, Research, and Foundations, Department of",Educational Leadership and Administration,8,120,57,66,8,85,7.13,31,399,71,8,80,1,1,1,39,1,44,506085,48,4,90,3,78,0,148,0,148,17,14,0,27,22,0,-1.69,148,8.13,0,-0.89,148,8.13,1,1.07,1,100,7.13,1.2,16,90.63,1,1.14,1,100,49.88,0.35,37,77.5,7,-0.05,78,51.88,0.13,0.59,34,79.38,0.13,0.22,41,75,63260.63,0.17,39,76.25,506085,0.18,27,83.75,0.5,-0.25,74,54.38,0.38,0.17,58,64.38,0.5,26,84.38,-0.38,-1.14,-0.32,-0.03,-0.38,0.87,0.6242,-0.42,-0.9,-0.21,-0.18,-0.18,-0.07,-0.7,51.88,8.13,50.63,76.25,47.5,81.25,100,44.38,8.13,56.25,70.63,73.13,59.38,25.63,160,7/7/25 11:42,11,5,2.2,1.38,0.63,41,46,36,12,7,0.27,0.338,0.24,1.51,1.93,75,71.88,78.13,93.13,96.25,9,5,33.75,107,-0.6,0.63,43.75,91,-0.36,4,47.5,85,-0.4,0,98.75,3,-0.1,0,98.75,3,-0.1,0,98.75,3,-0.11,0.5,68.13,52,0.48,0,98.75,3,-0.11,0,98.75,3,-0.09,0,98.75,3,-0.11,0,98.75,3,-0.09,0,98.75,3,-0.11,11,0,0
AAD2023.09.02768,365,39990,61,Wichita State University,"Intervention Services & Leadership in Education, Department of",Educational Leadership and Administration,19,29,26,105,15,38,1.73,148,78,121,12,49,0.75,138,0,74,0,74,0,74,2,117,1,121,3,123,1,134,17,14,0,27,22,0.05,-1.43,146,9.38,0.16,-0.73,138,14.38,0.79,0.13,91,43.75,1.37,-1.01,137,15,0.63,-0.34,114,29.38,4.11,-0.71,133,17.5,3,-0.97,133,17.5,0,-0.67,74,54.38,0,-0.6,74,54.38,0,-0.55,74,54.38,0,-0.28,74,54.38,0.11,-0.9,141,12.5,0.05,-1.24,145,10,-0.8,129,20,-0.72,-0.91,0.16,-0.6,0.45,-1.26,-0.6937,-0.55,-0.68,-0.59,-0.4,-0.49,-0.54,0.54,25,16.88,70,54.38,76.88,8.13,14.38,27.5,23.75,25,54.38,54.38,35,82.5,160,7/7/25 11:42,11,6,1.83,0.58,0.32,33,72,36,64,59,0.54,0.0089,0.24,-0.01,0.22,80,55.63,78.13,60.63,63.75,9,5,33.75,107,-0.6,0.26,17.5,133,-0.99,5,59.38,66,-0.2,0,98.75,3,-0.1,0,98.75,3,-0.1,0,98.75,3,-0.11,0.26,25,121,-0.67,0,98.75,3,-0.11,0,98.75,3,-0.09,0,98.75,3,-0.11,0,98.75,3,-0.09,0,98.75,3,-0.11,11,0,0
AAD2023.09.02768,395,40011,61,Texas Southern University,"Educational Administration and Foundations, Department of",Educational Leadership and Administration,9,107,3,155,2,149,1.5,150,21,141,1,155,0.5,152,1,39,1,44,123446,69,0,148,0,148,1,140,1,134,17,14,0,27,22,0.11,-1.15,139,13.75,0.11,-0.78,145,10,0.22,-2.41,154,4.38,0.33,-1.41,157,2.5,0.11,-2.43,156,3.13,2.33,-0.76,142,11.88,7,-0.05,78,51.88,0.11,0.45,40,75.63,0.11,0.13,46,71.88,13716.22,-0.39,62,61.88,123446,-0.17,67,58.75,0,-1.07,148,8.13,0,-1.47,148,8.13,-1.2,156,3.13,-0.89,-0.91,-1.16,-0.03,-1.09,-1.35,-2.0116,-0.67,-0.83,-0.65,-0.35,-0.18,-0.89,-0.58,8.13,16.88,3.75,76.25,7.5,6.88,5.63,8.13,13.13,12.5,57.5,73.13,3.75,33.75,160,7/7/25 11:42,1,1,1,0.11,0.11,114,120,128,136,130,-0.84,-0.7294,-0.78,-0.9,-0.92,29.38,25.63,20.63,15.63,19.38,9,1,10,145,-0.92,0.11,8.13,148,-1.25,1,13.13,140,-1,0,98.75,3,-0.1,0,98.75,3,-0.1,0,98.75,3,-0.11,0.11,8.75,147,-1.41,0,98.75,3,-0.11,0,98.75,3,-0.09,0,98.75,3,-0.11,0,98.75,3,-0.09,0,98.75,3,-0.11,11,0,0
AAD2023.09.02768,399,40039,61,University of North Carolina Wilmington,"Educational Leadership, Department of",Educational Leadership and Administration,14,51,38,85,12,52,3.17,117,572,49,10,62,0.83,125,0,74,0,74,0,74,11,45,5,53,7,85,6,47,17,14,0,27,22,0.43,0.38,53,67.5,0.5,-0.36,99,38.75,0.86,0.43,66,59.38,2.71,-0.5,105,35,0.71,-0.01,102,36.88,40.86,0.14,54,66.88,15.05,1.82,9,95,0,-0.67,74,54.38,0,-0.6,74,54.38,0,-0.55,74,54.38,0,-0.28,74,54.38,0.79,0.22,49,70,0.36,0.09,68,58.13,-0.3,95,41.25,-0.03,0.22,-0.08,-0.6,0.1,-0.69,-0.2544,0.02,-0.38,-0.01,-0.4,-0.49,-0.36,-0.02,67.5,71.25,61.88,54.38,68.13,27.5,22.5,72.5,47.5,70,54.38,54.38,47.5,68.75,160,7/7/25 11:42,7,1,7,0.5,0.07,114,1,66,69,139,-0.84,4.6075,-0.17,-0.16,-1.14,29.38,100,59.38,57.5,13.75,9,5,33.75,107,-0.6,0.36,22.5,125,-0.83,4,47.5,85,-0.4,0,98.75,3,-0.1,0,98.75,3,-0.1,0,98.75,3,-0.11,0.29,32.5,109,-0.56,0,98.75,3,-0.11,0,98.75,3,-0.09,0,98.75,3,-0.11,0,98.75,3,-0.09,0,98.75,3,-0.11,11,0,0
AAD2023.09.02768,158,40476,61,Oklahoma State University,Educational Leadership Program,Educational Leadership and Administration,23,20,110,23,19,22,5.79,52,1065,22,20,18,0.91,91,1,39,1,44,188600,64,11,45,6,44,17,34,13,5,17,14,0,27,22,0.57,1.03,25,85,0.74,-0.11,73,55,0.83,0.29,79,51.25,4.78,0.3,58,64.38,0.87,0.61,53,67.5,46.3,0.26,41,75,9.68,0.58,38,76.88,0.04,-0.23,68,58.13,0.04,-0.32,68,58.13,8200,-0.45,71,56.25,188600,-0.11,62,61.88,0.48,-0.29,81,50,0.26,-0.33,95,41.25,0.2,52,68.13,0.14,1.81,1.12,-0.03,0.93,0.34,0.1449,0.02,0.38,0.57,-0.32,-0.18,0.74,0.99,73.13,97.5,89.38,76.25,86.88,68.13,43.75,72.5,79.38,86.88,60.63,73.13,86.25,88.13,160,7/7/25 11:42,20,8,2.5,0.87,0.35,19,30,15,37,52,1.09,0.6048,1.16,0.55,0.39,88.75,81.88,91.25,77.5,68.13,9,15,71.25,47,0.2,0.65,45.63,88,-0.32,7,71.25,47,0.21,0,98.75,3,-0.1,0,98.75,3,-0.1,0,98.75,3,-0.11,0.3,34.38,106,-0.47,0,98.75,3,-0.11,0,98.75,3,-0.09,0,98.75,3,-0.11,0,98.75,3,-0.09,0,98.75,3,-0.11,11,0,0