"releasename","institutionid","unitid","comparisongroupid","institutionname","unitname","comparisongroupname","facultycount","facultycount_rank","articlecount","articlecount_rank","articlefacultycount","articlefacultycount_rank","articlecountperauthor","articlecountperauthor_rank","citationcount","citationcount_rank","citationfacultycount","citationfacultycount_rank","pctofauthorwithcitation","pctofauthorwithcitation_rank","grantfacultycount","grantfacultycount_rank","grantcount","grantcount_rank","grantdollars","grantdollars_rank","awardcount","awardcount_rank","awardfacultycount","awardfacultycount_rank","bookcount","bookcount_rank","bookfacultycount","bookfacultycount_rank","awardsweight","grantsweight","booksweight","citationsweight","articlesweight","pctoffacwithbook","pctoffacwithbook_zscore","pctoffacwithbook_rank","pctoffacwithbook_pct","bookcountperfaculty","bookcountperfaculty_zscore","bookcountperfaculty_rank","bookcountperfaculty_pct","pctoffacwitharticle","pctoffacwitharticle_zscore","pctoffacwitharticle_rank","pctoffacwitharticle_pct","articlecountperfaculty","articlecountperfaculty_zscore","articlecountperfaculty_rank","articlecountperfaculty_pct","pctoffacwithcitation","pctoffacwithcitation_zscore","pctoffacwithcitation_rank","pctoffacwithcitation_pct","citationcountperfaculty","citationcountperfaculty_zscore","citationcountperfaculty_rank","citationcountperfaculty_pct","citationcountperarticle","citationcountperarticle_zscore","citationcountperarticle_rank","citationcountperarticle_pct","pctoffacwithgrant","pctoffacwithgrant_zscore","pctoffacwithgrant_rank","pctoffacwithgrant_pct","grantcountperfaculty","grantcountperfaculty_zscore","grantcountperfaculty_rank","grantcountperfaculty_pct","grantdollarsperfaculty","grantdollarsperfaculty_zscore","grantdollarsperfaculty_rank","grantdollarsperfaculty_pct","dollarspergrant","dollarspergrant_zscore","dollarspergrant_rank","dollarspergrant_pct","awardcountperfaculty","awardcountperfaculty_zscore","awardcountperfaculty_rank","awardcountperfaculty_pct","pctoffacwithaward","pctoffacwithaward_zscore","pctoffacwithaward_rank","pctoffacwithaward_pct","sri","sri_rank","sri_pct","awardfacultycount_zscore","bookfacultycount_zscore","citationfacultycount_zscore","grantfacultycount_zscore","articlefacultycount_zscore","articlecountperauthor_zscore","pctofauthorwithcitation_zscore","awardcount_zscore","bookcount_zscore","citationcount_zscore","grantdollars_zscore","grantcount_zscore","articlecount_zscore","facultycount_zscore","awardfacultycount_pct","bookfacultycount_pct","citationfacultycount_pct","grantfacultycount_pct","articlefacultycount_pct","articlecountperauthor_pct","pctofauthorwithcitation_pct","awardcount_pct","bookcount_pct","citationcount_pct","grantdollars_pct","grantcount_pct","articlecount_pct","facultycount_pct","unitsincomparisongroup","createddate","confproccount","confprocfacultycount","confproccountperauthor","confproccountperfaculty","pctoffacwithconfproc","confprocfacultycount_rank","confproccountperauthor_rank","confproccount_rank","confproccountperfaculty_rank","pctoffacwithconfproc_rank","confprocfacultycount_zscore","confproccountperauthor_zscore","confproccount_zscore","confproccountperfaculty_zscore","pctoffacwithconfproc_zscore","confprocfacultycount_pct","confproccountperauthor_pct","confproccount_pct","confproccountperfaculty_pct","pctoffacwithconfproc_pct","confprocweight","chaptercount","chaptercount_pct","chaptercount_rank","chaptercount_zscore","chaptercountperfaculty","chaptercountperfaculty_pct","chaptercountperfaculty_rank","chaptercountperfaculty_zscore","chapterfacultycount","chapterfacultycount_pct","chapterfacultycount_rank","chapterfacultycount_zscore","patentcount","patentcount_pct","patentcount_rank","patentcount_zscore","patentcountperfaculty","patentcountperfaculty_pct","patentcountperfaculty_rank","patentcountperfaculty_zscore","patentfacultycount","patentfacultycount_pct","patentfacultycount_rank","patentfacultycount_zscore","pctoffacwithchapter","pctoffacwithchapter_pct","pctoffacwithchapter_rank","pctoffacwithchapter_zscore","pctoffacwithpatent","pctoffacwithpatent_pct","pctoffacwithpatent_rank","pctoffacwithpatent_zscore","pctoffacwithtrial","pctoffacwithtrial_pct","pctoffacwithtrial_rank","pctoffacwithtrial_zscore","trialcount","trialcount_pct","trialcount_rank","trialcount_zscore","trialcountperfaculty","trialcountperfaculty_pct","trialcountperfaculty_rank","trialcountperfaculty_zscore","trialfacultycount","trialfacultycount_pct","trialfacultycount_rank","trialfacultycount_zscore","chaptersweight","patentsweight","trialsweight"
"AAD2023.06.02752","103","105","114","Kansas State University","Mathematics, Department of","Mathematics","28","104.0000","121","147.0000","26","89.0000","4.6500","219.0000","735","168.0000","25","88.0000","0.9600","146.0000","11","97.0000","22","95.0000","2945217.0000","119.0000","25","90.0000","15","75.0000","4","156.0000","4","107.0000","17","23","7","18","17","0.1400","-0.0200","151.0000","55.6200","0.1400","-0.3800","196.0000","42.3100","0.9300","0.7700","78.0000","77.2200","4.3200","-0.2100","186.0000","45.2700","0.8900","0.6900","98.0000","71.3000","26.2500","-0.3000","197.0000","42.0100","6.0700","-0.1900","204.0000","39.9400","0.3900","0.4000","108.0000","68.3400","0.7900","0.3200","97.0000","71.6000","105186.3200","-0.2100","143.0000","57.9900","133873.5000","-0.3000","208.0000","38.7600","0.8900","0.0800","95.0000","72.1900","0.5400","0.8400","74.0000","78.4000","-0.1000","132.0000","61.2400","0.3900","-0.0100","0.3600","0.1600","0.3900","-0.3700","0.3937","-0.0500","-0.3300","-0.2800","-0.2200","0.1000","-0.1500","0.2600","78.1100","68.6400","74.2600","71.6000","73.9600","35.5000","57.1000","73.6700","54.1400","50.5900","65.0900","72.1900","56.8000","69.5300","338","4/1/2025 16:37","2","2","1.0000","0.0700","0.0700","192.0000","206.0000","225.0000","264.0000","254.0000","-0.5000","-0.5345","-0.4000","-0.6100","-0.7500","43.4900","39.3500","33.7300","22.1900","25.1500","12","5","75.7400","83.0000","0.3100","0.1800","73.0800","92.0000","0.2200","3","72.1900","95.0000","0.1300","0","73.0800","92.0000","-0.1800","0.0000","73.0800","92.0000","-0.2900","0","73.0800","92.0000","-0.3500","0.1100","59.4700","138.0000","0.1500","0.0000","73.0800","92.0000","-0.4600","0.0000","99.1100","4.0000","-0.0900","0","99.1100","4.0000","-0.0900","0.0000","99.1100","4.0000","-0.0900","0","99.1100","4.0000","-0.0900","6","0","0"
"AAD2023.06.02752","105","130","114","Lehigh University","Mathematics, Department of","Mathematics","24","138.0000","117","152.0000","21","129.0000","5.5700","180.0000","818","159.0000","19","142.0000","0.9000","221.0000","8","124.0000","12","136.0000","2103998.0000","145.0000","17","119.0000","8","128.0000","8","89.0000","3","131.0000","17","23","7","18","17","0.1300","-0.1700","174.0000","48.8200","0.3300","0.3000","96.0000","71.8900","0.8800","0.5100","134.0000","60.6500","4.8800","-0.0400","173.0000","49.1100","0.7900","0.2500","179.0000","47.3400","34.0800","-0.2200","172.0000","49.4100","6.9900","-0.1500","167.0000","50.8900","0.3300","0.1600","129.0000","62.1300","0.5000","-0.1400","143.0000","57.9900","87666.5800","-0.2800","153.0000","55.0300","175333.1700","-0.1300","165.0000","51.4800","0.7100","-0.0800","117.0000","65.6800","0.3300","0.0700","134.0000","60.6500","-0.3000","176.0000","48.2200","-0.1600","-0.2200","-0.0200","-0.1100","0.0700","-0.1300","0.0872","-0.2000","0.1700","-0.2500","-0.3100","-0.2700","-0.1800","0.0100","62.4300","61.5400","58.2800","63.6100","62.1300","47.0400","34.9100","65.0900","73.9600","53.2500","57.4000","60.0600","55.3300","59.4700","338","4/1/2025 16:37","3","1","3.0000","0.1300","0.0400","232.0000","47.0000","199.0000","233.0000","278.0000","-0.7100","0.7813","-0.3600","-0.5100","-0.9700","31.6600","86.3900","41.4200","31.3600","18.0500","12","8","86.9800","45.0000","0.9900","0.3300","93.4900","23.0000","1.0500","2","60.9500","133.0000","-0.2100","0","73.0800","92.0000","-0.1800","0.0000","73.0800","92.0000","-0.2900","0","73.0800","92.0000","-0.3500","0.0800","49.7000","171.0000","-0.1200","0.0000","73.0800","92.0000","-0.4600","0.0000","99.1100","4.0000","-0.0900","0","99.1100","4.0000","-0.0900","0.0000","99.1100","4.0000","-0.0900","0","99.1100","4.0000","-0.0900","6","0","0"
"AAD2023.06.02752","109","176","114","Louisiana State University","Mathematics, Department of","Mathematics","53","23.0000","372","33.0000","49","25.0000","7.5900","92.0000","2059","75.0000","48","24.0000","0.9800","117.0000","25","36.0000","50","43.0000","8215100.0000","65.0000","46","55.0000","20","49.0000","8","89.0000","8","51.0000","17","23","7","18","17","0.1500","0.0500","149.0000","56.2100","0.1500","-0.3600","195.0000","42.6000","0.9200","0.7500","82.0000","76.0400","7.0200","0.6100","92.0000","73.0800","0.9100","0.7400","88.0000","74.2600","38.8500","-0.1800","155.0000","54.4400","5.5300","-0.2100","225.0000","33.7300","0.4700","0.7300","83.0000","75.7400","0.9400","0.5700","82.0000","76.0400","155001.8900","0.0200","109.0000","68.0500","164302.0000","-0.1700","178.0000","47.6300","0.8700","0.0600","100.0000","70.7100","0.3800","0.2400","122.0000","64.2000","0.2000","74.0000","78.4000","0.7800","0.8600","1.8500","1.3900","1.8800","0.4000","0.4912","0.3400","0.1700","0.0900","0.3500","1.1100","1.5200","1.8300","85.8000","85.2100","93.2000","89.6500","92.9000","73.0800","65.6800","84.0200","73.9600","78.1100","81.0700","87.5700","90.5300","93.4900","338","4/1/2025 16:37","20","8","2.5000","0.3800","0.1500","50.0000","80.0000","48.0000","132.0000","173.0000","0.7200","0.4523","0.3800","-0.0600","-0.1600","85.5000","76.6300","86.0900","61.2400","49.1100","12","8","86.9800","45.0000","0.9900","0.1500","65.9800","116.0000","0.0700","7","92.0100","28.0000","1.4900","1","82.2500","61.0000","-0.0900","0.0200","74.2600","88.0000","-0.1800","1","90.5300","33.0000","0.3200","0.1300","67.4600","111.0000","0.4300","0.0200","76.0400","82.0000","0.0600","0.0000","99.1100","4.0000","-0.0900","0","99.1100","4.0000","-0.0900","0.0000","99.1100","4.0000","-0.0900","0","99.1100","4.0000","-0.0900","6","0","0"
"AAD2023.06.02752","137","340","114","Montana State University","Mathematical Sciences, Department of","Mathematics","30","89.0000","152","120.0000","27","83.0000","5.6300","177.0000","1394","112.0000","25","88.0000","0.9300","201.0000","11","97.0000","17","107.0000","5046948.0000","90.0000","14","134.0000","10","111.0000","3","179.0000","4","107.0000","17","23","7","18","17","0.1300","-0.1000","166.0000","51.1800","0.1000","-0.5400","222.0000","34.6200","0.9000","0.6300","111.0000","67.4600","5.0700","0.0200","163.0000","52.0700","0.8300","0.4300","148.0000","56.5100","46.4700","-0.1000","135.0000","60.3600","9.1700","-0.0500","110.0000","67.7500","0.3700","0.3000","121.0000","64.5000","0.5700","-0.0400","127.0000","62.7200","168231.6000","0.0800","99.0000","71.0100","296879.2900","0.4000","59.0000","82.8400","0.4700","-0.2800","162.0000","52.3700","0.3300","0.0700","134.0000","60.6500","-0.1000","132.0000","61.2400","0.0000","-0.0100","0.3600","0.1600","0.4600","-0.1100","0.2015","-0.2600","-0.4600","-0.0900","0.0100","-0.0900","0.0500","0.3800","67.4600","68.6400","74.2600","71.6000","75.7400","47.9300","40.8300","60.6500","47.3400","67.1600","73.6700","68.6400","64.7900","73.9600","338","4/1/2025 16:37","16","4","4.0000","0.5300","0.1300","131.0000","20.0000","63.0000","81.0000","189.0000","-0.0900","1.4392","0.2000","0.2200","-0.2900","61.5400","94.3800","81.6600","76.3300","44.3800","12","3","63.6100","124.0000","-0.1400","0.1000","50.0000","170.0000","-0.2000","3","72.1900","95.0000","0.1300","2","88.1700","41.0000","0.0100","0.0700","84.9100","52.0000","0.0900","1","90.5300","33.0000","0.3200","0.1000","56.8000","147.0000","0.0700","0.0300","82.8400","59.0000","0.4500","0.0000","99.1100","4.0000","-0.0900","0","99.1100","4.0000","-0.0900","0.0000","99.1100","4.0000","-0.0900","0","99.1100","4.0000","-0.0900","6","0","0"
"AAD2023.06.02752","142","350","114","New Mexico Institute of Mining and Technology","Mathematics, Department of","Mathematics","11","265.0000","97","170.0000","8","251.0000","12.1300","11.0000","1556","99.0000","10","227.0000","1.0000","1.0000","0","285.0000","0","285.0000","0.0000","285.0000","4","211.0000","3","195.0000","4","156.0000","2","171.0000","17","23","7","18","17","0.1800","0.3100","115.0000","66.2700","0.3600","0.4100","86.0000","74.8500","0.7300","-0.2200","232.0000","31.6600","8.8200","1.1600","32.0000","90.8300","0.9100","0.7600","78.0000","77.2200","141.4500","0.8000","22.0000","93.7900","16.0400","0.2700","34.0000","90.2400","0.0000","-1.2000","285.0000","15.9800","0.0000","-0.9600","285.0000","15.9800","0.0000","-0.6800","285.0000","15.9800","0.0000","-0.8800","285.0000","15.9800","0.3600","-0.3700","175.0000","48.5200","0.2700","-0.1600","158.0000","53.5500","-0.2000","155.0000","54.4400","-0.5500","-0.4400","-0.6000","-0.8100","-0.7700","1.6000","0.6014","-0.4400","-0.3300","-0.0500","-0.5400","-0.7000","-0.3100","-0.8100","42.6000","49.7000","33.1400","15.9800","26.0400","97.0400","100.0000","37.8700","54.1400","71.0100","15.9800","15.9800","50.0000","21.8900","338","4/1/2025 16:37","1","1","1.0000","0.0900","0.0900","232.0000","206.0000","247.0000","248.0000","235.0000","-0.7100","-0.5345","-0.4400","-0.5700","-0.6000","31.6600","39.3500","27.2200","26.9200","30.7700","12","0","28.9900","241.0000","-0.8300","0.0000","28.9900","241.0000","-0.7400","0","28.9900","241.0000","-0.9000","0","73.0800","92.0000","-0.1800","0.0000","73.0800","92.0000","-0.2900","0","73.0800","92.0000","-0.3500","0.0000","28.9900","241.0000","-1.0600","0.0000","73.0800","92.0000","-0.4600","0.0000","99.1100","4.0000","-0.0900","0","99.1100","4.0000","-0.0900","0.0000","99.1100","4.0000","-0.0900","0","99.1100","4.0000","-0.0900","6","0","0"
"AAD2023.06.02752","146","387","114","New York University","Mathematics, Department of","Mathematics","68","6.0000","768","2.0000","65","4.0000","11.8200","15.0000","13257","7.0000","65","3.0000","0.9800","113.0000","43","6.0000","107","3.0000","50482884.0000","4.0000","275","4.0000","58","3.0000","29","9.0000","21","3.0000","17","23","7","18","17","0.3100","1.3600","30.0000","91.4200","0.4300","0.6300","63.0000","81.6600","0.9600","0.9100","52.0000","84.9100","11.2900","1.9200","11.0000","97.0400","0.9600","0.9600","34.0000","90.2400","194.9600","1.3100","16.0000","95.5600","17.2600","0.3300","30.0000","91.4200","0.6300","1.3800","42.0000","87.8700","1.5700","1.6000","34.0000","90.2400","742395.3500","2.6700","8.0000","97.9300","471802.6500","1.1600","26.0000","92.6000","4.0400","2.7500","9.0000","97.6300","0.8500","2.0600","13.0000","96.4500","1.1000","5.0000","98.8200","3.7500","3.6600","2.9400","2.9800","2.9200","1.5200","0.5183","4.5900","2.7800","3.1700","4.9200","3.1900","4.1700","2.7700","99.4100","99.4100","99.4100","98.5200","99.1100","95.8600","66.8600","99.1100","97.6300","98.2200","99.1100","99.4100","99.7000","98.5200","338","4/1/2025 16:37","41","15","2.7300","0.6000","0.2200","9.0000","73.0000","12.0000","68.0000","109.0000","2.1600","0.6036","1.2900","0.3500","0.3600","97.6300","78.7000","96.7500","80.1800","68.0500","12","7","85.5000","50.0000","0.7600","0.1000","50.3000","169.0000","-0.1900","6","89.6400","36.0000","1.1500","18","98.8200","5.0000","1.5300","0.2600","94.9700","18.0000","1.2400","4","97.9300","8.0000","2.3500","0.0900","50.3000","169.0000","-0.0700","0.0600","89.3500","37.0000","1.1400","0.0000","99.1100","4.0000","-0.0900","0","99.1100","4.0000","-0.0900","0.0000","99.1100","4.0000","-0.0900","0","99.1100","4.0000","-0.0900","6","0","0"
"AAD2023.06.02752","148","431","114","North Carolina State University","Mathematics, Department of","Mathematics","53","23.0000","498","11.0000","52","17.0000","9.5800","37.0000","5356","21.0000","52","19.0000","1.0000","1.0000","36","18.0000","61","30.0000","13618673.0000","37.0000","56","45.0000","29","30.0000","13","55.0000","12","23.0000","17","23","7","18","17","0.2300","0.6800","79.0000","76.9200","0.2500","-0.0200","140.0000","58.8800","0.9800","1.0300","24.0000","93.2000","9.4000","1.3400","23.0000","93.4900","0.9800","1.0700","17.0000","95.2700","101.0600","0.4200","38.0000","89.0500","10.7600","0.0300","80.0000","76.6300","0.6800","1.5700","34.0000","90.2400","1.1500","0.9100","64.0000","81.3600","256956.0900","0.4800","63.0000","81.6600","223256.9300","0.0800","108.0000","68.3400","1.0600","0.2200","79.0000","76.9200","0.5500","0.8900","68.0000","80.1800","0.7000","18.0000","94.9700","1.4800","1.7200","2.1000","2.3600","2.0800","0.9300","0.6014","0.5200","0.7900","1.0000","0.9300","1.5100","2.3600","1.8300","91.4200","93.4900","94.6700","94.9700","95.2700","89.3500","100.0000","86.9800","84.0200","94.0800","89.3500","91.4200","97.0400","93.4900","338","4/1/2025 16:37","33","14","2.3600","0.6200","0.2600","13.0000","90.0000","19.0000","66.0000","75.0000","1.9500","0.3602","0.9400","0.3800","0.6800","96.4500","73.6700","94.6700","80.7700","78.1100","12","7","85.5000","50.0000","0.7600","0.1300","57.6900","144.0000","-0.0300","5","84.6200","53.0000","0.8100","1","82.2500","61.0000","-0.0900","0.0200","74.2600","88.0000","-0.1800","1","90.5300","33.0000","0.3200","0.0900","53.5500","158.0000","0.0000","0.0200","76.0400","82.0000","0.0600","0.0000","99.1100","4.0000","-0.0900","0","99.1100","4.0000","-0.0900","0.0000","99.1100","4.0000","-0.0900","0","99.1100","4.0000","-0.0900","6","0","0"
"AAD2023.06.02752","155","470","114","Oakland University","Mathematics and Statistics, Department of","Mathematics","27","112.0000","136","130.0000","22","117.0000","6.1800","149.0000","932","145.0000","20","135.0000","0.8700","253.0000","3","185.0000","3","211.0000","446022.0000","234.0000","3","222.0000","1","249.0000","6","121.0000","3","131.0000","17","23","7","18","17","0.1100","-0.2800","189.0000","44.3800","0.2200","-0.1000","154.0000","54.7300","0.8100","0.2100","184.0000","45.8600","5.0400","0.0100","166.0000","51.1800","0.7400","0.0300","212.0000","37.5700","34.5200","-0.2200","170.0000","50.0000","6.8500","-0.1500","174.0000","48.8200","0.1100","-0.7500","236.0000","30.4700","0.1100","-0.7800","251.0000","26.0400","16519.3300","-0.6100","249.0000","26.6300","148674.0000","-0.2400","189.0000","44.3800","0.1100","-0.5800","258.0000","23.9600","0.0400","-1.0600","288.0000","15.0900","-0.4000","189.0000","44.3800","-0.7000","-0.2200","0.0400","-0.5500","0.1300","0.0300","-0.1028","-0.4600","-0.0800","-0.2200","-0.4900","-0.5900","-0.0500","0.1900","26.6300","61.5400","60.3600","45.5600","65.6800","56.2100","25.4400","34.6200","64.5000","57.4000","31.0700","37.8700","61.8300","67.1600","338","4/1/2025 16:37","11","5","2.2000","0.4100","0.1900","106.0000","100.0000","101.0000","117.0000","139.0000","0.1100","0.2550","-0.0100","0.0000","0.1000","68.9300","70.7100","70.4100","65.6800","59.1700","12","4","70.1200","102.0000","0.0800","0.1500","64.7900","120.0000","0.0600","3","72.1900","95.0000","0.1300","0","73.0800","92.0000","-0.1800","0.0000","73.0800","92.0000","-0.2900","0","73.0800","92.0000","-0.3500","0.1100","63.0200","126.0000","0.1900","0.0000","73.0800","92.0000","-0.4600","0.0000","99.1100","4.0000","-0.0900","0","99.1100","4.0000","-0.0900","0.0000","99.1100","4.0000","-0.0900","0","99.1100","4.0000","-0.0900","6","0","0"
"AAD2023.06.02752","157","482","114","Ohio University","Mathematics, Department of","Mathematics","31","83.0000","87","177.0000","21","129.0000","4.1400","236.0000","452","208.0000","19","142.0000","0.8600","258.0000","3","185.0000","3","211.0000","2289342.0000","139.0000","5","196.0000","4","170.0000","10","70.0000","4","107.0000","17","23","7","18","17","0.1300","-0.1300","172.0000","49.4100","0.3200","0.2600","104.0000","69.5300","0.6800","-0.4600","251.0000","26.0400","2.8100","-0.6800","246.0000","27.5100","0.6100","-0.5200","254.0000","25.1500","14.5800","-0.4100","244.0000","28.1100","5.2000","-0.2300","243.0000","28.4000","0.1000","-0.8000","249.0000","26.6300","0.1000","-0.8000","261.0000","23.0800","73849.7400","-0.3500","168.0000","50.5900","763114.0000","2.4200","9.0000","97.6300","0.1600","-0.5400","246.0000","27.5100","0.1300","-0.7100","238.0000","29.8800","-0.7000","243.0000","28.4000","-0.4700","-0.0100","-0.0200","-0.5500","0.0700","-0.5000","-0.1348","-0.4300","0.4100","-0.3500","-0.2900","-0.5900","-0.3800","0.4500","50.0000","68.6400","58.2800","45.5600","62.1300","30.4700","23.9600","42.3100","79.5900","38.7600","59.1700","37.8700","47.9300","75.7400","338","4/1/2025 16:37","11","4","2.7500","0.3500","0.1300","131.0000","68.0000","101.0000","138.0000","197.0000","-0.0900","0.6168","-0.0100","-0.1000","-0.3200","61.5400","80.1800","70.4100","59.4700","42.0100","12","2","52.6600","161.0000","-0.3700","0.0600","39.0500","207.0000","-0.3900","2","60.9500","133.0000","-0.2100","0","73.0800","92.0000","-0.1800","0.0000","73.0800","92.0000","-0.2900","0","73.0800","92.0000","-0.3500","0.0600","41.1200","200.0000","-0.3300","0.0000","73.0800","92.0000","-0.4600","0.0000","99.1100","4.0000","-0.0900","0","99.1100","4.0000","-0.0900","0.0000","99.1100","4.0000","-0.0900","0","99.1100","4.0000","-0.0900","6","0","0"
"AAD2023.06.02752","158","514","114","Oklahoma State University","Mathematics, Department of","Mathematics","31","83.0000","160","108.0000","27","83.0000","5.9300","162.0000","1412","111.0000","27","81.0000","0.9300","193.0000","10","106.0000","19","102.0000","2268955.0000","140.0000","28","85.0000","14","83.0000","12","59.0000","6","73.0000","17","23","7","18","17","0.1900","0.4000","107.0000","68.6400","0.3900","0.4900","78.0000","77.2200","0.8700","0.4900","139.0000","59.1700","5.1600","0.0400","154.0000","54.7300","0.8700","0.5900","119.0000","65.0900","45.5500","-0.1100","136.0000","60.0600","8.8300","-0.0600","117.0000","65.6800","0.3200","0.1200","138.0000","59.4700","0.6100","0.0400","119.0000","65.0900","73192.1000","-0.3500","169.0000","50.3000","119418.6800","-0.3700","237.0000","30.1800","0.9000","0.0900","93.0000","72.7800","0.4500","0.5200","98.0000","71.3000","-0.2000","155.0000","54.4400","0.3100","0.4300","0.4900","0.0700","0.4600","-0.0300","0.2291","0.0000","0.6600","-0.0900","-0.2900","-0.0100","0.1100","0.4500","75.7400","78.7000","76.3300","68.9300","75.7400","52.3700","43.2000","75.1500","82.8400","67.4600","58.8800","70.1200","68.3400","75.7400","338","4/1/2025 16:37","1","1","1.0000","0.0300","0.0300","232.0000","206.0000","247.0000","285.0000","285.0000","-0.7100","-0.5345","-0.4400","-0.6800","-1.0400","31.6600","39.3500","27.2200","15.9800","15.9800","12","2","52.6600","161.0000","-0.3700","0.0600","39.0500","207.0000","-0.3900","2","60.9500","133.0000","-0.2100","1","82.2500","61.0000","-0.0900","0.0300","78.1100","75.0000","-0.1000","1","90.5300","33.0000","0.3200","0.0600","41.1200","200.0000","-0.3300","0.0300","82.2500","61.0000","0.4200","0.0000","99.1100","4.0000","-0.0900","0","99.1100","4.0000","-0.0900","0.0000","99.1100","4.0000","-0.0900","0","99.1100","4.0000","-0.0900","6","0","0"
"AAD2023.06.02752","15","563","114","Auburn University","Mathematics and Statistics, Department of","Mathematics","42","45.0000","330","42.0000","36","44.0000","9.1700","45.0000","1736","92.0000","35","47.0000","0.9500","174.0000","13","86.0000","22","95.0000","2745303.0000","124.0000","26","88.0000","13","92.0000","8","89.0000","5","92.0000","17","23","7","18","17","0.1200","-0.2200","183.0000","46.1500","0.1900","-0.2100","172.0000","49.4100","0.8600","0.4200","149.0000","56.2100","7.8600","0.8700","57.0000","83.4300","0.8300","0.4300","148.0000","56.5100","41.3300","-0.1500","150.0000","55.9200","5.2600","-0.2300","237.0000","30.1800","0.3100","0.0600","143.0000","57.9900","0.5200","-0.1100","141.0000","58.5800","65364.3600","-0.3900","176.0000","48.2200","124786.5000","-0.3400","227.0000","33.1400","0.6200","-0.1500","131.0000","61.5400","0.3100","-0.0200","150.0000","55.9200","0.1000","99.0000","71.0100","0.2400","0.2100","1.0100","0.3300","1.0400","0.8200","0.3096","-0.0400","0.1700","0.0000","-0.2400","0.1000","1.2400","1.1400","73.0800","73.0800","86.3900","74.8500","87.2800","86.9800","48.8200","74.2600","73.9600","73.0800","63.6100","72.1900","87.8700","86.9800","338","4/1/2025 16:37","16","6","2.6700","0.3800","0.1400","80.0000","75.0000","63.0000","130.0000","175.0000","0.3200","0.5642","0.2000","-0.0500","-0.2200","76.6300","78.1100","81.6600","61.8300","48.5200","12","6","81.6600","63.0000","0.5400","0.1400","64.2000","122.0000","0.0300","5","84.6200","53.0000","0.8100","0","73.0800","92.0000","-0.1800","0.0000","73.0800","92.0000","-0.2900","0","73.0800","92.0000","-0.3500","0.1200","64.5000","121.0000","0.2800","0.0000","73.0800","92.0000","-0.4600","0.0000","99.1100","4.0000","-0.0900","0","99.1100","4.0000","-0.0900","0.0000","99.1100","4.0000","-0.0900","0","99.1100","4.0000","-0.0900","6","0","0"
"AAD2023.06.02752","161","603","114","Oregon State University","Mathematics, Department of","Mathematics","22","156.0000","111","155.0000","20","138.0000","5.5500","182.0000","730","170.0000","20","135.0000","1.0000","1.0000","11","97.0000","20","101.0000","4070070.0000","102.0000","13","138.0000","7","136.0000","2","207.0000","2","171.0000","17","23","7","18","17","0.0900","-0.4500","212.0000","37.5700","0.0900","-0.5700","229.0000","32.5400","0.9100","0.6800","102.0000","70.1200","5.0500","0.0100","164.0000","51.7800","0.9100","0.7600","78.0000","77.2200","33.1800","-0.2300","175.0000","48.5200","6.5800","-0.1700","185.0000","45.5600","0.5000","0.8400","70.0000","79.5900","0.9100","0.5200","84.0000","75.4400","185003.1800","0.1500","92.0000","73.0800","203503.5000","0.0000","126.0000","63.0200","0.5900","-0.1800","137.0000","59.7600","0.3200","0.0100","143.0000","57.9900","0.0000","113.0000","66.8600","-0.2300","-0.4400","0.0400","0.1600","0.0000","-0.1300","0.6014","-0.2800","-0.5800","-0.2800","-0.1000","0.0200","-0.2200","-0.1200","60.0600","49.7000","60.3600","71.6000","59.4700","46.4500","100.0000","59.4700","39.0500","50.0000","70.1200","70.4100","54.4400","54.1400","338","4/1/2025 16:37","8","5","1.6000","0.3600","0.2300","106.0000","157.0000","138.0000","135.0000","101.0000","0.1100","-0.1398","-0.1400","-0.0800","0.4100","68.9300","53.8500","59.4700","60.3600","70.4100","12","2","52.6600","161.0000","-0.3700","0.0900","47.0400","180.0000","-0.2500","2","60.9500","133.0000","-0.2100","0","73.0800","92.0000","-0.1800","0.0000","73.0800","92.0000","-0.2900","0","73.0800","92.0000","-0.3500","0.0900","52.3700","162.0000","-0.0400","0.0000","73.0800","92.0000","-0.4600","0.0000","99.1100","4.0000","-0.0900","0","99.1100","4.0000","-0.0900","0.0000","99.1100","4.0000","-0.0900","0","99.1100","4.0000","-0.0900","6","0","0"
"AAD2023.06.02752","163","671","114","Pennsylvania State University - University Park","Mathematics, Department of","Mathematics","65","8.0000","460","15.0000","58","9.0000","7.9300","83.0000","3360","41.0000","57","10.0000","0.9700","142.0000","40","10.0000","100","7.0000","21521406.0000","18.0000","111","22.0000","44","11.0000","23","21.0000","18","7.0000","17","23","7","18","17","0.2800","1.1000","45.0000","86.9800","0.3500","0.3700","90.0000","73.6700","0.8900","0.6000","120.0000","64.7900","7.0800","0.6300","90.0000","73.6700","0.8800","0.6200","114.0000","66.5700","51.6900","-0.0500","119.0000","65.0900","7.3000","-0.1300","157.0000","53.8500","0.6200","1.3100","46.0000","86.6900","1.5400","1.5400","36.0000","89.6500","331098.5500","0.8100","42.0000","87.8700","215214.0600","0.0500","114.0000","66.5700","1.7100","0.7700","42.0000","87.8700","0.6800","1.3800","41.0000","88.1700","0.5000","37.0000","89.3500","2.6600","3.0100","2.4300","2.7200","2.4600","0.4900","0.4184","1.5500","2.0300","0.4500","1.7900","2.9300","2.1100","2.5800","97.0400","98.2200","97.3400","97.3400","97.6300","75.7400","58.2800","93.7900","94.0800","88.1700","94.9700","98.2200","95.8600","97.9300","338","4/1/2025 16:37","16","10","1.6000","0.2500","0.1500","32.0000","157.0000","63.0000","170.0000","164.0000","1.1300","-0.1398","0.2000","-0.2900","-0.1400","90.8300","53.8500","81.6600","50.0000","51.7800","12","6","81.6600","63.0000","0.5400","0.0900","47.3400","179.0000","-0.2400","7","92.0100","28.0000","1.4900","2","88.1700","41.0000","0.0100","0.0300","76.9200","79.0000","-0.1100","1","90.5300","33.0000","0.3200","0.1100","59.7600","137.0000","0.1500","0.0200","74.2600","88.0000","-0.0400","0.0000","99.1100","4.0000","-0.0900","0","99.1100","4.0000","-0.0900","0.0000","99.1100","4.0000","-0.0900","0","99.1100","4.0000","-0.0900","6","0","0"
"AAD2023.06.02752","146","708","114","New York University","Mathematics (Polytechnic Institute), Department of","Mathematics","107","1.0000","1019","1.0000","100","1.0000","10.1900","30.0000","43679","1.0000","102","1.0000","0.9900","112.0000","67","1.0000","174","1.0000","78440236.0000","1.0000","417","1.0000","92","1.0000","39","2.0000","28","1.0000","17","23","7","18","17","0.2600","0.9700","54.0000","84.3200","0.3600","0.4100","85.0000","75.1500","0.9300","0.8000","72.0000","78.9900","9.5200","1.3800","22.0000","93.7900","0.9500","0.9500","38.0000","89.0500","408.2200","3.3400","4.0000","99.1100","42.8600","1.5100","5.0000","98.8200","0.6300","1.3600","45.0000","86.9800","1.6300","1.6800","30.0000","91.4200","733086.3200","2.6300","9.0000","97.6300","450805.9500","1.0700","28.0000","92.0100","3.9000","2.6200","10.0000","97.3400","0.8600","2.0800","12.0000","96.7500","1.1000","5.0000","98.8200","6.4000","5.1700","5.3300","5.1000","5.1800","1.0900","0.5474","7.2300","4.0200","11.5600","7.9400","5.6200","5.8400","5.2200","100.0000","100.0000","100.0000","100.0000","100.0000","91.4200","67.1600","100.0000","99.7000","100.0000","100.0000","100.0000","100.0000","100.0000","338","4/1/2025 16:37","313","49","6.3900","2.9300","0.4600","1.0000","9.0000","1.0000","4.0000","14.0000","9.1200","3.0116","13.0500","4.5200","2.1200","100.0000","97.6300","100.0000","99.1100","96.1500","12","16","97.9300","8.0000","2.8100","0.1500","65.6800","117.0000","0.0600","13","99.7000","2.0000","3.5400","158","100.0000","1.0000","14.8800","1.4800","99.7000","2.0000","8.2500","20","100.0000","1.0000","13.1400","0.1200","65.0900","119.0000","0.3100","0.1900","99.4100","3.0000","4.6200","0.0000","99.1100","4.0000","-0.0900","0","99.1100","4.0000","-0.0900","0.0000","99.1100","4.0000","-0.0900","0","99.1100","4.0000","-0.0900","6","0","0"
"AAD2023.06.02752","165","719","114","Portland State University","Mathematics and Statistics, Department of","Mathematics","27","112.0000","135","131.0000","23","107.0000","5.8700","165.0000","1392","113.0000","23","103.0000","1.0000","1.0000","9","113.0000","15","116.0000","5318871.0000","86.0000","7","174.0000","5","154.0000","2","207.0000","2","171.0000","17","23","7","18","17","0.0700","-0.5900","230.0000","32.2500","0.0700","-0.6300","241.0000","28.9900","0.8500","0.4000","156.0000","54.1400","5.0000","0.0000","167.0000","50.8900","0.8500","0.5100","137.0000","59.7600","51.5600","-0.0600","120.0000","64.7900","10.3100","0.0100","88.0000","74.2600","0.3300","0.1600","129.0000","62.1300","0.5600","-0.0500","130.0000","61.8300","196995.2200","0.2100","86.0000","74.8500","354591.4000","0.6500","40.0000","88.4600","0.2600","-0.4600","206.0000","39.3500","0.1900","-0.5000","202.0000","40.5300","-0.1000","132.0000","61.2400","-0.3900","-0.4400","0.2400","-0.0200","0.2000","-0.0500","0.6014","-0.3900","-0.5800","-0.1000","0.0400","-0.1600","-0.0600","0.1900","54.7300","49.7000","69.8200","66.8600","68.6400","51.4800","100.0000","48.8200","39.0500","66.8600","74.8500","65.9800","61.5400","67.1600","338","4/1/2025 16:37","16","6","2.6700","0.5900","0.2200","80.0000","75.0000","63.0000","70.0000","103.0000","0.3200","0.5642","0.2000","0.3300","0.3700","76.6300","78.1100","81.6600","79.5900","69.8200","12","6","81.6600","63.0000","0.5400","0.2200","81.0700","65.0000","0.4500","2","60.9500","133.0000","-0.2100","0","73.0800","92.0000","-0.1800","0.0000","73.0800","92.0000","-0.2900","0","73.0800","92.0000","-0.3500","0.0700","44.3800","189.0000","-0.2200","0.0000","73.0800","92.0000","-0.4600","0.0000","99.1100","4.0000","-0.0900","0","99.1100","4.0000","-0.0900","0.0000","99.1100","4.0000","-0.0900","0","99.1100","4.0000","-0.0900","6","0","0"
"AAD2023.06.02752","167","741","114","Princeton University","Mathematics, Department of","Mathematics","37","57.0000","396","28.0000","36","44.0000","11.0000","21.0000","3435","40.0000","37","42.0000","1.0000","1.0000","29","25.0000","72","23.0000","24406051.0000","13.0000","306","3.0000","31","24.0000","24","18.0000","15","12.0000","17","23","7","18","17","0.4100","2.1600","13.0000","96.4500","0.6500","1.4300","23.0000","93.4900","0.9700","0.9900","31.0000","91.1200","10.7000","1.7400","13.0000","96.4500","1.0000","1.1500","1.0000","100.0000","92.8400","0.3400","45.0000","86.9800","8.6700","-0.0700","124.0000","63.6100","0.7800","2.0000","14.0000","96.1500","1.9500","2.2000","12.0000","96.7500","659623.0000","2.3000","11.0000","97.0400","338972.9300","0.5800","44.0000","87.2800","8.2700","6.3300","2.0000","99.7000","0.8400","2.0000","15.0000","95.8600","1.2000","3.0000","99.4100","1.6400","2.3700","1.1400","1.7400","1.0400","1.3000","0.6014","5.1700","2.1600","0.4700","2.1000","1.9100","1.6800","0.8200","93.2000","96.7500","87.8700","92.9000","87.2800","94.0800","100.0000","99.4100","94.9700","88.4600","96.4500","93.4900","92.0100","83.4300","338","4/1/2025 16:37","24","14","1.7100","0.6500","0.3800","13.0000","145.0000","33.0000","60.0000","26.0000","1.9500","-0.0674","0.5500","0.4300","1.5300","96.4500","57.4000","90.5300","82.5400","92.6000","12","5","75.7400","83.0000","0.3100","0.1400","58.8800","140.0000","-0.0100","6","89.6400","36.0000","1.1500","2","88.1700","41.0000","0.0100","0.0500","83.7300","56.0000","0.0200","1","90.5300","33.0000","0.3200","0.1600","78.9900","72.0000","0.7700","0.0300","78.7000","73.0000","0.2800","0.0000","99.1100","4.0000","-0.0900","0","99.1100","4.0000","-0.0900","0.0000","99.1100","4.0000","-0.0900","0","99.1100","4.0000","-0.0900","6","0","0"
"AAD2023.06.02752","171","775","114","Rensselaer Polytechnic Institute","Mathematical Sciences, Department of","Mathematics","11","265.0000","79","186.0000","11","224.0000","7.1800","114.0000","734","169.0000","11","219.0000","1.0000","1.0000","8","124.0000","15","116.0000","4023366.0000","104.0000","9","157.0000","6","146.0000","4","156.0000","2","171.0000","17","23","7","18","17","0.1800","0.3100","115.0000","66.2700","0.3600","0.4100","86.0000","74.8500","1.0000","1.1300","1.0000","100.0000","7.1800","0.6600","86.0000","74.8500","1.0000","1.1500","1.0000","100.0000","66.7300","0.0900","76.0000","77.8100","9.2900","-0.0400","103.0000","69.8200","0.7300","1.7700","23.0000","93.4900","1.3600","1.2600","46.0000","86.6900","365760.5500","0.9700","34.0000","90.2400","268224.4000","0.2800","74.0000","78.4000","0.8200","0.0100","104.0000","69.5300","0.5500","0.8800","69.0000","79.8800","0.8000","15.0000","95.8600","-0.3100","-0.4400","-0.5400","-0.1100","-0.5800","0.3000","0.6014","-0.3500","-0.3300","-0.2800","-0.1000","-0.1600","-0.4300","-0.8100","57.1000","49.7000","35.5000","63.6100","34.0200","66.5700","100.0000","53.8500","54.1400","50.3000","69.5300","65.9800","45.2700","21.8900","338","4/1/2025 16:37","6","5","1.2000","0.5500","0.4500","106.0000","200.0000","156.0000","79.0000","15.0000","0.1100","-0.4030","-0.2300","0.2400","2.0900","68.9300","41.1200","54.1400","76.9200","95.8600","12","1","43.2000","193.0000","-0.6000","0.0900","47.0400","180.0000","-0.2500","2","60.9500","133.0000","-0.2100","0","73.0800","92.0000","-0.1800","0.0000","73.0800","92.0000","-0.2900","0","73.0800","92.0000","-0.3500","0.1800","85.8000","49.0000","0.9900","0.0000","73.0800","92.0000","-0.4600","0.0000","99.1100","4.0000","-0.0900","0","99.1100","4.0000","-0.0900","0.0000","99.1100","4.0000","-0.0900","0","99.1100","4.0000","-0.0900","6","0","0"
"AAD2023.06.02752","172","799","114","Rice University","Mathematics, Department of","Mathematics","16","205.0000","106","166.0000","12","215.0000","8.8300","55.0000","497","196.0000","12","205.0000","0.9200","204.0000","13","86.0000","41","54.0000","8684893.0000","60.0000","51","51.0000","13","92.0000","7","105.0000","6","73.0000","17","23","7","18","17","0.3800","1.9100","15.0000","95.8600","0.4400","0.6700","59.0000","82.8400","0.7500","-0.1100","219.0000","35.5000","6.6300","0.4900","102.0000","70.1200","0.7500","0.0700","205.0000","39.6500","31.0600","-0.2500","181.0000","46.7500","4.6900","-0.2500","260.0000","23.3700","0.8100","2.1200","9.0000","97.6300","2.5600","3.2000","2.0000","99.7000","542805.8100","1.7700","21.0000","94.0800","211826.6600","0.0300","116.0000","65.9800","3.1900","2.0200","17.0000","95.2700","0.8100","1.9000","16.0000","95.5600","0.6000","27.0000","92.3100","0.2400","0.4300","-0.4700","0.3300","-0.5100","0.7300","0.1861","0.4300","0.0400","-0.3400","0.4000","0.7900","-0.2500","-0.5000","73.0800","78.7000","39.6500","74.8500","36.6900","84.0200","39.9400","85.2100","69.2300","42.3100","82.5400","84.3200","51.1800","39.6500","338","4/1/2025 16:37","3","3","1.0000","0.1900","0.1900","165.0000","206.0000","199.0000","197.0000","135.0000","-0.3000","-0.5345","-0.3600","-0.4000","0.1100","51.4800","39.3500","41.4200","42.0100","60.3600","12","7","85.5000","50.0000","0.7600","0.4400","95.8600","15.0000","1.6100","3","72.1900","95.0000","0.1300","0","73.0800","92.0000","-0.1800","0.0000","73.0800","92.0000","-0.2900","0","73.0800","92.0000","-0.3500","0.1900","87.5700","43.0000","1.0500","0.0000","73.0800","92.0000","-0.4600","0.0000","99.1100","4.0000","-0.0900","0","99.1100","4.0000","-0.0900","0.0000","99.1100","4.0000","-0.0900","0","99.1100","4.0000","-0.0900","6","0","0"
"AAD2023.06.02752","178","831","114","Saint Louis University","Mathematics and Statistics, Department of","Mathematics","22","156.0000","52","229.0000","16","170.0000","3.2500","273.0000","131","262.0000","14","182.0000","0.8200","278.0000","4","168.0000","5","180.0000","1219898.0000","177.0000","5","196.0000","3","195.0000","3","179.0000","4","107.0000","17","23","7","18","17","0.1800","0.3100","115.0000","66.2700","0.1400","-0.4100","205.0000","39.6500","0.7300","-0.2200","232.0000","31.6600","2.3600","-0.8100","259.0000","23.6700","0.6400","-0.4200","248.0000","26.9200","5.9500","-0.4900","292.0000","13.9100","2.5200","-0.3500","312.0000","7.9900","0.1800","-0.4600","197.0000","42.0100","0.2300","-0.5900","212.0000","37.5700","55449.9100","-0.4300","192.0000","43.4900","243979.6000","0.1700","91.0000","73.3700","0.2300","-0.4900","219.0000","35.5000","0.1400","-0.6800","231.0000","31.9500","-0.8000","259.0000","23.6700","-0.5500","-0.0100","-0.3400","-0.4600","-0.2600","-0.7400","-0.3513","-0.4300","-0.4600","-0.4400","-0.4100","-0.5200","-0.6100","-0.1200","42.6000","68.6400","46.4500","50.5900","50.0000","19.5300","18.0500","42.3100","47.3400","22.7800","47.9300","47.0400","32.5400","54.1400","338","4/1/2025 16:37","1","1","1.0000","0.0500","0.0500","232.0000","206.0000","247.0000","281.0000","276.0000","-0.7100","-0.5345","-0.4400","-0.6500","-0.9400","31.6600","39.3500","27.2200","17.1600","18.6400","12","2","52.6600","161.0000","-0.3700","0.0900","47.0400","180.0000","-0.2500","2","60.9500","133.0000","-0.2100","0","73.0800","92.0000","-0.1800","0.0000","73.0800","92.0000","-0.2900","0","73.0800","92.0000","-0.3500","0.0900","52.3700","162.0000","-0.0400","0.0000","73.0800","92.0000","-0.4600","0.0000","99.1100","4.0000","-0.0900","0","99.1100","4.0000","-0.0900","0.0000","99.1100","4.0000","-0.0900","0","99.1100","4.0000","-0.0900","6","0","0"
"AAD2023.06.02752","192","899","114","Southern Illinois University Carbondale","Mathematics and Statistics, School of","Mathematics","14","236.0000","72","194.0000","13","202.0000","5.5400","183.0000","450","212.0000","11","219.0000","0.7900","290.0000","3","185.0000","5","180.0000","1041319.0000","187.0000","8","165.0000","5","154.0000","4","156.0000","2","171.0000","17","23","7","18","17","0.1400","-0.0200","151.0000","55.6200","0.2900","0.1300","113.0000","66.8600","0.9300","0.7700","78.0000","77.2200","5.1400","0.0400","157.0000","53.8500","0.7900","0.2300","183.0000","46.1500","32.1400","-0.2400","179.0000","47.3400","6.2500","-0.1800","200.0000","41.1200","0.2100","-0.3200","179.0000","47.3400","0.3600","-0.3800","172.0000","49.4100","74379.9300","-0.3400","166.0000","51.1800","208263.8000","0.0200","122.0000","64.2000","0.5700","-0.1900","142.0000","58.2800","0.3600","0.1600","130.0000","61.8300","-0.3000","176.0000","48.2200","-0.3900","-0.4400","-0.5400","-0.5500","-0.4500","-0.1300","-0.5554","-0.3700","-0.3300","-0.3600","-0.4300","-0.5200","-0.4800","-0.6200","54.7300","49.7000","35.5000","45.5600","40.5300","46.1500","14.5000","51.4800","54.1400","37.5700","44.9700","47.0400","42.9000","30.4700","338","4/1/2025 16:37","1","1","1.0000","0.0700","0.0700","232.0000","206.0000","247.0000","264.0000","254.0000","-0.7100","-0.5345","-0.4400","-0.6100","-0.7500","31.6600","39.3500","27.2200","22.1900","25.1500","12","2","52.6600","161.0000","-0.3700","0.1400","64.2000","122.0000","0.0300","2","60.9500","133.0000","-0.2100","0","73.0800","92.0000","-0.1800","0.0000","73.0800","92.0000","-0.2900","0","73.0800","92.0000","-0.3500","0.1400","73.6700","90.0000","0.5500","0.0000","73.0800","92.0000","-0.4600","0.0000","99.1100","4.0000","-0.0900","0","99.1100","4.0000","-0.0900","0.0000","99.1100","4.0000","-0.0900","0","99.1100","4.0000","-0.0900","6","0","0"
"AAD2023.06.02752","193","928","114","Southern Methodist University","Mathematics, Department of","Mathematics","21","164.0000","111","155.0000","16","170.0000","6.9400","121.0000","1077","134.0000","16","168.0000","0.9400","178.0000","12","92.0000","25","87.0000","6020505.0000","79.0000","7","174.0000","3","195.0000","0","268.0000","0","268.0000","17","23","7","18","17","0.0000","-1.2000","268.0000","21.0100","0.0000","-0.9000","268.0000","21.0100","0.7600","-0.0500","216.0000","36.3900","5.2900","0.0800","148.0000","56.5100","0.7600","0.1200","202.0000","40.5300","51.2900","-0.0600","122.0000","64.2000","9.7000","-0.0200","99.0000","71.0100","0.5700","1.1300","57.0000","83.4300","1.1900","0.9800","61.0000","82.2500","286690.7100","0.6100","53.0000","84.6200","240820.2000","0.1600","92.0000","73.0800","0.3300","-0.4000","186.0000","45.2700","0.1400","-0.6600","221.0000","34.9100","0.0000","113.0000","66.8600","-0.5500","-0.8700","-0.2200","0.2500","-0.2600","0.2300","0.2838","-0.3900","-0.8300","-0.1800","0.1100","0.2100","-0.2200","-0.1800","42.6000","21.0100","50.5900","73.0800","50.0000","64.5000","47.6300","48.8200","21.0100","60.6500","76.9200","74.5600","54.4400","51.7800","338","4/1/2025 16:37","11","4","2.7500","0.5200","0.1900","131.0000","68.0000","101.0000","85.0000","131.0000","-0.0900","0.6168","-0.0100","0.2100","0.1400","61.5400","80.1800","70.4100","75.1500","61.5400","12","3","63.6100","124.0000","-0.1400","0.1400","64.2000","122.0000","0.0300","2","60.9500","133.0000","-0.2100","2","88.1700","41.0000","0.0100","0.1000","88.4600","40.0000","0.2600","1","90.5300","33.0000","0.3200","0.1000","54.7300","154.0000","0.0100","0.0500","87.2800","44.0000","0.8400","0.0000","99.1100","4.0000","-0.0900","0","99.1100","4.0000","-0.0900","0.0000","99.1100","4.0000","-0.0900","0","99.1100","4.0000","-0.0900","6","0","0"
"AAD2023.06.02752","203","977","114","Binghamton University, State University of New York","Mathematical Sciences, Department of","Mathematics","28","104.0000","126","140.0000","24","96.0000","5.2500","190.0000","861","152.0000","21","122.0000","0.8800","243.0000","6","150.0000","12","136.0000","1775402.0000","153.0000","15","130.0000","10","111.0000","2","207.0000","2","171.0000","17","23","7","18","17","0.0700","-0.6100","232.0000","31.6600","0.0700","-0.6400","242.0000","28.7000","0.8600","0.4200","149.0000","56.2100","4.5000","-0.1600","184.0000","45.8600","0.7500","0.0700","205.0000","39.6500","30.7500","-0.2500","184.0000","45.8600","6.8300","-0.1500","175.0000","48.5200","0.2100","-0.3200","179.0000","47.3400","0.4300","-0.2600","160.0000","52.9600","63407.2100","-0.3900","180.0000","47.0400","147950.1700","-0.2400","192.0000","43.4900","0.5400","-0.2200","146.0000","57.1000","0.3600","0.1600","130.0000","61.8300","-0.4000","189.0000","44.3800","0.0000","-0.4400","0.1100","-0.2800","0.2600","-0.2100","-0.0734","-0.2400","-0.5800","-0.2400","-0.3500","-0.2700","-0.1200","0.2600","67.4600","49.7000","64.2000","55.9200","71.8900","44.0800","28.4000","61.8300","39.0500","55.3300","55.0300","60.0600","58.8800","69.5300","338","4/1/2025 16:37","1","1","1.0000","0.0400","0.0400","232.0000","206.0000","247.0000","284.0000","283.0000","-0.7100","-0.5345","-0.4400","-0.6700","-1.0100","31.6600","39.3500","27.2200","16.2700","16.5700","12","1","43.2000","193.0000","-0.6000","0.0400","31.6600","232.0000","-0.5500","1","46.4500","182.0000","-0.5600","0","73.0800","92.0000","-0.1800","0.0000","73.0800","92.0000","-0.2900","0","73.0800","92.0000","-0.3500","0.0400","31.6600","232.0000","-0.6600","0.0000","73.0800","92.0000","-0.4600","0.0000","99.1100","4.0000","-0.0900","0","99.1100","4.0000","-0.0900","0.0000","99.1100","4.0000","-0.0900","0","99.1100","4.0000","-0.0900","6","0","0"
"AAD2023.06.02752","204","1012","114","University at Buffalo, State University of New York","Mathematics, Department of","Mathematics","29","96.0000","252","65.0000","23","107.0000","10.9600","22.0000","2032","77.0000","23","103.0000","0.9600","154.0000","16","68.0000","25","87.0000","3563271.0000","113.0000","26","88.0000","12","101.0000","11","65.0000","7","60.0000","17","23","7","18","17","0.2400","0.8000","72.0000","78.9900","0.3800","0.4600","82.0000","76.0400","0.7900","0.1100","197.0000","42.0100","8.6900","1.1200","34.0000","90.2400","0.7900","0.2600","177.0000","47.9300","70.0700","0.1200","72.0000","78.9900","8.0600","-0.1000","137.0000","59.7600","0.5500","1.0500","63.0000","81.6600","0.8600","0.4400","92.0000","73.0800","122871.4100","-0.1300","126.0000","63.0200","142530.8400","-0.2700","198.0000","41.7200","0.9000","0.0800","94.0000","72.4900","0.4100","0.3800","110.0000","67.7500","0.1000","99.0000","71.0100","0.1600","0.6400","0.2400","0.6000","0.2000","1.2900","0.3764","-0.0400","0.5400","0.0800","-0.1500","0.2100","0.7200","0.3200","70.4100","82.5400","69.8200","80.1800","68.6400","93.7900","54.7300","74.2600","81.0700","77.5100","66.8600","74.5600","81.0700","71.8900","338","4/1/2025 16:37","6","5","1.2000","0.2100","0.1700","106.0000","200.0000","156.0000","188.0000","147.0000","0.1100","-0.4030","-0.2300","-0.3600","0.0000","68.9300","41.1200","54.1400","44.6700","56.8000","12","6","81.6600","63.0000","0.5400","0.2100","77.8100","76.0000","0.3700","5","84.6200","53.0000","0.8100","0","73.0800","92.0000","-0.1800","0.0000","73.0800","92.0000","-0.2900","0","73.0800","92.0000","-0.3500","0.1700","83.1400","58.0000","0.8800","0.0000","73.0800","92.0000","-0.4600","0.0000","99.1100","4.0000","-0.0900","0","99.1100","4.0000","-0.0900","0.0000","99.1100","4.0000","-0.0900","0","99.1100","4.0000","-0.0900","6","0","0"
"AAD2023.06.02752","210","1070","114","Syracuse University","Mathematics, Department of","Mathematics","33","67.0000","123","144.0000","28","81.0000","4.3900","226.0000","640","183.0000","26","85.0000","0.9000","233.0000","15","73.0000","30","75.0000","4293619.0000","99.0000","29","81.0000","13","92.0000","3","179.0000","3","131.0000","17","23","7","18","17","0.0900","-0.4500","212.0000","37.5700","0.0900","-0.5700","229.0000","32.5400","0.8500","0.3800","159.0000","53.2500","3.7300","-0.3900","212.0000","37.5700","0.7900","0.2400","182.0000","46.4500","19.3900","-0.3600","227.0000","33.1400","5.2000","-0.2300","242.0000","28.7000","0.4500","0.6600","90.0000","73.6700","0.9100","0.5200","84.0000","75.4400","130109.6700","-0.0900","118.0000","65.3800","143120.6300","-0.2600","197.0000","42.0100","0.8800","0.0700","98.0000","71.3000","0.3900","0.3000","116.0000","65.9800","-0.2000","155.0000","54.4400","0.2400","-0.2200","0.4300","0.5100","0.5200","-0.4400","0.0429","0.0200","-0.4600","-0.3000","-0.0800","0.3900","-0.1400","0.5700","73.0800","61.5400","75.1500","78.7000","76.3300","33.4300","31.3600","76.3300","47.3400","46.1500","71.0100","78.1100","57.6900","80.4700","338","4/1/2025 16:37","7","3","2.3300","0.2100","0.0900","165.0000","91.0000","143.0000","181.0000","235.0000","-0.3000","0.3405","-0.1900","-0.3500","-0.6000","51.4800","73.3700","57.9900","46.7500","30.7700","12","3","63.6100","124.0000","-0.1400","0.0900","47.0400","180.0000","-0.2500","3","72.1900","95.0000","0.1300","1","82.2500","61.0000","-0.0900","0.0300","76.3300","81.0000","-0.1200","1","90.5300","33.0000","0.3200","0.0900","52.3700","162.0000","-0.0400","0.0300","80.4700","67.0000","0.3700","0.0000","99.1100","4.0000","-0.0900","0","99.1100","4.0000","-0.0900","0.0000","99.1100","4.0000","-0.0900","0","99.1100","4.0000","-0.0900","6","0","0"
"AAD2023.06.02752","211","1091","114","Teachers College Columbia University","Mathematics, Science and Technology, Department of","Mathematics","13","246.0000","77","189.0000","12","215.0000","6.4200","143.0000","1093","133.0000","12","205.0000","1.0000","1.0000","5","157.0000","13","127.0000","7926941.0000","67.0000","15","130.0000","7","136.0000","29","9.0000","9","37.0000","17","23","7","18","17","0.6900","4.5400","1.0000","100.0000","2.2300","7.1000","2.0000","99.7000","0.9200","0.7500","83.0000","75.7400","5.9200","0.2800","130.0000","61.8300","0.9200","0.8200","62.0000","81.9500","84.0800","0.2500","55.0000","84.0200","14.1900","0.1900","48.0000","86.0900","0.3800","0.3700","111.0000","67.4600","1.0000","0.6700","77.0000","77.5100","609764.6900","2.0700","19.0000","94.6700","609764.6900","1.7600","14.0000","96.1500","1.1500","0.3000","70.0000","79.5900","0.5400","0.8500","70.0000","79.5900","0.5000","37.0000","89.3500","-0.2300","1.0700","-0.4700","-0.3700","-0.5100","0.1000","0.6014","-0.2400","2.7800","-0.1800","0.3200","-0.2300","-0.4500","-0.6800","60.0600","89.3500","39.6500","53.8500","36.6900","57.9900","100.0000","61.8300","97.6300","60.9500","80.4700","62.7200","44.3800","27.5100","338","4/1/2025 16:37","49","9","5.4400","3.7700","0.6900","41.0000","15.0000","11.0000","2.0000","1.0000","0.9300","2.3866","1.6300","6.0300","3.8500","88.1700","95.8600","97.0400","99.7000","100.0000","12","25","100.0000","1.0000","4.8500","1.9200","100.0000","1.0000","9.5900","9","95.2700","17.0000","2.1800","3","91.1200","31.0000","0.1000","0.2300","93.7900","22.0000","1.0400","1","90.5300","33.0000","0.3200","0.6900","100.0000","1.0000","6.7300","0.0800","92.9000","25.0000","1.6300","0.0000","99.1100","4.0000","-0.0900","0","99.1100","4.0000","-0.0900","0.0000","99.1100","4.0000","-0.0900","0","99.1100","4.0000","-0.0900","6","0","0"
"AAD2023.06.02752","215","1136","114","Texas A&M University","Mathematics, Department of","Mathematics","70","5.0000","522","8.0000","67","3.0000","7.7900","85.0000","4356","26.0000","65","3.0000","0.9600","158.0000","42","8.0000","97","12.0000","16106810.0000","29.0000","110","23.0000","42","13.0000","32","6.0000","19","5.0000","17","23","7","18","17","0.2700","1.0500","50.0000","85.5000","0.4600","0.7400","53.0000","84.6200","0.9600","0.9200","49.0000","85.8000","7.4600","0.7500","68.0000","80.1800","0.9300","0.8400","57.0000","83.4300","62.2300","0.0500","84.0000","75.4400","8.3400","-0.0800","132.0000","61.2400","0.6000","1.2500","49.0000","85.8000","1.3900","1.2900","44.0000","87.2800","230097.2900","0.3600","71.0000","79.2900","166049.5900","-0.1700","175.0000","48.5200","1.5700","0.6500","49.0000","85.8000","0.6000","1.0900","59.0000","82.8400","0.5000","37.0000","89.3500","2.5000","3.2300","2.9400","2.8900","3.0500","0.4600","0.3632","1.5300","3.1500","0.7200","1.2000","2.8200","2.5200","2.8900","96.4500","98.8200","99.4100","97.9300","99.4100","75.1500","53.5500","93.4900","98.5200","92.6000","91.7200","96.7500","97.9300","98.8200","338","4/1/2025 16:37","15","12","1.2500","0.2100","0.1700","18.0000","194.0000","72.0000","179.0000","150.0000","1.5400","-0.3701","0.1600","-0.3500","-0.0100","94.9700","42.9000","78.9900","47.3400","55.9200","12","17","98.2200","7.0000","3.0400","0.2400","84.6200","53.0000","0.5700","14","100.0000","1.0000","3.8800","1","82.2500","61.0000","-0.0900","0.0100","73.6700","90.0000","-0.2100","1","90.5300","33.0000","0.3200","0.2000","90.8300","32.0000","1.1900","0.0100","73.6700","90.0000","-0.0700","0.0000","99.1100","4.0000","-0.0900","0","99.1100","4.0000","-0.0900","0.0000","99.1100","4.0000","-0.0900","0","99.1100","4.0000","-0.0900","6","0","0"
"AAD2023.06.02752","222","1184","114","Texas Tech University","Mathematics and Statistics, Department of","Mathematics","43","42.0000","314","44.0000","39","38.0000","8.0500","77.0000","3120","50.0000","39","35.0000","0.9800","120.0000","10","106.0000","15","116.0000","1882134.0000","151.0000","30","79.0000","18","62.0000","22","22.0000","11","27.0000","17","23","7","18","17","0.2600","0.9200","59.0000","82.8400","0.5100","0.9400","40.0000","88.4600","0.9100","0.6700","107.0000","68.6400","7.3000","0.7000","77.0000","77.5100","0.9100","0.7500","83.0000","75.7400","72.5600","0.1400","70.0000","79.5900","9.9400","-0.0100","96.0000","71.8900","0.2300","-0.2500","168.0000","50.5900","0.3500","-0.3900","174.0000","48.8200","43770.5600","-0.4800","207.0000","39.0500","125475.6000","-0.3400","226.0000","33.4300","0.7000","-0.0900","119.0000","65.0900","0.4200","0.4000","108.0000","68.3400","0.2000","74.0000","78.4000","0.6300","1.5000","1.2700","0.0700","1.2300","0.5300","0.4664","0.0400","1.9100","0.3800","-0.3400","-0.1600","1.1400","1.2000","81.9500","92.3100","89.9400","68.9300","89.0500","77.5100","64.7900","76.9200","93.7900","85.5000","55.6200","65.9800","87.2800","87.8700","338","4/1/2025 16:37","27","11","2.4500","0.6300","0.2600","25.0000","85.0000","29.0000","63.0000","78.0000","1.3400","0.4194","0.6800","0.3900","0.6200","92.9000","75.1500","91.7200","81.6600","77.2200","12","10","91.4200","30.0000","1.4500","0.2300","82.8400","59.0000","0.5100","6","89.6400","36.0000","1.1500","0","73.0800","92.0000","-0.1800","0.0000","73.0800","92.0000","-0.2900","0","73.0800","92.0000","-0.3500","0.1400","70.4100","101.0000","0.5100","0.0000","73.0800","92.0000","-0.4600","0.0000","99.1100","4.0000","-0.0900","0","99.1100","4.0000","-0.0900","0.0000","99.1100","4.0000","-0.0900","0","99.1100","4.0000","-0.0900","6","0","0"
"AAD2023.06.02752","225","1226","114","University of Montana, Missoula","Mathematical Sciences, Department of","Mathematics","15","219.0000","60","214.0000","12","215.0000","5.0000","199.0000","429","215.0000","11","219.0000","0.9200","212.0000","3","185.0000","6","172.0000","2321994.0000","138.0000","9","157.0000","4","170.0000","9","79.0000","1","215.0000","17","23","7","18","17","0.0700","-0.6500","239.0000","29.5900","0.6000","1.2500","27.0000","92.3100","0.8000","0.1400","188.0000","44.6700","4.0000","-0.3100","195.0000","42.6000","0.7300","0.0000","214.0000","36.9800","28.6000","-0.2700","189.0000","44.3800","7.1500","-0.1400","163.0000","52.0700","0.2000","-0.3800","186.0000","45.2700","0.4000","-0.3100","164.0000","51.7800","154799.6000","0.0200","110.0000","67.7500","386999.0000","0.7900","35.0000","89.9400","0.6000","-0.1700","135.0000","60.3600","0.2700","-0.1900","160.0000","52.9600","-0.2000","155.0000","54.4400","-0.4700","-0.6500","-0.5400","-0.5500","-0.5100","-0.2800","0.1515","-0.3500","0.2900","-0.3600","-0.2900","-0.4900","-0.5600","-0.5600","50.0000","36.6900","35.5000","45.5600","36.6900","41.4200","37.5700","53.8500","76.9200","36.6900","59.4700","49.4100","36.9800","35.5000","338","4/1/2025 16:37","4","2","2.0000","0.2700","0.1300","192.0000","109.0000","179.0000","164.0000","189.0000","-0.5000","0.1234","-0.3100","-0.2600","-0.2900","43.4900","68.0500","47.3400","51.7800","44.3800","12","5","75.7400","83.0000","0.3100","0.3300","93.4900","23.0000","1.0500","3","72.1900","95.0000","0.1300","0","73.0800","92.0000","-0.1800","0.0000","73.0800","92.0000","-0.2900","0","73.0800","92.0000","-0.3500","0.2000","90.8300","32.0000","1.1900","0.0000","73.0800","92.0000","-0.4600","0.0000","99.1100","4.0000","-0.0900","0","99.1100","4.0000","-0.0900","0.0000","99.1100","4.0000","-0.0900","0","99.1100","4.0000","-0.0900","6","0","0"
"AAD2023.06.02752","226","1260","114","University of Tennessee, The","Mathematics, Department of","Mathematics","36","59.0000","275","54.0000","31","64.0000","8.8700","54.0000","3222","43.0000","30","61.0000","0.9700","133.0000","12","92.0000","29","77.0000","3952355.0000","106.0000","32","76.0000","15","75.0000","10","70.0000","9","37.0000","17","23","7","18","17","0.2500","0.8700","61.0000","82.2500","0.2800","0.1000","117.0000","65.6800","0.8600","0.4400","148.0000","56.5100","7.6400","0.8000","64.0000","81.3600","0.8300","0.4300","148.0000","56.5100","89.5000","0.3100","50.0000","85.5000","11.7200","0.0700","70.0000","79.5900","0.3300","0.1600","129.0000","62.1300","0.8100","0.3500","96.0000","71.8900","109787.6400","-0.1800","140.0000","58.8800","136288.1000","-0.2900","207.0000","39.0500","0.8900","0.0700","96.0000","71.8900","0.4200","0.3900","109.0000","68.0500","0.0000","113.0000","66.8600","0.3900","1.0700","0.6900","0.2500","0.7200","0.7400","0.4272","0.0800","0.4100","0.4100","-0.1100","0.3500","0.8800","0.7600","78.1100","89.3500","82.2500","73.0800","81.3600","84.3200","60.9500","77.8100","79.5900","87.5700","68.9300","77.5100","84.3200","82.8400","338","4/1/2025 16:37","3","3","1.0000","0.0800","0.0800","165.0000","206.0000","199.0000","252.0000","243.0000","-0.3000","-0.5345","-0.3600","-0.5900","-0.6600","51.4800","39.3500","41.4200","25.7400","28.4000","12","6","81.6600","63.0000","0.5400","0.1700","71.6000","97.0000","0.1600","5","84.6200","53.0000","0.8100","0","73.0800","92.0000","-0.1800","0.0000","73.0800","92.0000","-0.2900","0","73.0800","92.0000","-0.3500","0.1400","70.1200","102.0000","0.5000","0.0000","73.0800","92.0000","-0.4600","0.0000","99.1100","4.0000","-0.0900","0","99.1100","4.0000","-0.0900","0.0000","99.1100","4.0000","-0.0900","0","99.1100","4.0000","-0.0900","6","0","0"
"AAD2023.06.02752","228","1296","114","University of Texas Arlington","Mathematics, Department of","Mathematics","26","118.0000","241","69.0000","24","96.0000","10.0400","32.0000","3497","39.0000","24","96.0000","0.9600","150.0000","14","81.0000","21","98.0000","4577042.0000","95.0000","16","124.0000","9","121.0000","6","121.0000","3","131.0000","17","23","7","18","17","0.1200","-0.2500","185.0000","45.5600","0.2300","-0.0700","147.0000","56.8000","0.9200","0.7500","83.0000","75.7400","9.2700","1.3000","26.0000","92.6000","0.9200","0.8200","62.0000","81.9500","134.5000","0.7300","25.0000","92.9000","14.5100","0.2000","44.0000","87.2800","0.5400","1.0000","64.0000","81.3600","0.8100","0.3500","95.0000","72.1900","176040.0800","0.1100","96.0000","71.8900","217954.3800","0.0600","112.0000","67.1600","0.6200","-0.1600","132.0000","61.2400","0.3500","0.1200","133.0000","60.9500","0.4000","47.0000","86.3900","-0.0800","-0.2200","0.3000","0.4200","0.2600","1.0500","0.3854","-0.2200","-0.0800","0.4800","-0.0500","0.0600","0.6500","0.1300","64.5000","61.5400","71.8900","76.3300","71.8900","90.8300","55.9200","63.6100","64.5000","88.7600","72.1900","71.3000","79.8800","65.3800","338","4/1/2025 16:37","31","11","2.8200","1.1900","0.4200","25.0000","64.0000","24.0000","20.0000","20.0000","1.3400","0.6629","0.8500","1.4100","1.8600","92.9000","81.3600","93.2000","94.3800","94.3800","12","3","63.6100","124.0000","-0.1400","0.1200","54.7300","154.0000","-0.1200","3","72.1900","95.0000","0.1300","0","73.0800","92.0000","-0.1800","0.0000","73.0800","92.0000","-0.2900","0","73.0800","92.0000","-0.3500","0.1200","63.9100","123.0000","0.2400","0.0000","73.0800","92.0000","-0.4600","0.0000","99.1100","4.0000","-0.0900","0","99.1100","4.0000","-0.0900","0.0000","99.1100","4.0000","-0.0900","0","99.1100","4.0000","-0.0900","6","0","0"
"AAD2023.06.02752","230","1383","114","University of Texas at Dallas, The","Mathematical Sciences, Department of","Mathematics","32","72.0000","231","72.0000","31","64.0000","7.4500","100.0000","1798","86.0000","30","61.0000","0.9700","133.0000","15","73.0000","36","67.0000","5223646.0000","88.0000","29","81.0000","17","68.0000","4","156.0000","3","131.0000","17","23","7","18","17","0.0900","-0.4300","211.0000","37.8700","0.1300","-0.4500","212.0000","37.5700","0.9700","0.9700","33.0000","90.5300","7.2200","0.6700","82.0000","76.0400","0.9400","0.8800","45.0000","86.9800","56.1900","-0.0100","106.0000","68.9300","7.7800","-0.1100","145.0000","57.4000","0.4700","0.7100","85.0000","75.1500","1.1300","0.8700","67.0000","80.4700","163238.9400","0.0600","103.0000","69.8200","145101.2800","-0.2600","195.0000","42.6000","0.9100","0.0900","92.0000","73.0800","0.5300","0.8300","76.0000","77.8100","0.3000","62.0000","81.9500","0.5500","-0.2200","0.6900","0.5100","0.7200","0.3700","0.4272","0.0200","-0.3300","0.0200","0.0200","0.6100","0.5800","0.5100","80.1800","61.5400","82.2500","78.7000","81.3600","70.7100","60.9500","76.3300","54.1400","74.8500","74.2600","80.4700","78.9900","78.9900","338","4/1/2025 16:37","31","8","3.8800","0.9700","0.2500","50.0000","23.0000","24.0000","35.0000","79.0000","0.7200","1.3602","0.8500","1.0000","0.5800","85.5000","93.4900","93.2000","89.9400","76.9200","12","3","63.6100","124.0000","-0.1400","0.0900","47.6300","178.0000","-0.2400","3","72.1900","95.0000","0.1300","1","82.2500","61.0000","-0.0900","0.0300","77.5100","77.0000","-0.1100","1","90.5300","33.0000","0.3200","0.0900","53.2500","159.0000","0.0000","0.0300","81.6600","63.0000","0.3900","0.0000","99.1100","4.0000","-0.0900","0","99.1100","4.0000","-0.0900","0.0000","99.1100","4.0000","-0.0900","0","99.1100","4.0000","-0.0900","6","0","0"
"AAD2023.06.02752","231","1405","114","University of Texas at El Paso, The","Mathematical Sciences, Department of","Mathematics","29","96.0000","210","80.0000","25","90.0000","8.4000","65.0000","1462","106.0000","25","88.0000","0.9600","146.0000","6","150.0000","9","154.0000","5276563.0000","87.0000","3","222.0000","3","195.0000","6","121.0000","3","131.0000","17","23","7","18","17","0.1000","-0.3400","201.0000","40.8300","0.2100","-0.1500","160.0000","52.9600","0.8600","0.4500","146.0000","57.1000","7.2400","0.6800","79.0000","76.9200","0.8600","0.5600","126.0000","63.0200","50.4100","-0.0700","126.0000","63.0200","6.9600","-0.1500","168.0000","50.5900","0.2100","-0.3600","184.0000","45.8600","0.3100","-0.4500","183.0000","46.1500","181950.4500","0.1400","95.0000","72.1900","586284.7800","1.6500","17.0000","95.2700","0.1000","-0.5900","264.0000","22.1900","0.1000","-0.8100","251.0000","26.0400","0.0000","113.0000","66.8600","-0.5500","-0.2200","0.3600","-0.2800","0.3300","0.6200","0.3937","-0.4600","-0.0800","-0.0800","0.0300","-0.3800","0.4400","0.3200","42.6000","61.5400","74.2600","55.9200","73.6700","81.0700","57.1000","34.6200","64.5000","68.9300","74.5600","54.7300","76.6300","71.8900","338","4/1/2025 16:37","4","5","0.8000","0.1400","0.1700","106.0000","278.0000","179.0000","227.0000","147.0000","0.1100","-0.6661","-0.3100","-0.4900","0.0000","68.9300","18.0500","47.3400","33.1400","56.8000","12","3","63.6100","124.0000","-0.1400","0.1000","50.8900","167.0000","-0.1800","3","72.1900","95.0000","0.1300","1","82.2500","61.0000","-0.0900","0.0300","79.2900","71.0000","-0.0900","1","90.5300","33.0000","0.3200","0.1000","57.4000","145.0000","0.1100","0.0300","83.4300","57.0000","0.4800","0.0000","99.1100","4.0000","-0.0900","0","99.1100","4.0000","-0.0900","0.0000","99.1100","4.0000","-0.0900","0","99.1100","4.0000","-0.0900","6","0","0"
"AAD2023.06.02752","237","1463","114","Tufts University","Mathematics, Department of","Mathematics","22","156.0000","159","109.0000","20","138.0000","7.9500","82.0000","1338","118.0000","21","122.0000","1.0000","1.0000","14","81.0000","43","51.0000","7194522.0000","70.0000","23","95.0000","11","104.0000","16","40.0000","6","73.0000","17","23","7","18","17","0.2700","1.0600","47.0000","86.3900","0.7300","1.7100","15.0000","95.8600","0.9100","0.6800","102.0000","70.1200","7.2300","0.6800","80.0000","76.6300","0.9500","0.9500","35.0000","89.9400","60.8200","0.0300","92.0000","73.0800","8.4200","-0.0800","128.0000","62.4300","0.6400","1.4000","41.0000","88.1700","1.9500","2.2200","11.0000","97.0400","327023.7300","0.8000","43.0000","87.5700","167314.4700","-0.1600","172.0000","49.4100","1.0500","0.2100","80.0000","76.6300","0.5000","0.7100","85.0000","75.1500","0.4000","47.0000","86.3900","0.0800","0.4300","0.1100","0.4200","0.0000","0.5000","0.6014","-0.0900","1.1600","-0.1100","0.2400","0.8600","0.1000","-0.1200","69.5300","78.7000","64.2000","76.3300","59.4700","76.0400","100.0000","72.1900","88.4600","65.3800","79.5900","85.2100","68.0500","54.1400","338","4/1/2025 16:37","27","6","4.5000","1.2300","0.2700","80.0000","17.0000","29.0000","18.0000","67.0000","0.3200","1.7681","0.6800","1.4700","0.7400","76.6300","95.2700","91.7200","94.9700","80.4700","12","14","97.0400","11.0000","2.3500","0.6400","98.5200","6.0000","2.6800","6","89.6400","36.0000","1.1500","5","92.9000","25.0000","0.2900","0.2300","93.4900","23.0000","1.0200","1","90.5300","33.0000","0.3200","0.2700","98.2200","7.0000","2.0100","0.0500","86.9800","45.0000","0.7800","0.0000","99.1100","4.0000","-0.0900","0","99.1100","4.0000","-0.0900","0.0000","99.1100","4.0000","-0.0900","0","99.1100","4.0000","-0.0900","6","0","0"
"AAD2023.06.02752","245","1504","114","University of Alabama in Huntsville, The","Mathematical Sciences, Department of","Mathematics","10","270.0000","61","212.0000","10","231.0000","6.1000","152.0000","615","187.0000","9","235.0000","0.9000","225.0000","1","240.0000","1","255.0000","48000.0000","280.0000","0","289.0000","0","289.0000","4","156.0000","1","215.0000","17","23","7","18","17","0.1000","-0.3700","204.0000","39.9400","0.4000","0.5400","70.0000","79.5900","1.0000","1.1300","1.0000","100.0000","6.1000","0.3300","123.0000","63.9100","0.9000","0.7200","90.0000","73.6700","61.5000","0.0400","89.0000","73.9600","10.0800","0.0000","91.0000","73.3700","0.1000","-0.7900","245.0000","27.8100","0.1000","-0.7900","256.0000","24.5600","4800.0000","-0.6600","278.0000","18.0500","48000.0000","-0.6800","279.0000","17.7500","0.0000","-0.6800","289.0000","14.7900","0.0000","-1.2100","289.0000","14.7900","-0.2000","155.0000","54.4400","-0.7800","-0.6500","-0.6700","-0.7200","-0.6400","0.0100","0.0615","-0.5200","-0.3300","-0.3100","-0.5300","-0.6700","-0.5500","-0.8700","14.7900","36.6900","30.7700","29.2900","31.9500","55.3300","33.7300","14.7900","54.1400","44.9700","17.4600","24.8500","37.5700","20.4100","338","4/1/2025 16:37","11","3","3.6700","1.1000","0.3000","165.0000","25.0000","101.0000","24.0000","55.0000","-0.3000","1.2221","-0.0100","1.2400","0.9500","51.4800","92.9000","70.4100","93.2000","84.0200","12","2","52.6600","161.0000","-0.3700","0.2000","76.9200","79.0000","0.3400","2","60.9500","133.0000","-0.2100","0","73.0800","92.0000","-0.1800","0.0000","73.0800","92.0000","-0.2900","0","73.0800","92.0000","-0.3500","0.2000","90.8300","32.0000","1.1900","0.0000","73.0800","92.0000","-0.4600","0.0000","99.1100","4.0000","-0.0900","0","99.1100","4.0000","-0.0900","0.0000","99.1100","4.0000","-0.0900","0","99.1100","4.0000","-0.0900","6","0","0"
"AAD2023.06.02752","246","1517","114","University of Alaska Fairbanks","Mathematics and Statistics, Department of","Mathematics","17","196.0000","57","223.0000","14","190.0000","4.0700","240.0000","364","224.0000","14","182.0000","1.0000","1.0000","6","150.0000","10","148.0000","2182760.0000","143.0000","2","237.0000","2","225.0000","0","268.0000","0","268.0000","17","23","7","18","17","0.0000","-1.2000","268.0000","21.0100","0.0000","-0.9000","268.0000","21.0100","0.8200","0.2600","177.0000","47.9300","3.3500","-0.5100","223.0000","34.3200","0.8200","0.3900","160.0000","52.9600","21.4100","-0.3400","220.0000","35.2100","6.3900","-0.1700","196.0000","42.3100","0.3500","0.2400","124.0000","63.6100","0.5900","0.0000","124.0000","63.6100","128397.6500","-0.1000","122.0000","64.2000","218276.0000","0.0600","111.0000","67.4600","0.1200","-0.5800","255.0000","24.8500","0.1200","-0.7600","242.0000","28.7000","-0.4000","189.0000","44.3800","-0.6200","-0.8700","-0.3400","-0.2800","-0.3800","-0.5200","0.6014","-0.4800","-0.8300","-0.3800","-0.3000","-0.3400","-0.5800","-0.4300","33.7300","21.0100","46.4500","55.9200","44.0800","29.2900","100.0000","30.1800","21.0100","34.0200","57.9900","56.5100","34.3200","42.3100","338","4/1/2025 16:37","2","2","1.0000","0.1200","0.1200","192.0000","206.0000","225.0000","240.0000","206.0000","-0.5000","-0.5345","-0.4000","-0.5200","-0.4000","43.4900","39.3500","33.7300","29.2900","39.3500","12","2","52.6600","161.0000","-0.3700","0.1200","55.0300","153.0000","-0.1100","2","60.9500","133.0000","-0.2100","0","73.0800","92.0000","-0.1800","0.0000","73.0800","92.0000","-0.2900","0","73.0800","92.0000","-0.3500","0.1200","64.2000","122.0000","0.2700","0.0000","73.0800","92.0000","-0.4600","0.0000","99.1100","4.0000","-0.0900","0","99.1100","4.0000","-0.0900","0.0000","99.1100","4.0000","-0.0900","0","99.1100","4.0000","-0.0900","6","0","0"
"AAD2023.06.02752","250","1643","114","University of Arkansas","Mathematical Sciences, Department of","Mathematics","26","118.0000","125","141.0000","23","107.0000","5.4300","187.0000","2404","64.0000","23","103.0000","0.9600","154.0000","11","97.0000","12","136.0000","704892.0000","208.0000","19","108.0000","10","111.0000","5","144.0000","4","107.0000","17","23","7","18","17","0.1500","0.0700","142.0000","58.2800","0.1900","-0.2100","170.0000","50.0000","0.8800","0.5600","128.0000","62.4300","4.8100","-0.0600","177.0000","47.9300","0.8800","0.6500","103.0000","69.8200","92.4600","0.3300","47.0000","86.3900","19.2300","0.4200","24.0000","93.2000","0.4200","0.5300","98.0000","71.3000","0.4600","-0.2100","154.0000","54.7300","27111.2300","-0.5600","230.0000","32.2500","58741.0000","-0.6300","274.0000","19.2300","0.7300","-0.0600","113.0000","66.8600","0.3800","0.2700","120.0000","64.7900","-0.2000","155.0000","54.4400","0.0000","-0.0100","0.2400","0.1600","0.2000","-0.1600","0.3764","-0.1700","-0.2100","0.1800","-0.4600","-0.2700","-0.1300","0.1300","67.4600","68.6400","69.8200","71.6000","68.6400","44.9700","54.7300","68.3400","57.6900","81.3600","38.7600","60.0600","58.5800","65.3800","338","4/1/2025 16:37","1","1","1.0000","0.0400","0.0400","232.0000","206.0000","247.0000","283.0000","282.0000","-0.7100","-0.5345","-0.4400","-0.6700","-0.9900","31.6600","39.3500","27.2200","16.5700","16.8600","12","2","52.6600","161.0000","-0.3700","0.0800","42.3100","196.0000","-0.3300","2","60.9500","133.0000","-0.2100","0","73.0800","92.0000","-0.1800","0.0000","73.0800","92.0000","-0.2900","0","73.0800","92.0000","-0.3500","0.0800","45.8600","184.0000","-0.1900","0.0000","73.0800","92.0000","-0.4600","0.0000","99.1100","4.0000","-0.0900","0","99.1100","4.0000","-0.0900","0.0000","99.1100","4.0000","-0.0900","0","99.1100","4.0000","-0.0900","6","0","0"
"AAD2023.06.02752","251","1686","114","University of California, Berkeley","Mathematics, Department of","Mathematics","57","17.0000","441","20.0000","54","12.0000","8.1700","72.0000","6509","14.0000","55","12.0000","1.0000","1.0000","39","12.0000","102","6.0000","59835642.0000","2.0000","265","5.0000","52","5.0000","26","13.0000","18","7.0000","17","23","7","18","17","0.3200","1.4200","28.0000","92.0100","0.4600","0.7400","54.0000","84.3200","0.9500","0.8700","58.0000","83.1400","7.7400","0.8300","61.0000","82.2500","0.9600","1.0000","24.0000","93.2000","114.1900","0.5400","30.0000","91.4200","14.7600","0.2100","43.0000","87.5700","0.6800","1.5900","32.0000","90.8300","1.7900","1.9500","22.0000","93.7900","1049748.1100","4.0600","5.0000","98.8200","586623.9400","1.6600","16.0000","95.5600","4.6500","3.2600","7.0000","98.2200","0.9100","2.2800","9.0000","97.6300","0.9000","11.0000","97.0400","3.2800","3.0100","2.3000","2.6300","2.2000","0.5600","0.6014","4.4100","2.4000","1.3100","5.9300","3.0100","1.9800","2.0800","98.8200","98.2200","96.7500","96.7500","96.7500","78.9900","100.0000","98.8200","96.4500","96.1500","99.7000","98.5200","94.3800","95.2700","338","4/1/2025 16:37","56","17","3.2900","0.9800","0.3000","8.0000","40.0000","6.0000","34.0000","56.0000","2.5700","0.9721","1.9300","1.0300","0.9300","97.9300","88.4600","98.5200","90.2400","83.7300","12","18","99.1100","4.0000","3.2600","0.3200","92.0100","28.0000","0.9600","12","99.4100","3.0000","3.2000","8","95.8600","15.0000","0.5800","0.1400","91.1200","31.0000","0.5200","2","94.9700","18.0000","1.0000","0.2100","92.9000","25.0000","1.3100","0.0400","84.0200","55.0000","0.5000","0.0000","99.1100","4.0000","-0.0900","0","99.1100","4.0000","-0.0900","0.0000","99.1100","4.0000","-0.0900","0","99.1100","4.0000","-0.0900","6","0","0"
"AAD2023.06.02752","252","1736","114","University of California, Davis","Mathematics, Department of","Mathematics","49","30.0000","267","58.0000","47","28.0000","5.6800","175.0000","2301","67.0000","44","30.0000","0.9200","212.0000","29","25.0000","61","30.0000","15704188.0000","31.0000","86","31.0000","34","22.0000","19","32.0000","9","37.0000","17","23","7","18","17","0.1800","0.3200","114.0000","66.5700","0.3900","0.4900","77.0000","77.5100","0.9600","0.9300","45.0000","86.9800","5.4500","0.1300","143.0000","57.9900","0.9000","0.7100","93.0000","72.7800","46.9600","-0.1000","132.0000","61.2400","8.6200","-0.0700","125.0000","63.3100","0.5900","1.2200","54.0000","84.3200","1.2400","1.0600","53.0000","84.6200","320493.6300","0.7700","45.0000","86.9800","257445.7000","0.2300","80.0000","76.6300","1.7600","0.8100","39.0000","88.7600","0.6900","1.4500","40.0000","88.4600","0.4000","47.0000","86.3900","1.8800","1.0700","1.5900","1.7400","1.7500","-0.1000","0.1515","1.0800","1.5300","0.1500","1.1600","1.5100","0.8200","1.5800","93.7900","89.3500","91.4200","92.9000","92.0100","48.5200","37.5700","91.1200","90.8300","80.4700","91.1200","91.4200","83.1400","91.4200","338","4/1/2025 16:37","15","9","1.6700","0.3100","0.1800","41.0000","148.0000","72.0000","152.0000","141.0000","0.9300","-0.0937","0.1600","-0.1900","0.0800","88.1700","56.5100","78.9900","55.3300","58.5800","12","13","94.6700","19.0000","2.1300","0.2700","87.8700","42.0000","0.6900","10","97.3400","10.0000","2.5200","8","95.8600","15.0000","0.5800","0.1600","91.7200","29.0000","0.6500","3","96.7500","12.0000","1.6700","0.2000","91.1200","31.0000","1.2400","0.0600","89.6500","36.0000","1.2100","0.0000","99.1100","4.0000","-0.0900","0","99.1100","4.0000","-0.0900","0.0000","99.1100","4.0000","-0.0900","0","99.1100","4.0000","-0.0900","6","0","0"
"AAD2023.06.02752","254","1806","114","University of California, Los Angeles","Mathematics, Department of","Mathematics","51","28.0000","604","4.0000","49","25.0000","12.3300","10.0000","8524","11.0000","49","23.0000","1.0000","1.0000","40","10.0000","127","2.0000","56898027.0000","3.0000","229","6.0000","50","6.0000","35","5.0000","17","9.0000","17","23","7","18","17","0.3300","1.5600","21.0000","94.0800","0.6900","1.5600","18.0000","94.9700","0.9600","0.9300","42.0000","87.8700","11.8400","2.0900","9.0000","97.6300","0.9600","0.9800","27.0000","92.3100","167.1400","1.0500","19.0000","94.6700","14.1100","0.1800","49.0000","85.8000","0.7800","2.0000","13.0000","96.4500","2.4900","3.0900","4.0000","99.1100","1115647.5900","4.3600","4.0000","99.1100","448015.9600","1.0600","29.0000","91.7200","4.4900","3.1200","8.0000","97.9300","0.9800","2.5400","3.0000","99.4100","1.2000","3.0000","99.4100","3.1200","2.8000","1.9100","2.7200","1.8800","1.6500","0.6014","3.7400","3.5200","1.8700","5.6100","3.9200","3.0700","1.7000","98.5200","97.6300","93.4900","97.3400","92.9000","97.3400","100.0000","98.5200","98.8200","97.0400","99.4100","99.7000","99.1100","92.0100","338","4/1/2025 16:37","144","19","7.5800","2.8200","0.3700","4.0000","3.0000","3.0000","5.0000","27.0000","2.9800","3.7945","5.7400","4.3400","1.4800","99.1100","99.4100","99.4100","98.8200","92.3100","12","18","99.1100","4.0000","3.2600","0.3500","94.0800","21.0000","1.1600","11","98.5200","6.0000","2.8600","15","98.5200","6.0000","1.2500","0.2900","95.8600","15.0000","1.4100","7","99.7000","2.0000","4.3700","0.2200","93.4900","23.0000","1.3700","0.1400","97.6300","9.0000","3.2700","0.0000","99.1100","4.0000","-0.0900","0","99.1100","4.0000","-0.0900","0.0000","99.1100","4.0000","-0.0900","0","99.1100","4.0000","-0.0900","6","0","0"
"AAD2023.06.02752","255","1860","114","University of California, Riverside","Mathematics, Department of","Mathematics","31","83.0000","179","94.0000","30","68.0000","5.9700","160.0000","10178","9.0000","29","70.0000","0.9700","138.0000","14","81.0000","19","102.0000","4225793.0000","100.0000","25","90.0000","14","83.0000","6","121.0000","3","131.0000","17","23","7","18","17","0.1000","-0.4000","208.0000","38.7600","0.1900","-0.2000","169.0000","50.3000","0.9700","0.9700","34.0000","90.2400","5.7700","0.2300","138.0000","59.4700","0.9400","0.8700","47.0000","86.3900","328.3200","2.5800","7.0000","98.2200","56.8600","2.1500","4.0000","99.1100","0.4500","0.6400","92.0000","73.0800","0.6100","0.0400","119.0000","65.0900","136315.9000","-0.0600","116.0000","65.9800","222410.1600","0.0800","110.0000","67.7500","0.8100","0.0000","105.0000","69.2300","0.4500","0.5200","98.0000","71.3000","0.2000","74.0000","78.4000","0.3100","-0.2200","0.6200","0.4200","0.6500","-0.0200","0.4214","-0.0500","-0.0800","2.3300","-0.0800","-0.0100","0.2300","0.4500","75.7400","61.5400","79.5900","76.3300","80.1800","52.9600","59.4700","73.6700","64.5000","97.6300","70.7100","70.1200","72.4900","75.7400","338","4/1/2025 16:37","3","3","1.0000","0.1000","0.1000","165.0000","206.0000","199.0000","247.0000","229.0000","-0.3000","-0.5345","-0.3600","-0.5600","-0.5600","51.4800","39.3500","41.4200","27.2200","32.5400","12","5","75.7400","83.0000","0.3100","0.1600","69.2300","105.0000","0.1300","5","84.6200","53.0000","0.8100","1","82.2500","61.0000","-0.0900","0.0300","78.1100","75.0000","-0.1000","1","90.5300","33.0000","0.3200","0.1600","78.7000","73.0000","0.7600","0.0300","82.2500","61.0000","0.4200","0.0000","99.1100","4.0000","-0.0900","0","99.1100","4.0000","-0.0900","0.0000","99.1100","4.0000","-0.0900","0","99.1100","4.0000","-0.0900","6","0","0"
"AAD2023.06.02752","256","1888","114","University of California, San Diego","Mathematics, Department of","Mathematics","58","13.0000","480","14.0000","53","14.0000","9.0600","46.0000","3311","42.0000","55","12.0000","1.0000","1.0000","43","6.0000","104","5.0000","20199998.0000","24.0000","128","17.0000","44","11.0000","27","12.0000","15","12.0000","17","23","7","18","17","0.2600","0.9400","57.0000","83.4300","0.4700","0.7700","51.0000","85.2100","0.9100","0.7000","96.0000","71.8900","8.2800","1.0000","46.0000","86.6900","0.9500","0.9300","40.0000","88.4600","57.0900","0.0000","102.0000","70.1200","6.9000","-0.1500","171.0000","49.7000","0.7400","1.8300","21.0000","94.0800","1.7900","1.9500","21.0000","94.0800","348275.8300","0.8900","38.0000","89.0500","194230.7500","-0.0400","135.0000","60.3600","2.2100","1.1900","24.0000","93.2000","0.7600","1.7000","26.0000","92.6000","0.7000","18.0000","94.9700","2.6600","2.3700","2.3000","2.9800","2.1400","0.7900","0.6014","1.8600","2.5300","0.4300","1.6400","3.0800","2.2400","2.1400","97.0400","96.7500","96.7500","98.5200","96.1500","86.6900","100.0000","95.2700","96.7500","87.8700","93.2000","98.8200","96.1500","96.4500","338","4/1/2025 16:37","24","12","2.0000","0.4100","0.2100","18.0000","109.0000","33.0000","114.0000","120.0000","1.5400","0.1234","0.5500","0.0100","0.2600","94.9700","68.0500","90.5300","66.5700","64.7900","12","14","97.0400","11.0000","2.3500","0.2400","84.0200","55.0000","0.5600","10","97.3400","10.0000","2.5200","2","88.1700","41.0000","0.0100","0.0300","79.2900","71.0000","-0.0900","1","90.5300","33.0000","0.3200","0.1700","83.1400","58.0000","0.8800","0.0200","74.5600","87.0000","0.0100","0.0000","99.1100","4.0000","-0.0900","0","99.1100","4.0000","-0.0900","0.0000","99.1100","4.0000","-0.0900","0","99.1100","4.0000","-0.0900","6","0","0"
"AAD2023.06.02752","259","1935","114","University of California, Santa Cruz","Mathematics, Department of","Mathematics","17","196.0000","85","179.0000","14","190.0000","6.0700","155.0000","382","220.0000","15","174.0000","1.0000","1.0000","7","140.0000","10","148.0000","1490267.0000","163.0000","17","119.0000","9","121.0000","4","156.0000","2","171.0000","17","23","7","18","17","0.1200","-0.2300","184.0000","45.8600","0.2400","-0.0500","144.0000","57.6900","0.8200","0.2600","177.0000","47.9300","5.0000","0.0000","167.0000","50.8900","0.8800","0.6400","108.0000","68.3400","22.4700","-0.3300","213.0000","37.2800","4.4900","-0.2600","268.0000","21.0100","0.4100","0.4800","101.0000","70.4100","0.5900","0.0000","124.0000","63.6100","87662.7600","-0.2800","154.0000","54.7300","149026.7000","-0.2400","188.0000","44.6700","1.0000","0.1700","85.0000","75.1500","0.5300","0.8200","78.0000","77.2200","-0.1000","132.0000","61.2400","-0.0800","-0.4400","-0.2800","-0.2000","-0.3800","0.0100","0.6014","-0.2000","-0.3300","-0.3700","-0.3800","-0.3400","-0.3900","-0.4300","64.5000","49.7000","48.8200","58.8800","44.0800","54.4400","100.0000","65.0900","54.1400","35.2100","52.0700","56.5100","47.3400","42.3100","338","4/1/2025 16:37","0","0","0.0000","0.0000","0.0000","287.0000","287.0000","287.0000","287.0000","287.0000","-0.9100","-1.1925","-0.4900","-0.7400","-1.2800","15.3800","15.3800","15.3800","15.3800","15.3800","12","5","75.7400","83.0000","0.3100","0.2900","90.5300","33.0000","0.8400","4","78.1100","75.0000","0.4700","0","73.0800","92.0000","-0.1800","0.0000","73.0800","92.0000","-0.2900","0","73.0800","92.0000","-0.3500","0.2400","95.8600","15.0000","1.5900","0.0000","73.0800","92.0000","-0.4600","0.0000","99.1100","4.0000","-0.0900","0","99.1100","4.0000","-0.0900","0.0000","99.1100","4.0000","-0.0900","0","99.1100","4.0000","-0.0900","6","0","0"
"AAD2023.06.02752","25","1951","114","Bowling Green State University","Mathematics and Statistics, Department of","Mathematics","19","179.0000","83","183.0000","16","170.0000","5.1900","194.0000","393","219.0000","15","174.0000","0.9400","182.0000","2","204.0000","3","211.0000","1317512.0000","171.0000","5","196.0000","3","195.0000","3","179.0000","2","171.0000","17","23","7","18","17","0.1100","-0.3300","198.0000","41.7200","0.1600","-0.3300","189.0000","44.3800","0.8400","0.3500","167.0000","50.8900","4.3700","-0.2000","185.0000","45.5600","0.7900","0.2400","181.0000","46.7500","20.6800","-0.3500","224.0000","34.0200","4.7300","-0.2500","259.0000","23.6700","0.1100","-0.7700","243.0000","28.4000","0.1600","-0.7000","230.0000","32.2500","69342.7400","-0.3700","172.0000","49.4100","439170.6700","1.0200","30.0000","91.4200","0.2600","-0.4600","202.0000","40.5300","0.1600","-0.6000","218.0000","35.8000","-0.4000","189.0000","44.3800","-0.5500","-0.4400","-0.2800","-0.6400","-0.2600","-0.2300","0.2640","-0.4300","-0.4600","-0.3700","-0.4000","-0.5900","-0.4100","-0.3100","42.6000","49.7000","48.8200","39.9400","50.0000","42.9000","46.4500","42.3100","47.3400","35.5000","49.7000","37.8700","46.1500","47.3400","338","4/1/2025 16:37","4","2","2.0000","0.2100","0.1100","192.0000","109.0000","179.0000","184.0000","223.0000","-0.5000","0.1234","-0.3100","-0.3600","-0.5000","43.4900","68.0500","47.3400","45.8600","34.3200","12","0","28.9900","241.0000","-0.8300","0.0000","28.9900","241.0000","-0.7400","0","28.9900","241.0000","-0.9000","0","73.0800","92.0000","-0.1800","0.0000","73.0800","92.0000","-0.2900","0","73.0800","92.0000","-0.3500","0.0000","28.9900","241.0000","-1.0600","0.0000","73.0800","92.0000","-0.4600","0.0000","99.1100","4.0000","-0.0900","0","99.1100","4.0000","-0.0900","0.0000","99.1100","4.0000","-0.0900","0","99.1100","4.0000","-0.0900","6","0","0"
"AAD2023.06.02752","260","1972","114","University of Central Florida","Mathematics, Department of","Mathematics","40","48.0000","341","40.0000","37","42.0000","9.2200","44.0000","2930","52.0000","36","43.0000","0.9700","123.0000","18","57.0000","27","80.0000","3950717.0000","107.0000","23","95.0000","15","75.0000","24","18.0000","13","20.0000","17","23","7","18","17","0.3300","1.4900","27.0000","92.3100","0.6000","1.2500","27.0000","92.3100","0.9300","0.7600","81.0000","76.3300","8.5300","1.0700","38.0000","89.0500","0.9000","0.7200","90.0000","73.6700","73.2500","0.1500","68.0000","80.1800","8.5900","-0.0700","127.0000","62.7200","0.4500","0.6400","94.0000","72.4900","0.6800","0.1400","107.0000","68.6400","98767.9300","-0.2300","147.0000","56.8000","146322.8500","-0.2500","193.0000","43.2000","0.5800","-0.1900","141.0000","58.5800","0.3800","0.2300","123.0000","63.9100","0.2000","74.0000","78.4000","0.3900","1.9300","1.0700","0.7700","1.1000","0.8300","0.4555","-0.0900","2.1600","0.3300","-0.1100","0.2800","1.3200","1.0100","78.1100","94.3800","87.5700","83.4300","87.8700","87.2800","63.9100","72.1900","94.9700","84.9100","68.6400","76.6300","88.4600","86.0900","338","4/1/2025 16:37","16","8","2.0000","0.4000","0.2000","50.0000","109.0000","63.0000","119.0000","121.0000","0.7200","0.1234","0.2000","-0.0200","0.2100","85.5000","68.0500","81.6600","65.0900","64.5000","12","9","88.7600","39.0000","1.2200","0.2300","81.3600","64.0000","0.4700","7","92.0100","28.0000","1.4900","12","97.0400","11.0000","0.9600","0.3000","96.1500","14.0000","1.4400","2","94.9700","18.0000","1.0000","0.1800","84.6200","53.0000","0.9100","0.0500","88.1700","41.0000","0.9000","0.0000","99.1100","4.0000","-0.0900","0","99.1100","4.0000","-0.0900","0.0000","99.1100","4.0000","-0.0900","0","99.1100","4.0000","-0.0900","6","0","0"
"AAD2023.06.02752","266","1994","114","University of Colorado Denver","Mathematical and Statistical Sciences, Department of","Mathematics","18","186.0000","112","154.0000","15","181.0000","7.4700","99.0000","1177","129.0000","14","182.0000","0.8800","243.0000","9","113.0000","17","107.0000","3795162.0000","109.0000","12","141.0000","8","128.0000","7","105.0000","2","171.0000","17","23","7","18","17","0.1100","-0.2800","189.0000","44.3800","0.3900","0.5000","75.0000","78.1100","0.8300","0.3000","170.0000","50.0000","6.2200","0.3700","119.0000","65.0900","0.7800","0.1900","191.0000","43.7900","65.3900","0.0800","78.0000","77.2200","10.5100","0.0200","83.0000","75.7400","0.5000","0.8400","70.0000","79.5900","0.9400","0.5800","81.0000","76.3300","210842.3300","0.2700","80.0000","76.6300","223244.8200","0.0800","109.0000","68.0500","0.6700","-0.1100","123.0000","63.9100","0.4400","0.4900","100.0000","70.7100","0.2000","74.0000","78.4000","-0.1600","-0.4400","-0.3400","-0.0200","-0.3200","0.3700","-0.0734","-0.3000","0.0400","-0.1500","-0.1300","-0.0900","-0.2100","-0.3700","62.4300","49.7000","46.4500","66.8600","46.7500","71.0100","28.4000","58.5800","69.2300","62.1300","68.0500","68.6400","54.7300","45.2700","338","4/1/2025 16:37","56","8","7.0000","3.1100","0.4400","50.0000","6.0000","6.0000","3.0000","16.0000","0.7200","3.4129","1.9300","4.8500","2.0200","85.5000","98.5200","98.5200","99.4100","95.5600","12","1","43.2000","193.0000","-0.6000","0.0600","35.8000","218.0000","-0.4400","1","46.4500","182.0000","-0.5600","0","73.0800","92.0000","-0.1800","0.0000","73.0800","92.0000","-0.2900","0","73.0800","92.0000","-0.3500","0.0600","37.5700","212.0000","-0.4300","0.0000","73.0800","92.0000","-0.4600","0.0000","99.1100","4.0000","-0.0900","0","99.1100","4.0000","-0.0900","0.0000","99.1100","4.0000","-0.0900","0","99.1100","4.0000","-0.0900","6","0","0"
"AAD2023.06.02752","267","2034","114","University of Connecticut","Mathematics, Department of","Mathematics","41","47.0000","344","38.0000","36","44.0000","9.5600","39.0000","2603","60.0000","34","48.0000","0.9400","175.0000","19","51.0000","36","67.0000","6576985.0000","75.0000","52","49.0000","22","44.0000","20","29.0000","14","16.0000","17","23","7","18","17","0.3400","1.6300","20.0000","94.3800","0.4900","0.8500","48.0000","86.0900","0.8800","0.5200","133.0000","60.9500","8.3900","1.0300","44.0000","87.2800","0.8300","0.4200","156.0000","54.1400","63.4900","0.0600","80.0000","76.6300","7.5700","-0.1200","148.0000","56.5100","0.4600","0.6900","88.0000","74.2600","0.8800","0.4700","91.0000","73.3700","160414.2700","0.0400","105.0000","69.2300","182694.0300","-0.0900","152.0000","55.3300","1.2700","0.4000","63.0000","81.6600","0.5400","0.8500","73.0000","78.7000","0.2000","74.0000","78.4000","0.9400","2.1500","0.9400","0.8600","1.0400","0.9200","0.3015","0.4500","1.6600","0.2400","0.1700","0.6100","1.3400","1.0700","87.2800","95.5600","86.0900","85.2100","87.2800","88.7600","48.5200","85.8000","91.7200","82.5400","78.1100","80.4700","89.0500","86.3900","338","4/1/2025 16:37","17","9","1.8900","0.4100","0.2200","41.0000","131.0000","57.0000","113.0000","110.0000","0.9300","0.0510","0.2500","0.0100","0.3500","88.1700","61.5400","83.4300","66.8600","67.7500","12","10","91.4200","30.0000","1.4500","0.2400","84.9100","52.0000","0.5700","4","78.1100","75.0000","0.4700","2","88.1700","41.0000","0.0100","0.0500","82.8400","59.0000","-0.0100","1","90.5300","33.0000","0.3200","0.1000","55.6200","151.0000","0.0400","0.0200","78.1100","75.0000","0.2100","0.0000","99.1100","4.0000","-0.0900","0","99.1100","4.0000","-0.0900","0.0000","99.1100","4.0000","-0.0900","0","99.1100","4.0000","-0.0900","6","0","0"
"AAD2023.06.02752","26","2074","114","Brandeis University","Mathematics, Department of","Mathematics","15","219.0000","125","141.0000","14","190.0000","8.9300","52.0000","1075","136.0000","15","174.0000","1.0000","1.0000","9","113.0000","17","107.0000","4192569.0000","101.0000","20","106.0000","6","146.0000","5","144.0000","3","131.0000","17","23","7","18","17","0.2000","0.4600","91.0000","73.3700","0.3300","0.3000","96.0000","71.8900","0.9300","0.8000","73.0000","78.7000","8.3300","1.0200","45.0000","86.9800","1.0000","1.1500","1.0000","100.0000","71.6700","0.1400","71.0000","79.2900","8.6000","-0.0700","126.0000","63.0200","0.6000","1.2500","49.0000","85.8000","1.1300","0.8800","66.0000","80.7700","279504.6000","0.5800","54.0000","84.3200","246621.7100","0.1800","89.0000","73.9600","1.3300","0.4500","61.0000","82.2500","0.4000","0.3200","112.0000","67.1600","0.5000","37.0000","89.3500","-0.3100","-0.2200","-0.2800","-0.0200","-0.3800","0.7600","0.6014","-0.1500","-0.2100","-0.1800","-0.0900","-0.0900","-0.1300","-0.5600","57.1000","61.5400","48.8200","66.8600","44.0800","84.9100","100.0000","68.9300","57.6900","60.0600","70.4100","68.6400","58.5800","35.5000","338","4/1/2025 16:37","8","6","1.3300","0.5300","0.4000","80.0000","187.0000","138.0000","81.0000","23.0000","0.3200","-0.3174","-0.1400","0.2200","1.6900","76.6300","44.9700","59.4700","76.3300","93.4900","12","1","43.2000","193.0000","-0.6000","0.0700","40.8300","201.0000","-0.3800","1","46.4500","182.0000","-0.5600","0","73.0800","92.0000","-0.1800","0.0000","73.0800","92.0000","-0.2900","0","73.0800","92.0000","-0.3500","0.0700","43.2000","193.0000","-0.3100","0.0000","73.0800","92.0000","-0.4600","0.0000","99.1100","4.0000","-0.0900","0","99.1100","4.0000","-0.0900","0.0000","99.1100","4.0000","-0.0900","0","99.1100","4.0000","-0.0900","6","0","0"
"AAD2023.06.02752","270","2105","114","University of Delaware","Mathematical Sciences, Department of","Mathematics","35","63.0000","510","9.0000","35","49.0000","14.5700","5.0000","7531","12.0000","34","48.0000","0.9700","125.0000","21","47.0000","38","64.0000","11187887.0000","47.0000","32","76.0000","18","62.0000","21","23.0000","12","23.0000","17","23","7","18","17","0.3400","1.6400","19.0000","94.6700","0.6000","1.2500","27.0000","92.3100","1.0000","1.1300","1.0000","100.0000","14.5700","2.9200","3.0000","99.4100","0.9700","1.0300","19.0000","94.6700","215.1700","1.5000","13.0000","96.4500","14.7700","0.2100","42.0000","87.8700","0.6000","1.2500","49.0000","85.8000","1.0900","0.8100","70.0000","79.5900","319653.9100","0.7600","47.0000","86.3900","294418.0800","0.3900","62.0000","81.9500","0.9100","0.1000","91.0000","73.3700","0.5100","0.7600","82.0000","76.0400","0.7000","18.0000","94.9700","0.6300","1.7200","0.9400","1.0400","0.9700","2.2400","0.4471","0.0800","1.7800","1.6000","0.6700","0.6800","2.4400","0.7000","81.9500","93.4900","86.0900","86.3900","85.8000","98.8200","63.3100","77.8100","93.4900","96.7500","86.3900","81.3600","97.6300","81.6600","338","4/1/2025 16:37","73","11","6.6400","2.0900","0.3100","25.0000","7.0000","5.0000","8.0000","49.0000","1.3400","3.1761","2.6700","3.0100","1.0500","92.9000","98.2200","98.8200","97.9300","85.8000","12","20","99.4100","3.0000","3.7200","0.5700","97.9300","8.0000","2.3300","11","98.5200","6.0000","2.8600","2","88.1700","41.0000","0.0100","0.0600","84.0200","55.0000","0.0400","1","90.5300","33.0000","0.3200","0.3100","99.1100","4.0000","2.4800","0.0300","79.5900","70.0000","0.3200","0.0000","99.1100","4.0000","-0.0900","0","99.1100","4.0000","-0.0900","0.0000","99.1100","4.0000","-0.0900","0","99.1100","4.0000","-0.0900","6","0","0"
"AAD2023.06.02752","273","2162","114","University of Florida","Mathematics, Department of","Mathematics","43","42.0000","383","29.0000","41","36.0000","9.3400","40.0000","3982","31.0000","38","38.0000","0.9300","200.0000","17","63.0000","39","57.0000","4858193.0000","92.0000","44","58.0000","26","37.0000","25","14.0000","11","27.0000","17","23","7","18","17","0.2600","0.9200","59.0000","82.8400","0.5800","1.1900","31.0000","91.1200","0.9500","0.9000","54.0000","84.3200","8.9100","1.1900","31.0000","91.1200","0.8800","0.6500","107.0000","68.6400","92.6000","0.3400","46.0000","86.6900","10.4000","0.0100","85.0000","75.1500","0.4000","0.4100","106.0000","68.9300","0.9100","0.5200","88.0000","74.2600","112981.2300","-0.1700","137.0000","59.7600","124569.0500","-0.3500","229.0000","32.5400","1.0200","0.1900","83.0000","75.7400","0.6000","1.1100","58.0000","83.1400","0.3000","62.0000","81.9500","1.2500","1.5000","1.2000","0.6900","1.3600","0.8600","0.2064","0.3000","2.2800","0.6200","-0.0100","0.7100","1.6000","1.2000","89.3500","92.3100","89.0500","81.6600","89.6500","88.4600","41.1200","83.1400","96.1500","91.1200","73.0800","83.4300","91.7200","87.8700","338","4/1/2025 16:37","10","7","1.4300","0.2300","0.1600","66.0000","179.0000","121.0000","175.0000","159.0000","0.5200","-0.2516","-0.0600","-0.3200","-0.0700","80.7700","47.3400","64.5000","48.5200","53.2500","12","12","93.4900","23.0000","1.9000","0.2800","89.0500","38.0000","0.7600","8","94.0800","21.0000","1.8300","1","82.2500","61.0000","-0.0900","0.0200","75.7400","83.0000","-0.1600","1","90.5300","33.0000","0.3200","0.1900","86.3900","47.0000","1.0300","0.0200","77.8100","76.0000","0.1700","0.0000","99.1100","4.0000","-0.0900","0","99.1100","4.0000","-0.0900","0.0000","99.1100","4.0000","-0.0900","0","99.1100","4.0000","-0.0900","6","0","0"
"AAD2023.06.02752","276","2215","114","University of Hawai'i - Manoa","Mathematics, Department of","Mathematics","26","118.0000","118","150.0000","25","90.0000","4.7200","214.0000","615","187.0000","22","112.0000","0.8800","241.0000","10","106.0000","17","107.0000","2363035.0000","136.0000","23","95.0000","13","92.0000","6","121.0000","3","131.0000","17","23","7","18","17","0.1200","-0.2500","185.0000","45.5600","0.2300","-0.0700","147.0000","56.8000","0.9600","0.9400","39.0000","88.7600","4.5400","-0.1500","183.0000","46.1500","0.8500","0.4900","140.0000","58.8800","23.6500","-0.3200","204.0000","39.9400","5.2100","-0.2300","241.0000","28.9900","0.3800","0.3700","111.0000","67.4600","0.6500","0.1000","116.0000","65.9800","90885.9600","-0.2700","152.0000","55.3300","139002.0600","-0.2800","202.0000","40.5300","0.8800","0.0700","97.0000","71.6000","0.5000","0.7100","85.0000","75.1500","-0.1000","132.0000","61.2400","0.2400","-0.2200","0.1700","0.0700","0.3300","-0.3500","-0.0464","-0.0900","-0.0800","-0.3100","-0.2800","-0.0900","-0.1700","0.1300","73.0800","61.5400","67.1600","68.9300","73.6700","36.9800","28.9900","72.1900","64.5000","44.9700","60.0600","68.6400","55.9200","65.3800","338","4/1/2025 16:37","10","4","2.5000","0.3800","0.1500","131.0000","80.0000","121.0000","127.0000","164.0000","-0.0900","0.4523","-0.0600","-0.0400","-0.1400","61.5400","76.6300","64.5000","62.7200","51.7800","12","7","85.5000","50.0000","0.7600","0.2700","88.4600","40.0000","0.7100","5","84.6200","53.0000","0.8100","0","73.0800","92.0000","-0.1800","0.0000","73.0800","92.0000","-0.2900","0","73.0800","92.0000","-0.3500","0.1900","89.0500","38.0000","1.1100","0.0000","73.0800","92.0000","-0.4600","0.0000","99.1100","4.0000","-0.0900","0","99.1100","4.0000","-0.0900","0.0000","99.1100","4.0000","-0.0900","0","99.1100","4.0000","-0.0900","6","0","0"
"AAD2023.06.02752","279","2292","114","University of Illinois Chicago","Mathematics, Statistics and Computer Science, Department of","Mathematics","47","32.0000","344","38.0000","46","29.0000","7.4800","98.0000","2202","71.0000","45","28.0000","0.9800","118.0000","37","15.0000","78","21.0000","24606789.0000","11.0000","93","28.0000","36","20.0000","8","89.0000","7","60.0000","17","23","7","18","17","0.1500","0.0300","150.0000","55.9200","0.1700","-0.2900","180.0000","47.0400","0.9800","1.0200","28.0000","92.0100","7.3200","0.7000","74.0000","78.4000","0.9600","0.9700","31.0000","91.1200","46.8500","-0.1000","133.0000","60.9500","6.4000","-0.1700","195.0000","42.6000","0.7900","2.0200","12.0000","96.7500","1.6600","1.7400","27.0000","92.3100","523548.7000","1.6800","22.0000","93.7900","315471.6500","0.4800","48.0000","86.0900","1.9800","1.0000","31.0000","91.1200","0.7700","1.7200","22.0000","93.7900","0.6000","27.0000","92.3100","2.0300","0.6400","1.6500","2.4500","1.6900","0.3800","0.4840","1.2100","0.1700","0.1300","2.1200","2.1300","1.3400","1.4500","94.3800","82.5400","92.0100","95.8600","91.7200","71.3000","65.3800","92.0100","73.9600","79.2900","97.0400","94.0800","89.0500","90.8300","338","4/1/2025 16:37","19","8","2.3800","0.4000","0.1700","50.0000","88.0000","51.0000","118.0000","151.0000","0.7200","0.3734","0.3300","-0.0100","-0.0200","85.5000","74.2600","85.2100","65.3800","55.6200","12","7","85.5000","50.0000","0.7600","0.1500","65.3800","118.0000","0.0600","7","92.0100","28.0000","1.4900","0","73.0800","92.0000","-0.1800","0.0000","73.0800","92.0000","-0.2900","0","73.0800","92.0000","-0.3500","0.1500","74.2600","88.0000","0.6200","0.0000","73.0800","92.0000","-0.4600","0.0000","99.1100","4.0000","-0.0900","0","99.1100","4.0000","-0.0900","0.0000","99.1100","4.0000","-0.0900","0","99.1100","4.0000","-0.0900","6","0","0"
"AAD2023.06.02752","281","2353","114","University of Iowa, The","Mathematics, Department of","Mathematics","26","118.0000","200","82.0000","24","96.0000","8.3300","67.0000","1360","117.0000","23","103.0000","0.9200","211.0000","8","124.0000","15","116.0000","2762623.0000","123.0000","38","64.0000","16","72.0000","9","79.0000","6","73.0000","17","23","7","18","17","0.2300","0.7100","76.0000","77.8100","0.3500","0.3400","92.0000","73.0800","0.9200","0.7500","83.0000","75.7400","7.6900","0.8200","62.0000","81.9500","0.8800","0.6500","103.0000","69.8200","52.3100","-0.0500","115.0000","66.2700","6.8000","-0.1600","180.0000","47.0400","0.3100","0.0600","145.0000","57.4000","0.5800","-0.0200","126.0000","63.0200","106254.7300","-0.2000","142.0000","58.2800","184174.8700","-0.0900","149.0000","56.2100","1.4600","0.5600","54.0000","84.3200","0.6200","1.1500","54.0000","84.3200","0.2000","74.0000","78.4000","0.4700","0.4300","0.2400","-0.1100","0.2600","0.6000","0.1695","0.1900","0.2900","-0.1000","-0.2400","-0.1600","0.3700","0.1300","78.9900","78.7000","69.8200","63.6100","71.8900","80.4700","37.8700","81.3600","76.9200","65.6800","63.9100","65.9800","76.0400","65.3800","338","4/1/2025 16:37","11","7","1.5700","0.4200","0.2700","66.0000","161.0000","101.0000","106.0000","70.0000","0.5200","-0.1595","-0.0100","0.0200","0.7200","80.7700","52.6600","70.4100","68.9300","79.5900","12","14","97.0400","11.0000","2.3500","0.5400","97.6300","9.0000","2.1500","6","89.6400","36.0000","1.1500","1","82.2500","61.0000","-0.0900","0.0400","81.0700","65.0000","-0.0700","1","90.5300","33.0000","0.3200","0.2300","95.2700","17.0000","1.5400","0.0400","85.2100","51.0000","0.5900","0.0000","99.1100","4.0000","-0.0900","0","99.1100","4.0000","-0.0900","0.0000","99.1100","4.0000","-0.0900","0","99.1100","4.0000","-0.0900","6","0","0"
"AAD2023.06.02752","282","2412","114","University of Kansas, The","Mathematics, Department of","Mathematics","31","83.0000","159","109.0000","27","83.0000","5.8900","163.0000","949","143.0000","27","81.0000","0.9300","193.0000","14","81.0000","26","83.0000","2672131.0000","127.0000","37","67.0000","15","75.0000","3","179.0000","3","131.0000","17","23","7","18","17","0.1000","-0.4000","208.0000","38.7600","0.1000","-0.5500","226.0000","33.4300","0.8700","0.4900","139.0000","59.1700","5.1300","0.0300","158.0000","53.5500","0.8700","0.5900","119.0000","65.0900","30.6100","-0.2500","185.0000","45.5600","5.9700","-0.1900","207.0000","39.0500","0.4500","0.6400","92.0000","73.0800","0.8400","0.4000","93.0000","72.7800","86197.7700","-0.2900","156.0000","54.1400","102774.2700","-0.4400","251.0000","26.0400","1.1900","0.3300","67.0000","80.4700","0.4800","0.6500","92.0000","73.0800","0.0000","113.0000","66.8600","0.3900","-0.2200","0.4900","0.4200","0.4600","-0.0400","0.2291","0.1700","-0.4600","-0.2200","-0.2500","0.2400","0.1000","0.4500","78.1100","61.5400","76.3300","76.3300","75.7400","52.0700","43.2000","80.4700","47.3400","57.9900","62.7200","75.7400","68.0500","75.7400","338","4/1/2025 16:37","6","6","1.0000","0.1900","0.1900","80.0000","206.0000","156.0000","193.0000","129.0000","0.3200","-0.5345","-0.2300","-0.3900","0.1600","76.6300","39.3500","54.1400","43.2000","62.1300","12","5","75.7400","83.0000","0.3100","0.1600","69.2300","105.0000","0.1300","5","84.6200","53.0000","0.8100","0","73.0800","92.0000","-0.1800","0.0000","73.0800","92.0000","-0.2900","0","73.0800","92.0000","-0.3500","0.1600","78.7000","73.0000","0.7600","0.0000","73.0800","92.0000","-0.4600","0.0000","99.1100","4.0000","-0.0900","0","99.1100","4.0000","-0.0900","0.0000","99.1100","4.0000","-0.0900","0","99.1100","4.0000","-0.0900","6","0","0"
"AAD2023.06.02752","284","2445","114","University of Louisiana at Lafayette","Mathematics, Department of","Mathematics","23","145.0000","154","116.0000","21","129.0000","7.3300","105.0000","848","154.0000","19","142.0000","0.9000","221.0000","5","157.0000","7","163.0000","924608.0000","193.0000","8","165.0000","5","154.0000","3","179.0000","3","131.0000","17","23","7","18","17","0.1300","-0.1200","171.0000","49.7000","0.1300","-0.4300","211.0000","37.8700","0.9100","0.7000","98.0000","71.3000","6.7000","0.5100","99.0000","71.0100","0.8300","0.4000","158.0000","53.5500","36.8700","-0.2000","162.0000","52.3700","5.5100","-0.2100","226.0000","33.4300","0.2200","-0.3100","177.0000","47.9300","0.3000","-0.4600","184.0000","45.8600","40200.3500","-0.5000","213.0000","37.2800","132086.8600","-0.3100","217.0000","36.0900","0.3500","-0.3800","184.0000","45.8600","0.2200","-0.3700","186.0000","45.2700","0.0000","113.0000","66.8600","-0.3900","-0.2200","-0.0200","-0.3700","0.0700","0.3400","0.0872","-0.3700","-0.4600","-0.2500","-0.4400","-0.4500","0.0700","-0.0600","54.7300","61.5400","58.2800","53.8500","62.1300","69.2300","34.9100","51.4800","47.3400","54.7300","43.2000","52.0700","65.9800","57.4000","338","4/1/2025 16:37","3","3","1.0000","0.1300","0.1300","165.0000","206.0000","199.0000","231.0000","194.0000","-0.3000","-0.5345","-0.3600","-0.5000","-0.3100","51.4800","39.3500","41.4200","31.9500","42.9000","12","1","43.2000","193.0000","-0.6000","0.0400","33.4300","226.0000","-0.5100","1","46.4500","182.0000","-0.5600","0","73.0800","92.0000","-0.1800","0.0000","73.0800","92.0000","-0.2900","0","73.0800","92.0000","-0.3500","0.0400","34.3200","223.0000","-0.5700","0.0000","73.0800","92.0000","-0.4600","0.0000","99.1100","4.0000","-0.0900","0","99.1100","4.0000","-0.0900","0.0000","99.1100","4.0000","-0.0900","0","99.1100","4.0000","-0.0900","6","0","0"
"AAD2023.06.02752","28","2489","114","Brown University","Mathematics, Department of","Mathematics","20","174.0000","144","124.0000","20","138.0000","7.2000","112.0000","827","155.0000","20","135.0000","1.0000","1.0000","17","63.0000","38","64.0000","35312487.0000","7.0000","75","35.0000","18","62.0000","15","45.0000","10","31.0000","17","23","7","18","17","0.5000","2.9500","2.0000","99.7000","0.7500","1.7900","13.0000","96.4500","1.0000","1.1300","1.0000","100.0000","7.2000","0.6700","84.0000","75.4400","1.0000","1.1500","1.0000","100.0000","41.3500","-0.1500","149.0000","56.2100","5.7400","-0.2000","215.0000","36.6900","0.8500","2.2700","4.0000","99.1100","1.9000","2.1300","15.0000","95.8600","1765624.3500","7.2900","1.0000","100.0000","929275.9700","3.1400","3.0000","99.4100","3.7500","2.5000","12.0000","96.7500","0.9000","2.2400","10.0000","97.3400","0.9000","11.0000","97.0400","0.6300","1.2900","0.0400","0.6900","0.0000","0.3000","0.6014","0.8800","1.0400","-0.2500","3.2800","0.6800","0.0000","-0.2500","81.9500","91.1200","60.3600","81.6600","59.4700","67.1600","100.0000","89.9400","86.9800","54.4400","98.2200","81.3600","63.6100","48.8200","338","4/1/2025 16:37","3","2","1.5000","0.1500","0.1000","192.0000","163.0000","199.0000","217.0000","226.0000","-0.5000","-0.2056","-0.3600","-0.4700","-0.5400","43.4900","52.0700","41.4200","36.0900","33.4300","12","1","43.2000","193.0000","-0.6000","0.0500","34.3200","223.0000","-0.4700","1","46.4500","182.0000","-0.5600","5","92.9000","25.0000","0.2900","0.2500","94.6700","19.0000","1.1500","3","96.7500","12.0000","1.6700","0.0500","35.5000","219.0000","-0.5000","0.1500","98.2200","7.0000","3.6200","0.0000","99.1100","4.0000","-0.0900","0","99.1100","4.0000","-0.0900","0.0000","99.1100","4.0000","-0.0900","0","99.1100","4.0000","-0.0900","6","0","0"
"AAD2023.06.02752","293","2542","114","University of Massachusetts Amherst","Mathematics and Statistics, Department of","Mathematics","52","25.0000","411","26.0000","50","24.0000","8.2200","69.0000","3797","33.0000","48","24.0000","0.9600","150.0000","26","32.0000","54","41.0000","9879047.0000","55.0000","59","43.0000","25","39.0000","14","50.0000","8","51.0000","17","23","7","18","17","0.1500","0.0700","142.0000","58.2800","0.2700","0.0700","120.0000","64.7900","0.9600","0.9400","39.0000","88.7600","7.9000","0.8800","54.0000","84.3200","0.9200","0.8200","62.0000","81.9500","73.0200","0.1500","69.0000","79.8800","9.2400","-0.0400","106.0000","68.9300","0.5000","0.8400","70.0000","79.5900","1.0400","0.7300","75.0000","78.1100","189981.6700","0.1800","89.0000","73.9600","182945.3100","-0.0900","151.0000","55.6200","1.1300","0.2800","72.0000","78.9900","0.4800","0.6300","93.0000","72.7800","0.2000","74.0000","78.4000","1.1700","0.8600","1.8500","1.4800","1.9500","0.5700","0.3854","0.5800","0.9100","0.5700","0.5300","1.2600","1.7800","1.7600","88.7600","85.2100","93.2000","90.8300","93.2000","79.8800","55.9200","87.5700","85.5000","90.5300","84.0200","88.1700","92.6000","92.9000","338","4/1/2025 16:37","8","5","1.6000","0.1500","0.1000","106.0000","157.0000","138.0000","211.0000","230.0000","0.1100","-0.1398","-0.1400","-0.4600","-0.5600","68.9300","53.8500","59.4700","37.8700","32.2500","12","4","70.1200","102.0000","0.0800","0.0800","42.3100","196.0000","-0.3300","4","78.1100","75.0000","0.4700","0","73.0800","92.0000","-0.1800","0.0000","73.0800","92.0000","-0.2900","0","73.0800","92.0000","-0.3500","0.0800","45.8600","184.0000","-0.1900","0.0000","73.0800","92.0000","-0.4600","0.0000","99.1100","4.0000","-0.0900","0","99.1100","4.0000","-0.0900","0.0000","99.1100","4.0000","-0.0900","0","99.1100","4.0000","-0.0900","6","0","0"
"AAD2023.06.02752","298","2594","114","University of Memphis","Mathematical Sciences, Department of","Mathematics","27","112.0000","156","113.0000","22","117.0000","7.0900","115.0000","822","158.0000","25","88.0000","0.9300","201.0000","5","157.0000","8","158.0000","1672631.0000","154.0000","17","119.0000","6","146.0000","32","6.0000","8","51.0000","17","23","7","18","17","0.3000","1.2600","36.0000","89.6500","1.1900","3.3500","4.0000","99.1100","0.8100","0.2100","184.0000","45.8600","5.7800","0.2300","137.0000","59.7600","0.9300","0.8300","60.0000","82.5400","30.4400","-0.2600","187.0000","44.9700","5.2700","-0.2300","235.0000","30.7700","0.1900","-0.4400","195.0000","42.6000","0.3000","-0.4800","187.0000","44.9700","61949.3000","-0.4000","183.0000","46.1500","209078.8800","0.0200","120.0000","64.7900","0.6300","-0.1500","128.0000","62.4300","0.2200","-0.3600","183.0000","46.1500","-0.1000","132.0000","61.2400","-0.3100","0.8600","0.3600","-0.3700","0.1300","0.2700","0.2015","-0.2000","3.1500","-0.2500","-0.3600","-0.4100","0.0800","0.1900","57.1000","85.2100","74.2600","53.8500","65.6800","66.2700","40.8300","65.0900","98.5200","53.5500","54.7300","53.5500","66.8600","67.1600","338","4/1/2025 16:37","15","12","1.2500","0.5600","0.4400","18.0000","194.0000","72.0000","75.0000","16.0000","1.5400","-0.3701","0.1600","0.2600","2.0200","94.9700","42.9000","78.9900","78.1100","95.5600","12","6","81.6600","63.0000","0.5400","0.2200","81.0700","65.0000","0.4500","5","84.6200","53.0000","0.8100","0","73.0800","92.0000","-0.1800","0.0000","73.0800","92.0000","-0.2900","0","73.0800","92.0000","-0.3500","0.1900","86.0900","48.0000","1.0300","0.0000","73.0800","92.0000","-0.4600","0.0000","99.1100","4.0000","-0.0900","0","99.1100","4.0000","-0.0900","0.0000","99.1100","4.0000","-0.0900","0","99.1100","4.0000","-0.0900","6","0","0"
"AAD2023.06.02752","29","2610","114","Bryn Mawr College","Mathematics Department","Mathematics","7","296.0000","18","277.0000","6","269.0000","3.0000","277.0000","96","275.0000","5","274.0000","0.8300","272.0000","2","204.0000","3","211.0000","320638.0000","245.0000","8","165.0000","3","195.0000","1","229.0000","1","215.0000","17","23","7","18","17","0.1400","-0.0200","151.0000","55.6200","0.1400","-0.3800","196.0000","42.3100","0.8600","0.4200","149.0000","56.2100","2.5700","-0.7500","251.0000","26.0400","0.7100","-0.0800","218.0000","35.8000","13.7100","-0.4200","248.0000","26.9200","5.3300","-0.2200","230.0000","32.2500","0.2900","-0.0300","152.0000","55.3300","0.4300","-0.2600","160.0000","52.9600","45805.4300","-0.4700","204.0000","39.9400","106879.3300","-0.4200","247.0000","27.2200","1.1400","0.2900","71.0000","79.2900","0.4300","0.4300","103.0000","69.8200","-0.5000","213.0000","37.2800","-0.5500","-0.6500","-0.9200","-0.6400","-0.9000","-0.8000","-0.2983","-0.3700","-0.7000","-0.4500","-0.5100","-0.5900","-0.8400","-1.0600","42.6000","36.6900","19.2300","39.9400","20.7100","18.3400","19.8200","51.4800","32.5400","18.9300","27.8100","37.8700","18.3400","12.7200","338","4/1/2025 16:37","0","0","0.0000","0.0000","0.0000","287.0000","287.0000","287.0000","287.0000","287.0000","-0.9100","-1.1925","-0.4900","-0.7400","-1.2800","15.3800","15.3800","15.3800","15.3800","15.3800","12","2","52.6600","161.0000","-0.3700","0.2900","89.9400","35.0000","0.8000","1","46.4500","182.0000","-0.5600","0","73.0800","92.0000","-0.1800","0.0000","73.0800","92.0000","-0.2900","0","73.0800","92.0000","-0.3500","0.1400","73.6700","90.0000","0.5500","0.0000","73.0800","92.0000","-0.4600","0.0000","99.1100","4.0000","-0.0900","0","99.1100","4.0000","-0.0900","0.0000","99.1100","4.0000","-0.0900","0","99.1100","4.0000","-0.0900","6","0","0"
"AAD2023.06.02752","302","2635","114","University of Mississippi, The","Mathematics, Department of","Mathematics","16","205.0000","73","193.0000","15","181.0000","4.8700","206.0000","449","213.0000","13","195.0000","0.8700","255.0000","5","157.0000","7","163.0000","811560.0000","201.0000","9","157.0000","4","170.0000","0","268.0000","0","268.0000","17","23","7","18","17","0.0000","-1.2000","268.0000","21.0100","0.0000","-0.9000","268.0000","21.0100","0.9400","0.8200","65.0000","81.0700","4.5600","-0.1400","182.0000","46.4500","0.8100","0.3400","165.0000","51.4800","28.0600","-0.2800","192.0000","43.4900","6.1500","-0.1900","202.0000","40.5300","0.3100","0.0800","141.0000","58.5800","0.4400","-0.2500","159.0000","53.2500","50722.5000","-0.4500","196.0000","42.3100","115937.1400","-0.3800","239.0000","29.5900","0.5600","-0.2000","144.0000","57.6900","0.2500","-0.2500","166.0000","51.1800","-0.2000","155.0000","54.4400","-0.4700","-0.8700","-0.4100","-0.3700","-0.3200","-0.3100","-0.1184","-0.3500","-0.8300","-0.3600","-0.4500","-0.4500","-0.4700","-0.5000","50.0000","21.0100","42.6000","53.8500","46.7500","39.3500","24.8500","53.8500","21.0100","37.2800","40.8300","52.0700","43.2000","39.6500","338","4/1/2025 16:37","0","0","0.0000","0.0000","0.0000","287.0000","287.0000","287.0000","287.0000","287.0000","-0.9100","-1.1925","-0.4900","-0.7400","-1.2800","15.3800","15.3800","15.3800","15.3800","15.3800","12","1","43.2000","193.0000","-0.6000","0.0600","38.4600","209.0000","-0.4000","1","46.4500","182.0000","-0.5600","0","73.0800","92.0000","-0.1800","0.0000","73.0800","92.0000","-0.2900","0","73.0800","92.0000","-0.3500","0.0600","40.5300","202.0000","-0.3500","0.0000","73.0800","92.0000","-0.4600","0.0000","99.1100","4.0000","-0.0900","0","99.1100","4.0000","-0.0900","0.0000","99.1100","4.0000","-0.0900","0","99.1100","4.0000","-0.0900","6","0","0"
"AAD2023.06.02752","311","2741","114","University of Nevada, Las Vegas","Mathematical Sciences, Department of","Mathematics","30","89.0000","127","139.0000","21","129.0000","6.0500","157.0000","685","178.0000","19","142.0000","0.8600","258.0000","2","204.0000","3","211.0000","898960.0000","195.0000","6","179.0000","3","195.0000","4","156.0000","4","107.0000","17","23","7","18","17","0.1300","-0.1000","166.0000","51.1800","0.1300","-0.4200","207.0000","39.0500","0.7000","-0.3500","244.0000","28.1100","4.2300","-0.2400","189.0000","44.3800","0.6300","-0.4300","249.0000","26.6300","22.8300","-0.3300","211.0000","37.8700","5.3900","-0.2200","228.0000","32.8400","0.0700","-0.9300","267.0000","21.3000","0.1000","-0.7900","256.0000","24.5600","29965.3300","-0.5500","224.0000","34.0200","299653.3300","0.4100","58.0000","83.1400","0.2000","-0.5100","223.0000","34.3200","0.1000","-0.8200","253.0000","25.4400","-0.6000","225.0000","33.7300","-0.5500","-0.0100","-0.0200","-0.6400","0.0700","0.0000","-0.1348","-0.4100","-0.3300","-0.2900","-0.4400","-0.5900","-0.1100","0.3800","42.6000","68.6400","58.2800","39.9400","62.1300","53.8500","23.9600","47.3400","54.1400","47.6300","42.6000","37.8700","59.1700","73.9600","338","4/1/2025 16:37","4","4","1.0000","0.1300","0.1300","131.0000","206.0000","179.0000","228.0000","189.0000","-0.0900","-0.5345","-0.3100","-0.5000","-0.2900","61.5400","39.3500","47.3400","32.8400","44.3800","12","0","28.9900","241.0000","-0.8300","0.0000","28.9900","241.0000","-0.7400","0","28.9900","241.0000","-0.9000","0","73.0800","92.0000","-0.1800","0.0000","73.0800","92.0000","-0.2900","0","73.0800","92.0000","-0.3500","0.0000","28.9900","241.0000","-1.0600","0.0000","73.0800","92.0000","-0.4600","0.0000","99.1100","4.0000","-0.0900","0","99.1100","4.0000","-0.0900","0.0000","99.1100","4.0000","-0.0900","0","99.1100","4.0000","-0.0900","6","0","0"
"AAD2023.06.02752","314","2804","114","University of New Mexico, The","Mathematics and Statistics, Department of","Mathematics","25","130.0000","133","133.0000","23","107.0000","5.7800","170.0000","1418","110.0000","22","112.0000","0.9200","212.0000","7","140.0000","9","154.0000","1171989.0000","180.0000","18","115.0000","7","136.0000","10","70.0000","5","92.0000","17","23","7","18","17","0.2000","0.4600","91.0000","73.3700","0.4000","0.5400","70.0000","79.5900","0.9200","0.7300","90.0000","73.6700","5.3200","0.0900","145.0000","57.4000","0.8800","0.6300","110.0000","67.7500","56.7200","-0.0100","104.0000","69.5300","10.6600","0.0200","82.0000","76.0400","0.2800","-0.0600","158.0000","53.5500","0.3600","-0.3700","171.0000","49.7000","46879.5600","-0.4700","200.0000","41.1200","130221.0000","-0.3200","220.0000","35.2100","0.7200","-0.0700","116.0000","65.9800","0.2800","-0.1300","155.0000","54.4400","0.0000","113.0000","66.8600","-0.2300","0.2100","0.1700","-0.2000","0.2000","-0.0700","0.1515","-0.1800","0.4100","-0.0900","-0.4100","-0.3800","-0.0700","0.0700","60.0600","73.0800","67.1600","58.8800","68.6400","50.0000","37.5700","66.2700","79.5900","67.7500","47.0400","54.7300","60.9500","61.8300","338","4/1/2025 16:37","14","6","2.3300","0.5600","0.2400","80.0000","91.0000","80.0000","74.0000","94.0000","0.3200","0.3405","0.1200","0.2700","0.5000","76.6300","73.3700","76.6300","78.4000","72.4900","12","2","52.6600","161.0000","-0.3700","0.0800","43.4900","192.0000","-0.3100","2","60.9500","133.0000","-0.2100","0","73.0800","92.0000","-0.1800","0.0000","73.0800","92.0000","-0.2900","0","73.0800","92.0000","-0.3500","0.0800","47.6300","178.0000","-0.1600","0.0000","73.0800","92.0000","-0.4600","0.0000","99.1100","4.0000","-0.0900","0","99.1100","4.0000","-0.0900","0.0000","99.1100","4.0000","-0.0900","0","99.1100","4.0000","-0.0900","6","0","0"
"AAD2023.06.02752","315","2822","114","University of New Orleans, The","Mathematics, Department of","Mathematics","5","320.0000","19","274.0000","4","290.0000","4.7500","211.0000","282","234.0000","3","299.0000","0.7500","295.0000","1","240.0000","3","211.0000","1267319.0000","174.0000","0","289.0000","0","289.0000","2","207.0000","1","215.0000","17","23","7","18","17","0.2000","0.4600","91.0000","73.3700","0.4000","0.5400","70.0000","79.5900","0.8000","0.1400","188.0000","44.6700","3.8000","-0.3700","206.0000","39.3500","0.6000","-0.5700","255.0000","24.8500","56.4000","-0.0100","105.0000","69.2300","14.8400","0.2200","41.0000","88.1700","0.2000","-0.3800","186.0000","45.2700","0.6000","0.0200","123.0000","63.9100","253463.8000","0.4600","64.0000","81.3600","422439.6700","0.9500","31.0000","91.1200","0.0000","-0.6800","289.0000","14.7900","0.0000","-1.2100","289.0000","14.7900","-0.3000","176.0000","48.2200","-0.7800","-0.6500","-1.0500","-0.7200","-1.0300","-0.3400","-0.7482","-0.5200","-0.5800","-0.4000","-0.4000","-0.5900","-0.8300","-1.1900","14.7900","36.6900","11.8300","29.2900","14.5000","37.8700","13.0200","14.7900","39.0500","31.0700","48.8200","37.8700","19.2300","5.6200","338","4/1/2025 16:37","0","0","0.0000","0.0000","0.0000","287.0000","287.0000","287.0000","287.0000","287.0000","-0.9100","-1.1925","-0.4900","-0.7400","-1.2800","15.3800","15.3800","15.3800","15.3800","15.3800","12","0","28.9900","241.0000","-0.8300","0.0000","28.9900","241.0000","-0.7400","0","28.9900","241.0000","-0.9000","0","73.0800","92.0000","-0.1800","0.0000","73.0800","92.0000","-0.2900","0","73.0800","92.0000","-0.3500","0.0000","28.9900","241.0000","-1.0600","0.0000","73.0800","92.0000","-0.4600","0.0000","99.1100","4.0000","-0.0900","0","99.1100","4.0000","-0.0900","0.0000","99.1100","4.0000","-0.0900","0","99.1100","4.0000","-0.0900","6","0","0"
"AAD2023.06.02752","317","2837","114","University of North Carolina Charlotte","Mathematics and Statistics, Department of","Mathematics","38","52.0000","271","55.0000","35","49.0000","7.7400","86.0000","1566","97.0000","34","48.0000","0.9400","175.0000","15","73.0000","21","98.0000","5322154.0000","85.0000","17","119.0000","9","121.0000","13","55.0000","9","37.0000","17","23","7","18","17","0.2400","0.7600","74.0000","78.4000","0.3400","0.3300","95.0000","72.1900","0.9200","0.7400","89.0000","73.9600","7.1300","0.6500","89.0000","73.9600","0.8900","0.7000","94.0000","72.4900","41.2100","-0.1500","152.0000","55.3300","5.7800","-0.2000","214.0000","36.9800","0.3900","0.4100","107.0000","68.6400","0.5500","-0.0600","131.0000","61.5400","140056.6800","-0.0500","114.0000","66.5700","253435.9000","0.2100","84.0000","75.4400","0.4500","-0.3000","164.0000","51.7800","0.2400","-0.3000","179.0000","47.3400","0.1000","99.0000","71.0100","-0.0800","1.0700","0.9400","0.5100","0.9700","0.4400","0.3015","-0.2000","0.7900","-0.0500","0.0400","0.0600","0.8500","0.8800","64.5000","89.3500","86.0900","78.7000","85.8000","74.8500","48.5200","65.0900","84.0200","71.6000","75.1500","71.3000","84.0200","84.9100","338","4/1/2025 16:37","13","9","1.4400","0.3400","0.2400","41.0000","178.0000","87.0000","142.0000","97.0000","0.9300","-0.2451","0.0700","-0.1200","0.4800","88.1700","47.6300","74.5600","58.2800","71.6000","12","6","81.6600","63.0000","0.5400","0.1600","68.3400","108.0000","0.1100","6","89.6400","36.0000","1.1500","0","73.0800","92.0000","-0.1800","0.0000","73.0800","92.0000","-0.2900","0","73.0800","92.0000","-0.3500","0.1600","77.5100","77.0000","0.7200","0.0000","73.0800","92.0000","-0.4600","0.0000","99.1100","4.0000","-0.0900","0","99.1100","4.0000","-0.0900","0.0000","99.1100","4.0000","-0.0900","0","99.1100","4.0000","-0.0900","6","0","0"
"AAD2023.06.02752","31","2892","114","California Institute of Technology","Mathematics, Department of","Mathematics","18","186.0000","178","95.0000","17","163.0000","10.4700","27.0000","3745","35.0000","18","149.0000","1.0000","1.0000","12","92.0000","21","98.0000","4027083.0000","103.0000","65","40.0000","17","68.0000","7","105.0000","2","171.0000","17","23","7","18","17","0.1100","-0.2800","189.0000","44.3800","0.3900","0.5000","75.0000","78.1100","0.9400","0.8500","60.0000","82.5400","9.8900","1.4900","18.0000","94.9700","1.0000","1.1500","1.0000","100.0000","208.0600","1.4300","14.0000","96.1500","21.0400","0.5000","19.0000","94.6700","0.6700","1.5200","35.0000","89.9400","1.1700","0.9400","63.0000","81.6600","223726.8300","0.3300","72.0000","78.9900","191765.8600","-0.0500","138.0000","59.4700","3.6100","2.3800","13.0000","96.4500","0.9400","2.4100","4.0000","99.1100","0.9000","11.0000","97.0400","0.5500","-0.4400","-0.0900","0.2500","-0.1900","1.1600","0.6014","0.6900","0.0400","0.5500","-0.1000","0.0600","0.2300","-0.3700","80.1800","49.7000","56.2100","73.0800","52.0700","92.3100","100.0000","88.4600","69.2300","89.9400","69.8200","71.3000","72.1900","45.2700","338","4/1/2025 16:37","12","5","2.4000","0.6700","0.2800","106.0000","87.0000","96.0000","55.0000","66.0000","0.1100","0.3865","0.0300","0.4600","0.7800","68.9300","74.5600","71.8900","84.0200","80.7700","12","21","99.7000","2.0000","3.9500","1.1700","99.4100","3.0000","5.5300","3","72.1900","95.0000","0.1300","3","91.1200","31.0000","0.1000","0.1700","92.0100","28.0000","0.6700","1","90.5300","33.0000","0.3200","0.1700","81.3600","64.0000","0.8200","0.0600","89.0500","38.0000","1.0500","0.0000","99.1100","4.0000","-0.0900","0","99.1100","4.0000","-0.0900","0.0000","99.1100","4.0000","-0.0900","0","99.1100","4.0000","-0.0900","6","0","0"
"AAD2023.06.02752","322","2912","114","University of Northern Colorado","Mathematical Sciences, School of","Mathematics","12","256.0000","23","269.0000","7","258.0000","3.2900","271.0000","278","235.0000","7","248.0000","0.7500","295.0000","2","204.0000","3","211.0000","760534.0000","205.0000","2","237.0000","2","225.0000","2","207.0000","1","215.0000","17","23","7","18","17","0.0800","-0.5100","219.0000","35.5000","0.1700","-0.3000","181.0000","46.7500","0.5800","-0.9300","274.0000","19.2300","1.9200","-0.9500","278.0000","18.0500","0.5800","-0.6400","262.0000","22.7800","23.1700","-0.3300","207.0000","39.0500","12.0900","0.0900","66.0000","80.7700","0.1700","-0.5200","202.0000","40.5300","0.2500","-0.5500","199.0000","41.4200","63377.8300","-0.3900","181.0000","46.7500","253511.3300","0.2100","83.0000","75.7400","0.1700","-0.5400","236.0000","30.4700","0.1700","-0.5700","207.0000","39.0500","-0.6000","225.0000","33.7300","-0.6200","-0.6500","-0.8000","-0.6400","-0.8400","-0.7300","-0.7482","-0.4800","-0.5800","-0.4000","-0.4600","-0.5900","-0.8100","-0.7500","33.7300","36.6900","26.9200","39.9400","23.9600","20.1200","13.0200","30.1800","39.0500","30.7700","39.6500","37.8700","20.7100","24.5600","338","4/1/2025 16:37","22","6","3.6700","1.8300","0.5000","80.0000","25.0000","42.0000","9.0000","5.0000","0.3200","1.2221","0.4600","2.5600","2.4300","76.6300","92.9000","87.8700","97.6300","98.8200","12","3","63.6100","124.0000","-0.1400","0.2500","86.3900","47.0000","0.6000","2","60.9500","133.0000","-0.2100","0","73.0800","92.0000","-0.1800","0.0000","73.0800","92.0000","-0.2900","0","73.0800","92.0000","-0.3500","0.1700","81.3600","64.0000","0.8200","0.0000","73.0800","92.0000","-0.4600","0.0000","99.1100","4.0000","-0.0900","0","99.1100","4.0000","-0.0900","0.0000","99.1100","4.0000","-0.0900","0","99.1100","4.0000","-0.0900","6","0","0"
"AAD2023.06.02752","323","2926","114","University of Notre Dame","Mathematics, Department of","Mathematics","36","59.0000","284","52.0000","35","49.0000","8.1100","74.0000","1831","84.0000","34","48.0000","0.9700","125.0000","22","42.0000","51","42.0000","8858429.0000","58.0000","54","47.0000","24","42.0000","15","45.0000","11","27.0000","17","23","7","18","17","0.3100","1.3300","31.0000","91.1200","0.4200","0.6000","66.0000","80.7700","0.9700","0.9900","32.0000","90.8300","7.8900","0.8800","55.0000","84.0200","0.9400","0.9100","43.0000","87.5700","50.8600","-0.0600","124.0000","63.6100","6.4500","-0.1700","194.0000","42.9000","0.6100","1.3000","48.0000","86.0900","1.4200","1.3400","42.0000","87.8700","246067.4700","0.4300","66.0000","80.7700","173694.6900","-0.1300","167.0000","50.8900","1.5000","0.5900","52.0000","84.9100","0.6700","1.3400","43.0000","87.5700","0.4000","47.0000","86.3900","1.0900","1.5000","0.9400","1.1300","0.9700","0.5400","0.4471","0.4900","1.0400","0.0300","0.4200","1.1500","0.9400","0.7600","87.8700","92.3100","86.0900","87.8700","85.8000","78.4000","63.3100","86.3900","86.9800","75.4400","83.1400","87.8700","84.9100","82.8400","338","4/1/2025 16:37","13","7","1.8600","0.3600","0.1900","66.0000","134.0000","87.0000","137.0000","128.0000","0.5200","0.0313","0.0700","-0.0900","0.1600","80.7700","60.6500","74.5600","59.7600","62.4300","12","5","75.7400","83.0000","0.3100","0.1400","60.3600","135.0000","0.0100","4","78.1100","75.0000","0.4700","0","73.0800","92.0000","-0.1800","0.0000","73.0800","92.0000","-0.2900","0","73.0800","92.0000","-0.3500","0.1100","63.0200","126.0000","0.1900","0.0000","73.0800","92.0000","-0.4600","0.0000","99.1100","4.0000","-0.0900","0","99.1100","4.0000","-0.0900","0.0000","99.1100","4.0000","-0.0900","0","99.1100","4.0000","-0.0900","6","0","0"
"AAD2023.06.02752","324","2954","114","University of Oklahoma","Mathematics, Department of","Mathematics","36","59.0000","140","127.0000","32","59.0000","4.3800","228.0000","685","178.0000","33","54.0000","0.9700","128.0000","15","73.0000","24","89.0000","2572846.0000","129.0000","30","79.0000","14","83.0000","6","121.0000","5","92.0000","17","23","7","18","17","0.1400","-0.0500","162.0000","52.3700","0.1700","-0.3000","181.0000","46.7500","0.8900","0.5800","122.0000","64.2000","3.8900","-0.3400","200.0000","41.1200","0.9200","0.7900","72.0000","78.9900","19.0300","-0.3700","229.0000","32.5400","4.8900","-0.2400","252.0000","25.7400","0.4200","0.5000","100.0000","70.7100","0.6700","0.1300","109.0000","68.0500","71467.9400","-0.3600","171.0000","49.7000","107201.9200","-0.4200","246.0000","27.5100","0.8300","0.0300","102.0000","70.1200","0.3900","0.2800","118.0000","65.3800","-0.2000","155.0000","54.4400","0.3100","0.2100","0.8800","0.5100","0.7800","-0.4400","0.4426","0.0400","-0.0800","-0.2900","-0.2600","0.1700","-0.0300","0.7600","75.7400","73.0800","84.3200","78.7000","82.8400","32.8400","62.4300","76.9200","64.5000","47.6300","62.1300","73.9600","62.7200","82.8400","338","4/1/2025 16:37","3","4","0.7500","0.0800","0.1100","131.0000","280.0000","199.0000","252.0000","211.0000","-0.0900","-0.6990","-0.3600","-0.5900","-0.4500","61.5400","17.4600","41.4200","25.7400","37.8700","12","5","75.7400","83.0000","0.3100","0.1400","60.3600","135.0000","0.0100","3","72.1900","95.0000","0.1300","0","73.0800","92.0000","-0.1800","0.0000","73.0800","92.0000","-0.2900","0","73.0800","92.0000","-0.3500","0.0800","49.7000","171.0000","-0.1200","0.0000","73.0800","92.0000","-0.4600","0.0000","99.1100","4.0000","-0.0900","0","99.1100","4.0000","-0.0900","0.0000","99.1100","4.0000","-0.0900","0","99.1100","4.0000","-0.0900","6","0","0"
"AAD2023.06.02752","325","3004","114","University of Oregon","Mathematics, Department of","Mathematics","32","72.0000","218","77.0000","30","68.0000","7.2700","110.0000","2445","63.0000","29","70.0000","0.9400","187.0000","21","47.0000","39","57.0000","10615809.0000","50.0000","58","44.0000","25","39.0000","17","36.0000","11","27.0000","17","23","7","18","17","0.3400","1.6500","18.0000","94.9700","0.5300","1.0100","37.0000","89.3500","0.9400","0.8200","65.0000","81.0700","6.8100","0.5500","97.0000","71.6000","0.9100","0.7500","84.0000","75.4400","76.4100","0.1800","65.0000","81.0700","11.2200","0.0500","76.0000","77.8100","0.6600","1.4800","37.0000","89.3500","1.2200","1.0200","58.0000","83.1400","331744.0300","0.8200","41.0000","88.1700","272200.2300","0.2900","70.0000","79.5900","1.8100","0.8600","37.0000","89.3500","0.7800","1.7800","19.0000","94.6700","0.5000","37.0000","89.3500","1.1700","1.5000","0.6200","1.0400","0.6500","0.3200","0.2531","0.5600","1.2900","0.1900","0.6100","0.7100","0.4900","0.5100","88.7600","92.3100","79.5900","86.3900","80.1800","67.7500","44.9700","87.2800","89.6500","81.6600","85.5000","83.4300","77.5100","78.9900","338","4/1/2025 16:37","4","4","1.0000","0.1300","0.1300","131.0000","206.0000","179.0000","233.0000","199.0000","-0.0900","-0.5345","-0.3100","-0.5100","-0.3500","61.5400","39.3500","47.3400","31.3600","41.4200","12","4","70.1200","102.0000","0.0800","0.1300","56.8000","147.0000","-0.0700","4","78.1100","75.0000","0.4700","3","91.1200","31.0000","0.1000","0.0900","88.1700","41.0000","0.2500","1","90.5300","33.0000","0.3200","0.1300","66.2700","115.0000","0.3500","0.0300","81.6600","63.0000","0.3900","0.0000","99.1100","4.0000","-0.0900","0","99.1100","4.0000","-0.0900","0.0000","99.1100","4.0000","-0.0900","0","99.1100","4.0000","-0.0900","6","0","0"
"AAD2023.06.02752","328","3030","114","University of Rhode Island","Mathematics and Applied Mathematical Sciences, Department of","Mathematics","16","205.0000","54","227.0000","13","202.0000","4.1500","235.0000","368","222.0000","13","195.0000","0.9300","196.0000","1","240.0000","1","255.0000","107989.0000","269.0000","2","237.0000","2","225.0000","3","179.0000","2","171.0000","17","23","7","18","17","0.1300","-0.1700","174.0000","48.8200","0.1900","-0.2200","174.0000","48.8200","0.8100","0.2000","186.0000","45.2700","3.3800","-0.5000","222.0000","34.6200","0.8100","0.3400","165.0000","51.4800","23.0000","-0.3300","210.0000","38.1700","6.8100","-0.1500","177.0000","47.9300","0.0600","-0.9400","273.0000","19.5300","0.0600","-0.8600","278.0000","18.0500","6749.3100","-0.6500","271.0000","20.1200","107989.0000","-0.4200","245.0000","27.8100","0.1300","-0.5700","252.0000","25.7400","0.1300","-0.7300","239.0000","29.5900","-0.6000","225.0000","33.7300","-0.6200","-0.4400","-0.4100","-0.7200","-0.4500","-0.5000","0.2158","-0.4800","-0.4600","-0.3800","-0.5300","-0.6700","-0.6000","-0.5000","33.7300","49.7000","42.6000","29.2900","40.5300","30.7700","42.3100","30.1800","47.3400","34.6200","20.7100","24.8500","33.1400","39.6500","338","4/1/2025 16:37","7","4","1.7500","0.4400","0.2500","131.0000","143.0000","143.0000","102.0000","79.0000","-0.0900","-0.0411","-0.1900","0.0500","0.5800","61.5400","57.9900","57.9900","70.1200","76.9200","12","0","28.9900","241.0000","-0.8300","0.0000","28.9900","241.0000","-0.7400","0","28.9900","241.0000","-0.9000","0","73.0800","92.0000","-0.1800","0.0000","73.0800","92.0000","-0.2900","0","73.0800","92.0000","-0.3500","0.0000","28.9900","241.0000","-1.0600","0.0000","73.0800","92.0000","-0.4600","0.0000","99.1100","4.0000","-0.0900","0","99.1100","4.0000","-0.0900","0.0000","99.1100","4.0000","-0.0900","0","99.1100","4.0000","-0.0900","6","0","0"
"AAD2023.06.02752","332","3071","114","University of South Carolina","Mathematics, Department of","Mathematics","32","72.0000","420","25.0000","29","76.0000","14.4800","6.0000","5921","17.0000","27","81.0000","0.9300","193.0000","17","63.0000","35","70.0000","6876738.0000","73.0000","16","124.0000","10","111.0000","4","156.0000","2","171.0000","17","23","7","18","17","0.0600","-0.6800","246.0000","27.5100","0.1300","-0.4500","212.0000","37.5700","0.9100","0.6600","108.0000","68.3400","13.1300","2.4800","4.0000","99.1100","0.8400","0.4800","142.0000","58.2800","185.0300","1.2200","18.0000","94.9700","14.1000","0.1800","51.0000","85.2100","0.5300","0.9700","68.0000","80.1800","1.0900","0.8200","69.0000","79.8800","214898.0600","0.2900","77.0000","77.5100","196478.2300","-0.0300","133.0000","60.9500","0.5000","-0.2500","153.0000","55.0300","0.3100","-0.0100","147.0000","56.8000","0.3000","62.0000","81.9500","0.0000","-0.4400","0.4900","0.6900","0.5900","2.2200","0.2291","-0.2200","-0.3300","1.1500","0.2000","0.5700","1.8400","0.5100","67.4600","49.7000","76.3300","81.6600","77.8100","98.5200","43.2000","63.6100","54.1400","95.2700","78.7000","79.5900","92.9000","78.9900","338","4/1/2025 16:37","18","6","3.0000","0.5600","0.1900","80.0000","47.0000","55.0000","73.0000","135.0000","0.3200","0.7813","0.2900","0.2700","0.1100","76.6300","86.3900","84.0200","78.7000","60.3600","12","1","43.2000","193.0000","-0.6000","0.0300","30.1800","237.0000","-0.5700","1","46.4500","182.0000","-0.5600","1","82.2500","61.0000","-0.0900","0.0300","77.5100","77.0000","-0.1100","1","90.5300","33.0000","0.3200","0.0300","30.1800","237.0000","-0.7100","0.0300","81.6600","63.0000","0.3900","0.0000","99.1100","4.0000","-0.0900","0","99.1100","4.0000","-0.0900","0.0000","99.1100","4.0000","-0.0900","0","99.1100","4.0000","-0.0900","6","0","0"
"AAD2023.06.02752","342","3134","114","University of Tulsa, The","Mathematics, Department of","Mathematics","9","277.0000","4","323.0000","4","290.0000","1.0000","325.0000","18","319.0000","4","283.0000","1.0000","1.0000","0","285.0000","0","285.0000","0.0000","285.0000","1","261.0000","1","249.0000","8","89.0000","2","171.0000","17","23","7","18","17","0.2200","0.6400","82.0000","76.0400","0.8900","2.2900","7.0000","98.2200","0.4400","-1.6100","308.0000","9.1700","0.4400","-1.4000","325.0000","4.1400","0.4400","-1.2400","292.0000","13.9100","2.0000","-0.5300","320.0000","5.6200","4.5000","-0.2600","267.0000","21.3000","0.0000","-1.2000","285.0000","15.9800","0.0000","-0.9600","285.0000","15.9800","0.0000","-0.6800","285.0000","15.9800","0.0000","-0.8800","285.0000","15.9800","0.1100","-0.5800","258.0000","23.9600","0.1100","-0.7800","245.0000","27.8100","-1.1000","306.0000","9.7600","-0.7000","-0.4400","-0.9900","-0.8100","-1.0300","-1.3300","0.6014","-0.5000","0.1700","-0.4700","-0.5400","-0.7000","-0.9300","-0.9400","26.6300","49.7000","16.5700","15.9800","14.5000","4.1400","100.0000","23.0800","73.9600","5.9200","15.9800","15.9800","4.7300","18.3400","338","4/1/2025 16:37","2","2","1.0000","0.2200","0.2200","192.0000","206.0000","225.0000","176.0000","103.0000","-0.5000","-0.5345","-0.4000","-0.3400","0.3700","43.4900","39.3500","33.7300","48.2200","69.8200","12","1","43.2000","193.0000","-0.6000","0.1100","54.1400","156.0000","-0.1400","1","46.4500","182.0000","-0.5600","0","73.0800","92.0000","-0.1800","0.0000","73.0800","92.0000","-0.2900","0","73.0800","92.0000","-0.3500","0.1100","63.0200","126.0000","0.1900","0.0000","73.0800","92.0000","-0.4600","0.0000","99.1100","4.0000","-0.0900","0","99.1100","4.0000","-0.0900","0.0000","99.1100","4.0000","-0.0900","0","99.1100","4.0000","-0.0900","6","0","0"
"AAD2023.06.02752","343","3164","114","University of Utah, The","Mathematics, Department of","Mathematics","46","35.0000","379","31.0000","42","33.0000","9.0200","48.0000","4367","25.0000","43","32.0000","1.0000","1.0000","35","19.0000","86","19.0000","21270287.0000","19.0000","96","26.0000","33","23.0000","8","89.0000","8","51.0000","17","23","7","18","17","0.1700","0.2400","127.0000","62.7200","0.1700","-0.2700","177.0000","47.9300","0.9100","0.7000","98.0000","71.3000","8.2400","0.9900","49.0000","85.8000","0.9300","0.8700","49.0000","85.8000","94.9300","0.3600","41.0000","88.1700","11.5200","0.0600","73.0000","78.7000","0.7600","1.9100","18.0000","94.9700","1.8700","2.0800","17.0000","95.2700","462397.5400","1.4100","25.0000","92.9000","247328.9200","0.1900","87.0000","74.5600","2.0900","1.0900","28.0000","92.0100","0.7200","1.5400","35.0000","89.9400","0.6000","27.0000","92.3100","1.8000","0.8600","1.5200","2.2700","1.4300","0.7800","0.6014","1.2700","0.1700","0.7200","1.7600","2.4200","1.5700","1.3900","93.4900","85.2100","90.8300","94.6700","90.5300","86.0900","100.0000","92.6000","73.9600","92.9000","94.6700","94.6700","91.1200","89.9400","338","4/1/2025 16:37","27","9","3.0000","0.5900","0.2000","41.0000","47.0000","29.0000","71.0000","127.0000","0.9300","0.7813","0.6800","0.3200","0.1700","88.1700","86.3900","91.7200","79.2900","62.7200","12","10","91.4200","30.0000","1.4500","0.2200","79.2900","71.0000","0.4300","8","94.0800","21.0000","1.8300","0","73.0800","92.0000","-0.1800","0.0000","73.0800","92.0000","-0.2900","0","73.0800","92.0000","-0.3500","0.1700","84.3200","54.0000","0.9000","0.0000","73.0800","92.0000","-0.4600","0.0000","99.1100","4.0000","-0.0900","0","99.1100","4.0000","-0.0900","0.0000","99.1100","4.0000","-0.0900","0","99.1100","4.0000","-0.0900","6","0","0"
"AAD2023.06.02752","346","3274","114","University of Washington","Mathematics, Department of","Mathematics","38","52.0000","349","37.0000","33","53.0000","10.5800","25.0000","3201","47.0000","34","48.0000","1.0000","1.0000","27","30.0000","67","26.0000","12727122.0000","40.0000","109","24.0000","29","30.0000","12","59.0000","10","31.0000","17","23","7","18","17","0.2600","0.9800","53.0000","84.6200","0.3200","0.2400","108.0000","68.3400","0.8700","0.4800","141.0000","58.5800","9.1800","1.2800","27.0000","92.3100","0.8900","0.7000","94.0000","72.4900","84.2400","0.2600","54.0000","84.3200","9.1700","-0.0500","109.0000","68.0500","0.7100","1.7000","27.0000","92.3100","1.7600","1.9100","24.0000","93.2000","334924.2600","0.8300","40.0000","88.4600","189957.0400","-0.0600","143.0000","57.9900","2.8700","1.7500","19.0000","94.6700","0.7600","1.7100","24.0000","93.2000","0.6000","27.0000","92.3100","1.4800","1.2900","0.9400","1.5700","0.8500","1.1900","0.6014","1.5100","0.6600","0.4000","0.8400","1.7300","1.3700","0.8800","91.4200","91.1200","86.0900","91.4200","84.6200","92.9000","100.0000","93.2000","82.8400","86.3900","88.4600","92.6000","89.3500","84.9100","338","4/1/2025 16:37","15","7","2.1400","0.3900","0.1800","66.0000","105.0000","72.0000","122.0000","140.0000","0.5200","0.2155","0.1600","-0.0300","0.0900","80.7700","69.2300","78.9900","64.2000","58.8800","12","2","52.6600","161.0000","-0.3700","0.0500","35.2100","220.0000","-0.4600","2","60.9500","133.0000","-0.2100","2","88.1700","41.0000","0.0100","0.0500","83.4300","57.0000","0.0100","1","90.5300","33.0000","0.3200","0.0500","36.9800","214.0000","-0.4700","0.0300","78.4000","74.0000","0.2600","0.0000","99.1100","4.0000","-0.0900","0","99.1100","4.0000","-0.0900","0.0000","99.1100","4.0000","-0.0900","0","99.1100","4.0000","-0.0900","6","0","0"
"AAD2023.06.02752","348","3331","114","University of Wisconsin - Milwaukee","Mathematical Sciences, Department of","Mathematics","21","164.0000","109","162.0000","20","138.0000","5.4500","186.0000","2287","68.0000","18","149.0000","0.9000","225.0000","4","168.0000","6","172.0000","1148238.0000","181.0000","21","104.0000","9","121.0000","4","156.0000","1","215.0000","17","23","7","18","17","0.0500","-0.8100","254.0000","25.1500","0.1900","-0.2100","172.0000","49.4100","0.9500","0.8900","55.0000","84.0200","5.1900","0.0500","153.0000","55.0300","0.8600","0.5400","130.0000","61.8300","108.9000","0.4900","34.0000","90.2400","20.9800","0.5000","20.0000","94.3800","0.1900","-0.4200","191.0000","43.7900","0.2900","-0.4900","189.0000","44.3800","54678.0000","-0.4300","194.0000","42.9000","191373.0000","-0.0600","139.0000","59.1700","1.0000","0.1700","85.0000","75.1500","0.4300","0.4300","103.0000","69.8200","-0.2000","155.0000","54.4400","-0.0800","-0.6500","-0.0900","-0.4600","0.0000","-0.1600","0.0615","-0.1300","-0.3300","0.1500","-0.4200","-0.4900","-0.2300","-0.1800","64.5000","36.6900","56.2100","50.5900","59.4700","45.2700","33.7300","69.5300","54.1400","80.1800","46.7500","49.4100","52.3700","51.7800","338","4/1/2025 16:37","0","0","0.0000","0.0000","0.0000","287.0000","287.0000","287.0000","287.0000","287.0000","-0.9100","-1.1925","-0.4900","-0.7400","-1.2800","15.3800","15.3800","15.3800","15.3800","15.3800","12","7","85.5000","50.0000","0.7600","0.3300","93.4900","23.0000","1.0500","4","78.1100","75.0000","0.4700","0","73.0800","92.0000","-0.1800","0.0000","73.0800","92.0000","-0.2900","0","73.0800","92.0000","-0.3500","0.1900","88.4600","40.0000","1.0800","0.0000","73.0800","92.0000","-0.4600","0.0000","99.1100","4.0000","-0.0900","0","99.1100","4.0000","-0.0900","0.0000","99.1100","4.0000","-0.0900","0","99.1100","4.0000","-0.0900","6","0","0"
"AAD2023.06.02752","349","3356","114","University of Wyoming","Mathematics and Statistics, Department of","Mathematics","19","179.0000","121","147.0000","16","170.0000","7.5600","93.0000","1050","140.0000","16","168.0000","1.0000","1.0000","7","140.0000","10","148.0000","1256020.0000","175.0000","10","152.0000","6","146.0000","3","179.0000","4","107.0000","17","23","7","18","17","0.2100","0.5400","86.0000","74.8500","0.1600","-0.3300","189.0000","44.3800","0.8400","0.3500","167.0000","50.8900","6.3700","0.4100","112.0000","67.1600","0.8400","0.4700","143.0000","57.9900","55.2600","-0.0200","111.0000","67.4600","8.6800","-0.0700","123.0000","63.9100","0.3700","0.3000","120.0000","64.7900","0.5300","-0.1000","140.0000","58.8800","66106.3200","-0.3800","174.0000","48.8200","125602.0000","-0.3400","225.0000","33.7300","0.5300","-0.2300","149.0000","56.2100","0.3200","0.0000","145.0000","57.4000","-0.1000","132.0000","61.2400","-0.3100","-0.0100","-0.2200","-0.2000","-0.2600","0.4000","0.6014","-0.3300","-0.4600","-0.1900","-0.4000","-0.3400","-0.1500","-0.3100","57.1000","68.6400","50.5900","58.8800","50.0000","72.7800","100.0000","55.3300","47.3400","58.8800","48.5200","56.5100","56.8000","47.3400","338","4/1/2025 16:37","13","4","3.2500","0.6800","0.2100","131.0000","42.0000","87.0000","54.0000","115.0000","-0.0900","0.9458","0.0700","0.4900","0.2800","61.5400","87.8700","74.5600","84.3200","66.2700","12","0","28.9900","241.0000","-0.8300","0.0000","28.9900","241.0000","-0.7400","0","28.9900","241.0000","-0.9000","0","73.0800","92.0000","-0.1800","0.0000","73.0800","92.0000","-0.2900","0","73.0800","92.0000","-0.3500","0.0000","28.9900","241.0000","-1.0600","0.0000","73.0800","92.0000","-0.4600","0.0000","99.1100","4.0000","-0.0900","0","99.1100","4.0000","-0.0900","0.0000","99.1100","4.0000","-0.0900","0","99.1100","4.0000","-0.0900","6","0","0"
"AAD2023.06.02752","34","3380","114","Carnegie Mellon University","Mathematical Sciences, Department of","Mathematics","34","66.0000","257","62.0000","30","68.0000","8.5700","59.0000","1738","91.0000","30","61.0000","1.0000","1.0000","26","32.0000","61","30.0000","21192612.0000","20.0000","53","48.0000","22","44.0000","8","89.0000","7","60.0000","17","23","7","18","17","0.2100","0.5100","90.0000","73.6700","0.2400","-0.0500","144.0000","57.6900","0.8800","0.5500","129.0000","62.1300","7.5600","0.7800","66.0000","80.7700","0.8800","0.6400","108.0000","68.3400","51.1200","-0.0600","123.0000","63.9100","6.7600","-0.1600","182.0000","46.4500","0.7600","1.9200","17.0000","95.2700","1.7900","1.9600","20.0000","94.3800","623312.1200","2.1300","15.0000","95.8600","347419.8700","0.6200","42.0000","87.8700","1.5600","0.6400","51.0000","85.2100","0.6500","1.2700","48.0000","86.0900","0.6000","27.0000","92.3100","0.9400","0.6400","0.6900","1.4800","0.6500","0.6600","0.6014","0.4700","0.1700","0.0000","1.7500","1.5100","0.7600","0.6300","87.2800","82.5400","82.2500","90.8300","80.1800","82.8400","100.0000","86.0900","73.9600","73.3700","94.3800","91.4200","81.9500","80.7700","338","4/1/2025 16:37","15","9","1.6700","0.4400","0.2600","41.0000","148.0000","72.0000","101.0000","74.0000","0.9300","-0.0937","0.1600","0.0600","0.6800","88.1700","56.5100","78.9900","70.4100","78.4000","12","8","86.9800","45.0000","0.9900","0.2400","83.4300","57.0000","0.5200","7","92.0100","28.0000","1.4900","1","82.2500","61.0000","-0.0900","0.0300","76.0400","82.0000","-0.1200","1","90.5300","33.0000","0.3200","0.2100","91.7200","29.0000","1.2600","0.0300","80.1800","68.0000","0.3400","0.0000","99.1100","4.0000","-0.0900","0","99.1100","4.0000","-0.0900","0.0000","99.1100","4.0000","-0.0900","0","99.1100","4.0000","-0.0900","6","0","0"
"AAD2023.06.02752","359","3559","114","Wayne State University","Mathematics, Department of","Mathematics","22","156.0000","189","88.0000","18","155.0000","10.5000","26.0000","1231","124.0000","17","163.0000","0.9400","175.0000","5","157.0000","12","136.0000","4294123.0000","98.0000","13","138.0000","10","111.0000","7","105.0000","4","107.0000","17","23","7","18","17","0.1800","0.3100","115.0000","66.2700","0.3200","0.2400","107.0000","68.6400","0.8200","0.2300","181.0000","46.7500","8.5900","1.0900","36.0000","89.6500","0.7700","0.1700","197.0000","42.0100","55.9500","-0.0100","108.0000","68.3400","6.5100","-0.1700","188.0000","44.6700","0.2300","-0.2700","170.0000","50.0000","0.5500","-0.0700","133.0000","60.9500","195187.4100","0.2000","87.0000","74.5600","357843.5800","0.6700","39.0000","88.7600","0.5900","-0.1800","137.0000","59.7600","0.4500","0.5300","97.0000","71.6000","-0.2000","155.0000","54.4400","0.0000","-0.0100","-0.1500","-0.3700","-0.1300","1.1700","0.3015","-0.2800","0.0400","-0.1400","-0.0800","-0.2700","0.3000","-0.1200","67.4600","68.6400","52.0700","53.8500","54.4400","92.6000","48.5200","59.4700","69.2300","63.6100","71.3000","60.0600","74.2600","54.1400","338","4/1/2025 16:37","1","1","1.0000","0.0500","0.0500","232.0000","206.0000","247.0000","281.0000","276.0000","-0.7100","-0.5345","-0.4400","-0.6500","-0.9400","31.6600","39.3500","27.2200","17.1600","18.6400","12","3","63.6100","124.0000","-0.1400","0.1400","59.1700","139.0000","-0.0100","2","60.9500","133.0000","-0.2100","0","73.0800","92.0000","-0.1800","0.0000","73.0800","92.0000","-0.2900","0","73.0800","92.0000","-0.3500","0.0900","52.3700","162.0000","-0.0400","0.0000","73.0800","92.0000","-0.4600","0.0000","99.1100","4.0000","-0.0900","0","99.1100","4.0000","-0.0900","0.0000","99.1100","4.0000","-0.0900","0","99.1100","4.0000","-0.0900","6","0","0"
"AAD2023.06.02752","361","3616","114","Wesleyan University","Mathematics and Computer Science, Department of","Mathematics","23","145.0000","95","172.0000","17","163.0000","5.5900","179.0000","953","142.0000","18","149.0000","1.0000","1.0000","8","124.0000","14","122.0000","2807665.0000","121.0000","9","157.0000","5","154.0000","0","268.0000","0","268.0000","17","23","7","18","17","0.0000","-1.2000","268.0000","21.0100","0.0000","-0.9000","268.0000","21.0100","0.7400","-0.1600","223.0000","34.3200","4.1300","-0.2700","191.0000","43.7900","0.7800","0.2100","186.0000","45.2700","41.4300","-0.1500","148.0000","56.5100","10.0300","-0.0100","93.0000","72.7800","0.3500","0.2200","125.0000","63.3100","0.6100","0.0300","121.0000","64.5000","122072.3900","-0.1300","129.0000","62.1300","200547.5000","-0.0200","129.0000","62.1300","0.3900","-0.3500","173.0000","49.1100","0.2200","-0.3700","186.0000","45.2700","-0.4000","189.0000","44.3800","-0.3900","-0.8700","-0.0900","-0.1100","-0.1900","-0.1200","0.6014","-0.3500","-0.8300","-0.2200","-0.2400","-0.1900","-0.3300","-0.0600","54.7300","21.0100","56.2100","63.6100","52.0700","47.3400","100.0000","53.8500","21.0100","58.2800","64.5000","64.2000","49.4100","57.4000","338","4/1/2025 16:37","17","8","2.1300","0.7400","0.3500","50.0000","106.0000","57.0000","46.0000","33.0000","0.7200","0.2089","0.2500","0.5900","1.3000","85.5000","68.9300","83.4300","86.6900","90.5300","12","2","52.6600","161.0000","-0.3700","0.0900","44.3800","189.0000","-0.2700","1","46.4500","182.0000","-0.5600","3","91.1200","31.0000","0.1000","0.1300","90.2400","34.0000","0.4600","2","94.9700","18.0000","1.0000","0.0400","34.3200","223.0000","-0.5700","0.0900","93.7900","22.0000","1.9100","0.0000","99.1100","4.0000","-0.0900","0","99.1100","4.0000","-0.0900","0.0000","99.1100","4.0000","-0.0900","0","99.1100","4.0000","-0.0900","6","0","0"
"AAD2023.06.02752","362","3635","114","West Virginia University","Mathematics, Department of","Mathematics","25","130.0000","197","84.0000","24","96.0000","8.2100","70.0000","709","175.0000","24","96.0000","0.9600","150.0000","8","124.0000","17","107.0000","10186651.0000","53.0000","5","196.0000","4","170.0000","1","229.0000","1","215.0000","17","23","7","18","17","0.0400","-0.8700","259.0000","23.6700","0.0400","-0.7500","261.0000","23.0800","0.9600","0.9300","43.0000","87.5700","7.8800","0.8800","56.0000","83.7300","0.9600","0.9800","28.0000","92.0100","28.3600","-0.2800","190.0000","44.0800","3.6000","-0.3000","293.0000","13.6100","0.3200","0.1100","139.0000","59.1700","0.6800","0.1500","106.0000","68.9300","407466.0400","1.1600","29.0000","91.7200","599214.7600","1.7100","15.0000","95.8600","0.2000","-0.5100","223.0000","34.3200","0.1600","-0.5900","216.0000","36.3900","-0.2000","155.0000","54.4400","-0.4700","-0.6500","0.3000","-0.1100","0.2600","0.5700","0.3854","-0.4300","-0.7000","-0.2800","0.5600","-0.0900","0.3500","0.0700","50.0000","36.6900","71.8900","63.6100","71.8900","79.5900","55.9200","42.3100","32.5400","48.5200","84.6200","68.6400","75.4400","61.8300","338","4/1/2025 16:37","6","1","6.0000","0.2400","0.0400","232.0000","11.0000","156.0000","173.0000","280.0000","-0.7100","2.7550","-0.2300","-0.3000","-0.9800","31.6600","97.0400","54.1400","49.1100","17.4600","12","3","63.6100","124.0000","-0.1400","0.1200","55.3300","152.0000","-0.0900","2","60.9500","133.0000","-0.2100","2","88.1700","41.0000","0.0100","0.0800","86.9800","45.0000","0.1700","1","90.5300","33.0000","0.3200","0.0800","47.6300","178.0000","-0.1600","0.0400","85.8000","49.0000","0.6300","0.0000","99.1100","4.0000","-0.0900","0","99.1100","4.0000","-0.0900","0.0000","99.1100","4.0000","-0.0900","0","99.1100","4.0000","-0.0900","6","0","0"
"AAD2023.06.02752","363","3665","114","Western Michigan University","Mathematics, Department of","Mathematics","22","156.0000","66","207.0000","16","170.0000","4.1300","238.0000","239","240.0000","15","174.0000","0.9400","182.0000","2","204.0000","2","228.0000","1102550.0000","183.0000","6","179.0000","3","195.0000","19","32.0000","9","37.0000","17","23","7","18","17","0.4100","2.1900","12.0000","96.7500","0.8600","2.2000","9.0000","97.6300","0.7300","-0.2200","232.0000","31.6600","3.0000","-0.6200","234.0000","31.0700","0.6800","-0.2200","233.0000","31.3600","10.8600","-0.4400","261.0000","23.0800","3.6200","-0.3000","290.0000","14.5000","0.0900","-0.8300","252.0000","25.7400","0.0900","-0.8100","263.0000","22.4900","50115.9100","-0.4500","197.0000","42.0100","551275.0000","1.5000","19.0000","94.6700","0.2700","-0.4500","199.0000","41.4200","0.1400","-0.6800","231.0000","31.9500","-0.6000","225.0000","33.7300","-0.5500","1.0700","-0.2800","-0.6400","-0.2600","-0.5000","0.2640","-0.4100","1.5300","-0.4100","-0.4200","-0.6300","-0.5200","-0.1200","42.6000","89.3500","48.8200","39.9400","50.0000","29.8800","46.4500","47.3400","90.8300","29.2900","46.1500","32.8400","39.0500","54.1400","338","4/1/2025 16:37","7","7","1.0000","0.3200","0.3200","66.0000","206.0000","143.0000","147.0000","46.0000","0.5200","-0.5345","-0.1900","-0.1600","1.0800","80.7700","39.3500","57.9900","56.8000","86.6900","12","4","70.1200","102.0000","0.0800","0.1800","73.6700","90.0000","0.2400","3","72.1900","95.0000","0.1300","0","73.0800","92.0000","-0.1800","0.0000","73.0800","92.0000","-0.2900","0","73.0800","92.0000","-0.3500","0.1400","69.2300","105.0000","0.4800","0.0000","73.0800","92.0000","-0.4600","0.0000","99.1100","4.0000","-0.0900","0","99.1100","4.0000","-0.0900","0.0000","99.1100","4.0000","-0.0900","0","99.1100","4.0000","-0.0900","6","0","0"
"AAD2023.06.02752","365","3682","114","Wichita State University","Mathematics and Statistics, Department of","Mathematics","18","186.0000","75","192.0000","16","170.0000","4.6900","216.0000","252","239.0000","15","174.0000","0.9400","182.0000","3","185.0000","7","163.0000","996632.0000","188.0000","3","222.0000","3","195.0000","0","268.0000","0","268.0000","17","23","7","18","17","0.0000","-1.2000","268.0000","21.0100","0.0000","-0.9000","268.0000","21.0100","0.8900","0.5800","122.0000","64.2000","4.1700","-0.2600","190.0000","44.0800","0.8300","0.4300","148.0000","56.5100","14.0000","-0.4100","246.0000","27.5100","3.3600","-0.3100","298.0000","12.1300","0.1700","-0.5200","202.0000","40.5300","0.3900","-0.3300","166.0000","51.1800","55368.4400","-0.4300","193.0000","43.2000","142376.0000","-0.2700","199.0000","41.4200","0.1700","-0.5400","236.0000","30.4700","0.1700","-0.5700","207.0000","39.0500","-0.5000","213.0000","37.2800","-0.5500","-0.8700","-0.2800","-0.5500","-0.2600","-0.3600","0.2640","-0.4600","-0.8300","-0.4100","-0.4300","-0.4500","-0.4600","-0.3700","42.6000","21.0100","48.8200","45.5600","50.0000","36.3900","46.4500","34.6200","21.0100","29.5900","44.6700","52.0700","43.4900","45.2700","338","4/1/2025 16:37","0","0","0.0000","0.0000","0.0000","287.0000","287.0000","287.0000","287.0000","287.0000","-0.9100","-1.1925","-0.4900","-0.7400","-1.2800","15.3800","15.3800","15.3800","15.3800","15.3800","12","1","43.2000","193.0000","-0.6000","0.0600","35.8000","218.0000","-0.4400","1","46.4500","182.0000","-0.5600","0","73.0800","92.0000","-0.1800","0.0000","73.0800","92.0000","-0.2900","0","73.0800","92.0000","-0.3500","0.0600","37.5700","212.0000","-0.4300","0.0000","73.0800","92.0000","-0.4600","0.0000","99.1100","4.0000","-0.0900","0","99.1100","4.0000","-0.0900","0.0000","99.1100","4.0000","-0.0900","0","99.1100","4.0000","-0.0900","6","0","0"
"AAD2023.06.02752","366","3695","114","Worcester Polytechnic Institute","Mathematical Sciences, Department of","Mathematics","32","72.0000","232","71.0000","30","68.0000","7.7300","87.0000","3202","46.0000","30","61.0000","1.0000","1.0000","16","68.0000","29","77.0000","8495649.0000","63.0000","22","101.0000","12","101.0000","7","105.0000","6","73.0000","17","23","7","18","17","0.1900","0.3500","110.0000","67.7500","0.2200","-0.1100","156.0000","54.1400","0.9400","0.8200","65.0000","81.0700","7.2500","0.6800","78.0000","77.2200","0.9400","0.8800","45.0000","86.9800","100.0600","0.4100","39.0000","88.7600","13.8000","0.1700","52.0000","84.9100","0.5000","0.8400","70.0000","79.5900","0.9100","0.5100","89.0000","73.9600","265489.0300","0.5200","59.0000","82.8400","292953.4100","0.3800","63.0000","81.6600","0.6900","-0.1000","121.0000","64.5000","0.3800","0.2300","123.0000","63.9100","0.2000","74.0000","78.4000","0.1600","0.4300","0.6900","0.6000","0.6500","0.4400","0.6014","-0.1100","0.0400","0.4000","0.3800","0.3500","0.5900","0.5100","70.4100","78.7000","82.2500","80.1800","80.1800","74.5600","100.0000","70.4100","69.2300","86.6900","81.6600","77.5100","79.2900","78.9900","338","4/1/2025 16:37","55","9","6.1100","1.7200","0.2800","41.0000","10.0000","8.0000","11.0000","65.0000","0.9300","2.8274","1.8900","2.3500","0.8100","88.1700","97.3400","97.9300","97.0400","81.0700","12","6","81.6600","63.0000","0.5400","0.1900","74.2600","88.0000","0.2700","6","89.6400","36.0000","1.1500","7","94.3800","20.0000","0.4800","0.2200","93.2000","24.0000","0.9700","4","97.9300","8.0000","2.3500","0.1900","87.5700","43.0000","1.0500","0.1300","97.0400","11.0000","2.9400","0.0000","99.1100","4.0000","-0.0900","0","99.1100","4.0000","-0.0900","0.0000","99.1100","4.0000","-0.0900","0","99.1100","4.0000","-0.0900","6","0","0"
"AAD2023.06.02752","368","3726","114","Yale University","Mathematics, Department of","Mathematics","18","186.0000","155","115.0000","18","155.0000","8.6100","58.0000","1563","98.0000","18","149.0000","1.0000","1.0000","15","73.0000","43","51.0000","11149354.0000","49.0000","85","32.0000","16","72.0000","6","121.0000","6","73.0000","17","23","7","18","17","0.3300","1.5600","21.0000","94.0800","0.3300","0.3000","96.0000","71.8900","1.0000","1.1300","1.0000","100.0000","8.6100","1.1000","35.0000","89.9400","1.0000","1.1500","1.0000","100.0000","86.8300","0.2800","53.0000","84.6200","10.0800","0.0000","90.0000","73.6700","0.8300","2.2000","7.0000","98.2200","2.3900","2.9200","5.0000","98.8200","619408.5600","2.1200","17.0000","95.2700","259287.3000","0.2400","78.0000","77.2200","4.7200","3.3200","6.0000","98.5200","0.8900","2.1900","11.0000","97.0400","1.1000","5.0000","98.8200","0.4700","0.4300","-0.0900","0.5100","-0.1300","0.6700","0.6014","1.0600","-0.0800","-0.0500","0.6700","0.8600","0.0700","-0.3700","78.9900","78.7000","56.2100","78.7000","54.4400","83.1400","100.0000","90.8300","64.5000","71.3000","85.8000","85.2100","66.2700","45.2700","338","4/1/2025 16:37","3","2","1.5000","0.1700","0.1100","192.0000","163.0000","199.0000","203.0000","211.0000","-0.5000","-0.2056","-0.3600","-0.4400","-0.4500","43.4900","52.0700","41.4200","40.2400","37.8700","12","11","92.6000","26.0000","1.6700","0.6100","98.2200","7.0000","2.5400","8","94.0800","21.0000","1.8300","8","95.8600","15.0000","0.5800","0.4400","97.6300","9.0000","2.2800","2","94.9700","18.0000","1.0000","0.4400","99.4100","3.0000","3.9400","0.1100","95.5600","16.0000","2.5600","0.0000","99.1100","4.0000","-0.0900","0","99.1100","4.0000","-0.0900","0.0000","99.1100","4.0000","-0.0900","0","99.1100","4.0000","-0.0900","6","0","0"
"AAD2023.06.02752","37","3790","114","Central Michigan University","Mathematics, Department of","Mathematics","21","164.0000","49","234.0000","15","181.0000","3.2700","272.0000","254","238.0000","16","168.0000","1.0000","1.0000","2","204.0000","3","211.0000","272860.0000","246.0000","6","179.0000","3","195.0000","0","268.0000","0","268.0000","17","23","7","18","17","0.0000","-1.2000","268.0000","21.0100","0.0000","-0.9000","268.0000","21.0100","0.7100","-0.2800","239.0000","29.5900","2.3300","-0.8200","263.0000","22.4900","0.7600","0.1200","202.0000","40.5300","12.1000","-0.4300","256.0000","24.5600","5.1800","-0.2300","244.0000","28.1100","0.1000","-0.8100","250.0000","26.3300","0.1400","-0.7200","235.0000","30.7700","12993.3300","-0.6200","254.0000","25.1500","90953.3300","-0.4900","258.0000","23.9600","0.2900","-0.4400","193.0000","43.2000","0.1400","-0.6600","221.0000","34.9100","-0.7000","243.0000","28.4000","-0.5500","-0.8700","-0.2200","-0.6400","-0.3200","-0.7300","0.6014","-0.4100","-0.8300","-0.4100","-0.5100","-0.5900","-0.6300","-0.1800","42.6000","21.0100","50.5900","39.9400","46.7500","19.8200","100.0000","47.3400","21.0100","29.8800","27.5100","37.8700","31.0700","51.7800","338","4/1/2025 16:37","4","4","1.0000","0.1900","0.1900","131.0000","206.0000","179.0000","196.0000","131.0000","-0.0900","-0.5345","-0.3100","-0.3900","0.1400","61.5400","39.3500","47.3400","42.3100","61.5400","12","0","28.9900","241.0000","-0.8300","0.0000","28.9900","241.0000","-0.7400","0","28.9900","241.0000","-0.9000","0","73.0800","92.0000","-0.1800","0.0000","73.0800","92.0000","-0.2900","0","73.0800","92.0000","-0.3500","0.0000","28.9900","241.0000","-1.0600","0.0000","73.0800","92.0000","-0.4600","0.0000","99.1100","4.0000","-0.0900","0","99.1100","4.0000","-0.0900","0.0000","99.1100","4.0000","-0.0900","0","99.1100","4.0000","-0.0900","6","0","0"
"AAD2023.06.02752","39","3816","114","Claremont Graduate University","Mathematical Sciences, Institute of","Mathematics","8","290.0000","47","238.0000","8","251.0000","5.8800","164.0000","320","230.0000","8","242.0000","1.0000","1.0000","1","240.0000","3","211.0000","534742.0000","223.0000","5","196.0000","4","170.0000","4","156.0000","1","215.0000","17","23","7","18","17","0.1300","-0.1700","174.0000","48.8200","0.5000","0.9000","41.0000","88.1700","1.0000","1.1300","1.0000","100.0000","5.8800","0.2600","134.0000","60.6500","1.0000","1.1500","1.0000","100.0000","40.0000","-0.1700","153.0000","55.0300","6.8100","-0.1500","179.0000","47.3400","0.1300","-0.6900","225.0000","33.7300","0.3800","-0.3500","168.0000","50.5900","66842.7500","-0.3800","173.0000","49.1100","178247.3300","-0.1100","160.0000","52.9600","0.6300","-0.1500","129.0000","62.1300","0.5000","0.7100","85.0000","75.1500","0.2000","74.0000","78.4000","-0.4700","-0.6500","-0.7300","-0.7200","-0.7700","-0.0400","0.6014","-0.4300","-0.3300","-0.3900","-0.4800","-0.5900","-0.6500","-1.0000","50.0000","36.6900","28.7000","29.2900","26.0400","51.7800","100.0000","42.3100","54.1400","32.2500","34.3200","37.8700","29.8800","14.5000","338","4/1/2025 16:37","5","4","1.2500","0.6300","0.5000","131.0000","194.0000","170.0000","64.0000","5.0000","-0.0900","-0.3701","-0.2700","0.3900","2.4300","61.5400","42.9000","50.0000","81.3600","98.8200","12","3","63.6100","124.0000","-0.1400","0.3800","94.3800","20.0000","1.2800","2","60.9500","133.0000","-0.2100","6","94.0800","21.0000","0.3900","0.7500","98.8200","5.0000","4.0500","1","90.5300","33.0000","0.3200","0.2500","97.0400","11.0000","1.7500","0.1300","97.0400","11.0000","2.9400","0.0000","99.1100","4.0000","-0.0900","0","99.1100","4.0000","-0.0900","0.0000","99.1100","4.0000","-0.0900","0","99.1100","4.0000","-0.0900","6","0","0"
"AAD2023.06.02752","44","3856","114","Clemson University","Mathematical and Statistical Sciences, School of","Mathematics","52","25.0000","430","22.0000","51","21.0000","8.4300","62.0000","6063","16.0000","50","21.0000","0.9800","116.0000","21","47.0000","39","57.0000","7432288.0000","68.0000","25","90.0000","19","51.0000","7","105.0000","7","60.0000","17","23","7","18","17","0.1300","-0.0900","165.0000","51.4800","0.1300","-0.4100","206.0000","39.3500","0.9800","1.0300","25.0000","92.9000","8.2700","1.0000","47.0000","86.3900","0.9600","0.9900","25.0000","92.9000","116.6000","0.5600","29.0000","91.7200","14.1000","0.1800","50.0000","85.5000","0.4000","0.4500","104.0000","69.5300","0.7500","0.2600","100.0000","70.7100","142928.6200","-0.0400","113.0000","66.8600","190571.4900","-0.0600","142.0000","58.2800","0.4800","-0.2700","161.0000","52.6600","0.3700","0.1900","128.0000","62.4300","0.2000","74.0000","78.4000","0.7000","0.6400","1.9800","1.0400","2.0100","0.6300","0.4955","-0.0500","0.0400","1.1900","0.2600","0.7100","1.9100","1.7600","85.2100","82.5400","94.0800","86.3900","94.0800","81.9500","65.9800","73.6700","69.2300","95.5600","80.1800","83.4300","93.7900","92.9000","338","4/1/2025 16:37","33","11","3.0000","0.6300","0.2100","25.0000","47.0000","19.0000","62.0000","114.0000","1.3400","0.7813","0.9400","0.4000","0.2900","92.9000","86.3900","94.6700","81.9500","66.5700","12","3","63.6100","124.0000","-0.1400","0.0600","36.3900","216.0000","-0.4300","2","60.9500","133.0000","-0.2100","2","88.1700","41.0000","0.0100","0.0400","81.0700","65.0000","-0.0700","2","94.9700","18.0000","1.0000","0.0400","32.8400","228.0000","-0.6300","0.0400","85.2100","51.0000","0.5900","0.0000","99.1100","4.0000","-0.0900","0","99.1100","4.0000","-0.0900","0.0000","99.1100","4.0000","-0.0900","0","99.1100","4.0000","-0.0900","6","0","0"
"AAD2023.06.02752","48","3903","114","Colorado State University","Mathematics, Department of","Mathematics","26","118.0000","190","87.0000","25","90.0000","7.6000","91.0000","1730","93.0000","25","88.0000","1.0000","1.0000","19","51.0000","38","64.0000","12725781.0000","41.0000","29","81.0000","14","83.0000","2","207.0000","2","171.0000","17","23","7","18","17","0.0800","-0.5600","228.0000","32.8400","0.0800","-0.6200","239.0000","29.5900","0.9600","0.9400","39.0000","88.7600","7.3100","0.7000","75.0000","78.1100","0.9600","0.9900","25.0000","92.9000","66.5400","0.0900","77.0000","77.5100","9.1100","-0.0500","112.0000","67.1600","0.7300","1.7800","22.0000","93.7900","1.4600","1.4200","41.0000","88.1700","489453.1200","1.5300","23.0000","93.4900","334888.9700","0.5700","45.0000","86.9800","1.1200","0.2700","74.0000","78.4000","0.5400","0.8500","70.0000","79.5900","0.6000","27.0000","92.3100","0.3100","-0.4400","0.3600","0.8600","0.3300","0.4100","0.6014","0.0200","-0.5800","0.0000","0.8400","0.6800","0.3100","0.1300","75.7400","49.7000","74.2600","85.2100","73.6700","73.3700","100.0000","76.3300","39.0500","72.7800","88.1700","81.3600","74.5600","65.3800","338","4/1/2025 16:37","32","12","2.6700","1.2300","0.4600","18.0000","75.0000","22.0000","17.0000","12.0000","1.5400","0.5642","0.9000","1.4800","2.1400","94.9700","78.1100","93.7900","95.2700","96.7500","12","5","75.7400","83.0000","0.3100","0.1900","75.1500","85.0000","0.2900","3","72.1900","95.0000","0.1300","1","82.2500","61.0000","-0.0900","0.0400","81.0700","65.0000","-0.0700","1","90.5300","33.0000","0.3200","0.1200","63.9100","123.0000","0.2400","0.0400","85.2100","51.0000","0.5900","0.0400","99.7000","2.0000","10.4500","1","100.0000","1.0000","10.5500","0.0400","99.7000","2.0000","10.4500","1","100.0000","1.0000","10.5500","6","0","0"
"AAD2023.06.02752","51","3953","114","Cornell University","Mathematics, Department of","Mathematics","50","29.0000","302","45.0000","49","25.0000","6.1600","151.0000","1831","84.0000","46","26.0000","0.9400","180.0000","32","22.0000","64","27.0000","14345377.0000","34.0000","137","14.0000","39","17.0000","16","40.0000","10","31.0000","17","23","7","18","17","0.2000","0.4600","91.0000","73.3700","0.3200","0.2500","105.0000","69.2300","0.9800","1.0300","27.0000","92.3100","6.0400","0.3100","124.0000","63.6100","0.9200","0.8100","70.0000","79.5900","36.6200","-0.2000","163.0000","52.0700","6.0600","-0.1900","205.0000","39.6500","0.6400","1.4100","40.0000","88.4600","1.2800","1.1200","50.0000","85.5000","286907.5400","0.6200","52.0000","84.9100","224146.5200","0.0900","106.0000","68.9300","2.7400","1.6400","20.0000","94.3800","0.7800","1.7800","21.0000","94.0800","0.4000","47.0000","86.3900","2.2700","1.2900","1.7200","2.0100","1.8800","0.0300","0.2709","2.0300","1.1600","0.0300","1.0100","1.6200","1.0600","1.6400","95.2700","91.1200","92.6000","93.7900","92.9000","55.6200","47.0400","96.1500","88.4600","75.4400","90.2400","92.3100","86.9800","91.7200","338","4/1/2025 16:37","10","6","1.6700","0.2000","0.1200","80.0000","148.0000","121.0000","190.0000","204.0000","0.3200","-0.0937","-0.0600","-0.3800","-0.3900","76.6300","56.5100","64.5000","44.0800","39.9400","12","10","91.4200","30.0000","1.4500","0.2000","76.9200","79.0000","0.3400","9","95.2700","17.0000","2.1800","0","73.0800","92.0000","-0.1800","0.0000","73.0800","92.0000","-0.2900","0","73.0800","92.0000","-0.3500","0.1800","85.5000","50.0000","0.9700","0.0000","73.0800","92.0000","-0.4600","0.0000","99.1100","4.0000","-0.0900","0","99.1100","4.0000","-0.0900","0.0000","99.1100","4.0000","-0.0900","0","99.1100","4.0000","-0.0900","6","0","0"
"AAD2023.06.02752","55","3998","114","Dartmouth College","Mathematics, Department of","Mathematics","24","138.0000","196","85.0000","22","117.0000","8.9100","53.0000","2504","61.0000","22","112.0000","0.9200","212.0000","11","97.0000","26","83.0000","23786571.0000","14.0000","41","62.0000","16","72.0000","9","79.0000","6","73.0000","17","23","7","18","17","0.2500","0.8700","61.0000","82.2500","0.3800","0.4500","83.0000","75.7400","0.9200","0.7200","93.0000","72.7800","8.1700","0.9600","51.0000","85.2100","0.9200","0.7900","72.0000","78.9900","104.3300","0.4500","36.0000","89.6500","12.7800","0.1200","58.0000","83.1400","0.4600","0.6700","89.0000","73.9600","1.0800","0.8000","71.0000","79.2900","991107.1300","3.8000","6.0000","98.5200","914868.1200","3.0800","4.0000","99.1100","1.7100","0.7700","41.0000","88.1700","0.6700","1.3400","43.0000","87.5700","0.4000","47.0000","86.3900","0.4700","0.4300","0.1700","0.1600","0.1300","0.7500","0.1515","0.2400","0.2900","0.2100","2.0300","0.2400","0.3500","0.0100","78.9900","78.7000","67.1600","71.6000","65.6800","84.6200","37.5700","81.9500","76.9200","82.2500","96.1500","75.7400","75.1500","59.4700","338","4/1/2025 16:37","15","6","2.5000","0.6300","0.2500","80.0000","80.0000","72.0000","64.0000","79.0000","0.3200","0.4523","0.1600","0.3900","0.5800","76.6300","76.6300","78.9900","81.3600","76.9200","12","4","70.1200","102.0000","0.0800","0.1700","71.6000","97.0000","0.1600","2","60.9500","133.0000","-0.2100","0","73.0800","92.0000","-0.1800","0.0000","73.0800","92.0000","-0.2900","0","73.0800","92.0000","-0.3500","0.0800","49.7000","171.0000","-0.1200","0.0000","73.0800","92.0000","-0.4600","0.0000","99.1100","4.0000","-0.0900","0","99.1100","4.0000","-0.0900","0.0000","99.1100","4.0000","-0.0900","0","99.1100","4.0000","-0.0900","6","0","0"
"AAD2023.06.02752","70","4088","114","Florida Atlantic University","Mathematical Sciences, Department of","Mathematics","27","112.0000","142","126.0000","21","129.0000","6.7600","129.0000","1556","99.0000","18","149.0000","0.8200","279.0000","5","157.0000","8","158.0000","1525688.0000","161.0000","10","152.0000","8","128.0000","7","105.0000","6","73.0000","17","23","7","18","17","0.2200","0.6400","82.0000","76.0400","0.2600","0.0300","128.0000","62.4300","0.7800","0.0300","204.0000","39.9400","5.2600","0.0700","149.0000","56.2100","0.6700","-0.2900","235.0000","30.7700","57.6300","0.0000","99.0000","71.0100","10.9600","0.0400","78.0000","77.2200","0.1900","-0.4400","195.0000","42.6000","0.3000","-0.4800","187.0000","44.9700","56506.9600","-0.4300","190.0000","44.0800","190711.0000","-0.0600","141.0000","58.5800","0.3700","-0.3600","174.0000","48.8200","0.3000","-0.0700","151.0000","55.6200","-0.3000","176.0000","48.2200","-0.1600","0.4300","-0.0900","-0.3700","0.0700","0.1900","-0.3801","-0.3300","0.0400","-0.0500","-0.3700","-0.4100","-0.0100","0.1900","62.4300","78.7000","56.2100","53.8500","62.1300","62.1300","17.7500","55.3300","69.2300","71.0100","52.6600","53.5500","63.0200","67.1600","338","4/1/2025 16:37","28","8","3.5000","1.0400","0.3000","50.0000","31.0000","28.0000","26.0000","57.0000","0.7200","1.1102","0.7200","1.1300","0.9200","85.5000","91.1200","92.0100","92.6000","83.4300","12","1","43.2000","193.0000","-0.6000","0.0400","31.9500","231.0000","-0.5400","1","46.4500","182.0000","-0.5600","0","73.0800","92.0000","-0.1800","0.0000","73.0800","92.0000","-0.2900","0","73.0800","92.0000","-0.3500","0.0400","31.9500","231.0000","-0.6400","0.0000","73.0800","92.0000","-0.4600","0.0000","99.1100","4.0000","-0.0900","0","99.1100","4.0000","-0.0900","0.0000","99.1100","4.0000","-0.0900","0","99.1100","4.0000","-0.0900","6","0","0"
"AAD2023.06.02752","71","4101","114","Florida Institute of Technology","Mathematics and Systems Engineering, Department of","Mathematics","25","130.0000","122","146.0000","20","138.0000","6.1000","152.0000","860","153.0000","21","122.0000","1.0000","1.0000","4","168.0000","4","192.0000","533176.0000","224.0000","8","165.0000","4","170.0000","6","121.0000","5","92.0000","17","23","7","18","17","0.2000","0.4600","91.0000","73.3700","0.2400","-0.0400","142.0000","58.2800","0.8000","0.1400","188.0000","44.6700","4.8800","-0.0400","172.0000","49.4100","0.8400","0.4600","146.0000","57.1000","34.4000","-0.2200","171.0000","49.7000","7.0500","-0.1400","165.0000","51.4800","0.1600","-0.5500","211.0000","37.8700","0.1600","-0.7000","228.0000","32.8400","21327.0400","-0.5800","238.0000","29.8800","133294.0000","-0.3100","212.0000","37.5700","0.3200","-0.4100","188.0000","44.6700","0.1600","-0.5900","216.0000","36.3900","-0.1000","132.0000","61.2400","-0.4700","0.2100","0.1100","-0.4600","0.0000","0.0100","0.6014","-0.3700","-0.0800","-0.2400","-0.4800","-0.5600","-0.1500","0.0700","50.0000","73.0800","64.2000","50.5900","59.4700","55.3300","100.0000","51.4800","64.5000","55.0300","34.0200","43.4900","57.1000","61.8300","338","4/1/2025 16:37","22","6","3.6700","0.8800","0.2400","80.0000","25.0000","42.0000","39.0000","94.0000","0.3200","1.2221","0.4600","0.8400","0.5000","76.6300","92.9000","87.8700","88.7600","72.4900","12","2","52.6600","161.0000","-0.3700","0.0800","43.4900","192.0000","-0.3100","2","60.9500","133.0000","-0.2100","4","92.3100","27.0000","0.2000","0.1600","91.4200","30.0000","0.6300","4","97.9300","8.0000","2.3500","0.0800","47.6300","178.0000","-0.1600","0.1600","98.8200","5.0000","3.8900","0.0000","99.1100","4.0000","-0.0900","0","99.1100","4.0000","-0.0900","0.0000","99.1100","4.0000","-0.0900","0","99.1100","4.0000","-0.0900","6","0","0"
"AAD2023.06.02752","73","4159","114","Florida State University","Mathematics, Department of","Mathematics","39","50.0000","248","67.0000","36","44.0000","6.8900","123.0000","1888","81.0000","36","43.0000","0.9500","167.0000","15","73.0000","26","83.0000","4931706.0000","91.0000","32","76.0000","18","62.0000","6","121.0000","6","73.0000","17","23","7","18","17","0.1500","0.0700","142.0000","58.2800","0.1500","-0.3400","192.0000","43.4900","0.9200","0.7500","83.0000","75.7400","6.3600","0.4100","113.0000","66.8600","0.9200","0.8200","62.0000","81.9500","48.4100","-0.0900","128.0000","62.4300","7.6100","-0.1200","147.0000","56.8000","0.3800","0.3700","111.0000","67.4600","0.6700","0.1300","109.0000","68.0500","126454.0000","-0.1100","123.0000","63.9100","189681.0000","-0.0600","144.0000","57.6900","0.8200","0.0200","103.0000","69.8200","0.4600","0.5600","96.0000","71.8900","0.2000","74.0000","78.4000","0.6300","0.4300","1.0700","0.5100","1.0400","0.2200","0.3172","0.0800","-0.0800","0.0400","-0.0100","0.2400","0.6900","0.9500","81.9500","78.7000","87.5700","78.7000","87.2800","63.9100","50.8900","77.8100","64.5000","76.3300","73.3700","75.7400","80.4700","85.5000","338","4/1/2025 16:37","24","12","2.0000","0.6200","0.3100","18.0000","109.0000","33.0000","67.0000","52.0000","1.5400","0.1234","0.5500","0.3700","1.0000","94.9700","68.0500","90.5300","80.4700","84.9100","12","6","81.6600","63.0000","0.5400","0.1500","67.1600","112.0000","0.0900","5","84.6200","53.0000","0.8100","0","73.0800","92.0000","-0.1800","0.0000","73.0800","92.0000","-0.2900","0","73.0800","92.0000","-0.3500","0.1300","66.5700","114.0000","0.3800","0.0000","73.0800","92.0000","-0.4600","0.0000","99.1100","4.0000","-0.0900","0","99.1100","4.0000","-0.0900","0.0000","99.1100","4.0000","-0.0900","0","99.1100","4.0000","-0.0900","6","0","0"
"AAD2023.06.02752","79","4197","114","George Mason University","Mathematical Sciences, Department of","Mathematics","44","40.0000","229","73.0000","40","37.0000","5.7300","173.0000","1221","125.0000","39","35.0000","0.9800","120.0000","10","106.0000","24","89.0000","5195603.0000","89.0000","22","101.0000","11","104.0000","7","105.0000","6","73.0000","17","23","7","18","17","0.1400","-0.0700","164.0000","51.7800","0.1600","-0.3300","188.0000","44.6700","0.9100","0.6800","102.0000","70.1200","5.2000","0.0600","152.0000","55.3300","0.8900","0.6600","102.0000","70.1200","27.7500","-0.2800","193.0000","43.2000","5.3300","-0.2200","232.0000","31.6600","0.2300","-0.2700","170.0000","50.0000","0.5500","-0.0700","133.0000","60.9500","118081.8900","-0.1500","132.0000","61.2400","216483.4600","0.0500","113.0000","66.8600","0.5000","-0.2500","153.0000","55.0300","0.2500","-0.2500","166.0000","51.1800","-0.2000","155.0000","54.4400","0.0800","0.4300","1.2700","0.0700","1.3000","-0.0800","0.4664","-0.1100","0.0400","-0.1400","0.0200","0.1700","0.5700","1.2600","69.5300","78.7000","89.9400","68.9300","89.3500","49.1100","64.7900","70.4100","69.2300","63.3100","73.9600","73.9600","78.7000","88.4600","338","4/1/2025 16:37","20","6","3.3300","0.4500","0.1400","80.0000","37.0000","48.0000","98.0000","187.0000","0.3200","0.9984","0.3800","0.0800","-0.2700","76.6300","89.3500","86.0900","71.3000","44.9700","12","14","97.0400","11.0000","2.3500","0.3200","92.3100","27.0000","0.9700","9","95.2700","17.0000","2.1800","1","82.2500","61.0000","-0.0900","0.0200","75.4400","84.0000","-0.1600","1","90.5300","33.0000","0.3200","0.2000","91.4200","30.0000","1.2400","0.0200","77.5100","77.0000","0.1600","0.0000","99.1100","4.0000","-0.0900","0","99.1100","4.0000","-0.0900","0.0000","99.1100","4.0000","-0.0900","0","99.1100","4.0000","-0.0900","6","0","0"
"AAD2023.06.02752","83","4225","114","Georgia State University","Mathematics and Statistics, Department of","Mathematics","23","145.0000","201","81.0000","21","129.0000","9.5700","38.0000","1761","89.0000","21","122.0000","0.9500","159.0000","12","92.0000","22","95.0000","3657578.0000","112.0000","8","165.0000","3","195.0000","6","121.0000","2","171.0000","17","23","7","18","17","0.0900","-0.4800","216.0000","36.3900","0.2600","0.0400","125.0000","63.3100","0.9100","0.7000","98.0000","71.3000","8.7400","1.1400","33.0000","90.5300","0.9100","0.7800","77.0000","77.5100","76.5700","0.1800","64.0000","81.3600","8.7600","-0.0600","119.0000","65.0900","0.5200","0.9300","69.0000","79.8800","0.9600","0.6000","79.0000","76.9200","159025.1300","0.0400","107.0000","68.6400","166253.5500","-0.1600","174.0000","48.8200","0.3500","-0.3800","184.0000","45.8600","0.1300","-0.7100","237.0000","30.1800","0.3000","62.0000","81.9500","-0.5500","-0.4400","0.1100","0.2500","0.0700","0.9300","0.3560","-0.3700","-0.0800","0.0100","-0.1400","0.1000","0.3800","-0.0600","42.6000","49.7000","64.2000","73.0800","62.1300","89.0500","53.2500","51.4800","64.5000","73.9600","67.1600","72.1900","76.3300","57.4000","338","4/1/2025 16:37","21","4","5.2500","0.9100","0.1700","131.0000","16.0000","45.0000","37.0000","144.0000","-0.0900","2.2616","0.4200","0.9000","0.0100","61.5400","95.5600","86.9800","89.3500","57.6900","12","4","70.1200","102.0000","0.0800","0.1700","72.4900","94.0000","0.1900","4","78.1100","75.0000","0.4700","1","82.2500","61.0000","-0.0900","0.0400","81.9500","62.0000","-0.0400","1","90.5300","33.0000","0.3200","0.1700","84.3200","54.0000","0.9000","0.0400","86.3900","47.0000","0.7200","0.0000","99.1100","4.0000","-0.0900","0","99.1100","4.0000","-0.0900","0.0000","99.1100","4.0000","-0.0900","0","99.1100","4.0000","-0.0900","6","0","0"
"AAD2023.06.02752","87","4261","114","Harvard University","Mathematics, Department of","Mathematics","19","179.0000","124","143.0000","19","148.0000","6.5300","140.0000","2843","55.0000","18","149.0000","0.9500","167.0000","16","68.0000","44","50.0000","11844185.0000","42.0000","190","8.0000","19","51.0000","16","40.0000","9","37.0000","17","23","7","18","17","0.4700","2.7300","6.0000","98.5200","0.8400","2.1200","11.0000","97.0400","1.0000","1.1300","1.0000","100.0000","6.5300","0.4600","106.0000","68.9300","0.9500","0.9200","41.0000","88.1700","149.6300","0.8800","21.0000","94.0800","22.9300","0.5900","16.0000","95.5600","0.8400","2.2400","6.0000","98.5200","2.3200","2.8000","6.0000","98.5200","623378.1600","2.1300","14.0000","96.1500","269186.0200","0.2800","73.0000","78.7000","10.0000","7.7900","1.0000","100.0000","1.0000","2.6200","1.0000","100.0000","1.1000","5.0000","98.8200","0.7000","1.0700","-0.0900","0.6000","-0.0600","0.1300","0.3172","3.0100","1.1600","0.3000","0.7400","0.9000","-0.1300","-0.3100","85.2100","89.3500","56.2100","80.1800","56.5100","58.8800","50.8900","97.9300","88.4600","84.0200","87.8700","85.5000","57.9900","47.3400","338","4/1/2025 16:37","0","0","0.0000","0.0000","0.0000","287.0000","287.0000","287.0000","287.0000","287.0000","-0.9100","-1.1925","-0.4900","-0.7400","-1.2800","15.3800","15.3800","15.3800","15.3800","15.3800","12","15","97.6300","9.0000","2.5800","0.7900","98.8200","5.0000","3.5000","5","84.6200","53.0000","0.8100","0","73.0800","92.0000","-0.1800","0.0000","73.0800","92.0000","-0.2900","0","73.0800","92.0000","-0.3500","0.2600","97.6300","9.0000","1.9000","0.0000","73.0800","92.0000","-0.4600","0.0000","99.1100","4.0000","-0.0900","0","99.1100","4.0000","-0.0900","0.0000","99.1100","4.0000","-0.0900","0","99.1100","4.0000","-0.0900","6","0","0"
"AAD2023.06.02752","93","4297","114","Illinois State University","Mathematics, Department of","Mathematics","28","104.0000","107","164.0000","25","90.0000","4.2800","231.0000","462","205.0000","24","96.0000","0.9200","204.0000","2","204.0000","2","228.0000","138678.0000","262.0000","8","165.0000","5","154.0000","1","229.0000","1","215.0000","17","23","7","18","17","0.0400","-0.9100","262.0000","22.7800","0.0400","-0.7700","264.0000","22.1900","0.8900","0.6000","119.0000","65.0900","3.8200","-0.3700","205.0000","39.6500","0.8600","0.5400","130.0000","61.8300","16.5000","-0.3900","241.0000","28.9900","4.3200","-0.2700","271.0000","20.1200","0.0700","-0.9100","263.0000","22.4900","0.0700","-0.8400","268.0000","21.0100","4952.7900","-0.6600","277.0000","18.3400","69339.0000","-0.5800","269.0000","20.7100","0.2900","-0.4400","193.0000","43.2000","0.1800","-0.5200","203.0000","40.2400","-0.5000","213.0000","37.2800","-0.3900","-0.6500","0.3000","-0.6400","0.3300","-0.4700","0.1861","-0.3700","-0.7000","-0.3500","-0.5200","-0.6300","-0.2500","0.2600","54.7300","36.6900","71.8900","39.9400","73.6700","31.9500","39.9400","51.4800","32.5400","39.6500","22.7800","32.8400","51.7800","69.5300","338","4/1/2025 16:37","4","7","0.5700","0.1400","0.2500","66.0000","284.0000","179.0000","218.0000","79.0000","0.5200","-0.8174","-0.3100","-0.4800","0.5800","80.7700","16.2700","47.3400","35.8000","76.9200","12","4","70.1200","102.0000","0.0800","0.1400","64.2000","122.0000","0.0300","3","72.1900","95.0000","0.1300","0","73.0800","92.0000","-0.1800","0.0000","73.0800","92.0000","-0.2900","0","73.0800","92.0000","-0.3500","0.1100","59.4700","138.0000","0.1500","0.0000","73.0800","92.0000","-0.4600","0.0000","99.1100","4.0000","-0.0900","0","99.1100","4.0000","-0.0900","0.0000","99.1100","4.0000","-0.0900","0","99.1100","4.0000","-0.0900","6","0","0"
"AAD2023.06.02752","104","4357","114","Kent State University","Mathematical Sciences, Department of","Mathematics","56","20.0000","294","48.0000","29","76.0000","10.1400","31.0000","1788","87.0000","27","81.0000","0.9000","225.0000","7","140.0000","12","136.0000","1586834.0000","157.0000","13","138.0000","8","128.0000","9","79.0000","5","92.0000","17","23","7","18","17","0.0900","-0.4600","214.0000","36.9800","0.1600","-0.3200","186.0000","45.2700","0.5200","-1.2500","289.0000","14.7900","5.2500","0.0700","150.0000","55.9200","0.4800","-1.0800","288.0000","15.0900","31.9300","-0.2400","180.0000","47.0400","6.0800","-0.1900","203.0000","40.2400","0.1300","-0.6900","225.0000","33.7300","0.2100","-0.6100","214.0000","36.9800","28336.3200","-0.5500","228.0000","32.8400","132236.1700","-0.3100","214.0000","36.9800","0.2300","-0.4800","214.0000","36.9800","0.1400","-0.6600","221.0000","34.9100","-0.7000","243.0000","28.4000","-0.1600","0.2100","0.4900","-0.2000","0.5900","1.0800","0.0615","-0.2800","0.2900","0.0100","-0.3700","-0.2700","1.0000","2.0100","62.4300","73.0800","76.3300","58.8800","77.8100","91.1200","33.7300","59.4700","76.9200","74.5600","53.8500","60.0600","86.0900","94.3800","338","4/1/2025 16:37","8","5","1.6000","0.1400","0.0900","106.0000","157.0000","138.0000","218.0000","239.0000","0.1100","-0.1398","-0.1400","-0.4800","-0.6100","68.9300","53.8500","59.4700","35.8000","29.5900","12","1","43.2000","193.0000","-0.6000","0.0200","29.2900","240.0000","-0.6400","1","46.4500","182.0000","-0.5600","4","92.3100","27.0000","0.2000","0.0700","85.5000","50.0000","0.1200","1","90.5300","33.0000","0.3200","0.0200","29.2900","240.0000","-0.8600","0.0200","75.1500","85.0000","0.0300","0.0000","99.1100","4.0000","-0.0900","0","99.1100","4.0000","-0.0900","0.0000","99.1100","4.0000","-0.0900","0","99.1100","4.0000","-0.0900","6","0","0"
"AAD2023.06.02752","121","4396","114","Marywood University","Science, Mathematics, and Computer Science, Department of","Mathematics","6","308.0000","7","308.0000","3","309.0000","2.3300","299.0000","39","305.0000","3","299.0000","1.0000","1.0000","2","204.0000","2","228.0000","1117334.0000","182.0000","0","289.0000","0","289.0000","0","268.0000","0","268.0000","17","23","7","18","17","0.0000","-1.2000","268.0000","21.0100","0.0000","-0.9000","268.0000","21.0100","0.5000","-1.3400","290.0000","14.5000","1.1700","-1.1800","297.0000","12.4300","0.5000","-1.0000","276.0000","18.6400","6.5000","-0.4800","286.0000","15.6800","5.5700","-0.2100","223.0000","34.3200","0.3300","0.1600","129.0000","62.1300","0.3300","-0.4200","175.0000","48.5200","186222.3300","0.1600","90.0000","73.6700","558667.0000","1.5400","18.0000","94.9700","0.0000","-0.6800","289.0000","14.7900","0.0000","-1.2100","289.0000","14.7900","-0.9000","275.0000","18.9300","-0.7800","-0.8700","-1.0500","-0.6400","-1.1000","-0.9800","0.6014","-0.5200","-0.8300","-0.4700","-0.4200","-0.6300","-0.9100","-1.1200","14.7900","21.0100","11.8300","39.9400","8.8800","11.8300","100.0000","14.7900","21.0100","10.0600","46.4500","32.8400","9.1700","9.1700","338","4/1/2025 16:37","0","0","0.0000","0.0000","0.0000","287.0000","287.0000","287.0000","287.0000","287.0000","-0.9100","-1.1925","-0.4900","-0.7400","-1.2800","15.3800","15.3800","15.3800","15.3800","15.3800","12","0","28.9900","241.0000","-0.8300","0.0000","28.9900","241.0000","-0.7400","0","28.9900","241.0000","-0.9000","0","73.0800","92.0000","-0.1800","0.0000","73.0800","92.0000","-0.2900","0","73.0800","92.0000","-0.3500","0.0000","28.9900","241.0000","-1.0600","0.0000","73.0800","92.0000","-0.4600","0.0000","99.1100","4.0000","-0.0900","0","99.1100","4.0000","-0.0900","0.0000","99.1100","4.0000","-0.0900","0","99.1100","4.0000","-0.0900","6","0","0"
"AAD2023.06.02752","133","4424","114","Michigan Technological University","Mathematical Sciences, Department of","Mathematics","30","89.0000","257","62.0000","22","117.0000","11.6800","16.0000","3176","48.0000","24","96.0000","1.0000","1.0000","11","97.0000","14","122.0000","1483865.0000","165.0000","19","108.0000","7","136.0000","3","179.0000","3","131.0000","17","23","7","18","17","0.1000","-0.3700","204.0000","39.9400","0.1000","-0.5400","222.0000","34.6200","0.7300","-0.1900","225.0000","33.7300","8.5700","1.0900","37.0000","89.3500","0.8000","0.2900","173.0000","49.1100","105.8700","0.4600","35.0000","89.9400","12.3600","0.1000","63.0000","81.6600","0.3700","0.3000","121.0000","64.5000","0.4700","-0.2000","153.0000","55.0300","49462.1700","-0.4600","198.0000","41.7200","105990.3600","-0.4300","249.0000","26.6300","0.6300","-0.1400","127.0000","62.7200","0.2300","-0.3100","181.0000","46.7500","0.0000","113.0000","66.8600","-0.2300","-0.2200","0.3000","0.1600","0.1300","1.4800","0.6014","-0.1700","-0.4600","0.4000","-0.3800","-0.1900","0.7600","0.3800","60.0600","61.5400","71.8900","71.6000","65.6800","95.5600","100.0000","68.3400","47.3400","86.0900","51.4800","64.2000","81.9500","73.9600","338","4/1/2025 16:37","14","10","1.4000","0.4700","0.3300","32.0000","181.0000","80.0000","94.0000","36.0000","1.1300","-0.2714","0.1200","0.1000","1.1900","90.8300","46.7500","76.6300","72.4900","89.6500","12","2","52.6600","161.0000","-0.3700","0.0700","40.8300","201.0000","-0.3800","2","60.9500","133.0000","-0.2100","0","73.0800","92.0000","-0.1800","0.0000","73.0800","92.0000","-0.2900","0","73.0800","92.0000","-0.3500","0.0700","43.2000","193.0000","-0.3100","0.0000","73.0800","92.0000","-0.4600","0.0000","99.1100","4.0000","-0.0900","0","99.1100","4.0000","-0.0900","0.0000","99.1100","4.0000","-0.0900","0","99.1100","4.0000","-0.0900","6","0","0"
"AAD2023.06.02752","136","4456","114","Mississippi State University","Mathematics and Statistics, Department of","Mathematics","22","156.0000","163","105.0000","18","155.0000","9.0600","47.0000","1367","116.0000","19","142.0000","1.0000","1.0000","4","168.0000","6","172.0000","745424.0000","206.0000","6","179.0000","2","225.0000","0","268.0000","0","268.0000","17","23","7","18","17","0.0000","-1.2000","268.0000","21.0100","0.0000","-0.9000","268.0000","21.0100","0.8200","0.2300","181.0000","46.7500","7.4100","0.7300","70.0000","79.5900","0.8600","0.5600","125.0000","63.3100","62.1400","0.0500","85.0000","75.1500","8.3900","-0.0800","129.0000","62.1300","0.1800","-0.4600","197.0000","42.0100","0.2700","-0.5100","195.0000","42.6000","33882.9100","-0.5300","219.0000","35.5000","124237.3300","-0.3500","230.0000","32.2500","0.2700","-0.4500","199.0000","41.4200","0.0900","-0.8600","258.0000","23.9600","-0.2000","155.0000","54.4400","-0.6200","-0.8700","-0.0200","-0.4600","-0.1300","0.7900","0.6014","-0.4100","-0.8300","-0.1000","-0.4600","-0.4900","0.1300","-0.1200","33.7300","21.0100","58.2800","50.5900","54.4400","86.3900","100.0000","47.3400","21.0100","65.9800","39.3500","49.4100","69.2300","54.1400","338","4/1/2025 16:37","9","5","1.8000","0.4100","0.2300","106.0000","141.0000","129.0000","116.0000","101.0000","0.1100","-0.0082","-0.1000","0.0000","0.4100","68.9300","58.5800","62.1300","65.9800","70.4100","12","1","43.2000","193.0000","-0.6000","0.0500","33.7300","225.0000","-0.5000","1","46.4500","182.0000","-0.5600","0","73.0800","92.0000","-0.1800","0.0000","73.0800","92.0000","-0.2900","0","73.0800","92.0000","-0.3500","0.0500","34.6200","222.0000","-0.5500","0.0000","73.0800","92.0000","-0.4600","0.0000","99.1100","4.0000","-0.0900","0","99.1100","4.0000","-0.0900","0.0000","99.1100","4.0000","-0.0900","0","99.1100","4.0000","-0.0900","6","0","0"
"AAD2023.06.02752","143","4495","114","New Mexico State University","Mathematical Sciences, Department of","Mathematics","29","96.0000","162","107.0000","21","129.0000","7.7100","88.0000","1489","104.0000","21","122.0000","0.9500","159.0000","3","185.0000","5","180.0000","902338.0000","194.0000","5","196.0000","4","170.0000","5","144.0000","4","107.0000","17","23","7","18","17","0.1400","-0.0600","163.0000","52.0700","0.1700","-0.2800","178.0000","47.6300","0.7200","-0.2300","236.0000","30.4700","5.5900","0.1700","141.0000","58.5800","0.7200","-0.0400","216.0000","36.3900","51.3400","-0.0600","121.0000","64.5000","9.1900","-0.0400","108.0000","68.3400","0.1000","-0.7800","244.0000","28.1100","0.1700","-0.6800","222.0000","34.6200","31115.1000","-0.5400","222.0000","34.6200","180467.6000","-0.1000","158.0000","53.5500","0.1700","-0.5300","234.0000","31.0700","0.1400","-0.6800","230.0000","32.2500","-0.4000","189.0000","44.3800","-0.4700","-0.0100","0.1100","-0.5500","0.0700","0.4400","0.3560","-0.4300","-0.2100","-0.0700","-0.4400","-0.5200","0.1200","0.3200","50.0000","68.6400","64.2000","45.5600","62.1300","74.2600","53.2500","42.3100","57.6900","69.5300","42.9000","47.0400","68.6400","71.8900","338","4/1/2025 16:37","11","5","2.2000","0.3800","0.1700","106.0000","100.0000","101.0000","131.0000","147.0000","0.1100","0.2550","-0.0100","-0.0500","0.0000","68.9300","70.7100","70.4100","61.5400","56.8000","12","13","94.6700","19.0000","2.1300","0.4500","96.4500","13.0000","1.6700","4","78.1100","75.0000","0.4700","0","73.0800","92.0000","-0.1800","0.0000","73.0800","92.0000","-0.2900","0","73.0800","92.0000","-0.3500","0.1400","69.5300","104.0000","0.4900","0.0000","73.0800","92.0000","-0.4600","0.0000","99.1100","4.0000","-0.0900","0","99.1100","4.0000","-0.0900","0.0000","99.1100","4.0000","-0.0900","0","99.1100","4.0000","-0.0900","6","0","0"
"AAD2023.06.02752","149","4526","114","North Dakota State University","Mathematics, Department of","Mathematics","14","236.0000","42","245.0000","12","215.0000","3.5000","264.0000","194","247.0000","13","195.0000","0.9300","196.0000","2","204.0000","3","211.0000","158939.0000","258.0000","5","196.0000","3","195.0000","3","179.0000","1","215.0000","17","23","7","18","17","0.0700","-0.6100","232.0000","31.6600","0.2100","-0.1300","158.0000","53.5500","0.8600","0.4200","149.0000","56.2100","3.0000","-0.6200","234.0000","31.0700","0.9300","0.8400","57.0000","83.4300","13.8600","-0.4100","247.0000","27.2200","4.6200","-0.2600","264.0000","22.1900","0.1400","-0.6200","215.0000","36.6900","0.2100","-0.6100","214.0000","36.9800","11352.7900","-0.6300","259.0000","23.6700","52979.6700","-0.6600","277.0000","18.3400","0.3600","-0.3800","178.0000","47.6300","0.2100","-0.3900","189.0000","44.3800","-0.5000","213.0000","37.2800","-0.5500","-0.6500","-0.4100","-0.6400","-0.5100","-0.6700","0.2158","-0.4300","-0.4600","-0.4300","-0.5200","-0.5900","-0.6800","-0.6200","42.6000","36.6900","42.6000","39.9400","36.6900","22.1900","42.3100","42.3100","47.3400","27.2200","23.9600","37.8700","27.8100","30.4700","338","4/1/2025 16:37","1","1","1.0000","0.0700","0.0700","232.0000","206.0000","247.0000","264.0000","254.0000","-0.7100","-0.5345","-0.4400","-0.6100","-0.7500","31.6600","39.3500","27.2200","22.1900","25.1500","12","0","28.9900","241.0000","-0.8300","0.0000","28.9900","241.0000","-0.7400","0","28.9900","241.0000","-0.9000","0","73.0800","92.0000","-0.1800","0.0000","73.0800","92.0000","-0.2900","0","73.0800","92.0000","-0.3500","0.0000","28.9900","241.0000","-1.0600","0.0000","73.0800","92.0000","-0.4600","0.0000","99.1100","4.0000","-0.0900","0","99.1100","4.0000","-0.0900","0.0000","99.1100","4.0000","-0.0900","0","99.1100","4.0000","-0.0900","6","0","0"
"AAD2023.06.02752","200","4582","114","Stevens Institute of Technology","Mathematical Sciences, Department of","Mathematics","8","290.0000","51","230.0000","7","258.0000","7.2900","108.0000","179","253.0000","7","248.0000","1.0000","1.0000","3","185.0000","4","192.0000","1339396.0000","170.0000","5","196.0000","3","195.0000","4","156.0000","3","131.0000","17","23","7","18","17","0.3800","1.9100","15.0000","95.8600","0.5000","0.9000","41.0000","88.1700","0.8800","0.5100","134.0000","60.6500","6.3800","0.4200","111.0000","67.4600","0.8800","0.6100","115.0000","66.2700","22.3800","-0.3300","214.0000","36.9800","3.5100","-0.3100","295.0000","13.0200","0.3800","0.3300","119.0000","65.0900","0.5000","-0.1400","143.0000","57.9900","167424.5000","0.0800","100.0000","70.7100","334849.0000","0.5700","46.0000","86.6900","0.6300","-0.1500","129.0000","62.1300","0.3800","0.2300","123.0000","63.9100","0.1000","99.0000","71.0100","-0.5500","-0.2200","-0.8000","-0.5500","-0.8400","0.3300","0.6014","-0.4300","-0.3300","-0.4300","-0.4000","-0.5600","-0.6200","-1.0000","42.6000","61.5400","26.9200","45.5600","23.9600","68.3400","100.0000","42.3100","54.1400","25.4400","50.0000","43.4900","32.2500","14.5000","338","4/1/2025 16:37","4","4","1.0000","0.5000","0.5000","131.0000","206.0000","179.0000","88.0000","5.0000","-0.0900","-0.5345","-0.3100","0.1600","2.4300","61.5400","39.3500","47.3400","74.2600","98.8200","12","0","28.9900","241.0000","-0.8300","0.0000","28.9900","241.0000","-0.7400","0","28.9900","241.0000","-0.9000","0","73.0800","92.0000","-0.1800","0.0000","73.0800","92.0000","-0.2900","0","73.0800","92.0000","-0.3500","0.0000","28.9900","241.0000","-1.0600","0.0000","73.0800","92.0000","-0.4600","0.0000","99.1100","4.0000","-0.0900","0","99.1100","4.0000","-0.0900","0.0000","99.1100","4.0000","-0.0900","0","99.1100","4.0000","-0.0900","6","0","0"
"AAD2023.06.02752","253","4652","114","University of California, Irvine","Mathematics, Department of","Mathematics","40","48.0000","450","17.0000","39","38.0000","11.5400","17.0000","9720","10.0000","38","38.0000","0.9700","122.0000","31","23.0000","88","17.0000","26568440.0000","9.0000","88","30.0000","27","36.0000","14","50.0000","9","37.0000","17","23","7","18","17","0.2300","0.6600","81.0000","76.3300","0.3500","0.3600","91.0000","73.3700","0.9800","1.0000","30.0000","91.4200","11.2500","1.9100","12.0000","96.7500","0.9500","0.9400","39.0000","88.7600","243.0000","1.7700","11.0000","97.0400","21.6000","0.5300","18.0000","94.9700","0.7800","1.9700","15.0000","95.8600","2.2000","2.6100","9.0000","97.6300","664211.0000","2.3200","10.0000","97.3400","301914.0900","0.4200","56.0000","83.7300","2.2000","1.1800","25.0000","92.9000","0.6800","1.3800","42.0000","87.8700","0.9000","11.0000","97.0400","1.3300","1.0700","1.2000","1.9200","1.2300","1.4400","0.4630","1.1200","0.9100","2.2000","2.3300","2.5000","2.0400","1.0100","89.6500","89.3500","89.0500","93.4900","89.0500","95.2700","64.2000","91.4200","85.5000","97.3400","97.6300","95.2700","95.2700","86.0900","338","4/1/2025 16:37","34","8","4.2500","0.8500","0.2000","50.0000","18.0000","18.0000","41.0000","121.0000","0.7200","1.6037","0.9800","0.7900","0.2100","85.5000","94.9700","94.9700","88.1700","64.5000","12","18","99.1100","4.0000","3.2600","0.4500","96.7500","12.0000","1.6800","9","95.2700","17.0000","2.1800","3","91.1200","31.0000","0.1000","0.0800","85.8000","49.0000","0.1400","2","94.9700","18.0000","1.0000","0.2300","94.6700","19.0000","1.4700","0.0500","88.1700","41.0000","0.9000","0.0000","99.1100","4.0000","-0.0900","0","99.1100","4.0000","-0.0900","0.0000","99.1100","4.0000","-0.0900","0","99.1100","4.0000","-0.0900","6","0","0"
"AAD2023.06.02752","258","4691","114","University of California, Santa Barbara","Mathematics, Department of","Mathematics","27","112.0000","188","90.0000","25","90.0000","7.5200","95.0000","1644","95.0000","23","103.0000","0.8800","237.0000","18","57.0000","31","74.0000","5449265.0000","82.0000","44","58.0000","18","62.0000","3","179.0000","2","171.0000","17","23","7","18","17","0.0700","-0.5900","230.0000","32.2500","0.1100","-0.5000","215.0000","36.6900","0.9300","0.7600","80.0000","76.6300","6.9600","0.6000","94.0000","72.4900","0.8500","0.5100","137.0000","59.7600","60.8900","0.0300","91.0000","73.3700","8.7400","-0.0700","121.0000","64.5000","0.6700","1.5200","35.0000","89.9400","1.1500","0.9100","65.0000","81.0700","201824.6300","0.2300","84.0000","75.4400","175782.7400","-0.1200","163.0000","52.0700","1.6300","0.7000","46.0000","86.6900","0.6700","1.3400","43.0000","87.5700","0.4000","47.0000","86.3900","0.6300","-0.4400","0.2400","0.7700","0.3300","0.3900","-0.0215","0.3000","-0.4600","-0.0300","0.0500","0.4200","0.2900","0.1900","81.9500","49.7000","69.8200","83.4300","73.6700","72.1900","30.1800","83.1400","47.3400","72.1900","76.0400","78.4000","73.6700","67.1600","338","4/1/2025 16:37","3","3","1.0000","0.1100","0.1100","165.0000","206.0000","199.0000","243.0000","211.0000","-0.3000","-0.5345","-0.3600","-0.5400","-0.4500","51.4800","39.3500","41.4200","28.4000","37.8700","12","7","85.5000","50.0000","0.7600","0.2600","86.6900","46.0000","0.6500","6","89.6400","36.0000","1.1500","0","73.0800","92.0000","-0.1800","0.0000","73.0800","92.0000","-0.2900","0","73.0800","92.0000","-0.3500","0.2200","94.3800","20.0000","1.4400","0.0000","73.0800","92.0000","-0.4600","0.0000","99.1100","4.0000","-0.0900","0","99.1100","4.0000","-0.0900","0.0000","99.1100","4.0000","-0.0900","0","99.1100","4.0000","-0.0900","6","0","0"
"AAD2023.06.02752","261","4726","114","University of Chicago, The","Mathematics, Department of","Mathematics","33","67.0000","216","78.0000","29","76.0000","7.4500","102.0000","1471","105.0000","29","70.0000","1.0000","1.0000","26","32.0000","62","29.0000","29487783.0000","8.0000","180","10.0000","31","24.0000","17","36.0000","12","23.0000","17","23","7","18","17","0.3600","1.8200","17.0000","95.2700","0.5200","0.9500","39.0000","88.7600","0.8800","0.5300","132.0000","61.2400","6.5500","0.4700","104.0000","69.5300","0.8800","0.6300","112.0000","67.1600","44.5800","-0.1200","139.0000","59.1700","6.8100","-0.1500","178.0000","47.6300","0.7900","2.0200","11.0000","97.0400","1.8800","2.0900","16.0000","95.5600","893569.1800","3.3500","7.0000","98.2200","475609.4000","1.1800","25.0000","92.9000","5.4500","3.9400","4.0000","99.1100","0.9400","2.3900","6.0000","98.5200","0.7000","18.0000","94.9700","1.6400","1.7200","0.6200","1.4800","0.5900","0.3700","0.6014","2.8300","1.2900","-0.0700","2.6500","1.5500","0.4800","0.5700","93.2000","93.4900","79.5900","90.8300","77.8100","70.1200","100.0000","97.3400","89.6500","69.2300","97.9300","91.7200","77.2200","80.4700","338","4/1/2025 16:37","7","5","1.4000","0.2100","0.1500","106.0000","181.0000","143.0000","181.0000","170.0000","0.1100","-0.2714","-0.1900","-0.3500","-0.1500","68.9300","46.7500","57.9900","46.7500","50.0000","12","11","92.6000","26.0000","1.6700","0.3300","93.4900","23.0000","1.0500","10","97.3400","10.0000","2.5200","0","73.0800","92.0000","-0.1800","0.0000","73.0800","92.0000","-0.2900","0","73.0800","92.0000","-0.3500","0.3000","98.5200","6.0000","2.3500","0.0000","73.0800","92.0000","-0.4600","0.0000","99.1100","4.0000","-0.0900","0","99.1100","4.0000","-0.0900","0.0000","99.1100","4.0000","-0.0900","0","99.1100","4.0000","-0.0900","6","0","0"
"AAD2023.06.02752","271","4754","114","University of Denver","Mathematics, Department of","Mathematics","13","246.0000","107","164.0000","13","202.0000","8.2300","68.0000","802","161.0000","12","205.0000","0.9200","204.0000","3","185.0000","7","163.0000","547484.0000","220.0000","14","134.0000","8","128.0000","2","207.0000","2","171.0000","17","23","7","18","17","0.1500","0.0700","142.0000","58.2800","0.1500","-0.3400","192.0000","43.4900","1.0000","1.1300","1.0000","100.0000","8.2300","0.9800","50.0000","85.5000","0.9200","0.8200","62.0000","81.9500","61.6900","0.0400","87.0000","74.5600","7.5000","-0.1200","151.0000","55.6200","0.2300","-0.2600","169.0000","50.3000","0.5400","-0.0800","137.0000","59.7600","42114.1500","-0.4900","210.0000","38.1700","78212.0000","-0.5500","266.0000","21.6000","1.0800","0.2300","77.0000","77.5100","0.6200","1.1500","54.0000","84.3200","0.4000","47.0000","86.3900","-0.1600","-0.4400","-0.4700","-0.5500","-0.4500","0.5700","0.1861","-0.2600","-0.5800","-0.2600","-0.4800","-0.4500","-0.2500","-0.6800","62.4300","49.7000","39.6500","45.5600","40.5300","80.1800","39.9400","60.6500","39.0500","52.6600","35.2100","52.0700","51.7800","27.5100","338","4/1/2025 16:37","2","2","1.0000","0.1500","0.1500","192.0000","206.0000","225.0000","211.0000","164.0000","-0.5000","-0.5345","-0.4000","-0.4600","-0.1400","43.4900","39.3500","33.7300","37.8700","51.7800","12","3","63.6100","124.0000","-0.1400","0.2300","82.5400","60.0000","0.5000","2","60.9500","133.0000","-0.2100","0","73.0800","92.0000","-0.1800","0.0000","73.0800","92.0000","-0.2900","0","73.0800","92.0000","-0.3500","0.1500","76.6300","80.0000","0.6700","0.0000","73.0800","92.0000","-0.4600","0.0000","99.1100","4.0000","-0.0900","0","99.1100","4.0000","-0.0900","0.0000","99.1100","4.0000","-0.0900","0","99.1100","4.0000","-0.0900","6","0","0"
"AAD2023.06.02752","274","4798","114","University of Georgia","Mathematics, Department of","Mathematics","32","72.0000","191","86.0000","29","76.0000","6.5900","137.0000","1129","130.0000","29","70.0000","0.9700","138.0000","16","68.0000","34","72.0000","4777460.0000","93.0000","37","67.0000","19","51.0000","9","79.0000","8","51.0000","17","23","7","18","17","0.2500","0.8700","61.0000","82.2500","0.2800","0.1100","116.0000","65.9800","0.9100","0.6600","108.0000","68.3400","5.9700","0.2900","126.0000","63.0200","0.9100","0.7500","84.0000","75.4400","35.2800","-0.2100","168.0000","50.5900","5.9100","-0.2000","211.0000","37.8700","0.5000","0.8400","70.0000","79.5900","1.0600","0.7700","73.0000","78.7000","149295.6300","-0.0100","112.0000","67.1600","140513.5300","-0.2800","201.0000","40.8300","1.1600","0.3000","69.0000","79.8800","0.5900","1.0700","61.0000","82.2500","0.2000","74.0000","78.4000","0.7000","0.8600","0.6200","0.6000","0.5900","0.1400","0.4214","0.1700","0.2900","-0.1700","-0.0200","0.5300","0.3100","0.5100","85.2100","85.2100","79.5900","80.1800","77.8100","59.7600","59.4700","80.4700","76.9200","61.8300","72.7800","78.9900","74.8500","78.9900","338","4/1/2025 16:37","11","6","1.8300","0.3400","0.1900","80.0000","135.0000","101.0000","140.0000","135.0000","0.3200","0.0115","-0.0100","-0.1200","0.1100","76.6300","60.3600","70.4100","58.8800","60.3600","12","5","75.7400","83.0000","0.3100","0.1600","67.7500","110.0000","0.1000","5","84.6200","53.0000","0.8100","0","73.0800","92.0000","-0.1800","0.0000","73.0800","92.0000","-0.2900","0","73.0800","92.0000","-0.3500","0.1600","76.9200","79.0000","0.7000","0.0000","73.0800","92.0000","-0.4600","0.0000","99.1100","4.0000","-0.0900","0","99.1100","4.0000","-0.0900","0.0000","99.1100","4.0000","-0.0900","0","99.1100","4.0000","-0.0900","6","0","0"
"AAD2023.06.02752","280","4870","114","University of Illinois at Urbana-Champaign","Mathematics, Department of","Mathematics","65","8.0000","432","21.0000","59","7.0000","7.3200","106.0000","2744","56.0000","59","7.0000","0.9700","136.0000","28","28.0000","59","34.0000","13661992.0000","36.0000","125","18.0000","46","8.0000","13","55.0000","7","60.0000","17","23","7","18","17","0.1100","-0.3100","197.0000","42.0100","0.2000","-0.1800","162.0000","52.3700","0.9100","0.6700","106.0000","68.9300","6.6500","0.5000","101.0000","70.4100","0.9100","0.7500","82.0000","76.0400","42.2200","-0.1400","146.0000","57.1000","6.3500","-0.1800","198.0000","41.7200","0.4300","0.5600","97.0000","71.6000","0.9100","0.5200","87.0000","74.5600","210184.4900","0.2700","81.0000","76.3300","231559.1900","0.1200","98.0000","71.3000","1.9200","0.9500","34.0000","90.2400","0.7100","1.5000","38.0000","89.0500","0.3000","62.0000","81.9500","2.8100","0.6400","2.5600","1.6600","2.5300","0.3300","0.4244","1.8100","0.7900","0.2800","0.9400","1.4400","1.9200","2.5800","97.9300","82.5400","98.2200","92.0100","98.2200","68.9300","60.0600","94.9700","84.0200","83.7300","89.6500","90.2400","94.0800","97.9300","338","4/1/2025 16:37","21","10","2.1000","0.3200","0.1500","32.0000","108.0000","45.0000","146.0000","164.0000","1.1300","0.1892","0.4200","-0.1600","-0.1400","90.8300","68.3400","86.9800","57.1000","51.7800","12","12","93.4900","23.0000","1.9000","0.1800","73.9600","89.0000","0.2500","11","98.5200","6.0000","2.8600","2","88.1700","41.0000","0.0100","0.0300","76.9200","79.0000","-0.1100","1","90.5300","33.0000","0.3200","0.1700","81.6600","63.0000","0.8500","0.0200","74.2600","88.0000","-0.0400","0.0000","99.1100","4.0000","-0.0900","0","99.1100","4.0000","-0.0900","0.0000","99.1100","4.0000","-0.0900","0","99.1100","4.0000","-0.0900","6","0","0"
"AAD2023.06.02752","288","4909","114","University of Maryland, Baltimore County","Mathematics and Statistics, Department of","Mathematics","26","118.0000","152","120.0000","24","96.0000","6.3300","145.0000","1548","102.0000","24","96.0000","0.9600","150.0000","10","106.0000","14","122.0000","2500546.0000","131.0000","11","146.0000","5","154.0000","1","229.0000","1","215.0000","17","23","7","18","17","0.0400","-0.8800","260.0000","23.3700","0.0400","-0.7600","262.0000","22.7800","0.9200","0.7500","83.0000","75.7400","5.8500","0.2500","135.0000","60.3600","0.9200","0.8200","62.0000","81.9500","59.5400","0.0200","96.0000","71.8900","10.1800","0.0000","89.0000","73.9600","0.3800","0.3700","111.0000","67.4600","0.5400","-0.0800","137.0000","59.7600","96174.8500","-0.2500","149.0000","56.2100","178610.4300","-0.1100","159.0000","53.2500","0.4200","-0.3200","168.0000","50.5900","0.1900","-0.4700","198.0000","41.7200","0.1000","99.0000","71.0100","-0.3900","-0.6500","0.3000","0.0700","0.2600","0.0700","0.3854","-0.3100","-0.7000","-0.0500","-0.2700","-0.1900","0.0500","0.1300","54.7300","36.6900","71.8900","68.9300","71.8900","57.4000","55.9200","57.1000","32.5400","70.1200","61.5400","64.2000","64.7900","65.3800","338","4/1/2025 16:37","10","5","2.0000","0.3800","0.1900","106.0000","109.0000","121.0000","127.0000","130.0000","0.1100","0.1234","-0.0600","-0.0400","0.1500","68.9300","68.0500","64.5000","62.7200","61.8300","12","4","70.1200","102.0000","0.0800","0.1500","67.1600","112.0000","0.0900","5","84.6200","53.0000","0.8100","0","73.0800","92.0000","-0.1800","0.0000","73.0800","92.0000","-0.2900","0","73.0800","92.0000","-0.3500","0.1900","89.0500","38.0000","1.1100","0.0000","73.0800","92.0000","-0.4600","0.0000","99.1100","4.0000","-0.0900","0","99.1100","4.0000","-0.0900","0.0000","99.1100","4.0000","-0.0900","0","99.1100","4.0000","-0.0900","6","0","0"
"AAD2023.06.02752","300","4970","114","University of Michigan","Mathematics, Department of","Mathematics","58","13.0000","444","19.0000","52","17.0000","8.5400","60.0000","3595","36.0000","54","15.0000","0.9800","114.0000","42","8.0000","107","3.0000","24547709.0000","12.0000","221","7.0000","53","4.0000","36","4.0000","19","5.0000","17","23","7","18","17","0.3300","1.5200","26.0000","92.6000","0.6200","1.3300","25.0000","92.9000","0.9000","0.6200","113.0000","66.8600","7.6600","0.8100","63.0000","81.6600","0.9300","0.8500","55.0000","84.0200","61.9800","0.0400","86.0000","74.8500","8.1000","-0.1000","136.0000","60.0600","0.7200","1.7600","24.0000","93.2000","1.8400","2.0400","18.0000","94.9700","423236.3600","1.2300","28.0000","92.0100","229417.8400","0.1100","100.0000","70.7100","3.8100","2.5500","11.0000","97.0400","0.9100","2.2900","8.0000","97.9300","0.7000","18.0000","94.9700","3.3600","3.2300","2.2300","2.8900","2.0800","0.6500","0.5032","3.5900","3.6500","0.5100","2.1100","3.1900","2.0000","2.1400","99.1100","98.8200","95.8600","97.9300","95.2700","82.5400","66.5700","98.2200","99.1100","89.6500","96.7500","99.4100","94.6700","96.4500","338","4/1/2025 16:37","17","9","1.8900","0.2900","0.1600","41.0000","131.0000","57.0000","156.0000","162.0000","0.9300","0.0510","0.2500","-0.2100","-0.1300","88.1700","61.5400","83.4300","54.1400","52.3700","12","14","97.0400","11.0000","2.3500","0.2400","84.0200","55.0000","0.5600","12","99.4100","3.0000","3.2000","0","73.0800","92.0000","-0.1800","0.0000","73.0800","92.0000","-0.2900","0","73.0800","92.0000","-0.3500","0.2100","92.3100","27.0000","1.2700","0.0000","73.0800","92.0000","-0.4600","0.0000","99.1100","4.0000","-0.0900","0","99.1100","4.0000","-0.0900","0.0000","99.1100","4.0000","-0.0900","0","99.1100","4.0000","-0.0900","6","0","0"
"AAD2023.06.02752","301","5076","114","University of Minnesota, Twin Cities","Mathematics, School of","Mathematics","68","6.0000","403","27.0000","59","7.0000","6.8300","127.0000","3538","38.0000","59","7.0000","0.9700","136.0000","44","4.0000","100","7.0000","22894537.0000","15.0000","131","16.0000","49","7.0000","29","9.0000","20","4.0000","17","23","7","18","17","0.2900","1.2400","37.0000","89.3500","0.4300","0.6300","63.0000","81.6600","0.8700","0.4700","143.0000","57.9900","5.9300","0.2800","129.0000","62.1300","0.8700","0.5800","121.0000","64.5000","52.0300","-0.0500","116.0000","65.9800","8.7800","-0.0600","118.0000","65.3800","0.6500","1.4400","39.0000","88.7600","1.4700","1.4300","40.0000","88.4600","336684.3700","0.8400","39.0000","88.7600","228945.3700","0.1100","102.0000","70.1200","1.9300","0.9500","33.0000","90.5300","0.7200","1.5500","32.0000","90.8300","0.3000","62.0000","81.9500","3.0500","3.4400","2.5600","3.0700","2.5300","0.2000","0.4244","1.9200","2.7800","0.5000","1.9400","2.9300","1.7300","2.7700","98.2200","99.1100","98.2200","99.1100","98.2200","62.7200","60.0600","95.5600","97.6300","89.0500","95.8600","98.2200","92.3100","98.5200","338","4/1/2025 16:37","13","8","1.6300","0.1900","0.1200","50.0000","155.0000","87.0000","195.0000","206.0000","0.7200","-0.1201","0.0700","-0.3900","-0.4000","85.5000","54.4400","74.5600","42.6000","39.3500","12","6","81.6600","63.0000","0.5400","0.0900","44.6700","188.0000","-0.2700","5","84.6200","53.0000","0.8100","3","91.1200","31.0000","0.1000","0.0400","82.2500","61.0000","-0.0400","2","94.9700","18.0000","1.0000","0.0700","44.0800","190.0000","-0.2300","0.0300","80.1800","68.0000","0.3400","0.0000","99.1100","4.0000","-0.0900","0","99.1100","4.0000","-0.0900","0.0000","99.1100","4.0000","-0.0900","0","99.1100","4.0000","-0.0900","6","0","0"
"AAD2023.06.02752","316","5114","114","University of North Carolina at Chapel Hill","Mathematics, Department of","Mathematics","32","72.0000","269","56.0000","32","59.0000","8.4100","64.0000","2645","58.0000","31","58.0000","0.9700","132.0000","27","30.0000","58","35.0000","19943085.0000","25.0000","52","49.0000","25","39.0000","8","89.0000","5","92.0000","17","23","7","18","17","0.1600","0.0900","141.0000","58.5800","0.2500","0.0000","130.0000","61.8300","1.0000","1.1300","1.0000","100.0000","8.4100","1.0400","41.0000","88.1700","0.9700","1.0200","20.0000","94.3800","82.6600","0.2400","57.0000","83.4300","9.8300","-0.0200","97.0000","71.6000","0.8400","2.2500","5.0000","98.8200","1.8100","1.9900","19.0000","94.6700","623221.4100","2.1300","16.0000","95.5600","343846.2900","0.6000","43.0000","87.5700","1.6300","0.7000","47.0000","86.3900","0.7800","1.7800","19.0000","94.6700","0.7000","18.0000","94.9700","1.1700","0.2100","0.7500","1.5700","0.7800","0.6200","0.4327","0.4500","0.1700","0.2500","1.6200","1.4100","0.8400","0.5100","88.7600","73.0800","83.1400","91.4200","82.8400","81.3600","61.2400","85.8000","73.9600","83.1400","92.9000","89.9400","83.7300","78.9900","338","4/1/2025 16:37","16","8","2.0000","0.5000","0.2500","50.0000","109.0000","63.0000","88.0000","79.0000","0.7200","0.1234","0.2000","0.1600","0.5800","85.5000","68.0500","81.6600","74.2600","76.9200","12","7","85.5000","50.0000","0.7600","0.2200","79.5900","70.0000","0.4400","6","89.6400","36.0000","1.1500","3","91.1200","31.0000","0.1000","0.0900","88.1700","41.0000","0.2500","1","90.5300","33.0000","0.3200","0.1900","87.5700","43.0000","1.0500","0.0300","81.6600","63.0000","0.3900","0.0000","99.1100","4.0000","-0.0900","0","99.1100","4.0000","-0.0900","0.0000","99.1100","4.0000","-0.0900","0","99.1100","4.0000","-0.0900","6","0","0"
"AAD2023.06.02752","326","5165","114","University of Pennsylvania","Mathematics, Department of","Mathematics","24","138.0000","152","120.0000","23","107.0000","6.6100","136.0000","1374","114.0000","23","103.0000","1.0000","1.0000","22","42.0000","55","39.0000","10393576.0000","52.0000","73","37.0000","22","44.0000","6","121.0000","5","92.0000","17","23","7","18","17","0.2100","0.5300","88.0000","74.2600","0.2500","0.0000","130.0000","61.8300","0.9600","0.9200","46.0000","86.6900","6.3300","0.4000","114.0000","66.5700","0.9600","0.9700","29.0000","91.7200","57.2500","0.0000","100.0000","70.7100","9.0400","-0.0500","114.0000","66.5700","0.9200","2.5400","1.0000","100.0000","2.2900","2.7600","7.0000","98.2200","433065.6700","1.2800","27.0000","92.3100","188974.1100","-0.0700","146.0000","57.1000","3.0400","1.9000","18.0000","94.9700","0.9200","2.3000","7.0000","98.2200","0.7000","18.0000","94.9700","0.9400","0.2100","0.2400","1.1300","0.2000","0.1500","0.6014","0.8400","-0.0800","-0.1000","0.5800","1.3000","0.0500","0.0100","87.2800","73.0800","69.8200","87.8700","68.6400","60.0600","100.0000","89.3500","64.5000","66.5700","84.9100","88.7600","64.7900","59.4700","338","4/1/2025 16:37","10","3","3.3300","0.4200","0.1300","165.0000","37.0000","121.0000","111.0000","199.0000","-0.3000","0.9984","-0.0600","0.0100","-0.3500","51.4800","89.3500","64.5000","67.4600","41.4200","12","4","70.1200","102.0000","0.0800","0.1700","71.6000","97.0000","0.1600","3","72.1900","95.0000","0.1300","0","73.0800","92.0000","-0.1800","0.0000","73.0800","92.0000","-0.2900","0","73.0800","92.0000","-0.3500","0.1300","66.2700","115.0000","0.3500","0.0000","73.0800","92.0000","-0.4600","0.0000","99.1100","4.0000","-0.0900","0","99.1100","4.0000","-0.0900","0.0000","99.1100","4.0000","-0.0900","0","99.1100","4.0000","-0.0900","6","0","0"
"AAD2023.06.02752","327","5217","114","University of Pittsburgh","Mathematics, Department of","Mathematics","31","83.0000","289","51.0000","30","68.0000","9.6300","35.0000","2025","78.0000","29","70.0000","0.9400","187.0000","19","51.0000","43","51.0000","8657555.0000","61.0000","42","61.0000","19","51.0000","5","144.0000","4","107.0000","17","23","7","18","17","0.1300","-0.1300","172.0000","49.4100","0.1600","-0.3200","185.0000","45.5600","0.9700","0.9700","34.0000","90.2400","9.3200","1.3200","25.0000","92.9000","0.9400","0.8700","47.0000","86.3900","65.3200","0.0800","79.0000","76.9200","7.0100","-0.1500","166.0000","51.1800","0.6100","1.3000","47.0000","86.3900","1.3900","1.2900","43.0000","87.5700","279275.9700","0.5800","55.0000","84.0200","201338.4900","-0.0100","128.0000","62.4300","1.3500","0.4700","58.0000","83.1400","0.6100","1.1400","56.0000","83.7300","0.5000","37.0000","89.3500","0.7000","-0.0100","0.6200","0.8600","0.6500","0.9400","0.2531","0.2600","-0.2100","0.0800","0.4000","0.8600","0.9700","0.4500","85.2100","68.6400","79.5900","85.2100","80.1800","89.9400","44.9700","82.2500","57.6900","77.2200","82.2500","85.2100","85.2100","75.7400","338","4/1/2025 16:37","6","5","1.2000","0.1900","0.1600","106.0000","200.0000","156.0000","193.0000","160.0000","0.1100","-0.4030","-0.2300","-0.3900","-0.0800","68.9300","41.1200","54.1400","43.2000","52.9600","12","6","81.6600","63.0000","0.5400","0.1900","75.4400","84.0000","0.3000","3","72.1900","95.0000","0.1300","4","92.3100","27.0000","0.2000","0.1300","89.9400","35.0000","0.4600","2","94.9700","18.0000","1.0000","0.1000","55.3300","152.0000","0.0300","0.0600","90.8300","32.0000","1.3000","0.0000","99.1100","4.0000","-0.0900","0","99.1100","4.0000","-0.0900","0.0000","99.1100","4.0000","-0.0900","0","99.1100","4.0000","-0.0900","6","0","0"
"AAD2023.06.02752","329","5255","114","University of Rochester","Mathematics, Department of","Mathematics","17","196.0000","65","209.0000","14","190.0000","4.6400","220.0000","366","223.0000","14","182.0000","1.0000","1.0000","8","124.0000","13","127.0000","1571452.0000","159.0000","24","93.0000","13","92.0000","7","105.0000","7","60.0000","17","23","7","18","17","0.4100","2.2100","10.0000","97.3400","0.4100","0.5800","68.0000","80.1800","0.8200","0.2600","177.0000","47.9300","3.8200","-0.3600","204.0000","39.9400","0.8200","0.3900","160.0000","52.9600","21.5300","-0.3400","218.0000","35.8000","5.6300","-0.2100","220.0000","35.2100","0.4700","0.7200","84.0000","75.4400","0.7600","0.2800","99.0000","71.0100","92438.3500","-0.2600","150.0000","55.9200","120880.9200","-0.3600","233.0000","31.3600","1.4100","0.5200","55.0000","84.0200","0.7600","1.7200","23.0000","93.4900","-0.1000","132.0000","61.2400","0.2400","0.6400","-0.3400","-0.1100","-0.3800","-0.3700","0.6014","-0.0700","0.0400","-0.3800","-0.3700","-0.2300","-0.5300","-0.4300","73.0800","82.5400","46.4500","63.6100","44.0800","35.2100","100.0000","72.7800","69.2300","34.3200","53.2500","62.7200","38.4600","42.3100","338","4/1/2025 16:37","5","5","1.0000","0.2900","0.2900","106.0000","206.0000","170.0000","155.0000","58.0000","0.1100","-0.5345","-0.2700","-0.2100","0.9000","68.9300","39.3500","50.0000","54.4400","83.1400","12","5","75.7400","83.0000","0.3100","0.2900","90.5300","33.0000","0.8400","4","78.1100","75.0000","0.4700","0","73.0800","92.0000","-0.1800","0.0000","73.0800","92.0000","-0.2900","0","73.0800","92.0000","-0.3500","0.2400","95.8600","15.0000","1.5900","0.0000","73.0800","92.0000","-0.4600","0.0000","99.1100","4.0000","-0.0900","0","99.1100","4.0000","-0.0900","0.0000","99.1100","4.0000","-0.0900","0","99.1100","4.0000","-0.0900","6","0","0"
"AAD2023.06.02752","335","5302","114","University of Southern California","Mathematics, Department of","Mathematics","52","25.0000","380","30.0000","51","21.0000","7.4500","101.0000","3945","32.0000","46","26.0000","0.9000","224.0000","25","36.0000","69","25.0000","13086401.0000","39.0000","94","27.0000","31","24.0000","14","50.0000","9","37.0000","17","23","7","18","17","0.1700","0.2300","129.0000","62.1300","0.2700","0.0700","120.0000","64.7900","0.9800","1.0300","25.0000","92.9000","7.3100","0.7000","75.0000","78.1100","0.8800","0.6500","103.0000","69.8200","75.8700","0.1800","66.0000","80.7700","10.3800","0.0100","87.0000","74.5600","0.4800","0.7600","78.0000","77.2200","1.3300","1.2000","48.0000","86.0900","251661.5600","0.4600","65.0000","81.0700","189657.9900","-0.0600","145.0000","57.4000","1.8100","0.8500","38.0000","89.0500","0.6000","1.0700","60.0000","82.5400","0.3000","62.0000","81.9500","1.6400","1.0700","1.7200","1.3900","2.0100","0.3700","0.0721","1.2300","0.9100","0.6100","0.8800","1.8100","1.5800","1.7600","93.2000","89.3500","92.6000","89.6500","94.0800","70.4100","34.0200","92.3100","85.5000","90.8300","88.7600","92.9000","91.4200","92.9000","338","4/1/2025 16:37","16","7","2.2900","0.3100","0.1300","66.0000","98.0000","63.0000","149.0000","188.0000","0.5200","0.3142","0.2000","-0.1800","-0.2800","80.7700","71.3000","81.6600","56.2100","44.6700","12","3","63.6100","124.0000","-0.1400","0.0600","36.3900","216.0000","-0.4300","3","72.1900","95.0000","0.1300","1","82.2500","61.0000","-0.0900","0.0200","74.5600","87.0000","-0.1800","1","90.5300","33.0000","0.3200","0.0600","37.8700","211.0000","-0.4100","0.0200","76.3300","81.0000","0.0700","0.0000","99.1100","4.0000","-0.0900","0","99.1100","4.0000","-0.0900","0.0000","99.1100","4.0000","-0.0900","0","99.1100","4.0000","-0.0900","6","0","0"
"AAD2023.06.02752","357","5351","114","Washington State University","Mathematics and Statistics, Department of","Mathematics","28","104.0000","135","131.0000","24","96.0000","5.6300","178.0000","926","148.0000","25","88.0000","0.9600","146.0000","3","185.0000","3","211.0000","528053.0000","225.0000","16","124.0000","11","104.0000","7","105.0000","6","73.0000","17","23","7","18","17","0.2100","0.5800","85.0000","75.1500","0.2500","0.0000","130.0000","61.8300","0.8600","0.4200","149.0000","56.2100","4.8200","-0.0600","176.0000","48.2200","0.8900","0.6900","98.0000","71.3000","33.0700","-0.2300","176.0000","48.2200","6.8600","-0.1500","173.0000","49.1100","0.1100","-0.7600","242.0000","28.7000","0.1100","-0.7800","255.0000","24.8500","18859.0400","-0.6000","246.0000","27.5100","176017.6700","-0.1200","162.0000","52.3700","0.5700","-0.1900","142.0000","58.2800","0.3900","0.3000","117.0000","65.6800","-0.2000","155.0000","54.4400","0.0800","0.4300","0.3600","-0.5500","0.2600","-0.1100","0.3937","-0.2200","0.0400","-0.2200","-0.4800","-0.5900","-0.0600","0.2600","69.5300","78.7000","74.2600","45.5600","71.8900","47.6300","57.1000","63.6100","69.2300","56.5100","33.7300","37.8700","61.5400","69.5300","338","4/1/2025 16:37","11","4","2.7500","0.3900","0.1400","131.0000","68.0000","101.0000","123.0000","175.0000","-0.0900","0.6168","-0.0100","-0.0300","-0.2200","61.5400","80.1800","70.4100","63.9100","48.5200","12","7","85.5000","50.0000","0.7600","0.2500","86.3900","47.0000","0.6000","5","84.6200","53.0000","0.8100","0","73.0800","92.0000","-0.1800","0.0000","73.0800","92.0000","-0.2900","0","73.0800","92.0000","-0.3500","0.1800","85.2100","51.0000","0.9500","0.0000","73.0800","92.0000","-0.4600","0.0000","99.1100","4.0000","-0.0900","0","99.1100","4.0000","-0.0900","0.0000","99.1100","4.0000","-0.0900","0","99.1100","4.0000","-0.0900","6","0","0"
"AAD2023.06.02752","43","5443","114","Clarkson University","Mathematics, Department of","Mathematics","13","246.0000","67","205.0000","13","202.0000","5.1500","195.0000","616","186.0000","12","205.0000","0.9200","204.0000","5","157.0000","5","180.0000","1292830.0000","172.0000","3","222.0000","2","225.0000","2","207.0000","2","171.0000","17","23","7","18","17","0.1500","0.0700","142.0000","58.2800","0.1500","-0.3400","192.0000","43.4900","1.0000","1.1300","1.0000","100.0000","5.1500","0.0400","155.0000","54.4400","0.9200","0.8200","62.0000","81.9500","47.3800","-0.1000","131.0000","61.5400","9.1900","-0.0400","107.0000","68.6400","0.3800","0.3700","111.0000","67.4600","0.3800","-0.3300","167.0000","50.8900","99448.4600","-0.2300","145.0000","57.4000","258566.0000","0.2400","79.0000","76.9200","0.2300","-0.4800","215.0000","36.6900","0.1500","-0.6200","219.0000","35.5000","0.1000","99.0000","71.0100","-0.6200","-0.4400","-0.4700","-0.3700","-0.4500","-0.2400","0.1861","-0.4600","-0.5800","-0.3100","-0.4000","-0.5200","-0.5100","-0.6800","33.7300","49.7000","39.6500","53.8500","40.5300","42.6000","39.9400","34.6200","39.0500","45.2700","49.4100","47.0400","39.6500","27.5100","338","4/1/2025 16:37","9","6","1.5000","0.6900","0.4600","80.0000","163.0000","129.0000","51.0000","12.0000","0.3200","-0.2056","-0.1000","0.5100","2.1400","76.6300","52.0700","62.1300","85.2100","96.7500","12","1","43.2000","193.0000","-0.6000","0.0800","42.3100","196.0000","-0.3300","1","46.4500","182.0000","-0.5600","0","73.0800","92.0000","-0.1800","0.0000","73.0800","92.0000","-0.2900","0","73.0800","92.0000","-0.3500","0.0800","45.8600","184.0000","-0.1900","0.0000","73.0800","92.0000","-0.4600","0.0000","99.1100","4.0000","-0.0900","0","99.1100","4.0000","-0.0900","0.0000","99.1100","4.0000","-0.0900","0","99.1100","4.0000","-0.0900","6","0","0"
"AAD2023.06.02752","49","5486","114","Columbia University","Mathematics, Department of","Mathematics","46","35.0000","263","60.0000","39","38.0000","6.7400","131.0000","2321","66.0000","38","38.0000","0.9500","164.0000","22","42.0000","58","35.0000","11256154.0000","46.0000","156","12.0000","30","29.0000","15","45.0000","9","37.0000","17","23","7","18","17","0.2000","0.4200","106.0000","68.9300","0.3300","0.2700","103.0000","69.8200","0.8500","0.3800","160.0000","52.9600","5.7200","0.2100","139.0000","59.1700","0.8300","0.4000","158.0000","53.5500","50.4600","-0.0700","125.0000","63.3100","8.8300","-0.0600","116.0000","65.9800","0.4800","0.7500","81.0000","76.3300","1.2600","1.0900","52.0000","84.9100","244699.0000","0.4200","67.0000","80.4700","194071.6200","-0.0400","136.0000","60.0600","3.3900","2.1900","15.0000","95.8600","0.6500","1.2900","46.0000","86.6900","0.2000","74.0000","78.4000","1.5600","1.0700","1.2000","1.1300","1.2300","0.1800","0.3315","2.3800","1.0400","0.1600","0.6800","1.4100","0.8000","1.3900","91.7200","89.3500","89.0500","87.8700","89.0500","61.5400","51.7800","96.7500","86.9800","80.7700","86.6900","89.9400","82.5400","89.9400","338","4/1/2025 16:37","6","4","1.5000","0.1300","0.0900","131.0000","163.0000","156.0000","231.0000","241.0000","-0.0900","-0.2056","-0.2300","-0.5000","-0.6300","61.5400","52.0700","54.1400","31.9500","28.9900","12","7","85.5000","50.0000","0.7600","0.1500","66.2700","115.0000","0.0800","7","92.0100","28.0000","1.4900","0","73.0800","92.0000","-0.1800","0.0000","73.0800","92.0000","-0.2900","0","73.0800","92.0000","-0.3500","0.1500","75.1500","85.0000","0.6500","0.0000","73.0800","92.0000","-0.4600","0.0000","99.1100","4.0000","-0.0900","0","99.1100","4.0000","-0.0900","0.0000","99.1100","4.0000","-0.0900","0","99.1100","4.0000","-0.0900","6","0","0"
"AAD2023.06.02752","80","5565","114","George Washington University","Mathematics, Department of","Mathematics","17","196.0000","85","179.0000","15","181.0000","5.6700","176.0000","451","209.0000","14","182.0000","0.9300","189.0000","5","157.0000","6","172.0000","604281.0000","218.0000","23","95.0000","11","104.0000","7","105.0000","4","107.0000","17","23","7","18","17","0.2400","0.7500","75.0000","78.1100","0.4100","0.5800","68.0000","80.1800","0.8800","0.5500","129.0000","62.1300","5.0000","0.0000","167.0000","50.8900","0.8200","0.3900","160.0000","52.9600","26.5300","-0.2900","196.0000","42.3100","5.3100","-0.2200","233.0000","31.3600","0.2900","0.0000","150.0000","55.9200","0.3500","-0.3800","173.0000","49.1100","35545.9400","-0.5200","216.0000","36.3900","100713.5000","-0.4500","254.0000","25.1500","1.3500","0.4700","59.0000","82.8400","0.6500","1.2700","48.0000","86.0900","-0.1000","132.0000","61.2400","0.0800","-0.0100","-0.3400","-0.3700","-0.3200","-0.1000","0.2415","-0.0900","0.0400","-0.3500","-0.4700","-0.4900","-0.3900","-0.4300","69.5300","68.6400","46.4500","53.8500","46.7500","48.2200","44.3800","72.1900","69.2300","38.4600","35.8000","49.4100","47.3400","42.3100","338","4/1/2025 16:37","3","3","1.0000","0.1800","0.1800","165.0000","206.0000","199.0000","200.0000","142.0000","-0.3000","-0.5345","-0.3600","-0.4200","0.0300","51.4800","39.3500","41.4200","41.1200","58.2800","12","4","70.1200","102.0000","0.0800","0.2400","83.4300","57.0000","0.5200","3","72.1900","95.0000","0.1300","0","73.0800","92.0000","-0.1800","0.0000","73.0800","92.0000","-0.2900","0","73.0800","92.0000","-0.3500","0.1800","84.9100","52.0000","0.9300","0.0000","73.0800","92.0000","-0.4600","0.0000","99.1100","4.0000","-0.0900","0","99.1100","4.0000","-0.0900","0.0000","99.1100","4.0000","-0.0900","0","99.1100","4.0000","-0.0900","6","0","0"
"AAD2023.06.02752","90","5587","114","Howard University","Mathematics, Department of","Mathematics","21","164.0000","79","186.0000","12","215.0000","6.5800","138.0000","1197","127.0000","11","219.0000","0.8300","272.0000","6","150.0000","10","148.0000","2354738.0000","137.0000","5","196.0000","5","154.0000","14","50.0000","3","131.0000","17","23","7","18","17","0.1400","-0.0200","151.0000","55.6200","0.6700","1.4900","19.0000","94.6700","0.5700","-0.9900","276.0000","18.6400","3.7600","-0.3800","208.0000","38.7600","0.5200","-0.9000","274.0000","19.2300","57.0000","0.0000","103.0000","69.8200","15.1500","0.2300","39.0000","88.7600","0.2900","-0.0300","152.0000","55.3300","0.4800","-0.1800","151.0000","55.6200","112130.3800","-0.1700","139.0000","59.1700","235473.8000","0.1400","96.0000","71.8900","0.2400","-0.4800","213.0000","37.2800","0.2400","-0.2900","176.0000","48.2200","-0.4000","189.0000","44.3800","-0.3900","-0.2200","-0.5400","-0.2800","-0.5100","0.1400","-0.2983","-0.4300","0.9100","-0.1500","-0.2900","-0.3400","-0.4300","-0.1800","54.7300","61.5400","35.5000","55.9200","36.6900","59.4700","19.8200","42.3100","85.5000","62.7200","59.7600","56.5100","45.2700","51.7800","338","4/1/2025 16:37","3","4","0.7500","0.1400","0.1900","131.0000","280.0000","199.0000","218.0000","131.0000","-0.0900","-0.6990","-0.3600","-0.4800","0.1400","61.5400","17.4600","41.4200","35.8000","61.5400","12","6","81.6600","63.0000","0.5400","0.2900","89.9400","35.0000","0.8000","2","60.9500","133.0000","-0.2100","0","73.0800","92.0000","-0.1800","0.0000","73.0800","92.0000","-0.2900","0","73.0800","92.0000","-0.3500","0.1000","54.7300","154.0000","0.0100","0.0000","73.0800","92.0000","-0.4600","0.0000","99.1100","4.0000","-0.0900","0","99.1100","4.0000","-0.0900","0.0000","99.1100","4.0000","-0.0900","0","99.1100","4.0000","-0.0900","6","0","0"
"AAD2023.06.02752","96","5641","114","Indiana University - Bloomington","Mathematics, Department of","Mathematics","39","50.0000","242","68.0000","36","44.0000","6.7200","133.0000","1265","122.0000","36","43.0000","0.9700","123.0000","23","41.0000","46","48.0000","7210331.0000","69.0000","85","32.0000","31","24.0000","24","18.0000","16","11.0000","17","23","7","18","17","0.4100","2.2000","11.0000","97.0400","0.6200","1.3100","26.0000","92.6000","0.9200","0.7500","83.0000","75.7400","6.2100","0.3600","120.0000","64.7900","0.9200","0.8200","62.0000","81.9500","32.4400","-0.2400","178.0000","47.6300","5.2300","-0.2300","238.0000","29.8800","0.5900","1.2100","56.0000","83.7300","1.1800","0.9600","62.0000","81.9500","184880.2800","0.1500","93.0000","72.7800","156746.3300","-0.2100","185.0000","45.5600","2.1800","1.1700","27.0000","92.3100","0.7900","1.8300","17.0000","95.2700","0.3000","62.0000","81.9500","1.6400","2.5800","1.0700","1.2200","1.0400","0.1800","0.4555","1.0600","2.1600","-0.1300","0.2400","0.9700","0.6500","0.9500","93.2000","97.0400","87.5700","88.1700","87.2800","60.9500","63.9100","90.8300","94.9700","64.2000","79.8800","86.0900","80.1800","85.5000","338","4/1/2025 16:37","6","2","3.0000","0.1500","0.0500","192.0000","47.0000","156.0000","211.0000","272.0000","-0.5000","0.7813","-0.2300","-0.4600","-0.9000","43.4900","86.3900","54.1400","37.8700","19.8200","12","6","81.6600","63.0000","0.5400","0.1500","67.1600","112.0000","0.0900","6","89.6400","36.0000","1.1500","0","73.0800","92.0000","-0.1800","0.0000","73.0800","92.0000","-0.2900","0","73.0800","92.0000","-0.3500","0.1500","76.6300","80.0000","0.6700","0.0000","73.0800","92.0000","-0.4600","0.0000","99.1100","4.0000","-0.0900","0","99.1100","4.0000","-0.0900","0.0000","99.1100","4.0000","-0.0900","0","99.1100","4.0000","-0.0900","6","0","0"
"AAD2023.06.02752","99","5712","114","Iowa State University","Mathematics, Department of","Mathematics","33","67.0000","278","53.0000","31","64.0000","8.9700","50.0000","1452","108.0000","30","61.0000","0.9700","133.0000","15","73.0000","30","75.0000","5453037.0000","81.0000","46","55.0000","24","42.0000","10","70.0000","6","73.0000","17","23","7","18","17","0.1800","0.3100","115.0000","66.2700","0.3000","0.1900","111.0000","67.4600","0.9400","0.8300","64.0000","81.3600","8.4200","1.0400","40.0000","88.4600","0.9100","0.7600","78.0000","77.2200","44.0000","-0.1300","143.0000","57.9900","5.2200","-0.2300","239.0000","29.5900","0.4500","0.6600","90.0000","73.6700","0.9100","0.5200","84.0000","75.4400","165243.5500","0.0700","102.0000","70.1200","181767.9000","-0.1000","155.0000","54.4400","1.3900","0.5000","57.0000","83.4300","0.7300","1.5800","31.0000","91.1200","0.5000","37.0000","89.3500","1.0900","0.4300","0.6900","0.5100","0.7200","0.7700","0.4272","0.3400","0.4100","-0.0800","0.0500","0.3900","0.9000","0.5700","87.8700","78.7000","82.2500","78.7000","81.3600","85.5000","60.9500","84.0200","79.5900","68.3400","76.3300","78.1100","84.6200","80.4700","338","4/1/2025 16:37","12","8","1.5000","0.3600","0.2400","50.0000","163.0000","96.0000","135.0000","91.0000","0.7200","-0.2056","0.0300","-0.0800","0.5200","85.5000","52.0700","71.8900","60.3600","73.3700","12","8","86.9800","45.0000","0.9900","0.2400","84.3200","54.0000","0.5600","4","78.1100","75.0000","0.4700","10","96.4500","13.0000","0.7700","0.3000","96.4500","13.0000","1.4600","3","96.7500","12.0000","1.6700","0.1200","64.7900","120.0000","0.3100","0.0900","94.3800","20.0000","2.0100","0.0000","99.1100","4.0000","-0.0900","0","99.1100","4.0000","-0.0900","0.0000","99.1100","4.0000","-0.0900","0","99.1100","4.0000","-0.0900","6","0","0"
"AAD2023.06.02752","20","5742","114","Baylor University","Mathematics, Department of","Mathematics","23","145.0000","138","129.0000","22","117.0000","6.2700","146.0000","590","191.0000","22","112.0000","1.0000","1.0000","8","124.0000","14","122.0000","1492279.0000","162.0000","34","72.0000","14","83.0000","16","40.0000","5","92.0000","17","23","7","18","17","0.2200","0.6000","84.0000","75.4400","0.7000","1.6000","17.0000","95.2700","0.9600","0.9100","50.0000","85.5000","6.0000","0.3000","125.0000","63.3100","0.9600","0.9600","32.0000","90.8300","25.6500","-0.3000","200.0000","41.1200","4.2800","-0.2700","274.0000","19.2300","0.3500","0.2200","125.0000","63.3100","0.6100","0.0300","121.0000","64.5000","64881.7000","-0.3900","177.0000","47.9300","106591.3600","-0.4200","248.0000","26.9200","1.4800","0.5700","53.0000","84.6200","0.6100","1.1200","57.0000","83.4300","0.2000","74.0000","78.4000","0.3100","0.2100","0.1700","-0.1100","0.1300","0.0600","0.6014","0.1100","1.1600","-0.3200","-0.3800","-0.1900","-0.0400","-0.0600","75.7400","73.0800","67.1600","63.6100","65.6800","57.1000","100.0000","78.9900","88.4600","43.7900","52.3700","64.2000","62.1300","57.4000","338","4/1/2025 16:37","9","5","1.8000","0.3900","0.2200","106.0000","141.0000","129.0000","124.0000","111.0000","0.1100","-0.0082","-0.1000","-0.0300","0.3300","68.9300","58.5800","62.1300","63.6100","67.4600","12","10","91.4200","30.0000","1.4500","0.4300","95.2700","17.0000","1.6000","7","92.0100","28.0000","1.4900","0","73.0800","92.0000","-0.1800","0.0000","73.0800","92.0000","-0.2900","0","73.0800","92.0000","-0.3500","0.3000","98.8200","5.0000","2.3700","0.0000","73.0800","92.0000","-0.4600","0.0000","99.1100","4.0000","-0.0900","0","99.1100","4.0000","-0.0900","0.0000","99.1100","4.0000","-0.0900","0","99.1100","4.0000","-0.0900","6","0","0"
"AAD2023.06.02752","35","5790","114","Case Western Reserve University","Mathematics, Applied Mathematics and Statistics, Department of","Mathematics","20","174.0000","128","137.0000","19","148.0000","6.7400","132.0000","890","151.0000","20","135.0000","1.0000","1.0000","9","113.0000","13","127.0000","2243196.0000","141.0000","16","124.0000","8","128.0000","4","156.0000","5","92.0000","17","23","7","18","17","0.2500","0.8700","61.0000","82.2500","0.2000","-0.1800","162.0000","52.3700","0.9500","0.8800","56.0000","83.7300","6.4000","0.4200","110.0000","67.7500","1.0000","1.1500","1.0000","100.0000","44.5000","-0.1200","141.0000","58.5800","6.9500","-0.1500","169.0000","50.3000","0.4500","0.6400","94.0000","72.4900","0.6500","0.1000","118.0000","65.3800","112159.8000","-0.1700","138.0000","59.4700","172553.5400","-0.1400","169.0000","50.3000","0.8000","0.0000","107.0000","68.6400","0.4000","0.3200","112.0000","67.1600","0.2000","74.0000","78.4000","-0.1600","0.2100","0.0400","-0.0200","-0.0600","0.1800","0.6014","-0.2200","-0.3300","-0.2300","-0.3000","-0.2300","-0.1100","-0.2500","62.4300","73.0800","60.3600","66.8600","56.5100","61.2400","100.0000","63.6100","54.1400","55.6200","58.5800","62.7200","59.7600","48.8200","338","4/1/2025 16:37","11","7","1.5700","0.5500","0.3500","66.0000","161.0000","101.0000","78.0000","32.0000","0.5200","-0.1595","-0.0100","0.2500","1.3200","80.7700","52.6600","70.4100","77.2200","90.8300","12","2","52.6600","161.0000","-0.3700","0.1000","50.0000","170.0000","-0.2000","3","72.1900","95.0000","0.1300","1","82.2500","61.0000","-0.0900","0.0500","83.1400","58.0000","0.0000","1","90.5300","33.0000","0.3200","0.1500","74.8500","86.0000","0.6300","0.0500","88.1700","41.0000","0.9000","0.0000","99.1100","4.0000","-0.0900","0","99.1100","4.0000","-0.0900","0.0000","99.1100","4.0000","-0.0900","0","99.1100","4.0000","-0.0900","6","0","0"
"AAD2023.06.02752","45","5863","114","Cleveland State University","Mathematics and Statistics, Department of","Mathematics","21","164.0000","118","150.0000","16","170.0000","7.3800","104.0000","5012","22.0000","15","174.0000","0.9400","182.0000","4","168.0000","5","180.0000","668489.0000","211.0000","3","222.0000","2","225.0000","9","79.0000","4","107.0000","17","23","7","18","17","0.1900","0.3800","109.0000","68.0500","0.4300","0.6400","61.0000","82.2500","0.7600","-0.0500","216.0000","36.3900","5.6200","0.1800","140.0000","58.8800","0.7100","-0.0800","218.0000","35.8000","238.6700","1.7300","12.0000","96.7500","42.4700","1.4900","6.0000","98.5200","0.1900","-0.4200","191.0000","43.7900","0.2400","-0.5700","208.0000","38.7600","31832.8100","-0.5400","221.0000","34.9100","133697.8000","-0.3100","210.0000","38.1700","0.1400","-0.5600","248.0000","26.9200","0.1000","-0.8400","256.0000","24.5600","-0.2000","155.0000","54.4400","-0.6200","-0.0100","-0.2800","-0.4600","-0.2600","0.3500","0.2640","-0.4600","0.2900","0.9000","-0.4700","-0.5200","-0.1700","-0.1800","33.7300","68.6400","48.8200","50.5900","50.0000","69.5300","46.4500","34.6200","76.9200","93.7900","37.8700","47.0400","55.9200","51.7800","338","4/1/2025 16:37","1","1","1.0000","0.0500","0.0500","232.0000","206.0000","247.0000","280.0000","275.0000","-0.7100","-0.5345","-0.4400","-0.6500","-0.9200","31.6600","39.3500","27.2200","17.4600","18.9300","12","3","63.6100","124.0000","-0.1400","0.1400","64.2000","122.0000","0.0300","1","46.4500","182.0000","-0.5600","0","73.0800","92.0000","-0.1800","0.0000","73.0800","92.0000","-0.2900","0","73.0800","92.0000","-0.3500","0.0500","35.2100","220.0000","-0.5200","0.0000","73.0800","92.0000","-0.4600","0.0000","99.1100","4.0000","-0.0900","0","99.1100","4.0000","-0.0900","0.0000","99.1100","4.0000","-0.0900","0","99.1100","4.0000","-0.0900","6","0","0"
"AAD2023.06.02752","82","6225","114","Georgia Institute of Technology","Mathematics, School of","Mathematics","55","21.0000","426","23.0000","53","14.0000","8.0400","79.0000","4258","27.0000","51","20.0000","0.9600","145.0000","38","14.0000","97","12.0000","25609851.0000","10.0000","91","29.0000","41","15.0000","21","23.0000","15","12.0000","17","23","7","18","17","0.2700","1.0600","47.0000","86.3900","0.3800","0.4700","81.0000","76.3300","0.9600","0.9500","38.0000","89.0500","7.7500","0.8400","59.0000","82.8400","0.9300","0.8400","59.0000","82.8400","77.4200","0.1900","63.0000","81.6600","10.0000","-0.0100","95.0000","72.1900","0.6900","1.6200","30.0000","91.4200","1.7600","1.9100","23.0000","93.4900","465633.6500","1.4200","24.0000","93.2000","264019.0800","0.2600","77.0000","77.5100","1.6500","0.7200","43.0000","87.5700","0.7500","1.6500","28.0000","92.0100","0.7000","18.0000","94.9700","2.4200","2.3700","2.0400","2.5400","2.1400","0.5200","0.3977","1.1700","1.7800","0.6900","2.2300","2.8200","1.8800","1.9500","95.8600","96.7500","94.3800","96.1500","96.1500","76.9200","57.4000","91.7200","93.4900","92.3100","97.3400","96.7500","93.4900","94.0800","338","4/1/2025 16:37","33","18","1.8300","0.6000","0.3300","6.0000","135.0000","19.0000","69.0000","44.0000","2.7700","0.0115","0.9400","0.3400","1.1500","98.5200","60.3600","94.6700","79.8800","87.2800","12","10","91.4200","30.0000","1.4500","0.1800","73.6700","90.0000","0.2400","8","94.0800","21.0000","1.8300","0","73.0800","92.0000","-0.1800","0.0000","73.0800","92.0000","-0.2900","0","73.0800","92.0000","-0.3500","0.1500","73.9600","89.0000","0.5800","0.0000","73.0800","92.0000","-0.4600","0.0000","99.1100","4.0000","-0.0900","0","99.1100","4.0000","-0.0900","0.0000","99.1100","4.0000","-0.0900","0","99.1100","4.0000","-0.0900","6","0","0"
"AAD2023.06.02752","102","6251","114","Johns Hopkins University","Mathematics, Department of","Mathematics","18","186.0000","163","105.0000","17","163.0000","9.5900","36.0000","1212","126.0000","17","163.0000","1.0000","1.0000","15","73.0000","39","57.0000","10429767.0000","51.0000","60","42.0000","17","68.0000","17","36.0000","9","37.0000","17","23","7","18","17","0.5000","2.9500","2.0000","99.7000","0.9400","2.4900","5.0000","98.8200","0.9400","0.8500","60.0000","82.5400","9.0600","1.2400","30.0000","91.4200","0.9400","0.9100","43.0000","87.5700","67.3300","0.0900","74.0000","78.4000","7.4400","-0.1300","154.0000","54.7300","0.8300","2.2000","7.0000","98.2200","2.1700","2.5600","10.0000","97.3400","579431.5000","1.9400","20.0000","94.3800","267429.9200","0.2700","75.0000","78.1100","3.3300","2.1400","16.0000","95.5600","0.9400","2.4100","4.0000","99.1100","1.0000","10.0000","97.3400","0.5500","1.0700","-0.1500","0.5100","-0.1900","0.9300","0.6014","0.6000","1.2900","-0.1500","0.5900","0.7100","0.1300","-0.3700","80.1800","89.3500","52.0700","78.7000","52.0700","89.6500","100.0000","87.8700","89.6500","63.0200","85.2100","83.4300","69.2300","45.2700","338","4/1/2025 16:37","1","1","1.0000","0.0600","0.0600","232.0000","206.0000","247.0000","274.0000","267.0000","-0.7100","-0.5345","-0.4400","-0.6400","-0.8600","31.6600","39.3500","27.2200","19.2300","21.3000","12","4","70.1200","102.0000","0.0800","0.2200","81.0700","65.0000","0.4500","4","78.1100","75.0000","0.4700","0","73.0800","92.0000","-0.1800","0.0000","73.0800","92.0000","-0.2900","0","73.0800","92.0000","-0.3500","0.2200","94.3800","20.0000","1.4400","0.0000","73.0800","92.0000","-0.4600","0.0000","99.1100","4.0000","-0.0900","0","99.1100","4.0000","-0.0900","0.0000","99.1100","4.0000","-0.0900","0","99.1100","4.0000","-0.0900","6","0","0"
"AAD2023.06.02752","119","6283","114","Marquette University","Mathematical and Statistical Sciences, Department of","Mathematics","16","205.0000","145","123.0000","15","181.0000","9.6700","34.0000","1748","90.0000","14","182.0000","0.8800","243.0000","4","168.0000","8","158.0000","1545806.0000","160.0000","5","196.0000","4","170.0000","12","59.0000","4","107.0000","17","23","7","18","17","0.2500","0.8700","61.0000","82.2500","0.7500","1.7900","13.0000","96.4500","0.9400","0.8200","65.0000","81.0700","9.0600","1.2400","29.0000","91.7200","0.8800","0.6100","115.0000","66.2700","109.2500","0.4900","33.0000","90.5300","12.0600","0.0900","67.0000","80.4700","0.2500","-0.1800","161.0000","52.6600","0.5000","-0.1400","143.0000","57.9900","96612.8800","-0.2400","148.0000","56.5100","193225.7500","-0.0500","137.0000","59.7600","0.3100","-0.4100","189.0000","44.3800","0.2500","-0.2500","166.0000","51.1800","0.0000","113.0000","66.8600","-0.4700","-0.0100","-0.3400","-0.4600","-0.3200","0.9500","-0.0734","-0.4300","0.6600","0.0000","-0.3700","-0.4100","0.0100","-0.5000","50.0000","68.6400","46.4500","50.5900","46.7500","90.2400","28.4000","42.3100","82.8400","73.6700","52.9600","53.5500","63.9100","39.6500","338","4/1/2025 16:37","11","4","2.7500","0.6900","0.2500","131.0000","68.0000","101.0000","53.0000","79.0000","-0.0900","0.6168","-0.0100","0.5000","0.5800","61.5400","80.1800","70.4100","84.6200","76.9200","12","2","52.6600","161.0000","-0.3700","0.1300","56.8000","147.0000","-0.0700","2","60.9500","133.0000","-0.2100","0","73.0800","92.0000","-0.1800","0.0000","73.0800","92.0000","-0.2900","0","73.0800","92.0000","-0.3500","0.1300","66.2700","115.0000","0.3500","0.0000","73.0800","92.0000","-0.4600","0.0000","99.1100","4.0000","-0.0900","0","99.1100","4.0000","-0.0900","0.0000","99.1100","4.0000","-0.0900","0","99.1100","4.0000","-0.0900","6","0","0"
"AAD2023.06.02752","132","6345","114","Michigan State University","Mathematics, Department of","Mathematics","58","13.0000","449","18.0000","52","17.0000","8.6300","56.0000","6386","15.0000","53","16.0000","1.0000","1.0000","33","20.0000","87","18.0000","20605115.0000","23.0000","62","41.0000","31","24.0000","9","79.0000","7","60.0000","17","23","7","18","17","0.1200","-0.2000","180.0000","47.0400","0.1600","-0.3400","191.0000","43.7900","0.9000","0.6200","113.0000","66.8600","7.7400","0.8300","60.0000","82.5400","0.9100","0.7800","75.0000","78.1100","110.1000","0.5000","32.0000","90.8300","14.2200","0.1900","47.0000","86.3900","0.5700","1.1200","59.0000","82.8400","1.5000","1.4800","37.0000","89.3500","355260.6000","0.9200","37.0000","89.3500","236840.4000","0.1400","94.0000","72.4900","1.0700","0.2300","78.0000","77.2200","0.5300","0.8400","75.0000","78.1100","0.3000","62.0000","81.9500","1.6400","0.6400","2.1700","2.1000","2.0800","0.6800","0.6014","0.6300","0.2900","1.2800","1.6900","2.4600","2.0400","2.1400","93.2000","82.5400","95.5600","94.3800","95.2700","83.7300","100.0000","88.1700","76.9200","95.8600","93.4900","94.9700","94.9700","96.4500","338","4/1/2025 16:37","19","8","2.3800","0.3300","0.1400","50.0000","88.0000","51.0000","145.0000","184.0000","0.7200","0.3734","0.3300","-0.1500","-0.2500","85.5000","74.2600","85.2100","57.4000","45.8600","12","2","52.6600","161.0000","-0.3700","0.0300","31.0700","234.0000","-0.5500","2","60.9500","133.0000","-0.2100","2","88.1700","41.0000","0.0100","0.0300","79.2900","71.0000","-0.0900","2","94.9700","18.0000","1.0000","0.0300","31.0700","234.0000","-0.6700","0.0300","83.4300","57.0000","0.4800","0.0000","99.1100","4.0000","-0.0900","0","99.1100","4.0000","-0.0900","0.0000","99.1100","4.0000","-0.0900","0","99.1100","4.0000","-0.0900","6","0","0"
"AAD2023.06.02752","141","6423","114","New Jersey Institute of Technology","Mathematical Sciences, Department of","Mathematics","38","52.0000","225","74.0000","33","53.0000","6.8200","128.0000","2265","69.0000","32","56.0000","0.9700","130.0000","19","51.0000","49","45.0000","9023210.0000","57.0000","23","95.0000","15","75.0000","3","179.0000","3","131.0000","17","23","7","18","17","0.0800","-0.5500","227.0000","33.1400","0.0800","-0.6100","238.0000","29.8800","0.8700","0.4800","141.0000","58.5800","5.9200","0.2800","131.0000","61.5400","0.8400","0.4700","143.0000","57.9900","59.6100","0.0200","95.0000","72.1900","10.0700","0.0000","92.0000","73.0800","0.5000","0.8400","70.0000","79.5900","1.2900","1.1400","49.0000","85.8000","237452.8900","0.3900","68.0000","80.1800","184147.1400","-0.0900","150.0000","55.9200","0.6100","-0.1700","134.0000","60.6500","0.3900","0.3000","115.0000","66.2700","0.3000","62.0000","81.9500","0.3900","-0.2200","0.8200","0.8600","0.8500","0.2000","0.4378","-0.0900","-0.4600","0.1400","0.4400","1.0800","0.5400","0.8800","78.1100","61.5400","83.7300","85.2100","84.6200","62.4300","61.8300","72.1900","47.3400","79.8800","83.4300","86.9800","78.4000","84.9100","338","4/1/2025 16:37","13","8","1.6300","0.3400","0.2100","50.0000","155.0000","87.0000","142.0000","115.0000","0.7200","-0.1201","0.0700","-0.1200","0.2800","85.5000","54.4400","74.5600","58.2800","66.2700","12","4","70.1200","102.0000","0.0800","0.1100","51.7800","164.0000","-0.1700","2","60.9500","133.0000","-0.2100","0","73.0800","92.0000","-0.1800","0.0000","73.0800","92.0000","-0.2900","0","73.0800","92.0000","-0.3500","0.0500","36.9800","214.0000","-0.4700","0.0000","73.0800","92.0000","-0.4600","0.0000","99.1100","4.0000","-0.0900","0","99.1100","4.0000","-0.0900","0.0000","99.1100","4.0000","-0.0900","0","99.1100","4.0000","-0.0900","6","0","0"
"AAD2023.06.02752","150","6467","114","Northeastern University","Mathematics, Department of","Mathematics","36","59.0000","241","69.0000","32","59.0000","7.5300","94.0000","2704","57.0000","31","58.0000","0.9400","179.0000","17","63.0000","36","67.0000","6703215.0000","74.0000","29","81.0000","13","92.0000","12","59.0000","10","31.0000","17","23","7","18","17","0.2800","1.1000","43.0000","87.5700","0.3300","0.3000","96.0000","71.8900","0.8900","0.5800","122.0000","64.2000","6.6900","0.5100","100.0000","70.7100","0.8600","0.5500","128.0000","62.4300","75.1100","0.1700","67.0000","80.4700","11.2200","0.0500","75.0000","78.1100","0.4700","0.7300","82.0000","76.0400","1.0000","0.6700","77.0000","77.5100","186200.4200","0.1600","91.0000","73.3700","186200.4200","-0.0800","148.0000","56.5100","0.8100","0.0000","106.0000","68.9300","0.3600","0.1800","129.0000","62.1300","0.2000","74.0000","78.4000","0.2400","1.2900","0.7500","0.6900","0.7800","0.3900","0.2742","0.0200","0.6600","0.2700","0.1800","0.6100","0.6500","0.7600","73.0800","91.1200","83.1400","81.6600","82.8400","72.4900","47.3400","76.3300","82.8400","83.4300","78.4000","80.4700","79.8800","82.8400","338","4/1/2025 16:37","51","6","8.5000","1.4200","0.1700","80.0000","2.0000","10.0000","16.0000","153.0000","0.3200","4.3998","1.7200","1.8100","-0.0400","76.6300","99.7000","97.3400","95.5600","55.0300","12","5","75.7400","83.0000","0.3100","0.1400","60.3600","135.0000","0.0100","5","84.6200","53.0000","0.8100","4","92.3100","27.0000","0.2000","0.1100","89.3500","37.0000","0.3500","1","90.5300","33.0000","0.3200","0.1400","70.1200","102.0000","0.5000","0.0300","78.9900","72.0000","0.3000","0.0000","99.1100","4.0000","-0.0900","0","99.1100","4.0000","-0.0900","0.0000","99.1100","4.0000","-0.0900","0","99.1100","4.0000","-0.0900","6","0","0"
"AAD2023.06.02752","152","6502","114","Northern Illinois University","Mathematical Sciences, Department of","Mathematics","17","196.0000","49","234.0000","13","202.0000","3.7700","257.0000","193","248.0000","11","219.0000","0.8500","268.0000","2","204.0000","4","192.0000","330516.0000","243.0000","6","179.0000","3","195.0000","0","268.0000","0","268.0000","17","23","7","18","17","0.0000","-1.2000","268.0000","21.0100","0.0000","-0.9000","268.0000","21.0100","0.7600","-0.0300","213.0000","37.2800","2.8800","-0.6500","244.0000","28.1100","0.6500","-0.3700","246.0000","27.5100","11.3500","-0.4400","259.0000","23.6700","3.9400","-0.2900","282.0000","16.8600","0.1200","-0.7200","232.0000","31.6600","0.2400","-0.5700","210.0000","38.1700","19442.1200","-0.5900","243.0000","28.4000","82629.0000","-0.5300","263.0000","22.4900","0.3500","-0.3800","182.0000","46.4500","0.1800","-0.5300","204.0000","39.9400","-0.7000","243.0000","28.4000","-0.5500","-0.8700","-0.5400","-0.6400","-0.4500","-0.6000","-0.2291","-0.4100","-0.8300","-0.4300","-0.5000","-0.5600","-0.6300","-0.4300","42.6000","21.0100","35.5000","39.9400","40.5300","24.2600","21.0100","47.3400","21.0100","26.9200","28.4000","43.4900","31.0700","42.3100","338","4/1/2025 16:37","4","2","2.0000","0.2400","0.1200","192.0000","109.0000","179.0000","174.0000","206.0000","-0.5000","0.1234","-0.3100","-0.3100","-0.4000","43.4900","68.0500","47.3400","48.8200","39.3500","12","0","28.9900","241.0000","-0.8300","0.0000","28.9900","241.0000","-0.7400","0","28.9900","241.0000","-0.9000","0","73.0800","92.0000","-0.1800","0.0000","73.0800","92.0000","-0.2900","0","73.0800","92.0000","-0.3500","0.0000","28.9900","241.0000","-1.0600","0.0000","73.0800","92.0000","-0.4600","0.0000","99.1100","4.0000","-0.0900","0","99.1100","4.0000","-0.0900","0.0000","99.1100","4.0000","-0.0900","0","99.1100","4.0000","-0.0900","6","0","0"
"AAD2023.06.02752","159","6548","114","Old Dominion University","Mathematics and Statistics, Department of","Mathematics","24","138.0000","164","104.0000","20","138.0000","8.2000","71.0000","1372","115.0000","19","142.0000","0.9500","164.0000","8","124.0000","13","127.0000","1471203.0000","166.0000","12","141.0000","8","128.0000","8","89.0000","5","92.0000","17","23","7","18","17","0.2100","0.5300","88.0000","74.2600","0.3300","0.3000","96.0000","71.8900","0.8300","0.3000","170.0000","50.0000","6.8300","0.5600","96.0000","71.8900","0.7900","0.2500","179.0000","47.3400","57.1700","0.0000","101.0000","70.4100","8.3700","-0.0800","130.0000","61.8300","0.3300","0.1600","129.0000","62.1300","0.5400","-0.0800","136.0000","60.0600","61300.1300","-0.4000","184.0000","45.8600","113169.4600","-0.3900","241.0000","28.9900","0.5000","-0.2500","153.0000","55.0300","0.3300","0.0700","134.0000","60.6500","0.1000","99.0000","71.0100","-0.1600","0.2100","-0.0200","-0.1100","0.0000","0.5700","0.3315","-0.3000","0.1700","-0.1000","-0.3800","-0.2300","0.1300","0.0100","62.4300","73.0800","58.2800","63.6100","59.4700","79.2900","51.7800","58.5800","73.9600","66.2700","51.1800","62.7200","69.5300","59.4700","338","4/1/2025 16:37","11","5","2.2000","0.4600","0.2100","106.0000","100.0000","101.0000","97.0000","119.0000","0.1100","0.2550","-0.0100","0.0900","0.2700","68.9300","70.7100","70.4100","71.6000","65.0900","12","2","52.6600","161.0000","-0.3700","0.0800","44.0800","190.0000","-0.2900","2","60.9500","133.0000","-0.2100","1","82.2500","61.0000","-0.0900","0.0400","81.6600","63.0000","-0.0500","1","90.5300","33.0000","0.3200","0.0800","49.7000","171.0000","-0.1200","0.0400","86.0900","48.0000","0.6800","0.0000","99.1100","4.0000","-0.0900","0","99.1100","4.0000","-0.0900","0.0000","99.1100","4.0000","-0.0900","0","99.1100","4.0000","-0.0900","6","0","0"
"AAD2023.06.02752","177","6663","114","Rutgers - New Brunswick","Mathematics, Department of","Mathematics","59","12.0000","422","24.0000","55","11.0000","7.6700","90.0000","2470","62.0000","55","12.0000","0.9600","143.0000","37","15.0000","91","15.0000","17000785.0000","27.0000","152","13.0000","45","9.0000","15","45.0000","14","16.0000","17","23","7","18","17","0.2400","0.7700","73.0000","78.7000","0.2500","0.0100","129.0000","62.1300","0.9300","0.7900","77.0000","77.5100","7.1500","0.6500","88.0000","74.2600","0.9300","0.8600","54.0000","84.3200","41.8600","-0.1500","147.0000","56.8000","5.8500","-0.2000","212.0000","37.5700","0.6300","1.3600","44.0000","87.2800","1.5400","1.5500","35.0000","89.9400","288148.9000","0.6200","50.0000","85.5000","186821.8100","-0.0800","147.0000","56.8000","2.5800","1.5000","21.0000","94.0800","0.7600","1.7100","25.0000","92.9000","0.6000","27.0000","92.3100","2.7300","2.1500","2.3000","2.4500","2.2700","0.4300","0.4120","2.3100","1.0400","0.2000","1.3000","2.6100","1.8600","2.2000","97.6300","95.5600","96.7500","95.8600","97.0400","73.6700","57.9900","96.4500","86.9800","81.9500","92.3100","95.8600","93.2000","96.7500","338","4/1/2025 16:37","16","14","1.1400","0.2700","0.2400","13.0000","204.0000","63.0000","163.0000","96.0000","1.9500","-0.4424","0.2000","-0.2500","0.4800","96.4500","39.9400","81.6600","52.0700","71.8900","12","13","94.6700","19.0000","2.1300","0.2200","79.8800","69.0000","0.4400","10","97.3400","10.0000","2.5200","0","73.0800","92.0000","-0.1800","0.0000","73.0800","92.0000","-0.2900","0","73.0800","92.0000","-0.3500","0.1700","81.9500","62.0000","0.8500","0.0000","73.0800","92.0000","-0.4600","0.0000","99.1100","4.0000","-0.0900","0","99.1100","4.0000","-0.0900","0.0000","99.1100","4.0000","-0.0900","0","99.1100","4.0000","-0.0900","6","0","0"
"AAD2023.06.02752","205","6793","114","Stony Brook University, State University of New York","Mathematics, Department of","Mathematics","38","52.0000","185","91.0000","32","59.0000","5.7800","171.0000","930","146.0000","29","70.0000","0.8500","266.0000","24","38.0000","56","37.0000","10179086.0000","54.0000","137","14.0000","28","32.0000","21","23.0000","15","12.0000","17","23","7","18","17","0.3900","2.0700","14.0000","96.1500","0.5500","1.0800","35.0000","89.9400","0.8400","0.3500","167.0000","50.8900","4.8700","-0.0400","174.0000","48.8200","0.7600","0.1300","201.0000","40.8300","24.4700","-0.3100","203.0000","40.2400","5.0300","-0.2400","249.0000","26.6300","0.6300","1.3800","43.0000","87.5700","1.4700","1.4400","39.0000","88.7600","267870.6800","0.5300","58.0000","83.1400","181769.3900","-0.1000","154.0000","54.7300","3.6100","2.3700","14.0000","96.1500","0.7400","1.6100","29.0000","91.7200","0.2000","74.0000","78.4000","1.4100","2.3700","0.6200","1.3000","0.7800","-0.0700","-0.1925","2.0300","1.7800","-0.2200","0.5600","1.3300","0.2700","0.8800","90.8300","96.7500","79.5900","89.0500","82.8400","49.7000","21.6000","96.1500","93.4900","57.1000","84.3200","89.3500","73.3700","84.9100","338","4/1/2025 16:37","3","4","0.7500","0.0800","0.1100","131.0000","280.0000","199.0000","260.0000","223.0000","-0.0900","-0.6990","-0.3600","-0.5900","-0.5000","61.5400","17.4600","41.4200","23.3700","34.3200","12","3","63.6100","124.0000","-0.1400","0.0800","42.6000","195.0000","-0.3200","3","72.1900","95.0000","0.1300","0","73.0800","92.0000","-0.1800","0.0000","73.0800","92.0000","-0.2900","0","73.0800","92.0000","-0.3500","0.0800","46.4500","182.0000","-0.1700","0.0000","73.0800","92.0000","-0.4600","0.0000","99.1100","4.0000","-0.0900","0","99.1100","4.0000","-0.0900","0.0000","99.1100","4.0000","-0.0900","0","99.1100","4.0000","-0.0900","6","0","0"
"AAD2023.06.02752","212","6870","114","Temple University","Mathematics, Department of","Mathematics","20","174.0000","103","168.0000","17","163.0000","6.0600","156.0000","826","156.0000","18","149.0000","0.9500","167.0000","13","86.0000","27","80.0000","4461792.0000","97.0000","33","73.0000","13","92.0000","11","65.0000","4","107.0000","17","23","7","18","17","0.2000","0.4600","91.0000","73.3700","0.5500","1.0700","36.0000","89.6500","0.8500","0.3900","157.0000","53.8500","5.1500","0.0400","156.0000","54.1400","0.9000","0.7200","90.0000","73.6700","41.3000","-0.1500","151.0000","55.6200","8.0200","-0.1000","139.0000","59.1700","0.6500","1.4500","38.0000","89.0500","1.3500","1.2300","47.0000","86.3900","223089.6000","0.3300","73.0000","78.7000","165251.5600","-0.1700","176.0000","48.2200","1.6500","0.7200","44.0000","87.2800","0.6500","1.2800","47.0000","86.3900","0.2000","74.0000","78.4000","0.2400","-0.0100","-0.0900","0.3300","-0.1900","0.0000","0.3172","0.0900","0.5400","-0.2500","-0.0600","0.2800","-0.2700","-0.2500","73.0800","68.6400","56.2100","74.8500","52.0700","54.1400","50.8900","78.7000","81.0700","54.1400","71.6000","76.6300","50.5900","48.8200","338","4/1/2025 16:37","14","5","2.8000","0.7000","0.2500","106.0000","66.0000","80.0000","50.0000","79.0000","0.1100","0.6497","0.1200","0.5200","0.5800","68.9300","80.7700","76.6300","85.5000","76.9200","12","6","81.6600","63.0000","0.5400","0.3000","90.8300","32.0000","0.8700","4","78.1100","75.0000","0.4700","0","73.0800","92.0000","-0.1800","0.0000","73.0800","92.0000","-0.2900","0","73.0800","92.0000","-0.3500","0.2000","90.8300","32.0000","1.1900","0.0000","73.0800","92.0000","-0.4600","0.0000","99.1100","4.0000","-0.0900","0","99.1100","4.0000","-0.0900","0.0000","99.1100","4.0000","-0.0900","0","99.1100","4.0000","-0.0900","6","0","0"
"AAD2023.06.02752","221","6937","114","Texas State University","Mathematics, Department of","Mathematics","42","45.0000","214","79.0000","33","53.0000","6.4800","141.0000","949","143.0000","34","48.0000","0.9700","125.0000","13","86.0000","23","92.0000","6940372.0000","72.0000","19","108.0000","15","75.0000","3","179.0000","3","131.0000","17","23","7","18","17","0.0700","-0.6100","232.0000","31.6600","0.0700","-0.6400","242.0000","28.7000","0.7900","0.0700","200.0000","41.1200","5.1000","0.0200","161.0000","52.6600","0.8100","0.3300","171.0000","49.7000","22.6000","-0.3300","212.0000","37.5700","4.4300","-0.2600","269.0000","20.7100","0.3100","0.0600","143.0000","57.9900","0.5500","-0.0700","132.0000","61.2400","165246.9500","0.0700","101.0000","70.4100","301755.3000","0.4200","57.0000","83.4300","0.4500","-0.3000","163.0000","52.0700","0.3600","0.1600","130.0000","61.8300","-0.2000","155.0000","54.4400","0.3900","-0.2200","0.9400","0.3300","0.8500","0.1100","0.4471","-0.1700","-0.4600","-0.2200","0.2100","0.1300","0.4700","1.1400","78.1100","61.5400","86.0900","74.8500","84.6200","58.5800","63.3100","68.3400","47.3400","57.9900","78.9900","73.0800","76.9200","86.9800","338","4/1/2025 16:37","22","15","1.4700","0.5200","0.3600","9.0000","177.0000","42.0000","85.0000","29.0000","2.1600","-0.2253","0.4600","0.2100","1.3700","97.6300","47.9300","87.8700","75.1500","91.7200","12","11","92.6000","26.0000","1.6700","0.2600","87.2800","44.0000","0.6700","8","94.0800","21.0000","1.8300","0","73.0800","92.0000","-0.1800","0.0000","73.0800","92.0000","-0.2900","0","73.0800","92.0000","-0.3500","0.1900","88.4600","40.0000","1.0800","0.0000","73.0800","92.0000","-0.4600","0.0000","99.1100","4.0000","-0.0900","0","99.1100","4.0000","-0.0900","0.0000","99.1100","4.0000","-0.0900","0","99.1100","4.0000","-0.0900","6","0","0"
"AAD2023.06.02752","229","7000","114","University of Texas at Austin, The","Mathematics, Department of","Mathematics","47","32.0000","320","43.0000","44","31.0000","7.2700","109.0000","2629","59.0000","43","32.0000","0.9800","119.0000","33","20.0000","80","20.0000","21587688.0000","17.0000","116","21.0000","37","19.0000","21","23.0000","13","20.0000","17","23","7","18","17","0.2800","1.0900","46.0000","86.6900","0.4500","0.7000","55.0000","84.0200","0.9400","0.8100","71.0000","79.2900","6.8100","0.5500","98.0000","71.3000","0.9100","0.7800","74.0000","78.4000","55.9400","-0.0100","109.0000","68.0500","8.2200","-0.0900","134.0000","60.6500","0.7000","1.6700","29.0000","91.7200","1.7000","1.8100","26.0000","92.6000","459312.5100","1.3900","26.0000","92.6000","269846.1000","0.2800","72.0000","78.9900","2.4700","1.4100","22.0000","93.7900","0.7900","1.8100","18.0000","94.9700","0.6000","27.0000","92.3100","2.1100","1.9300","1.5200","2.1000","1.5600","0.3200","0.4787","1.6400","1.7800","0.2500","1.7900","2.2100","1.1800","1.4500","94.6700","94.3800","90.8300","94.3800","91.1200","68.0500","65.0900","94.0800","93.4900","82.8400","95.2700","94.3800","87.5700","90.8300","338","4/1/2025 16:37","12","7","1.7100","0.2600","0.1500","66.0000","145.0000","96.0000","166.0000","174.0000","0.5200","-0.0674","0.0300","-0.2800","-0.1700","80.7700","57.4000","71.8900","51.1800","48.8200","12","9","88.7600","39.0000","1.2200","0.1900","74.5600","87.0000","0.2900","8","94.0800","21.0000","1.8300","87","99.7000","2.0000","8.1100","1.8500","100.0000","1.0000","10.4100","3","96.7500","12.0000","1.6700","0.1700","82.2500","61.0000","0.8600","0.0600","90.5300","33.0000","1.2800","0.0000","99.1100","4.0000","-0.0900","0","99.1100","4.0000","-0.0900","0.0000","99.1100","4.0000","-0.0900","0","99.1100","4.0000","-0.0900","6","0","0"
"AAD2023.06.02752","238","7057","114","Tulane University","Mathematics, Department of","Mathematics","23","145.0000","171","100.0000","19","148.0000","9.0000","49.0000","2178","73.0000","18","149.0000","0.9500","167.0000","8","124.0000","13","127.0000","1929367.0000","150.0000","28","85.0000","12","101.0000","5","144.0000","2","171.0000","17","23","7","18","17","0.0900","-0.4800","216.0000","36.3900","0.2200","-0.1200","157.0000","53.8500","0.8300","0.2700","175.0000","48.5200","7.4300","0.7400","69.0000","79.8800","0.7800","0.2100","186.0000","45.2700","94.7000","0.3600","42.0000","87.8700","12.7400","0.1200","59.0000","82.8400","0.3500","0.2200","125.0000","63.3100","0.5700","-0.0400","128.0000","62.4300","83885.5200","-0.3000","158.0000","53.5500","148412.8500","-0.2400","190.0000","44.0800","1.2200","0.3500","66.0000","80.7700","0.5200","0.7900","80.0000","76.6300","0.2000","74.0000","78.4000","0.1600","-0.4400","-0.0900","-0.1100","-0.0600","0.7800","0.3172","0.0000","-0.2100","0.1200","-0.3300","-0.2300","0.1800","-0.0600","70.4100","49.7000","56.2100","63.6100","56.5100","85.8000","50.8900","75.1500","57.6900","78.7000","55.9200","62.7200","70.7100","57.4000","338","4/1/2025 16:37","9","4","2.2500","0.3900","0.1700","131.0000","99.0000","129.0000","124.0000","144.0000","-0.0900","0.2878","-0.1000","-0.0300","0.0100","61.5400","71.0100","62.1300","63.6100","57.6900","12","1","43.2000","193.0000","-0.6000","0.0400","33.4300","226.0000","-0.5100","1","46.4500","182.0000","-0.5600","0","73.0800","92.0000","-0.1800","0.0000","73.0800","92.0000","-0.2900","0","73.0800","92.0000","-0.3500","0.0400","34.3200","223.0000","-0.5700","0.0000","73.0800","92.0000","-0.4600","0.0000","99.1100","4.0000","-0.0900","0","99.1100","4.0000","-0.0900","0.0000","99.1100","4.0000","-0.0900","0","99.1100","4.0000","-0.0900","6","0","0"
"AAD2023.06.02752","242","7141","114","University of Akron, The","Mathematics, Department of","Mathematics","13","246.0000","33","256.0000","8","251.0000","4.1300","238.0000","158","257.0000","6","267.0000","0.6700","310.0000","5","157.0000","7","163.0000","807906.0000","202.0000","0","289.0000","0","289.0000","0","268.0000","0","268.0000","17","23","7","18","17","0.0000","-1.2000","268.0000","21.0100","0.0000","-0.9000","268.0000","21.0100","0.6200","-0.7700","267.0000","21.3000","2.5400","-0.7600","253.0000","25.4400","0.4600","-1.1700","291.0000","14.2000","12.1500","-0.4300","255.0000","24.8500","4.7900","-0.2500","257.0000","24.2600","0.3800","0.3700","111.0000","67.4600","0.5400","-0.0800","137.0000","59.7600","62146.6200","-0.4000","182.0000","46.4500","115415.1400","-0.3800","240.0000","29.2900","0.0000","-0.6800","289.0000","14.7900","0.0000","-1.2100","289.0000","14.7900","-0.8000","259.0000","23.6700","-0.7800","-0.8700","-0.8600","-0.3700","-0.7700","-0.5000","-1.1981","-0.5200","-0.8300","-0.4400","-0.4500","-0.4500","-0.7400","-0.6800","14.7900","21.0100","21.3000","53.8500","26.0400","29.8800","8.5800","14.7900","21.0100","24.2600","40.5300","52.0700","24.5600","27.5100","338","4/1/2025 16:37","2","1","2.0000","0.1500","0.0800","232.0000","109.0000","225.0000","211.0000","250.0000","-0.7100","0.1234","-0.4000","-0.4600","-0.7100","31.6600","68.0500","33.7300","37.8700","26.3300","12","0","28.9900","241.0000","-0.8300","0.0000","28.9900","241.0000","-0.7400","0","28.9900","241.0000","-0.9000","0","73.0800","92.0000","-0.1800","0.0000","73.0800","92.0000","-0.2900","0","73.0800","92.0000","-0.3500","0.0000","28.9900","241.0000","-1.0600","0.0000","73.0800","92.0000","-0.4600","0.0000","99.1100","4.0000","-0.0900","0","99.1100","4.0000","-0.0900","0.0000","99.1100","4.0000","-0.0900","0","99.1100","4.0000","-0.0900","6","0","0"
"AAD2023.06.02752","243","7161","114","University of Alabama, The","Mathematics, Department of","Mathematics","29","96.0000","169","101.0000","25","90.0000","6.7600","130.0000","1111","131.0000","25","88.0000","0.9300","201.0000","11","97.0000","19","102.0000","2367965.0000","135.0000","14","134.0000","9","121.0000","6","121.0000","2","171.0000","17","23","7","18","17","0.0700","-0.6300","238.0000","29.8800","0.2100","-0.1500","160.0000","52.9600","0.8600","0.4500","146.0000","57.1000","5.8300","0.2500","136.0000","60.0600","0.8600","0.5600","126.0000","63.0200","38.3100","-0.1800","158.0000","53.5500","6.5700","-0.1700","186.0000","45.2700","0.3800","0.3500","117.0000","65.6800","0.6600","0.1100","115.0000","66.2700","81653.9700","-0.3100","161.0000","52.6600","124629.7400","-0.3400","228.0000","32.8400","0.4800","-0.2700","160.0000","52.9600","0.3100","-0.0200","149.0000","56.2100","-0.1000","132.0000","61.2400","-0.0800","-0.4400","0.3600","0.1600","0.3300","0.1900","0.2015","-0.2600","-0.0800","-0.1700","-0.2800","-0.0100","0.1700","0.3200","64.5000","49.7000","74.2600","71.6000","73.6700","61.8300","40.8300","60.6500","64.5000","61.5400","60.3600","70.1200","70.4100","71.8900","338","4/1/2025 16:37","6","4","1.5000","0.2100","0.1400","131.0000","163.0000","156.0000","188.0000","184.0000","-0.0900","-0.2056","-0.2300","-0.3600","-0.2500","61.5400","52.0700","54.1400","44.6700","45.8600","12","3","63.6100","124.0000","-0.1400","0.1000","50.8900","167.0000","-0.1800","3","72.1900","95.0000","0.1300","0","73.0800","92.0000","-0.1800","0.0000","73.0800","92.0000","-0.2900","0","73.0800","92.0000","-0.3500","0.1000","57.4000","145.0000","0.1100","0.0000","73.0800","92.0000","-0.4600","0.0000","99.1100","4.0000","-0.0900","0","99.1100","4.0000","-0.0900","0.0000","99.1100","4.0000","-0.0900","0","99.1100","4.0000","-0.0900","6","0","0"
"AAD2023.06.02752","244","7371","114","University of Alabama at Birmingham, The","Mathematics, Department of","Mathematics","23","145.0000","84","181.0000","18","155.0000","4.6700","217.0000","534","194.0000","16","168.0000","0.8400","270.0000","9","113.0000","15","116.0000","2962094.0000","118.0000","6","179.0000","5","154.0000","6","121.0000","6","73.0000","17","23","7","18","17","0.2600","0.9600","55.0000","84.0200","0.2600","0.0400","125.0000","63.3100","0.7800","0.0500","201.0000","40.8300","3.6500","-0.4200","213.0000","37.2800","0.7000","-0.1600","228.0000","32.8400","23.2200","-0.3300","206.0000","39.3500","6.3600","-0.1800","197.0000","42.0100","0.3900","0.4000","109.0000","68.0500","0.6500","0.1000","117.0000","65.6800","128786.7000","-0.1000","120.0000","64.7900","197472.9300","-0.0300","131.0000","61.5400","0.2600","-0.4600","203.0000","40.2400","0.2200","-0.3700","186.0000","45.2700","-0.3000","176.0000","48.2200","-0.3900","0.4300","-0.2200","-0.0200","-0.1300","-0.3600","-0.2510","-0.4100","-0.0800","-0.3300","-0.2200","-0.1600","-0.4000","-0.0600","54.7300","78.7000","50.5900","66.8600","54.4400","36.0900","20.4100","47.3400","64.5000","42.9000","65.3800","65.9800","46.7500","57.4000","338","4/1/2025 16:37","4","4","1.0000","0.1700","0.1700","131.0000","206.0000","179.0000","201.0000","144.0000","-0.0900","-0.5345","-0.3100","-0.4200","0.0100","61.5400","39.3500","47.3400","40.8300","57.6900","12","5","75.7400","83.0000","0.3100","0.2200","79.2900","71.0000","0.4300","6","89.6400","36.0000","1.1500","0","73.0800","92.0000","-0.1800","0.0000","73.0800","92.0000","-0.2900","0","73.0800","92.0000","-0.3500","0.2600","97.3400","10.0000","1.8800","0.0000","73.0800","92.0000","-0.4600","0.0000","99.1100","4.0000","-0.0900","0","99.1100","4.0000","-0.0900","0.0000","99.1100","4.0000","-0.0900","0","99.1100","4.0000","-0.0900","6","0","0"
"AAD2023.06.02752","247","7473","114","University of Arizona, The","Mathematics, Department of","Mathematics","54","22.0000","265","59.0000","51","21.0000","5.2000","193.0000","3211","44.0000","50","21.0000","0.9600","146.0000","30","24.0000","55","39.0000","14077930.0000","35.0000","66","39.0000","28","32.0000","25","14.0000","9","37.0000","17","23","7","18","17","0.1700","0.1800","132.0000","61.2400","0.4600","0.7600","52.0000","84.9100","0.9400","0.8500","60.0000","82.5400","4.9100","-0.0300","171.0000","49.7000","0.9300","0.8300","60.0000","82.5400","59.4600","0.0200","97.0000","71.6000","12.1200","0.0900","65.0000","81.0700","0.5600","1.0700","61.0000","82.2500","1.0200","0.7000","76.0000","77.8100","260702.4100","0.5000","61.0000","82.2500","255962.3600","0.2200","81.0000","76.3300","1.2200","0.3600","64.0000","81.3600","0.5200","0.7800","81.0000","76.3300","0.1000","99.0000","71.0100","1.4100","1.0700","1.9800","1.8300","2.0100","-0.2200","0.3937","0.7100","2.2800","0.4100","0.9800","1.3000","0.8100","1.8900","90.8300","89.3500","94.0800","93.2000","94.0800","43.2000","57.1000","88.7600","96.1500","87.2800","89.9400","88.7600","82.8400","93.7900","338","4/1/2025 16:37","15","6","2.5000","0.2800","0.1100","80.0000","80.0000","72.0000","162.0000","211.0000","0.3200","0.4523","0.1600","-0.2400","-0.4500","76.6300","76.6300","78.9900","52.3700","37.8700","12","9","88.7600","39.0000","1.2200","0.1700","71.6000","97.0000","0.1600","5","84.6200","53.0000","0.8100","2","88.1700","41.0000","0.0100","0.0400","79.8800","69.0000","-0.0800","1","90.5300","33.0000","0.3200","0.0900","52.6600","161.0000","-0.0200","0.0200","75.4400","84.0000","0.0500","0.0000","99.1100","4.0000","-0.0900","0","99.1100","4.0000","-0.0900","0.0000","99.1100","4.0000","-0.0900","0","99.1100","4.0000","-0.0900","6","0","0"
"AAD2023.06.02752","286","7645","114","University of Louisville","Mathematics, Department of","Mathematics","30","89.0000","93","174.0000","24","96.0000","3.8800","250.0000","691","177.0000","20","135.0000","0.8300","272.0000","1","240.0000","2","228.0000","241270.0000","253.0000","6","179.0000","4","170.0000","1","229.0000","1","215.0000","17","23","7","18","17","0.0300","-0.9300","266.0000","21.6000","0.0300","-0.7800","267.0000","21.3000","0.8000","0.1400","188.0000","44.6700","3.1000","-0.5900","231.0000","31.9500","0.6700","-0.2900","235.0000","30.7700","23.0300","-0.3300","209.0000","38.4600","7.4300","-0.1300","155.0000","54.4400","0.0300","-1.0600","284.0000","16.2700","0.0700","-0.8500","272.0000","19.8200","8042.3300","-0.6400","265.0000","21.8900","120635.0000","-0.3600","234.0000","31.0700","0.2000","-0.5100","223.0000","34.3200","0.1300","-0.7000","233.0000","31.3600","-0.6000","225.0000","33.7300","-0.4700","-0.6500","0.0400","-0.7200","0.2600","-0.5700","-0.2983","-0.4100","-0.7000","-0.2900","-0.5100","-0.6300","-0.3400","0.3800","50.0000","36.6900","60.3600","29.2900","71.8900","26.3300","19.8200","47.3400","32.5400","47.9300","25.4400","32.8400","48.8200","73.9600","338","4/1/2025 16:37","12","3","4.0000","0.4000","0.1000","165.0000","20.0000","96.0000","119.0000","226.0000","-0.3000","1.4392","0.0300","-0.0200","-0.5400","51.4800","94.3800","71.8900","65.0900","33.4300","12","0","28.9900","241.0000","-0.8300","0.0000","28.9900","241.0000","-0.7400","0","28.9900","241.0000","-0.9000","0","73.0800","92.0000","-0.1800","0.0000","73.0800","92.0000","-0.2900","0","73.0800","92.0000","-0.3500","0.0000","28.9900","241.0000","-1.0600","0.0000","73.0800","92.0000","-0.4600","0.0000","99.1100","4.0000","-0.0900","0","99.1100","4.0000","-0.0900","0.0000","99.1100","4.0000","-0.0900","0","99.1100","4.0000","-0.0900","6","0","0"
"AAD2023.06.02752","289","7769","114","University of Maryland, College Park","Mathematics, Department of","Mathematics","57","17.0000","481","13.0000","52","17.0000","9.2500","42.0000","4994","23.0000","53","16.0000","0.9800","115.0000","39","12.0000","94","14.0000","21010604.0000","21.0000","117","19.0000","42","13.0000","25","14.0000","17","9.0000","17","23","7","18","17","0.3000","1.2700","34.0000","90.2400","0.4400","0.6800","58.0000","83.1400","0.9100","0.6900","101.0000","70.4100","8.4400","1.0500","39.0000","88.7600","0.9300","0.8500","56.0000","83.7300","87.6100","0.2900","52.0000","84.9100","10.3800","0.0100","86.0000","74.8500","0.6800","1.5900","32.0000","90.8300","1.6500","1.7200","29.0000","91.7200","368607.0900","0.9800","32.0000","90.8300","223517.0600","0.0800","107.0000","68.6400","2.0500","1.0600","29.0000","91.7200","0.7400","1.6100","29.0000","91.7200","0.7000","18.0000","94.9700","2.5000","2.8000","2.1700","2.6300","2.0800","0.8400","0.5014","1.6600","2.2800","0.9000","1.7300","2.7200","2.2500","2.0800","96.4500","97.6300","95.5600","96.7500","95.2700","87.8700","66.2700","94.6700","96.1500","93.4900","94.0800","96.1500","96.4500","95.2700","338","4/1/2025 16:37","14","5","2.8000","0.2500","0.0900","106.0000","66.0000","80.0000","171.0000","240.0000","0.1100","0.6497","0.1200","-0.2900","-0.6300","68.9300","80.7700","76.6300","49.7000","29.2900","12","15","97.6300","9.0000","2.5800","0.2600","87.5700","43.0000","0.6700","12","99.4100","3.0000","3.2000","8","95.8600","15.0000","0.5800","0.1400","91.1200","31.0000","0.5200","2","94.9700","18.0000","1.0000","0.2100","92.9000","25.0000","1.3100","0.0400","84.0200","55.0000","0.5000","0.0000","99.1100","4.0000","-0.0900","0","99.1100","4.0000","-0.0900","0.0000","99.1100","4.0000","-0.0900","0","99.1100","4.0000","-0.0900","6","0","0"
"AAD2023.06.02752","299","7871","114","University of Miami","Mathematics, Department of","Mathematics","30","89.0000","153","118.0000","22","117.0000","6.9500","119.0000","1594","96.0000","22","112.0000","0.9600","157.0000","9","113.0000","15","116.0000","2402161.0000","134.0000","23","95.0000","10","111.0000","3","179.0000","3","131.0000","17","23","7","18","17","0.1000","-0.3700","204.0000","39.9400","0.1000","-0.5400","222.0000","34.6200","0.7300","-0.1900","225.0000","33.7300","5.1000","0.0300","159.0000","53.2500","0.7300","0.0000","214.0000","36.9800","53.1300","-0.0400","114.0000","66.5700","10.4200","0.0100","84.0000","75.4400","0.3000","0.0300","149.0000","56.2100","0.5000","-0.1400","143.0000","57.9900","80072.0300","-0.3200","162.0000","52.3700","160144.0700","-0.1900","181.0000","46.7500","0.7700","-0.0300","111.0000","67.4600","0.3300","0.0700","134.0000","60.6500","-0.3000","176.0000","48.2200","0.0000","-0.2200","0.1700","-0.0200","0.1300","0.2400","0.3667","-0.0900","-0.4600","-0.0400","-0.2800","-0.1600","0.0600","0.3800","67.4600","61.5400","67.1600","66.8600","65.6800","65.0900","53.8500","72.1900","47.3400","71.8900","60.6500","65.9800","65.3800","73.9600","338","4/1/2025 16:37","0","0","0.0000","0.0000","0.0000","287.0000","287.0000","287.0000","287.0000","287.0000","-0.9100","-1.1925","-0.4900","-0.7400","-1.2800","15.3800","15.3800","15.3800","15.3800","15.3800","12","1","43.2000","193.0000","-0.6000","0.0300","30.4700","236.0000","-0.5600","1","46.4500","182.0000","-0.5600","0","73.0800","92.0000","-0.1800","0.0000","73.0800","92.0000","-0.2900","0","73.0800","92.0000","-0.3500","0.0300","30.4700","236.0000","-0.6800","0.0000","73.0800","92.0000","-0.4600","0.0000","99.1100","4.0000","-0.0900","0","99.1100","4.0000","-0.0900","0.0000","99.1100","4.0000","-0.0900","0","99.1100","4.0000","-0.0900","6","0","0"
"AAD2023.06.02752","306","7934","114","Missouri University of Science and Technology","Mathematics and Statistics, Department of","Mathematics","15","219.0000","178","95.0000","14","190.0000","12.7100","9.0000","2258","70.0000","14","182.0000","0.9300","189.0000","4","168.0000","10","148.0000","1273967.0000","173.0000","11","146.0000","7","136.0000","4","156.0000","3","131.0000","17","23","7","18","17","0.2000","0.4600","91.0000","73.3700","0.2700","0.0600","122.0000","64.2000","0.9300","0.8000","73.0000","78.7000","11.8700","2.1000","8.0000","97.9300","0.9300","0.8600","50.0000","85.5000","150.5300","0.8900","20.0000","94.3800","12.6900","0.1200","62.0000","81.9500","0.2700","-0.1100","160.0000","52.9600","0.6700","0.1300","109.0000","68.0500","84931.1300","-0.3000","157.0000","53.8500","127396.7000","-0.3300","223.0000","34.3200","0.7300","-0.0600","112.0000","67.1600","0.4700","0.5800","95.0000","72.1900","0.4000","47.0000","86.3900","-0.2300","-0.2200","-0.3400","-0.4600","-0.3800","1.7500","0.2415","-0.3100","-0.3300","0.1400","-0.4000","-0.3400","0.2300","-0.5600","60.0600","61.5400","46.4500","50.5900","44.0800","97.6300","44.3800","57.1000","54.1400","79.5900","49.1100","56.5100","72.1900","35.5000","338","4/1/2025 16:37","11","5","2.2000","0.7300","0.3300","106.0000","100.0000","101.0000","48.0000","36.0000","0.1100","0.2550","-0.0100","0.5800","1.1900","68.9300","70.7100","70.4100","86.0900","89.6500","12","0","28.9900","241.0000","-0.8300","0.0000","28.9900","241.0000","-0.7400","0","28.9900","241.0000","-0.9000","0","73.0800","92.0000","-0.1800","0.0000","73.0800","92.0000","-0.2900","0","73.0800","92.0000","-0.3500","0.0000","28.9900","241.0000","-1.0600","0.0000","73.0800","92.0000","-0.4600","0.0000","99.1100","4.0000","-0.0900","0","99.1100","4.0000","-0.0900","0.0000","99.1100","4.0000","-0.0900","0","99.1100","4.0000","-0.0900","6","0","0"
"AAD2023.06.02752","308","8017","114","University of Nebraska - Lincoln","Mathematics, Department of","Mathematics","30","89.0000","153","118.0000","29","76.0000","5.2800","189.0000","1059","138.0000","29","70.0000","1.0000","1.0000","16","68.0000","45","49.0000","8607793.0000","62.0000","33","73.0000","19","51.0000","7","105.0000","4","107.0000","17","23","7","18","17","0.1300","-0.1000","166.0000","51.1800","0.2300","-0.0600","146.0000","57.1000","0.9700","0.9600","37.0000","89.3500","5.1000","0.0300","159.0000","53.2500","0.9700","1.0100","22.0000","93.7900","35.3000","-0.2100","167.0000","50.8900","6.9200","-0.1500","170.0000","50.0000","0.5300","0.9800","66.0000","80.7700","1.5000","1.4800","37.0000","89.3500","286926.4300","0.6200","51.0000","85.2100","191284.2900","-0.0600","140.0000","58.8800","1.1000","0.2500","75.0000","78.1100","0.6300","1.2200","51.0000","85.2100","0.2000","74.0000","78.4000","0.7000","-0.0100","0.6200","0.6000","0.5900","-0.2000","0.6014","0.0900","0.0400","-0.1900","0.3900","0.9300","0.0600","0.3800","85.2100","68.6400","79.5900","80.1800","77.8100","44.3800","100.0000","78.7000","69.2300","59.4700","81.9500","85.8000","65.3800","73.9600","338","4/1/2025 16:37","11","6","1.8300","0.3700","0.2000","80.0000","135.0000","101.0000","134.0000","121.0000","0.3200","0.0115","-0.0100","-0.0800","0.2100","76.6300","60.3600","70.4100","60.6500","64.5000","12","14","97.0400","11.0000","2.3500","0.4700","97.0400","11.0000","1.7700","8","94.0800","21.0000","1.8300","0","73.0800","92.0000","-0.1800","0.0000","73.0800","92.0000","-0.2900","0","73.0800","92.0000","-0.3500","0.2700","97.9300","8.0000","1.9400","0.0000","73.0800","92.0000","-0.4600","0.0000","99.1100","4.0000","-0.0900","0","99.1100","4.0000","-0.0900","0.0000","99.1100","4.0000","-0.0900","0","99.1100","4.0000","-0.0900","6","0","0"
"AAD2023.06.02752","320","8088","114","University of North Texas","Mathematics, Department of","Mathematics","26","118.0000","128","137.0000","22","117.0000","5.8200","168.0000","579","192.0000","21","122.0000","0.9500","159.0000","7","140.0000","11","146.0000","3178450.0000","114.0000","27","87.0000","14","83.0000","11","65.0000","4","107.0000","17","23","7","18","17","0.1500","0.0700","142.0000","58.2800","0.4200","0.6200","65.0000","81.0700","0.8500","0.3700","161.0000","52.6600","4.9200","-0.0300","170.0000","50.0000","0.8100","0.3200","172.0000","49.4100","22.2700","-0.3300","215.0000","36.6900","4.5200","-0.2600","266.0000","21.6000","0.2700","-0.1000","159.0000","53.2500","0.4200","-0.2700","162.0000","52.3700","122248.0800","-0.1300","127.0000","62.7200","288950.0000","0.3700","66.0000","80.7700","1.0400","0.2000","82.0000","76.0400","0.5400","0.8500","70.0000","79.5900","-0.1000","132.0000","61.2400","0.3100","-0.0100","0.1100","-0.2000","0.1300","-0.0600","0.3560","-0.0200","0.5400","-0.3200","-0.2000","-0.3000","-0.1100","0.1300","75.7400","68.6400","64.2000","58.8800","65.6800","50.5900","53.2500","74.5600","81.0700","43.4900","66.5700","57.1000","59.7600","65.3800","338","4/1/2025 16:37","18","7","2.5700","0.6900","0.2700","66.0000","79.0000","55.0000","51.0000","70.0000","0.5200","0.4984","0.2900","0.5100","0.7200","80.7700","76.9200","84.0200","85.2100","79.5900","12","5","75.7400","83.0000","0.3100","0.1900","75.1500","85.0000","0.2900","2","60.9500","133.0000","-0.2100","0","73.0800","92.0000","-0.1800","0.0000","73.0800","92.0000","-0.2900","0","73.0800","92.0000","-0.3500","0.0800","45.8600","184.0000","-0.1900","0.0000","73.0800","92.0000","-0.4600","0.0000","99.1100","4.0000","-0.0900","0","99.1100","4.0000","-0.0900","0.0000","99.1100","4.0000","-0.0900","0","99.1100","4.0000","-0.0900","6","0","0"
"AAD2023.06.02752","341","8171","114","University of Toledo, The","Mathematics and Statistics, Department of","Mathematics","17","196.0000","62","211.0000","13","202.0000","4.7700","210.0000","232","242.0000","12","205.0000","0.8600","260.0000","2","204.0000","2","228.0000","157400.0000","259.0000","5","196.0000","4","170.0000","0","268.0000","0","268.0000","17","23","7","18","17","0.0000","-1.2000","268.0000","21.0100","0.0000","-0.9000","268.0000","21.0100","0.7600","-0.0300","213.0000","37.2800","3.6500","-0.4200","214.0000","36.9800","0.7100","-0.1200","222.0000","34.6200","13.6500","-0.4200","249.0000","26.6300","3.7400","-0.3000","286.0000","15.6800","0.1200","-0.7200","232.0000","31.6600","0.1200","-0.7700","246.0000","27.5100","9258.8200","-0.6400","263.0000","22.4900","78700.0000","-0.5400","265.0000","21.8900","0.2900","-0.4300","192.0000","43.4900","0.2400","-0.3100","180.0000","47.0400","-0.5000","213.0000","37.2800","-0.4700","-0.8700","-0.4700","-0.6400","-0.4500","-0.3400","-0.1698","-0.4300","-0.8300","-0.4200","-0.5200","-0.6300","-0.5500","-0.4300","50.0000","21.0100","39.6500","39.9400","40.5300","38.1700","23.3700","42.3100","21.0100","28.7000","23.6700","32.8400","37.8700","42.3100","338","4/1/2025 16:37","1","1","1.0000","0.0600","0.0600","232.0000","206.0000","247.0000","273.0000","266.0000","-0.7100","-0.5345","-0.4400","-0.6300","-0.8400","31.6600","39.3500","27.2200","19.5300","21.6000","12","1","43.2000","193.0000","-0.6000","0.0600","37.2800","213.0000","-0.4200","1","46.4500","182.0000","-0.5600","0","73.0800","92.0000","-0.1800","0.0000","73.0800","92.0000","-0.2900","0","73.0800","92.0000","-0.3500","0.0600","38.7600","208.0000","-0.4000","0.0000","73.0800","92.0000","-0.4600","0.0000","99.1100","4.0000","-0.0900","0","99.1100","4.0000","-0.0900","0.0000","99.1100","4.0000","-0.0900","0","99.1100","4.0000","-0.0900","6","0","0"
"AAD2023.06.02752","344","8244","114","University of Vermont, The","Mathematics and Statistics, Department of","Mathematics","22","156.0000","221","76.0000","20","138.0000","11.0500","20.0000","4216","29.0000","21","122.0000","1.0000","1.0000","9","113.0000","12","136.0000","2526189.0000","130.0000","15","130.0000","7","136.0000","1","229.0000","1","215.0000","17","23","7","18","17","0.0500","-0.8300","257.0000","24.2600","0.0500","-0.7300","259.0000","23.6700","0.9100","0.6800","102.0000","70.1200","10.0500","1.5400","16.0000","95.5600","0.9500","0.9500","35.0000","89.9400","191.6400","1.2800","17.0000","95.2700","19.0800","0.4100","25.0000","92.9000","0.4100","0.4700","102.0000","70.1200","0.5500","-0.0700","133.0000","60.9500","114826.7700","-0.1600","134.0000","60.6500","210515.7500","0.0300","119.0000","65.0900","0.6800","-0.1000","122.0000","64.2000","0.3200","0.0100","143.0000","57.9900","0.4000","47.0000","86.3900","-0.2300","-0.6500","0.1100","-0.0200","0.0000","1.3100","0.6014","-0.2400","-0.7000","0.6800","-0.2700","-0.2700","0.5100","-0.1200","60.0600","36.6900","64.2000","66.8600","59.4700","94.3800","100.0000","61.8300","32.5400","91.7200","61.8300","60.0600","77.8100","54.1400","338","4/1/2025 16:37","24","12","2.0000","1.0900","0.5500","18.0000","109.0000","33.0000","25.0000","4.0000","1.5400","0.1234","0.5500","1.2200","2.7600","94.9700","68.0500","90.5300","92.9000","99.1100","12","6","81.6600","63.0000","0.5400","0.2700","88.7600","39.0000","0.7300","5","84.6200","53.0000","0.8100","1","82.2500","61.0000","-0.0900","0.0500","82.5400","60.0000","-0.0300","1","90.5300","33.0000","0.3200","0.2300","94.9700","18.0000","1.5000","0.0500","86.9800","45.0000","0.7800","0.0500","100.0000","1.0000","12.3700","1","100.0000","1.0000","10.5500","0.0500","100.0000","1.0000","12.3700","1","100.0000","1.0000","10.5500","6","0","0"
"AAD2023.06.02752","347","8385","114","University of Wisconsin - Madison","Mathematics, Department of","Mathematics","57","17.0000","553","6.0000","54","12.0000","10.2400","29.0000","3585","37.0000","56","11.0000","1.0000","1.0000","44","4.0000","98","10.0000","20755150.0000","22.0000","99","25.0000","41","15.0000","15","45.0000","12","23.0000","17","23","7","18","17","0.2100","0.5400","86.0000","74.8500","0.2600","0.0500","124.0000","63.6100","0.9500","0.8700","58.0000","83.1400","9.7000","1.4300","20.0000","94.3800","0.9800","1.0800","16.0000","95.5600","62.8900","0.0500","81.0000","76.3300","6.4800","-0.1700","191.0000","43.7900","0.7700","1.9500","16.0000","95.5600","1.7200","1.8300","25.0000","92.9000","364125.4400","0.9600","35.0000","89.9400","211787.2400","0.0300","117.0000","65.6800","1.7400","0.7900","40.0000","88.4600","0.7200","1.5500","34.0000","90.2400","0.8000","15.0000","95.8600","2.4200","1.7200","2.3600","3.0700","2.2000","1.1000","0.6014","1.3200","1.0400","0.5100","1.7000","2.8600","2.7300","2.0800","95.8600","93.4900","97.0400","99.1100","96.7500","91.7200","100.0000","92.9000","86.9800","89.3500","93.7900","97.3400","98.5200","95.2700","338","4/1/2025 16:37","24","18","1.3300","0.4200","0.3200","6.0000","187.0000","33.0000","108.0000","47.0000","2.7700","-0.3174","0.5500","0.0200","1.0600","98.5200","44.9700","90.5300","68.3400","86.3900","12","3","63.6100","124.0000","-0.1400","0.0500","35.2100","220.0000","-0.4600","3","72.1900","95.0000","0.1300","2","88.1700","41.0000","0.0100","0.0400","79.5900","70.0000","-0.0900","1","90.5300","33.0000","0.3200","0.0500","36.9800","214.0000","-0.4700","0.0200","74.8500","86.0000","0.0200","0.0000","99.1100","4.0000","-0.0900","0","99.1100","4.0000","-0.0900","0.0000","99.1100","4.0000","-0.0900","0","99.1100","4.0000","-0.0900","6","0","0"
"AAD2023.06.02752","350","8471","114","Utah State University","Mathematics and Statistics, Department of","Mathematics","32","72.0000","178","95.0000","28","81.0000","6.3600","144.0000","2005","79.0000","26","85.0000","0.9000","233.0000","8","124.0000","10","148.0000","1387294.0000","169.0000","17","119.0000","10","111.0000","2","207.0000","2","171.0000","17","23","7","18","17","0.0600","-0.6800","246.0000","27.5100","0.0600","-0.6700","251.0000","26.0400","0.8800","0.5100","134.0000","60.6500","5.5600","0.1700","142.0000","58.2800","0.8100","0.3400","165.0000","51.4800","62.6600","0.0500","82.0000","76.0400","11.2600","0.0500","74.0000","78.4000","0.2500","-0.1800","161.0000","52.6600","0.3100","-0.4500","182.0000","46.4500","43352.9400","-0.4800","208.0000","38.7600","138729.4000","-0.2800","203.0000","40.2400","0.5300","-0.2300","148.0000","56.5100","0.3100","-0.0100","147.0000","56.8000","-0.1000","132.0000","61.2400","0.0000","-0.4400","0.4300","-0.1100","0.5200","0.0800","0.0429","-0.2000","-0.5800","0.0700","-0.3900","-0.3400","0.2300","0.5100","67.4600","49.7000","75.1500","63.6100","76.3300","57.6900","31.3600","65.0900","39.0500","76.9200","50.3000","56.5100","72.1900","78.9900","338","4/1/2025 16:37","9","3","3.0000","0.2800","0.0900","165.0000","47.0000","129.0000","160.0000","232.0000","-0.3000","0.7813","-0.1000","-0.2300","-0.5800","51.4800","86.3900","62.1300","52.9600","31.6600","12","1","43.2000","193.0000","-0.6000","0.0300","30.1800","237.0000","-0.5700","1","46.4500","182.0000","-0.5600","0","73.0800","92.0000","-0.1800","0.0000","73.0800","92.0000","-0.2900","0","73.0800","92.0000","-0.3500","0.0300","30.1800","237.0000","-0.7100","0.0000","73.0800","92.0000","-0.4600","0.0000","99.1100","4.0000","-0.0900","0","99.1100","4.0000","-0.0900","0.0000","99.1100","4.0000","-0.0900","0","99.1100","4.0000","-0.0900","6","0","0"
"AAD2023.06.02752","351","8537","114","Vanderbilt University","Mathematics, Department of","Mathematics","25","130.0000","185","91.0000","23","107.0000","8.0400","78.0000","3151","49.0000","23","103.0000","1.0000","1.0000","18","57.0000","40","55.0000","5329058.0000","84.0000","47","53.0000","21","48.0000","14","50.0000","7","60.0000","17","23","7","18","17","0.2800","1.1200","41.0000","88.1700","0.5600","1.1100","34.0000","90.2400","0.9200","0.7300","90.0000","73.6700","7.4000","0.7300","71.0000","79.2900","0.9200","0.8100","70.0000","79.5900","126.0400","0.6500","26.0000","92.6000","17.0300","0.3200","31.0000","91.1200","0.7200","1.7400","25.0000","92.9000","1.6000","1.6400","32.0000","90.8300","213162.3200","0.2800","79.0000","76.9200","133226.4500","-0.3100","213.0000","37.2800","1.8800","0.9100","36.0000","89.6500","0.8400","2.0100","14.0000","96.1500","0.5000","37.0000","89.3500","0.8600","0.6400","0.2400","0.7700","0.2000","0.5200","0.6014","0.3500","0.9100","0.3900","0.0400","0.7500","0.2700","0.0700","86.0900","82.5400","69.8200","83.4300","68.6400","77.2200","100.0000","84.6200","85.5000","85.8000","75.4400","84.0200","73.3700","61.8300","338","4/1/2025 16:37","4","4","1.0000","0.1600","0.1600","131.0000","206.0000","179.0000","209.0000","161.0000","-0.0900","-0.5345","-0.3100","-0.4500","-0.0900","61.5400","39.3500","47.3400","38.4600","52.6600","12","4","70.1200","102.0000","0.0800","0.1600","68.6400","107.0000","0.1200","4","78.1100","75.0000","0.4700","0","73.0800","92.0000","-0.1800","0.0000","73.0800","92.0000","-0.2900","0","73.0800","92.0000","-0.3500","0.1600","78.1100","75.0000","0.7400","0.0000","73.0800","92.0000","-0.4600","0.0000","99.1100","4.0000","-0.0900","0","99.1100","4.0000","-0.0900","0.0000","99.1100","4.0000","-0.0900","0","99.1100","4.0000","-0.0900","6","0","0"
"AAD2023.06.02752","358","8606","114","Washington University in St. Louis","Mathematics and Statistics, Department of","Mathematics","32","72.0000","269","56.0000","30","68.0000","8.9700","51.0000","1788","87.0000","29","70.0000","0.9700","138.0000","24","38.0000","61","30.0000","8354548.0000","64.0000","38","64.0000","17","68.0000","39","2.0000","9","37.0000","17","23","7","18","17","0.2800","1.1300","40.0000","88.4600","1.2200","3.4700","3.0000","99.4100","0.9400","0.8200","65.0000","81.0700","8.4100","1.0400","41.0000","88.1700","0.9100","0.7500","84.0000","75.4400","55.8800","-0.0100","110.0000","67.7500","6.6500","-0.1600","184.0000","45.8600","0.7500","1.8600","19.0000","94.6700","1.9100","2.1400","14.0000","96.1500","261079.6300","0.5000","60.0000","82.5400","136959.8000","-0.2900","205.0000","39.6500","1.1900","0.3300","68.0000","80.1800","0.5300","0.8300","76.0000","77.8100","0.3000","62.0000","81.9500","0.5500","1.0700","0.6200","1.3000","0.6500","0.7700","0.4214","0.1900","4.0200","0.0100","0.3600","1.5100","0.8400","0.5100","80.1800","89.3500","79.5900","89.0500","80.1800","85.2100","59.4700","81.3600","99.7000","74.5600","81.3600","91.4200","83.7300","78.9900","338","4/1/2025 16:37","1","1","1.0000","0.0300","0.0300","232.0000","206.0000","247.0000","286.0000","286.0000","-0.7100","-0.5345","-0.4400","-0.6800","-1.0400","31.6600","39.3500","27.2200","15.6800","15.6800","12","5","75.7400","83.0000","0.3100","0.1600","67.7500","110.0000","0.1000","3","72.1900","95.0000","0.1300","0","73.0800","92.0000","-0.1800","0.0000","73.0800","92.0000","-0.2900","0","73.0800","92.0000","-0.3500","0.0900","53.2500","159.0000","0.0000","0.0000","73.0800","92.0000","-0.4600","0.0300","99.4100","3.0000","8.4800","1","100.0000","1.0000","10.5500","0.0300","99.4100","3.0000","8.4800","1","100.0000","1.0000","10.5500","6","0","0"
"AAD2023.06.02752","369","8647","114","Rutgers - Newark","Mathematics and Computer Science, Department of","Mathematics","14","236.0000","90","176.0000","12","215.0000","7.5000","96.0000","724","172.0000","12","205.0000","1.0000","1.0000","8","124.0000","17","107.0000","2230935.0000","142.0000","22","101.0000","10","111.0000","2","207.0000","2","171.0000","17","23","7","18","17","0.1400","-0.0200","151.0000","55.6200","0.1400","-0.3800","196.0000","42.3100","0.8600","0.4200","149.0000","56.2100","6.4300","0.4300","108.0000","68.3400","0.8600","0.5400","130.0000","61.8300","51.7100","-0.0500","118.0000","65.3800","8.0400","-0.1000","138.0000","59.4700","0.5700","1.1300","57.0000","83.4300","1.2100","1.0100","60.0000","82.5400","159352.5000","0.0400","106.0000","68.9300","131231.4700","-0.3200","218.0000","35.8000","1.5700","0.6500","49.0000","85.8000","0.7100","1.5300","36.0000","89.6500","0.1000","99.0000","71.0100","0.0000","-0.4400","-0.4700","-0.1100","-0.5100","0.3800","0.6014","-0.1100","-0.5800","-0.2800","-0.3000","-0.0900","-0.3600","-0.6200","67.4600","49.7000","39.6500","63.6100","36.6900","71.8900","100.0000","70.4100","39.0500","49.4100","58.2800","68.6400","48.2200","30.4700","338","4/1/2025 16:37","2","2","1.0000","0.1400","0.1400","192.0000","206.0000","225.0000","218.0000","175.0000","-0.5000","-0.5345","-0.4000","-0.4800","-0.2200","43.4900","39.3500","33.7300","35.8000","48.5200","12","1","43.2000","193.0000","-0.6000","0.0700","41.1200","200.0000","-0.3600","1","46.4500","182.0000","-0.5600","1","82.2500","61.0000","-0.0900","0.0700","85.5000","50.0000","0.1200","1","90.5300","33.0000","0.3200","0.0700","43.7900","191.0000","-0.2500","0.0700","92.0100","28.0000","1.4800","0.0000","99.1100","4.0000","-0.0900","0","99.1100","4.0000","-0.0900","0.0000","99.1100","4.0000","-0.0900","0","99.1100","4.0000","-0.0900","6","0","0"
"AAD2023.06.02752","198","8690","114","Stanford University","Mathematics, Department of","Mathematics","37","57.0000","366","34.0000","33","53.0000","11.0900","18.0000","4100","30.0000","33","54.0000","0.9700","128.0000","26","32.0000","72","23.0000","22594894.0000","16.0000","187","9.0000","28","32.0000","18","34.0000","10","31.0000","17","23","7","18","17","0.2700","1.0400","51.0000","85.2100","0.4900","0.8500","49.0000","85.8000","0.8900","0.5900","121.0000","64.5000","9.8900","1.4900","17.0000","95.2700","0.8900","0.6900","100.0000","70.7100","110.8100","0.5100","31.0000","91.1200","11.2000","0.0500","77.0000","77.5100","0.7000","1.6700","28.0000","92.0100","1.9500","2.2000","12.0000","96.7500","610672.8100","2.0800","18.0000","94.9700","313817.9700","0.4700","50.0000","85.5000","5.0500","3.6000","5.0000","98.8200","0.7600","1.6900","27.0000","92.3100","0.8000","15.0000","95.8600","1.4100","1.2900","0.8800","1.4800","0.8500","1.3300","0.4426","2.9600","1.4100","0.6500","1.9000","1.9100","1.4800","0.8200","90.8300","91.1200","84.3200","90.8300","84.6200","94.9700","62.4300","97.6300","90.2400","91.4200","95.5600","93.4900","90.2400","83.4300","338","4/1/2025 16:37","19","10","1.9000","0.5100","0.2700","32.0000","130.0000","51.0000","87.0000","69.0000","1.1300","0.0576","0.3300","0.1900","0.7300","90.8300","61.8300","85.2100","74.5600","79.8800","12","5","75.7400","83.0000","0.3100","0.1400","58.8800","140.0000","-0.0100","5","84.6200","53.0000","0.8100","3","91.1200","31.0000","0.1000","0.0800","87.2800","44.0000","0.1800","2","94.9700","18.0000","1.0000","0.1400","68.6400","107.0000","0.4600","0.0500","88.7600","39.0000","1.0100","0.0000","99.1100","4.0000","-0.0900","0","99.1100","4.0000","-0.0900","0.0000","99.1100","4.0000","-0.0900","0","99.1100","4.0000","-0.0900","6","0","0"
"AAD2023.06.02752","27","8717","114","Brigham Young University","Mathematics, Department of","Mathematics","33","67.0000","156","113.0000","33","53.0000","4.7300","213.0000","596","190.0000","29","70.0000","0.8800","242.0000","7","140.0000","8","158.0000","991446.0000","189.0000","24","93.0000","14","83.0000","6","121.0000","6","73.0000","17","23","7","18","17","0.1800","0.3100","115.0000","66.2700","0.1800","-0.2400","176.0000","48.2200","1.0000","1.1300","1.0000","100.0000","4.7300","-0.0900","180.0000","47.0400","0.8800","0.6300","112.0000","67.1600","18.0600","-0.3700","235.0000","30.7700","3.8200","-0.2900","283.0000","16.5700","0.2100","-0.3300","182.0000","46.4500","0.2400","-0.5600","206.0000","39.3500","30043.8200","-0.5400","223.0000","34.3200","123930.7500","-0.3500","232.0000","31.6600","0.7300","-0.0600","115.0000","66.2700","0.4200","0.4200","105.0000","69.2300","-0.1000","132.0000","61.2400","0.3100","0.4300","0.6200","-0.2000","0.8500","-0.3500","-0.0530","-0.0700","-0.0800","-0.3100","-0.4300","-0.4100","0.0800","0.5700","75.7400","78.7000","79.5900","58.8800","84.6200","37.2800","28.7000","72.7800","64.5000","44.0800","44.3800","53.5500","66.8600","80.4700","338","4/1/2025 16:37","10","5","2.0000","0.3000","0.1500","106.0000","109.0000","121.0000","153.0000","170.0000","0.1100","0.1234","-0.0600","-0.1900","-0.1500","68.9300","68.0500","64.5000","55.0300","50.0000","12","3","63.6100","124.0000","-0.1400","0.0900","47.0400","180.0000","-0.2500","3","72.1900","95.0000","0.1300","0","73.0800","92.0000","-0.1800","0.0000","73.0800","92.0000","-0.2900","0","73.0800","92.0000","-0.3500","0.0900","52.3700","162.0000","-0.0400","0.0000","73.0800","92.0000","-0.4600","0.0000","99.1100","4.0000","-0.0900","0","99.1100","4.0000","-0.0900","0.0000","99.1100","4.0000","-0.0900","0","99.1100","4.0000","-0.0900","6","0","0"
"AAD2023.06.02752","60","8783","114","Duke University","Mathematics, Department of","Mathematics","71","3.0000","509","10.0000","63","6.0000","8.0800","76.0000","5875","18.0000","61","6.0000","0.9400","181.0000","29","25.0000","64","27.0000","15818341.0000","30.0000","167","11.0000","36","20.0000","7","105.0000","8","51.0000","17","23","7","18","17","0.1100","-0.2700","188.0000","44.6700","0.1000","-0.5400","225.0000","33.7300","0.8900","0.5700","127.0000","62.7200","7.1700","0.6600","87.0000","74.5600","0.8600","0.5400","129.0000","62.1300","82.7500","0.2400","56.0000","83.7300","11.5400","0.0600","72.0000","78.9900","0.4100","0.4700","103.0000","69.8200","0.9000","0.5100","90.0000","73.6700","222793.5400","0.3300","74.0000","78.4000","247161.5800","0.1900","88.0000","74.2600","2.3500","1.3100","23.0000","93.4900","0.5100","0.7300","83.0000","75.7400","0.1000","99.0000","71.0100","2.0300","0.8600","2.6800","1.7400","2.7900","0.5300","0.2692","2.5900","0.0400","1.1400","1.1700","1.6200","2.4400","2.9600","94.3800","85.2100","98.5200","92.9000","98.5200","77.8100","46.7500","97.0400","69.2300","94.9700","91.4200","92.3100","97.3400","99.4100","338","4/1/2025 16:37","38","12","3.1700","0.5400","0.1700","18.0000","46.0000","14.0000","80.0000","152.0000","1.5400","0.8931","1.1600","0.2300","-0.0200","94.9700","86.6900","96.1500","76.6300","55.3300","12","10","91.4200","30.0000","1.4500","0.1400","60.9500","133.0000","0.0200","6","89.6400","36.0000","1.1500","6","94.0800","21.0000","0.3900","0.0800","87.5700","43.0000","0.2000","2","94.9700","18.0000","1.0000","0.0800","50.0000","170.0000","-0.1100","0.0300","79.2900","71.0000","0.3100","0.0000","99.1100","4.0000","-0.0900","0","99.1100","4.0000","-0.0900","0.0000","99.1100","4.0000","-0.0900","0","99.1100","4.0000","-0.0900","6","0","0"
"AAD2023.06.02752","114","8901","114","Loyola University Chicago","Mathematics and Statistics, Department of","Mathematics","20","174.0000","79","186.0000","16","170.0000","4.9400","204.0000","491","198.0000","17","163.0000","1.0000","1.0000","3","185.0000","4","192.0000","259216.0000","249.0000","12","141.0000","4","170.0000","0","268.0000","0","268.0000","17","23","7","18","17","0.0000","-1.2000","268.0000","21.0100","0.0000","-0.9000","268.0000","21.0100","0.8000","0.1400","188.0000","44.6700","3.9500","-0.3300","199.0000","41.4200","0.8500","0.5000","139.0000","59.1700","24.5500","-0.3100","202.0000","40.5300","6.2200","-0.1800","201.0000","40.8300","0.1500","-0.5900","214.0000","36.9800","0.2000","-0.6300","217.0000","36.0900","12960.8000","-0.6200","255.0000","24.8500","64804.0000","-0.6000","271.0000","20.1200","0.6000","-0.1700","135.0000","60.3600","0.2000","-0.4400","192.0000","43.4900","-0.4000","189.0000","44.3800","-0.4700","-0.8700","-0.1500","-0.5500","-0.2600","-0.2900","0.6014","-0.3000","-0.8300","-0.3400","-0.5100","-0.5600","-0.4300","-0.2500","50.0000","21.0100","52.0700","45.5600","50.0000","39.9400","100.0000","58.5800","21.0100","41.7200","26.6300","43.4900","45.2700","48.8200","338","4/1/2025 16:37","1","1","1.0000","0.0500","0.0500","232.0000","206.0000","247.0000","278.0000","273.0000","-0.7100","-0.5345","-0.4400","-0.6500","-0.9100","31.6600","39.3500","27.2200","18.0500","19.5300","12","2","52.6600","161.0000","-0.3700","0.1000","50.0000","170.0000","-0.2000","3","72.1900","95.0000","0.1300","0","73.0800","92.0000","-0.1800","0.0000","73.0800","92.0000","-0.2900","0","73.0800","92.0000","-0.3500","0.1500","74.8500","86.0000","0.6300","0.0000","73.0800","92.0000","-0.4600","0.0000","99.1100","4.0000","-0.0900","0","99.1100","4.0000","-0.0900","0.0000","99.1100","4.0000","-0.0900","0","99.1100","4.0000","-0.0900","6","0","0"
"AAD2023.06.02752","123","8943","114","Massachusetts Institute of Technology","Mathematics, Department of","Mathematics","60","11.0000","742","3.0000","57","10.0000","13.0200","8.0000","21100","2.0000","58","9.0000","1.0000","1.0000","45","3.0000","99","9.0000","38595240.0000","6.0000","402","2.0000","59","2.0000","42","1.0000","26","2.0000","17","23","7","18","17","0.4300","2.3900","8.0000","97.9300","0.7000","1.6100","16.0000","95.5600","0.9500","0.8800","56.0000","83.7300","12.3700","2.2500","5.0000","98.8200","0.9700","1.0100","22.0000","93.7900","351.6700","2.8000","6.0000","98.5200","28.4400","0.8400","10.0000","97.3400","0.7500","1.8600","19.0000","94.6700","1.6500","1.7200","28.0000","92.0100","643254.0000","2.2200","12.0000","96.7500","389850.9100","0.8000","34.0000","90.2400","6.7000","5.0000","3.0000","99.4100","0.9800","2.5600","2.0000","99.7000","1.1000","5.0000","98.8200","3.8300","4.7400","2.4900","3.1600","2.4000","1.8300","0.6014","6.9600","4.3900","5.3300","3.6300","2.9000","3.9900","2.2700","99.7000","99.7000","97.6300","99.4100","97.3400","97.9300","100.0000","99.7000","100.0000","99.7000","98.5200","97.6300","99.4100","97.0400","338","4/1/2025 16:37","90","25","3.6000","1.5000","0.4200","2.0000","29.0000","4.0000","14.0000","22.0000","4.2000","1.1760","3.4000","1.9600","1.8100","99.7000","91.7200","99.1100","96.1500","93.7900","12","13","94.6700","19.0000","2.1300","0.2200","78.7000","73.0000","0.4200","10","97.3400","10.0000","2.5200","52","99.4100","3.0000","4.7700","0.8700","99.1100","4.0000","4.7200","6","99.4100","3.0000","3.6900","0.1700","81.3600","64.0000","0.8200","0.1000","94.9700","18.0000","2.2600","0.0000","99.1100","4.0000","-0.0900","0","99.1100","4.0000","-0.0900","0.0000","99.1100","4.0000","-0.0900","0","99.1100","4.0000","-0.0900","6","0","0"
"AAD2023.06.02752","153","9051","114","Northwestern University","Mathematics, Department of","Mathematics","38","52.0000","198","83.0000","34","52.0000","5.8200","167.0000","1457","107.0000","31","58.0000","0.9100","220.0000","21","47.0000","47","47.0000","11667690.0000","44.0000","75","35.0000","22","44.0000","5","144.0000","5","92.0000","17","23","7","18","17","0.1300","-0.1100","170.0000","50.0000","0.1300","-0.4200","210.0000","38.1700","0.8900","0.6100","115.0000","66.2700","5.2100","0.0600","151.0000","55.6200","0.8200","0.3600","164.0000","51.7800","38.3400","-0.1800","157.0000","53.8500","7.3600","-0.1300","156.0000","54.1400","0.5500","1.0600","62.0000","81.9500","1.2400","1.0500","55.0000","84.0200","307044.4700","0.7100","49.0000","85.8000","248248.7200","0.1900","85.0000","75.1500","1.9700","0.9900","32.0000","90.8300","0.5800","1.0100","65.0000","81.0700","0.2000","74.0000","78.4000","0.9400","0.2100","0.7500","1.0400","0.9100","-0.0600","0.1250","0.8800","-0.2100","-0.0800","0.7200","1.0100","0.3600","0.8800","87.2800","73.0800","83.1400","86.3900","84.9100","50.8900","35.2100","89.9400","57.6900","68.6400","87.2800","86.3900","75.7400","84.9100","338","4/1/2025 16:37","3","2","1.5000","0.0800","0.0500","192.0000","163.0000","199.0000","260.0000","271.0000","-0.5000","-0.2056","-0.3600","-0.5900","-0.8900","43.4900","52.0700","41.4200","23.3700","20.1200","12","4","70.1200","102.0000","0.0800","0.1100","51.7800","164.0000","-0.1700","4","78.1100","75.0000","0.4700","0","73.0800","92.0000","-0.1800","0.0000","73.0800","92.0000","-0.2900","0","73.0800","92.0000","-0.3500","0.1100","57.9900","143.0000","0.1300","0.0000","73.0800","92.0000","-0.4600","0.0000","99.1100","4.0000","-0.0900","0","99.1100","4.0000","-0.0900","0.0000","99.1100","4.0000","-0.0900","0","99.1100","4.0000","-0.0900","6","0","0"
"AAD2023.06.02752","168","9102","114","Purdue University","Mathematics, Department of","Mathematics","71","3.0000","586","5.0000","68","2.0000","8.6200","57.0000","4426","24.0000","68","2.0000","1.0000","1.0000","49","2.0000","98","10.0000","16575003.0000","28.0000","117","19.0000","45","9.0000","16","40.0000","14","16.0000","17","23","7","18","17","0.2000","0.4300","105.0000","69.2300","0.2300","-0.0900","153.0000","55.0300","0.9600","0.9200","48.0000","86.0900","8.2500","0.9900","48.0000","86.0900","0.9600","0.9700","30.0000","91.4200","62.3400","0.0500","83.0000","75.7400","7.5500","-0.1200","149.0000","56.2100","0.6900","1.6200","31.0000","91.1200","1.3800","1.2800","45.0000","86.9800","233450.7500","0.3700","69.0000","79.8800","169132.6800","-0.1500","170.0000","50.0000","1.6500","0.7200","45.0000","86.9800","0.6300","1.2200","50.0000","85.5000","0.4000","47.0000","86.3900","2.7300","2.1500","3.1400","3.5100","3.1100","0.6800","0.6014","1.6600","1.1600","0.7400","1.2500","2.8600","2.9500","2.9600","97.6300","95.5600","99.7000","99.7000","99.7000","83.4300","100.0000","94.6700","88.4600","93.2000","92.0100","97.3400","98.8200","99.4100","338","4/1/2025 16:37","30","11","2.7300","0.4200","0.1500","25.0000","74.0000","27.0000","107.0000","163.0000","1.3400","0.6036","0.8100","0.0200","-0.1300","92.9000","78.4000","92.3100","68.6400","52.0700","12","10","91.4200","30.0000","1.4500","0.1400","60.9500","133.0000","0.0200","10","97.3400","10.0000","2.5200","1","82.2500","61.0000","-0.0900","0.0100","73.3700","91.0000","-0.2100","1","90.5300","33.0000","0.3200","0.1400","70.7100","100.0000","0.5300","0.0100","73.3700","91.0000","-0.0700","0.0000","99.1100","4.0000","-0.0900","0","99.1100","4.0000","-0.0900","0.0000","99.1100","4.0000","-0.0900","0","99.1100","4.0000","-0.0900","6","0","0"
"AAD2023.06.02752","277","9203","114","University of Houston","Mathematics, Department of","Mathematics","47","32.0000","297","47.0000","42","33.0000","7.0700","116.0000","2877","54.0000","42","34.0000","1.0000","1.0000","22","42.0000","50","43.0000","14726023.0000","33.0000","33","73.0000","19","51.0000","18","34.0000","14","16.0000","17","23","7","18","17","0.3000","1.2700","35.0000","89.9400","0.3800","0.4800","80.0000","76.6300","0.8900","0.6000","118.0000","65.3800","6.3200","0.4000","116.0000","65.9800","0.8900","0.6900","97.0000","71.6000","61.2100","0.0400","90.0000","73.6700","9.6900","-0.0200","101.0000","70.4100","0.4700","0.7100","86.0000","74.8500","1.0600","0.7700","72.0000","78.9900","313319.6400","0.7300","48.0000","86.0900","294520.4600","0.3900","61.0000","82.2500","0.7000","-0.0800","118.0000","65.3800","0.4000","0.3400","111.0000","67.4600","0.4000","47.0000","86.3900","0.7000","2.1500","1.4600","1.1300","1.4300","0.2700","0.6014","0.0900","1.4100","0.3100","1.0500","1.1100","1.0200","1.4500","85.2100","95.5600","90.2400","87.8700","90.5300","65.9800","100.0000","78.7000","90.2400","84.3200","90.5300","87.5700","86.3900","90.8300","338","4/1/2025 16:37","35","15","2.3300","0.7400","0.3200","9.0000","91.0000","16.0000","45.0000","45.0000","2.1600","0.3405","1.0300","0.6000","1.0900","97.6300","73.3700","95.5600","86.9800","86.9800","12","7","85.5000","50.0000","0.7600","0.1500","65.3800","118.0000","0.0600","5","84.6200","53.0000","0.8100","1","82.2500","61.0000","-0.0900","0.0200","74.8500","86.0000","-0.1700","1","90.5300","33.0000","0.3200","0.1100","58.2800","142.0000","0.1400","0.0200","76.9200","79.0000","0.1200","0.0000","99.1100","4.0000","-0.0900","0","99.1100","4.0000","-0.0900","0.0000","99.1100","4.0000","-0.0900","0","99.1100","4.0000","-0.0900","6","0","0"
"AAD2023.06.02752","305","9462","114","University of Missouri - Kansas City, The","Mathematics and Statistics, Department of","Mathematics","7","296.0000","45","241.0000","7","258.0000","6.4300","142.0000","235","241.0000","6","267.0000","0.8600","260.0000","2","204.0000","2","228.0000","144358.0000","261.0000","2","237.0000","1","249.0000","0","268.0000","0","268.0000","17","23","7","18","17","0.0000","-1.2000","268.0000","21.0100","0.0000","-0.9000","268.0000","21.0100","1.0000","1.1300","1.0000","100.0000","6.4300","0.4300","108.0000","68.3400","0.8600","0.5400","130.0000","61.8300","33.5700","-0.2300","173.0000","49.1100","5.2200","-0.2300","240.0000","29.2900","0.2900","-0.0300","152.0000","55.3300","0.2900","-0.4900","189.0000","44.3800","20622.5700","-0.5900","241.0000","28.9900","72179.0000","-0.5700","267.0000","21.3000","0.2900","-0.4400","193.0000","43.2000","0.1400","-0.6600","221.0000","34.9100","-0.1000","132.0000","61.2400","-0.7000","-0.8700","-0.8600","-0.6400","-0.8400","0.1000","-0.1698","-0.4800","-0.8300","-0.4100","-0.5200","-0.6300","-0.6600","-1.0600","26.6300","21.0100","21.3000","39.9400","23.9600","58.2800","23.3700","30.1800","21.0100","28.9900","23.0800","32.8400","28.9900","12.7200","338","4/1/2025 16:37","0","0","0.0000","0.0000","0.0000","287.0000","287.0000","287.0000","287.0000","287.0000","-0.9100","-1.1925","-0.4900","-0.7400","-1.2800","15.3800","15.3800","15.3800","15.3800","15.3800","12","0","28.9900","241.0000","-0.8300","0.0000","28.9900","241.0000","-0.7400","0","28.9900","241.0000","-0.9000","0","73.0800","92.0000","-0.1800","0.0000","73.0800","92.0000","-0.2900","0","73.0800","92.0000","-0.3500","0.0000","28.9900","241.0000","-1.0600","0.0000","73.0800","92.0000","-0.4600","0.0000","99.1100","4.0000","-0.0900","0","99.1100","4.0000","-0.0900","0.0000","99.1100","4.0000","-0.0900","0","99.1100","4.0000","-0.0900","6","0","0"
"AAD2023.06.02752","334","9557","114","University of South Florida","Mathematics and Statistics, Department of","Mathematics","35","63.0000","365","35.0000","33","53.0000","11.0600","19.0000","7105","13.0000","30","61.0000","0.8800","238.0000","10","106.0000","23","92.0000","3975306.0000","105.0000","19","108.0000","11","104.0000","31","8.0000","9","37.0000","17","23","7","18","17","0.2600","0.9300","58.0000","83.1400","0.8900","2.2800","8.0000","97.9300","0.9400","0.8400","63.0000","81.6600","10.4300","1.6600","14.0000","96.1500","0.8600","0.5400","130.0000","61.8300","203.0000","1.3900","15.0000","95.8600","19.4700","0.4300","22.0000","93.7900","0.2900","-0.0300","152.0000","55.3300","0.6600","0.1100","114.0000","66.5700","113580.1700","-0.1700","136.0000","60.0600","172839.3900","-0.1400","168.0000","50.5900","0.5400","-0.2200","145.0000","57.4000","0.3100","0.0000","146.0000","57.1000","0.0000","113.0000","66.8600","0.0800","1.0700","0.6900","0.0700","0.8500","1.3200","-0.0337","-0.1700","3.0300","1.4800","-0.1100","0.1300","1.4800","0.7000","69.5300","89.3500","82.2500","68.9300","84.6200","94.6700","29.8800","68.3400","97.9300","96.4500","69.2300","73.0800","89.9400","81.6600","338","4/1/2025 16:37","36","10","3.6000","1.0300","0.2900","32.0000","29.0000","15.0000","27.0000","59.0000","1.1300","1.1760","1.0700","1.1100","0.8400","90.8300","91.7200","95.8600","92.3100","82.8400","12","7","85.5000","50.0000","0.7600","0.2000","76.9200","79.0000","0.3400","5","84.6200","53.0000","0.8100","13","97.6300","9.0000","1.0600","0.3700","97.0400","11.0000","1.8600","4","97.9300","8.0000","2.3500","0.1400","73.6700","90.0000","0.5500","0.1100","95.8600","15.0000","2.6500","0.0000","99.1100","4.0000","-0.0900","0","99.1100","4.0000","-0.0900","0.0000","99.1100","4.0000","-0.0900","0","99.1100","4.0000","-0.0900","6","0","0"
"AAD2023.06.02752","345","9642","114","University of Virginia","Mathematics, Department of","Mathematics","25","130.0000","175","99.0000","24","96.0000","7.2900","107.0000","775","163.0000","22","112.0000","0.9200","212.0000","18","57.0000","40","55.0000","7997734.0000","66.0000","55","46.0000","18","62.0000","8","89.0000","7","60.0000","17","23","7","18","17","0.2800","1.1200","41.0000","88.1700","0.3200","0.2500","105.0000","69.2300","0.9600","0.9300","43.0000","87.5700","7.0000","0.6100","93.0000","72.7800","0.8800","0.6300","110.0000","67.7500","31.0000","-0.2500","182.0000","46.4500","4.4300","-0.2600","270.0000","20.4100","0.7200","1.7400","25.0000","92.9000","1.6000","1.6400","32.0000","90.8300","319909.3600","0.7600","46.0000","86.6900","199943.3500","-0.0200","130.0000","61.8300","2.2000","1.1800","25.0000","92.9000","0.7200","1.5500","33.0000","90.5300","0.3000","62.0000","81.9500","0.6300","0.6400","0.1700","0.7700","0.2600","0.3300","0.1515","0.5000","0.1700","-0.2700","0.3200","0.7500","0.2100","0.0700","81.9500","82.5400","67.1600","83.4300","71.8900","68.6400","37.5700","86.6900","73.9600","52.0700","80.7700","84.0200","71.0100","61.8300","338","4/1/2025 16:37","2","1","2.0000","0.0800","0.0400","232.0000","109.0000","225.0000","258.0000","280.0000","-0.7100","0.1234","-0.4000","-0.5900","-0.9800","31.6600","68.0500","33.7300","23.9600","17.4600","12","7","85.5000","50.0000","0.7600","0.2800","89.3500","37.0000","0.7600","4","78.1100","75.0000","0.4700","0","73.0800","92.0000","-0.1800","0.0000","73.0800","92.0000","-0.2900","0","73.0800","92.0000","-0.3500","0.1600","78.1100","75.0000","0.7400","0.0000","73.0800","92.0000","-0.4600","0.0000","99.1100","4.0000","-0.0900","0","99.1100","4.0000","-0.0900","0.0000","99.1100","4.0000","-0.0900","0","99.1100","4.0000","-0.0900","6","0","0"
"AAD2023.06.02752","2","9689","114","Air Force Institute of Technology","Mathematics and Statistics, Department of","Mathematics","15","219.0000","69","199.0000","13","202.0000","5.3100","188.0000","347","225.0000","12","205.0000","0.9200","204.0000","1","240.0000","1","255.0000","101028.0000","271.0000","4","211.0000","2","225.0000","0","268.0000","0","268.0000","17","23","7","18","17","0.0000","-1.2000","268.0000","21.0100","0.0000","-0.9000","268.0000","21.0100","0.8700","0.4700","144.0000","57.6900","4.6000","-0.1300","181.0000","46.7500","0.8000","0.2900","173.0000","49.1100","23.1300","-0.3300","208.0000","38.7600","5.0300","-0.2400","248.0000","26.9200","0.0700","-0.9300","267.0000","21.3000","0.0700","-0.8500","272.0000","19.8200","6735.2000","-0.6500","272.0000","19.8200","101028.0000","-0.4500","253.0000","25.4400","0.2700","-0.4500","201.0000","40.8300","0.1300","-0.7000","233.0000","31.3600","-0.2000","155.0000","54.4400","-0.6200","-0.8700","-0.4700","-0.7200","-0.4500","-0.1900","0.1861","-0.4400","-0.8300","-0.3800","-0.5300","-0.6700","-0.5000","-0.5600","33.7300","21.0100","39.6500","29.2900","40.5300","44.6700","39.9400","37.8700","21.0100","33.7300","20.1200","24.8500","41.4200","35.5000","338","4/1/2025 16:37","14","6","2.3300","0.9300","0.4000","80.0000","91.0000","80.0000","36.0000","23.0000","0.3200","0.3405","0.1200","0.9400","1.6900","76.6300","73.3700","76.6300","89.6500","93.4900","12","1","43.2000","193.0000","-0.6000","0.0700","40.8300","201.0000","-0.3800","1","46.4500","182.0000","-0.5600","0","73.0800","92.0000","-0.1800","0.0000","73.0800","92.0000","-0.2900","0","73.0800","92.0000","-0.3500","0.0700","43.2000","193.0000","-0.3100","0.0000","73.0800","92.0000","-0.4600","0.0000","99.1100","4.0000","-0.0900","0","99.1100","4.0000","-0.0900","0.0000","99.1100","4.0000","-0.0900","0","99.1100","4.0000","-0.0900","6","0","0"
"AAD2023.06.02752","24","9714","114","Boston University","Mathematics and Statistics, Department of","Mathematics","45","37.0000","523","7.0000","38","41.0000","13.7600","7.0000","14598","6.0000","39","35.0000","0.9500","163.0000","18","57.0000","35","70.0000","17021557.0000","26.0000","72","38.0000","28","32.0000","21","23.0000","8","51.0000","17","23","7","18","17","0.1800","0.2700","125.0000","63.3100","0.4700","0.7800","50.0000","85.5000","0.8400","0.3600","164.0000","51.7800","11.6200","2.0200","10.0000","97.3400","0.8700","0.5800","122.0000","64.2000","324.4000","2.5400","8.0000","97.9300","27.9100","0.8200","11.0000","97.0400","0.4000","0.4300","105.0000","69.2300","0.7800","0.3100","98.0000","71.3000","378256.8200","1.0300","31.0000","91.1200","486330.2000","1.2200","24.0000","93.2000","1.6000","0.6800","48.0000","86.0900","0.6200","1.1700","53.0000","84.6200","0.5000","37.0000","89.3500","1.4100","0.8600","1.2700","0.7700","1.1700","2.0300","0.3380","0.8200","1.7800","3.5400","1.3000","0.5700","2.5300","1.3200","90.8300","85.2100","89.9400","83.4300","88.1700","98.2200","52.0700","89.0500","93.4900","98.5200","92.6000","79.5900","98.2200","89.3500","338","4/1/2025 16:37","11","10","1.1000","0.2400","0.2200","32.0000","205.0000","101.0000","172.0000","103.0000","1.1300","-0.4688","-0.0100","-0.3000","0.3700","90.8300","39.6500","70.4100","49.4100","69.8200","12","1","43.2000","193.0000","-0.6000","0.0200","29.5900","239.0000","-0.6200","1","46.4500","182.0000","-0.5600","22","99.1100","4.0000","1.9100","0.4900","98.2200","7.0000","2.5400","3","96.7500","12.0000","1.6700","0.0200","29.5900","239.0000","-0.8100","0.0700","91.7200","29.0000","1.3500","0.0000","99.1100","4.0000","-0.0900","0","99.1100","4.0000","-0.0900","0.0000","99.1100","4.0000","-0.0900","0","99.1100","4.0000","-0.0900","6","0","0"
"AAD2023.06.02752","190","9810","114","South Dakota State University","Mathematics and Statistics, Department of","Mathematics","17","196.0000","40","247.0000","8","251.0000","5.0000","199.0000","370","221.0000","9","235.0000","1.0000","1.0000","3","185.0000","4","192.0000","2118126.0000","144.0000","1","261.0000","1","249.0000","0","268.0000","0","268.0000","17","23","7","18","17","0.0000","-1.2000","268.0000","21.0100","0.0000","-0.9000","268.0000","21.0100","0.4700","-1.4900","306.0000","9.7600","2.3500","-0.8100","262.0000","22.7800","0.5300","-0.8800","273.0000","19.5300","21.7600","-0.3400","217.0000","36.0900","9.2500","-0.0400","105.0000","69.2300","0.1800","-0.4800","201.0000","40.8300","0.2400","-0.5700","210.0000","38.1700","124595.6500","-0.1200","125.0000","63.3100","529531.5000","1.4100","21.0000","94.0800","0.0600","-0.6300","287.0000","15.3800","0.0600","-0.9800","285.0000","15.9800","-0.6000","225.0000","33.7300","-0.7000","-0.8700","-0.6700","-0.5500","-0.7700","-0.2800","0.6014","-0.5000","-0.8300","-0.3800","-0.3100","-0.5600","-0.6900","-0.4300","26.6300","21.0100","30.7700","45.5600","26.0400","41.4200","100.0000","23.0800","21.0100","34.9100","57.6900","43.4900","27.2200","42.3100","338","4/1/2025 16:37","9","3","3.0000","0.5300","0.1800","165.0000","47.0000","129.0000","84.0000","142.0000","-0.3000","0.7813","-0.1000","0.2200","0.0300","51.4800","86.3900","62.1300","75.4400","58.2800","12","1","43.2000","193.0000","-0.6000","0.0600","37.2800","213.0000","-0.4200","1","46.4500","182.0000","-0.5600","0","73.0800","92.0000","-0.1800","0.0000","73.0800","92.0000","-0.2900","0","73.0800","92.0000","-0.3500","0.0600","38.7600","208.0000","-0.4000","0.0000","73.0800","92.0000","-0.4600","0.0000","99.1100","4.0000","-0.0900","0","99.1100","4.0000","-0.0900","0.0000","99.1100","4.0000","-0.0900","0","99.1100","4.0000","-0.0900","6","0","0"
"AAD2023.06.02752","202","9853","114","University at Albany, State University of New York","Mathematics and Statistics, Department of","Mathematics","26","118.0000","111","155.0000","22","117.0000","5.0500","198.0000","972","141.0000","22","112.0000","1.0000","1.0000","8","124.0000","13","127.0000","2039704.0000","147.0000","18","115.0000","10","111.0000","5","144.0000","3","131.0000","17","23","7","18","17","0.1200","-0.2500","185.0000","45.5600","0.1900","-0.2100","170.0000","50.0000","0.8500","0.3700","161.0000","52.6600","4.2700","-0.2300","188.0000","44.6700","0.8500","0.4900","140.0000","58.8800","37.3800","-0.1900","161.0000","52.6600","8.7600","-0.0600","120.0000","64.7900","0.3100","0.0600","145.0000","57.4000","0.5000","-0.1400","143.0000","57.9900","78450.1500","-0.3300","163.0000","52.0700","156900.3100","-0.2100","183.0000","46.1500","0.6900","-0.0900","120.0000","64.7900","0.3800","0.2700","120.0000","64.7900","-0.1000","132.0000","61.2400","0.0000","-0.2200","0.1700","-0.1100","0.1300","-0.2600","0.6014","-0.1800","-0.2100","-0.2100","-0.3200","-0.2300","-0.2200","0.1300","67.4600","61.5400","67.1600","63.6100","65.6800","41.7200","100.0000","66.2700","57.6900","58.5800","56.8000","62.7200","54.4400","65.3800","338","4/1/2025 16:37","17","9","1.8900","0.6500","0.3500","41.0000","131.0000","57.0000","59.0000","34.0000","0.9300","0.0510","0.2500","0.4400","1.2900","88.1700","61.5400","83.4300","82.8400","90.2400","12","6","81.6600","63.0000","0.5400","0.2300","82.5400","60.0000","0.5000","4","78.1100","75.0000","0.4700","1","82.2500","61.0000","-0.0900","0.0400","81.0700","65.0000","-0.0700","1","90.5300","33.0000","0.3200","0.1500","76.6300","80.0000","0.6700","0.0400","85.2100","51.0000","0.5900","0.0000","99.1100","4.0000","-0.0900","0","99.1100","4.0000","-0.0900","0.0000","99.1100","4.0000","-0.0900","0","99.1100","4.0000","-0.0900","6","0","0"
"AAD2023.06.02752","304","9939","114","University of Missouri","Mathematics, Department of","Mathematics","32","72.0000","189","88.0000","27","83.0000","7.0000","117.0000","1055","139.0000","26","85.0000","0.9300","196.0000","10","106.0000","24","89.0000","3785409.0000","110.0000","35","71.0000","19","51.0000","17","36.0000","10","31.0000","17","23","7","18","17","0.3100","1.3900","29.0000","91.7200","0.5300","1.0100","37.0000","89.3500","0.8400","0.3600","166.0000","51.1800","5.9100","0.2700","132.0000","61.2400","0.8100","0.3400","165.0000","51.4800","32.9700","-0.2300","177.0000","47.9300","5.5800","-0.2100","222.0000","34.6200","0.3100","0.0800","141.0000","58.5800","0.7500","0.2600","100.0000","70.7100","118294.0300","-0.1500","131.0000","61.5400","157725.3800","-0.2000","182.0000","46.4500","1.0900","0.2500","76.0000","77.8100","0.5900","1.0700","61.0000","82.2500","0.0000","113.0000","66.8600","0.7000","1.2900","0.4300","0.0700","0.4600","0.2500","0.2158","0.1300","1.2900","-0.1900","-0.1300","0.1700","0.3000","0.5100","85.2100","91.1200","75.1500","68.9300","75.7400","65.6800","42.3100","79.2900","89.6500","59.1700","67.7500","73.9600","74.2600","78.9900","338","4/1/2025 16:37","11","3","3.6700","0.3400","0.0900","165.0000","25.0000","101.0000","140.0000","232.0000","-0.3000","1.2221","-0.0100","-0.1200","-0.5800","51.4800","92.9000","70.4100","58.8800","31.6600","12","14","97.0400","11.0000","2.3500","0.4400","95.8600","15.0000","1.6100","7","92.0100","28.0000","1.4900","0","73.0800","92.0000","-0.1800","0.0000","73.0800","92.0000","-0.2900","0","73.0800","92.0000","-0.3500","0.2200","93.7900","22.0000","1.4000","0.0000","73.0800","92.0000","-0.4600","0.0000","99.1100","4.0000","-0.0900","0","99.1100","4.0000","-0.0900","0.0000","99.1100","4.0000","-0.0900","0","99.1100","4.0000","-0.0900","6","0","0"
"AAD2023.06.02752","354","10088","114","Virginia Polytechnic Institute and State University","Mathematics, Department of","Mathematics","45","37.0000","339","41.0000","44","31.0000","7.7000","89.0000","5581","19.0000","44","30.0000","1.0000","1.0000","24","38.0000","56","37.0000","11587404.0000","45.0000","47","53.0000","26","37.0000","11","65.0000","8","51.0000","17","23","7","18","17","0.1800","0.2700","125.0000","63.3100","0.2400","-0.0200","141.0000","58.5800","0.9800","1.0200","29.0000","91.7200","7.5300","0.7700","67.0000","80.4700","0.9800","1.0600","18.0000","94.9700","124.0200","0.6300","27.0000","92.3100","16.4600","0.2900","32.0000","90.8300","0.5300","0.9800","66.0000","80.7700","1.2400","1.0600","54.0000","84.3200","257497.8700","0.4800","62.0000","81.9500","206917.9300","0.0100","123.0000","63.9100","1.0400","0.2100","81.0000","76.3300","0.5800","1.0000","66.0000","80.7700","0.6000","27.0000","92.3100","1.2500","0.8600","1.5900","1.3000","1.5600","0.4300","0.6014","0.3500","0.5400","1.0600","0.7100","1.3300","1.3000","1.3200","89.3500","85.2100","91.4200","89.0500","91.1200","73.9600","100.0000","84.6200","81.0700","94.6700","86.9800","89.3500","88.1700","89.3500","338","4/1/2025 16:37","52","19","2.7400","1.1600","0.4200","4.0000","72.0000","9.0000","22.0000","21.0000","2.9800","0.6102","1.7600","1.3400","1.8500","99.1100","78.9900","97.6300","93.7900","94.0800","12","14","97.0400","11.0000","2.3500","0.3100","91.4200","30.0000","0.9300","11","98.5200","6.0000","2.8600","1","82.2500","61.0000","-0.0900","0.0200","75.1500","85.0000","-0.1600","1","90.5300","33.0000","0.3200","0.2400","96.1500","14.0000","1.6900","0.0200","77.2200","78.0000","0.1500","0.0000","99.1100","4.0000","-0.0900","0","99.1100","4.0000","-0.0900","0.0000","99.1100","4.0000","-0.0900","0","99.1100","4.0000","-0.0900","6","0","0"
"AAD2023.06.02752","263","10143","114","University of Colorado Boulder","Mathematics, Department of","Mathematics","27","112.0000","131","136.0000","24","96.0000","5.4600","185.0000","496","197.0000","24","96.0000","1.0000","1.0000","9","113.0000","19","102.0000","3075016.0000","116.0000","38","64.0000","19","51.0000","6","121.0000","5","92.0000","17","23","7","18","17","0.1900","0.3300","113.0000","66.8600","0.2200","-0.1000","154.0000","54.7300","0.8900","0.5800","122.0000","64.2000","4.8500","-0.0500","175.0000","48.5200","0.8900","0.6700","101.0000","70.4100","18.3700","-0.3700","232.0000","31.6600","3.7900","-0.2900","285.0000","15.9800","0.3300","0.1600","129.0000","62.1300","0.7000","0.1900","104.0000","69.5300","113889.4800","-0.1700","135.0000","60.3600","161842.9500","-0.1800","179.0000","47.3400","1.4100","0.5100","56.0000","83.7300","0.7000","1.4900","39.0000","88.7600","0.0000","113.0000","66.8600","0.7000","0.2100","0.3000","-0.0200","0.2600","-0.1600","0.6014","0.1900","-0.0800","-0.3400","-0.2100","-0.0100","-0.0900","0.1900","85.2100","73.0800","71.8900","66.8600","71.8900","45.5600","100.0000","81.3600","64.5000","42.0100","65.9800","70.1200","60.0600","67.1600","338","4/1/2025 16:37","13","6","2.1700","0.4800","0.2200","80.0000","104.0000","87.0000","91.0000","103.0000","0.3200","0.2352","0.0700","0.1300","0.3700","76.6300","69.5300","74.5600","73.3700","69.8200","12","4","70.1200","102.0000","0.0800","0.1500","64.7900","120.0000","0.0600","3","72.1900","95.0000","0.1300","0","73.0800","92.0000","-0.1800","0.0000","73.0800","92.0000","-0.2900","0","73.0800","92.0000","-0.3500","0.1100","63.0200","126.0000","0.1900","0.0000","73.0800","92.0000","-0.4600","0.0000","99.1100","4.0000","-0.0900","0","99.1100","4.0000","-0.0900","0.0000","99.1100","4.0000","-0.0900","0","99.1100","4.0000","-0.0900","6","0","0"
"AAD2023.06.02752","263","10160","114","University of Colorado Boulder","Applied Mathematics, Department of","Mathematics","21","164.0000","250","66.0000","21","129.0000","11.9000","14.0000","2927","53.0000","21","122.0000","1.0000","1.0000","18","57.0000","48","46.0000","13491512.0000","38.0000","40","63.0000","15","75.0000","3","179.0000","2","171.0000","17","23","7","18","17","0.1000","-0.4100","210.0000","38.1700","0.1400","-0.3800","196.0000","42.3100","1.0000","1.1300","1.0000","100.0000","11.9000","2.1100","7.0000","98.2200","1.0000","1.1500","1.0000","100.0000","139.3800","0.7800","24.0000","93.2000","11.7100","0.0700","71.0000","79.2900","0.8600","2.3000","3.0000","99.4100","2.2900","2.7500","8.0000","97.9300","642452.9500","2.2200","13.0000","96.4500","281073.1700","0.3300","68.0000","80.1800","1.9000","0.9300","35.0000","89.9400","0.7100","1.5300","36.0000","89.6500","1.3000","2.0000","99.7000","0.3900","-0.4400","0.1100","0.7700","0.0700","1.5400","0.6014","0.2200","-0.4600","0.3300","0.9200","1.0400","0.7100","-0.1800","78.1100","49.7000","64.2000","83.4300","62.1300","96.1500","100.0000","81.6600","47.3400","84.6200","89.0500","86.6900","80.7700","51.7800","338","4/1/2025 16:37","14","6","2.3300","0.6700","0.2900","80.0000","91.0000","80.0000","55.0000","59.0000","0.3200","0.3405","0.1200","0.4600","0.8400","76.6300","73.3700","76.6300","84.0200","82.8400","12","3","63.6100","124.0000","-0.1400","0.1400","64.2000","122.0000","0.0300","3","72.1900","95.0000","0.1300","0","73.0800","92.0000","-0.1800","0.0000","73.0800","92.0000","-0.2900","0","73.0800","92.0000","-0.3500","0.1400","73.6700","90.0000","0.5500","0.0000","73.0800","92.0000","-0.4600","0.0000","99.1100","4.0000","-0.0900","0","99.1100","4.0000","-0.0900","0.0000","99.1100","4.0000","-0.0900","0","99.1100","4.0000","-0.0900","6","0","0"
"AAD2023.06.02752","262","10263","114","University of Cincinnati, The","Mathematical Sciences, Department of","Mathematics","61","10.0000","261","61.0000","42","33.0000","6.2100","148.0000","2037","76.0000","38","38.0000","0.9000","221.0000","11","97.0000","16","113.0000","2840904.0000","120.0000","36","69.0000","20","49.0000","5","144.0000","4","107.0000","17","23","7","18","17","0.0700","-0.6600","245.0000","27.8100","0.0800","-0.6000","237.0000","30.1800","0.6900","-0.4100","249.0000","26.6300","4.2800","-0.2300","187.0000","44.9700","0.6200","-0.4700","252.0000","25.7400","33.3900","-0.2300","174.0000","48.8200","7.8000","-0.1100","144.0000","57.6900","0.1800","-0.4600","200.0000","41.1200","0.2600","-0.5300","198.0000","41.7200","46572.2000","-0.4700","202.0000","40.5300","177556.5000","-0.1200","161.0000","52.6600","0.5900","-0.1800","139.0000","59.1700","0.3300","0.0500","140.0000","58.8800","-0.3000","176.0000","48.2200","0.7800","-0.0100","1.2000","0.1600","1.4300","0.0400","0.0872","0.1500","-0.2100","0.0800","-0.2300","-0.1200","0.7800","2.3300","85.8000","68.6400","89.0500","71.6000","90.5300","56.5100","34.9100","79.8800","57.6900","77.8100","64.7900","66.8600","82.2500","97.3400","338","4/1/2025 16:37","23","8","2.8800","0.3800","0.1300","50.0000","63.0000","39.0000","133.0000","193.0000","0.7200","0.7023","0.5100","-0.0600","-0.3000","85.5000","81.6600","88.7600","60.9500","43.2000","12","6","81.6600","63.0000","0.5400","0.1000","48.5200","175.0000","-0.2100","5","84.6200","53.0000","0.8100","0","73.0800","92.0000","-0.1800","0.0000","73.0800","92.0000","-0.2900","0","73.0800","92.0000","-0.3500","0.0800","47.9300","177.0000","-0.1400","0.0000","73.0800","92.0000","-0.4600","0.0000","99.1100","4.0000","-0.0900","0","99.1100","4.0000","-0.0900","0.0000","99.1100","4.0000","-0.0900","0","99.1100","4.0000","-0.0900","6","0","0"
"AAD2023.06.02752","156","10505","114","Ohio State University, The","Mathematics, Department of","Mathematics","77","2.0000","454","16.0000","65","4.0000","6.9800","118.0000","2972","51.0000","64","5.0000","0.9700","130.0000","37","15.0000","73","22.0000","14969115.0000","32.0000","78","34.0000","39","17.0000","20","29.0000","13","20.0000","17","23","7","18","17","0.1700","0.2000","131.0000","61.5400","0.2600","0.0300","127.0000","62.7200","0.8400","0.3600","165.0000","51.4800","5.9000","0.2700","133.0000","60.9500","0.8300","0.4200","155.0000","54.4400","38.6000","-0.1800","156.0000","54.1400","6.5500","-0.1700","187.0000","44.9700","0.4800","0.7600","79.0000","76.9200","0.9500","0.5800","80.0000","76.6300","194404.0900","0.2000","88.0000","74.2600","205056.3700","0.0000","124.0000","63.6100","1.0100","0.1800","84.0000","75.4400","0.5100","0.7300","84.0000","75.4400","0.1000","99.0000","71.0100","2.2700","1.9300","2.8800","2.4500","2.9200","0.2400","0.4378","0.9300","1.6600","0.3400","1.0800","1.9500","2.0700","3.3300","95.2700","94.3800","98.8200","95.8600","99.1100","65.3800","61.8300","90.2400","91.7200","85.2100","90.8300","93.7900","95.5600","99.7000","338","4/1/2025 16:37","11","8","1.3800","0.1400","0.1000","50.0000","186.0000","101.0000","218.0000","225.0000","0.7200","-0.2845","-0.0100","-0.4800","-0.5100","85.5000","45.2700","70.4100","35.8000","33.7300","12","10","91.4200","30.0000","1.4500","0.1300","57.1000","146.0000","-0.0400","6","89.6400","36.0000","1.1500","0","73.0800","92.0000","-0.1800","0.0000","73.0800","92.0000","-0.2900","0","73.0800","92.0000","-0.3500","0.0800","46.1500","183.0000","-0.1800","0.0000","73.0800","92.0000","-0.4600","0.0000","99.1100","4.0000","-0.0900","0","99.1100","4.0000","-0.0900","0.0000","99.1100","4.0000","-0.0900","0","99.1100","4.0000","-0.0900","6","0","0"
"AAD2023.06.02752","59","10676","114","Drexel University","Mathematics, Department of","Mathematics","25","130.0000","158","112.0000","23","107.0000","6.8700","124.0000","775","163.0000","21","122.0000","0.8800","243.0000","12","92.0000","26","83.0000","3904359.0000","108.0000","9","157.0000","7","136.0000","6","121.0000","3","131.0000","17","23","7","18","17","0.1200","-0.2100","182.0000","46.4500","0.2400","-0.0400","142.0000","58.2800","0.9200","0.7300","90.0000","73.6700","6.3200","0.4000","115.0000","66.2700","0.8400","0.4600","146.0000","57.1000","31.0000","-0.2500","182.0000","46.4500","4.9100","-0.2400","251.0000","26.0400","0.4800","0.7600","80.0000","76.6300","1.0400","0.7300","74.0000","78.4000","156174.3600","0.0200","108.0000","68.3400","150167.6500","-0.2300","187.0000","44.9700","0.3600","-0.3700","177.0000","47.9300","0.2800","-0.1300","155.0000","54.4400","0.0000","113.0000","66.8600","-0.2300","-0.2200","0.1100","0.2500","0.2000","0.2200","-0.0734","-0.3500","-0.0800","-0.2700","-0.1200","0.2400","0.0900","0.0700","60.0600","61.5400","64.2000","73.0800","68.6400","63.6100","28.4000","53.8500","64.5000","52.0700","68.3400","75.7400","67.1600","61.8300","338","4/1/2025 16:37","3","3","1.0000","0.1200","0.1200","165.0000","206.0000","199.0000","239.0000","204.0000","-0.3000","-0.5345","-0.3600","-0.5200","-0.3900","51.4800","39.3500","41.4200","29.5900","39.9400","12","0","28.9900","241.0000","-0.8300","0.0000","28.9900","241.0000","-0.7400","0","28.9900","241.0000","-0.9000","2","88.1700","41.0000","0.0100","0.0800","86.9800","45.0000","0.1700","1","90.5300","33.0000","0.3200","0.0000","28.9900","241.0000","-1.0600","0.0400","85.8000","49.0000","0.6300","0.0000","99.1100","4.0000","-0.0900","0","99.1100","4.0000","-0.0900","0.0000","99.1100","4.0000","-0.0900","0","99.1100","4.0000","-0.0900","6","0","0"
"AAD2023.06.02752","313","10760","114","University of New Hampshire","Mathematics and Statistics, Department of","Mathematics","19","179.0000","55","226.0000","15","181.0000","3.6700","259.0000","1862","82.0000","14","182.0000","0.8800","243.0000","6","150.0000","9","154.0000","2470498.0000","132.0000","8","165.0000","7","136.0000","4","156.0000","3","131.0000","17","23","7","18","17","0.1600","0.1100","139.0000","59.1700","0.2100","-0.1400","159.0000","53.2500","0.7900","0.0900","199.0000","41.4200","2.8900","-0.6500","243.0000","28.4000","0.7400","0.0200","213.0000","37.2800","98.0000","0.3900","40.0000","88.4600","33.8500","1.0900","7.0000","98.2200","0.3200","0.0900","140.0000","58.8800","0.4700","-0.1900","152.0000","55.3300","130026.2100","-0.0900","119.0000","65.0900","274499.7800","0.3000","69.0000","79.8800","0.4200","-0.3200","169.0000","50.3000","0.3700","0.2000","127.0000","62.7200","-0.4000","189.0000","44.3800","-0.2300","-0.2200","-0.3400","-0.2800","-0.3200","-0.6300","-0.0734","-0.3700","-0.3300","0.0300","-0.2700","-0.3800","-0.5900","-0.3100","60.0600","61.5400","46.4500","55.9200","46.7500","23.6700","28.4000","51.4800","54.1400","76.0400","61.2400","54.7300","33.4300","47.3400","338","4/1/2025 16:37","4","4","1.0000","0.2100","0.2100","131.0000","206.0000","179.0000","184.0000","115.0000","-0.0900","-0.5345","-0.3100","-0.3600","0.2800","61.5400","39.3500","47.3400","45.8600","66.2700","12","0","28.9900","241.0000","-0.8300","0.0000","28.9900","241.0000","-0.7400","0","28.9900","241.0000","-0.9000","13","97.6300","9.0000","1.0600","0.6800","98.5200","6.0000","3.6700","1","90.5300","33.0000","0.3200","0.0000","28.9900","241.0000","-1.0600","0.0500","88.4600","40.0000","0.9700","0.0000","99.1100","4.0000","-0.0900","0","99.1100","4.0000","-0.0900","0.0000","99.1100","4.0000","-0.0900","0","99.1100","4.0000","-0.0900","6","0","0"
"AAD2023.06.02752","64","11232","114","East Texas A&M University","Mathematics, Department of","Mathematics","12","256.0000","35","252.0000","6","269.0000","5.8300","166.0000","109","271.0000","7","248.0000","1.0000","1.0000","1","240.0000","1","255.0000","132132.0000","264.0000","2","237.0000","2","225.0000","1","229.0000","1","215.0000","17","23","7","18","17","0.0800","-0.5100","219.0000","35.5000","0.0800","-0.6000","232.0000","31.6600","0.5000","-1.3400","290.0000","14.5000","2.9200","-0.6400","242.0000","28.7000","0.5800","-0.6400","262.0000","22.7800","9.0800","-0.4600","271.0000","20.1200","3.1100","-0.3300","300.0000","11.5400","0.0800","-0.8600","255.0000","24.8500","0.0800","-0.8200","264.0000","22.1900","11011.0000","-0.6300","260.0000","23.3700","132132.0000","-0.3100","215.0000","36.6900","0.1700","-0.5400","236.0000","30.4700","0.1700","-0.5700","207.0000","39.0500","-0.7000","243.0000","28.4000","-0.6200","-0.6500","-0.8000","-0.7200","-0.9000","-0.0600","0.6014","-0.4800","-0.7000","-0.4500","-0.5300","-0.6700","-0.7300","-0.7500","33.7300","36.6900","26.9200","29.2900","20.7100","51.1800","100.0000","30.1800","32.5400","20.1200","22.1900","24.8500","25.7400","24.5600","338","4/1/2025 16:37","1","1","1.0000","0.0800","0.0800","232.0000","206.0000","247.0000","252.0000","243.0000","-0.7100","-0.5345","-0.4400","-0.5900","-0.6600","31.6600","39.3500","27.2200","25.7400","28.4000","12","2","52.6600","161.0000","-0.3700","0.1700","71.6000","97.0000","0.1600","2","60.9500","133.0000","-0.2100","0","73.0800","92.0000","-0.1800","0.0000","73.0800","92.0000","-0.2900","0","73.0800","92.0000","-0.3500","0.1700","81.3600","64.0000","0.8200","0.0000","73.0800","92.0000","-0.4600","0.0000","99.1100","4.0000","-0.0900","0","99.1100","4.0000","-0.0900","0.0000","99.1100","4.0000","-0.0900","0","99.1100","4.0000","-0.0900","6","0","0"
"AAD2023.06.02752","336","11250","114","University of Southern Mississippi, The","Mathematics, Department of","Mathematics","11","265.0000","76","190.0000","9","240.0000","8.4400","61.0000","490","199.0000","10","227.0000","1.0000","1.0000","0","285.0000","0","285.0000","0.0000","285.0000","4","211.0000","3","195.0000","3","179.0000","3","131.0000","17","23","7","18","17","0.2700","1.0600","47.0000","86.3900","0.2700","0.0800","118.0000","65.3800","0.8200","0.2300","181.0000","46.7500","6.9100","0.5800","95.0000","72.1900","0.9100","0.7600","78.0000","77.2200","44.5500","-0.1200","140.0000","58.8800","6.4500","-0.1700","193.0000","43.2000","0.0000","-1.2000","285.0000","15.9800","0.0000","-0.9600","285.0000","15.9800","0.0000","-0.6800","285.0000","15.9800","0.0000","-0.8800","285.0000","15.9800","0.3600","-0.3700","175.0000","48.5200","0.2700","-0.1600","158.0000","53.5500","-0.3000","176.0000","48.2200","-0.5500","-0.2200","-0.6000","-0.8100","-0.7100","0.6300","0.6014","-0.4400","-0.4600","-0.3400","-0.5400","-0.7000","-0.4500","-0.8100","42.6000","61.5400","33.1400","15.9800","29.2900","82.2500","100.0000","37.8700","47.3400","41.4200","15.9800","15.9800","44.0800","21.8900","338","4/1/2025 16:37","0","0","0.0000","0.0000","0.0000","287.0000","287.0000","287.0000","287.0000","287.0000","-0.9100","-1.1925","-0.4900","-0.7400","-1.2800","15.3800","15.3800","15.3800","15.3800","15.3800","12","0","28.9900","241.0000","-0.8300","0.0000","28.9900","241.0000","-0.7400","0","28.9900","241.0000","-0.9000","0","73.0800","92.0000","-0.1800","0.0000","73.0800","92.0000","-0.2900","0","73.0800","92.0000","-0.3500","0.0000","28.9900","241.0000","-1.0600","0.0000","73.0800","92.0000","-0.4600","0.0000","99.1100","4.0000","-0.0900","0","99.1100","4.0000","-0.0900","0.0000","99.1100","4.0000","-0.0900","0","99.1100","4.0000","-0.0900","6","0","0"
"AAD2023.06.02752","217","11533","114","Texas A&M Corpus Christi","Mathematics and Statistics, Department of","Mathematics","15","219.0000","72","194.0000","11","224.0000","6.5500","139.0000","925","149.0000","13","195.0000","1.0000","1.0000","1","240.0000","1","255.0000","117312.0000","266.0000","1","261.0000","1","249.0000","0","268.0000","0","268.0000","17","23","7","18","17","0.0000","-1.2000","268.0000","21.0100","0.0000","-0.9000","268.0000","21.0100","0.7300","-0.1900","225.0000","33.7300","4.8000","-0.0700","178.0000","47.6300","0.8700","0.5800","122.0000","64.2000","61.6700","0.0400","88.0000","74.2600","12.8500","0.1200","56.0000","83.7300","0.0700","-0.9300","267.0000","21.3000","0.0700","-0.8500","272.0000","19.8200","7820.8000","-0.6500","266.0000","21.6000","117312.0000","-0.3800","238.0000","29.8800","0.0700","-0.6200","283.0000","16.5700","0.0700","-0.9500","279.0000","17.7500","-0.3000","176.0000","48.2200","-0.7000","-0.8700","-0.4100","-0.7200","-0.5800","0.1300","0.6014","-0.5000","-0.8300","-0.2200","-0.5300","-0.6700","-0.4800","-0.5600","26.6300","21.0100","42.6000","29.2900","34.0200","59.1700","100.0000","23.0800","21.0100","56.2100","21.6000","24.8500","42.9000","35.5000","338","4/1/2025 16:37","6","5","1.2000","0.4000","0.3300","106.0000","200.0000","156.0000","119.0000","36.0000","0.1100","-0.4030","-0.2300","-0.0200","1.1900","68.9300","41.1200","54.1400","65.0900","89.6500","12","3","63.6100","124.0000","-0.1400","0.2000","76.9200","79.0000","0.3400","1","46.4500","182.0000","-0.5600","0","73.0800","92.0000","-0.1800","0.0000","73.0800","92.0000","-0.2900","0","73.0800","92.0000","-0.3500","0.0700","43.2000","193.0000","-0.3100","0.0000","73.0800","92.0000","-0.4600","0.0000","99.1100","4.0000","-0.0900","0","99.1100","4.0000","-0.0900","0.0000","99.1100","4.0000","-0.0900","0","99.1100","4.0000","-0.0900","6","0","0"
"AAD2023.06.02752","218","11550","114","Texas A&M Kingsville","Mathematics, Department of","Mathematics","10","270.0000","293","50.0000","6","269.0000","48.8300","1.0000","3210","45.0000","6","267.0000","1.0000","1.0000","0","285.0000","0","285.0000","0.0000","285.0000","1","261.0000","1","249.0000","25","14.0000","3","131.0000","17","23","7","18","17","0.3000","1.2900","32.0000","90.8300","2.5000","8.0600","1.0000","100.0000","0.6000","-0.8500","270.0000","20.4100","29.3000","7.4300","1.0000","100.0000","0.6000","-0.5700","255.0000","24.8500","321.0000","2.5100","9.0000","97.6300","10.9600","0.0400","79.0000","76.9200","0.0000","-1.2000","285.0000","15.9800","0.0000","-0.9600","285.0000","15.9800","0.0000","-0.6800","285.0000","15.9800","0.0000","-0.8800","285.0000","15.9800","0.1000","-0.5900","265.0000","21.8900","0.1000","-0.8200","253.0000","25.4400","-0.4000","189.0000","44.3800","-0.7000","-0.2200","-0.8600","-0.8100","-0.9000","11.2500","0.6014","-0.5000","2.2800","0.4100","-0.5400","-0.7000","1.0000","-0.8700","26.6300","61.5400","21.3000","15.9800","20.7100","100.0000","100.0000","23.0800","96.1500","86.9800","15.9800","15.9800","85.5000","20.4100","338","4/1/2025 16:37","2","2","1.0000","0.2000","0.2000","192.0000","206.0000","225.0000","190.0000","121.0000","-0.5000","-0.5345","-0.4000","-0.3800","0.2100","43.4900","39.3500","33.7300","44.0800","64.5000","12","5","75.7400","83.0000","0.3100","0.5000","97.3400","10.0000","1.9500","1","46.4500","182.0000","-0.5600","0","73.0800","92.0000","-0.1800","0.0000","73.0800","92.0000","-0.2900","0","73.0800","92.0000","-0.3500","0.1000","56.8000","147.0000","0.0700","0.0000","73.0800","92.0000","-0.4600","0.0000","99.1100","4.0000","-0.0900","0","99.1100","4.0000","-0.0900","0.0000","99.1100","4.0000","-0.0900","0","99.1100","4.0000","-0.0900","6","0","0"
"AAD2023.06.02752","72","11848","114","Florida International University","Mathematics and Statistical Sciences, Department of","Mathematics","33","67.0000","256","64.0000","24","96.0000","10.6700","24.0000","1848","83.0000","25","88.0000","1.0000","1.0000","4","168.0000","12","136.0000","2437047.0000","133.0000","20","106.0000","14","83.0000","10","70.0000","6","73.0000","17","23","7","18","17","0.1800","0.3100","115.0000","66.2700","0.3000","0.1900","111.0000","67.4600","0.7300","-0.2200","232.0000","31.6600","7.7600","0.8400","58.0000","83.1400","0.7600","0.1100","204.0000","39.9400","56.0000","-0.0100","107.0000","68.6400","7.2200","-0.1400","160.0000","52.9600","0.1200","-0.7100","231.0000","31.9500","0.3600","-0.3700","170.0000","50.0000","73849.9100","-0.3500","167.0000","50.8900","203087.2500","-0.0100","127.0000","62.7200","0.6100","-0.1600","133.0000","60.9500","0.4200","0.4200","105.0000","69.2300","-0.1000","132.0000","61.2400","0.3100","0.4300","0.3600","-0.4600","0.2600","1.2100","0.6014","-0.1500","0.4100","0.0300","-0.2800","-0.2700","0.7500","0.5700","75.7400","78.7000","74.2600","50.5900","71.8900","93.2000","100.0000","68.9300","79.5900","75.7400","60.9500","60.0600","81.3600","80.4700","338","4/1/2025 16:37","7","5","1.4000","0.2100","0.1500","106.0000","181.0000","143.0000","181.0000","170.0000","0.1100","-0.2714","-0.1900","-0.3500","-0.1500","68.9300","46.7500","57.9900","46.7500","50.0000","12","3","63.6100","124.0000","-0.1400","0.0900","47.0400","180.0000","-0.2500","2","60.9500","133.0000","-0.2100","0","73.0800","92.0000","-0.1800","0.0000","73.0800","92.0000","-0.2900","0","73.0800","92.0000","-0.3500","0.0600","39.0500","207.0000","-0.3800","0.0000","73.0800","92.0000","-0.4600","0.0000","99.1100","4.0000","-0.0900","0","99.1100","4.0000","-0.0900","0.0000","99.1100","4.0000","-0.0900","0","99.1100","4.0000","-0.0900","6","0","0"
"AAD2023.06.02752","17","13220","114","Ball State University","Mathematical Sciences, Department of","Mathematics","21","164.0000","69","199.0000","18","155.0000","3.8300","252.0000","262","237.0000","13","195.0000","0.7200","305.0000","1","240.0000","2","228.0000","160614.0000","257.0000","4","211.0000","4","170.0000","0","268.0000","0","268.0000","17","23","7","18","17","0.0000","-1.2000","268.0000","21.0100","0.0000","-0.9000","268.0000","21.0100","0.8600","0.4200","149.0000","56.2100","3.2900","-0.5300","224.0000","34.0200","0.6200","-0.4900","253.0000","25.4400","12.4800","-0.4300","254.0000","25.1500","3.8000","-0.2900","284.0000","16.2700","0.0500","-1.0100","279.0000","17.7500","0.1000","-0.8000","262.0000","22.7800","7648.2900","-0.6500","267.0000","21.3000","80307.0000","-0.5400","264.0000","22.1900","0.1900","-0.5200","231.0000","31.9500","0.1900","-0.4800","200.0000","41.1200","-0.6000","225.0000","33.7300","-0.4700","-0.8700","-0.4100","-0.7200","-0.1300","-0.5800","-0.8982","-0.4400","-0.8300","-0.4100","-0.5200","-0.6300","-0.5000","-0.1800","50.0000","21.0100","42.6000","29.2900","54.4400","25.7400","10.0600","37.8700","21.0100","30.1800","24.2600","32.8400","41.4200","51.7800","338","4/1/2025 16:37","6","4","1.5000","0.2900","0.1900","131.0000","163.0000","156.0000","157.0000","131.0000","-0.0900","-0.2056","-0.2300","-0.2200","0.1400","61.5400","52.0700","54.1400","53.8500","61.5400","12","0","28.9900","241.0000","-0.8300","0.0000","28.9900","241.0000","-0.7400","0","28.9900","241.0000","-0.9000","0","73.0800","92.0000","-0.1800","0.0000","73.0800","92.0000","-0.2900","0","73.0800","92.0000","-0.3500","0.0000","28.9900","241.0000","-1.0600","0.0000","73.0800","92.0000","-0.4600","0.0000","99.1100","4.0000","-0.0900","0","99.1100","4.0000","-0.0900","0.0000","99.1100","4.0000","-0.0900","0","99.1100","4.0000","-0.0900","6","0","0"
"AAD2023.06.02752","74","13428","114","Fordham University","Mathematics, Department of","Mathematics","15","219.0000","46","239.0000","11","224.0000","4.1800","234.0000","130","263.0000","12","205.0000","1.0000","1.0000","1","240.0000","1","255.0000","111884.0000","267.0000","5","196.0000","3","195.0000","3","179.0000","3","131.0000","17","23","7","18","17","0.2000","0.4600","91.0000","73.3700","0.2000","-0.1800","162.0000","52.3700","0.7300","-0.1900","225.0000","33.7300","3.0700","-0.6000","232.0000","31.6600","0.8000","0.2900","173.0000","49.1100","8.6700","-0.4600","274.0000","19.2300","2.8300","-0.3400","307.0000","9.4700","0.0700","-0.9300","267.0000","21.3000","0.0700","-0.8500","272.0000","19.8200","7458.9300","-0.6500","268.0000","21.0100","111884.0000","-0.4000","242.0000","28.7000","0.3300","-0.4000","186.0000","45.2700","0.2000","-0.4400","192.0000","43.4900","-0.6000","225.0000","33.7300","-0.5500","-0.2200","-0.4700","-0.7200","-0.5800","-0.4900","0.6014","-0.4300","-0.4600","-0.4400","-0.5300","-0.6700","-0.6500","-0.5600","42.6000","61.5400","39.6500","29.2900","34.0200","31.0700","100.0000","42.3100","47.3400","22.4900","21.3000","24.8500","29.5900","35.5000","338","4/1/2025 16:37","2","1","2.0000","0.1300","0.0700","232.0000","109.0000","225.0000","228.0000","259.0000","-0.7100","0.1234","-0.4000","-0.5000","-0.7800","31.6600","68.0500","33.7300","32.8400","23.6700","12","0","28.9900","241.0000","-0.8300","0.0000","28.9900","241.0000","-0.7400","0","28.9900","241.0000","-0.9000","0","73.0800","92.0000","-0.1800","0.0000","73.0800","92.0000","-0.2900","0","73.0800","92.0000","-0.3500","0.0000","28.9900","241.0000","-1.0600","0.0000","73.0800","92.0000","-0.4600","0.0000","99.1100","4.0000","-0.0900","0","99.1100","4.0000","-0.0900","0.0000","99.1100","4.0000","-0.0900","0","99.1100","4.0000","-0.0900","6","0","0"
"AAD2023.06.02752","12","13955","114","Arizona State University","Mathematical and Statistical Sciences, School of","Mathematics","58","13.0000","354","36.0000","53","14.0000","6.6800","135.0000","5400","20.0000","53","16.0000","0.9600","144.0000","22","42.0000","39","57.0000","11804602.0000","43.0000","45","57.0000","19","51.0000","10","70.0000","7","60.0000","17","23","7","18","17","0.1200","-0.2000","180.0000","47.0400","0.1700","-0.2800","178.0000","47.6300","0.9100","0.7000","96.0000","71.8900","6.1000","0.3300","122.0000","64.2000","0.9100","0.7800","75.0000","78.1100","93.1000","0.3400","44.0000","87.2800","15.2500","0.2300","38.0000","89.0500","0.3800","0.3500","117.0000","65.6800","0.6700","0.1300","108.0000","68.3400","203527.6200","0.2400","83.0000","75.7400","302682.1000","0.4300","55.0000","84.0200","0.7800","-0.0200","110.0000","67.7500","0.3300","0.0500","141.0000","58.5800","0.2000","74.0000","78.4000","0.7000","0.6400","2.1700","1.1300","2.1400","0.1700","0.4014","0.3200","0.4100","1.0100","0.7400","0.7100","1.4000","2.1400","85.2100","82.5400","95.5600","87.8700","96.1500","60.3600","57.6900","83.4300","79.5900","94.3800","87.5700","83.4300","89.6500","96.4500","338","4/1/2025 16:37","24","14","1.7100","0.4100","0.2400","13.0000","145.0000","33.0000","114.0000","92.0000","1.9500","-0.0674","0.5500","0.0100","0.5100","96.4500","57.4000","90.5300","66.5700","73.0800","12","12","93.4900","23.0000","1.9000","0.2100","77.8100","76.0000","0.3700","10","97.3400","10.0000","2.5200","12","97.0400","11.0000","0.9600","0.2100","92.9000","25.0000","0.9100","5","98.8200","5.0000","3.0200","0.1700","83.1400","58.0000","0.8800","0.0900","93.4900","23.0000","1.8900","0.0000","99.1100","4.0000","-0.0900","0","99.1100","4.0000","-0.0900","0.0000","99.1100","4.0000","-0.0900","0","99.1100","4.0000","-0.0900","6","0","0"
"AAD2023.06.02752","318","14277","114","University of North Carolina at Greensboro, The","Mathematics and Statistics, Department of","Mathematics","19","179.0000","123","144.0000","17","163.0000","7.2400","111.0000","684","180.0000","18","149.0000","1.0000","1.0000","8","124.0000","13","127.0000","1646118.0000","156.0000","11","146.0000","5","154.0000","1","229.0000","1","215.0000","17","23","7","18","17","0.0500","-0.7700","252.0000","25.7400","0.0500","-0.7100","254.0000","25.1500","0.8900","0.6100","115.0000","66.2700","6.4700","0.4500","107.0000","68.6400","0.9500","0.9200","41.0000","88.1700","36.0000","-0.2000","165.0000","51.4800","5.5600","-0.2100","224.0000","34.0200","0.4200","0.5200","99.0000","71.0100","0.6800","0.1500","105.0000","69.2300","86637.7900","-0.2900","155.0000","54.4400","126624.4600","-0.3400","224.0000","34.0200","0.5800","-0.1900","140.0000","58.8800","0.2600","-0.2000","163.0000","52.0700","0.0000","113.0000","66.8600","-0.3900","-0.6500","-0.0900","-0.1100","-0.1900","0.3100","0.6014","-0.3100","-0.7000","-0.2900","-0.3600","-0.2300","-0.1400","-0.3100","54.7300","36.6900","56.2100","63.6100","52.0700","67.4600","100.0000","57.1000","32.5400","47.0400","54.1400","62.7200","57.6900","47.3400","338","4/1/2025 16:37","4","5","0.8000","0.2100","0.2600","106.0000","278.0000","179.0000","184.0000","76.0000","0.1100","-0.6661","-0.3100","-0.3600","0.6700","68.9300","18.0500","47.3400","45.8600","77.8100","12","3","63.6100","124.0000","-0.1400","0.1600","68.3400","108.0000","0.1100","1","46.4500","182.0000","-0.5600","0","73.0800","92.0000","-0.1800","0.0000","73.0800","92.0000","-0.2900","0","73.0800","92.0000","-0.3500","0.0500","36.9800","214.0000","-0.4700","0.0000","73.0800","92.0000","-0.4600","0.0000","99.1100","4.0000","-0.0900","0","99.1100","4.0000","-0.0900","0.0000","99.1100","4.0000","-0.0900","0","99.1100","4.0000","-0.0900","6","0","0"
"AAD2023.06.02752","355","14442","114","Wake Forest University","Mathematics, Department of","Mathematics","16","205.0000","58","219.0000","14","190.0000","4.1400","236.0000","1438","109.0000","13","195.0000","0.9300","196.0000","3","185.0000","4","192.0000","567193.0000","219.0000","7","174.0000","4","170.0000","0","268.0000","0","268.0000","17","23","7","18","17","0.0000","-1.2000","268.0000","21.0100","0.0000","-0.9000","268.0000","21.0100","0.8800","0.5100","134.0000","60.6500","3.6300","-0.4300","215.0000","36.6900","0.8100","0.3400","165.0000","51.4800","89.8800","0.3100","49.0000","85.8000","24.7900","0.6700","14.0000","96.1500","0.1900","-0.4300","194.0000","42.9000","0.2500","-0.5500","199.0000","41.4200","35449.5600","-0.5200","217.0000","36.0900","141798.2500","-0.2700","200.0000","41.1200","0.4400","-0.3100","167.0000","50.8900","0.2500","-0.2500","166.0000","51.1800","-0.4000","189.0000","44.3800","-0.4700","-0.8700","-0.4100","-0.5500","-0.3800","-0.5000","0.2158","-0.3900","-0.8300","-0.0800","-0.4800","-0.5600","-0.5700","-0.5000","50.0000","21.0100","42.6000","45.5600","44.0800","30.4700","42.3100","48.8200","21.0100","68.0500","35.5000","43.4900","35.5000","39.6500","338","4/1/2025 16:37","7","2","3.5000","0.4400","0.1300","192.0000","31.0000","143.0000","102.0000","199.0000","-0.5000","1.1102","-0.1900","0.0500","-0.3500","43.4900","91.1200","57.9900","70.1200","41.4200","12","0","28.9900","241.0000","-0.8300","0.0000","28.9900","241.0000","-0.7400","0","28.9900","241.0000","-0.9000","0","73.0800","92.0000","-0.1800","0.0000","73.0800","92.0000","-0.2900","0","73.0800","92.0000","-0.3500","0.0000","28.9900","241.0000","-1.0600","0.0000","73.0800","92.0000","-0.4600","0.0000","99.1100","4.0000","-0.0900","0","99.1100","4.0000","-0.0900","0.0000","99.1100","4.0000","-0.0900","0","99.1100","4.0000","-0.0900","6","0","0"
"AAD2023.06.02752","353","14851","114","Virginia Commonwealth University","Mathematics and Applied Mathematics, Department of","Mathematics","26","118.0000","132","134.0000","22","117.0000","6.0000","158.0000","678","181.0000","23","103.0000","1.0000","1.0000","8","124.0000","13","127.0000","2715200.0000","125.0000","19","108.0000","13","92.0000","9","79.0000","7","60.0000","17","23","7","18","17","0.2700","1.0300","52.0000","84.9100","0.3500","0.3400","92.0000","73.0800","0.8500","0.3700","161.0000","52.6600","5.0800","0.0200","162.0000","52.3700","0.8800","0.6500","103.0000","69.8200","26.0800","-0.3000","198.0000","41.7200","5.1400","-0.2300","246.0000","27.5100","0.3100","0.0600","145.0000","57.4000","0.5000","-0.1400","143.0000","57.9900","104430.7700","-0.2100","144.0000","57.6900","208861.5400","0.0200","121.0000","64.5000","0.7300","-0.0600","113.0000","66.8600","0.5000","0.7100","85.0000","75.1500","-0.1000","132.0000","61.2400","0.2400","0.6400","0.2400","-0.1100","0.1300","-0.0100","0.6014","-0.1700","0.2900","-0.2900","-0.2500","-0.2300","-0.0800","0.1300","73.0800","82.5400","69.8200","63.6100","65.6800","53.5500","100.0000","68.3400","76.9200","46.7500","63.3100","62.7200","60.6500","65.3800","338","4/1/2025 16:37","3","2","1.5000","0.1200","0.0800","192.0000","163.0000","199.0000","242.0000","250.0000","-0.5000","-0.2056","-0.3600","-0.5300","-0.7100","43.4900","52.0700","41.4200","28.7000","26.3300","12","1","43.2000","193.0000","-0.6000","0.0400","32.5400","229.0000","-0.5300","1","46.4500","182.0000","-0.5600","0","73.0800","92.0000","-0.1800","0.0000","73.0800","92.0000","-0.2900","0","73.0800","92.0000","-0.3500","0.0400","32.8400","228.0000","-0.6300","0.0000","73.0800","92.0000","-0.4600","0.0000","99.1100","4.0000","-0.0900","0","99.1100","4.0000","-0.0900","0.0000","99.1100","4.0000","-0.0900","0","99.1100","4.0000","-0.0900","6","0","0"
"AAD2023.06.02752","537408","14909","114","Rutgers - Camden","Mathematical Sciences, Department of","Mathematics","9","277.0000","65","209.0000","7","258.0000","9.2900","41.0000","826","156.0000","7","248.0000","0.8800","243.0000","3","185.0000","6","172.0000","827864.0000","199.0000","6","179.0000","5","154.0000","6","121.0000","3","131.0000","17","23","7","18","17","0.3300","1.5600","21.0000","94.0800","0.6700","1.4900","19.0000","94.6700","0.7800","0.0300","204.0000","39.9400","7.2200","0.6800","81.0000","76.3300","0.7800","0.1900","191.0000","43.7900","91.7800","0.3300","48.0000","86.0900","12.7100","0.1200","61.0000","82.2500","0.3300","0.1600","129.0000","62.1300","0.6700","0.1300","109.0000","68.0500","91984.8900","-0.2700","151.0000","55.6200","137977.3300","-0.2900","204.0000","39.9400","0.6700","-0.1100","123.0000","63.9100","0.5600","0.9200","67.0000","80.4700","-0.2000","155.0000","54.4400","-0.3900","-0.2200","-0.8000","-0.5500","-0.8400","0.8500","-0.0734","-0.4100","-0.0800","-0.2500","-0.4500","-0.4900","-0.5300","-0.9400","54.7300","61.5400","26.9200","45.5600","23.9600","88.1700","28.4000","47.3400","64.5000","54.1400","41.4200","49.4100","38.4600","18.3400","338","4/1/2025 16:37","9","1","9.0000","1.0000","0.1100","232.0000","1.0000","129.0000","28.0000","211.0000","-0.7100","4.7288","-0.1000","1.0600","-0.4500","31.6600","100.0000","62.1300","92.0100","37.8700","12","4","70.1200","102.0000","0.0800","0.4400","96.1500","14.0000","1.6500","1","46.4500","182.0000","-0.5600","0","73.0800","92.0000","-0.1800","0.0000","73.0800","92.0000","-0.2900","0","73.0800","92.0000","-0.3500","0.1100","63.0200","126.0000","0.1900","0.0000","73.0800","92.0000","-0.4600","0.0000","99.1100","4.0000","-0.0900","0","99.1100","4.0000","-0.0900","0.0000","99.1100","4.0000","-0.0900","0","99.1100","4.0000","-0.0900","6","0","0"
"AAD2023.06.02752","407","16345","114","East Carolina University","Mathematics, Department of","Mathematics","15","219.0000","29","261.0000","12","215.0000","2.4200","297.0000","101","273.0000","8","242.0000","0.6700","310.0000","2","204.0000","2","228.0000","261996.0000","248.0000","2","237.0000","2","225.0000","2","207.0000","1","215.0000","17","23","7","18","17","0.0700","-0.6500","239.0000","29.5900","0.1300","-0.4200","207.0000","39.0500","0.8000","0.1400","188.0000","44.6700","1.9300","-0.9400","276.0000","18.6400","0.5300","-0.8600","272.0000","19.8200","6.7300","-0.4800","285.0000","15.9800","3.4800","-0.3100","296.0000","12.7200","0.1300","-0.6600","222.0000","34.6200","0.1300","-0.7400","241.0000","28.9900","17466.4000","-0.6000","247.0000","27.2200","130998.0000","-0.3200","219.0000","35.5000","0.1300","-0.5700","250.0000","26.3300","0.1300","-0.7000","233.0000","31.3600","-0.9000","275.0000","18.9300","-0.6200","-0.6500","-0.7300","-0.6400","-0.5100","-0.9500","-1.1981","-0.4800","-0.5800","-0.4500","-0.5100","-0.6300","-0.7700","-0.5600","33.7300","36.6900","28.7000","39.9400","36.6900","12.4300","8.5800","30.1800","39.0500","19.5300","26.9200","32.8400","23.0800","35.5000","338","4/1/2025 16:37","0","0","0.0000","0.0000","0.0000","287.0000","287.0000","287.0000","287.0000","287.0000","-0.9100","-1.1925","-0.4900","-0.7400","-1.2800","15.3800","15.3800","15.3800","15.3800","15.3800","12","0","28.9900","241.0000","-0.8300","0.0000","28.9900","241.0000","-0.7400","0","28.9900","241.0000","-0.9000","0","73.0800","92.0000","-0.1800","0.0000","73.0800","92.0000","-0.2900","0","73.0800","92.0000","-0.3500","0.0000","28.9900","241.0000","-1.0600","0.0000","73.0800","92.0000","-0.4600","0.0000","99.1100","4.0000","-0.0900","0","99.1100","4.0000","-0.0900","0.0000","99.1100","4.0000","-0.0900","0","99.1100","4.0000","-0.0900","6","0","0"
"AAD2023.06.02752","269","17041","114","University of Dayton","Mathematics, Department of","Mathematics","24","138.0000","76","190.0000","16","170.0000","4.7500","211.0000","451","209.0000","18","149.0000","1.0000","1.0000","1","240.0000","1","255.0000","90504.0000","274.0000","6","179.0000","4","170.0000","6","121.0000","3","131.0000","17","23","7","18","17","0.1300","-0.1700","174.0000","48.8200","0.2500","0.0000","130.0000","61.8300","0.6700","-0.5200","252.0000","25.7400","3.1700","-0.5700","230.0000","32.2500","0.7500","0.0700","205.0000","39.6500","18.7900","-0.3700","231.0000","31.9500","5.9300","-0.2000","208.0000","38.7600","0.0400","-1.0300","280.0000","17.4600","0.0400","-0.8900","282.0000","16.8600","3771.0000","-0.6600","280.0000","17.4600","90504.0000","-0.4900","259.0000","23.6700","0.2500","-0.4700","207.0000","39.0500","0.1700","-0.5700","207.0000","39.0500","-0.6000","225.0000","33.7300","-0.4700","-0.2200","-0.0900","-0.7200","-0.2600","-0.3400","0.6014","-0.4100","-0.0800","-0.3500","-0.5300","-0.6700","-0.4500","0.0100","50.0000","61.5400","56.2100","29.2900","50.0000","37.8700","100.0000","47.3400","64.5000","38.4600","19.2300","24.8500","44.0800","59.4700","338","4/1/2025 16:37","5","4","1.2500","0.2100","0.1700","131.0000","194.0000","170.0000","187.0000","153.0000","-0.0900","-0.3701","-0.2700","-0.3600","-0.0400","61.5400","42.9000","50.0000","44.9700","55.0300","12","3","63.6100","124.0000","-0.1400","0.1300","56.8000","147.0000","-0.0700","1","46.4500","182.0000","-0.5600","0","73.0800","92.0000","-0.1800","0.0000","73.0800","92.0000","-0.2900","0","73.0800","92.0000","-0.3500","0.0400","33.1400","227.0000","-0.5900","0.0000","73.0800","92.0000","-0.4600","0.0000","99.1100","4.0000","-0.0900","0","99.1100","4.0000","-0.0900","0.0000","99.1100","4.0000","-0.0900","0","99.1100","4.0000","-0.0900","6","0","0"
"AAD2023.06.02752","312","17073","114","University of Nevada, Reno","Mathematics and Statistics, Department of","Mathematics","23","145.0000","110","159.0000","22","117.0000","5.0000","199.0000","803","160.0000","22","112.0000","1.0000","1.0000","5","157.0000","7","163.0000","1075439.0000","185.0000","18","115.0000","11","104.0000","9","79.0000","6","73.0000","17","23","7","18","17","0.2600","0.9600","55.0000","84.0200","0.3900","0.5100","73.0000","78.7000","0.9600","0.9100","50.0000","85.5000","4.7800","-0.0700","179.0000","47.3400","0.9600","0.9600","32.0000","90.8300","34.9100","-0.2100","169.0000","50.3000","7.3000","-0.1300","159.0000","53.2500","0.2200","-0.3100","177.0000","47.9300","0.3000","-0.4600","184.0000","45.8600","46758.2200","-0.4700","201.0000","40.8300","153634.1400","-0.2200","186.0000","45.2700","0.7800","-0.0200","108.0000","68.3400","0.4800","0.6200","94.0000","72.4900","0.0000","113.0000","66.8600","0.0800","0.4300","0.1700","-0.3700","0.1300","-0.2800","0.6014","-0.1800","0.2900","-0.2600","-0.4200","-0.4500","-0.2300","-0.0600","69.5300","78.7000","67.1600","53.8500","65.6800","41.4200","100.0000","66.2700","76.9200","52.9600","45.5600","52.0700","53.2500","57.4000","338","4/1/2025 16:37","9","3","3.0000","0.3900","0.1300","165.0000","47.0000","129.0000","124.0000","194.0000","-0.3000","0.7813","-0.1000","-0.0300","-0.3100","51.4800","86.3900","62.1300","63.6100","42.9000","12","4","70.1200","102.0000","0.0800","0.1700","72.4900","94.0000","0.1900","4","78.1100","75.0000","0.4700","0","73.0800","92.0000","-0.1800","0.0000","73.0800","92.0000","-0.2900","0","73.0800","92.0000","-0.3500","0.1700","84.3200","54.0000","0.9000","0.0000","73.0800","92.0000","-0.4600","0.0000","99.1100","4.0000","-0.0900","0","99.1100","4.0000","-0.0900","0.0000","99.1100","4.0000","-0.0900","0","99.1100","4.0000","-0.0900","6","0","0"
"AAD2023.06.02752","131","18610","114","Miami University","Mathematics, Department of","Mathematics","29","96.0000","94","173.0000","20","138.0000","4.7000","215.0000","290","233.0000","21","122.0000","0.9500","159.0000","7","140.0000","8","158.0000","679773.0000","210.0000","6","179.0000","6","146.0000","3","179.0000","3","131.0000","17","23","7","18","17","0.1000","-0.3400","201.0000","40.8300","0.1000","-0.5300","221.0000","34.9100","0.6900","-0.4000","248.0000","26.9200","3.2400","-0.5400","225.0000","33.7300","0.7200","-0.0400","216.0000","36.3900","10.0000","-0.4500","267.0000","21.3000","3.0900","-0.3300","301.0000","11.2400","0.2400","-0.2100","167.0000","50.8900","0.2800","-0.5100","194.0000","42.9000","23440.4500","-0.5700","235.0000","30.7700","84971.6300","-0.5200","262.0000","22.7800","0.2100","-0.5000","222.0000","34.6200","0.2100","-0.4100","191.0000","43.7900","-0.7000","243.0000","28.4000","-0.3100","-0.2200","0.1100","-0.2000","0.0000","-0.3600","0.3560","-0.4100","-0.4600","-0.4000","-0.4700","-0.4100","-0.3300","0.3200","57.1000","61.5400","64.2000","58.8800","59.4700","36.6900","53.2500","47.3400","47.3400","31.3600","38.1700","53.5500","49.1100","71.8900","338","4/1/2025 16:37","5","4","1.2500","0.1700","0.1400","131.0000","194.0000","170.0000","202.0000","184.0000","-0.0900","-0.3701","-0.2700","-0.4300","-0.2500","61.5400","42.9000","50.0000","40.5300","45.8600","12","1","43.2000","193.0000","-0.6000","0.0300","31.0700","234.0000","-0.5500","1","46.4500","182.0000","-0.5600","0","73.0800","92.0000","-0.1800","0.0000","73.0800","92.0000","-0.2900","0","73.0800","92.0000","-0.3500","0.0300","31.0700","234.0000","-0.6700","0.0000","73.0800","92.0000","-0.4600","0.0000","99.1100","4.0000","-0.0900","0","99.1100","4.0000","-0.0900","0.0000","99.1100","4.0000","-0.0900","0","99.1100","4.0000","-0.0900","6","0","0"
"AAD2023.06.02752","232","18636","114","University of Texas at San Antonio, The","Mathematics, Department of","Mathematics","23","145.0000","166","102.0000","18","155.0000","9.2200","43.0000","1242","123.0000","18","149.0000","0.9500","167.0000","7","140.0000","7","163.0000","956230.0000","192.0000","12","141.0000","4","170.0000","9","79.0000","4","107.0000","17","23","7","18","17","0.1700","0.2400","127.0000","62.7200","0.3900","0.5100","73.0000","78.7000","0.7800","0.0500","201.0000","40.8300","7.2200","0.6700","83.0000","75.7400","0.7800","0.2100","186.0000","45.2700","54.0000","-0.0300","113.0000","66.8600","7.4800","-0.1200","152.0000","55.3300","0.3000","0.0400","148.0000","56.5100","0.3000","-0.4600","184.0000","45.8600","41575.2200","-0.4900","211.0000","37.8700","136604.2900","-0.2900","206.0000","39.3500","0.5200","-0.2400","151.0000","55.6200","0.1700","-0.5400","206.0000","39.3500","-0.2000","155.0000","54.4400","-0.4700","-0.0100","-0.0900","-0.2000","-0.1300","0.8300","0.3172","-0.3000","0.2900","-0.1400","-0.4400","-0.4500","0.1500","-0.0600","50.0000","68.6400","56.2100","58.8800","54.4400","87.5700","50.8900","58.5800","76.9200","63.9100","43.4900","52.0700","70.1200","57.4000","338","4/1/2025 16:37","11","6","1.8300","0.4800","0.2600","80.0000","135.0000","101.0000","92.0000","77.0000","0.3200","0.0115","-0.0100","0.1200","0.6600","76.6300","60.3600","70.4100","73.0800","77.5100","12","6","81.6600","63.0000","0.5400","0.2600","86.9800","45.0000","0.6600","4","78.1100","75.0000","0.4700","0","73.0800","92.0000","-0.1800","0.0000","73.0800","92.0000","-0.2900","0","73.0800","92.0000","-0.3500","0.1700","84.3200","54.0000","0.9000","0.0000","73.0800","92.0000","-0.4600","0.0000","99.1100","4.0000","-0.0900","0","99.1100","4.0000","-0.0900","0.0000","99.1100","4.0000","-0.0900","0","99.1100","4.0000","-0.0900","6","0","0"
"AAD2023.06.02752","287","18855","114","University of Maine, The","Mathematics and Statistics, Department of","Mathematics","18","186.0000","58","219.0000","13","202.0000","4.4600","225.0000","463","204.0000","14","182.0000","0.9300","189.0000","4","168.0000","9","154.0000","536809.0000","222.0000","3","222.0000","3","195.0000","2","207.0000","2","171.0000","17","23","7","18","17","0.1100","-0.2800","189.0000","44.3800","0.1100","-0.5000","215.0000","36.6900","0.7200","-0.2400","237.0000","30.1800","3.2200","-0.5500","227.0000","33.1400","0.7800","0.1900","191.0000","43.7900","25.7200","-0.3000","199.0000","41.4200","7.9800","-0.1000","141.0000","58.5800","0.2200","-0.2900","172.0000","49.4100","0.5000","-0.1400","143.0000","57.9900","29822.7200","-0.5500","225.0000","33.7300","59645.4400","-0.6300","273.0000","19.5300","0.1700","-0.5400","236.0000","30.4700","0.1700","-0.5700","207.0000","39.0500","-0.6000","225.0000","33.7300","-0.5500","-0.4400","-0.3400","-0.4600","-0.4500","-0.4200","0.2415","-0.4600","-0.5800","-0.3500","-0.4800","-0.3800","-0.5700","-0.3700","42.6000","49.7000","46.4500","50.5900","40.5300","33.7300","44.3800","34.6200","39.0500","39.9400","34.6200","54.7300","35.5000","45.2700","338","4/1/2025 16:37","1","1","1.0000","0.0600","0.0600","232.0000","206.0000","247.0000","274.0000","267.0000","-0.7100","-0.5345","-0.4400","-0.6400","-0.8600","31.6600","39.3500","27.2200","19.2300","21.3000","12","0","28.9900","241.0000","-0.8300","0.0000","28.9900","241.0000","-0.7400","0","28.9900","241.0000","-0.9000","0","73.0800","92.0000","-0.1800","0.0000","73.0800","92.0000","-0.2900","0","73.0800","92.0000","-0.3500","0.0000","28.9900","241.0000","-1.0600","0.0000","73.0800","92.0000","-0.4600","0.0000","99.1100","4.0000","-0.0900","0","99.1100","4.0000","-0.0900","0.0000","99.1100","4.0000","-0.0900","0","99.1100","4.0000","-0.0900","6","0","0"
"AAD2023.06.02752","97","18887","114","Indiana University - Indianapolis","Mathematical Sciences, Department of","Mathematics","24","138.0000","121","147.0000","22","117.0000","5.5000","184.0000","903","150.0000","21","122.0000","0.9100","218.0000","8","124.0000","16","113.0000","2791461.0000","122.0000","21","104.0000","9","121.0000","2","207.0000","2","171.0000","17","23","7","18","17","0.0800","-0.5100","219.0000","35.5000","0.0800","-0.6000","232.0000","31.6600","0.9200","0.7200","93.0000","72.7800","5.0400","0.0100","165.0000","51.4800","0.8800","0.6100","115.0000","66.2700","37.6300","-0.1900","160.0000","52.9600","7.4600","-0.1200","153.0000","55.0300","0.3300","0.1600","129.0000","62.1300","0.6700","0.1300","109.0000","68.0500","116310.8800","-0.1600","133.0000","60.9500","174466.3100","-0.1300","166.0000","51.1800","0.8800","0.0600","99.0000","71.0100","0.3800","0.2300","123.0000","63.9100","0.0000","113.0000","66.8600","-0.0800","-0.4400","0.1100","-0.1100","0.1300","-0.1400","0.1320","-0.1300","-0.5800","-0.2300","-0.2400","-0.1200","-0.1500","0.0100","64.5000","49.7000","64.2000","63.6100","65.6800","45.8600","35.8000","69.5300","39.0500","55.9200","64.2000","66.8600","56.8000","59.4700","338","4/1/2025 16:37","3","1","3.0000","0.1300","0.0400","232.0000","47.0000","199.0000","233.0000","278.0000","-0.7100","0.7813","-0.3600","-0.5100","-0.9700","31.6600","86.3900","41.4200","31.3600","18.0500","12","2","52.6600","161.0000","-0.3700","0.0800","44.0800","190.0000","-0.2900","2","60.9500","133.0000","-0.2100","0","73.0800","92.0000","-0.1800","0.0000","73.0800","92.0000","-0.2900","0","73.0800","92.0000","-0.3500","0.0800","49.7000","171.0000","-0.1200","0.0000","73.0800","92.0000","-0.4600","0.0000","99.1100","4.0000","-0.0900","0","99.1100","4.0000","-0.0900","0.0000","99.1100","4.0000","-0.0900","0","99.1100","4.0000","-0.0900","6","0","0"
"AAD2023.06.02752","319","19083","114","University of North Dakota, The","Mathematics, Department of","Mathematics","15","219.0000","58","219.0000","10","231.0000","5.8000","169.0000","738","166.0000","9","235.0000","0.9000","225.0000","0","285.0000","0","285.0000","0.0000","285.0000","0","289.0000","0","289.0000","0","268.0000","0","268.0000","17","23","7","18","17","0.0000","-1.2000","268.0000","21.0100","0.0000","-0.9000","268.0000","21.0100","0.6700","-0.5200","252.0000","25.7400","3.8700","-0.3500","202.0000","40.5300","0.6000","-0.5700","255.0000","24.8500","49.2000","-0.0800","127.0000","62.7200","12.7200","0.1200","60.0000","82.5400","0.0000","-1.2000","285.0000","15.9800","0.0000","-0.9600","285.0000","15.9800","0.0000","-0.6800","285.0000","15.9800","0.0000","-0.8800","285.0000","15.9800","0.0000","-0.6800","289.0000","14.7900","0.0000","-1.2100","289.0000","14.7900","-1.0000","293.0000","13.6100","-0.7800","-0.8700","-0.6700","-0.8100","-0.6400","-0.0700","0.0615","-0.5200","-0.8300","-0.2800","-0.5400","-0.7000","-0.5700","-0.5600","14.7900","21.0100","30.7700","15.9800","31.9500","50.3000","33.7300","14.7900","21.0100","51.1800","15.9800","15.9800","35.5000","35.5000","338","4/1/2025 16:37","4","4","1.0000","0.2700","0.2700","131.0000","206.0000","179.0000","164.0000","72.0000","-0.0900","-0.5345","-0.3100","-0.2600","0.7000","61.5400","39.3500","47.3400","51.7800","78.9900","12","2","52.6600","161.0000","-0.3700","0.1300","58.2800","142.0000","-0.0200","2","60.9500","133.0000","-0.2100","0","73.0800","92.0000","-0.1800","0.0000","73.0800","92.0000","-0.2900","0","73.0800","92.0000","-0.3500","0.1300","68.3400","108.0000","0.4400","0.0000","73.0800","92.0000","-0.4600","0.0000","99.1100","4.0000","-0.0900","0","99.1100","4.0000","-0.0900","0.0000","99.1100","4.0000","-0.0900","0","99.1100","4.0000","-0.0900","6","0","0"
"AAD2023.06.02752","23","19235","114","Boston College","Mathematics, Department of","Mathematics","24","138.0000","91","175.0000","23","107.0000","3.9600","247.0000","514","195.0000","21","122.0000","0.9100","218.0000","19","51.0000","39","57.0000","6444380.0000","76.0000","48","52.0000","15","75.0000","3","179.0000","3","131.0000","17","23","7","18","17","0.1300","-0.1700","174.0000","48.8200","0.1300","-0.4500","212.0000","37.5700","0.9600","0.9200","46.0000","86.6900","3.7900","-0.3700","207.0000","39.0500","0.8800","0.6100","115.0000","66.2700","21.4200","-0.3400","219.0000","35.5000","5.6500","-0.2100","219.0000","35.5000","0.7900","2.0300","10.0000","97.3400","1.6300","1.6800","31.0000","91.1200","268515.8300","0.5300","57.0000","83.4300","165240.5100","-0.1700","177.0000","47.9300","2.0000","1.0200","30.0000","91.4200","0.6300","1.1800","52.0000","84.9100","0.1000","99.0000","71.0100","0.3900","-0.2200","0.1100","0.8600","0.2000","-0.5500","0.1320","0.3700","-0.4600","-0.3400","0.1600","0.7100","-0.3500","0.0100","78.1100","61.5400","64.2000","85.2100","68.6400","27.2200","35.8000","84.9100","47.3400","42.6000","77.8100","83.4300","48.5200","59.4700","338","4/1/2025 16:37","2","2","1.0000","0.0800","0.0800","192.0000","206.0000","225.0000","252.0000","243.0000","-0.5000","-0.5345","-0.4000","-0.5900","-0.6600","43.4900","39.3500","33.7300","25.7400","28.4000","12","0","28.9900","241.0000","-0.8300","0.0000","28.9900","241.0000","-0.7400","0","28.9900","241.0000","-0.9000","0","73.0800","92.0000","-0.1800","0.0000","73.0800","92.0000","-0.2900","0","73.0800","92.0000","-0.3500","0.0000","28.9900","241.0000","-1.0600","0.0000","73.0800","92.0000","-0.4600","0.0000","99.1100","4.0000","-0.0900","0","99.1100","4.0000","-0.0900","0.0000","99.1100","4.0000","-0.0900","0","99.1100","4.0000","-0.0900","6","0","0"
"AAD2023.06.02752","46","19346","114","College of William & Mary, The","Mathematics, Department of","Mathematics","19","179.0000","178","95.0000","17","163.0000","10.4700","27.0000","1555","101.0000","17","163.0000","1.0000","1.0000","4","168.0000","6","172.0000","872255.0000","196.0000","18","115.0000","10","111.0000","6","121.0000","3","131.0000","17","23","7","18","17","0.1600","0.1100","139.0000","59.1700","0.3200","0.2400","108.0000","68.3400","0.8900","0.6100","115.0000","66.2700","9.3700","1.3300","24.0000","93.2000","0.8900","0.7000","94.0000","72.4900","81.8400","0.2300","58.0000","83.1400","8.7400","-0.0700","122.0000","64.2000","0.2100","-0.3400","183.0000","46.1500","0.3200","-0.4400","181.0000","46.7500","45908.1600","-0.4700","203.0000","40.2400","145375.8300","-0.2600","194.0000","42.9000","0.9500","0.1200","88.0000","74.2600","0.5300","0.8100","79.0000","76.9200","0.2000","74.0000","78.4000","0.0000","-0.2200","-0.1500","-0.4600","-0.1900","1.1600","0.6014","-0.1800","-0.0800","-0.0500","-0.4500","-0.4900","0.2300","-0.3100","67.4600","61.5400","52.0700","50.5900","52.0700","92.3100","100.0000","66.2700","64.5000","70.4100","42.3100","49.4100","72.1900","47.3400","338","4/1/2025 16:37","6","4","1.5000","0.3200","0.2100","131.0000","163.0000","156.0000","148.0000","115.0000","-0.0900","-0.2056","-0.2300","-0.1700","0.2800","61.5400","52.0700","54.1400","56.5100","66.2700","12","6","81.6600","63.0000","0.5400","0.3200","92.0100","28.0000","0.9600","3","72.1900","95.0000","0.1300","0","73.0800","92.0000","-0.1800","0.0000","73.0800","92.0000","-0.2900","0","73.0800","92.0000","-0.3500","0.1600","77.5100","77.0000","0.7200","0.0000","73.0800","92.0000","-0.4600","0.0000","99.1100","4.0000","-0.0900","0","99.1100","4.0000","-0.0900","0.0000","99.1100","4.0000","-0.0900","0","99.1100","4.0000","-0.0900","6","0","0"
"AAD2023.06.02752","81","30070","114","Georgetown University","Mathematics and Statistics, Department of","Mathematics","15","219.0000","114","153.0000","14","190.0000","8.1400","73.0000","1525","103.0000","13","195.0000","0.8700","255.0000","2","204.0000","2","228.0000","257567.0000","250.0000","8","165.0000","4","170.0000","3","179.0000","3","131.0000","17","23","7","18","17","0.2000","0.4600","91.0000","73.3700","0.2000","-0.1800","162.0000","52.3700","0.9300","0.8000","73.0000","78.7000","7.6000","0.7900","65.0000","81.0700","0.8700","0.5800","122.0000","64.2000","101.6700","0.4200","37.0000","89.3500","13.3800","0.1500","53.0000","84.6200","0.1300","-0.6600","222.0000","34.6200","0.1300","-0.7400","241.0000","28.9900","17171.1300","-0.6000","248.0000","26.9200","128783.5000","-0.3300","221.0000","34.9100","0.5300","-0.2300","147.0000","56.8000","0.2700","-0.1900","160.0000","52.9600","0.1000","99.0000","71.0100","-0.4700","-0.2200","-0.4100","-0.6400","-0.3800","0.5500","-0.1184","-0.3700","-0.4600","-0.0600","-0.5100","-0.6300","-0.2000","-0.5600","50.0000","61.5400","42.6000","39.9400","44.0800","78.7000","24.8500","51.4800","47.3400","69.8200","26.3300","32.8400","55.0300","35.5000","338","4/1/2025 16:37","7","4","1.7500","0.4700","0.2700","131.0000","143.0000","143.0000","94.0000","72.0000","-0.0900","-0.0411","-0.1900","0.1000","0.7000","61.5400","57.9900","57.9900","72.4900","78.9900","12","3","63.6100","124.0000","-0.1400","0.2000","76.9200","79.0000","0.3400","2","60.9500","133.0000","-0.2100","2","88.1700","41.0000","0.0100","0.1300","90.5300","33.0000","0.4800","1","90.5300","33.0000","0.3200","0.1300","68.3400","108.0000","0.4400","0.0700","91.7200","29.0000","1.3500","0.0000","99.1100","4.0000","-0.0900","0","99.1100","4.0000","-0.0900","0.0000","99.1100","4.0000","-0.0900","0","99.1100","4.0000","-0.0900","6","0","0"
"AAD2023.06.02752","285","30173","114","University of Louisiana at Monroe, The","Mathematics, Department of","Mathematics","5","320.0000","3","326.0000","4","290.0000","0.7500","333.0000","0","331.0000","0","331.0000","0.0000","331.0000","1","240.0000","2","228.0000","629755.0000","213.0000","0","289.0000","0","289.0000","0","268.0000","0","268.0000","17","23","7","18","17","0.0000","-1.2000","268.0000","21.0100","0.0000","-0.9000","268.0000","21.0100","0.8000","0.1400","188.0000","44.6700","0.6000","-1.3500","319.0000","5.9200","0.0000","-3.1600","331.0000","2.3700","0.0000","-0.5500","331.0000","2.3700","0.0000","-0.4700","331.0000","2.3700","0.2000","-0.3800","186.0000","45.2700","0.4000","-0.3100","164.0000","51.7800","125951.0000","-0.1100","124.0000","63.6100","314877.5000","0.4800","49.0000","85.8000","0.0000","-0.6800","289.0000","14.7900","0.0000","-1.2100","289.0000","14.7900","-1.2000","322.0000","5.0300","-0.7800","-0.8700","-1.2500","-0.7200","-1.0300","-1.3900","-4.7969","-0.5200","-0.8300","-0.4800","-0.4700","-0.6300","-0.9400","-1.1900","14.7900","21.0100","2.3700","29.2900","14.5000","1.7800","2.3700","14.7900","21.0100","2.3700","37.2800","32.8400","3.8500","5.6200","338","4/1/2025 16:37","0","0","0.0000","0.0000","0.0000","287.0000","287.0000","287.0000","287.0000","287.0000","-0.9100","-1.1925","-0.4900","-0.7400","-1.2800","15.3800","15.3800","15.3800","15.3800","15.3800","12","0","28.9900","241.0000","-0.8300","0.0000","28.9900","241.0000","-0.7400","0","28.9900","241.0000","-0.9000","0","73.0800","92.0000","-0.1800","0.0000","73.0800","92.0000","-0.2900","0","73.0800","92.0000","-0.3500","0.0000","28.9900","241.0000","-1.0600","0.0000","73.0800","92.0000","-0.4600","0.0000","99.1100","4.0000","-0.0900","0","99.1100","4.0000","-0.0900","0.0000","99.1100","4.0000","-0.0900","0","99.1100","4.0000","-0.0900","6","0","0"
"AAD2023.06.02752","294","30246","114","University of Massachusetts Boston","Mathematics, Department of","Mathematics","16","205.0000","57","223.0000","13","202.0000","4.3800","227.0000","1076","135.0000","11","219.0000","0.8500","268.0000","4","168.0000","4","192.0000","193912.0000","256.0000","4","211.0000","3","195.0000","0","268.0000","0","268.0000","17","23","7","18","17","0.0000","-1.2000","268.0000","21.0100","0.0000","-0.9000","268.0000","21.0100","0.8100","0.2000","186.0000","45.2700","3.5600","-0.4400","218.0000","35.8000","0.6900","-0.2000","231.0000","31.9500","67.2500","0.0900","75.0000","78.1100","18.8800","0.4000","26.0000","92.6000","0.2500","-0.1800","161.0000","52.6600","0.2500","-0.5500","199.0000","41.4200","12119.5000","-0.6300","256.0000","24.5600","48478.0000","-0.6700","278.0000","18.0500","0.2500","-0.4700","207.0000","39.0500","0.1900","-0.4900","201.0000","40.8300","-0.5000","213.0000","37.2800","-0.5500","-0.8700","-0.5400","-0.4600","-0.4500","-0.4400","-0.2291","-0.4400","-0.8300","-0.1800","-0.5200","-0.5600","-0.5800","-0.5000","42.6000","21.0100","35.5000","50.5900","40.5300","33.1400","21.0100","37.8700","21.0100","60.3600","24.5600","43.4900","34.3200","39.6500","338","4/1/2025 16:37","0","0","0.0000","0.0000","0.0000","287.0000","287.0000","287.0000","287.0000","287.0000","-0.9100","-1.1925","-0.4900","-0.7400","-1.2800","15.3800","15.3800","15.3800","15.3800","15.3800","12","1","43.2000","193.0000","-0.6000","0.0600","38.4600","209.0000","-0.4000","1","46.4500","182.0000","-0.5600","1","82.2500","61.0000","-0.0900","0.0600","84.3200","54.0000","0.0700","1","90.5300","33.0000","0.3200","0.0600","40.5300","202.0000","-0.3500","0.0600","90.2400","34.0000","1.2400","0.0000","99.1100","4.0000","-0.0900","0","99.1100","4.0000","-0.0900","0.0000","99.1100","4.0000","-0.0900","0","99.1100","4.0000","-0.0900","6","0","0"
"AAD2023.06.02752","296","31802","114","University of Massachusetts Lowell","Mathematical and Statistics, Department of","Mathematics","21","164.0000","86","178.0000","15","181.0000","5.7300","172.0000","413","217.0000","14","182.0000","0.8800","243.0000","3","185.0000","3","211.0000","429382.0000","235.0000","11","146.0000","5","154.0000","1","229.0000","1","215.0000","17","23","7","18","17","0.0500","-0.8100","254.0000","25.1500","0.0500","-0.7300","257.0000","24.2600","0.7100","-0.2800","239.0000","29.5900","4.1000","-0.2800","192.0000","43.4900","0.6700","-0.2900","235.0000","30.7700","19.6700","-0.3600","226.0000","33.4300","4.8000","-0.2500","256.0000","24.5600","0.1400","-0.6200","215.0000","36.6900","0.1400","-0.7200","235.0000","30.7700","20446.7600","-0.5900","242.0000","28.7000","143127.3300","-0.2600","196.0000","42.3100","0.5200","-0.2300","150.0000","55.9200","0.2400","-0.2900","176.0000","48.2200","-0.4000","189.0000","44.3800","-0.3900","-0.6500","-0.3400","-0.5500","-0.3200","-0.0800","-0.0734","-0.3100","-0.7000","-0.3700","-0.4900","-0.5900","-0.3900","-0.1800","54.7300","36.6900","46.4500","45.5600","46.7500","49.4100","28.4000","57.1000","32.5400","36.0900","30.7700","37.8700","47.6300","51.7800","338","4/1/2025 16:37","6","2","3.0000","0.2900","0.1000","192.0000","47.0000","156.0000","157.0000","231.0000","-0.5000","0.7813","-0.2300","-0.2200","-0.5700","43.4900","86.3900","54.1400","53.8500","31.9500","12","2","52.6600","161.0000","-0.3700","0.1000","47.9300","177.0000","-0.2300","2","60.9500","133.0000","-0.2100","0","73.0800","92.0000","-0.1800","0.0000","73.0800","92.0000","-0.2900","0","73.0800","92.0000","-0.3500","0.1000","54.7300","154.0000","0.0100","0.0000","73.0800","92.0000","-0.4600","0.0000","99.1100","4.0000","-0.0900","0","99.1100","4.0000","-0.0900","0.0000","99.1100","4.0000","-0.0900","0","99.1100","4.0000","-0.0900","6","0","0"
"AAD2023.06.02752","112","31998","114","Louisiana Tech University","Mathematics and Statistics, Department of","Mathematics","5","320.0000","48","237.0000","4","290.0000","12.0000","12.0000","303","232.0000","3","299.0000","0.7500","295.0000","1","240.0000","1","255.0000","47682.0000","281.0000","0","289.0000","0","289.0000","0","268.0000","0","268.0000","17","23","7","18","17","0.0000","-1.2000","268.0000","21.0100","0.0000","-0.9000","268.0000","21.0100","0.8000","0.1400","188.0000","44.6700","9.6000","1.4000","21.0000","94.0800","0.6000","-0.5700","255.0000","24.8500","60.6000","0.0300","93.0000","72.7800","6.3100","-0.1800","199.0000","41.4200","0.2000","-0.3800","186.0000","45.2700","0.2000","-0.6300","217.0000","36.0900","9536.4000","-0.6400","262.0000","22.7800","47682.0000","-0.6800","280.0000","17.4600","0.0000","-0.6800","289.0000","14.7900","0.0000","-1.2100","289.0000","14.7900","-0.3000","176.0000","48.2200","-0.7800","-0.8700","-1.0500","-0.7200","-1.0300","1.5600","-0.7482","-0.5200","-0.8300","-0.4000","-0.5300","-0.6700","-0.6400","-1.1900","14.7900","21.0100","11.8300","29.2900","14.5000","96.7500","13.0200","14.7900","21.0100","31.6600","17.1600","24.8500","30.1800","5.6200","338","4/1/2025 16:37","0","0","0.0000","0.0000","0.0000","287.0000","287.0000","287.0000","287.0000","287.0000","-0.9100","-1.1925","-0.4900","-0.7400","-1.2800","15.3800","15.3800","15.3800","15.3800","15.3800","12","0","28.9900","241.0000","-0.8300","0.0000","28.9900","241.0000","-0.7400","0","28.9900","241.0000","-0.9000","0","73.0800","92.0000","-0.1800","0.0000","73.0800","92.0000","-0.2900","0","73.0800","92.0000","-0.3500","0.0000","28.9900","241.0000","-1.0600","0.0000","73.0800","92.0000","-0.4600","0.0000","99.1100","4.0000","-0.0900","0","99.1100","4.0000","-0.0900","0.0000","99.1100","4.0000","-0.0900","0","99.1100","4.0000","-0.0900","6","0","0"
"AAD2023.06.02752","283","32351","114","University of Kentucky","Mathematics, Department of","Mathematics","32","72.0000","225","74.0000","30","68.0000","7.5000","96.0000","2180","72.0000","29","70.0000","0.9700","138.0000","19","51.0000","39","57.0000","7114635.0000","71.0000","43","60.0000","19","51.0000","3","179.0000","2","171.0000","17","23","7","18","17","0.0600","-0.6800","246.0000","27.5100","0.0900","-0.5600","227.0000","33.1400","0.9400","0.8200","65.0000","81.0700","7.0300","0.6200","91.0000","73.3700","0.9100","0.7500","84.0000","75.4400","68.1300","0.1000","73.0000","78.7000","9.6900","-0.0200","100.0000","70.7100","0.5900","1.2200","53.0000","84.6200","1.2200","1.0200","58.0000","83.1400","222332.3400","0.3200","75.0000","78.1100","182426.5400","-0.0900","153.0000","55.0300","1.3400","0.4600","60.0000","82.5400","0.5900","1.0700","61.0000","82.2500","0.4000","47.0000","86.3900","0.7000","-0.4400","0.6200","0.8600","0.6500","0.3800","0.4214","0.2800","-0.4600","0.1200","0.2300","0.7100","0.5400","0.5100","85.2100","49.7000","79.5900","85.2100","80.1800","71.8900","59.4700","82.5400","47.3400","78.9900","79.2900","83.4300","78.4000","78.9900","338","4/1/2025 16:37","17","8","2.1300","0.5300","0.2500","50.0000","106.0000","57.0000","83.0000","79.0000","0.7200","0.2089","0.2500","0.2200","0.5800","85.5000","68.9300","83.4300","75.7400","76.9200","12","11","92.6000","26.0000","1.6700","0.3400","93.7900","22.0000","1.1100","6","89.6400","36.0000","1.1500","0","73.0800","92.0000","-0.1800","0.0000","73.0800","92.0000","-0.2900","0","73.0800","92.0000","-0.3500","0.1900","87.5700","43.0000","1.0500","0.0000","73.0800","92.0000","-0.4600","0.0000","99.1100","4.0000","-0.0900","0","99.1100","4.0000","-0.0900","0.0000","99.1100","4.0000","-0.0900","0","99.1100","4.0000","-0.0900","6","0","0"
"AAD2023.06.02752","8","32416","114","American University","Mathematics and Statistics, Department of","Mathematics","16","205.0000","60","214.0000","14","190.0000","4.2900","230.0000","929","147.0000","12","205.0000","0.8600","260.0000","7","140.0000","12","136.0000","2710518.0000","126.0000","15","130.0000","4","170.0000","6","121.0000","4","107.0000","17","23","7","18","17","0.2500","0.8700","61.0000","82.2500","0.3800","0.4500","83.0000","75.7400","0.8800","0.5100","134.0000","60.6500","3.7500","-0.3900","210.0000","38.1700","0.7500","0.0700","205.0000","39.6500","58.0600","0.0100","98.0000","71.3000","15.4800","0.2500","37.0000","89.3500","0.4400","0.5900","96.0000","71.8900","0.7500","0.2600","100.0000","70.7100","169407.3800","0.0800","98.0000","71.3000","225876.5000","0.0900","103.0000","69.8200","0.9400","0.1200","89.0000","73.9600","0.2500","-0.2500","166.0000","51.1800","-0.1000","132.0000","61.2400","-0.4700","-0.0100","-0.4700","-0.2000","-0.3800","-0.4600","-0.1698","-0.2400","-0.0800","-0.2200","-0.2500","-0.2700","-0.5600","-0.5000","50.0000","68.6400","39.6500","58.8800","44.0800","32.2500","23.3700","61.8300","64.5000","56.8000","63.0200","60.0600","36.9800","39.6500","338","4/1/2025 16:37","19","5","3.8000","1.1900","0.3100","106.0000","24.0000","51.0000","21.0000","50.0000","0.1100","1.3076","0.3300","1.4000","1.0400","68.9300","93.2000","85.2100","94.0800","85.5000","12","4","70.1200","102.0000","0.0800","0.2500","86.3900","47.0000","0.6000","4","78.1100","75.0000","0.4700","2","88.1700","41.0000","0.0100","0.1300","89.6500","36.0000","0.4300","1","90.5300","33.0000","0.3200","0.2500","97.0400","11.0000","1.7500","0.0600","90.2400","34.0000","1.2400","0.0000","99.1100","4.0000","-0.0900","0","99.1100","4.0000","-0.0900","0.0000","99.1100","4.0000","-0.0900","0","99.1100","4.0000","-0.0900","6","0","0"
"AAD2023.06.02752","517","32847","114","University of California, Merced","Applied Mathematics Program","Mathematics","15","219.0000","110","159.0000","14","190.0000","7.8600","84.0000","778","162.0000","14","182.0000","0.9300","189.0000","9","113.0000","19","102.0000","5497202.0000","80.0000","10","152.0000","4","170.0000","1","229.0000","1","215.0000","17","23","7","18","17","0.0700","-0.6500","239.0000","29.5900","0.0700","-0.6600","246.0000","27.5100","0.9300","0.8000","73.0000","78.7000","7.3300","0.7100","73.0000","78.7000","0.9300","0.8600","50.0000","85.5000","51.8700","-0.0500","117.0000","65.6800","7.0700","-0.1400","164.0000","51.7800","0.6000","1.2500","49.0000","85.8000","1.2700","1.1000","51.0000","85.2100","366480.1300","0.9700","33.0000","90.5300","289326.4200","0.3700","65.0000","81.0700","0.6700","-0.1100","123.0000","63.9100","0.2700","-0.1900","160.0000","52.9600","0.5000","37.0000","89.3500","-0.4700","-0.6500","-0.3400","-0.0200","-0.3800","0.4800","0.2415","-0.3300","-0.7000","-0.2600","0.0500","-0.0100","-0.2300","-0.5600","50.0000","36.6900","46.4500","66.8600","44.0800","75.4400","44.3800","55.3300","32.5400","52.3700","76.6300","70.1200","53.2500","35.5000","338","4/1/2025 16:37","35","10","3.5000","2.3300","0.6700","32.0000","31.0000","16.0000","6.0000","2.0000","1.1300","1.1102","1.0300","3.4600","3.6600","90.8300","91.1200","95.5600","98.5200","99.7000","12","1","43.2000","193.0000","-0.6000","0.0700","40.8300","201.0000","-0.3800","1","46.4500","182.0000","-0.5600","1","82.2500","61.0000","-0.0900","0.0700","84.9100","52.0000","0.0900","1","90.5300","33.0000","0.3200","0.0700","43.2000","193.0000","-0.3100","0.0700","91.7200","29.0000","1.3500","0.0000","99.1100","4.0000","-0.0900","0","99.1100","4.0000","-0.0900","0.0000","99.1100","4.0000","-0.0900","0","99.1100","4.0000","-0.0900","6","0","0"
"AAD2023.06.02752","69","32904","114","Florida A&M University","Mathematics, Department of","Mathematics","15","219.0000","44","243.0000","11","224.0000","4.0000","241.0000","658","182.0000","9","235.0000","0.8200","279.0000","2","204.0000","4","192.0000","3077993.0000","115.0000","2","237.0000","1","249.0000","1","229.0000","1","215.0000","17","23","7","18","17","0.0700","-0.6500","239.0000","29.5900","0.0700","-0.6600","246.0000","27.5100","0.7300","-0.1900","225.0000","33.7300","2.9300","-0.6400","240.0000","29.2900","0.6000","-0.5700","255.0000","24.8500","43.8700","-0.1300","144.0000","57.6900","14.9500","0.2200","40.0000","88.4600","0.1300","-0.6600","222.0000","34.6200","0.2700","-0.5200","196.0000","42.3100","205199.5300","0.2500","82.0000","76.0400","769498.2500","2.4500","8.0000","97.9300","0.1300","-0.5700","250.0000","26.3300","0.0700","-0.9500","279.0000","17.7500","-0.6000","225.0000","33.7300","-0.7000","-0.6500","-0.6700","-0.6400","-0.5800","-0.5400","-0.3801","-0.4800","-0.7000","-0.3000","-0.2100","-0.5600","-0.6700","-0.5600","26.6300","36.6900","30.7700","39.9400","34.0200","28.9900","17.7500","30.1800","32.5400","46.4500","66.2700","43.4900","28.4000","35.5000","338","4/1/2025 16:37","15","2","7.5000","1.0000","0.1300","192.0000","5.0000","72.0000","28.0000","189.0000","-0.5000","3.7419","0.1600","1.0600","-0.2900","43.4900","98.8200","78.9900","92.0100","44.3800","12","0","28.9900","241.0000","-0.8300","0.0000","28.9900","241.0000","-0.7400","0","28.9900","241.0000","-0.9000","0","73.0800","92.0000","-0.1800","0.0000","73.0800","92.0000","-0.2900","0","73.0800","92.0000","-0.3500","0.0000","28.9900","241.0000","-1.0600","0.0000","73.0800","92.0000","-0.4600","0.0000","99.1100","4.0000","-0.0900","0","99.1100","4.0000","-0.0900","0.0000","99.1100","4.0000","-0.0900","0","99.1100","4.0000","-0.0900","6","0","0"
"AAD2023.06.02752","181","32935","114","San Diego State University","Mathematics and Statistics, Department of","Mathematics","30","89.0000","294","48.0000","27","83.0000","10.8900","23.0000","4225","28.0000","28","80.0000","1.0000","1.0000","17","63.0000","28","79.0000","9754590.0000","56.0000","9","157.0000","6","146.0000","20","29.0000","9","37.0000","17","23","7","18","17","0.3000","1.2900","32.0000","90.8300","0.6700","1.4900","19.0000","94.6700","0.9000","0.6300","111.0000","67.4600","9.8000","1.4600","19.0000","94.6700","0.9300","0.8600","50.0000","85.5000","140.8300","0.7900","23.0000","93.4900","14.3700","0.1900","45.0000","86.9800","0.5700","1.1100","60.0000","82.5400","0.9300","0.5600","83.0000","75.7400","325153.0000","0.7900","44.0000","87.2800","348378.2100","0.6200","41.0000","88.1700","0.3000","-0.4200","191.0000","43.7900","0.2000","-0.4400","192.0000","43.4900","0.6000","27.0000","92.3100","-0.3100","1.0700","0.5600","0.6900","0.4600","1.2700","0.6014","-0.3500","1.6600","0.6900","0.5100","0.3100","1.0000","0.3800","57.1000","89.3500","76.6300","81.6600","75.7400","93.4900","100.0000","53.8500","91.7200","92.0100","83.7300","76.9200","86.0900","73.9600","338","4/1/2025 16:37","20","11","1.8200","0.6700","0.3700","25.0000","140.0000","48.0000","55.0000","28.0000","1.3400","0.0049","0.3800","0.4600","1.4400","92.9000","58.8800","86.0900","84.0200","92.0100","12","8","86.9800","45.0000","0.9900","0.2700","88.1700","41.0000","0.6900","6","89.6400","36.0000","1.1500","1","82.2500","61.0000","-0.0900","0.0300","78.4000","74.0000","-0.1000","1","90.5300","33.0000","0.3200","0.2000","90.8300","32.0000","1.1900","0.0300","82.8400","59.0000","0.4500","0.0000","99.1100","4.0000","-0.0900","0","99.1100","4.0000","-0.0900","0.0000","99.1100","4.0000","-0.0900","0","99.1100","4.0000","-0.0900","6","0","0"
"AAD2023.06.02752","290","32970","114","University of Maryland Eastern Shore","Mathematics, Department of","Mathematics","7","296.0000","5","314.0000","3","309.0000","1.6700","312.0000","117","269.0000","2","317.0000","0.6700","310.0000","0","285.0000","0","285.0000","0.0000","285.0000","0","289.0000","0","289.0000","0","268.0000","0","268.0000","17","23","7","18","17","0.0000","-1.2000","268.0000","21.0100","0.0000","-0.9000","268.0000","21.0100","0.4300","-1.6900","312.0000","7.9900","0.7100","-1.3200","315.0000","7.1000","0.2900","-1.9300","322.0000","5.0300","16.7100","-0.3900","240.0000","29.2900","23.4000","0.6100","15.0000","95.8600","0.0000","-1.2000","285.0000","15.9800","0.0000","-0.9600","285.0000","15.9800","0.0000","-0.6800","285.0000","15.9800","0.0000","-0.8800","285.0000","15.9800","0.0000","-0.6800","289.0000","14.7900","0.0000","-1.2100","289.0000","14.7900","-1.1000","306.0000","9.7600","-0.7800","-0.8700","-1.1200","-0.8100","-1.1000","-1.1500","-1.1981","-0.5200","-0.8300","-0.4500","-0.5400","-0.7000","-0.9300","-1.0600","14.7900","21.0100","6.5100","15.9800","8.8800","7.9900","8.5800","14.7900","21.0100","20.7100","15.9800","15.9800","7.4000","12.7200","338","4/1/2025 16:37","4","2","2.0000","0.5700","0.2900","192.0000","109.0000","179.0000","72.0000","59.0000","-0.5000","0.1234","-0.3100","0.2900","0.8400","43.4900","68.0500","47.3400","78.9900","82.8400","12","0","28.9900","241.0000","-0.8300","0.0000","28.9900","241.0000","-0.7400","0","28.9900","241.0000","-0.9000","0","73.0800","92.0000","-0.1800","0.0000","73.0800","92.0000","-0.2900","0","73.0800","92.0000","-0.3500","0.0000","28.9900","241.0000","-1.0600","0.0000","73.0800","92.0000","-0.4600","0.0000","99.1100","4.0000","-0.0900","0","99.1100","4.0000","-0.0900","0.0000","99.1100","4.0000","-0.0900","0","99.1100","4.0000","-0.0900","6","0","0"
"AAD2023.06.02752","295","33032","114","University of Massachusetts Dartmouth","Mathematics, Department of","Mathematics","13","246.0000","159","109.0000","10","231.0000","15.9000","2.0000","18516","5.0000","10","227.0000","1.0000","1.0000","7","140.0000","16","113.0000","4639376.0000","94.0000","2","237.0000","1","249.0000","0","268.0000","0","268.0000","17","23","7","18","17","0.0000","-1.2000","268.0000","21.0100","0.0000","-0.9000","268.0000","21.0100","0.7700","-0.0100","210.0000","38.1700","12.2300","2.2100","6.0000","98.5200","0.7700","0.1600","198.0000","41.7200","1424.3100","13.0100","1.0000","100.0000","116.4500","4.9000","2.0000","99.7000","0.5400","1.0000","64.0000","81.3600","1.2300","1.0400","56.0000","83.7300","356875.0800","0.9300","36.0000","89.6500","289961.0000","0.3700","64.0000","81.3600","0.1500","-0.5500","247.0000","27.2200","0.0800","-0.9100","268.0000","21.0100","0.2000","74.0000","78.4000","-0.7000","-0.8700","-0.6000","-0.2000","-0.6400","2.5900","0.6014","-0.4800","-0.8300","4.6200","-0.0400","-0.1200","0.1000","-0.6800","26.6300","21.0100","33.1400","58.8800","31.9500","99.7000","100.0000","30.1800","21.0100","98.8200","72.4900","66.8600","68.0500","27.5100","338","4/1/2025 16:37","2","2","1.0000","0.1500","0.1500","192.0000","206.0000","225.0000","211.0000","164.0000","-0.5000","-0.5345","-0.4000","-0.4600","-0.1400","43.4900","39.3500","33.7300","37.8700","51.7800","12","0","28.9900","241.0000","-0.8300","0.0000","28.9900","241.0000","-0.7400","0","28.9900","241.0000","-0.9000","0","73.0800","92.0000","-0.1800","0.0000","73.0800","92.0000","-0.2900","0","73.0800","92.0000","-0.3500","0.0000","28.9900","241.0000","-1.0600","0.0000","73.0800","92.0000","-0.4600","0.0000","99.1100","4.0000","-0.0900","0","99.1100","4.0000","-0.0900","0.0000","99.1100","4.0000","-0.0900","0","99.1100","4.0000","-0.0900","6","0","0"
"AAD2023.06.02752","189","33086","114","South Dakota School of Mines & Technology","Mathematics, Department of","Mathematics","9","277.0000","5","314.0000","4","290.0000","1.2500","323.0000","45","300.0000","5","274.0000","1.0000","1.0000","1","240.0000","1","255.0000","67116.0000","276.0000","4","211.0000","3","195.0000","0","268.0000","0","268.0000","17","23","7","18","17","0.0000","-1.2000","268.0000","21.0100","0.0000","-0.9000","268.0000","21.0100","0.4400","-1.6100","308.0000","9.1700","0.5600","-1.3600","321.0000","5.3300","0.5600","-0.7600","268.0000","21.0100","5.0000","-0.5000","302.0000","10.9500","9.0000","-0.0500","115.0000","66.2700","0.1100","-0.7500","236.0000","30.4700","0.1100","-0.7800","251.0000","26.0400","7457.3300","-0.6500","269.0000","20.7100","67116.0000","-0.5900","270.0000","20.4100","0.4400","-0.3000","165.0000","51.4800","0.3300","0.0700","134.0000","60.6500","-1.0000","293.0000","13.6100","-0.5500","-0.8700","-0.9200","-0.7200","-1.0300","-1.2600","0.6014","-0.4400","-0.8300","-0.4700","-0.5300","-0.6700","-0.9300","-0.9400","42.6000","21.0100","19.2300","29.2900","14.5000","4.7300","100.0000","37.8700","21.0100","11.5400","18.6400","24.8500","7.4000","18.3400","338","4/1/2025 16:37","5","2","2.5000","0.5600","0.2200","192.0000","80.0000","170.0000","75.0000","103.0000","-0.5000","0.4523","-0.2700","0.2600","0.3700","43.4900","76.6300","50.0000","78.1100","69.8200","12","1","43.2000","193.0000","-0.6000","0.1100","54.1400","156.0000","-0.1400","1","46.4500","182.0000","-0.5600","0","73.0800","92.0000","-0.1800","0.0000","73.0800","92.0000","-0.2900","0","73.0800","92.0000","-0.3500","0.1100","63.0200","126.0000","0.1900","0.0000","73.0800","92.0000","-0.4600","0.0000","99.1100","4.0000","-0.0900","0","99.1100","4.0000","-0.0900","0.0000","99.1100","4.0000","-0.0900","0","99.1100","4.0000","-0.0900","6","0","0"
"AAD2023.06.02752","309","33147","114","University of Nebraska at Omaha","Mathematics, Department of","Mathematics","19","179.0000","68","201.0000","14","190.0000","4.8600","207.0000","324","229.0000","16","168.0000","1.0000","1.0000","3","185.0000","4","192.0000","2062201.0000","146.0000","2","237.0000","1","249.0000","1","229.0000","2","171.0000","17","23","7","18","17","0.1100","-0.3300","198.0000","41.7200","0.0500","-0.7100","254.0000","25.1500","0.7400","-0.1700","224.0000","34.0200","3.5800","-0.4400","217.0000","36.0900","0.8400","0.4700","143.0000","57.9900","17.0500","-0.3800","238.0000","29.8800","4.7600","-0.2500","258.0000","23.9600","0.1600","-0.5600","212.0000","37.5700","0.2100","-0.6100","216.0000","36.3900","108536.8900","-0.1900","141.0000","58.5800","515550.2500","1.3500","23.0000","93.4900","0.1100","-0.5900","263.0000","22.4900","0.0500","-1.0000","287.0000","15.3800","-0.5000","213.0000","37.2800","-0.7000","-0.4400","-0.2200","-0.5500","-0.3800","-0.3100","0.6014","-0.4800","-0.7000","-0.3900","-0.3200","-0.5600","-0.5100","-0.3100","26.6300","49.7000","50.5900","45.5600","44.0800","39.0500","100.0000","30.1800","32.5400","32.5400","57.1000","43.4900","40.8300","47.3400","338","4/1/2025 16:37","8","6","1.3300","0.4200","0.3200","80.0000","187.0000","138.0000","108.0000","47.0000","0.3200","-0.3174","-0.1400","0.0200","1.0600","76.6300","44.9700","59.4700","68.3400","86.3900","12","1","43.2000","193.0000","-0.6000","0.0500","35.2100","220.0000","-0.4600","1","46.4500","182.0000","-0.5600","0","73.0800","92.0000","-0.1800","0.0000","73.0800","92.0000","-0.2900","0","73.0800","92.0000","-0.3500","0.0500","36.9800","214.0000","-0.4700","0.0000","73.0800","92.0000","-0.4600","0.0000","99.1100","4.0000","-0.0900","0","99.1100","4.0000","-0.0900","0.0000","99.1100","4.0000","-0.0900","0","99.1100","4.0000","-0.0900","6","0","0"
"AAD2023.06.02752","132","33319","114","Michigan State University","Computational Mathematics, Science and Engineering, Department of","Mathematics","32","72.0000","486","12.0000","32","59.0000","15.1900","3.0000","12584","8.0000","32","56.0000","1.0000","1.0000","28","28.0000","90","16.0000","41830682.0000","5.0000","36","69.0000","19","51.0000","3","179.0000","1","215.0000","17","23","7","18","17","0.0300","-0.9400","267.0000","21.3000","0.0900","-0.5600","227.0000","33.1400","1.0000","1.1300","1.0000","100.0000","15.1900","3.1100","2.0000","99.7000","1.0000","1.1500","1.0000","100.0000","393.2500","3.2000","5.0000","98.8200","25.8900","0.7300","12.0000","96.7500","0.8800","2.3700","2.0000","99.7000","2.8100","3.6100","1.0000","100.0000","1307208.8100","5.2200","2.0000","99.7000","464785.3600","1.1300","27.0000","92.3100","1.1300","0.2700","73.0000","78.7000","0.5900","1.0700","61.0000","82.2500","1.6000","1.0000","100.0000","0.7000","-0.6500","0.8200","1.6600","0.7800","2.4000","0.6014","0.1500","-0.4600","2.9900","3.9800","2.5700","2.2800","0.5100","85.2100","36.6900","83.7300","92.0100","82.8400","99.4100","100.0000","79.8800","47.3400","97.9300","98.8200","95.5600","96.7500","78.9900","338","4/1/2025 16:37","158","21","7.5200","4.9400","0.6600","3.0000","4.0000","2.0000","1.0000","3.0000","3.3900","3.7550","6.3400","8.1300","3.5800","99.4100","99.1100","99.7000","100.0000","99.4100","12","4","70.1200","102.0000","0.0800","0.1300","56.8000","147.0000","-0.0700","2","60.9500","133.0000","-0.2100","8","95.8600","15.0000","0.5800","0.2500","94.6700","19.0000","1.1500","5","98.8200","5.0000","3.0200","0.0600","40.5300","202.0000","-0.3500","0.1600","98.5200","6.0000","3.7900","0.0000","99.1100","4.0000","-0.0900","0","99.1100","4.0000","-0.0900","0.0000","99.1100","4.0000","-0.0900","0","99.1100","4.0000","-0.0900","6","0","0"
"AAD2023.06.02752","151","33643","114","Northern Arizona University","Mathematics and Statistics, Department of","Mathematics","16","205.0000","58","219.0000","12","215.0000","4.8300","208.0000","1290","119.0000","13","195.0000","0.9200","204.0000","1","240.0000","1","255.0000","1048190.0000","186.0000","2","237.0000","1","249.0000","3","179.0000","3","131.0000","17","23","7","18","17","0.1900","0.3500","110.0000","67.7500","0.1900","-0.2200","174.0000","48.8200","0.7500","-0.1100","219.0000","35.5000","3.6300","-0.4300","215.0000","36.6900","0.8100","0.3400","165.0000","51.4800","80.6300","0.2200","59.0000","82.8400","22.2400","0.5600","17.0000","95.2700","0.0600","-0.9400","273.0000","19.5300","0.0600","-0.8600","278.0000","18.0500","65511.8800","-0.3800","175.0000","48.5200","1048190.0000","3.6600","2.0000","99.7000","0.1300","-0.5700","252.0000","25.7400","0.0600","-0.9700","283.0000","16.5700","-0.3000","176.0000","48.2200","-0.7000","-0.2200","-0.4100","-0.7200","-0.5100","-0.3200","0.1861","-0.4800","-0.4600","-0.1200","-0.4300","-0.6700","-0.5700","-0.5000","26.6300","61.5400","42.6000","29.2900","36.6900","38.7600","39.9400","30.1800","47.3400","65.0900","45.2700","24.8500","35.5000","39.6500","338","4/1/2025 16:37","3","3","1.0000","0.1900","0.1900","165.0000","206.0000","199.0000","197.0000","135.0000","-0.3000","-0.5345","-0.3600","-0.4000","0.1100","51.4800","39.3500","41.4200","42.0100","60.3600","12","0","28.9900","241.0000","-0.8300","0.0000","28.9900","241.0000","-0.7400","0","28.9900","241.0000","-0.9000","0","73.0800","92.0000","-0.1800","0.0000","73.0800","92.0000","-0.2900","0","73.0800","92.0000","-0.3500","0.0000","28.9900","241.0000","-1.0600","0.0000","73.0800","92.0000","-0.4600","0.0000","99.1100","4.0000","-0.0900","0","99.1100","4.0000","-0.0900","0.0000","99.1100","4.0000","-0.0900","0","99.1100","4.0000","-0.0900","6","0","0"
"AAD2023.06.02752","557985","33690","114","University of Texas Rio Grande Valley","Mathematical and Statistical Sciences, School of","Mathematics","45","37.0000","378","32.0000","45","30.0000","8.4000","65.0000","1996","80.0000","45","28.0000","1.0000","1.0000","9","113.0000","12","136.0000","3692060.0000","111.0000","16","124.0000","9","121.0000","5","144.0000","4","107.0000","17","23","7","18","17","0.0900","-0.4700","215.0000","36.6900","0.1100","-0.5000","215.0000","36.6900","1.0000","1.1300","1.0000","100.0000","8.4000","1.0400","43.0000","87.5700","1.0000","1.1500","1.0000","100.0000","44.3600","-0.1200","142.0000","58.2800","5.2800","-0.2300","234.0000","31.0700","0.2000","-0.3800","186.0000","45.2700","0.2700","-0.5200","196.0000","42.3100","82045.7800","-0.3100","160.0000","52.9600","307671.6700","0.4500","54.0000","84.3200","0.3600","-0.3800","181.0000","46.7500","0.2000","-0.4400","192.0000","43.4900","0.0000","113.0000","66.8600","-0.0800","-0.0100","1.6500","-0.0200","1.6200","0.6200","0.6014","-0.2200","-0.2100","0.0700","-0.1400","-0.2700","1.5600","1.3200","64.5000","68.6400","92.0100","66.8600","91.4200","81.0700","100.0000","63.6100","57.6900","76.6300","67.4600","60.0600","90.8300","89.3500","338","4/1/2025 16:37","21","15","1.4000","0.4700","0.3300","9.0000","181.0000","45.0000","94.0000","36.0000","2.1600","-0.2714","0.4200","0.1000","1.1900","97.6300","46.7500","86.9800","72.4900","89.6500","12","3","63.6100","124.0000","-0.1400","0.0700","40.8300","201.0000","-0.3800","3","72.1900","95.0000","0.1300","0","73.0800","92.0000","-0.1800","0.0000","73.0800","92.0000","-0.2900","0","73.0800","92.0000","-0.3500","0.0700","43.2000","193.0000","-0.3100","0.0000","73.0800","92.0000","-0.4600","0.0000","99.1100","4.0000","-0.0900","0","99.1100","4.0000","-0.0900","0.0000","99.1100","4.0000","-0.0900","0","99.1100","4.0000","-0.0900","6","0","0"
"AAD2023.06.02752","125","33808","114","Augusta University (Medical College of Georgia)","Mathematics, Department of","Mathematics","13","246.0000","36","250.0000","9","240.0000","4.0000","241.0000","213","244.0000","9","235.0000","1.0000","1.0000","2","204.0000","2","228.0000","459320.0000","232.0000","1","261.0000","1","249.0000","0","268.0000","0","268.0000","17","23","7","18","17","0.0000","-1.2000","268.0000","21.0100","0.0000","-0.9000","268.0000","21.0100","0.6900","-0.3900","246.0000","27.5100","2.7700","-0.6900","248.0000","26.9200","0.6900","-0.1800","229.0000","32.5400","16.3800","-0.3900","242.0000","28.7000","5.9200","-0.2000","210.0000","38.1700","0.1500","-0.5700","213.0000","37.2800","0.1500","-0.7100","231.0000","31.9500","35332.3100","-0.5200","218.0000","35.8000","229660.0000","0.1100","99.0000","71.0100","0.0800","-0.6100","275.0000","18.9300","0.0800","-0.9100","268.0000","21.0100","-0.7000","243.0000","28.4000","-0.7000","-0.8700","-0.6700","-0.6400","-0.7100","-0.5400","0.6014","-0.5000","-0.8300","-0.4200","-0.4900","-0.6300","-0.7200","-0.6800","26.6300","21.0100","30.7700","39.9400","29.2900","28.9900","100.0000","23.0800","21.0100","28.1100","31.6600","32.8400","26.3300","27.5100","338","4/1/2025 16:37","1","1","1.0000","0.0800","0.0800","232.0000","206.0000","247.0000","262.0000","250.0000","-0.7100","-0.5345","-0.4400","-0.6000","-0.7100","31.6600","39.3500","27.2200","22.7800","26.3300","12","0","28.9900","241.0000","-0.8300","0.0000","28.9900","241.0000","-0.7400","0","28.9900","241.0000","-0.9000","1","82.2500","61.0000","-0.0900","0.0800","86.3900","47.0000","0.1500","1","90.5300","33.0000","0.3200","0.0000","28.9900","241.0000","-1.0600","0.0800","92.9000","25.0000","1.6300","0.0000","99.1100","4.0000","-0.0900","0","99.1100","4.0000","-0.0900","0.0000","99.1100","4.0000","-0.0900","0","99.1100","4.0000","-0.0900","6","0","0"
"AAD2023.06.02752","100","33960","114","Jackson State University","Mathematics and Statistical Sciences, Department of","Mathematics","10","270.0000","19","274.0000","5","281.0000","3.8000","254.0000","129","264.0000","4","283.0000","0.8000","283.0000","0","285.0000","0","285.0000","0.0000","285.0000","4","211.0000","4","170.0000","0","268.0000","0","268.0000","17","23","7","18","17","0.0000","-1.2000","268.0000","21.0100","0.0000","-0.9000","268.0000","21.0100","0.5000","-1.3400","290.0000","14.5000","1.9000","-0.9500","279.0000","17.7500","0.4000","-1.4300","303.0000","10.6500","12.9000","-0.4200","253.0000","25.4400","6.7900","-0.1600","181.0000","46.7500","0.0000","-1.2000","285.0000","15.9800","0.0000","-0.9600","285.0000","15.9800","0.0000","-0.6800","285.0000","15.9800","0.0000","-0.8800","285.0000","15.9800","0.4000","-0.3400","170.0000","50.0000","0.4000","0.3200","112.0000","67.1600","-0.7000","243.0000","28.4000","-0.4700","-0.8700","-0.9900","-0.8100","-0.9700","-0.5900","-0.4783","-0.4400","-0.8300","-0.4400","-0.5400","-0.7000","-0.8300","-0.8700","50.0000","21.0100","16.5700","15.9800","17.1600","25.1500","16.5700","37.8700","21.0100","22.1900","15.9800","15.9800","19.2300","20.4100","338","4/1/2025 16:37","12","2","6.0000","1.2000","0.2000","192.0000","11.0000","96.0000","19.0000","121.0000","-0.5000","2.7550","0.0300","1.4200","0.2100","43.4900","97.0400","71.8900","94.6700","64.5000","12","0","28.9900","241.0000","-0.8300","0.0000","28.9900","241.0000","-0.7400","0","28.9900","241.0000","-0.9000","0","73.0800","92.0000","-0.1800","0.0000","73.0800","92.0000","-0.2900","0","73.0800","92.0000","-0.3500","0.0000","28.9900","241.0000","-1.0600","0.0000","73.0800","92.0000","-0.4600","0.0000","99.1100","4.0000","-0.0900","0","99.1100","4.0000","-0.0900","0.0000","99.1100","4.0000","-0.0900","0","99.1100","4.0000","-0.0900","6","0","0"
"AAD2023.06.02752","135","33988","114","Middle Tennessee State University","Mathematical Sciences, Department of","Mathematics","29","96.0000","154","116.0000","23","107.0000","6.7000","134.0000","1111","131.0000","23","103.0000","0.9600","154.0000","6","150.0000","7","163.0000","1669258.0000","155.0000","9","157.0000","7","136.0000","10","70.0000","3","131.0000","17","23","7","18","17","0.1000","-0.3400","201.0000","40.8300","0.3400","0.3400","94.0000","72.4900","0.7900","0.1100","197.0000","42.0100","5.3100","0.0900","146.0000","57.1000","0.7900","0.2600","177.0000","47.9300","38.3100","-0.1800","158.0000","53.5500","7.2100","-0.1400","161.0000","52.6600","0.2100","-0.3600","184.0000","45.8600","0.2400","-0.5600","207.0000","39.0500","57560.6200","-0.4200","189.0000","44.3800","238465.4300","0.1500","93.0000","72.7800","0.3100","-0.4200","190.0000","44.0800","0.2400","-0.2800","175.0000","48.5200","-0.3000","176.0000","48.2200","-0.2300","-0.2200","0.2400","-0.2800","0.2000","0.1700","0.3764","-0.3500","0.4100","-0.1700","-0.3600","-0.4500","0.0700","0.3200","60.0600","61.5400","69.8200","55.9200","68.6400","60.6500","54.7300","53.8500","79.5900","61.5400","54.4400","52.0700","65.9800","71.8900","338","4/1/2025 16:37","10","7","1.4300","0.3400","0.2400","66.0000","179.0000","121.0000","139.0000","92.0000","0.5200","-0.2516","-0.0600","-0.1200","0.5100","80.7700","47.3400","64.5000","59.1700","73.0800","12","9","88.7600","39.0000","1.2200","0.3100","91.1200","31.0000","0.9300","6","89.6400","36.0000","1.1500","0","73.0800","92.0000","-0.1800","0.0000","73.0800","92.0000","-0.2900","0","73.0800","92.0000","-0.3500","0.2100","92.3100","27.0000","1.2700","0.0000","73.0800","92.0000","-0.4600","0.0000","99.1100","4.0000","-0.0900","0","99.1100","4.0000","-0.0900","0.0000","99.1100","4.0000","-0.0900","0","99.1100","4.0000","-0.0900","6","0","0"
"AAD2023.06.02752","139","33999","114","Morgan State University","Mathematics, Department of","Mathematics","12","256.0000","110","159.0000","11","224.0000","10.0000","33.0000","1069","137.0000","9","235.0000","0.8200","279.0000","2","204.0000","5","180.0000","667122.0000","212.0000","11","146.0000","4","170.0000","5","144.0000","2","171.0000","17","23","7","18","17","0.1700","0.1800","132.0000","61.2400","0.4200","0.6000","66.0000","80.7700","0.9200","0.7200","93.0000","72.7800","9.1700","1.2700","28.0000","92.0100","0.7500","0.0700","205.0000","39.6500","89.0800","0.3000","51.0000","85.2100","9.7200","-0.0200","98.0000","71.3000","0.1700","-0.5200","202.0000","40.5300","0.4200","-0.2800","163.0000","52.0700","55593.5000","-0.4300","191.0000","43.7900","133424.4000","-0.3100","211.0000","37.8700","0.9200","0.1000","90.0000","73.6700","0.3300","0.0700","134.0000","60.6500","-0.1000","132.0000","61.2400","-0.4700","-0.4400","-0.6700","-0.6400","-0.5800","1.0400","-0.3801","-0.3100","-0.2100","-0.1800","-0.4700","-0.5200","-0.2300","-0.7500","50.0000","49.7000","30.7700","39.9400","34.0200","90.5300","17.7500","57.1000","57.6900","59.7600","37.5700","47.0400","53.2500","24.5600","338","4/1/2025 16:37","1","1","1.0000","0.0800","0.0800","232.0000","206.0000","247.0000","252.0000","243.0000","-0.7100","-0.5345","-0.4400","-0.5900","-0.6600","31.6600","39.3500","27.2200","25.7400","28.4000","12","3","63.6100","124.0000","-0.1400","0.2500","86.3900","47.0000","0.6000","2","60.9500","133.0000","-0.2100","0","73.0800","92.0000","-0.1800","0.0000","73.0800","92.0000","-0.2900","0","73.0800","92.0000","-0.3500","0.1700","81.3600","64.0000","0.8200","0.0000","73.0800","92.0000","-0.4600","0.0000","99.1100","4.0000","-0.0900","0","99.1100","4.0000","-0.0900","0.0000","99.1100","4.0000","-0.0900","0","99.1100","4.0000","-0.0900","6","0","0"
"AAD2023.06.02752","367","34120","114","Wright State University","Mathematics and Statistics, Department of","Mathematics","17","196.0000","68","201.0000","13","202.0000","5.2300","192.0000","617","185.0000","12","205.0000","0.9200","204.0000","0","285.0000","0","285.0000","0.0000","285.0000","2","237.0000","2","225.0000","1","229.0000","1","215.0000","17","23","7","18","17","0.0600","-0.7200","249.0000","26.6300","0.0600","-0.6900","252.0000","25.7400","0.7600","-0.0300","213.0000","37.2800","4.0000","-0.3100","195.0000","42.6000","0.7100","-0.1200","222.0000","34.6200","36.2900","-0.2000","164.0000","51.7800","9.0700","-0.0500","113.0000","66.8600","0.0000","-1.2000","285.0000","15.9800","0.0000","-0.9600","285.0000","15.9800","0.0000","-0.6800","285.0000","15.9800","0.0000","-0.8800","285.0000","15.9800","0.1200","-0.5800","255.0000","24.8500","0.1200","-0.7600","242.0000","28.7000","-0.6000","225.0000","33.7300","-0.6200","-0.6500","-0.4700","-0.8100","-0.4500","-0.2200","0.1861","-0.4800","-0.7000","-0.3100","-0.5400","-0.7000","-0.5100","-0.4300","33.7300","36.6900","39.6500","15.9800","40.5300","43.4900","39.9400","30.1800","32.5400","45.5600","15.9800","15.9800","40.8300","42.3100","338","4/1/2025 16:37","2","2","1.0000","0.1200","0.1200","192.0000","206.0000","225.0000","240.0000","206.0000","-0.5000","-0.5345","-0.4000","-0.5200","-0.4000","43.4900","39.3500","33.7300","29.2900","39.3500","12","1","43.2000","193.0000","-0.6000","0.0600","37.2800","213.0000","-0.4200","1","46.4500","182.0000","-0.5600","0","73.0800","92.0000","-0.1800","0.0000","73.0800","92.0000","-0.2900","0","73.0800","92.0000","-0.3500","0.0600","38.7600","208.0000","-0.4000","0.0000","73.0800","92.0000","-0.4600","0.0000","99.1100","4.0000","-0.0900","0","99.1100","4.0000","-0.0900","0.0000","99.1100","4.0000","-0.0900","0","99.1100","4.0000","-0.0900","6","0","0"
"AAD2023.06.02752","388","34138","114","Rochester Institute of Technology","Mathematical Sciences, School of","Mathematics","48","31.0000","299","46.0000","37","42.0000","8.0800","75.0000","20487","3.0000","36","43.0000","0.9500","167.0000","14","81.0000","34","72.0000","11169565.0000","48.0000","19","108.0000","14","83.0000","13","55.0000","5","92.0000","17","23","7","18","17","0.1000","-0.3400","200.0000","41.1200","0.2700","0.0700","119.0000","65.0900","0.7700","0.0000","209.0000","38.4600","6.2300","0.3700","118.0000","65.3800","0.7500","0.0700","205.0000","39.6500","426.8100","3.5200","3.0000","99.4100","68.5200","2.6900","3.0000","99.4100","0.2900","-0.0100","151.0000","55.6200","0.7100","0.1900","103.0000","69.8200","232699.2700","0.3700","70.0000","79.5900","328516.6200","0.5400","47.0000","86.3900","0.4000","-0.3400","172.0000","49.4100","0.2900","-0.0900","152.0000","55.3300","-0.1000","132.0000","61.2400","0.3100","0.2100","1.0700","0.4200","1.1000","0.5300","0.3172","-0.1700","0.7900","5.1700","0.6700","0.5300","1.0400","1.5100","75.7400","73.0800","87.5700","76.3300","87.8700","78.1100","50.8900","68.3400","84.0200","99.4100","86.0900","78.9900","86.6900","91.1200","338","4/1/2025 16:37","31","11","2.8200","0.6500","0.2300","25.0000","64.0000","24.0000","61.0000","100.0000","1.3400","0.6629","0.8500","0.4200","0.4200","92.9000","81.3600","93.2000","82.2500","70.7100","12","5","75.7400","83.0000","0.3100","0.1000","51.1800","166.0000","-0.1800","5","84.6200","53.0000","0.8100","2","88.1700","41.0000","0.0100","0.0400","81.6600","63.0000","-0.0500","1","90.5300","33.0000","0.3200","0.1000","57.6900","144.0000","0.1100","0.0200","76.6300","80.0000","0.1100","0.0000","99.1100","4.0000","-0.0900","0","99.1100","4.0000","-0.0900","0.0000","99.1100","4.0000","-0.0900","0","99.1100","4.0000","-0.0900","6","0","0"
"AAD2023.06.02752","397","34147","114","University of Arkansas at Little Rock","Mathematics and Statistics, Department of","Mathematics","10","270.0000","72","194.0000","10","231.0000","7.2000","112.0000","601","189.0000","7","248.0000","0.7000","308.0000","1","240.0000","1","255.0000","132114.0000","265.0000","2","237.0000","1","249.0000","0","268.0000","0","268.0000","17","23","7","18","17","0.0000","-1.2000","268.0000","21.0100","0.0000","-0.9000","268.0000","21.0100","1.0000","1.1300","1.0000","100.0000","7.2000","0.6700","84.0000","75.4400","0.7000","-0.1400","224.0000","34.0200","60.1000","0.0300","94.0000","72.4900","8.3500","-0.0800","131.0000","61.5400","0.1000","-0.7900","245.0000","27.8100","0.1000","-0.7900","256.0000","24.5600","13211.4000","-0.6200","253.0000","25.4400","132114.0000","-0.3100","216.0000","36.3900","0.2000","-0.5100","223.0000","34.3200","0.1000","-0.8200","253.0000","25.4400","-0.4000","189.0000","44.3800","-0.7000","-0.8700","-0.8000","-0.7200","-0.6400","0.3000","-1.0181","-0.4800","-0.8300","-0.3100","-0.5300","-0.6700","-0.4800","-0.8700","26.6300","21.0100","26.9200","29.2900","31.9500","67.1600","9.1700","30.1800","21.0100","44.3800","21.8900","24.8500","42.9000","20.4100","338","4/1/2025 16:37","0","0","0.0000","0.0000","0.0000","287.0000","287.0000","287.0000","287.0000","287.0000","-0.9100","-1.1925","-0.4900","-0.7400","-1.2800","15.3800","15.3800","15.3800","15.3800","15.3800","12","0","28.9900","241.0000","-0.8300","0.0000","28.9900","241.0000","-0.7400","0","28.9900","241.0000","-0.9000","0","73.0800","92.0000","-0.1800","0.0000","73.0800","92.0000","-0.2900","0","73.0800","92.0000","-0.3500","0.0000","28.9900","241.0000","-1.0600","0.0000","73.0800","92.0000","-0.4600","0.0000","99.1100","4.0000","-0.0900","0","99.1100","4.0000","-0.0900","0.0000","99.1100","4.0000","-0.0900","0","99.1100","4.0000","-0.0900","6","0","0"
"AAD2023.06.02752","513","34267","114","West Texas A&M University","Engineering, College of","Mathematics","28","104.0000","67","205.0000","18","155.0000","3.7200","258.0000","1194","128.0000","22","112.0000","1.0000","1.0000","6","150.0000","7","163.0000","2014990.0000","148.0000","5","196.0000","4","170.0000","2","207.0000","2","171.0000","17","23","7","18","17","0.0700","-0.6100","232.0000","31.6600","0.0700","-0.6400","242.0000","28.7000","0.6400","-0.6400","260.0000","23.3700","2.3900","-0.8000","257.0000","24.2600","0.7900","0.2300","183.0000","46.1500","42.6400","-0.1400","145.0000","57.4000","17.8200","0.3500","28.0000","92.0100","0.2100","-0.3200","179.0000","47.3400","0.2500","-0.5500","199.0000","41.4200","71963.9300","-0.3600","170.0000","50.0000","287855.7100","0.3600","67.0000","80.4700","0.1800","-0.5300","233.0000","31.3600","0.1400","-0.6600","221.0000","34.9100","-0.4000","189.0000","44.3800","-0.4700","-0.4400","0.1700","-0.2800","-0.1300","-0.6100","0.6014","-0.4300","-0.5800","-0.1500","-0.3200","-0.4500","-0.5100","0.2600","50.0000","49.7000","67.1600","55.9200","54.4400","23.9600","100.0000","42.3100","39.0500","62.4300","56.5100","52.0700","39.6500","69.5300","338","4/1/2025 16:37","23","14","1.6400","0.8200","0.5000","13.0000","154.0000","39.0000","42.0000","5.0000","1.9500","-0.1135","0.5100","0.7400","2.4300","96.4500","54.7300","88.7600","87.8700","98.8200","12","5","75.7400","83.0000","0.3100","0.1800","73.0800","92.0000","0.2200","3","72.1900","95.0000","0.1300","9","96.1500","14.0000","0.6800","0.3200","96.7500","12.0000","1.5700","6","99.4100","3.0000","3.6900","0.1100","59.4700","138.0000","0.1500","0.2100","100.0000","1.0000","5.3700","0.0000","99.1100","4.0000","-0.0900","0","99.1100","4.0000","-0.0900","0.0000","99.1100","4.0000","-0.0900","0","99.1100","4.0000","-0.0900","6","0","0"
"AAD2023.06.02752","66","34353","114","Emory University","Mathematics, Department of","Mathematics","22","156.0000","144","124.0000","21","129.0000","6.8600","125.0000","2063","74.0000","21","122.0000","1.0000","1.0000","13","86.0000","27","80.0000","6094075.0000","78.0000","19","108.0000","11","104.0000","8","89.0000","4","107.0000","17","23","7","18","17","0.1800","0.3100","115.0000","66.2700","0.3600","0.4100","86.0000","74.8500","0.9500","0.9000","53.0000","84.6200","6.5500","0.4700","104.0000","69.5300","0.9500","0.9500","35.0000","89.9400","93.7700","0.3500","43.0000","87.5700","14.3300","0.1900","46.0000","86.6900","0.5900","1.2100","55.0000","84.0200","1.2300","1.0400","57.0000","83.4300","277003.4100","0.5700","56.0000","83.7300","225706.4800","0.0900","104.0000","69.5300","0.8600","0.0500","101.0000","70.4100","0.5000","0.7100","85.0000","75.1500","0.4000","47.0000","86.3900","0.0800","-0.0100","0.1100","0.3300","0.0700","0.2100","0.6014","-0.1700","0.1700","0.0900","0.1200","0.2800","0.0000","-0.1200","69.5300","68.6400","64.2000","74.8500","62.1300","63.3100","100.0000","68.3400","73.9600","78.4000","77.2200","76.6300","63.6100","54.1400","338","4/1/2025 16:37","16","6","2.6700","0.7300","0.2700","80.0000","75.0000","63.0000","49.0000","67.0000","0.3200","0.5642","0.2000","0.5700","0.7400","76.6300","78.1100","81.6600","85.8000","80.4700","12","2","52.6600","161.0000","-0.3700","0.0900","47.0400","180.0000","-0.2500","2","60.9500","133.0000","-0.2100","6","94.0800","21.0000","0.3900","0.2700","95.2700","17.0000","1.2900","2","94.9700","18.0000","1.0000","0.0900","52.3700","162.0000","-0.0400","0.0900","94.3800","20.0000","2.0100","0.0000","99.1100","4.0000","-0.0900","0","99.1100","4.0000","-0.0900","0.0000","99.1100","4.0000","-0.0900","0","99.1100","4.0000","-0.0900","6","0","0"
"AAD2023.06.02752","388","34456","114","Rochester Institute of Technology","Science and Mathematics, Department of","Mathematics","9","277.0000","27","263.0000","9","240.0000","3.0000","277.0000","427","216.0000","7","248.0000","0.7800","291.0000","2","204.0000","3","211.0000","687822.0000","209.0000","2","237.0000","2","225.0000","0","268.0000","0","268.0000","17","23","7","18","17","0.0000","-1.2000","268.0000","21.0100","0.0000","-0.9000","268.0000","21.0100","1.0000","1.1300","1.0000","100.0000","3.0000","-0.6200","234.0000","31.0700","0.7800","0.1900","191.0000","43.7900","47.4400","-0.0900","130.0000","61.8300","15.8100","0.2600","35.0000","89.9400","0.2200","-0.2900","172.0000","49.4100","0.3300","-0.4200","175.0000","48.5200","76424.6700","-0.3400","165.0000","51.4800","229274.0000","0.1100","101.0000","70.4100","0.2200","-0.4900","220.0000","35.2100","0.2200","-0.3600","183.0000","46.1500","-0.4000","189.0000","44.3800","-0.6200","-0.8700","-0.8000","-0.6400","-0.7100","-0.8000","-0.5983","-0.4800","-0.8300","-0.3600","-0.4700","-0.5900","-0.7800","-0.9400","33.7300","21.0100","26.9200","39.9400","29.2900","18.3400","14.2000","30.1800","21.0100","36.3900","38.4600","37.8700","22.4900","18.3400","338","4/1/2025 16:37","0","0","0.0000","0.0000","0.0000","287.0000","287.0000","287.0000","287.0000","287.0000","-0.9100","-1.1925","-0.4900","-0.7400","-1.2800","15.3800","15.3800","15.3800","15.3800","15.3800","12","1","43.2000","193.0000","-0.6000","0.1100","54.1400","156.0000","-0.1400","1","46.4500","182.0000","-0.5600","0","73.0800","92.0000","-0.1800","0.0000","73.0800","92.0000","-0.2900","0","73.0800","92.0000","-0.3500","0.1100","63.0200","126.0000","0.1900","0.0000","73.0800","92.0000","-0.4600","0.0000","99.1100","4.0000","-0.0900","0","99.1100","4.0000","-0.0900","0.0000","99.1100","4.0000","-0.0900","0","99.1100","4.0000","-0.0900","6","0","0"
"AAD2023.06.02752","12","34880","114","Arizona State University","Mathematical and Natural Sciences, School of","Mathematics","31","83.0000","185","91.0000","30","68.0000","6.1700","150.0000","3757","34.0000","30","61.0000","1.0000","1.0000","11","97.0000","14","122.0000","5379683.0000","83.0000","16","124.0000","13","92.0000","7","105.0000","7","60.0000","17","23","7","18","17","0.2300","0.6700","80.0000","76.6300","0.2300","-0.0900","152.0000","55.3300","0.9700","0.9700","34.0000","90.2400","5.9700","0.2900","127.0000","62.7200","0.9700","1.0100","21.0000","94.0800","121.1900","0.6100","28.0000","92.0100","20.3100","0.4700","21.0000","94.0800","0.3500","0.2500","123.0000","63.9100","0.4500","-0.2200","155.0000","54.4400","173538.1600","0.1000","97.0000","71.6000","384263.0700","0.7800","36.0000","89.6500","0.5200","-0.2400","152.0000","55.3300","0.4200","0.4000","107.0000","68.6400","0.4000","47.0000","86.3900","0.2400","0.6400","0.6900","0.1600","0.6500","0.0300","0.6014","-0.2200","0.0400","0.5600","0.0400","-0.1900","0.2700","0.4500","73.0800","82.5400","82.2500","71.6000","80.1800","55.9200","100.0000","63.6100","69.2300","90.2400","75.7400","64.2000","73.3700","75.7400","338","4/1/2025 16:37","13","4","3.2500","0.4200","0.1300","131.0000","42.0000","87.0000","110.0000","197.0000","-0.0900","0.9458","0.0700","0.0200","-0.3200","61.5400","87.8700","74.5600","67.7500","42.0100","12","3","63.6100","124.0000","-0.1400","0.1000","48.2200","176.0000","-0.2200","3","72.1900","95.0000","0.1300","15","98.5200","6.0000","1.2500","0.4800","97.9300","8.0000","2.5100","5","98.8200","5.0000","3.0200","0.1000","55.3300","152.0000","0.0300","0.1600","99.1100","4.0000","3.9300","0.0000","99.1100","4.0000","-0.0900","0","99.1100","4.0000","-0.0900","0.0000","99.1100","4.0000","-0.0900","0","99.1100","4.0000","-0.0900","6","0","0"
"AAD2023.06.02752","41","34962","114","Clark Atlanta University","Mathematical Sciences, Department of","Mathematics","23","145.0000","10","299.0000","4","290.0000","2.5000","293.0000","21","316.0000","3","299.0000","0.7500","295.0000","2","204.0000","4","192.0000","478636.0000","230.0000","2","237.0000","2","225.0000","1","229.0000","1","215.0000","17","23","7","18","17","0.0400","-0.8400","258.0000","23.9600","0.0400","-0.7400","260.0000","23.3700","0.1700","-2.9500","334.0000","1.4800","0.4300","-1.4000","326.0000","3.8500","0.1300","-2.6000","328.0000","3.2500","0.9100","-0.5400","326.0000","3.8500","2.1000","-0.3700","319.0000","5.9200","0.0900","-0.8400","254.0000","25.1500","0.1700","-0.6700","221.0000","34.9100","20810.2600","-0.5900","240.0000","29.2900","119659.0000","-0.3700","236.0000","30.4700","0.0900","-0.6000","271.0000","20.1200","0.0900","-0.8700","262.0000","22.7800","-1.2000","322.0000","5.0300","-0.6200","-0.6500","-1.0500","-0.6400","-1.0300","-0.9300","-0.7482","-0.4800","-0.7000","-0.4700","-0.4900","-0.5600","-0.8900","-0.0600","33.7300","36.6900","11.8300","39.9400","14.5000","13.6100","13.0200","30.1800","32.5400","6.8000","32.2500","43.4900","11.8300","57.4000","338","4/1/2025 16:37","0","0","0.0000","0.0000","0.0000","287.0000","287.0000","287.0000","287.0000","287.0000","-0.9100","-1.1925","-0.4900","-0.7400","-1.2800","15.3800","15.3800","15.3800","15.3800","15.3800","12","1","43.2000","193.0000","-0.6000","0.0400","33.4300","226.0000","-0.5100","1","46.4500","182.0000","-0.5600","0","73.0800","92.0000","-0.1800","0.0000","73.0800","92.0000","-0.2900","0","73.0800","92.0000","-0.3500","0.0400","34.3200","223.0000","-0.5700","0.0000","73.0800","92.0000","-0.4600","0.0000","99.1100","4.0000","-0.0900","0","99.1100","4.0000","-0.0900","0.0000","99.1100","4.0000","-0.0900","0","99.1100","4.0000","-0.0900","6","0","0"
"AAD2023.06.02752","539123","35171","114","University of Texas at Tyler, The","Mathematics, Department of","Mathematics","9","277.0000","21","271.0000","6","269.0000","3.5000","264.0000","119","267.0000","6","267.0000","1.0000","1.0000","2","204.0000","4","192.0000","406060.0000","237.0000","0","289.0000","0","289.0000","0","268.0000","0","268.0000","17","23","7","18","17","0.0000","-1.2000","268.0000","21.0100","0.0000","-0.9000","268.0000","21.0100","0.6700","-0.5200","252.0000","25.7400","2.3300","-0.8200","263.0000","22.4900","0.6700","-0.2900","235.0000","30.7700","13.2200","-0.4200","251.0000","26.0400","5.6700","-0.2100","218.0000","35.8000","0.2200","-0.2900","172.0000","49.4100","0.4400","-0.2400","156.0000","54.1400","45117.7800","-0.4800","206.0000","39.3500","101515.0000","-0.4400","252.0000","25.7400","0.0000","-0.6800","289.0000","14.7900","0.0000","-1.2100","289.0000","14.7900","-0.7000","243.0000","28.4000","-0.7800","-0.8700","-0.8600","-0.6400","-0.9000","-0.6700","0.6014","-0.5200","-0.8300","-0.4500","-0.5000","-0.5600","-0.8200","-0.9400","14.7900","21.0100","21.3000","39.9400","20.7100","22.1900","100.0000","14.7900","21.0100","21.3000","30.1800","43.4900","20.1200","18.3400","338","4/1/2025 16:37","0","0","0.0000","0.0000","0.0000","287.0000","287.0000","287.0000","287.0000","287.0000","-0.9100","-1.1925","-0.4900","-0.7400","-1.2800","15.3800","15.3800","15.3800","15.3800","15.3800","12","1","43.2000","193.0000","-0.6000","0.1100","54.1400","156.0000","-0.1400","1","46.4500","182.0000","-0.5600","0","73.0800","92.0000","-0.1800","0.0000","73.0800","92.0000","-0.2900","0","73.0800","92.0000","-0.3500","0.1100","63.0200","126.0000","0.1900","0.0000","73.0800","92.0000","-0.4600","0.0000","99.1100","4.0000","-0.0900","0","99.1100","4.0000","-0.0900","0.0000","99.1100","4.0000","-0.0900","0","99.1100","4.0000","-0.0900","6","0","0"
"AAD2023.06.02752","278","35307","114","University of Idaho","Mathematics and Statistical Science, Department of","Mathematics","21","164.0000","132","134.0000","19","148.0000","6.9500","120.0000","1693","94.0000","19","142.0000","1.0000","1.0000","4","168.0000","5","180.0000","985605.0000","190.0000","6","179.0000","5","154.0000","6","121.0000","3","131.0000","17","23","7","18","17","0.1400","-0.0200","151.0000","55.6200","0.2900","0.1300","113.0000","66.8600","0.9000","0.6600","110.0000","67.7500","6.2900","0.3900","117.0000","65.6800","0.9000","0.7400","89.0000","73.9600","80.6200","0.2200","60.0000","82.5400","12.8300","0.1200","57.0000","83.4300","0.1900","-0.4200","191.0000","43.7900","0.2400","-0.5700","208.0000","38.7600","46933.5700","-0.4700","199.0000","41.4200","197121.0000","-0.0300","132.0000","61.2400","0.2900","-0.4400","193.0000","43.2000","0.2400","-0.2900","176.0000","48.2200","0.0000","113.0000","66.8600","-0.3900","-0.2200","-0.0200","-0.4600","-0.0600","0.2400","0.6014","-0.4100","-0.0800","-0.0100","-0.4300","-0.5200","-0.0800","-0.1800","54.7300","61.5400","58.2800","50.5900","56.5100","64.7900","100.0000","47.3400","64.5000","72.4900","44.0800","47.0400","60.6500","51.7800","338","4/1/2025 16:37","10","3","3.3300","0.4800","0.1400","165.0000","37.0000","121.0000","93.0000","175.0000","-0.3000","0.9984","-0.0600","0.1200","-0.2200","51.4800","89.3500","64.5000","72.7800","48.5200","12","9","88.7600","39.0000","1.2200","0.4300","94.9700","18.0000","1.5600","4","78.1100","75.0000","0.4700","0","73.0800","92.0000","-0.1800","0.0000","73.0800","92.0000","-0.2900","0","73.0800","92.0000","-0.3500","0.1900","88.4600","40.0000","1.0800","0.0000","73.0800","92.0000","-0.4600","0.0000","99.1100","4.0000","-0.0900","0","99.1100","4.0000","-0.0900","0.0000","99.1100","4.0000","-0.0900","0","99.1100","4.0000","-0.0900","6","0","0"
"AAD2023.06.02752","36","35356","114","Catholic University of America, The","Mathematics, Department of","Mathematics","9","277.0000","14","287.0000","5","281.0000","2.8000","285.0000","29","312.0000","4","283.0000","0.8000","283.0000","2","204.0000","3","211.0000","543374.0000","221.0000","0","289.0000","0","289.0000","4","156.0000","3","131.0000","17","23","7","18","17","0.3300","1.5600","21.0000","94.0800","0.4400","0.7000","56.0000","83.7300","0.5600","-1.0700","285.0000","15.9800","1.5600","-1.0600","287.0000","15.3800","0.4400","-1.2400","292.0000","13.9100","3.2200","-0.5200","316.0000","6.8000","2.0700","-0.3700","320.0000","5.6200","0.2200","-0.2900","172.0000","49.4100","0.3300","-0.4200","175.0000","48.5200","60374.8900","-0.4100","187.0000","44.9700","181124.6700","-0.1000","156.0000","54.1400","0.0000","-0.6800","289.0000","14.7900","0.0000","-1.2100","289.0000","14.7900","-0.9000","275.0000","18.9300","-0.7800","-0.2200","-0.9900","-0.6400","-0.9700","-0.8500","-0.4783","-0.5200","-0.3300","-0.4700","-0.4800","-0.5900","-0.8700","-0.9400","14.7900","61.5400","16.5700","39.9400","17.1600","15.9800","16.5700","14.7900","54.1400","7.9900","34.9100","37.8700","15.3800","18.3400","338","4/1/2025 16:37","4","1","4.0000","0.4400","0.1100","232.0000","20.0000","179.0000","100.0000","211.0000","-0.7100","1.4392","-0.3100","0.0600","-0.4500","31.6600","94.3800","47.3400","70.7100","37.8700","12","0","28.9900","241.0000","-0.8300","0.0000","28.9900","241.0000","-0.7400","0","28.9900","241.0000","-0.9000","0","73.0800","92.0000","-0.1800","0.0000","73.0800","92.0000","-0.2900","0","73.0800","92.0000","-0.3500","0.0000","28.9900","241.0000","-1.0600","0.0000","73.0800","92.0000","-0.4600","0.0000","99.1100","4.0000","-0.0900","0","99.1100","4.0000","-0.0900","0.0000","99.1100","4.0000","-0.0900","0","99.1100","4.0000","-0.0900","6","0","0"
"AAD2023.06.02752","352","35415","114","Villanova University","Mathematics and Statistics, Department of","Mathematics","25","130.0000","80","185.0000","19","148.0000","4.2100","232.0000","474","200.0000","16","168.0000","0.8400","270.0000","2","204.0000","4","192.0000","480131.0000","229.0000","10","152.0000","8","128.0000","4","156.0000","2","171.0000","17","23","7","18","17","0.0800","-0.5400","226.0000","33.4300","0.1600","-0.3200","187.0000","44.9700","0.7600","-0.0600","218.0000","35.8000","3.2000","-0.5600","228.0000","32.8400","0.6400","-0.4000","247.0000","27.2200","18.9600","-0.3700","230.0000","32.2500","5.9300","-0.2000","209.0000","38.4600","0.0800","-0.8700","258.0000","23.9600","0.1600","-0.7000","228.0000","32.8400","19205.2400","-0.5900","245.0000","27.8100","120032.7500","-0.3600","235.0000","30.7700","0.4000","-0.3400","170.0000","50.0000","0.3200","0.0200","142.0000","58.2800","-0.6000","225.0000","33.7300","-0.1600","-0.4400","-0.2200","-0.6400","-0.0600","-0.4800","-0.2510","-0.3300","-0.3300","-0.3500","-0.4900","-0.5600","-0.4300","0.0700","62.4300","49.7000","50.5900","39.9400","56.5100","31.6600","20.4100","55.3300","54.1400","41.1200","32.5400","43.4900","45.5600","61.8300","338","4/1/2025 16:37","7","2","3.5000","0.2800","0.0800","192.0000","31.0000","143.0000","161.0000","248.0000","-0.5000","1.1102","-0.1900","-0.2300","-0.6800","43.4900","91.1200","57.9900","52.6600","26.9200","12","2","52.6600","161.0000","-0.3700","0.0800","43.4900","192.0000","-0.3100","2","60.9500","133.0000","-0.2100","0","73.0800","92.0000","-0.1800","0.0000","73.0800","92.0000","-0.2900","0","73.0800","92.0000","-0.3500","0.0800","47.6300","178.0000","-0.1600","0.0000","73.0800","92.0000","-0.4600","0.0000","99.1100","4.0000","-0.0900","0","99.1100","4.0000","-0.0900","0.0000","99.1100","4.0000","-0.0900","0","99.1100","4.0000","-0.0900","6","0","0"
"AAD2023.06.02752","307","35426","114","University of Missouri - St. Louis","Math, Physics, Astronomy and Statistics, Department of","Mathematics","9","277.0000","59","217.0000","7","258.0000","8.4300","63.0000","721","173.0000","7","248.0000","1.0000","1.0000","1","240.0000","3","211.0000","328216.0000","244.0000","11","146.0000","4","170.0000","1","229.0000","1","215.0000","17","23","7","18","17","0.1100","-0.2800","189.0000","44.3800","0.1100","-0.5000","215.0000","36.6900","0.7800","0.0300","204.0000","39.9400","6.5600","0.4700","103.0000","69.8200","0.7800","0.1900","191.0000","43.7900","80.1100","0.2200","62.0000","81.9500","12.2200","0.0900","64.0000","81.3600","0.1100","-0.7500","236.0000","30.4700","0.3300","-0.4200","175.0000","48.5200","36468.4400","-0.5200","215.0000","36.6900","109405.3300","-0.4100","244.0000","28.1100","1.2200","0.3600","64.0000","81.3600","0.4400","0.4900","100.0000","70.7100","0.0000","113.0000","66.8600","-0.4700","-0.6500","-0.8000","-0.7200","-0.8400","0.6300","0.6014","-0.3100","-0.7000","-0.2800","-0.5000","-0.5900","-0.5700","-0.9400","50.0000","36.6900","26.9200","29.2900","23.9600","81.6600","100.0000","57.1000","32.5400","49.1100","28.1100","37.8700","36.0900","18.3400","338","4/1/2025 16:37","2","1","2.0000","0.2200","0.1100","232.0000","109.0000","225.0000","176.0000","211.0000","-0.7100","0.1234","-0.4000","-0.3400","-0.4500","31.6600","68.0500","33.7300","48.2200","37.8700","12","1","43.2000","193.0000","-0.6000","0.1100","54.1400","156.0000","-0.1400","1","46.4500","182.0000","-0.5600","1","82.2500","61.0000","-0.0900","0.1100","89.3500","37.0000","0.3500","1","90.5300","33.0000","0.3200","0.1100","63.0200","126.0000","0.1900","0.1100","95.5600","16.0000","2.5600","0.0000","99.1100","4.0000","-0.0900","0","99.1100","4.0000","-0.0900","0.0000","99.1100","4.0000","-0.0900","0","99.1100","4.0000","-0.0900","6","0","0"
"AAD2023.06.02752","197","35577","114","St. John's University","Mathematics and Computer Science, Department of","Mathematics","13","246.0000","32","258.0000","8","251.0000","4.0000","241.0000","114","270.0000","7","248.0000","0.8800","243.0000","1","240.0000","2","228.0000","335042.0000","242.0000","3","222.0000","1","249.0000","5","144.0000","3","131.0000","17","23","7","18","17","0.2300","0.7100","76.0000","77.8100","0.3800","0.4800","79.0000","76.9200","0.6200","-0.7700","267.0000","21.3000","2.4600","-0.7800","256.0000","24.5600","0.5400","-0.8400","270.0000","20.4100","8.7700","-0.4600","273.0000","19.5300","3.5600","-0.3000","294.0000","13.3100","0.0800","-0.8900","259.0000","23.6700","0.1500","-0.7100","231.0000","31.9500","25772.4600","-0.5600","233.0000","31.3600","167521.0000","-0.1600","171.0000","49.7000","0.2300","-0.4800","215.0000","36.6900","0.0800","-0.9100","268.0000","21.0100","-0.8000","259.0000","23.6700","-0.7000","-0.2200","-0.8000","-0.7200","-0.7700","-0.5400","-0.0734","-0.4600","-0.2100","-0.4500","-0.5000","-0.6300","-0.7500","-0.6800","26.6300","61.5400","26.9200","29.2900","26.0400","28.9900","28.4000","34.6200","57.6900","20.4100","28.7000","32.8400","23.9600","27.5100","338","4/1/2025 16:37","4","2","2.0000","0.3100","0.1500","192.0000","109.0000","179.0000","149.0000","164.0000","-0.5000","0.1234","-0.3100","-0.1800","-0.1400","43.4900","68.0500","47.3400","56.2100","51.7800","12","0","28.9900","241.0000","-0.8300","0.0000","28.9900","241.0000","-0.7400","0","28.9900","241.0000","-0.9000","14","97.9300","8.0000","1.1500","1.0800","99.4100","3.0000","5.9400","1","90.5300","33.0000","0.3200","0.0000","28.9900","241.0000","-1.0600","0.0800","92.9000","25.0000","1.6300","0.0000","99.1100","4.0000","-0.0900","0","99.1100","4.0000","-0.0900","0.0000","99.1100","4.0000","-0.0900","0","99.1100","4.0000","-0.0900","6","0","0"
"AAD2023.06.02752","154","35603","114","Nova Southeastern University","Mathematics, Department of","Mathematics","15","219.0000","61","212.0000","10","231.0000","6.1000","152.0000","459","206.0000","9","235.0000","0.9000","225.0000","1","240.0000","1","255.0000","97495.0000","273.0000","0","289.0000","0","289.0000","4","156.0000","3","131.0000","17","23","7","18","17","0.2000","0.4600","91.0000","73.3700","0.2700","0.0600","122.0000","64.2000","0.6700","-0.5200","252.0000","25.7400","4.0700","-0.2900","194.0000","42.9000","0.6000","-0.5700","255.0000","24.8500","30.6000","-0.2500","186.0000","45.2700","7.5200","-0.1200","150.0000","55.9200","0.0700","-0.9300","267.0000","21.3000","0.0700","-0.8500","272.0000","19.8200","6499.6700","-0.6500","273.0000","19.5300","97495.0000","-0.4600","256.0000","24.5600","0.0000","-0.6800","289.0000","14.7900","0.0000","-1.2100","289.0000","14.7900","-0.7000","243.0000","28.4000","-0.7800","-0.2200","-0.6700","-0.7200","-0.6400","0.0100","0.0615","-0.5200","-0.3300","-0.3500","-0.5300","-0.6700","-0.5500","-0.5600","14.7900","61.5400","30.7700","29.2900","31.9500","55.3300","33.7300","14.7900","54.1400","39.3500","19.5300","24.8500","37.5700","35.5000","338","4/1/2025 16:37","1","1","1.0000","0.0700","0.0700","232.0000","206.0000","247.0000","269.0000","259.0000","-0.7100","-0.5345","-0.4400","-0.6200","-0.7800","31.6600","39.3500","27.2200","20.7100","23.6700","12","0","28.9900","241.0000","-0.8300","0.0000","28.9900","241.0000","-0.7400","0","28.9900","241.0000","-0.9000","6","94.0800","21.0000","0.3900","0.4000","97.3400","10.0000","2.0200","2","94.9700","18.0000","1.0000","0.0000","28.9900","241.0000","-1.0600","0.1300","97.3400","10.0000","3.1700","0.0000","99.1100","4.0000","-0.0900","0","99.1100","4.0000","-0.0900","0.0000","99.1100","4.0000","-0.0900","0","99.1100","4.0000","-0.0900","6","0","0"
"AAD2023.06.02752","63","35628","114","East Tennessee State University","Mathematics and Statistics, Department of","Mathematics","16","205.0000","27","263.0000","10","231.0000","2.7000","290.0000","108","272.0000","8","242.0000","0.8000","283.0000","2","204.0000","2","228.0000","624030.0000","216.0000","0","289.0000","0","289.0000","8","89.0000","3","131.0000","17","23","7","18","17","0.1900","0.3500","110.0000","67.7500","0.5000","0.9000","41.0000","88.1700","0.6300","-0.7200","266.0000","21.6000","1.6900","-1.0200","284.0000","16.2700","0.5000","-1.0000","276.0000","18.6400","6.7500","-0.4800","284.0000","16.2700","4.0000","-0.2800","278.0000","18.0500","0.1300","-0.6900","225.0000","33.7300","0.1300","-0.7500","243.0000","28.4000","39001.8800","-0.5000","214.0000","36.9800","312015.0000","0.4700","52.0000","84.9100","0.0000","-0.6800","289.0000","14.7900","0.0000","-1.2100","289.0000","14.7900","-0.9000","275.0000","18.9300","-0.7800","-0.2200","-0.7300","-0.6400","-0.6400","-0.8800","-0.4783","-0.5200","0.1700","-0.4500","-0.4700","-0.6300","-0.7800","-0.5000","14.7900","61.5400","28.7000","39.9400","31.9500","14.5000","16.5700","14.7900","73.9600","19.8200","36.3900","32.8400","22.4900","39.6500","338","4/1/2025 16:37","1","1","1.0000","0.0600","0.0600","232.0000","206.0000","247.0000","272.0000","264.0000","-0.7100","-0.5345","-0.4400","-0.6200","-0.8100","31.6600","39.3500","27.2200","19.8200","22.1900","12","0","28.9900","241.0000","-0.8300","0.0000","28.9900","241.0000","-0.7400","0","28.9900","241.0000","-0.9000","0","73.0800","92.0000","-0.1800","0.0000","73.0800","92.0000","-0.2900","0","73.0800","92.0000","-0.3500","0.0000","28.9900","241.0000","-1.0600","0.0000","73.0800","92.0000","-0.4600","0.0000","99.1100","4.0000","-0.0900","0","99.1100","4.0000","-0.0900","0.0000","99.1100","4.0000","-0.0900","0","99.1100","4.0000","-0.0900","6","0","0"
"AAD2023.06.02752","333","35655","114","University of South Dakota, The","Mathematical Sciences, Department of","Mathematics","5","320.0000","37","249.0000","5","281.0000","7.4000","103.0000","126","266.0000","5","274.0000","1.0000","1.0000","0","285.0000","0","285.0000","0.0000","285.0000","1","261.0000","1","249.0000","3","179.0000","1","215.0000","17","23","7","18","17","0.2000","0.4600","91.0000","73.3700","0.6000","1.2500","27.0000","92.3100","1.0000","1.1300","1.0000","100.0000","7.4000","0.7300","71.0000","79.2900","1.0000","1.1500","1.0000","100.0000","25.2000","-0.3100","201.0000","40.8300","3.4100","-0.3100","297.0000","12.4300","0.0000","-1.2000","285.0000","15.9800","0.0000","-0.9600","285.0000","15.9800","0.0000","-0.6800","285.0000","15.9800","0.0000","-0.8800","285.0000","15.9800","0.2000","-0.5100","223.0000","34.3200","0.2000","-0.4400","192.0000","43.4900","-0.5000","213.0000","37.2800","-0.7000","-0.6500","-0.9200","-0.8100","-0.9700","0.3500","0.6014","-0.5000","-0.4600","-0.4400","-0.5400","-0.7000","-0.7100","-1.1900","26.6300","36.6900","19.2300","15.9800","17.1600","69.8200","100.0000","23.0800","47.3400","21.6000","15.9800","15.9800","26.6300","5.6200","338","4/1/2025 16:37","1","1","1.0000","0.2000","0.2000","232.0000","206.0000","247.0000","190.0000","121.0000","-0.7100","-0.5345","-0.4400","-0.3800","0.2100","31.6600","39.3500","27.2200","44.0800","64.5000","12","6","81.6600","63.0000","0.5400","1.2000","99.7000","2.0000","5.7100","1","46.4500","182.0000","-0.5600","0","73.0800","92.0000","-0.1800","0.0000","73.0800","92.0000","-0.2900","0","73.0800","92.0000","-0.3500","0.2000","90.8300","32.0000","1.1900","0.0000","73.0800","92.0000","-0.4600","0.0000","99.1100","4.0000","-0.0900","0","99.1100","4.0000","-0.0900","0.0000","99.1100","4.0000","-0.0900","0","99.1100","4.0000","-0.0900","6","0","0"
"AAD2023.06.02752","219","35705","114","Texas Christian University","Mathematics, Department of","Mathematics","14","236.0000","22","270.0000","9","240.0000","2.4400","296.0000","49","297.0000","7","248.0000","0.6400","320.0000","1","240.0000","1","255.0000","28234.0000","283.0000","7","174.0000","3","195.0000","8","89.0000","6","73.0000","17","23","7","18","17","0.4300","2.3500","9.0000","97.6300","0.5700","1.1500","32.0000","90.8300","0.6400","-0.6400","260.0000","23.3700","1.5700","-1.0500","286.0000","15.6800","0.5000","-1.0000","276.0000","18.6400","3.5000","-0.5100","314.0000","7.4000","2.2300","-0.3700","317.0000","6.5100","0.0700","-0.9100","263.0000","22.4900","0.0700","-0.8400","268.0000","21.0100","2016.7100","-0.6700","284.0000","16.2700","28234.0000","-0.7600","282.0000","16.8600","0.5000","-0.2500","153.0000","55.0300","0.2100","-0.3900","189.0000","44.3800","-0.9000","275.0000","18.9300","-0.5500","0.4300","-0.8000","-0.7200","-0.7100","-0.9500","-1.3616","-0.3900","0.1700","-0.4700","-0.5400","-0.6700","-0.8100","-0.6200","42.6000","78.7000","26.9200","29.2900","29.2900","12.7200","5.6200","48.8200","73.9600","12.4300","16.5700","24.8500","20.4100","30.4700","338","4/1/2025 16:37","2","2","1.0000","0.1400","0.1400","192.0000","206.0000","225.0000","218.0000","175.0000","-0.5000","-0.5345","-0.4000","-0.4800","-0.2200","43.4900","39.3500","33.7300","35.8000","48.5200","12","3","63.6100","124.0000","-0.1400","0.2100","78.4000","74.0000","0.4100","3","72.1900","95.0000","0.1300","0","73.0800","92.0000","-0.1800","0.0000","73.0800","92.0000","-0.2900","0","73.0800","92.0000","-0.3500","0.2100","93.2000","24.0000","1.3500","0.0000","73.0800","92.0000","-0.4600","0.0000","99.1100","4.0000","-0.0900","0","99.1100","4.0000","-0.0900","0.0000","99.1100","4.0000","-0.0900","0","99.1100","4.0000","-0.0900","6","0","0"
"AAD2023.06.02752","224","35720","114","Texas Woman's University","Mathematics, Division of","Mathematics","7","296.0000","13","290.0000","5","281.0000","2.6000","291.0000","76","286.0000","4","283.0000","0.8000","283.0000","0","285.0000","0","285.0000","0.0000","285.0000","0","289.0000","0","289.0000","3","179.0000","1","215.0000","17","23","7","18","17","0.1400","-0.0200","151.0000","55.6200","0.4300","0.6400","61.0000","82.2500","0.7100","-0.2800","239.0000","29.5900","1.8600","-0.9700","280.0000","17.4600","0.5700","-0.7000","264.0000","22.1900","10.8600","-0.4400","262.0000","22.7800","5.8500","-0.2000","213.0000","37.2800","0.0000","-1.2000","285.0000","15.9800","0.0000","-0.9600","285.0000","15.9800","0.0000","-0.6800","285.0000","15.9800","0.0000","-0.8800","285.0000","15.9800","0.0000","-0.6800","289.0000","14.7900","0.0000","-1.2100","289.0000","14.7900","-0.9000","275.0000","18.9300","-0.7800","-0.6500","-0.9900","-0.8100","-0.9700","-0.9100","-0.4783","-0.5200","-0.4600","-0.4600","-0.5400","-0.7000","-0.8700","-1.0600","14.7900","36.6900","16.5700","15.9800","17.1600","14.2000","16.5700","14.7900","47.3400","15.6800","15.9800","15.9800","14.5000","12.7200","338","4/1/2025 16:37","2","1","2.0000","0.2900","0.1400","232.0000","109.0000","225.0000","157.0000","175.0000","-0.7100","0.1234","-0.4000","-0.2200","-0.2200","31.6600","68.0500","33.7300","53.8500","48.5200","12","0","28.9900","241.0000","-0.8300","0.0000","28.9900","241.0000","-0.7400","0","28.9900","241.0000","-0.9000","0","73.0800","92.0000","-0.1800","0.0000","73.0800","92.0000","-0.2900","0","73.0800","92.0000","-0.3500","0.0000","28.9900","241.0000","-1.0600","0.0000","73.0800","92.0000","-0.4600","0.0000","99.1100","4.0000","-0.0900","0","99.1100","4.0000","-0.0900","0.0000","99.1100","4.0000","-0.0900","0","99.1100","4.0000","-0.0900","6","0","0"
"AAD2023.06.02752","214","35786","114","Tennessee Technological University","Mathematics, Department of","Mathematics","16","205.0000","19","274.0000","7","258.0000","2.7100","289.0000","82","284.0000","7","248.0000","0.8800","243.0000","0","285.0000","0","285.0000","0.0000","285.0000","0","289.0000","0","289.0000","0","268.0000","0","268.0000","17","23","7","18","17","0.0000","-1.2000","268.0000","21.0100","0.0000","-0.9000","268.0000","21.0100","0.4400","-1.6500","311.0000","8.2800","1.1900","-1.1700","296.0000","12.7200","0.4400","-1.2700","296.0000","12.7200","5.1300","-0.5000","301.0000","11.2400","4.3200","-0.2700","272.0000","19.8200","0.0000","-1.2000","285.0000","15.9800","0.0000","-0.9600","285.0000","15.9800","0.0000","-0.6800","285.0000","15.9800","0.0000","-0.8800","285.0000","15.9800","0.0000","-0.6800","289.0000","14.7900","0.0000","-1.2100","289.0000","14.7900","-1.1000","306.0000","9.7600","-0.7800","-0.8700","-0.8000","-0.8100","-0.8400","-0.8800","-0.0734","-0.5200","-0.8300","-0.4600","-0.5400","-0.7000","-0.8300","-0.5000","14.7900","21.0100","26.9200","15.9800","23.9600","14.7900","28.4000","14.7900","21.0100","16.2700","15.9800","15.9800","19.2300","39.6500","338","4/1/2025 16:37","2","2","1.0000","0.1300","0.1300","192.0000","206.0000","225.0000","233.0000","199.0000","-0.5000","-0.5345","-0.4000","-0.5100","-0.3500","43.4900","39.3500","33.7300","31.3600","41.4200","12","0","28.9900","241.0000","-0.8300","0.0000","28.9900","241.0000","-0.7400","0","28.9900","241.0000","-0.9000","0","73.0800","92.0000","-0.1800","0.0000","73.0800","92.0000","-0.2900","0","73.0800","92.0000","-0.3500","0.0000","28.9900","241.0000","-1.0600","0.0000","73.0800","92.0000","-0.4600","0.0000","99.1100","4.0000","-0.0900","0","99.1100","4.0000","-0.0900","0.0000","99.1100","4.0000","-0.0900","0","99.1100","4.0000","-0.0900","6","0","0"
"AAD2023.06.02752","18","35815","114","Barry University","Mathematics and Computer Science, Department of","Mathematics","4","328.0000","5","314.0000","2","326.0000","2.5000","293.0000","0","331.0000","0","331.0000","0.0000","331.0000","0","285.0000","0","285.0000","0.0000","285.0000","0","289.0000","0","289.0000","0","268.0000","0","268.0000","17","23","7","18","17","0.0000","-1.2000","268.0000","21.0100","0.0000","-0.9000","268.0000","21.0100","0.5000","-1.3400","290.0000","14.5000","1.2500","-1.1500","293.0000","13.6100","0.0000","-3.1600","331.0000","2.3700","0.0000","-0.5500","331.0000","2.3700","0.0000","-0.4700","331.0000","2.3700","0.0000","-1.2000","285.0000","15.9800","0.0000","-0.9600","285.0000","15.9800","0.0000","-0.6800","285.0000","15.9800","0.0000","-0.8800","285.0000","15.9800","0.0000","-0.6800","289.0000","14.7900","0.0000","-1.2100","289.0000","14.7900","-1.2000","322.0000","5.0300","-0.7800","-0.8700","-1.2500","-0.8100","-1.1600","-0.9300","-4.7969","-0.5200","-0.8300","-0.4800","-0.5400","-0.7000","-0.9300","-1.2500","14.7900","21.0100","2.3700","15.9800","3.8500","13.6100","2.3700","14.7900","21.0100","2.3700","15.9800","15.9800","7.4000","3.2500","338","4/1/2025 16:37","1","1","1.0000","0.2500","0.2500","232.0000","206.0000","247.0000","167.0000","79.0000","-0.7100","-0.5345","-0.4400","-0.2900","0.5800","31.6600","39.3500","27.2200","50.8900","76.9200","12","0","28.9900","241.0000","-0.8300","0.0000","28.9900","241.0000","-0.7400","0","28.9900","241.0000","-0.9000","0","73.0800","92.0000","-0.1800","0.0000","73.0800","92.0000","-0.2900","0","73.0800","92.0000","-0.3500","0.0000","28.9900","241.0000","-1.0600","0.0000","73.0800","92.0000","-0.4600","0.0000","99.1100","4.0000","-0.0900","0","99.1100","4.0000","-0.0900","0.0000","99.1100","4.0000","-0.0900","0","99.1100","4.0000","-0.0900","6","0","0"
"AAD2023.06.02752","91","35959","114","Idaho State University","Mathematics and Statistics, Department of","Mathematics","12","256.0000","34","253.0000","9","240.0000","3.7800","255.0000","92","280.0000","8","242.0000","0.8900","235.0000","1","240.0000","2","228.0000","625751.0000","215.0000","2","237.0000","1","249.0000","1","229.0000","1","215.0000","17","23","7","18","17","0.0800","-0.5100","219.0000","35.5000","0.0800","-0.6000","232.0000","31.6600","0.7500","-0.1100","219.0000","35.5000","2.8300","-0.6700","245.0000","27.8100","0.6700","-0.2900","235.0000","30.7700","7.6700","-0.4700","280.0000","17.4600","2.7100","-0.3400","308.0000","9.1700","0.0800","-0.8600","255.0000","24.8500","0.1700","-0.6900","223.0000","34.3200","52145.9200","-0.4400","195.0000","42.6000","312875.5000","0.4700","51.0000","85.2100","0.1700","-0.5400","236.0000","30.4700","0.0800","-0.8900","263.0000","22.4900","-0.8000","259.0000","23.6700","-0.7000","-0.6500","-0.7300","-0.7200","-0.7100","-0.6000","0.0016","-0.4800","-0.7000","-0.4500","-0.4700","-0.6300","-0.7300","-0.7500","26.6300","36.6900","28.7000","29.2900","29.2900","24.8500","30.7700","30.1800","32.5400","17.4600","36.6900","32.8400","25.4400","24.5600","338","4/1/2025 16:37","5","3","1.6700","0.4200","0.2500","165.0000","148.0000","170.0000","111.0000","79.0000","-0.3000","-0.0937","-0.2700","0.0100","0.5800","51.4800","56.5100","50.0000","67.4600","76.9200","12","0","28.9900","241.0000","-0.8300","0.0000","28.9900","241.0000","-0.7400","0","28.9900","241.0000","-0.9000","0","73.0800","92.0000","-0.1800","0.0000","73.0800","92.0000","-0.2900","0","73.0800","92.0000","-0.3500","0.0000","28.9900","241.0000","-1.0600","0.0000","73.0800","92.0000","-0.4600","0.0000","99.1100","4.0000","-0.0900","0","99.1100","4.0000","-0.0900","0.0000","99.1100","4.0000","-0.0900","0","99.1100","4.0000","-0.0900","6","0","0"
"AAD2023.06.02752","61","35992","114","Duquesne University","Mathematics and Computer Science, Department of","Mathematics","12","256.0000","42","245.0000","7","258.0000","6.0000","158.0000","328","226.0000","8","242.0000","0.8900","235.0000","3","185.0000","3","211.0000","485196.0000","227.0000","2","237.0000","1","249.0000","3","179.0000","2","171.0000","17","23","7","18","17","0.1700","0.1800","132.0000","61.2400","0.2500","0.0000","130.0000","61.8300","0.5800","-0.9300","274.0000","19.2300","3.5000","-0.4600","219.0000","35.5000","0.6700","-0.2900","235.0000","30.7700","27.3300","-0.2900","195.0000","42.6000","7.8100","-0.1100","143.0000","57.9900","0.2500","-0.1800","161.0000","52.6600","0.2500","-0.5500","199.0000","41.4200","40433.0000","-0.5000","212.0000","37.5700","161732.0000","-0.1800","180.0000","47.0400","0.1700","-0.5400","236.0000","30.4700","0.0800","-0.8900","263.0000","22.4900","-0.6000","225.0000","33.7300","-0.7000","-0.4400","-0.7300","-0.5500","-0.8400","-0.0100","0.0016","-0.4800","-0.4600","-0.3900","-0.4900","-0.5900","-0.6800","-0.7500","26.6300","49.7000","28.7000","45.5600","23.9600","53.5500","30.7700","30.1800","47.3400","33.4300","33.1400","37.8700","27.8100","24.5600","338","4/1/2025 16:37","3","2","1.5000","0.2500","0.1700","192.0000","163.0000","199.0000","167.0000","153.0000","-0.5000","-0.2056","-0.3600","-0.2900","-0.0400","43.4900","52.0700","41.4200","50.8900","55.0300","12","0","28.9900","241.0000","-0.8300","0.0000","28.9900","241.0000","-0.7400","0","28.9900","241.0000","-0.9000","3","91.1200","31.0000","0.1000","0.2500","94.6700","19.0000","1.1500","1","90.5300","33.0000","0.3200","0.0000","28.9900","241.0000","-1.0600","0.0800","93.2000","24.0000","1.8100","0.0000","99.1100","4.0000","-0.0900","0","99.1100","4.0000","-0.0900","0.0000","99.1100","4.0000","-0.0900","0","99.1100","4.0000","-0.0900","6","0","0"
"AAD2023.06.02752","558642","36066","114","Tarleton State University","Mathematics, Department of","Mathematics","14","236.0000","5","314.0000","6","269.0000","0.8300","331.0000","87","282.0000","6","267.0000","0.7500","295.0000","0","285.0000","0","285.0000","0.0000","285.0000","0","289.0000","0","289.0000","0","268.0000","0","268.0000","17","23","7","18","17","0.0000","-1.2000","268.0000","21.0100","0.0000","-0.9000","268.0000","21.0100","0.4300","-1.6900","312.0000","7.9900","0.3600","-1.4300","330.0000","2.6600","0.4300","-1.3100","298.0000","12.1300","6.2100","-0.4900","288.0000","15.0900","17.4000","0.3300","29.0000","91.7200","0.0000","-1.2000","285.0000","15.9800","0.0000","-0.9600","285.0000","15.9800","0.0000","-0.6800","285.0000","15.9800","0.0000","-0.8800","285.0000","15.9800","0.0000","-0.6800","289.0000","14.7900","0.0000","-1.2100","289.0000","14.7900","-1.1000","306.0000","9.7600","-0.7800","-0.8700","-0.8600","-0.8100","-0.9000","-1.3700","-0.7482","-0.5200","-0.8300","-0.4600","-0.5400","-0.7000","-0.9300","-0.6200","14.7900","21.0100","21.3000","15.9800","20.7100","2.3700","13.0200","14.7900","21.0100","16.8600","15.9800","15.9800","7.4000","30.4700","338","4/1/2025 16:37","1","1","1.0000","0.0700","0.0700","232.0000","206.0000","247.0000","264.0000","254.0000","-0.7100","-0.5345","-0.4400","-0.6100","-0.7500","31.6600","39.3500","27.2200","22.1900","25.1500","12","0","28.9900","241.0000","-0.8300","0.0000","28.9900","241.0000","-0.7400","0","28.9900","241.0000","-0.9000","0","73.0800","92.0000","-0.1800","0.0000","73.0800","92.0000","-0.2900","0","73.0800","92.0000","-0.3500","0.0000","28.9900","241.0000","-1.0600","0.0000","73.0800","92.0000","-0.4600","0.0000","99.1100","4.0000","-0.0900","0","99.1100","4.0000","-0.0900","0.0000","99.1100","4.0000","-0.0900","0","99.1100","4.0000","-0.0900","6","0","0"
"AAD2023.06.02752","13","36141","114","Arkansas State University","Mathematics & Statistics, Department of","Mathematics","10","270.0000","21","271.0000","6","269.0000","3.5000","264.0000","62","288.0000","7","248.0000","1.0000","1.0000","0","285.0000","0","285.0000","0.0000","285.0000","0","289.0000","0","289.0000","2","207.0000","1","215.0000","17","23","7","18","17","0.1000","-0.3700","204.0000","39.9400","0.2000","-0.1800","162.0000","52.3700","0.6000","-0.8500","270.0000","20.4100","2.1000","-0.8900","268.0000","21.0100","0.7000","-0.1400","224.0000","34.0200","6.2000","-0.4900","289.0000","14.7900","2.9500","-0.3300","303.0000","10.6500","0.0000","-1.2000","285.0000","15.9800","0.0000","-0.9600","285.0000","15.9800","0.0000","-0.6800","285.0000","15.9800","0.0000","-0.8800","285.0000","15.9800","0.0000","-0.6800","289.0000","14.7900","0.0000","-1.2100","289.0000","14.7900","-0.9000","275.0000","18.9300","-0.7800","-0.6500","-0.8000","-0.8100","-0.9000","-0.6700","0.6014","-0.5200","-0.5800","-0.4600","-0.5400","-0.7000","-0.8200","-0.8700","14.7900","36.6900","26.9200","15.9800","20.7100","22.1900","100.0000","14.7900","39.0500","15.0900","15.9800","15.9800","20.1200","20.4100","338","4/1/2025 16:37","0","0","0.0000","0.0000","0.0000","287.0000","287.0000","287.0000","287.0000","287.0000","-0.9100","-1.1925","-0.4900","-0.7400","-1.2800","15.3800","15.3800","15.3800","15.3800","15.3800","12","0","28.9900","241.0000","-0.8300","0.0000","28.9900","241.0000","-0.7400","0","28.9900","241.0000","-0.9000","0","73.0800","92.0000","-0.1800","0.0000","73.0800","92.0000","-0.2900","0","73.0800","92.0000","-0.3500","0.0000","28.9900","241.0000","-1.0600","0.0000","73.0800","92.0000","-0.4600","0.0000","99.1100","4.0000","-0.0900","0","99.1100","4.0000","-0.0900","0.0000","99.1100","4.0000","-0.0900","0","99.1100","4.0000","-0.0900","6","0","0"
"AAD2023.06.02752","16","36166","114","Azusa Pacific University","Mathematics, Physics, and Statistics, Department of","Mathematics","9","277.0000","24","266.0000","6","269.0000","4.0000","241.0000","45","300.0000","4","283.0000","0.6700","310.0000","1","240.0000","1","255.0000","104343.0000","270.0000","0","289.0000","0","289.0000","1","229.0000","1","215.0000","17","23","7","18","17","0.1100","-0.2800","189.0000","44.3800","0.1100","-0.5000","215.0000","36.6900","0.6700","-0.5200","252.0000","25.7400","2.6700","-0.7200","249.0000","26.6300","0.4400","-1.2400","292.0000","13.9100","5.0000","-0.5000","302.0000","10.9500","1.8800","-0.3800","322.0000","5.0300","0.1100","-0.7500","236.0000","30.4700","0.1100","-0.7800","251.0000","26.0400","11593.6700","-0.6300","258.0000","23.9600","104343.0000","-0.4300","250.0000","26.3300","0.0000","-0.6800","289.0000","14.7900","0.0000","-1.2100","289.0000","14.7900","-0.9000","275.0000","18.9300","-0.7800","-0.6500","-0.9900","-0.7200","-0.9000","-0.5400","-1.1981","-0.5200","-0.7000","-0.4700","-0.5300","-0.6700","-0.8000","-0.9400","14.7900","36.6900","16.5700","29.2900","20.7100","28.9900","8.5800","14.7900","32.5400","11.5400","20.4100","24.8500","21.6000","18.3400","338","4/1/2025 16:37","0","0","0.0000","0.0000","0.0000","287.0000","287.0000","287.0000","287.0000","287.0000","-0.9100","-1.1925","-0.4900","-0.7400","-1.2800","15.3800","15.3800","15.3800","15.3800","15.3800","12","1","43.2000","193.0000","-0.6000","0.1100","54.1400","156.0000","-0.1400","1","46.4500","182.0000","-0.5600","0","73.0800","92.0000","-0.1800","0.0000","73.0800","92.0000","-0.2900","0","73.0800","92.0000","-0.3500","0.1100","63.0200","126.0000","0.1900","0.0000","73.0800","92.0000","-0.4600","0.0000","99.1100","4.0000","-0.0900","0","99.1100","4.0000","-0.0900","0.0000","99.1100","4.0000","-0.0900","0","99.1100","4.0000","-0.0900","6","0","0"
"AAD2023.06.02752","377","36181","114","Boise State University","Mathematics, Department of","Mathematics","23","145.0000","60","214.0000","18","155.0000","3.3300","270.0000","327","227.0000","18","149.0000","0.9500","167.0000","8","124.0000","13","127.0000","8750127.0000","59.0000","6","179.0000","6","146.0000","2","207.0000","2","171.0000","17","23","7","18","17","0.0900","-0.4800","216.0000","36.3900","0.0900","-0.5800","231.0000","31.9500","0.7800","0.0500","201.0000","40.8300","2.6100","-0.7400","250.0000","26.3300","0.7800","0.2100","186.0000","45.2700","14.2200","-0.4100","245.0000","27.8100","5.4500","-0.2200","227.0000","33.1400","0.3500","0.2200","125.0000","63.3100","0.5700","-0.0400","128.0000","62.4300","380440.3000","1.0400","30.0000","91.4200","673086.6900","2.0300","12.0000","96.7500","0.2600","-0.4600","203.0000","40.2400","0.2600","-0.2100","164.0000","51.7800","-0.4000","189.0000","44.3800","-0.3100","-0.4400","-0.0900","-0.1100","-0.1300","-0.7200","0.3172","-0.4100","-0.5800","-0.3900","0.4100","-0.2300","-0.5600","-0.0600","57.1000","49.7000","56.2100","63.6100","54.4400","20.4100","50.8900","47.3400","39.0500","33.1400","82.8400","62.7200","36.9800","57.4000","338","4/1/2025 16:37","17","7","2.4300","0.7400","0.3000","66.0000","86.0000","57.0000","46.0000","54.0000","0.5200","0.4063","0.2500","0.5900","0.9800","80.7700","74.8500","83.4300","86.6900","84.3200","12","3","63.6100","124.0000","-0.1400","0.1300","57.4000","145.0000","-0.0400","3","72.1900","95.0000","0.1300","0","73.0800","92.0000","-0.1800","0.0000","73.0800","92.0000","-0.2900","0","73.0800","92.0000","-0.3500","0.1300","67.1600","112.0000","0.4100","0.0000","73.0800","92.0000","-0.4600","0.0000","99.1100","4.0000","-0.0900","0","99.1100","4.0000","-0.0900","0.0000","99.1100","4.0000","-0.0900","0","99.1100","4.0000","-0.0900","6","0","0"
"AAD2023.06.02752","42","36218","114","Clark University","Mathematics, Department of","Mathematics","4","328.0000","32","258.0000","4","290.0000","8.0000","80.0000","93","279.0000","4","283.0000","1.0000","1.0000","1","240.0000","1","255.0000","61034.0000","277.0000","0","289.0000","0","289.0000","0","268.0000","0","268.0000","17","23","7","18","17","0.0000","-1.2000","268.0000","21.0100","0.0000","-0.9000","268.0000","21.0100","1.0000","1.1300","1.0000","100.0000","8.0000","0.9100","52.0000","84.9100","1.0000","1.1500","1.0000","100.0000","23.2500","-0.3200","205.0000","39.6500","2.9100","-0.3300","305.0000","10.0600","0.2500","-0.1800","161.0000","52.6600","0.2500","-0.5500","199.0000","41.4200","15258.5000","-0.6100","251.0000","26.0400","61034.0000","-0.6200","272.0000","19.8200","0.0000","-0.6800","289.0000","14.7900","0.0000","-1.2100","289.0000","14.7900","0.1000","99.0000","71.0100","-0.7800","-0.8700","-0.9900","-0.7200","-1.0300","0.5100","0.6014","-0.5200","-0.8300","-0.4500","-0.5300","-0.6700","-0.7500","-1.2500","14.7900","21.0100","16.5700","29.2900","14.5000","76.6300","100.0000","14.7900","21.0100","17.7500","18.3400","24.8500","23.9600","3.2500","338","4/1/2025 16:37","1","1","1.0000","0.2500","0.2500","232.0000","206.0000","247.0000","167.0000","79.0000","-0.7100","-0.5345","-0.4400","-0.2900","0.5800","31.6600","39.3500","27.2200","50.8900","76.9200","12","0","28.9900","241.0000","-0.8300","0.0000","28.9900","241.0000","-0.7400","0","28.9900","241.0000","-0.9000","0","73.0800","92.0000","-0.1800","0.0000","73.0800","92.0000","-0.2900","0","73.0800","92.0000","-0.3500","0.0000","28.9900","241.0000","-1.0600","0.0000","73.0800","92.0000","-0.4600","0.0000","99.1100","4.0000","-0.0900","0","99.1100","4.0000","-0.0900","0.0000","99.1100","4.0000","-0.0900","0","99.1100","4.0000","-0.0900","6","0","0"
"AAD2023.06.02752","57","36269","114","DePaul University","Mathematical Sciences, Department of","Mathematics","26","118.0000","101","169.0000","20","138.0000","5.0500","197.0000","466","201.0000","18","149.0000","0.8600","260.0000","1","240.0000","1","255.0000","133872.0000","263.0000","6","179.0000","5","154.0000","8","89.0000","5","92.0000","17","23","7","18","17","0.1900","0.3900","108.0000","68.3400","0.3100","0.2100","110.0000","67.7500","0.7700","-0.0100","210.0000","38.1700","3.8800","-0.3500","201.0000","40.8300","0.6900","-0.1800","229.0000","32.5400","17.9200","-0.3800","236.0000","30.4700","4.6100","-0.2600","265.0000","21.8900","0.0400","-1.0400","282.0000","16.8600","0.0400","-0.8900","283.0000","16.5700","5148.9200","-0.6600","275.0000","18.9300","133872.0000","-0.3000","209.0000","38.4600","0.2300","-0.4800","215.0000","36.6900","0.1900","-0.4700","198.0000","41.7200","-0.4000","189.0000","44.3800","-0.3900","0.2100","-0.0900","-0.7200","0.0000","-0.2600","-0.1698","-0.4100","0.1700","-0.3500","-0.5300","-0.6700","-0.2900","0.1300","54.7300","73.0800","56.2100","29.2900","59.4700","42.0100","23.3700","47.3400","73.9600","40.8300","22.4900","24.8500","50.3000","65.3800","338","4/1/2025 16:37","4","3","1.3300","0.1500","0.1200","165.0000","187.0000","179.0000","211.0000","210.0000","-0.3000","-0.3174","-0.3100","-0.4600","-0.4200","51.4800","44.9700","47.3400","37.8700","38.1700","12","3","63.6100","124.0000","-0.1400","0.1200","54.7300","154.0000","-0.1200","3","72.1900","95.0000","0.1300","0","73.0800","92.0000","-0.1800","0.0000","73.0800","92.0000","-0.2900","0","73.0800","92.0000","-0.3500","0.1200","63.9100","123.0000","0.2400","0.0000","73.0800","92.0000","-0.4600","0.0000","99.1100","4.0000","-0.0900","0","99.1100","4.0000","-0.0900","0.0000","99.1100","4.0000","-0.0900","0","99.1100","4.0000","-0.0900","6","0","0"
"AAD2023.06.02752","554573","36318","114","Georgia Southern University","Mathematical Sciences, Department of","Mathematics","44","40.0000","140","127.0000","31","64.0000","4.5200","222.0000","737","167.0000","30","61.0000","0.8300","272.0000","4","168.0000","5","180.0000","267265.0000","247.0000","4","211.0000","4","170.0000","10","70.0000","8","51.0000","17","23","7","18","17","0.1800","0.3100","115.0000","66.2700","0.2300","-0.0800","151.0000","55.6200","0.7000","-0.3300","243.0000","28.4000","3.1800","-0.5600","229.0000","32.5400","0.6800","-0.2200","233.0000","31.3600","16.7500","-0.3900","239.0000","29.5900","5.2600","-0.2300","236.0000","30.4700","0.0900","-0.8300","252.0000","25.7400","0.1100","-0.7700","250.0000","26.3300","6074.2000","-0.6500","274.0000","19.2300","53453.0000","-0.6500","276.0000","18.6400","0.0900","-0.6000","268.0000","21.0100","0.0900","-0.8600","258.0000","23.9600","-0.6000","225.0000","33.7300","-0.4700","0.8600","0.6900","-0.4600","0.7200","-0.4000","-0.2983","-0.4400","0.4100","-0.2800","-0.5100","-0.5200","-0.0300","1.2600","50.0000","85.2100","82.2500","50.5900","81.3600","34.6200","19.8200","37.8700","79.5900","50.8900","27.2200","47.0400","62.7200","88.4600","338","4/1/2025 16:37","7","3","2.3300","0.1600","0.0700","165.0000","91.0000","143.0000","210.0000","258.0000","-0.3000","0.3405","-0.1900","-0.4500","-0.7700","51.4800","73.3700","57.9900","38.1700","23.9600","12","9","88.7600","39.0000","1.2200","0.2000","77.2200","78.0000","0.3600","6","89.6400","36.0000","1.1500","0","73.0800","92.0000","-0.1800","0.0000","73.0800","92.0000","-0.2900","0","73.0800","92.0000","-0.3500","0.1400","69.2300","105.0000","0.4800","0.0000","73.0800","92.0000","-0.4600","0.0000","99.1100","4.0000","-0.0900","0","99.1100","4.0000","-0.0900","0.0000","99.1100","4.0000","-0.0900","0","99.1100","4.0000","-0.0900","6","0","0"
"AAD2023.06.02752","86","36336","114","Hampton University","Mathematics, Department of","Mathematics","8","290.0000","9","302.0000","4","290.0000","2.2500","302.0000","44","302.0000","3","299.0000","0.7500","295.0000","2","204.0000","4","192.0000","977132.0000","191.0000","0","289.0000","0","289.0000","0","268.0000","0","268.0000","17","23","7","18","17","0.0000","-1.2000","268.0000","21.0100","0.0000","-0.9000","268.0000","21.0100","0.5000","-1.3400","290.0000","14.5000","1.1300","-1.1900","301.0000","11.2400","0.3800","-1.5400","305.0000","10.0600","5.5000","-0.4900","297.0000","12.4300","4.8900","-0.2400","253.0000","25.4400","0.2500","-0.1800","161.0000","52.6600","0.5000","-0.1400","143.0000","57.9900","122141.5000","-0.1300","128.0000","62.4300","244283.0000","0.1700","90.0000","73.6700","0.0000","-0.6800","289.0000","14.7900","0.0000","-1.2100","289.0000","14.7900","-1.0000","293.0000","13.6100","-0.7800","-0.8700","-1.0500","-0.6400","-1.0300","-1.0000","-0.7482","-0.5200","-0.8300","-0.4700","-0.4300","-0.5600","-0.9000","-1.0000","14.7900","21.0100","11.8300","39.9400","14.5000","10.9500","13.0200","14.7900","21.0100","10.9500","43.7900","43.4900","10.9500","14.5000","338","4/1/2025 16:37","0","0","0.0000","0.0000","0.0000","287.0000","287.0000","287.0000","287.0000","287.0000","-0.9100","-1.1925","-0.4900","-0.7400","-1.2800","15.3800","15.3800","15.3800","15.3800","15.3800","12","0","28.9900","241.0000","-0.8300","0.0000","28.9900","241.0000","-0.7400","0","28.9900","241.0000","-0.9000","0","73.0800","92.0000","-0.1800","0.0000","73.0800","92.0000","-0.2900","0","73.0800","92.0000","-0.3500","0.0000","28.9900","241.0000","-1.0600","0.0000","73.0800","92.0000","-0.4600","0.0000","99.1100","4.0000","-0.0900","0","99.1100","4.0000","-0.0900","0.0000","99.1100","4.0000","-0.0900","0","99.1100","4.0000","-0.0900","6","0","0"
"AAD2023.06.02752","130","36457","114","Mercer University","Mathematics, Department of","Mathematics","12","256.0000","17","281.0000","6","269.0000","2.8300","283.0000","49","297.0000","5","274.0000","0.7100","306.0000","0","285.0000","0","285.0000","0.0000","285.0000","1","261.0000","1","249.0000","1","229.0000","1","215.0000","17","23","7","18","17","0.0800","-0.5100","219.0000","35.5000","0.0800","-0.6000","232.0000","31.6600","0.5000","-1.3400","290.0000","14.5000","1.4200","-1.1000","291.0000","14.2000","0.4200","-1.3600","302.0000","10.9500","4.0800","-0.5100","310.0000","8.5800","2.8800","-0.3400","306.0000","9.7600","0.0000","-1.2000","285.0000","15.9800","0.0000","-0.9600","285.0000","15.9800","0.0000","-0.6800","285.0000","15.9800","0.0000","-0.8800","285.0000","15.9800","0.0800","-0.6100","272.0000","19.8200","0.0800","-0.8900","263.0000","22.4900","-1.0000","293.0000","13.6100","-0.7000","-0.6500","-0.9200","-0.8100","-0.9000","-0.8500","-0.9410","-0.5000","-0.7000","-0.4700","-0.5400","-0.7000","-0.8500","-0.7500","26.6300","36.6900","19.2300","15.9800","20.7100","16.5700","9.7600","23.0800","32.5400","12.4300","15.9800","15.9800","17.1600","24.5600","338","4/1/2025 16:37","1","1","1.0000","0.0800","0.0800","232.0000","206.0000","247.0000","252.0000","243.0000","-0.7100","-0.5345","-0.4400","-0.5900","-0.6600","31.6600","39.3500","27.2200","25.7400","28.4000","12","0","28.9900","241.0000","-0.8300","0.0000","28.9900","241.0000","-0.7400","0","28.9900","241.0000","-0.9000","0","73.0800","92.0000","-0.1800","0.0000","73.0800","92.0000","-0.2900","0","73.0800","92.0000","-0.3500","0.0000","28.9900","241.0000","-1.0600","0.0000","73.0800","92.0000","-0.4600","0.0000","99.1100","4.0000","-0.0900","0","99.1100","4.0000","-0.0900","0.0000","99.1100","4.0000","-0.0900","0","99.1100","4.0000","-0.0900","6","0","0"
"AAD2023.06.02752","188","36916","114","Smith College","Mathematical Sciences, Department of","Mathematics","10","270.0000","28","262.0000","7","258.0000","4.0000","241.0000","182","252.0000","7","248.0000","1.0000","1.0000","5","157.0000","11","146.0000","1830855.0000","152.0000","10","152.0000","5","154.0000","0","268.0000","0","268.0000","17","23","7","18","17","0.0000","-1.2000","268.0000","21.0100","0.0000","-0.9000","268.0000","21.0100","0.7000","-0.3500","244.0000","28.1100","2.8000","-0.6800","247.0000","27.2200","0.7000","-0.1400","224.0000","34.0200","18.2000","-0.3700","234.0000","31.0700","6.5000","-0.1700","189.0000","44.3800","0.5000","0.8400","70.0000","79.5900","1.1000","0.8300","68.0000","80.1800","183085.5000","0.1500","94.0000","72.4900","166441.3600","-0.1600","173.0000","49.1100","1.0000","0.1700","85.0000","75.1500","0.5000","0.7100","85.0000","75.1500","-0.2000","155.0000","54.4400","-0.3900","-0.8700","-0.8000","-0.3700","-0.8400","-0.5400","0.6014","-0.3300","-0.8300","-0.4300","-0.3400","-0.3000","-0.7700","-0.8700","54.7300","21.0100","26.9200","53.8500","23.9600","28.9900","100.0000","55.3300","21.0100","25.7400","55.3300","57.1000","22.7800","20.4100","338","4/1/2025 16:37","1","1","1.0000","0.1000","0.1000","232.0000","206.0000","247.0000","246.0000","226.0000","-0.7100","-0.5345","-0.4400","-0.5600","-0.5400","31.6600","39.3500","27.2200","27.5100","33.4300","12","1","43.2000","193.0000","-0.6000","0.1000","50.0000","170.0000","-0.2000","1","46.4500","182.0000","-0.5600","0","73.0800","92.0000","-0.1800","0.0000","73.0800","92.0000","-0.2900","0","73.0800","92.0000","-0.3500","0.1000","56.8000","147.0000","0.0700","0.0000","73.0800","92.0000","-0.4600","0.0000","99.1100","4.0000","-0.0900","0","99.1100","4.0000","-0.0900","0.0000","99.1100","4.0000","-0.0900","0","99.1100","4.0000","-0.0900","6","0","0"
"AAD2023.06.02752","331","37117","114","University of South Alabama","Mathematics and Statistics, Department of","Mathematics","20","174.0000","106","166.0000","17","163.0000","6.2400","147.0000","437","214.0000","15","174.0000","0.8800","238.0000","2","204.0000","2","228.0000","449614.0000","233.0000","4","211.0000","3","195.0000","1","229.0000","1","215.0000","17","23","7","18","17","0.0500","-0.7900","253.0000","25.4400","0.0500","-0.7200","256.0000","24.5600","0.8500","0.3900","157.0000","53.8500","5.3000","0.0900","147.0000","56.8000","0.7500","0.0700","205.0000","39.6500","21.8500","-0.3400","216.0000","36.3900","4.1200","-0.2800","275.0000","18.9300","0.1000","-0.7900","245.0000","27.8100","0.1000","-0.7900","256.0000","24.5600","22480.7000","-0.5800","237.0000","30.1800","224807.0000","0.0900","105.0000","69.2300","0.2000","-0.5100","223.0000","34.3200","0.1500","-0.6300","220.0000","35.2100","-0.4000","189.0000","44.3800","-0.5500","-0.6500","-0.2800","-0.6400","-0.1900","0.0500","-0.0337","-0.4400","-0.7000","-0.3600","-0.4900","-0.6300","-0.2500","-0.2500","42.6000","36.6900","48.8200","39.9400","52.0700","56.8000","29.8800","37.8700","32.5400","36.9800","31.3600","32.8400","51.1800","48.8200","338","4/1/2025 16:37","1","1","1.0000","0.0500","0.0500","232.0000","206.0000","247.0000","278.0000","273.0000","-0.7100","-0.5345","-0.4400","-0.6500","-0.9100","31.6600","39.3500","27.2200","18.0500","19.5300","12","2","52.6600","161.0000","-0.3700","0.1000","50.0000","170.0000","-0.2000","2","60.9500","133.0000","-0.2100","0","73.0800","92.0000","-0.1800","0.0000","73.0800","92.0000","-0.2900","0","73.0800","92.0000","-0.3500","0.1000","56.8000","147.0000","0.0700","0.0000","73.0800","92.0000","-0.4600","0.0000","99.1100","4.0000","-0.0900","0","99.1100","4.0000","-0.0900","0.0000","99.1100","4.0000","-0.0900","0","99.1100","4.0000","-0.0900","6","0","0"
"AAD2023.06.02752","147","37184","114","North Carolina Agricultural and Technical State University","Mathematics, Department of","Mathematics","23","145.0000","68","201.0000","19","148.0000","3.5800","263.0000","459","206.0000","18","149.0000","0.9000","225.0000","9","113.0000","12","136.0000","4556892.0000","96.0000","6","179.0000","6","146.0000","0","268.0000","0","268.0000","17","23","7","18","17","0.0000","-1.2000","268.0000","21.0100","0.0000","-0.9000","268.0000","21.0100","0.8300","0.2700","175.0000","48.5200","2.9600","-0.6300","239.0000","29.5900","0.7800","0.2100","186.0000","45.2700","19.9600","-0.3600","225.0000","33.7300","6.7500","-0.1600","183.0000","46.1500","0.3900","0.4000","109.0000","68.0500","0.5200","-0.1100","142.0000","58.2800","198125.7400","0.2100","85.0000","75.1500","379741.0000","0.7600","37.0000","89.3500","0.2600","-0.4600","203.0000","40.2400","0.2600","-0.2100","164.0000","51.7800","-0.4000","189.0000","44.3800","-0.3100","-0.8700","-0.0900","-0.0200","-0.0600","-0.6500","0.0615","-0.4100","-0.8300","-0.3500","-0.0500","-0.2700","-0.5100","-0.0600","57.1000","21.0100","56.2100","66.8600","56.5100","22.4900","33.7300","47.3400","21.0100","39.3500","71.8900","60.0600","40.8300","57.4000","338","4/1/2025 16:37","5","3","1.6700","0.2200","0.1300","165.0000","148.0000","170.0000","178.0000","194.0000","-0.3000","-0.0937","-0.2700","-0.3500","-0.3100","51.4800","56.5100","50.0000","47.6300","42.9000","12","4","70.1200","102.0000","0.0800","0.1700","72.4900","94.0000","0.1900","3","72.1900","95.0000","0.1300","0","73.0800","92.0000","-0.1800","0.0000","73.0800","92.0000","-0.2900","0","73.0800","92.0000","-0.3500","0.1300","67.1600","112.0000","0.4100","0.0000","73.0800","92.0000","-0.4600","0.0000","99.1100","4.0000","-0.0900","0","99.1100","4.0000","-0.0900","0.0000","99.1100","4.0000","-0.0900","0","99.1100","4.0000","-0.0900","6","0","0"
"AAD2023.06.02752","187","37213","114","Seton Hall University","Mathematics and Computer Science, Department of","Mathematics","13","246.0000","6","311.0000","4","290.0000","1.5000","319.0000","41","304.0000","4","283.0000","0.5000","324.0000","0","285.0000","0","285.0000","0.0000","285.0000","0","289.0000","0","289.0000","12","59.0000","6","73.0000","17","23","7","18","17","0.4600","2.6300","7.0000","98.2200","0.9200","2.4100","6.0000","98.5200","0.3100","-2.2900","328.0000","3.2500","0.4600","-1.3900","324.0000","4.4400","0.3100","-1.8300","320.0000","5.6200","3.1500","-0.5200","317.0000","6.5100","6.8300","-0.1500","175.0000","48.5200","0.0000","-1.2000","285.0000","15.9800","0.0000","-0.9600","285.0000","15.9800","0.0000","-0.6800","285.0000","15.9800","0.0000","-0.8800","285.0000","15.9800","0.0000","-0.6800","289.0000","14.7900","0.0000","-1.2100","289.0000","14.7900","-1.1000","306.0000","9.7600","-0.7800","0.4300","-0.9900","-0.8100","-1.0300","-1.2000","-2.0978","-0.5200","0.6600","-0.4700","-0.5400","-0.7000","-0.9200","-0.6800","14.7900","78.7000","16.5700","15.9800","14.5000","5.9200","4.4400","14.7900","82.8400","10.3600","15.9800","15.9800","8.2800","27.5100","338","4/1/2025 16:37","13","4","3.2500","1.0000","0.3100","131.0000","42.0000","87.0000","28.0000","52.0000","-0.0900","0.9458","0.0700","1.0600","1.0000","61.5400","87.8700","74.5600","92.0100","84.9100","12","0","28.9900","241.0000","-0.8300","0.0000","28.9900","241.0000","-0.7400","0","28.9900","241.0000","-0.9000","0","73.0800","92.0000","-0.1800","0.0000","73.0800","92.0000","-0.2900","0","73.0800","92.0000","-0.3500","0.0000","28.9900","241.0000","-1.0600","0.0000","73.0800","92.0000","-0.4600","0.0000","99.1100","4.0000","-0.0900","0","99.1100","4.0000","-0.0900","0.0000","99.1100","4.0000","-0.0900","0","99.1100","4.0000","-0.0900","6","0","0"
"AAD2023.06.02752","213","37235","114","Tennessee State University","Mathematical Sciences, Department of","Mathematics","16","205.0000","13","290.0000","6","269.0000","2.1700","303.0000","171","255.0000","3","299.0000","0.5000","324.0000","2","204.0000","2","228.0000","423072.0000","236.0000","0","289.0000","0","289.0000","0","268.0000","0","268.0000","17","23","7","18","17","0.0000","-1.2000","268.0000","21.0100","0.0000","-0.9000","268.0000","21.0100","0.3800","-1.9600","320.0000","5.6200","0.8100","-1.2900","313.0000","7.6900","0.1900","-2.3500","325.0000","4.1400","10.6900","-0.4400","265.0000","21.8900","13.1500","0.1400","55.0000","84.0200","0.1300","-0.6900","225.0000","33.7300","0.1300","-0.7500","243.0000","28.4000","26442.0000","-0.5600","232.0000","31.6600","211536.0000","0.0300","118.0000","65.3800","0.0000","-0.6800","289.0000","14.7900","0.0000","-1.2100","289.0000","14.7900","-1.2000","322.0000","5.0300","-0.7800","-0.8700","-1.0500","-0.6400","-0.9000","-1.0200","-2.0978","-0.5200","-0.8300","-0.4300","-0.4900","-0.6300","-0.8700","-0.5000","14.7900","21.0100","11.8300","39.9400","20.7100","10.6500","4.4400","14.7900","21.0100","24.8500","30.4700","32.8400","14.5000","39.6500","338","4/1/2025 16:37","0","0","0.0000","0.0000","0.0000","287.0000","287.0000","287.0000","287.0000","287.0000","-0.9100","-1.1925","-0.4900","-0.7400","-1.2800","15.3800","15.3800","15.3800","15.3800","15.3800","12","0","28.9900","241.0000","-0.8300","0.0000","28.9900","241.0000","-0.7400","0","28.9900","241.0000","-0.9000","0","73.0800","92.0000","-0.1800","0.0000","73.0800","92.0000","-0.2900","0","73.0800","92.0000","-0.3500","0.0000","28.9900","241.0000","-1.0600","0.0000","73.0800","92.0000","-0.4600","0.0000","99.1100","4.0000","-0.0900","0","99.1100","4.0000","-0.0900","0.0000","99.1100","4.0000","-0.0900","0","99.1100","4.0000","-0.0900","6","0","0"
"AAD2023.06.02752","537171","37415","114","Rowan University","Mathematics, Department of","Mathematics","16","205.0000","34","253.0000","9","240.0000","3.7800","255.0000","159","256.0000","8","242.0000","0.7800","291.0000","1","240.0000","1","255.0000","111095.0000","268.0000","1","261.0000","1","249.0000","4","156.0000","2","171.0000","17","23","7","18","17","0.1300","-0.1700","174.0000","48.8200","0.2500","0.0000","130.0000","61.8300","0.5600","-1.0300","283.0000","16.5700","2.1300","-0.8800","267.0000","21.3000","0.5000","-1.0000","276.0000","18.6400","9.9400","-0.4500","269.0000","20.7100","4.6800","-0.2500","261.0000","23.0800","0.0600","-0.9400","273.0000","19.5300","0.0600","-0.8600","278.0000","18.0500","6943.4400","-0.6500","270.0000","20.4100","111095.0000","-0.4000","243.0000","28.4000","0.0600","-0.6300","286.0000","15.6800","0.0600","-0.9700","283.0000","16.5700","-0.9000","275.0000","18.9300","-0.7000","-0.4400","-0.7300","-0.7200","-0.7100","-0.6000","-0.5983","-0.5000","-0.3300","-0.4400","-0.5300","-0.6700","-0.7300","-0.5000","26.6300","49.7000","28.7000","29.2900","29.2900","24.8500","14.2000","23.0800","54.1400","24.5600","21.0100","24.8500","25.4400","39.6500","338","4/1/2025 16:37","3","1","3.0000","0.1900","0.0600","232.0000","47.0000","199.0000","197.0000","264.0000","-0.7100","0.7813","-0.3600","-0.4000","-0.8100","31.6600","86.3900","41.4200","42.0100","22.1900","12","0","28.9900","241.0000","-0.8300","0.0000","28.9900","241.0000","-0.7400","0","28.9900","241.0000","-0.9000","0","73.0800","92.0000","-0.1800","0.0000","73.0800","92.0000","-0.2900","0","73.0800","92.0000","-0.3500","0.0000","28.9900","241.0000","-1.0600","0.0000","73.0800","92.0000","-0.4600","0.0000","99.1100","4.0000","-0.0900","0","99.1100","4.0000","-0.0900","0.0000","99.1100","4.0000","-0.0900","0","99.1100","4.0000","-0.0900","6","0","0"
"AAD2023.06.02752","76","37436","114","Gallaudet University","Mathematics Area","Mathematics","4","328.0000","8","306.0000","4","290.0000","2.0000","304.0000","37","306.0000","4","283.0000","1.0000","1.0000","0","285.0000","0","285.0000","0.0000","285.0000","1","261.0000","1","249.0000","1","229.0000","1","215.0000","17","23","7","18","17","0.2500","0.8700","61.0000","82.2500","0.2500","0.0000","130.0000","61.8300","1.0000","1.1300","1.0000","100.0000","2.0000","-0.9200","271.0000","20.1200","1.0000","1.1500","1.0000","100.0000","9.2500","-0.4600","270.0000","20.4100","4.6300","-0.2600","263.0000","22.4900","0.0000","-1.2000","285.0000","15.9800","0.0000","-0.9600","285.0000","15.9800","0.0000","-0.6800","285.0000","15.9800","0.0000","-0.8800","285.0000","15.9800","0.2500","-0.4700","207.0000","39.0500","0.2500","-0.2500","166.0000","51.1800","-0.8000","259.0000","23.6700","-0.7000","-0.6500","-0.9900","-0.8100","-1.0300","-1.0600","0.6014","-0.5000","-0.7000","-0.4700","-0.5400","-0.7000","-0.9100","-1.2500","26.6300","36.6900","16.5700","15.9800","14.5000","10.3600","100.0000","23.0800","32.5400","9.7600","15.9800","15.9800","9.7600","3.2500","338","4/1/2025 16:37","0","0","0.0000","0.0000","0.0000","287.0000","287.0000","287.0000","287.0000","287.0000","-0.9100","-1.1925","-0.4900","-0.7400","-1.2800","15.3800","15.3800","15.3800","15.3800","15.3800","12","0","28.9900","241.0000","-0.8300","0.0000","28.9900","241.0000","-0.7400","0","28.9900","241.0000","-0.9000","0","73.0800","92.0000","-0.1800","0.0000","73.0800","92.0000","-0.2900","0","73.0800","92.0000","-0.3500","0.0000","28.9900","241.0000","-1.0600","0.0000","73.0800","92.0000","-0.4600","0.0000","99.1100","4.0000","-0.0900","0","99.1100","4.0000","-0.0900","0.0000","99.1100","4.0000","-0.0900","0","99.1100","4.0000","-0.0900","6","0","0"
"AAD2023.06.02752","65","37445","114","Eastern Michigan University","Mathematics and Statistics, Department of","Mathematics","18","186.0000","39","248.0000","10","231.0000","3.9000","249.0000","94","278.0000","6","267.0000","0.5500","323.0000","2","204.0000","5","180.0000","483561.0000","228.0000","1","261.0000","1","249.0000","6","121.0000","1","215.0000","17","23","7","18","17","0.0600","-0.7400","251.0000","26.0400","0.3300","0.3000","96.0000","71.8900","0.5600","-1.0700","285.0000","15.9800","2.1700","-0.8700","266.0000","21.6000","0.3300","-1.7200","310.0000","8.5800","5.2200","-0.5000","299.0000","11.8300","2.4100","-0.3600","314.0000","7.4000","0.1100","-0.7500","236.0000","30.4700","0.2800","-0.5100","193.0000","43.2000","26864.5000","-0.5600","231.0000","31.9500","96712.2000","-0.4700","257.0000","24.2600","0.0600","-0.6300","288.0000","15.0900","0.0600","-0.9900","286.0000","15.6800","-0.9000","275.0000","18.9300","-0.7000","-0.6500","-0.8600","-0.6400","-0.6400","-0.5700","-1.8524","-0.5000","-0.0800","-0.4500","-0.4900","-0.5200","-0.7000","-0.3700","26.6300","36.6900","21.3000","39.9400","31.9500","26.6300","4.7300","23.0800","64.5000","18.0500","32.8400","47.0400","26.9200","45.2700","338","4/1/2025 16:37","3","2","1.5000","0.1700","0.1100","192.0000","163.0000","199.0000","203.0000","211.0000","-0.5000","-0.2056","-0.3600","-0.4400","-0.4500","43.4900","52.0700","41.4200","40.2400","37.8700","12","0","28.9900","241.0000","-0.8300","0.0000","28.9900","241.0000","-0.7400","0","28.9900","241.0000","-0.9000","0","73.0800","92.0000","-0.1800","0.0000","73.0800","92.0000","-0.2900","0","73.0800","92.0000","-0.3500","0.0000","28.9900","241.0000","-1.0600","0.0000","73.0800","92.0000","-0.4600","0.0000","99.1100","4.0000","-0.0900","0","99.1100","4.0000","-0.0900","0.0000","99.1100","4.0000","-0.0900","0","99.1100","4.0000","-0.0900","6","0","0"
"AAD2023.06.02752","6","37490","114","Alfred University","Mathematics, Program in","Mathematics","7","296.0000","7","308.0000","4","290.0000","1.7500","311.0000","26","315.0000","4","283.0000","0.6700","310.0000","0","285.0000","0","285.0000","0.0000","285.0000","0","289.0000","0","289.0000","0","268.0000","0","268.0000","17","23","7","18","17","0.0000","-1.2000","268.0000","21.0100","0.0000","-0.9000","268.0000","21.0100","0.5700","-0.9900","276.0000","18.6400","1.0000","-1.2300","303.0000","10.6500","0.5700","-0.7000","264.0000","22.1900","3.7100","-0.5100","312.0000","7.9900","3.7100","-0.3000","288.0000","15.0900","0.0000","-1.2000","285.0000","15.9800","0.0000","-0.9600","285.0000","15.9800","0.0000","-0.6800","285.0000","15.9800","0.0000","-0.8800","285.0000","15.9800","0.0000","-0.6800","289.0000","14.7900","0.0000","-1.2100","289.0000","14.7900","-1.1000","306.0000","9.7600","-0.7800","-0.8700","-0.9900","-0.8100","-1.0300","-1.1300","-1.1981","-0.5200","-0.8300","-0.4700","-0.5400","-0.7000","-0.9100","-1.0600","14.7900","21.0100","16.5700","15.9800","14.5000","8.2800","8.5800","14.7900","21.0100","7.1000","15.9800","15.9800","9.1700","12.7200","338","4/1/2025 16:37","6","2","3.0000","0.8600","0.2900","192.0000","47.0000","156.0000","40.0000","59.0000","-0.5000","0.7813","-0.2300","0.8000","0.8400","43.4900","86.3900","54.1400","88.4600","82.8400","12","1","43.2000","193.0000","-0.6000","0.1400","64.2000","122.0000","0.0300","1","46.4500","182.0000","-0.5600","2","88.1700","41.0000","0.0100","0.2900","95.5600","16.0000","1.3600","1","90.5300","33.0000","0.3200","0.1400","73.6700","90.0000","0.5500","0.1400","97.9300","8.0000","3.4300","0.0000","99.1100","4.0000","-0.0900","0","99.1100","4.0000","-0.0900","0.0000","99.1100","4.0000","-0.0900","0","99.1100","4.0000","-0.0900","6","0","0"
"AAD2023.06.02752","22","37513","114","Biola University","Math and Computer Science, Department of","Mathematics","9","277.0000","10","299.0000","5","281.0000","2.0000","304.0000","118","268.0000","4","283.0000","0.6700","310.0000","0","285.0000","0","285.0000","0.0000","285.0000","2","237.0000","2","225.0000","0","268.0000","0","268.0000","17","23","7","18","17","0.0000","-1.2000","268.0000","21.0100","0.0000","-0.9000","268.0000","21.0100","0.5600","-1.0700","285.0000","15.9800","1.1100","-1.1900","302.0000","10.9500","0.4400","-1.2400","292.0000","13.9100","13.1100","-0.4200","252.0000","25.7400","11.8000","0.0800","69.0000","79.8800","0.0000","-1.2000","285.0000","15.9800","0.0000","-0.9600","285.0000","15.9800","0.0000","-0.6800","285.0000","15.9800","0.0000","-0.8800","285.0000","15.9800","0.2200","-0.4900","220.0000","35.2100","0.2200","-0.3600","183.0000","46.1500","-0.9000","275.0000","18.9300","-0.6200","-0.8700","-0.9900","-0.8100","-0.9700","-1.0600","-1.1981","-0.4800","-0.8300","-0.4500","-0.5400","-0.7000","-0.8900","-0.9400","33.7300","21.0100","16.5700","15.9800","17.1600","10.3600","8.5800","30.1800","21.0100","21.0100","15.9800","15.9800","11.8300","18.3400","338","4/1/2025 16:37","9","3","3.0000","1.0000","0.3300","165.0000","47.0000","129.0000","28.0000","36.0000","-0.3000","0.7813","-0.1000","1.0600","1.1900","51.4800","86.3900","62.1300","92.0100","89.6500","12","0","28.9900","241.0000","-0.8300","0.0000","28.9900","241.0000","-0.7400","0","28.9900","241.0000","-0.9000","0","73.0800","92.0000","-0.1800","0.0000","73.0800","92.0000","-0.2900","0","73.0800","92.0000","-0.3500","0.0000","28.9900","241.0000","-1.0600","0.0000","73.0800","92.0000","-0.4600","0.0000","99.1100","4.0000","-0.0900","0","99.1100","4.0000","-0.0900","0.0000","99.1100","4.0000","-0.0900","0","99.1100","4.0000","-0.0900","6","0","0"
"AAD2023.06.02752","95","37540","114","Indiana University of Pennsylvania","Mathematical and Computer Sciences, Department of","Mathematics","29","96.0000","18","277.0000","9","240.0000","2.0000","304.0000","149","258.0000","7","248.0000","0.7000","308.0000","1","240.0000","1","255.0000","842325.0000","198.0000","8","165.0000","3","195.0000","1","229.0000","1","215.0000","17","23","7","18","17","0.0300","-0.9200","264.0000","22.1900","0.0300","-0.7700","266.0000","21.6000","0.3100","-2.2800","327.0000","3.5500","0.6200","-1.3400","318.0000","6.2100","0.2400","-2.1200","324.0000","4.4400","5.1400","-0.5000","300.0000","11.5400","8.2800","-0.0900","133.0000","60.9500","0.0300","-1.0600","283.0000","16.5700","0.0300","-0.9000","284.0000","16.2700","29045.6900","-0.5500","227.0000","33.1400","842325.0000","2.7600","5.0000","98.8200","0.2800","-0.4400","198.0000","41.7200","0.1000","-0.8100","251.0000","26.0400","-1.1000","306.0000","9.7600","-0.5500","-0.6500","-0.8000","-0.7200","-0.7100","-1.0600","-1.0181","-0.3700","-0.7000","-0.4400","-0.4500","-0.6700","-0.8400","0.3200","42.6000","36.6900","26.9200","29.2900","29.2900","10.3600","9.1700","51.4800","32.5400","23.9600","41.7200","24.8500","18.3400","71.8900","338","4/1/2025 16:37","13","10","1.3000","0.4500","0.3400","32.0000","193.0000","87.0000","99.0000","35.0000","1.1300","-0.3372","0.0700","0.0700","1.2800","90.8300","43.2000","74.5600","71.0100","89.9400","12","0","28.9900","241.0000","-0.8300","0.0000","28.9900","241.0000","-0.7400","0","28.9900","241.0000","-0.9000","0","73.0800","92.0000","-0.1800","0.0000","73.0800","92.0000","-0.2900","0","73.0800","92.0000","-0.3500","0.0000","28.9900","241.0000","-1.0600","0.0000","73.0800","92.0000","-0.4600","0.0000","99.1100","4.0000","-0.0900","0","99.1100","4.0000","-0.0900","0.0000","99.1100","4.0000","-0.0900","0","99.1100","4.0000","-0.0900","6","0","0"
"AAD2023.06.02752","118","37553","114","Maharishi University of Management","Mathematics, Department of","Mathematics","4","328.0000","1","334.0000","1","331.0000","1.0000","325.0000","0","331.0000","0","331.0000","0.0000","331.0000","0","285.0000","0","285.0000","0.0000","285.0000","0","289.0000","0","289.0000","1","229.0000","1","215.0000","17","23","7","18","17","0.2500","0.8700","61.0000","82.2500","0.2500","0.0000","130.0000","61.8300","0.2500","-2.5700","332.0000","2.0700","0.2500","-1.4600","334.0000","1.4800","0.0000","-3.1600","331.0000","2.3700","0.0000","-0.5500","331.0000","2.3700","0.0000","-0.4700","331.0000","2.3700","0.0000","-1.2000","285.0000","15.9800","0.0000","-0.9600","285.0000","15.9800","0.0000","-0.6800","285.0000","15.9800","0.0000","-0.8800","285.0000","15.9800","0.0000","-0.6800","289.0000","14.7900","0.0000","-1.2100","289.0000","14.7900","-1.3000","331.0000","2.3700","-0.7800","-0.6500","-1.2500","-0.8100","-1.2300","-1.3300","-4.7969","-0.5200","-0.7000","-0.4800","-0.5400","-0.7000","-0.9500","-1.2500","14.7900","36.6900","2.3700","15.9800","2.3700","4.1400","2.3700","14.7900","32.5400","2.3700","15.9800","15.9800","1.4800","3.2500","338","4/1/2025 16:37","0","0","0.0000","0.0000","0.0000","287.0000","287.0000","287.0000","287.0000","287.0000","-0.9100","-1.1925","-0.4900","-0.7400","-1.2800","15.3800","15.3800","15.3800","15.3800","15.3800","12","0","28.9900","241.0000","-0.8300","0.0000","28.9900","241.0000","-0.7400","0","28.9900","241.0000","-0.9000","0","73.0800","92.0000","-0.1800","0.0000","73.0800","92.0000","-0.2900","0","73.0800","92.0000","-0.3500","0.0000","28.9900","241.0000","-1.0600","0.0000","73.0800","92.0000","-0.4600","0.0000","99.1100","4.0000","-0.0900","0","99.1100","4.0000","-0.0900","0.0000","99.1100","4.0000","-0.0900","0","99.1100","4.0000","-0.0900","6","0","0"
"AAD2023.06.02752","195","37572","114","Southern University and A&M College","Mathematics, Program in","Mathematics","6","308.0000","2","328.0000","2","326.0000","1.0000","325.0000","5","327.0000","2","317.0000","1.0000","1.0000","0","285.0000","0","285.0000","0.0000","285.0000","1","261.0000","1","249.0000","1","229.0000","1","215.0000","17","23","7","18","17","0.1700","0.1800","132.0000","61.2400","0.1700","-0.3000","181.0000","46.7500","0.3300","-2.1600","323.0000","4.7300","0.3300","-1.4300","331.0000","2.3700","0.3300","-1.7200","310.0000","8.5800","0.8300","-0.5400","327.0000","3.5500","2.5000","-0.3500","313.0000","7.6900","0.0000","-1.2000","285.0000","15.9800","0.0000","-0.9600","285.0000","15.9800","0.0000","-0.6800","285.0000","15.9800","0.0000","-0.8800","285.0000","15.9800","0.1700","-0.5400","236.0000","30.4700","0.1700","-0.5700","207.0000","39.0500","-1.2000","322.0000","5.0300","-0.7000","-0.6500","-1.1200","-0.8100","-1.1600","-1.3300","0.6014","-0.5000","-0.7000","-0.4800","-0.5400","-0.7000","-0.9500","-1.1200","26.6300","36.6900","6.5100","15.9800","3.8500","4.1400","100.0000","23.0800","32.5400","3.5500","15.9800","15.9800","3.2500","9.1700","338","4/1/2025 16:37","0","0","0.0000","0.0000","0.0000","287.0000","287.0000","287.0000","287.0000","287.0000","-0.9100","-1.1925","-0.4900","-0.7400","-1.2800","15.3800","15.3800","15.3800","15.3800","15.3800","12","0","28.9900","241.0000","-0.8300","0.0000","28.9900","241.0000","-0.7400","0","28.9900","241.0000","-0.9000","0","73.0800","92.0000","-0.1800","0.0000","73.0800","92.0000","-0.2900","0","73.0800","92.0000","-0.3500","0.0000","28.9900","241.0000","-1.0600","0.0000","73.0800","92.0000","-0.4600","0.0000","99.1100","4.0000","-0.0900","0","99.1100","4.0000","-0.0900","0.0000","99.1100","4.0000","-0.0900","0","99.1100","4.0000","-0.0900","6","0","0"
"AAD2023.06.02752","338","37622","114","University of the Incarnate Word","Mathematics and Statistics, Department of","Mathematics","8","290.0000","16","284.0000","4","290.0000","4.0000","241.0000","146","260.0000","5","274.0000","1.0000","1.0000","0","285.0000","0","285.0000","0.0000","285.0000","0","289.0000","0","289.0000","0","268.0000","0","268.0000","17","23","7","18","17","0.0000","-1.2000","268.0000","21.0100","0.0000","-0.9000","268.0000","21.0100","0.5000","-1.3400","290.0000","14.5000","2.0000","-0.9200","271.0000","20.1200","0.6300","-0.4700","251.0000","26.0400","18.2500","-0.3700","233.0000","31.3600","9.1300","-0.0500","111.0000","67.4600","0.0000","-1.2000","285.0000","15.9800","0.0000","-0.9600","285.0000","15.9800","0.0000","-0.6800","285.0000","15.9800","0.0000","-0.8800","285.0000","15.9800","0.0000","-0.6800","289.0000","14.7900","0.0000","-1.2100","289.0000","14.7900","-0.8000","259.0000","23.6700","-0.7800","-0.8700","-0.9200","-0.8100","-1.0300","-0.5400","0.6014","-0.5200","-0.8300","-0.4400","-0.5400","-0.7000","-0.8500","-1.0000","14.7900","21.0100","19.2300","15.9800","14.5000","28.9900","100.0000","14.7900","21.0100","23.3700","15.9800","15.9800","16.2700","14.5000","338","4/1/2025 16:37","0","0","0.0000","0.0000","0.0000","287.0000","287.0000","287.0000","287.0000","287.0000","-0.9100","-1.1925","-0.4900","-0.7400","-1.2800","15.3800","15.3800","15.3800","15.3800","15.3800","12","2","52.6600","161.0000","-0.3700","0.2500","86.3900","47.0000","0.6000","2","60.9500","133.0000","-0.2100","0","73.0800","92.0000","-0.1800","0.0000","73.0800","92.0000","-0.2900","0","73.0800","92.0000","-0.3500","0.2500","97.0400","11.0000","1.7500","0.0000","73.0800","92.0000","-0.4600","0.0000","99.1100","4.0000","-0.0900","0","99.1100","4.0000","-0.0900","0.0000","99.1100","4.0000","-0.0900","0","99.1100","4.0000","-0.0900","6","0","0"
"AAD2023.06.02752","339","37650","114","University of the Pacific","Mathematics, Department of","Mathematics","8","290.0000","13","290.0000","3","309.0000","4.3300","229.0000","84","283.0000","3","299.0000","1.0000","1.0000","0","285.0000","0","285.0000","0.0000","285.0000","0","289.0000","0","289.0000","0","268.0000","0","268.0000","17","23","7","18","17","0.0000","-1.2000","268.0000","21.0100","0.0000","-0.9000","268.0000","21.0100","0.3800","-1.9600","320.0000","5.6200","1.6300","-1.0400","285.0000","15.9800","0.3800","-1.5400","305.0000","10.0600","10.5000","-0.4500","266.0000","21.6000","6.4600","-0.1700","192.0000","43.4900","0.0000","-1.2000","285.0000","15.9800","0.0000","-0.9600","285.0000","15.9800","0.0000","-0.6800","285.0000","15.9800","0.0000","-0.8800","285.0000","15.9800","0.0000","-0.6800","289.0000","14.7900","0.0000","-1.2100","289.0000","14.7900","-0.9000","275.0000","18.9300","-0.7800","-0.8700","-1.0500","-0.8100","-1.1000","-0.4500","0.6014","-0.5200","-0.8300","-0.4600","-0.5400","-0.7000","-0.8700","-1.0000","14.7900","21.0100","11.8300","15.9800","8.8800","32.5400","100.0000","14.7900","21.0100","16.5700","15.9800","15.9800","14.5000","14.5000","338","4/1/2025 16:37","1","2","0.5000","0.1300","0.2500","192.0000","285.0000","247.0000","233.0000","79.0000","-0.5000","-0.8635","-0.4400","-0.5100","0.5800","43.4900","15.9800","27.2200","31.3600","76.9200","12","1","43.2000","193.0000","-0.6000","0.1300","56.8000","147.0000","-0.0700","1","46.4500","182.0000","-0.5600","0","73.0800","92.0000","-0.1800","0.0000","73.0800","92.0000","-0.2900","0","73.0800","92.0000","-0.3500","0.1300","66.2700","115.0000","0.3500","0.0000","73.0800","92.0000","-0.4600","0.0000","99.1100","4.0000","-0.0900","0","99.1100","4.0000","-0.0900","0.0000","99.1100","4.0000","-0.0900","0","99.1100","4.0000","-0.0900","6","0","0"
"AAD2023.06.02752","383","37689","114","Hofstra University","Mathematics, Department of","Mathematics","13","246.0000","31","260.0000","8","251.0000","3.8800","250.0000","56","289.0000","7","248.0000","0.8800","243.0000","1","240.0000","1","255.0000","779276.0000","204.0000","1","261.0000","1","249.0000","11","65.0000","3","131.0000","17","23","7","18","17","0.2300","0.7100","76.0000","77.8100","0.8500","2.1400","10.0000","97.3400","0.6200","-0.7700","267.0000","21.3000","2.3800","-0.8000","258.0000","23.9600","0.5400","-0.8400","270.0000","20.4100","4.3100","-0.5100","307.0000","9.4700","1.8100","-0.3900","323.0000","4.7300","0.0800","-0.8900","259.0000","23.6700","0.0800","-0.8300","267.0000","21.3000","59944.3100","-0.4100","188.0000","44.6700","779276.0000","2.4900","7.0000","98.2200","0.0800","-0.6100","275.0000","18.9300","0.0800","-0.9100","268.0000","21.0100","-0.8000","259.0000","23.6700","-0.7000","-0.2200","-0.8000","-0.7200","-0.7700","-0.5700","-0.0734","-0.5000","0.5400","-0.4600","-0.4600","-0.6700","-0.7500","-0.6800","26.6300","61.5400","26.9200","29.2900","26.0400","26.3300","28.4000","23.0800","81.0700","14.7900","39.9400","24.8500","23.3700","27.5100","338","4/1/2025 16:37","4","3","1.3300","0.3100","0.2300","165.0000","187.0000","179.0000","149.0000","98.0000","-0.3000","-0.3174","-0.3100","-0.1800","0.4300","51.4800","44.9700","47.3400","56.2100","71.3000","12","3","63.6100","124.0000","-0.1400","0.2300","82.5400","60.0000","0.5000","2","60.9500","133.0000","-0.2100","0","73.0800","92.0000","-0.1800","0.0000","73.0800","92.0000","-0.2900","0","73.0800","92.0000","-0.3500","0.1500","76.6300","80.0000","0.6700","0.0000","73.0800","92.0000","-0.4600","0.0000","99.1100","4.0000","-0.0900","0","99.1100","4.0000","-0.0900","0.0000","99.1100","4.0000","-0.0900","0","99.1100","4.0000","-0.0900","6","0","0"
"AAD2023.06.02752","387","37709","114","Norfolk State University","Mathematics, Department of","Mathematics","14","236.0000","11","295.0000","7","258.0000","1.5700","316.0000","19","318.0000","2","317.0000","0.2500","328.0000","2","204.0000","2","228.0000","389548.0000","238.0000","1","261.0000","1","249.0000","0","268.0000","0","268.0000","17","23","7","18","17","0.0000","-1.2000","268.0000","21.0100","0.0000","-0.9000","268.0000","21.0100","0.5000","-1.3400","290.0000","14.5000","0.7900","-1.2900","314.0000","7.4000","0.1400","-2.5400","327.0000","3.5500","1.3600","-0.5300","324.0000","4.4400","1.7300","-0.3900","325.0000","4.1400","0.1400","-0.6200","215.0000","36.6900","0.1400","-0.7200","235.0000","30.7700","27824.8600","-0.5500","229.0000","32.5400","194774.0000","-0.0400","134.0000","60.6500","0.0700","-0.6200","278.0000","18.0500","0.0700","-0.9300","273.0000","19.5300","-1.2000","322.0000","5.0300","-0.7000","-0.8700","-1.1200","-0.6400","-0.8400","-1.1800","-3.4474","-0.5000","-0.8300","-0.4700","-0.5000","-0.6300","-0.8900","-0.6200","26.6300","21.0100","6.5100","39.9400","23.9600","6.8000","3.2500","23.0800","21.0100","6.2100","29.8800","32.8400","13.0200","30.4700","338","4/1/2025 16:37","0","0","0.0000","0.0000","0.0000","287.0000","287.0000","287.0000","287.0000","287.0000","-0.9100","-1.1925","-0.4900","-0.7400","-1.2800","15.3800","15.3800","15.3800","15.3800","15.3800","12","0","28.9900","241.0000","-0.8300","0.0000","28.9900","241.0000","-0.7400","0","28.9900","241.0000","-0.9000","0","73.0800","92.0000","-0.1800","0.0000","73.0800","92.0000","-0.2900","0","73.0800","92.0000","-0.3500","0.0000","28.9900","241.0000","-1.0600","0.0000","73.0800","92.0000","-0.4600","0.0000","99.1100","4.0000","-0.0900","0","99.1100","4.0000","-0.0900","0.0000","99.1100","4.0000","-0.0900","0","99.1100","4.0000","-0.0900","6","0","0"
"AAD2023.06.02752","406","37728","114","University of Southern Maine","Mathematics and Statistics, Department of","Mathematics","6","308.0000","11","295.0000","3","309.0000","3.6700","259.0000","53","294.0000","2","317.0000","0.6700","310.0000","0","285.0000","0","285.0000","0.0000","285.0000","1","261.0000","1","249.0000","0","268.0000","0","268.0000","17","23","7","18","17","0.0000","-1.2000","268.0000","21.0100","0.0000","-0.9000","268.0000","21.0100","0.5000","-1.3400","290.0000","14.5000","1.8300","-0.9700","281.0000","17.1600","0.3300","-1.7200","310.0000","8.5800","8.8300","-0.4600","272.0000","19.8200","4.8200","-0.2500","255.0000","24.8500","0.0000","-1.2000","285.0000","15.9800","0.0000","-0.9600","285.0000","15.9800","0.0000","-0.6800","285.0000","15.9800","0.0000","-0.8800","285.0000","15.9800","0.1700","-0.5400","236.0000","30.4700","0.1700","-0.5700","207.0000","39.0500","-0.9000","275.0000","18.9300","-0.7000","-0.8700","-1.1200","-0.8100","-1.1000","-0.6300","-1.1981","-0.5000","-0.8300","-0.4600","-0.5400","-0.7000","-0.8900","-1.1200","26.6300","21.0100","6.5100","15.9800","8.8800","23.6700","8.5800","23.0800","21.0100","13.3100","15.9800","15.9800","13.0200","9.1700","338","4/1/2025 16:37","1","1","1.0000","0.1700","0.1700","232.0000","206.0000","247.0000","203.0000","153.0000","-0.7100","-0.5345","-0.4400","-0.4400","-0.0400","31.6600","39.3500","27.2200","40.2400","55.0300","12","1","43.2000","193.0000","-0.6000","0.1700","71.6000","97.0000","0.1600","1","46.4500","182.0000","-0.5600","0","73.0800","92.0000","-0.1800","0.0000","73.0800","92.0000","-0.2900","0","73.0800","92.0000","-0.3500","0.1700","81.3600","64.0000","0.8200","0.0000","73.0800","92.0000","-0.4600","0.0000","99.1100","4.0000","-0.0900","0","99.1100","4.0000","-0.0900","0.0000","99.1100","4.0000","-0.0900","0","99.1100","4.0000","-0.0900","6","0","0"
"AAD2023.06.02752","537172","37769","114","Montclair State University","Mathematics, Department of","Mathematics","14","236.0000","57","223.0000","10","231.0000","5.7000","174.0000","187","250.0000","11","219.0000","1.0000","1.0000","4","168.0000","4","192.0000","857024.0000","197.0000","5","196.0000","4","170.0000","0","268.0000","0","268.0000","17","23","7","18","17","0.0000","-1.2000","268.0000","21.0100","0.0000","-0.9000","268.0000","21.0100","0.7100","-0.2800","239.0000","29.5900","4.0700","-0.2900","193.0000","43.2000","0.7900","0.2300","183.0000","46.1500","13.3600","-0.4200","250.0000","26.3300","3.2800","-0.3200","299.0000","11.8300","0.2900","-0.0300","152.0000","55.3300","0.2900","-0.4900","189.0000","44.3800","61216.0000","-0.4000","185.0000","45.5600","214256.0000","0.0400","115.0000","66.2700","0.3600","-0.3800","178.0000","47.6300","0.2900","-0.1100","153.0000","55.0300","-0.4000","189.0000","44.3800","-0.4700","-0.8700","-0.5400","-0.4600","-0.6400","-0.0900","0.6014","-0.4300","-0.8300","-0.4300","-0.4500","-0.5600","-0.5800","-0.6200","50.0000","21.0100","35.5000","50.5900","31.9500","48.8200","100.0000","42.3100","21.0100","26.3300","42.0100","43.4900","34.3200","30.4700","338","4/1/2025 16:37","23","7","3.2900","1.6400","0.5000","66.0000","41.0000","39.0000","12.0000","5.0000","0.5200","0.9721","0.5100","2.2200","2.4300","80.7700","88.1700","88.7600","96.7500","98.8200","12","3","63.6100","124.0000","-0.1400","0.2100","78.4000","74.0000","0.4100","2","60.9500","133.0000","-0.2100","0","73.0800","92.0000","-0.1800","0.0000","73.0800","92.0000","-0.2900","0","73.0800","92.0000","-0.3500","0.1400","73.6700","90.0000","0.5500","0.0000","73.0800","92.0000","-0.4600","0.0000","99.1100","4.0000","-0.0900","0","99.1100","4.0000","-0.0900","0.0000","99.1100","4.0000","-0.0900","0","99.1100","4.0000","-0.0900","6","0","0"
"AAD2023.06.02752","537187","37805","114","Lamar University","Mathematics, Department of","Mathematics","13","246.0000","50","232.0000","9","240.0000","5.5600","181.0000","465","203.0000","10","227.0000","1.0000","1.0000","1","240.0000","2","228.0000","824448.0000","200.0000","3","222.0000","3","195.0000","1","229.0000","1","215.0000","17","23","7","18","17","0.0800","-0.5600","228.0000","32.8400","0.0800","-0.6200","239.0000","29.5900","0.6900","-0.3900","246.0000","27.5100","3.8500","-0.3600","203.0000","40.2400","0.7700","0.1600","198.0000","41.7200","35.7700","-0.2100","166.0000","51.1800","9.3000","-0.0400","102.0000","70.1200","0.0800","-0.8900","259.0000","23.6700","0.1500","-0.7100","231.0000","31.9500","63419.0800","-0.3900","179.0000","47.3400","412224.0000","0.9000","32.0000","90.8300","0.2300","-0.4800","215.0000","36.6900","0.2300","-0.3200","182.0000","46.4500","-0.5000","213.0000","37.2800","-0.5500","-0.6500","-0.6000","-0.7200","-0.7100","-0.1300","0.6014","-0.4600","-0.7000","-0.3500","-0.4500","-0.6300","-0.6300","-0.6800","42.6000","36.6900","33.1400","29.2900","29.2900","46.7500","100.0000","34.6200","32.5400","40.2400","41.1200","32.8400","31.6600","27.5100","338","4/1/2025 16:37","5","3","1.6700","0.3800","0.2300","165.0000","148.0000","170.0000","127.0000","98.0000","-0.3000","-0.0937","-0.2700","-0.0400","0.4300","51.4800","56.5100","50.0000","62.7200","71.3000","12","3","63.6100","124.0000","-0.1400","0.2300","82.5400","60.0000","0.5000","2","60.9500","133.0000","-0.2100","0","73.0800","92.0000","-0.1800","0.0000","73.0800","92.0000","-0.2900","0","73.0800","92.0000","-0.3500","0.1500","76.6300","80.0000","0.6700","0.0000","73.0800","92.0000","-0.4600","0.0000","99.1100","4.0000","-0.0900","0","99.1100","4.0000","-0.0900","0.0000","99.1100","4.0000","-0.0900","0","99.1100","4.0000","-0.0900","6","0","0"
"AAD2023.06.02752","537205","37833","114","Drake University","Mathematics and Computer Science, Department of","Mathematics","7","296.0000","24","266.0000","7","258.0000","3.4300","267.0000","55","291.0000","7","248.0000","1.0000","1.0000","2","204.0000","2","228.0000","1080408.0000","184.0000","0","289.0000","0","289.0000","0","268.0000","0","268.0000","17","23","7","18","17","0.0000","-1.2000","268.0000","21.0100","0.0000","-0.9000","268.0000","21.0100","1.0000","1.1300","1.0000","100.0000","3.4300","-0.4900","221.0000","34.9100","1.0000","1.1500","1.0000","100.0000","7.8600","-0.4700","279.0000","17.7500","2.2900","-0.3600","316.0000","6.8000","0.2900","-0.0300","152.0000","55.3300","0.2900","-0.4900","189.0000","44.3800","154344.0000","0.0200","111.0000","67.4600","540204.0000","1.4600","20.0000","94.3800","0.0000","-0.6800","289.0000","14.7900","0.0000","-1.2100","289.0000","14.7900","-0.5000","213.0000","37.2800","-0.7800","-0.8700","-0.8000","-0.6400","-0.8400","-0.6900","0.6014","-0.5200","-0.8300","-0.4600","-0.4200","-0.6300","-0.8000","-1.0600","14.7900","21.0100","26.9200","39.9400","23.9600","21.3000","100.0000","14.7900","21.0100","14.2000","45.8600","32.8400","21.6000","12.7200","338","4/1/2025 16:37","3","1","3.0000","0.4300","0.1400","232.0000","47.0000","199.0000","105.0000","175.0000","-0.7100","0.7813","-0.3600","0.0300","-0.2200","31.6600","86.3900","41.4200","69.2300","48.5200","12","1","43.2000","193.0000","-0.6000","0.1400","64.2000","122.0000","0.0300","1","46.4500","182.0000","-0.5600","0","73.0800","92.0000","-0.1800","0.0000","73.0800","92.0000","-0.2900","0","73.0800","92.0000","-0.3500","0.1400","73.6700","90.0000","0.5500","0.0000","73.0800","92.0000","-0.4600","0.0000","99.1100","4.0000","-0.0900","0","99.1100","4.0000","-0.0900","0.0000","99.1100","4.0000","-0.0900","0","99.1100","4.0000","-0.0900","6","0","0"
"AAD2023.06.02752","537217","37882","114","California State University, Long Beach","Mathematics and Statistics, Department of","Mathematics","35","63.0000","68","201.0000","22","117.0000","3.0900","275.0000","729","171.0000","22","112.0000","0.9200","212.0000","4","168.0000","4","192.0000","1181085.0000","178.0000","6","179.0000","5","154.0000","8","89.0000","6","73.0000","17","23","7","18","17","0.1700","0.2200","130.0000","61.8300","0.2300","-0.0800","150.0000","55.9200","0.6300","-0.7100","264.0000","22.1900","1.9400","-0.9400","275.0000","18.9300","0.6300","-0.4500","250.0000","26.3300","20.8300","-0.3500","223.0000","34.3200","10.7200","0.0300","81.0000","76.3300","0.1100","-0.7300","235.0000","30.7700","0.1100","-0.7700","249.0000","26.6300","33745.2900","-0.5300","220.0000","35.2100","295271.2500","0.3900","60.0000","82.5400","0.1700","-0.5300","235.0000","30.7700","0.1400","-0.6600","221.0000","34.9100","-0.8000","259.0000","23.6700","-0.3900","0.4300","0.1700","-0.4600","0.1300","-0.7800","0.1515","-0.4100","0.1700","-0.2800","-0.4100","-0.5600","-0.5100","0.7000","54.7300","78.7000","67.1600","50.5900","65.6800","18.9300","37.5700","47.3400","73.9600","49.7000","47.6300","43.4900","40.8300","81.6600","338","4/1/2025 16:37","3","3","1.0000","0.0900","0.0900","165.0000","206.0000","199.0000","251.0000","242.0000","-0.3000","-0.5345","-0.3600","-0.5800","-0.6400","51.4800","39.3500","41.4200","26.0400","28.7000","12","0","28.9900","241.0000","-0.8300","0.0000","28.9900","241.0000","-0.7400","0","28.9900","241.0000","-0.9000","0","73.0800","92.0000","-0.1800","0.0000","73.0800","92.0000","-0.2900","0","73.0800","92.0000","-0.3500","0.0000","28.9900","241.0000","-1.0600","0.0000","73.0800","92.0000","-0.4600","0.0000","99.1100","4.0000","-0.0900","0","99.1100","4.0000","-0.0900","0.0000","99.1100","4.0000","-0.0900","0","99.1100","4.0000","-0.0900","6","0","0"
"AAD2023.06.02752","537881","37927","114","Kennesaw State University","Mathematics, Department of","Mathematics","29","96.0000","109","162.0000","24","96.0000","4.5400","221.0000","620","184.0000","24","96.0000","1.0000","1.0000","2","204.0000","2","228.0000","351213.0000","240.0000","2","237.0000","2","225.0000","4","156.0000","1","215.0000","17","23","7","18","17","0.0300","-0.9200","264.0000","22.1900","0.1400","-0.4000","204.0000","39.9400","0.8300","0.2800","174.0000","48.8200","3.7600","-0.3800","209.0000","38.4600","0.8300","0.4100","157.0000","53.8500","21.3800","-0.3400","221.0000","34.9100","5.6900","-0.2100","217.0000","36.0900","0.0700","-0.9200","266.0000","21.6000","0.0700","-0.8400","271.0000","20.1200","12110.7900","-0.6300","257.0000","24.2600","175606.5000","-0.1200","164.0000","51.7800","0.0700","-0.6200","282.0000","16.8600","0.0700","-0.9400","278.0000","18.0500","-0.5000","213.0000","37.2800","-0.6200","-0.6500","0.3000","-0.6400","0.2600","-0.4000","0.6014","-0.4800","-0.3300","-0.3100","-0.5000","-0.6300","-0.2300","0.3200","33.7300","36.6900","71.8900","39.9400","71.8900","34.9100","100.0000","30.1800","54.1400","45.8600","29.2900","32.8400","52.3700","71.8900","338","4/1/2025 16:37","2","1","2.0000","0.0700","0.0300","232.0000","109.0000","225.0000","268.0000","284.0000","-0.7100","0.1234","-0.4000","-0.6100","-1.0200","31.6600","68.0500","33.7300","21.0100","16.2700","12","4","70.1200","102.0000","0.0800","0.1400","59.4700","138.0000","0.0000","2","60.9500","133.0000","-0.2100","0","73.0800","92.0000","-0.1800","0.0000","73.0800","92.0000","-0.2900","0","73.0800","92.0000","-0.3500","0.0700","43.4900","192.0000","-0.2800","0.0000","73.0800","92.0000","-0.4600","0.0000","99.1100","4.0000","-0.0900","0","99.1100","4.0000","-0.0900","0.0000","99.1100","4.0000","-0.0900","0","99.1100","4.0000","-0.0900","6","0","0"
"AAD2023.06.02752","537882","37950","114","Texas A&M International University","Mathematics and Physics, Department of","Mathematics","6","308.0000","24","266.0000","5","281.0000","4.8000","209.0000","97","274.0000","5","274.0000","1.0000","1.0000","1","240.0000","1","255.0000","722880.0000","207.0000","0","289.0000","0","289.0000","0","268.0000","0","268.0000","17","23","7","18","17","0.0000","-1.2000","268.0000","21.0100","0.0000","-0.9000","268.0000","21.0100","0.8300","0.3000","170.0000","50.0000","4.0000","-0.3100","195.0000","42.6000","0.8300","0.4300","148.0000","56.5100","16.1700","-0.3900","243.0000","28.4000","4.0400","-0.2800","276.0000","18.6400","0.1700","-0.5200","202.0000","40.5300","0.1700","-0.6900","223.0000","34.3200","120480.0000","-0.1400","130.0000","61.8300","722880.0000","2.2500","10.0000","97.3400","0.0000","-0.6800","289.0000","14.7900","0.0000","-1.2100","289.0000","14.7900","-0.4000","189.0000","44.3800","-0.7800","-0.8700","-0.9200","-0.7200","-0.9700","-0.3300","0.6014","-0.5200","-0.8300","-0.4500","-0.4600","-0.6700","-0.8000","-1.1200","14.7900","21.0100","19.2300","29.2900","17.1600","38.4600","100.0000","14.7900","21.0100","19.2300","39.0500","24.8500","21.6000","9.1700","338","4/1/2025 16:37","1","1","1.0000","0.1700","0.1700","232.0000","206.0000","247.0000","203.0000","153.0000","-0.7100","-0.5345","-0.4400","-0.4400","-0.0400","31.6600","39.3500","27.2200","40.2400","55.0300","12","0","28.9900","241.0000","-0.8300","0.0000","28.9900","241.0000","-0.7400","0","28.9900","241.0000","-0.9000","0","73.0800","92.0000","-0.1800","0.0000","73.0800","92.0000","-0.2900","0","73.0800","92.0000","-0.3500","0.0000","28.9900","241.0000","-1.0600","0.0000","73.0800","92.0000","-0.4600","0.0000","99.1100","4.0000","-0.0900","0","99.1100","4.0000","-0.0900","0.0000","99.1100","4.0000","-0.0900","0","99.1100","4.0000","-0.0900","6","0","0"
"AAD2023.06.02752","557310","37976","114","William Carey University","Mathematics, Department of","Mathematics","4","328.0000","0","336.0000","0","336.0000","0.0000","336.0000","0","331.0000","0","331.0000","0.0000","331.0000","0","285.0000","0","285.0000","0.0000","285.0000","1","261.0000","1","249.0000","2","207.0000","2","171.0000","17","23","7","18","17","0.5000","2.9500","2.0000","99.7000","0.5000","0.9000","41.0000","88.1700","0.0000","-3.8100","336.0000","0.8900","0.0000","-1.5300","336.0000","0.8900","0.0000","-3.1600","331.0000","2.3700","0.0000","-0.5500","331.0000","2.3700","0.0000","-0.4700","331.0000","2.3700","0.0000","-1.2000","285.0000","15.9800","0.0000","-0.9600","285.0000","15.9800","0.0000","-0.6800","285.0000","15.9800","0.0000","-0.8800","285.0000","15.9800","0.2500","-0.4700","207.0000","39.0500","0.2500","-0.2500","166.0000","51.1800","-1.3000","331.0000","2.3700","-0.7000","-0.4400","-1.2500","-0.8100","-1.2900","-1.5900","-4.7969","-0.5000","-0.5800","-0.4800","-0.5400","-0.7000","-0.9600","-1.2500","26.6300","49.7000","2.3700","15.9800","0.8900","0.8900","2.3700","23.0800","39.0500","2.3700","15.9800","15.9800","0.8900","3.2500","338","4/1/2025 16:37","0","0","0.0000","0.0000","0.0000","287.0000","287.0000","287.0000","287.0000","287.0000","-0.9100","-1.1925","-0.4900","-0.7400","-1.2800","15.3800","15.3800","15.3800","15.3800","15.3800","12","0","28.9900","241.0000","-0.8300","0.0000","28.9900","241.0000","-0.7400","0","28.9900","241.0000","-0.9000","0","73.0800","92.0000","-0.1800","0.0000","73.0800","92.0000","-0.2900","0","73.0800","92.0000","-0.3500","0.0000","28.9900","241.0000","-1.0600","0.0000","73.0800","92.0000","-0.4600","0.0000","99.1100","4.0000","-0.0900","0","99.1100","4.0000","-0.0900","0.0000","99.1100","4.0000","-0.0900","0","99.1100","4.0000","-0.0900","6","0","0"
"AAD2023.06.02752","557664","38027","114","University of New Haven, Connecticut","Mathematics and Physics, Department of","Mathematics","2","336.0000","5","314.0000","1","331.0000","5.0000","199.0000","11","323.0000","1","325.0000","1.0000","1.0000","0","285.0000","0","285.0000","0.0000","285.0000","0","289.0000","0","289.0000","0","268.0000","0","268.0000","17","23","7","18","17","0.0000","-1.2000","268.0000","21.0100","0.0000","-0.9000","268.0000","21.0100","0.5000","-1.3400","290.0000","14.5000","2.5000","-0.7700","255.0000","24.8500","0.5000","-1.0000","276.0000","18.6400","5.5000","-0.4900","297.0000","12.4300","2.2000","-0.3700","318.0000","6.2100","0.0000","-1.2000","285.0000","15.9800","0.0000","-0.9600","285.0000","15.9800","0.0000","-0.6800","285.0000","15.9800","0.0000","-0.8800","285.0000","15.9800","0.0000","-0.6800","289.0000","14.7900","0.0000","-1.2100","289.0000","14.7900","-0.8000","259.0000","23.6700","-0.7800","-0.8700","-1.1800","-0.8100","-1.2300","-0.2800","0.6014","-0.5200","-0.8300","-0.4800","-0.5400","-0.7000","-0.9300","-1.3800","14.7900","21.0100","4.1400","15.9800","2.3700","41.4200","100.0000","14.7900","21.0100","4.7300","15.9800","15.9800","7.4000","0.8900","338","4/1/2025 16:37","2","1","2.0000","1.0000","0.5000","232.0000","109.0000","225.0000","28.0000","5.0000","-0.7100","0.1234","-0.4000","1.0600","2.4300","31.6600","68.0500","33.7300","92.0100","98.8200","12","2","52.6600","161.0000","-0.3700","1.0000","99.1100","4.0000","4.6300","1","46.4500","182.0000","-0.5600","0","73.0800","92.0000","-0.1800","0.0000","73.0800","92.0000","-0.2900","0","73.0800","92.0000","-0.3500","0.5000","99.7000","2.0000","4.5700","0.0000","73.0800","92.0000","-0.4600","0.0000","99.1100","4.0000","-0.0900","0","99.1100","4.0000","-0.0900","0.0000","99.1100","4.0000","-0.0900","0","99.1100","4.0000","-0.0900","6","0","0"
"AAD2023.06.02752","557699","38051","114","University of West Florida","Mathematics and Statistics, Department of","Mathematics","14","236.0000","83","183.0000","14","190.0000","5.9300","161.0000","770","165.0000","12","205.0000","0.8600","260.0000","0","285.0000","0","285.0000","0.0000","285.0000","1","261.0000","1","249.0000","0","268.0000","0","268.0000","17","23","7","18","17","0.0000","-1.2000","268.0000","21.0100","0.0000","-0.9000","268.0000","21.0100","1.0000","1.1300","1.0000","100.0000","5.9300","0.2800","128.0000","62.4300","0.8600","0.5400","130.0000","61.8300","55.0000","-0.0200","112.0000","67.1600","9.2800","-0.0400","104.0000","69.5300","0.0000","-1.2000","285.0000","15.9800","0.0000","-0.9600","285.0000","15.9800","0.0000","-0.6800","285.0000","15.9800","0.0000","-0.8800","285.0000","15.9800","0.0700","-0.6200","278.0000","18.0500","0.0700","-0.9300","273.0000","19.5300","-0.2000","155.0000","54.4400","-0.7000","-0.8700","-0.4700","-0.8100","-0.3800","-0.0300","-0.1698","-0.5000","-0.8300","-0.2700","-0.5400","-0.7000","-0.4100","-0.6200","26.6300","21.0100","39.6500","15.9800","44.0800","52.6600","23.3700","23.0800","21.0100","51.4800","15.9800","15.9800","46.1500","30.4700","338","4/1/2025 16:37","3","2","1.5000","0.2100","0.1400","192.0000","163.0000","199.0000","179.0000","175.0000","-0.5000","-0.2056","-0.3600","-0.3500","-0.2200","43.4900","52.0700","41.4200","47.3400","48.5200","12","0","28.9900","241.0000","-0.8300","0.0000","28.9900","241.0000","-0.7400","0","28.9900","241.0000","-0.9000","0","73.0800","92.0000","-0.1800","0.0000","73.0800","92.0000","-0.2900","0","73.0800","92.0000","-0.3500","0.0000","28.9900","241.0000","-1.0600","0.0000","73.0800","92.0000","-0.4600","0.0000","99.1100","4.0000","-0.0900","0","99.1100","4.0000","-0.0900","0.0000","99.1100","4.0000","-0.0900","0","99.1100","4.0000","-0.0900","6","0","0"
"AAD2023.06.02752","557968","38070","114","University of Michigan, Dearborn","Mathematics and Statistics, Department of","Mathematics","18","186.0000","36","250.0000","13","202.0000","2.7700","287.0000","145","261.0000","10","227.0000","0.6700","310.0000","3","185.0000","6","172.0000","1484158.0000","164.0000","3","222.0000","2","225.0000","2","207.0000","2","171.0000","17","23","7","18","17","0.1100","-0.2800","189.0000","44.3800","0.1100","-0.5000","215.0000","36.6900","0.7200","-0.2400","237.0000","30.1800","2.0000","-0.9200","271.0000","20.1200","0.5600","-0.7600","268.0000","21.0100","8.0600","-0.4700","276.0000","18.6400","4.0300","-0.2800","277.0000","18.3400","0.1700","-0.5200","202.0000","40.5300","0.3300","-0.4200","175.0000","48.5200","82453.2200","-0.3100","159.0000","53.2500","247359.6700","0.1900","86.0000","74.8500","0.1700","-0.5400","236.0000","30.4700","0.1100","-0.7800","245.0000","27.8100","-0.8000","259.0000","23.6700","-0.6200","-0.4400","-0.6000","-0.5500","-0.4500","-0.8600","-1.1981","-0.4600","-0.5800","-0.4400","-0.3800","-0.4900","-0.7200","-0.3700","33.7300","49.7000","33.1400","45.5600","40.5300","15.3800","8.5800","34.6200","39.0500","23.0800","51.7800","49.4100","26.3300","45.2700","338","4/1/2025 16:37","1","2","0.5000","0.0600","0.1100","192.0000","285.0000","247.0000","274.0000","211.0000","-0.5000","-0.8635","-0.4400","-0.6400","-0.4500","43.4900","15.9800","27.2200","19.2300","37.8700","12","0","28.9900","241.0000","-0.8300","0.0000","28.9900","241.0000","-0.7400","0","28.9900","241.0000","-0.9000","0","73.0800","92.0000","-0.1800","0.0000","73.0800","92.0000","-0.2900","0","73.0800","92.0000","-0.3500","0.0000","28.9900","241.0000","-1.0600","0.0000","73.0800","92.0000","-0.4600","0.0000","99.1100","4.0000","-0.0900","0","99.1100","4.0000","-0.0900","0.0000","99.1100","4.0000","-0.0900","0","99.1100","4.0000","-0.0900","6","0","0"
"AAD2023.06.02752","558793","38091","114","Coastal Carolina University","Mathematics and Statistics, Department of","Mathematics","15","219.0000","17","281.0000","6","269.0000","2.8300","283.0000","88","281.0000","5","274.0000","0.7100","306.0000","0","285.0000","0","285.0000","0.0000","285.0000","0","289.0000","0","289.0000","1","229.0000","3","131.0000","17","23","7","18","17","0.2000","0.4600","91.0000","73.3700","0.0700","-0.6600","246.0000","27.5100","0.4000","-1.8300","317.0000","6.5100","1.1300","-1.1900","299.0000","11.8300","0.3300","-1.7200","310.0000","8.5800","5.8700","-0.4900","293.0000","13.6100","5.1800","-0.2300","245.0000","27.8100","0.0000","-1.2000","285.0000","15.9800","0.0000","-0.9600","285.0000","15.9800","0.0000","-0.6800","285.0000","15.9800","0.0000","-0.8800","285.0000","15.9800","0.0000","-0.6800","289.0000","14.7900","0.0000","-1.2100","289.0000","14.7900","-1.1000","306.0000","9.7600","-0.7800","-0.2200","-0.9200","-0.8100","-0.9000","-0.8500","-0.9410","-0.5200","-0.7000","-0.4500","-0.5400","-0.7000","-0.8500","-0.5600","14.7900","61.5400","19.2300","15.9800","20.7100","16.5700","9.7600","14.7900","32.5400","17.1600","15.9800","15.9800","17.1600","35.5000","338","4/1/2025 16:37","0","0","0.0000","0.0000","0.0000","287.0000","287.0000","287.0000","287.0000","287.0000","-0.9100","-1.1925","-0.4900","-0.7400","-1.2800","15.3800","15.3800","15.3800","15.3800","15.3800","12","0","28.9900","241.0000","-0.8300","0.0000","28.9900","241.0000","-0.7400","0","28.9900","241.0000","-0.9000","0","73.0800","92.0000","-0.1800","0.0000","73.0800","92.0000","-0.2900","0","73.0800","92.0000","-0.3500","0.0000","28.9900","241.0000","-1.0600","0.0000","73.0800","92.0000","-0.4600","0.0000","99.1100","4.0000","-0.0900","0","99.1100","4.0000","-0.0900","0.0000","99.1100","4.0000","-0.0900","0","99.1100","4.0000","-0.0900","6","0","0"
"AAD2023.06.02752","558830","38112","114","University of Arkansas at Pine Bluff","Mathematics and Computer Science, Department of","Mathematics","8","290.0000","7","308.0000","3","309.0000","2.3300","299.0000","34","309.0000","1","325.0000","0.3300","327.0000","1","240.0000","2","228.0000","507440.0000","226.0000","0","289.0000","0","289.0000","0","268.0000","0","268.0000","17","23","7","18","17","0.0000","-1.2000","268.0000","21.0100","0.0000","-0.9000","268.0000","21.0100","0.3800","-1.9600","320.0000","5.6200","0.8800","-1.2700","308.0000","9.1700","0.1300","-2.6200","329.0000","2.9600","4.2500","-0.5100","309.0000","8.8800","4.8600","-0.2400","254.0000","25.1500","0.1300","-0.6900","225.0000","33.7300","0.2500","-0.5500","199.0000","41.4200","63430.0000","-0.3900","178.0000","47.6300","253720.0000","0.2100","82.0000","76.0400","0.0000","-0.6800","289.0000","14.7900","0.0000","-1.2100","289.0000","14.7900","-1.1000","306.0000","9.7600","-0.7800","-0.8700","-1.1800","-0.7200","-1.1000","-0.9800","-2.9975","-0.5200","-0.8300","-0.4700","-0.4900","-0.6300","-0.9100","-1.0000","14.7900","21.0100","4.1400","29.2900","8.8800","11.8300","3.5500","14.7900","21.0100","8.8800","33.4300","32.8400","9.1700","14.5000","338","4/1/2025 16:37","0","0","0.0000","0.0000","0.0000","287.0000","287.0000","287.0000","287.0000","287.0000","-0.9100","-1.1925","-0.4900","-0.7400","-1.2800","15.3800","15.3800","15.3800","15.3800","15.3800","12","0","28.9900","241.0000","-0.8300","0.0000","28.9900","241.0000","-0.7400","0","28.9900","241.0000","-0.9000","0","73.0800","92.0000","-0.1800","0.0000","73.0800","92.0000","-0.2900","0","73.0800","92.0000","-0.3500","0.0000","28.9900","241.0000","-1.0600","0.0000","73.0800","92.0000","-0.4600","0.0000","99.1100","4.0000","-0.0900","0","99.1100","4.0000","-0.0900","0.0000","99.1100","4.0000","-0.0900","0","99.1100","4.0000","-0.0900","6","0","0"
"AAD2023.06.02752","614784","38141","114","Pace University-New York","Mathematics (NYC), Department of","Mathematics","4","328.0000","16","284.0000","2","326.0000","8.0000","80.0000","43","303.0000","2","317.0000","1.0000","1.0000","0","285.0000","0","285.0000","0.0000","285.0000","0","289.0000","0","289.0000","1","229.0000","1","215.0000","17","23","7","18","17","0.2500","0.8700","61.0000","82.2500","0.2500","0.0000","130.0000","61.8300","0.5000","-1.3400","290.0000","14.5000","4.0000","-0.3100","195.0000","42.6000","0.5000","-1.0000","276.0000","18.6400","10.7500","-0.4400","264.0000","22.1900","2.6900","-0.3400","309.0000","8.8800","0.0000","-1.2000","285.0000","15.9800","0.0000","-0.9600","285.0000","15.9800","0.0000","-0.6800","285.0000","15.9800","0.0000","-0.8800","285.0000","15.9800","0.0000","-0.6800","289.0000","14.7900","0.0000","-1.2100","289.0000","14.7900","-0.7000","243.0000","28.4000","-0.7800","-0.6500","-1.1200","-0.8100","-1.1600","0.5100","0.6014","-0.5200","-0.7000","-0.4700","-0.5400","-0.7000","-0.8500","-1.2500","14.7900","36.6900","6.5100","15.9800","3.8500","76.6300","100.0000","14.7900","32.5400","10.6500","15.9800","15.9800","16.2700","3.2500","338","4/1/2025 16:37","0","0","0.0000","0.0000","0.0000","287.0000","287.0000","287.0000","287.0000","287.0000","-0.9100","-1.1925","-0.4900","-0.7400","-1.2800","15.3800","15.3800","15.3800","15.3800","15.3800","12","0","28.9900","241.0000","-0.8300","0.0000","28.9900","241.0000","-0.7400","0","28.9900","241.0000","-0.9000","0","73.0800","92.0000","-0.1800","0.0000","73.0800","92.0000","-0.2900","0","73.0800","92.0000","-0.3500","0.0000","28.9900","241.0000","-1.0600","0.0000","73.0800","92.0000","-0.4600","0.0000","99.1100","4.0000","-0.0900","0","99.1100","4.0000","-0.0900","0.0000","99.1100","4.0000","-0.0900","0","99.1100","4.0000","-0.0900","6","0","0"
"AAD2023.06.02752","614784","38142","114","Pace University-New York","Mathematics (Pleasantville), Department of","Mathematics","5","320.0000","2","328.0000","3","309.0000","0.6700","334.0000","0","331.0000","0","331.0000","0.0000","331.0000","0","285.0000","0","285.0000","0.0000","285.0000","0","289.0000","0","289.0000","1","229.0000","1","215.0000","17","23","7","18","17","0.2000","0.4600","91.0000","73.3700","0.2000","-0.1800","162.0000","52.3700","0.6000","-0.8500","270.0000","20.4100","0.4000","-1.4100","328.0000","3.2500","0.0000","-3.1600","331.0000","2.3700","0.0000","-0.5500","331.0000","2.3700","0.0000","-0.4700","331.0000","2.3700","0.0000","-1.2000","285.0000","15.9800","0.0000","-0.9600","285.0000","15.9800","0.0000","-0.6800","285.0000","15.9800","0.0000","-0.8800","285.0000","15.9800","0.0000","-0.6800","289.0000","14.7900","0.0000","-1.2100","289.0000","14.7900","-1.3000","331.0000","2.3700","-0.7800","-0.6500","-1.2500","-0.8100","-1.1000","-1.4100","-4.7969","-0.5200","-0.7000","-0.4800","-0.5400","-0.7000","-0.9500","-1.1900","14.7900","36.6900","2.3700","15.9800","8.8800","1.4800","2.3700","14.7900","32.5400","2.3700","15.9800","15.9800","3.2500","5.6200","338","4/1/2025 16:37","0","0","0.0000","0.0000","0.0000","287.0000","287.0000","287.0000","287.0000","287.0000","-0.9100","-1.1925","-0.4900","-0.7400","-1.2800","15.3800","15.3800","15.3800","15.3800","15.3800","12","0","28.9900","241.0000","-0.8300","0.0000","28.9900","241.0000","-0.7400","0","28.9900","241.0000","-0.9000","0","73.0800","92.0000","-0.1800","0.0000","73.0800","92.0000","-0.2900","0","73.0800","92.0000","-0.3500","0.0000","28.9900","241.0000","-1.0600","0.0000","73.0800","92.0000","-0.4600","0.0000","99.1100","4.0000","-0.0900","0","99.1100","4.0000","-0.0900","0.0000","99.1100","4.0000","-0.0900","0","99.1100","4.0000","-0.0900","6","0","0"
"AAD2023.06.02752","1","38181","114","Adelphi University","Mathematics and Computer Science, Department of","Mathematics","14","236.0000","33","256.0000","9","240.0000","3.6700","259.0000","397","218.0000","12","205.0000","0.9000","225.0000","0","285.0000","0","285.0000","0.0000","285.0000","1","261.0000","1","249.0000","7","105.0000","2","171.0000","17","23","7","18","17","0.1400","-0.0200","151.0000","55.6200","0.5000","0.9000","41.0000","88.1700","0.6400","-0.6400","260.0000","23.3700","2.3600","-0.8100","260.0000","23.3700","0.8600","0.5400","130.0000","61.8300","28.3600","-0.2800","191.0000","43.7900","12.0300","0.0900","68.0000","80.1800","0.0000","-1.2000","285.0000","15.9800","0.0000","-0.9600","285.0000","15.9800","0.0000","-0.6800","285.0000","15.9800","0.0000","-0.8800","285.0000","15.9800","0.0700","-0.6200","278.0000","18.0500","0.0700","-0.9300","273.0000","19.5300","-0.6000","225.0000","33.7300","-0.7000","-0.4400","-0.4700","-0.8100","-0.7100","-0.6300","0.0615","-0.5000","0.0400","-0.3700","-0.5400","-0.7000","-0.7400","-0.6200","26.6300","49.7000","39.6500","15.9800","29.2900","23.6700","33.7300","23.0800","69.2300","35.8000","15.9800","15.9800","24.5600","30.4700","338","4/1/2025 16:37","11","6","1.8300","0.7900","0.4300","80.0000","135.0000","101.0000","43.0000","19.0000","0.3200","0.0115","-0.0100","0.6800","1.9000","76.6300","60.3600","70.4100","87.5700","94.6700","12","0","28.9900","241.0000","-0.8300","0.0000","28.9900","241.0000","-0.7400","0","28.9900","241.0000","-0.9000","0","73.0800","92.0000","-0.1800","0.0000","73.0800","92.0000","-0.2900","0","73.0800","92.0000","-0.3500","0.0000","28.9900","241.0000","-1.0600","0.0000","73.0800","92.0000","-0.4600","0.0000","99.1100","4.0000","-0.0900","0","99.1100","4.0000","-0.0900","0.0000","99.1100","4.0000","-0.0900","0","99.1100","4.0000","-0.0900","6","0","0"
"AAD2023.06.02752","3","38196","114","Alabama A&M University","Mathematics, Department of","Mathematics","9","277.0000","72","194.0000","6","269.0000","12.0000","12.0000","2379","65.0000","6","267.0000","1.0000","1.0000","1","240.0000","4","192.0000","1462672.0000","167.0000","1","261.0000","1","249.0000","0","268.0000","0","268.0000","17","23","7","18","17","0.0000","-1.2000","268.0000","21.0100","0.0000","-0.9000","268.0000","21.0100","0.6700","-0.5200","252.0000","25.7400","8.0000","0.9100","52.0000","84.9100","0.6700","-0.2900","235.0000","30.7700","264.3300","1.9700","10.0000","97.3400","33.0400","1.0600","8.0000","97.9300","0.1100","-0.7500","236.0000","30.4700","0.4400","-0.2400","156.0000","54.1400","162519.1100","0.0500","104.0000","69.5300","365668.0000","0.7000","38.0000","89.0500","0.1100","-0.5800","258.0000","23.9600","0.1100","-0.7800","245.0000","27.8100","-0.8000","259.0000","23.6700","-0.7000","-0.8700","-0.8600","-0.7200","-0.9000","1.5600","0.6014","-0.5000","-0.8300","0.1800","-0.3800","-0.5600","-0.4800","-0.9400","26.6300","21.0100","21.3000","29.2900","20.7100","96.7500","100.0000","23.0800","21.0100","81.0700","50.8900","43.4900","42.9000","18.3400","338","4/1/2025 16:37","1","1","1.0000","0.1100","0.1100","232.0000","206.0000","247.0000","243.0000","211.0000","-0.7100","-0.5345","-0.4400","-0.5400","-0.4500","31.6600","39.3500","27.2200","28.4000","37.8700","12","0","28.9900","241.0000","-0.8300","0.0000","28.9900","241.0000","-0.7400","0","28.9900","241.0000","-0.9000","0","73.0800","92.0000","-0.1800","0.0000","73.0800","92.0000","-0.2900","0","73.0800","92.0000","-0.3500","0.0000","28.9900","241.0000","-1.0600","0.0000","73.0800","92.0000","-0.4600","0.0000","99.1100","4.0000","-0.0900","0","99.1100","4.0000","-0.0900","0.0000","99.1100","4.0000","-0.0900","0","99.1100","4.0000","-0.0900","6","0","0"
"AAD2023.06.02752","9","38216","114","Andrews University","Mathematics, Department of","Mathematics","7","296.0000","12","293.0000","4","290.0000","3.0000","277.0000","18","319.0000","3","299.0000","0.7500","295.0000","1","240.0000","1","255.0000","148299.0000","260.0000","1","261.0000","1","249.0000","4","156.0000","2","171.0000","17","23","7","18","17","0.2900","1.1700","38.0000","89.0500","0.5700","1.1500","32.0000","90.8300","0.5700","-0.9900","276.0000","18.6400","1.7100","-1.0100","283.0000","16.5700","0.4300","-1.3100","298.0000","12.1300","2.5700","-0.5200","318.0000","6.2100","1.5000","-0.4000","327.0000","3.5500","0.1400","-0.6200","215.0000","36.6900","0.1400","-0.7200","235.0000","30.7700","21185.5700","-0.5800","239.0000","29.5900","148299.0000","-0.2400","191.0000","43.7900","0.1400","-0.5600","248.0000","26.9200","0.1400","-0.6600","221.0000","34.9100","-1.0000","293.0000","13.6100","-0.7000","-0.4400","-1.0500","-0.7200","-1.0300","-0.8000","-0.7482","-0.5000","-0.3300","-0.4700","-0.5200","-0.6700","-0.8800","-1.0600","26.6300","49.7000","11.8300","29.2900","14.5000","18.3400","13.0200","23.0800","54.1400","5.9200","23.3700","24.8500","13.6100","12.7200","338","4/1/2025 16:37","0","0","0.0000","0.0000","0.0000","287.0000","287.0000","287.0000","287.0000","287.0000","-0.9100","-1.1925","-0.4900","-0.7400","-1.2800","15.3800","15.3800","15.3800","15.3800","15.3800","12","3","63.6100","124.0000","-0.1400","0.4300","94.9700","18.0000","1.5600","1","46.4500","182.0000","-0.5600","0","73.0800","92.0000","-0.1800","0.0000","73.0800","92.0000","-0.2900","0","73.0800","92.0000","-0.3500","0.1400","73.6700","90.0000","0.5500","0.0000","73.0800","92.0000","-0.4600","0.0000","99.1100","4.0000","-0.0900","0","99.1100","4.0000","-0.0900","0.0000","99.1100","4.0000","-0.0900","0","99.1100","4.0000","-0.0900","6","0","0"
"AAD2023.06.02752","52","38243","114","Creighton University","Mathematics, Department of","Mathematics","6","308.0000","5","314.0000","4","290.0000","1.2500","323.0000","1","329.0000","1","325.0000","0.2500","328.0000","0","285.0000","0","285.0000","0.0000","285.0000","0","289.0000","0","289.0000","5","144.0000","2","171.0000","17","23","7","18","17","0.3300","1.5600","21.0000","94.0800","0.8300","2.0900","12.0000","96.7500","0.6700","-0.5200","252.0000","25.7400","0.8300","-1.2800","311.0000","8.2800","0.1700","-2.4400","326.0000","3.8500","0.1700","-0.5400","329.0000","2.9600","0.2000","-0.4600","329.0000","2.9600","0.0000","-1.2000","285.0000","15.9800","0.0000","-0.9600","285.0000","15.9800","0.0000","-0.6800","285.0000","15.9800","0.0000","-0.8800","285.0000","15.9800","0.0000","-0.6800","289.0000","14.7900","0.0000","-1.2100","289.0000","14.7900","-1.2000","322.0000","5.0300","-0.7800","-0.4400","-1.1800","-0.8100","-1.0300","-1.2600","-3.4474","-0.5200","-0.2100","-0.4800","-0.5400","-0.7000","-0.9300","-1.1200","14.7900","49.7000","4.1400","15.9800","14.5000","4.7300","3.2500","14.7900","57.6900","2.9600","15.9800","15.9800","7.4000","9.1700","338","4/1/2025 16:37","0","0","0.0000","0.0000","0.0000","287.0000","287.0000","287.0000","287.0000","287.0000","-0.9100","-1.1925","-0.4900","-0.7400","-1.2800","15.3800","15.3800","15.3800","15.3800","15.3800","12","0","28.9900","241.0000","-0.8300","0.0000","28.9900","241.0000","-0.7400","0","28.9900","241.0000","-0.9000","0","73.0800","92.0000","-0.1800","0.0000","73.0800","92.0000","-0.2900","0","73.0800","92.0000","-0.3500","0.0000","28.9900","241.0000","-1.0600","0.0000","73.0800","92.0000","-0.4600","0.0000","99.1100","4.0000","-0.0900","0","99.1100","4.0000","-0.0900","0.0000","99.1100","4.0000","-0.0900","0","99.1100","4.0000","-0.0900","6","0","0"
"AAD2023.06.02752","67","38268","114","Fairleigh Dickinson University","Mathematics and Computer Science, Department of","Mathematics","10","270.0000","3","326.0000","3","309.0000","1.0000","325.0000","56","289.0000","3","299.0000","0.6700","310.0000","1","240.0000","1","255.0000","610161.0000","217.0000","0","289.0000","0","289.0000","0","268.0000","0","268.0000","17","23","7","18","17","0.0000","-1.2000","268.0000","21.0100","0.0000","-0.9000","268.0000","21.0100","0.3000","-2.3300","329.0000","2.9600","0.3000","-1.4400","333.0000","1.7800","0.3000","-1.8700","321.0000","5.3300","5.6000","-0.4900","296.0000","12.7200","18.6700","0.3900","27.0000","92.3100","0.1000","-0.7900","245.0000","27.8100","0.1000","-0.7900","256.0000","24.5600","61016.1000","-0.4000","186.0000","45.2700","610161.0000","1.7600","13.0000","96.4500","0.0000","-0.6800","289.0000","14.7900","0.0000","-1.2100","289.0000","14.7900","-1.1000","306.0000","9.7600","-0.7800","-0.8700","-1.0500","-0.7200","-1.1000","-1.3300","-1.1981","-0.5200","-0.8300","-0.4600","-0.4700","-0.6700","-0.9400","-0.8700","14.7900","21.0100","11.8300","29.2900","8.8800","4.1400","8.5800","14.7900","21.0100","14.7900","36.0900","24.8500","3.8500","20.4100","338","4/1/2025 16:37","3","4","0.7500","0.3000","0.4000","131.0000","280.0000","199.0000","154.0000","23.0000","-0.0900","-0.6990","-0.3600","-0.2000","1.6900","61.5400","17.4600","41.4200","54.7300","93.4900","12","0","28.9900","241.0000","-0.8300","0.0000","28.9900","241.0000","-0.7400","0","28.9900","241.0000","-0.9000","1","82.2500","61.0000","-0.0900","0.1000","88.7600","39.0000","0.2900","1","90.5300","33.0000","0.3200","0.0000","28.9900","241.0000","-1.0600","0.1000","94.9700","18.0000","2.2600","0.0000","99.1100","4.0000","-0.0900","0","99.1100","4.0000","-0.0900","0.0000","99.1100","4.0000","-0.0900","0","99.1100","4.0000","-0.0900","6","0","0"
"AAD2023.06.02752","94","38292","114","Indiana State University","Mathematics and Computer Science, Department of","Mathematics","9","277.0000","18","277.0000","7","258.0000","2.5700","292.0000","65","287.0000","7","248.0000","1.0000","1.0000","0","285.0000","0","285.0000","0.0000","285.0000","0","289.0000","0","289.0000","0","268.0000","0","268.0000","17","23","7","18","17","0.0000","-1.2000","268.0000","21.0100","0.0000","-0.9000","268.0000","21.0100","0.7800","0.0300","204.0000","39.9400","2.0000","-0.9200","271.0000","20.1200","0.7800","0.1900","191.0000","43.7900","7.2200","-0.4800","282.0000","16.8600","3.6100","-0.3000","291.0000","14.2000","0.0000","-1.2000","285.0000","15.9800","0.0000","-0.9600","285.0000","15.9800","0.0000","-0.6800","285.0000","15.9800","0.0000","-0.8800","285.0000","15.9800","0.0000","-0.6800","289.0000","14.7900","0.0000","-1.2100","289.0000","14.7900","-0.8000","259.0000","23.6700","-0.7800","-0.8700","-0.8000","-0.8100","-0.8400","-0.9200","0.6014","-0.5200","-0.8300","-0.4600","-0.5400","-0.7000","-0.8400","-0.9400","14.7900","21.0100","26.9200","15.9800","23.9600","13.9100","100.0000","14.7900","21.0100","15.3800","15.9800","15.9800","18.3400","18.3400","338","4/1/2025 16:37","5","4","1.2500","0.5600","0.4400","131.0000","194.0000","170.0000","75.0000","16.0000","-0.0900","-0.3701","-0.2700","0.2600","2.0200","61.5400","42.9000","50.0000","78.1100","95.5600","12","1","43.2000","193.0000","-0.6000","0.1100","54.1400","156.0000","-0.1400","1","46.4500","182.0000","-0.5600","0","73.0800","92.0000","-0.1800","0.0000","73.0800","92.0000","-0.2900","0","73.0800","92.0000","-0.3500","0.1100","63.0200","126.0000","0.1900","0.0000","73.0800","92.0000","-0.4600","0.0000","99.1100","4.0000","-0.0900","0","99.1100","4.0000","-0.0900","0.0000","99.1100","4.0000","-0.0900","0","99.1100","4.0000","-0.0900","6","0","0"
"AAD2023.06.02752","180","38326","114","Sam Houston State University","Mathematics and Statistics, Department of","Mathematics","28","104.0000","71","198.0000","23","107.0000","3.0900","276.0000","306","231.0000","20","135.0000","0.8700","253.0000","0","285.0000","0","285.0000","0.0000","285.0000","2","237.0000","2","225.0000","1","229.0000","1","215.0000","17","23","7","18","17","0.0400","-0.9100","262.0000","22.7800","0.0400","-0.7700","264.0000","22.1900","0.8200","0.2500","180.0000","47.0400","2.5400","-0.7600","254.0000","25.1500","0.7100","-0.0800","218.0000","35.8000","10.9300","-0.4400","260.0000","23.3700","4.3100","-0.2700","273.0000","19.5300","0.0000","-1.2000","285.0000","15.9800","0.0000","-0.9600","285.0000","15.9800","0.0000","-0.6800","285.0000","15.9800","0.0000","-0.8800","285.0000","15.9800","0.0700","-0.6200","278.0000","18.0500","0.0700","-0.9300","273.0000","19.5300","-0.7000","243.0000","28.4000","-0.6200","-0.6500","0.0400","-0.8100","0.2000","-0.7800","-0.1028","-0.4800","-0.7000","-0.3900","-0.5400","-0.7000","-0.4900","0.2600","33.7300","36.6900","60.3600","15.9800","68.6400","18.6400","25.4400","30.1800","32.5400","31.9500","15.9800","15.9800","41.7200","69.5300","338","4/1/2025 16:37","4","3","1.3300","0.1400","0.1100","165.0000","187.0000","179.0000","218.0000","222.0000","-0.3000","-0.3174","-0.3100","-0.4800","-0.4800","51.4800","44.9700","47.3400","35.8000","34.6200","12","3","63.6100","124.0000","-0.1400","0.1100","52.0700","163.0000","-0.1600","3","72.1900","95.0000","0.1300","0","73.0800","92.0000","-0.1800","0.0000","73.0800","92.0000","-0.2900","0","73.0800","92.0000","-0.3500","0.1100","59.4700","138.0000","0.1500","0.0000","73.0800","92.0000","-0.4600","0.0000","99.1100","4.0000","-0.0900","0","99.1100","4.0000","-0.0900","0.0000","99.1100","4.0000","-0.0900","0","99.1100","4.0000","-0.0900","6","0","0"
"AAD2023.06.02752","182","38364","114","Santa Clara University","Mathematics and Computer Science, Department of","Mathematics","17","196.0000","59","217.0000","15","181.0000","3.9300","248.0000","466","201.0000","14","182.0000","0.8700","255.0000","1","240.0000","1","255.0000","85500.0000","275.0000","6","179.0000","3","195.0000","1","229.0000","1","215.0000","17","23","7","18","17","0.0600","-0.7200","249.0000","26.6300","0.0600","-0.6900","252.0000","25.7400","0.8800","0.5500","129.0000","62.1300","3.4700","-0.4700","220.0000","35.2100","0.8200","0.3900","160.0000","52.9600","27.4100","-0.2900","194.0000","42.9000","7.9000","-0.1000","142.0000","58.2800","0.0600","-0.9600","277.0000","18.3400","0.0600","-0.8600","281.0000","17.1600","5029.4100","-0.6600","276.0000","18.6400","85500.0000","-0.5100","261.0000","23.0800","0.3500","-0.3800","182.0000","46.4500","0.1800","-0.5300","204.0000","39.9400","-0.4000","189.0000","44.3800","-0.5500","-0.6500","-0.3400","-0.7200","-0.3200","-0.5600","-0.1184","-0.4100","-0.7000","-0.3500","-0.5300","-0.6700","-0.5700","-0.4300","42.6000","36.6900","46.4500","29.2900","46.7500","26.9200","24.8500","47.3400","32.5400","40.8300","18.9300","24.8500","36.0900","42.3100","338","4/1/2025 16:37","39","6","6.5000","2.2900","0.3500","80.0000","8.0000","13.0000","7.0000","31.0000","0.3200","3.0840","1.2000","3.3900","1.3400","76.6300","97.9300","96.4500","98.2200","91.1200","12","0","28.9900","241.0000","-0.8300","0.0000","28.9900","241.0000","-0.7400","0","28.9900","241.0000","-0.9000","3","91.1200","31.0000","0.1000","0.1800","92.3100","27.0000","0.7300","2","94.9700","18.0000","1.0000","0.0000","28.9900","241.0000","-1.0600","0.1200","96.4500","13.0000","2.7400","0.0000","99.1100","4.0000","-0.0900","0","99.1100","4.0000","-0.0900","0.0000","99.1100","4.0000","-0.0900","0","99.1100","4.0000","-0.0900","6","0","0"
"AAD2023.06.02752","185","38394","114","Seattle Pacific University","Mathematics, Department of","Mathematics","7","296.0000","6","311.0000","3","309.0000","2.0000","304.0000","14","321.0000","3","299.0000","1.0000","1.0000","0","285.0000","0","285.0000","0.0000","285.0000","0","289.0000","0","289.0000","0","268.0000","0","268.0000","17","23","7","18","17","0.0000","-1.2000","268.0000","21.0100","0.0000","-0.9000","268.0000","21.0100","0.4300","-1.6900","312.0000","7.9900","0.8600","-1.2700","310.0000","8.5800","0.4300","-1.3100","298.0000","12.1300","2.0000","-0.5300","320.0000","5.6200","2.3300","-0.3600","315.0000","7.1000","0.0000","-1.2000","285.0000","15.9800","0.0000","-0.9600","285.0000","15.9800","0.0000","-0.6800","285.0000","15.9800","0.0000","-0.8800","285.0000","15.9800","0.0000","-0.6800","289.0000","14.7900","0.0000","-1.2100","289.0000","14.7900","-1.2000","322.0000","5.0300","-0.7800","-0.8700","-1.0500","-0.8100","-1.1000","-1.0600","0.6014","-0.5200","-0.8300","-0.4800","-0.5400","-0.7000","-0.9200","-1.0600","14.7900","21.0100","11.8300","15.9800","8.8800","10.3600","100.0000","14.7900","21.0100","5.3300","15.9800","15.9800","8.2800","12.7200","338","4/1/2025 16:37","0","0","0.0000","0.0000","0.0000","287.0000","287.0000","287.0000","287.0000","287.0000","-0.9100","-1.1925","-0.4900","-0.7400","-1.2800","15.3800","15.3800","15.3800","15.3800","15.3800","12","1","43.2000","193.0000","-0.6000","0.1400","64.2000","122.0000","0.0300","1","46.4500","182.0000","-0.5600","0","73.0800","92.0000","-0.1800","0.0000","73.0800","92.0000","-0.2900","0","73.0800","92.0000","-0.3500","0.1400","73.6700","90.0000","0.5500","0.0000","73.0800","92.0000","-0.4600","0.0000","99.1100","4.0000","-0.0900","0","99.1100","4.0000","-0.0900","0.0000","99.1100","4.0000","-0.0900","0","99.1100","4.0000","-0.0900","6","0","0"
"AAD2023.06.02752","201","38435","114","Suffolk University","Mathematics and Computer Science, Department of","Mathematics","9","277.0000","11","295.0000","4","290.0000","2.7500","288.0000","51","295.0000","3","299.0000","0.7500","295.0000","0","285.0000","0","285.0000","0.0000","285.0000","1","261.0000","1","249.0000","3","179.0000","1","215.0000","17","23","7","18","17","0.1100","-0.2800","189.0000","44.3800","0.3300","0.3000","96.0000","71.8900","0.4400","-1.6100","308.0000","9.1700","1.2200","-1.1600","294.0000","13.3100","0.3300","-1.7200","310.0000","8.5800","5.6700","-0.4900","294.0000","13.3100","4.6400","-0.2500","262.0000","22.7800","0.0000","-1.2000","285.0000","15.9800","0.0000","-0.9600","285.0000","15.9800","0.0000","-0.6800","285.0000","15.9800","0.0000","-0.8800","285.0000","15.9800","0.1100","-0.5800","258.0000","23.9600","0.1100","-0.7800","245.0000","27.8100","-1.0000","293.0000","13.6100","-0.7000","-0.6500","-1.0500","-0.8100","-1.0300","-0.8700","-0.7482","-0.5000","-0.4600","-0.4700","-0.5400","-0.7000","-0.8900","-0.9400","26.6300","36.6900","11.8300","15.9800","14.5000","15.0900","13.0200","23.0800","47.3400","13.0200","15.9800","15.9800","13.0200","18.3400","338","4/1/2025 16:37","7","2","3.5000","0.7800","0.2200","192.0000","31.0000","143.0000","44.0000","103.0000","-0.5000","1.1102","-0.1900","0.6600","0.3700","43.4900","91.1200","57.9900","87.2800","69.8200","12","0","28.9900","241.0000","-0.8300","0.0000","28.9900","241.0000","-0.7400","0","28.9900","241.0000","-0.9000","0","73.0800","92.0000","-0.1800","0.0000","73.0800","92.0000","-0.2900","0","73.0800","92.0000","-0.3500","0.0000","28.9900","241.0000","-1.0600","0.0000","73.0800","92.0000","-0.4600","0.0000","99.1100","4.0000","-0.0900","0","99.1100","4.0000","-0.0900","0.0000","99.1100","4.0000","-0.0900","0","99.1100","4.0000","-0.0900","6","0","0"
"AAD2023.06.02752","268","38451","114","University of Dallas","Mathematics, Department of","Mathematics","5","320.0000","5","314.0000","3","309.0000","1.6700","312.0000","30","310.0000","3","299.0000","1.0000","1.0000","0","285.0000","0","285.0000","0.0000","285.0000","1","261.0000","1","249.0000","1","229.0000","1","215.0000","17","23","7","18","17","0.2000","0.4600","91.0000","73.3700","0.2000","-0.1800","162.0000","52.3700","0.6000","-0.8500","270.0000","20.4100","1.0000","-1.2300","303.0000","10.6500","0.6000","-0.5700","255.0000","24.8500","6.0000","-0.4900","291.0000","14.2000","6.0000","-0.1900","206.0000","39.3500","0.0000","-1.2000","285.0000","15.9800","0.0000","-0.9600","285.0000","15.9800","0.0000","-0.6800","285.0000","15.9800","0.0000","-0.8800","285.0000","15.9800","0.2000","-0.5100","223.0000","34.3200","0.2000","-0.4400","192.0000","43.4900","-1.0000","293.0000","13.6100","-0.7000","-0.6500","-1.0500","-0.8100","-1.1000","-1.1500","0.6014","-0.5000","-0.7000","-0.4700","-0.5400","-0.7000","-0.9300","-1.1900","26.6300","36.6900","11.8300","15.9800","8.8800","7.9900","100.0000","23.0800","32.5400","8.5800","15.9800","15.9800","7.4000","5.6200","338","4/1/2025 16:37","0","0","0.0000","0.0000","0.0000","287.0000","287.0000","287.0000","287.0000","287.0000","-0.9100","-1.1925","-0.4900","-0.7400","-1.2800","15.3800","15.3800","15.3800","15.3800","15.3800","12","0","28.9900","241.0000","-0.8300","0.0000","28.9900","241.0000","-0.7400","0","28.9900","241.0000","-0.9000","0","73.0800","92.0000","-0.1800","0.0000","73.0800","92.0000","-0.2900","0","73.0800","92.0000","-0.3500","0.0000","28.9900","241.0000","-1.0600","0.0000","73.0800","92.0000","-0.4600","0.0000","99.1100","4.0000","-0.0900","0","99.1100","4.0000","-0.0900","0.0000","99.1100","4.0000","-0.0900","0","99.1100","4.0000","-0.0900","6","0","0"
"AAD2023.06.02752","272","38477","114","University of Detroit Mercy","Mathematics, Program in","Mathematics","7","296.0000","4","323.0000","3","309.0000","1.3300","321.0000","5","327.0000","2","317.0000","0.6700","310.0000","1","240.0000","1","255.0000","21998.0000","284.0000","0","289.0000","0","289.0000","1","229.0000","1","215.0000","17","23","7","18","17","0.1400","-0.0200","151.0000","55.6200","0.1400","-0.3800","196.0000","42.3100","0.4300","-1.6900","312.0000","7.9900","0.5700","-1.3600","320.0000","5.6200","0.2900","-1.9300","322.0000","5.0300","0.7100","-0.5400","328.0000","3.2500","1.2500","-0.4100","328.0000","3.2500","0.1400","-0.6200","215.0000","36.6900","0.1400","-0.7200","235.0000","30.7700","3142.5700","-0.6700","282.0000","16.8600","21998.0000","-0.7900","284.0000","16.2700","0.0000","-0.6800","289.0000","14.7900","0.0000","-1.2100","289.0000","14.7900","-1.2000","322.0000","5.0300","-0.7800","-0.6500","-1.1200","-0.7200","-1.1000","-1.2400","-1.1981","-0.5200","-0.7000","-0.4800","-0.5400","-0.6700","-0.9300","-1.0600","14.7900","36.6900","6.5100","29.2900","8.8800","5.3300","8.5800","14.7900","32.5400","3.5500","16.2700","24.8500","4.7300","12.7200","338","4/1/2025 16:37","0","0","0.0000","0.0000","0.0000","287.0000","287.0000","287.0000","287.0000","287.0000","-0.9100","-1.1925","-0.4900","-0.7400","-1.2800","15.3800","15.3800","15.3800","15.3800","15.3800","12","0","28.9900","241.0000","-0.8300","0.0000","28.9900","241.0000","-0.7400","0","28.9900","241.0000","-0.9000","0","73.0800","92.0000","-0.1800","0.0000","73.0800","92.0000","-0.2900","0","73.0800","92.0000","-0.3500","0.0000","28.9900","241.0000","-1.0600","0.0000","73.0800","92.0000","-0.4600","0.0000","99.1100","4.0000","-0.0900","0","99.1100","4.0000","-0.0900","0.0000","99.1100","4.0000","-0.0900","0","99.1100","4.0000","-0.0900","6","0","0"
"AAD2023.06.02752","371","38498","114","Prairie View A&M University","Mathematics, Department of","Mathematics","16","205.0000","14","287.0000","9","240.0000","1.5600","317.0000","187","250.0000","7","248.0000","0.6000","322.0000","1","240.0000","2","228.0000","361457.0000","239.0000","3","222.0000","2","225.0000","7","105.0000","4","107.0000","17","23","7","18","17","0.2500","0.8700","61.0000","82.2500","0.4400","0.6700","59.0000","82.8400","0.5600","-1.0300","283.0000","16.5700","0.8800","-1.2700","308.0000","9.1700","0.4400","-1.2700","296.0000","12.7200","11.6900","-0.4300","257.0000","24.2600","13.3600","0.1500","54.0000","84.3200","0.0600","-0.9400","273.0000","19.5300","0.1300","-0.7500","243.0000","28.4000","22591.0600","-0.5800","236.0000","30.4700","180728.5000","-0.1000","157.0000","53.8500","0.1900","-0.5200","232.0000","31.6600","0.1300","-0.7300","239.0000","29.5900","-1.0000","293.0000","13.6100","-0.6200","-0.0100","-0.8000","-0.7200","-0.7100","-1.1800","-1.5580","-0.4600","0.0400","-0.4300","-0.5000","-0.6300","-0.8700","-0.5000","33.7300","68.6400","26.9200","29.2900","29.2900","6.5100","5.0300","34.6200","69.2300","26.3300","29.5900","32.8400","15.3800","39.6500","338","4/1/2025 16:37","7","5","1.4000","0.4400","0.3100","106.0000","181.0000","143.0000","102.0000","50.0000","0.1100","-0.2714","-0.1900","0.0500","1.0400","68.9300","46.7500","57.9900","70.1200","85.5000","12","1","43.2000","193.0000","-0.6000","0.0600","38.4600","209.0000","-0.4000","1","46.4500","182.0000","-0.5600","0","73.0800","92.0000","-0.1800","0.0000","73.0800","92.0000","-0.2900","0","73.0800","92.0000","-0.3500","0.0600","40.5300","202.0000","-0.3500","0.0000","73.0800","92.0000","-0.4600","0.0000","99.1100","4.0000","-0.0900","0","99.1100","4.0000","-0.0900","0.0000","99.1100","4.0000","-0.0900","0","99.1100","4.0000","-0.0900","6","0","0"
"AAD2023.06.02752","376","38509","114","Benedictine University","Mathematics and Computational Sciences Area","Mathematics","5","320.0000","15","286.0000","5","281.0000","3.0000","277.0000","54","293.0000","4","283.0000","0.8000","283.0000","0","285.0000","0","285.0000","0.0000","285.0000","0","289.0000","0","289.0000","0","268.0000","0","268.0000","17","23","7","18","17","0.0000","-1.2000","268.0000","21.0100","0.0000","-0.9000","268.0000","21.0100","1.0000","1.1300","1.0000","100.0000","3.0000","-0.6200","234.0000","31.0700","0.8000","0.2900","173.0000","49.1100","10.8000","-0.4400","263.0000","22.4900","3.6000","-0.3000","292.0000","13.9100","0.0000","-1.2000","285.0000","15.9800","0.0000","-0.9600","285.0000","15.9800","0.0000","-0.6800","285.0000","15.9800","0.0000","-0.8800","285.0000","15.9800","0.0000","-0.6800","289.0000","14.7900","0.0000","-1.2100","289.0000","14.7900","-0.7000","243.0000","28.4000","-0.7800","-0.8700","-0.9900","-0.8100","-0.9700","-0.8000","-0.4783","-0.5200","-0.8300","-0.4600","-0.5400","-0.7000","-0.8600","-1.1900","14.7900","21.0100","16.5700","15.9800","17.1600","18.3400","16.5700","14.7900","21.0100","13.6100","15.9800","15.9800","15.6800","5.6200","338","4/1/2025 16:37","0","0","0.0000","0.0000","0.0000","287.0000","287.0000","287.0000","287.0000","287.0000","-0.9100","-1.1925","-0.4900","-0.7400","-1.2800","15.3800","15.3800","15.3800","15.3800","15.3800","12","0","28.9900","241.0000","-0.8300","0.0000","28.9900","241.0000","-0.7400","0","28.9900","241.0000","-0.9000","0","73.0800","92.0000","-0.1800","0.0000","73.0800","92.0000","-0.2900","0","73.0800","92.0000","-0.3500","0.0000","28.9900","241.0000","-1.0600","0.0000","73.0800","92.0000","-0.4600","0.0000","99.1100","4.0000","-0.0900","0","99.1100","4.0000","-0.0900","0.0000","99.1100","4.0000","-0.0900","0","99.1100","4.0000","-0.0900","6","0","0"
"AAD2023.06.02752","381","38524","114","Gannon University","Mathematics Program","Mathematics","6","308.0000","6","311.0000","4","290.0000","1.5000","319.0000","10","324.0000","3","299.0000","0.7500","295.0000","0","285.0000","0","285.0000","0.0000","285.0000","0","289.0000","0","289.0000","0","268.0000","0","268.0000","17","23","7","18","17","0.0000","-1.2000","268.0000","21.0100","0.0000","-0.9000","268.0000","21.0100","0.6700","-0.5200","252.0000","25.7400","1.0000","-1.2300","303.0000","10.6500","0.5000","-1.0000","276.0000","18.6400","1.6700","-0.5300","322.0000","5.0300","1.6700","-0.3900","326.0000","3.8500","0.0000","-1.2000","285.0000","15.9800","0.0000","-0.9600","285.0000","15.9800","0.0000","-0.6800","285.0000","15.9800","0.0000","-0.8800","285.0000","15.9800","0.0000","-0.6800","289.0000","14.7900","0.0000","-1.2100","289.0000","14.7900","-1.1000","306.0000","9.7600","-0.7800","-0.8700","-1.0500","-0.8100","-1.0300","-1.2000","-0.7482","-0.5200","-0.8300","-0.4800","-0.5400","-0.7000","-0.9200","-1.1200","14.7900","21.0100","11.8300","15.9800","14.5000","5.9200","13.0200","14.7900","21.0100","4.4400","15.9800","15.9800","8.2800","9.1700","338","4/1/2025 16:37","1","1","1.0000","0.1700","0.1700","232.0000","206.0000","247.0000","203.0000","153.0000","-0.7100","-0.5345","-0.4400","-0.4400","-0.0400","31.6600","39.3500","27.2200","40.2400","55.0300","12","0","28.9900","241.0000","-0.8300","0.0000","28.9900","241.0000","-0.7400","0","28.9900","241.0000","-0.9000","0","73.0800","92.0000","-0.1800","0.0000","73.0800","92.0000","-0.2900","0","73.0800","92.0000","-0.3500","0.0000","28.9900","241.0000","-1.0600","0.0000","73.0800","92.0000","-0.4600","0.0000","99.1100","4.0000","-0.0900","0","99.1100","4.0000","-0.0900","0.0000","99.1100","4.0000","-0.0900","0","99.1100","4.0000","-0.0900","6","0","0"
"AAD2023.06.02752","382","38552","114","Gonzaga University","Mathematics, Department of","Mathematics","15","219.0000","17","281.0000","11","224.0000","1.5500","318.0000","95","277.0000","7","248.0000","0.6400","320.0000","0","285.0000","0","285.0000","0.0000","285.0000","1","261.0000","1","249.0000","0","268.0000","0","268.0000","17","23","7","18","17","0.0000","-1.2000","268.0000","21.0100","0.0000","-0.9000","268.0000","21.0100","0.7300","-0.1900","225.0000","33.7300","1.1300","-1.1900","299.0000","11.8300","0.4700","-1.1500","289.0000","14.7900","6.3300","-0.4900","287.0000","15.3800","5.5900","-0.2100","221.0000","34.9100","0.0000","-1.2000","285.0000","15.9800","0.0000","-0.9600","285.0000","15.9800","0.0000","-0.6800","285.0000","15.9800","0.0000","-0.8800","285.0000","15.9800","0.0700","-0.6200","283.0000","16.5700","0.0700","-0.9500","279.0000","17.7500","-1.1000","306.0000","9.7600","-0.7000","-0.8700","-0.8000","-0.8100","-0.5800","-1.1800","-1.3616","-0.5000","-0.8300","-0.4500","-0.5400","-0.7000","-0.8500","-0.5600","26.6300","21.0100","26.9200","15.9800","34.0200","6.2100","5.6200","23.0800","21.0100","18.3400","15.9800","15.9800","17.1600","35.5000","338","4/1/2025 16:37","0","0","0.0000","0.0000","0.0000","287.0000","287.0000","287.0000","287.0000","287.0000","-0.9100","-1.1925","-0.4900","-0.7400","-1.2800","15.3800","15.3800","15.3800","15.3800","15.3800","12","2","52.6600","161.0000","-0.3700","0.1300","58.2800","142.0000","-0.0200","2","60.9500","133.0000","-0.2100","0","73.0800","92.0000","-0.1800","0.0000","73.0800","92.0000","-0.2900","0","73.0800","92.0000","-0.3500","0.1300","68.3400","108.0000","0.4400","0.0000","73.0800","92.0000","-0.4600","0.0000","99.1100","4.0000","-0.0900","0","99.1100","4.0000","-0.0900","0.0000","99.1100","4.0000","-0.0900","0","99.1100","4.0000","-0.0900","6","0","0"
"AAD2023.06.02752","389","38577","114","Salve Regina University","Mathematical Sciences, Department of","Mathematics","3","335.0000","2","328.0000","1","331.0000","2.0000","304.0000","13","322.0000","1","325.0000","1.0000","1.0000","0","285.0000","0","285.0000","0.0000","285.0000","0","289.0000","0","289.0000","0","268.0000","0","268.0000","17","23","7","18","17","0.0000","-1.2000","268.0000","21.0100","0.0000","-0.9000","268.0000","21.0100","0.3300","-2.1600","323.0000","4.7300","0.6700","-1.3300","316.0000","6.8000","0.3300","-1.7200","310.0000","8.5800","4.3300","-0.5000","306.0000","9.7600","6.5000","-0.1700","189.0000","44.3800","0.0000","-1.2000","285.0000","15.9800","0.0000","-0.9600","285.0000","15.9800","0.0000","-0.6800","285.0000","15.9800","0.0000","-0.8800","285.0000","15.9800","0.0000","-0.6800","289.0000","14.7900","0.0000","-1.2100","289.0000","14.7900","-1.1000","306.0000","9.7600","-0.7800","-0.8700","-1.1800","-0.8100","-1.2300","-1.0600","0.6014","-0.5200","-0.8300","-0.4800","-0.5400","-0.7000","-0.9500","-1.3100","14.7900","21.0100","4.1400","15.9800","2.3700","10.3600","100.0000","14.7900","21.0100","5.0300","15.9800","15.9800","3.2500","1.1800","338","4/1/2025 16:37","1","1","1.0000","0.3300","0.3300","232.0000","206.0000","247.0000","144.0000","36.0000","-0.7100","-0.5345","-0.4400","-0.1400","1.1900","31.6600","39.3500","27.2200","57.6900","89.6500","12","0","28.9900","241.0000","-0.8300","0.0000","28.9900","241.0000","-0.7400","0","28.9900","241.0000","-0.9000","0","73.0800","92.0000","-0.1800","0.0000","73.0800","92.0000","-0.2900","0","73.0800","92.0000","-0.3500","0.0000","28.9900","241.0000","-1.0600","0.0000","73.0800","92.0000","-0.4600","0.0000","99.1100","4.0000","-0.0900","0","99.1100","4.0000","-0.0900","0.0000","99.1100","4.0000","-0.0900","0","99.1100","4.0000","-0.0900","6","0","0"
"AAD2023.06.02752","390","38599","114","Simmons University","Mathematics, Computing, and Statistics, Division of","Mathematics","6","308.0000","9","302.0000","3","309.0000","3.0000","277.0000","273","236.0000","4","283.0000","1.0000","1.0000","1","240.0000","1","255.0000","97500.0000","272.0000","1","261.0000","1","249.0000","0","268.0000","0","268.0000","17","23","7","18","17","0.0000","-1.2000","268.0000","21.0100","0.0000","-0.9000","268.0000","21.0100","0.5000","-1.3400","290.0000","14.5000","1.5000","-1.0800","288.0000","15.0900","0.6700","-0.2900","235.0000","30.7700","45.5000","-0.1100","138.0000","59.4700","30.3300","0.9300","9.0000","97.6300","0.1700","-0.5200","202.0000","40.5300","0.1700","-0.6900","223.0000","34.3200","16250.0000","-0.6100","250.0000","26.3300","97500.0000","-0.4600","255.0000","24.8500","0.1700","-0.5400","236.0000","30.4700","0.1700","-0.5700","207.0000","39.0500","-0.7000","243.0000","28.4000","-0.7000","-0.8700","-0.9900","-0.7200","-1.1000","-0.8000","0.6014","-0.5000","-0.8300","-0.4000","-0.5300","-0.6700","-0.9000","-1.1200","26.6300","21.0100","16.5700","29.2900","8.8800","18.3400","100.0000","23.0800","21.0100","30.4700","19.8200","24.8500","10.9500","9.1700","338","4/1/2025 16:37","11","2","5.5000","1.8300","0.3300","192.0000","13.0000","101.0000","9.0000","36.0000","-0.5000","2.4261","-0.0100","2.5600","1.1900","43.4900","96.4500","70.4100","97.6300","89.6500","12","0","28.9900","241.0000","-0.8300","0.0000","28.9900","241.0000","-0.7400","0","28.9900","241.0000","-0.9000","0","73.0800","92.0000","-0.1800","0.0000","73.0800","92.0000","-0.2900","0","73.0800","92.0000","-0.3500","0.0000","28.9900","241.0000","-1.0600","0.0000","73.0800","92.0000","-0.4600","0.0000","99.1100","4.0000","-0.0900","0","99.1100","4.0000","-0.0900","0.0000","99.1100","4.0000","-0.0900","0","99.1100","4.0000","-0.0900","6","0","0"
"AAD2023.06.02752","392","38623","114","Southern New Hampshire University","Mathematics, Program in","Mathematics","6","308.0000","1","334.0000","1","331.0000","1.0000","325.0000","0","331.0000","0","331.0000","0.0000","331.0000","0","285.0000","0","285.0000","0.0000","285.0000","0","289.0000","0","289.0000","0","268.0000","0","268.0000","17","23","7","18","17","0.0000","-1.2000","268.0000","21.0100","0.0000","-0.9000","268.0000","21.0100","0.1700","-2.9800","335.0000","1.1800","0.1700","-1.4800","335.0000","1.1800","0.0000","-3.1600","331.0000","2.3700","0.0000","-0.5500","331.0000","2.3700","0.0000","-0.4700","331.0000","2.3700","0.0000","-1.2000","285.0000","15.9800","0.0000","-0.9600","285.0000","15.9800","0.0000","-0.6800","285.0000","15.9800","0.0000","-0.8800","285.0000","15.9800","0.0000","-0.6800","289.0000","14.7900","0.0000","-1.2100","289.0000","14.7900","-1.4000","336.0000","0.8900","-0.7800","-0.8700","-1.2500","-0.8100","-1.2300","-1.3300","-4.7969","-0.5200","-0.8300","-0.4800","-0.5400","-0.7000","-0.9500","-1.1200","14.7900","21.0100","2.3700","15.9800","2.3700","4.1400","2.3700","14.7900","21.0100","2.3700","15.9800","15.9800","1.4800","9.1700","338","4/1/2025 16:37","0","0","0.0000","0.0000","0.0000","287.0000","287.0000","287.0000","287.0000","287.0000","-0.9100","-1.1925","-0.4900","-0.7400","-1.2800","15.3800","15.3800","15.3800","15.3800","15.3800","12","0","28.9900","241.0000","-0.8300","0.0000","28.9900","241.0000","-0.7400","0","28.9900","241.0000","-0.9000","0","73.0800","92.0000","-0.1800","0.0000","73.0800","92.0000","-0.2900","0","73.0800","92.0000","-0.3500","0.0000","28.9900","241.0000","-1.0600","0.0000","73.0800","92.0000","-0.4600","0.0000","99.1100","4.0000","-0.0900","0","99.1100","4.0000","-0.0900","0.0000","99.1100","4.0000","-0.0900","0","99.1100","4.0000","-0.0900","6","0","0"
"AAD2023.06.02752","393","38637","114","Springfield College","Mathematics, Physics, and Computer Science, Department of","Mathematics","7","296.0000","21","271.0000","4","290.0000","5.2500","190.0000","326","228.0000","5","274.0000","1.0000","1.0000","0","285.0000","0","285.0000","0.0000","285.0000","0","289.0000","0","289.0000","0","268.0000","0","268.0000","17","23","7","18","17","0.0000","-1.2000","268.0000","21.0100","0.0000","-0.9000","268.0000","21.0100","0.5700","-0.9900","276.0000","18.6400","3.0000","-0.6200","234.0000","31.0700","0.7100","-0.0800","218.0000","35.8000","46.5700","-0.1000","134.0000","60.6500","15.5200","0.2500","36.0000","89.6500","0.0000","-1.2000","285.0000","15.9800","0.0000","-0.9600","285.0000","15.9800","0.0000","-0.6800","285.0000","15.9800","0.0000","-0.8800","285.0000","15.9800","0.0000","-0.6800","289.0000","14.7900","0.0000","-1.2100","289.0000","14.7900","-0.6000","225.0000","33.7300","-0.7800","-0.8700","-0.9200","-0.8100","-1.0300","-0.2100","0.6014","-0.5200","-0.8300","-0.3900","-0.5400","-0.7000","-0.8200","-1.0600","14.7900","21.0100","19.2300","15.9800","14.5000","44.0800","100.0000","14.7900","21.0100","32.8400","15.9800","15.9800","20.1200","12.7200","338","4/1/2025 16:37","11","2","5.5000","1.5700","0.2900","192.0000","13.0000","101.0000","13.0000","59.0000","-0.5000","2.4261","-0.0100","2.0900","0.8400","43.4900","96.4500","70.4100","96.4500","82.8400","12","0","28.9900","241.0000","-0.8300","0.0000","28.9900","241.0000","-0.7400","0","28.9900","241.0000","-0.9000","0","73.0800","92.0000","-0.1800","0.0000","73.0800","92.0000","-0.2900","0","73.0800","92.0000","-0.3500","0.0000","28.9900","241.0000","-1.0600","0.0000","73.0800","92.0000","-0.4600","0.0000","99.1100","4.0000","-0.0900","0","99.1100","4.0000","-0.0900","0.0000","99.1100","4.0000","-0.0900","0","99.1100","4.0000","-0.0900","6","0","0"
"AAD2023.06.02752","398","38658","114","University of Hartford","Mathematics, Department of","Mathematics","6","308.0000","11","295.0000","3","309.0000","3.6700","259.0000","28","313.0000","3","299.0000","1.0000","1.0000","0","285.0000","0","285.0000","0.0000","285.0000","0","289.0000","0","289.0000","0","268.0000","0","268.0000","17","23","7","18","17","0.0000","-1.2000","268.0000","21.0100","0.0000","-0.9000","268.0000","21.0100","0.5000","-1.3400","290.0000","14.5000","1.8300","-0.9700","281.0000","17.1600","0.5000","-1.0000","276.0000","18.6400","4.6700","-0.5000","304.0000","10.3600","2.5500","-0.3500","311.0000","8.2800","0.0000","-1.2000","285.0000","15.9800","0.0000","-0.9600","285.0000","15.9800","0.0000","-0.6800","285.0000","15.9800","0.0000","-0.8800","285.0000","15.9800","0.0000","-0.6800","289.0000","14.7900","0.0000","-1.2100","289.0000","14.7900","-1.0000","293.0000","13.6100","-0.7800","-0.8700","-1.0500","-0.8100","-1.1000","-0.6300","0.6014","-0.5200","-0.8300","-0.4700","-0.5400","-0.7000","-0.8900","-1.1200","14.7900","21.0100","11.8300","15.9800","8.8800","23.6700","100.0000","14.7900","21.0100","7.6900","15.9800","15.9800","13.0200","9.1700","338","4/1/2025 16:37","0","0","0.0000","0.0000","0.0000","287.0000","287.0000","287.0000","287.0000","287.0000","-0.9100","-1.1925","-0.4900","-0.7400","-1.2800","15.3800","15.3800","15.3800","15.3800","15.3800","12","0","28.9900","241.0000","-0.8300","0.0000","28.9900","241.0000","-0.7400","0","28.9900","241.0000","-0.9000","0","73.0800","92.0000","-0.1800","0.0000","73.0800","92.0000","-0.2900","0","73.0800","92.0000","-0.3500","0.0000","28.9900","241.0000","-1.0600","0.0000","73.0800","92.0000","-0.4600","0.0000","99.1100","4.0000","-0.0900","0","99.1100","4.0000","-0.0900","0.0000","99.1100","4.0000","-0.0900","0","99.1100","4.0000","-0.0900","6","0","0"
"AAD2023.06.02752","401","38690","114","University of Tennessee at Chattanooga, The","Mathematics, Department of","Mathematics","16","205.0000","165","103.0000","11","224.0000","15.0000","4.0000","1284","120.0000","11","219.0000","1.0000","1.0000","2","204.0000","6","172.0000","1584475.0000","158.0000","2","237.0000","2","225.0000","10","70.0000","4","107.0000","17","23","7","18","17","0.2500","0.8700","61.0000","82.2500","0.6300","1.3400","24.0000","93.2000","0.6900","-0.4200","250.0000","26.3300","10.3100","1.6200","15.0000","95.8600","0.6900","-0.2000","231.0000","31.9500","80.2500","0.2200","61.0000","82.2500","7.7800","-0.1100","146.0000","57.1000","0.1300","-0.6900","225.0000","33.7300","0.3800","-0.3500","168.0000","50.5900","99029.6900","-0.2300","146.0000","57.1000","264079.1700","0.2600","76.0000","77.8100","0.1300","-0.5700","252.0000","25.7400","0.1300","-0.7300","239.0000","29.5900","-0.1000","132.0000","61.2400","-0.6200","-0.0100","-0.5400","-0.6400","-0.5800","2.3500","0.6014","-0.4800","0.4100","-0.1300","-0.3700","-0.4900","0.1400","-0.5000","33.7300","68.6400","35.5000","39.9400","34.0200","99.1100","100.0000","30.1800","79.5900","64.7900","53.5500","49.4100","69.8200","39.6500","338","4/1/2025 16:37","2","2","1.0000","0.1300","0.1300","192.0000","206.0000","225.0000","233.0000","199.0000","-0.5000","-0.5345","-0.4000","-0.5100","-0.3500","43.4900","39.3500","33.7300","31.3600","41.4200","12","1","43.2000","193.0000","-0.6000","0.0600","38.4600","209.0000","-0.4000","1","46.4500","182.0000","-0.5600","0","73.0800","92.0000","-0.1800","0.0000","73.0800","92.0000","-0.2900","0","73.0800","92.0000","-0.3500","0.0600","40.5300","202.0000","-0.3500","0.0000","73.0800","92.0000","-0.4600","0.0000","99.1100","4.0000","-0.0900","0","99.1100","4.0000","-0.0900","0.0000","99.1100","4.0000","-0.0900","0","99.1100","4.0000","-0.0900","6","0","0"
"AAD2023.06.02752","505","38727","114","Bentley University","Mathematical Sciences, Department of","Mathematics","18","186.0000","96","171.0000","14","190.0000","6.8600","125.0000","701","176.0000","12","205.0000","0.8600","260.0000","1","240.0000","2","228.0000","255268.0000","251.0000","14","134.0000","5","154.0000","12","59.0000","3","131.0000","17","23","7","18","17","0.1700","0.1800","132.0000","61.2400","0.6700","1.4900","19.0000","94.6700","0.7800","0.0300","204.0000","39.9400","5.3300","0.1000","144.0000","57.6900","0.6700","-0.2900","235.0000","30.7700","38.9400","-0.1800","154.0000","54.7300","7.3000","-0.1300","158.0000","53.5500","0.0600","-0.9700","278.0000","18.0500","0.1100","-0.7800","251.0000","26.0400","14181.5600","-0.6200","252.0000","25.7400","127634.0000","-0.3300","222.0000","34.6200","0.7800","-0.0200","109.0000","68.0500","0.2800","-0.1400","157.0000","53.8500","-0.3000","176.0000","48.2200","-0.3900","-0.2200","-0.4700","-0.7200","-0.3800","0.2100","-0.1698","-0.2600","0.6600","-0.2900","-0.5100","-0.6300","-0.3200","-0.3700","54.7300","61.5400","39.6500","29.2900","44.0800","63.3100","23.3700","60.6500","82.8400","48.2200","26.0400","32.8400","49.7000","45.2700","338","4/1/2025 16:37","3","1","3.0000","0.1700","0.0600","232.0000","47.0000","199.0000","203.0000","267.0000","-0.7100","0.7813","-0.3600","-0.4400","-0.8600","31.6600","86.3900","41.4200","40.2400","21.3000","12","4","70.1200","102.0000","0.0800","0.2200","81.0700","65.0000","0.4500","3","72.1900","95.0000","0.1300","0","73.0800","92.0000","-0.1800","0.0000","73.0800","92.0000","-0.2900","0","73.0800","92.0000","-0.3500","0.1700","81.3600","64.0000","0.8200","0.0000","73.0800","92.0000","-0.4600","0.0000","99.1100","4.0000","-0.0900","0","99.1100","4.0000","-0.0900","0.0000","99.1100","4.0000","-0.0900","0","99.1100","4.0000","-0.0900","6","0","0"
"AAD2023.06.02752","507","38747","114","St Mary's University","Mathematics, Department of","Mathematics","6","308.0000","2","328.0000","3","309.0000","0.6700","334.0000","51","295.0000","3","299.0000","1.0000","1.0000","0","285.0000","0","285.0000","0.0000","285.0000","0","289.0000","0","289.0000","0","268.0000","0","268.0000","17","23","7","18","17","0.0000","-1.2000","268.0000","21.0100","0.0000","-0.9000","268.0000","21.0100","0.5000","-1.3400","290.0000","14.5000","0.3300","-1.4300","331.0000","2.3700","0.5000","-1.0000","276.0000","18.6400","8.5000","-0.4700","275.0000","18.9300","25.5000","0.7100","13.0000","96.4500","0.0000","-1.2000","285.0000","15.9800","0.0000","-0.9600","285.0000","15.9800","0.0000","-0.6800","285.0000","15.9800","0.0000","-0.8800","285.0000","15.9800","0.0000","-0.6800","289.0000","14.7900","0.0000","-1.2100","289.0000","14.7900","-1.0000","293.0000","13.6100","-0.7800","-0.8700","-1.0500","-0.8100","-1.1000","-1.4100","0.6014","-0.5200","-0.8300","-0.4700","-0.5400","-0.7000","-0.9500","-1.1200","14.7900","21.0100","11.8300","15.9800","8.8800","1.4800","100.0000","14.7900","21.0100","13.0200","15.9800","15.9800","3.2500","9.1700","338","4/1/2025 16:37","0","0","0.0000","0.0000","0.0000","287.0000","287.0000","287.0000","287.0000","287.0000","-0.9100","-1.1925","-0.4900","-0.7400","-1.2800","15.3800","15.3800","15.3800","15.3800","15.3800","12","0","28.9900","241.0000","-0.8300","0.0000","28.9900","241.0000","-0.7400","0","28.9900","241.0000","-0.9000","0","73.0800","92.0000","-0.1800","0.0000","73.0800","92.0000","-0.2900","0","73.0800","92.0000","-0.3500","0.0000","28.9900","241.0000","-1.0600","0.0000","73.0800","92.0000","-0.4600","0.0000","99.1100","4.0000","-0.0900","0","99.1100","4.0000","-0.0900","0.0000","99.1100","4.0000","-0.0900","0","99.1100","4.0000","-0.0900","6","0","0"
"AAD2023.06.02752","521","38776","114","Delaware State University","Physics, Engineering, Mathematics, and Computer Science, Division of","Mathematics","28","104.0000","34","253.0000","15","181.0000","2.2700","301.0000","195","246.0000","13","195.0000","0.8000","283.0000","13","86.0000","23","92.0000","6211660.0000","77.0000","7","174.0000","3","195.0000","2","207.0000","2","171.0000","17","23","7","18","17","0.0700","-0.6100","232.0000","31.6600","0.0700","-0.6400","242.0000","28.7000","0.5400","-1.1600","288.0000","15.0900","1.2100","-1.1600","295.0000","13.0200","0.4600","-1.1600","290.0000","14.5000","6.9600","-0.4800","283.0000","16.5700","5.7400","-0.2000","216.0000","36.3900","0.4600","0.7000","87.0000","74.5600","0.8200","0.3800","94.0000","72.4900","221845.0000","0.3200","76.0000","77.8100","270072.1700","0.2900","71.0000","79.2900","0.2500","-0.4700","207.0000","39.0500","0.1100","-0.8000","249.0000","26.6300","-0.7000","243.0000","28.4000","-0.5500","-0.4400","-0.4100","0.3300","-0.3200","-0.9900","-0.4783","-0.3900","-0.5800","-0.4300","0.1300","0.1300","-0.7300","0.2600","42.6000","49.7000","42.6000","74.8500","46.7500","11.2400","16.5700","48.8200","39.0500","27.5100","77.5100","73.0800","25.4400","69.5300","338","4/1/2025 16:37","32","10","3.2000","1.1400","0.3600","32.0000","45.0000","22.0000","23.0000","29.0000","1.1300","0.9129","0.9000","1.3200","1.3700","90.8300","86.9800","93.7900","93.4900","91.7200","12","1","43.2000","193.0000","-0.6000","0.0400","31.6600","232.0000","-0.5500","1","46.4500","182.0000","-0.5600","0","73.0800","92.0000","-0.1800","0.0000","73.0800","92.0000","-0.2900","0","73.0800","92.0000","-0.3500","0.0400","31.6600","232.0000","-0.6600","0.0000","73.0800","92.0000","-0.4600","0.0000","99.1100","4.0000","-0.0900","0","99.1100","4.0000","-0.0900","0.0000","99.1100","4.0000","-0.0900","0","99.1100","4.0000","-0.0900","6","0","0"
"AAD2023.06.02752","522","38791","114","Eastern University","Mathematical Sciences, Department of","Mathematics","4","328.0000","0","336.0000","0","336.0000","0.0000","336.0000","0","331.0000","0","331.0000","0.0000","331.0000","0","285.0000","0","285.0000","0.0000","285.0000","0","289.0000","0","289.0000","0","268.0000","0","268.0000","17","23","7","18","17","0.0000","-1.2000","268.0000","21.0100","0.0000","-0.9000","268.0000","21.0100","0.0000","-3.8100","336.0000","0.8900","0.0000","-1.5300","336.0000","0.8900","0.0000","-3.1600","331.0000","2.3700","0.0000","-0.5500","331.0000","2.3700","0.0000","-0.4700","331.0000","2.3700","0.0000","-1.2000","285.0000","15.9800","0.0000","-0.9600","285.0000","15.9800","0.0000","-0.6800","285.0000","15.9800","0.0000","-0.8800","285.0000","15.9800","0.0000","-0.6800","289.0000","14.7900","0.0000","-1.2100","289.0000","14.7900","-1.4000","336.0000","0.8900","-0.7800","-0.8700","-1.2500","-0.8100","-1.2900","-1.5900","-4.7969","-0.5200","-0.8300","-0.4800","-0.5400","-0.7000","-0.9600","-1.2500","14.7900","21.0100","2.3700","15.9800","0.8900","0.8900","2.3700","14.7900","21.0100","2.3700","15.9800","15.9800","0.8900","3.2500","338","4/1/2025 16:37","0","0","0.0000","0.0000","0.0000","287.0000","287.0000","287.0000","287.0000","287.0000","-0.9100","-1.1925","-0.4900","-0.7400","-1.2800","15.3800","15.3800","15.3800","15.3800","15.3800","12","0","28.9900","241.0000","-0.8300","0.0000","28.9900","241.0000","-0.7400","0","28.9900","241.0000","-0.9000","0","73.0800","92.0000","-0.1800","0.0000","73.0800","92.0000","-0.2900","0","73.0800","92.0000","-0.3500","0.0000","28.9900","241.0000","-1.0600","0.0000","73.0800","92.0000","-0.4600","0.0000","99.1100","4.0000","-0.0900","0","99.1100","4.0000","-0.0900","0.0000","99.1100","4.0000","-0.0900","0","99.1100","4.0000","-0.0900","6","0","0"
"AAD2023.06.02752","525","38842","114","James Madison University","Mathematics and Statistics, Department of","Mathematics","43","42.0000","50","232.0000","27","83.0000","1.8500","310.0000","197","245.0000","30","61.0000","0.8800","238.0000","4","168.0000","5","180.0000","1954265.0000","149.0000","4","211.0000","3","195.0000","21","23.0000","7","60.0000","17","23","7","18","17","0.1600","0.1500","138.0000","59.4700","0.4900","0.8500","47.0000","86.3900","0.6300","-0.7100","265.0000","21.8900","1.1600","-1.1800","298.0000","12.1300","0.7000","-0.1500","227.0000","33.1400","4.5800","-0.5000","305.0000","10.0600","3.9400","-0.2900","281.0000","17.1600","0.0900","-0.8200","251.0000","26.0400","0.1200","-0.7700","247.0000","27.2200","45448.0200","-0.4800","205.0000","39.6500","390853.0000","0.8100","33.0000","90.5300","0.0900","-0.6000","267.0000","21.3000","0.0700","-0.9400","277.0000","18.3400","-0.9000","275.0000","18.9300","-0.5500","0.6400","0.6900","-0.4600","0.4600","-1.1000","-0.0337","-0.4400","1.7800","-0.4200","-0.3300","-0.5200","-0.6300","1.2000","42.6000","82.5400","82.2500","50.5900","75.7400","8.5800","29.8800","37.8700","93.4900","27.8100","56.2100","47.0400","31.6600","87.8700","338","4/1/2025 16:37","6","4","1.5000","0.1400","0.0900","131.0000","163.0000","156.0000","226.0000","234.0000","-0.0900","-0.2056","-0.2300","-0.4900","-0.5900","61.5400","52.0700","54.1400","33.4300","31.0700","12","2","52.6600","161.0000","-0.3700","0.0500","34.0200","224.0000","-0.4900","2","60.9500","133.0000","-0.2100","0","73.0800","92.0000","-0.1800","0.0000","73.0800","92.0000","-0.2900","0","73.0800","92.0000","-0.3500","0.0500","34.9100","221.0000","-0.5300","0.0000","73.0800","92.0000","-0.4600","0.0000","99.1100","4.0000","-0.0900","0","99.1100","4.0000","-0.0900","0.0000","99.1100","4.0000","-0.0900","0","99.1100","4.0000","-0.0900","6","0","0"
"AAD2023.06.02752","534","38888","114","California State University, Sacramento","Math and Statistics, Department of","Mathematics","26","118.0000","53","228.0000","19","148.0000","2.7900","286.0000","19495","4.0000","17","163.0000","0.8500","267.0000","3","185.0000","3","211.0000","210800.0000","254.0000","2","237.0000","2","225.0000","1","229.0000","1","215.0000","17","23","7","18","17","0.0400","-0.8800","260.0000","23.3700","0.0400","-0.7600","262.0000","22.7800","0.7300","-0.2000","231.0000","31.9500","2.0400","-0.9100","270.0000","20.4100","0.6500","-0.3400","245.0000","27.8100","749.8100","6.5900","2.0000","99.7000","367.8300","16.5000","1.0000","100.0000","0.1200","-0.7300","234.0000","31.0700","0.1200","-0.7700","248.0000","26.9200","8107.6900","-0.6400","264.0000","22.1900","70266.6700","-0.5800","268.0000","21.0100","0.0800","-0.6100","275.0000","18.9300","0.0800","-0.9100","268.0000","21.0100","-0.8000","259.0000","23.6700","-0.6200","-0.6500","-0.1500","-0.5500","-0.0600","-0.8600","-0.2084","-0.4800","-0.7000","4.8900","-0.5200","-0.5900","-0.6100","0.1300","33.7300","36.6900","52.0700","45.5600","56.5100","15.6800","21.3000","30.1800","32.5400","99.1100","25.1500","37.8700","32.8400","65.3800","338","4/1/2025 16:37","0","0","0.0000","0.0000","0.0000","287.0000","287.0000","287.0000","287.0000","287.0000","-0.9100","-1.1925","-0.4900","-0.7400","-1.2800","15.3800","15.3800","15.3800","15.3800","15.3800","12","1","43.2000","193.0000","-0.6000","0.0400","32.5400","229.0000","-0.5300","1","46.4500","182.0000","-0.5600","0","73.0800","92.0000","-0.1800","0.0000","73.0800","92.0000","-0.2900","0","73.0800","92.0000","-0.3500","0.0400","32.8400","228.0000","-0.6300","0.0000","73.0800","92.0000","-0.4600","0.0000","99.1100","4.0000","-0.0900","0","99.1100","4.0000","-0.0900","0.0000","99.1100","4.0000","-0.0900","0","99.1100","4.0000","-0.0900","6","0","0"
"AAD2023.06.02752","3191","38923","114","University of Central Arkansas","Mathematics, Department of","Mathematics","15","219.0000","46","239.0000","12","215.0000","3.8300","252.0000","172","254.0000","10","227.0000","0.8300","272.0000","1","240.0000","1","255.0000","54280.0000","279.0000","0","289.0000","0","289.0000","1","229.0000","1","215.0000","17","23","7","18","17","0.0700","-0.6500","239.0000","29.5900","0.0700","-0.6600","246.0000","27.5100","0.8000","0.1400","188.0000","44.6700","3.0700","-0.6000","232.0000","31.6600","0.6700","-0.2900","235.0000","30.7700","11.4700","-0.4400","258.0000","23.9600","3.7400","-0.3000","287.0000","15.3800","0.0700","-0.9300","267.0000","21.3000","0.0700","-0.8500","272.0000","19.8200","3618.6700","-0.6600","281.0000","17.1600","54280.0000","-0.6500","275.0000","18.9300","0.0000","-0.6800","289.0000","14.7900","0.0000","-1.2100","289.0000","14.7900","-0.8000","259.0000","23.6700","-0.7800","-0.6500","-0.6000","-0.7200","-0.5100","-0.5800","-0.2983","-0.5200","-0.7000","-0.4300","-0.5300","-0.6700","-0.6500","-0.5600","14.7900","36.6900","33.1400","29.2900","36.6900","25.7400","19.8200","14.7900","32.5400","25.1500","17.7500","24.8500","29.5900","35.5000","338","4/1/2025 16:37","1","1","1.0000","0.0700","0.0700","232.0000","206.0000","247.0000","269.0000","259.0000","-0.7100","-0.5345","-0.4400","-0.6200","-0.7800","31.6600","39.3500","27.2200","20.7100","23.6700","12","0","28.9900","241.0000","-0.8300","0.0000","28.9900","241.0000","-0.7400","0","28.9900","241.0000","-0.9000","0","73.0800","92.0000","-0.1800","0.0000","73.0800","92.0000","-0.2900","0","73.0800","92.0000","-0.3500","0.0000","28.9900","241.0000","-1.0600","0.0000","73.0800","92.0000","-0.4600","0.0000","99.1100","4.0000","-0.0900","0","99.1100","4.0000","-0.0900","0.0000","99.1100","4.0000","-0.0900","0","99.1100","4.0000","-0.0900","6","0","0"
"AAD2023.06.02752","537129","38972","114","Youngstown State University","Mathematics and Statistics, Department of","Mathematics","12","256.0000","12","293.0000","5","281.0000","2.4000","298.0000","96","275.0000","4","283.0000","0.8000","283.0000","1","240.0000","1","255.0000","31108.0000","282.0000","3","222.0000","3","195.0000","1","229.0000","1","215.0000","17","23","7","18","17","0.0800","-0.5100","219.0000","35.5000","0.0800","-0.6000","232.0000","31.6600","0.4200","-1.7500","316.0000","6.8000","1.0000","-1.2300","303.0000","10.6500","0.3300","-1.7200","310.0000","8.5800","8.0000","-0.4700","277.0000","18.3400","8.0000","-0.1000","140.0000","58.8800","0.0800","-0.8600","255.0000","24.8500","0.0800","-0.8200","264.0000","22.1900","2592.3300","-0.6700","283.0000","16.5700","31108.0000","-0.7500","281.0000","17.1600","0.2500","-0.4700","207.0000","39.0500","0.2500","-0.2500","166.0000","51.1800","-1.0000","293.0000","13.6100","-0.5500","-0.6500","-0.9900","-0.7200","-0.9700","-0.9600","-0.4783","-0.4600","-0.7000","-0.4500","-0.5400","-0.6700","-0.8800","-0.7500","42.6000","36.6900","16.5700","29.2900","17.1600","12.1300","16.5700","34.6200","32.5400","18.9300","16.8600","24.8500","13.6100","24.5600","338","4/1/2025 16:37","0","0","0.0000","0.0000","0.0000","287.0000","287.0000","287.0000","287.0000","287.0000","-0.9100","-1.1925","-0.4900","-0.7400","-1.2800","15.3800","15.3800","15.3800","15.3800","15.3800","12","2","52.6600","161.0000","-0.3700","0.1700","71.6000","97.0000","0.1600","1","46.4500","182.0000","-0.5600","0","73.0800","92.0000","-0.1800","0.0000","73.0800","92.0000","-0.2900","0","73.0800","92.0000","-0.3500","0.0800","49.7000","171.0000","-0.1200","0.0000","73.0800","92.0000","-0.4600","0.0000","99.1100","4.0000","-0.0900","0","99.1100","4.0000","-0.0900","0.0000","99.1100","4.0000","-0.0900","0","99.1100","4.0000","-0.0900","6","0","0"
"AAD2023.06.02752","537169","38998","114","Rhode Island College","Mathematical Sciences, Department of","Mathematics","12","256.0000","5","314.0000","3","309.0000","1.6700","312.0000","1","329.0000","1","325.0000","0.2500","328.0000","0","285.0000","0","285.0000","0.0000","285.0000","1","261.0000","1","249.0000","0","268.0000","0","268.0000","17","23","7","18","17","0.0000","-1.2000","268.0000","21.0100","0.0000","-0.9000","268.0000","21.0100","0.2500","-2.5700","332.0000","2.0700","0.4200","-1.4100","327.0000","3.5500","0.0800","-2.8000","330.0000","2.6600","0.0800","-0.5500","330.0000","2.6600","0.2000","-0.4600","329.0000","2.9600","0.0000","-1.2000","285.0000","15.9800","0.0000","-0.9600","285.0000","15.9800","0.0000","-0.6800","285.0000","15.9800","0.0000","-0.8800","285.0000","15.9800","0.0800","-0.6100","272.0000","19.8200","0.0800","-0.8900","263.0000","22.4900","-1.3000","331.0000","2.3700","-0.7000","-0.8700","-1.1800","-0.8100","-1.1000","-1.1500","-3.4474","-0.5000","-0.8300","-0.4800","-0.5400","-0.7000","-0.9300","-0.7500","26.6300","21.0100","4.1400","15.9800","8.8800","7.9900","3.2500","23.0800","21.0100","2.9600","15.9800","15.9800","7.4000","24.5600","338","4/1/2025 16:37","0","0","0.0000","0.0000","0.0000","287.0000","287.0000","287.0000","287.0000","287.0000","-0.9100","-1.1925","-0.4900","-0.7400","-1.2800","15.3800","15.3800","15.3800","15.3800","15.3800","12","0","28.9900","241.0000","-0.8300","0.0000","28.9900","241.0000","-0.7400","0","28.9900","241.0000","-0.9000","0","73.0800","92.0000","-0.1800","0.0000","73.0800","92.0000","-0.2900","0","73.0800","92.0000","-0.3500","0.0000","28.9900","241.0000","-1.0600","0.0000","73.0800","92.0000","-0.4600","0.0000","99.1100","4.0000","-0.0900","0","99.1100","4.0000","-0.0900","0.0000","99.1100","4.0000","-0.0900","0","99.1100","4.0000","-0.0900","6","0","0"
"AAD2023.06.02752","537883","39022","114","University of West Georgia","Computing and Mathematics, Department of","Mathematics","21","164.0000","49","234.0000","10","231.0000","4.9000","205.0000","127","265.0000","12","205.0000","0.9000","225.0000","0","285.0000","0","285.0000","0.0000","285.0000","2","237.0000","2","225.0000","1","229.0000","1","215.0000","17","23","7","18","17","0.0500","-0.8100","254.0000","25.1500","0.0500","-0.7300","257.0000","24.2600","0.4800","-1.4600","305.0000","10.0600","2.3300","-0.8200","263.0000","22.4900","0.5700","-0.7000","264.0000","22.1900","6.0500","-0.4900","290.0000","14.5000","2.5900","-0.3500","310.0000","8.5800","0.0000","-1.2000","285.0000","15.9800","0.0000","-0.9600","285.0000","15.9800","0.0000","-0.6800","285.0000","15.9800","0.0000","-0.8800","285.0000","15.9800","0.1000","-0.6000","266.0000","21.6000","0.1000","-0.8400","256.0000","24.5600","-0.9000","275.0000","18.9300","-0.6200","-0.6500","-0.4700","-0.8100","-0.6400","-0.3000","0.0615","-0.4800","-0.7000","-0.4400","-0.5400","-0.7000","-0.6300","-0.1800","33.7300","36.6900","39.6500","15.9800","31.9500","39.6500","33.7300","30.1800","32.5400","21.8900","15.9800","15.9800","31.0700","51.7800","338","4/1/2025 16:37","14","7","2.0000","0.6700","0.3300","66.0000","109.0000","80.0000","55.0000","36.0000","0.5200","0.1234","0.1200","0.4600","1.1900","80.7700","68.0500","76.6300","84.0200","89.6500","12","3","63.6100","124.0000","-0.1400","0.1400","64.2000","122.0000","0.0300","2","60.9500","133.0000","-0.2100","0","73.0800","92.0000","-0.1800","0.0000","73.0800","92.0000","-0.2900","0","73.0800","92.0000","-0.3500","0.1000","54.7300","154.0000","0.0100","0.0000","73.0800","92.0000","-0.4600","0.0000","99.1100","4.0000","-0.0900","0","99.1100","4.0000","-0.0900","0.0000","99.1100","4.0000","-0.0900","0","99.1100","4.0000","-0.0900","6","0","0"
"AAD2023.06.02752","537919","39048","114","University of Minnesota - Duluth","Mathematics and Statistics, Department of","Mathematics","18","186.0000","111","155.0000","16","170.0000","6.9400","121.0000","547","193.0000","15","174.0000","0.9400","182.0000","3","185.0000","4","192.0000","347284.0000","241.0000","12","141.0000","7","136.0000","8","89.0000","5","92.0000","17","23","7","18","17","0.2800","1.1000","43.0000","87.5700","0.4400","0.7000","56.0000","83.7300","0.8900","0.5800","122.0000","64.2000","6.1700","0.3500","121.0000","64.5000","0.8300","0.4300","148.0000","56.5100","30.3900","-0.2600","188.0000","44.6700","4.9300","-0.2400","250.0000","26.3300","0.1700","-0.5200","202.0000","40.5300","0.2200","-0.6000","213.0000","37.2800","19293.5600","-0.5900","244.0000","28.1100","86821.0000","-0.5100","260.0000","23.3700","0.6700","-0.1100","123.0000","63.9100","0.3900","0.2800","118.0000","65.3800","-0.1000","132.0000","61.2400","-0.2300","0.2100","-0.2800","-0.5500","-0.2600","0.2300","0.2640","-0.3000","0.1700","-0.3300","-0.5000","-0.5600","-0.2200","-0.3700","60.0600","73.0800","48.8200","45.5600","50.0000","64.5000","46.4500","58.5800","73.9600","43.2000","28.9900","43.4900","54.4400","45.2700","338","4/1/2025 16:37","1","1","1.0000","0.0600","0.0600","232.0000","206.0000","247.0000","274.0000","267.0000","-0.7100","-0.5345","-0.4400","-0.6400","-0.8600","31.6600","39.3500","27.2200","19.2300","21.3000","12","3","63.6100","124.0000","-0.1400","0.1700","71.6000","97.0000","0.1600","3","72.1900","95.0000","0.1300","0","73.0800","92.0000","-0.1800","0.0000","73.0800","92.0000","-0.2900","0","73.0800","92.0000","-0.3500","0.1700","81.3600","64.0000","0.8200","0.0000","73.0800","92.0000","-0.4600","0.0000","99.1100","4.0000","-0.0900","0","99.1100","4.0000","-0.0900","0.0000","99.1100","4.0000","-0.0900","0","99.1100","4.0000","-0.0900","6","0","0"
"AAD2023.06.02752","539790","39077","114","Virginia State University","Mathematics and Economics, Department of","Mathematics","15","219.0000","8","306.0000","6","269.0000","1.3300","321.0000","55","291.0000","5","274.0000","0.8300","272.0000","0","285.0000","0","285.0000","0.0000","285.0000","3","222.0000","2","225.0000","1","229.0000","1","215.0000","17","23","7","18","17","0.0700","-0.6500","239.0000","29.5900","0.0700","-0.6600","246.0000","27.5100","0.4000","-1.8300","317.0000","6.5100","0.5300","-1.3700","323.0000","4.7300","0.3300","-1.7200","310.0000","8.5800","3.6700","-0.5100","313.0000","7.6900","6.8800","-0.1500","172.0000","49.4100","0.0000","-1.2000","285.0000","15.9800","0.0000","-0.9600","285.0000","15.9800","0.0000","-0.6800","285.0000","15.9800","0.0000","-0.8800","285.0000","15.9800","0.2000","-0.5100","223.0000","34.3200","0.1300","-0.7000","233.0000","31.3600","-1.1000","306.0000","9.7600","-0.6200","-0.6500","-0.9200","-0.8100","-0.9000","-1.2400","-0.2983","-0.4600","-0.7000","-0.4600","-0.5400","-0.7000","-0.9100","-0.5600","33.7300","36.6900","19.2300","15.9800","20.7100","5.3300","19.8200","34.6200","32.5400","14.2000","15.9800","15.9800","9.7600","35.5000","338","4/1/2025 16:37","2","1","2.0000","0.1300","0.0700","232.0000","109.0000","225.0000","228.0000","259.0000","-0.7100","0.1234","-0.4000","-0.5000","-0.7800","31.6600","68.0500","33.7300","32.8400","23.6700","12","1","43.2000","193.0000","-0.6000","0.0700","40.8300","201.0000","-0.3800","1","46.4500","182.0000","-0.5600","0","73.0800","92.0000","-0.1800","0.0000","73.0800","92.0000","-0.2900","0","73.0800","92.0000","-0.3500","0.0700","43.2000","193.0000","-0.3100","0.0000","73.0800","92.0000","-0.4600","0.0000","99.1100","4.0000","-0.0900","0","99.1100","4.0000","-0.0900","0.0000","99.1100","4.0000","-0.0900","0","99.1100","4.0000","-0.0900","6","0","0"
"AAD2023.06.02752","541707","39100","114","Tuskegee University","Mathematics, Department of","Mathematics","2","336.0000","2","328.0000","1","331.0000","2.0000","304.0000","20","317.0000","1","325.0000","1.0000","1.0000","1","240.0000","5","180.0000","2611427.0000","128.0000","1","261.0000","1","249.0000","1","229.0000","1","215.0000","17","23","7","18","17","0.5000","2.9500","2.0000","99.7000","0.5000","0.9000","41.0000","88.1700","0.5000","-1.3400","290.0000","14.5000","1.0000","-1.2300","303.0000","10.6500","0.5000","-1.0000","276.0000","18.6400","10.0000","-0.4500","267.0000","21.3000","10.0000","-0.0100","94.0000","72.4900","0.5000","0.8400","70.0000","79.5900","2.5000","3.1000","3.0000","99.4100","1305713.5000","5.2200","3.0000","99.4100","522285.4000","1.3800","22.0000","93.7900","0.5000","-0.2500","153.0000","55.0300","0.5000","0.7100","85.0000","75.1500","-0.4000","189.0000","44.3800","-0.7000","-0.6500","-1.1800","-0.7200","-1.2300","-1.0600","0.6014","-0.5000","-0.7000","-0.4700","-0.2600","-0.5200","-0.9500","-1.3800","26.6300","36.6900","4.1400","29.2900","2.3700","10.3600","100.0000","23.0800","32.5400","6.5100","62.4300","47.0400","3.2500","0.8900","338","4/1/2025 16:37","3","1","3.0000","1.5000","0.5000","232.0000","47.0000","199.0000","14.0000","5.0000","-0.7100","0.7813","-0.3600","1.9600","2.4300","31.6600","86.3900","41.4200","96.1500","98.8200","12","0","28.9900","241.0000","-0.8300","0.0000","28.9900","241.0000","-0.7400","0","28.9900","241.0000","-0.9000","0","73.0800","92.0000","-0.1800","0.0000","73.0800","92.0000","-0.2900","0","73.0800","92.0000","-0.3500","0.0000","28.9900","241.0000","-1.0600","0.0000","73.0800","92.0000","-0.4600","0.0000","99.1100","4.0000","-0.0900","0","99.1100","4.0000","-0.0900","0.0000","99.1100","4.0000","-0.0900","0","99.1100","4.0000","-0.0900","6","0","0"
"AAD2023.06.02752","554564","39119","114","Embry-Riddle Aeronautical University","Mathematics, Department of","Mathematics","28","104.0000","66","207.0000","13","202.0000","5.0800","196.0000","1275","121.0000","10","227.0000","0.7700","294.0000","4","168.0000","5","180.0000","1180824.0000","179.0000","3","222.0000","3","195.0000","4","156.0000","2","171.0000","17","23","7","18","17","0.0700","-0.6100","232.0000","31.6600","0.1400","-0.3800","196.0000","42.3100","0.4600","-1.5200","307.0000","9.4700","2.3600","-0.8100","260.0000","23.3700","0.3600","-1.6200","309.0000","8.8800","45.5400","-0.1100","137.0000","59.7600","19.3200","0.4200","23.0000","93.4900","0.1400","-0.6200","215.0000","36.6900","0.1800","-0.6700","220.0000","35.2100","42172.2900","-0.4900","209.0000","38.4600","236164.8000","0.1400","95.0000","72.1900","0.1100","-0.5900","262.0000","22.7800","0.1100","-0.8000","249.0000","26.6300","-0.8000","259.0000","23.6700","-0.5500","-0.4400","-0.6000","-0.4600","-0.4500","-0.2600","-0.6444","-0.4600","-0.3300","-0.1300","-0.4100","-0.5200","-0.5200","0.2600","42.6000","49.7000","33.1400","50.5900","40.5300","42.3100","13.3100","34.6200","54.1400","64.5000","47.3400","47.0400","39.0500","69.5300","338","4/1/2025 16:37","25","6","4.1700","0.8900","0.2100","80.0000","19.0000","32.0000","38.0000","112.0000","0.3200","1.5510","0.5900","0.8700","0.3100","76.6300","94.6700","90.8300","89.0500","67.1600","12","0","28.9900","241.0000","-0.8300","0.0000","28.9900","241.0000","-0.7400","0","28.9900","241.0000","-0.9000","0","73.0800","92.0000","-0.1800","0.0000","73.0800","92.0000","-0.2900","0","73.0800","92.0000","-0.3500","0.0000","28.9900","241.0000","-1.0600","0.0000","73.0800","92.0000","-0.4600","0.0000","99.1100","4.0000","-0.0900","0","99.1100","4.0000","-0.0900","0.0000","99.1100","4.0000","-0.0900","0","99.1100","4.0000","-0.0900","6","0","0"
"AAD2023.06.02752","554783","39153","114","Western New England University","Mathematics, Department of","Mathematics","11","265.0000","9","302.0000","3","309.0000","3.0000","277.0000","36","307.0000","4","283.0000","1.0000","1.0000","0","285.0000","0","285.0000","0.0000","285.0000","1","261.0000","1","249.0000","4","156.0000","2","171.0000","17","23","7","18","17","0.1800","0.3100","115.0000","66.2700","0.3600","0.4100","86.0000","74.8500","0.2700","-2.4600","330.0000","2.6600","0.8200","-1.2800","312.0000","7.9900","0.3600","-1.5900","307.0000","9.4700","3.2700","-0.5200","315.0000","7.1000","4.0000","-0.2800","278.0000","18.0500","0.0000","-1.2000","285.0000","15.9800","0.0000","-0.9600","285.0000","15.9800","0.0000","-0.6800","285.0000","15.9800","0.0000","-0.8800","285.0000","15.9800","0.0900","-0.6000","268.0000","21.0100","0.0900","-0.8600","258.0000","23.9600","-1.1000","306.0000","9.7600","-0.7000","-0.4400","-0.9900","-0.8100","-1.1000","-0.8000","0.6014","-0.5000","-0.3300","-0.4700","-0.5400","-0.7000","-0.9000","-0.8100","26.6300","49.7000","16.5700","15.9800","8.8800","18.3400","100.0000","23.0800","54.1400","9.4700","15.9800","15.9800","10.9500","21.8900","338","4/1/2025 16:37","1","1","1.0000","0.0900","0.0900","232.0000","206.0000","247.0000","248.0000","235.0000","-0.7100","-0.5345","-0.4400","-0.5700","-0.6000","31.6600","39.3500","27.2200","26.9200","30.7700","12","1","43.2000","193.0000","-0.6000","0.0900","47.0400","180.0000","-0.2500","1","46.4500","182.0000","-0.5600","0","73.0800","92.0000","-0.1800","0.0000","73.0800","92.0000","-0.2900","0","73.0800","92.0000","-0.3500","0.0900","52.3700","162.0000","-0.0400","0.0000","73.0800","92.0000","-0.4600","0.0000","99.1100","4.0000","-0.0900","0","99.1100","4.0000","-0.0900","0.0000","99.1100","4.0000","-0.0900","0","99.1100","4.0000","-0.0900","6","0","0"
"AAD2023.06.02752","555813","39177","114","Bellarmine University","Mathematics, Department of","Mathematics","6","308.0000","4","323.0000","5","281.0000","0.8000","332.0000","7","326.0000","2","317.0000","0.4000","326.0000","1","240.0000","1","255.0000","804176.0000","203.0000","0","289.0000","0","289.0000","1","229.0000","1","215.0000","17","23","7","18","17","0.1700","0.1800","132.0000","61.2400","0.1700","-0.3000","181.0000","46.7500","0.8300","0.3000","170.0000","50.0000","0.6700","-1.3300","316.0000","6.8000","0.3300","-1.7200","310.0000","8.5800","1.1700","-0.5400","325.0000","4.1400","1.7500","-0.3900","324.0000","4.4400","0.1700","-0.5200","202.0000","40.5300","0.1700","-0.6900","223.0000","34.3200","134029.3300","-0.0800","117.0000","65.6800","804176.0000","2.6000","6.0000","98.5200","0.0000","-0.6800","289.0000","14.7900","0.0000","-1.2100","289.0000","14.7900","-1.1000","306.0000","9.7600","-0.7800","-0.6500","-1.1200","-0.7200","-0.9700","-1.3800","-2.6376","-0.5200","-0.7000","-0.4800","-0.4500","-0.6700","-0.9300","-1.1200","14.7900","36.6900","6.5100","29.2900","17.1600","2.0700","3.8500","14.7900","32.5400","3.8500","40.2400","24.8500","4.7300","9.1700","338","4/1/2025 16:37","0","0","0.0000","0.0000","0.0000","287.0000","287.0000","287.0000","287.0000","287.0000","-0.9100","-1.1925","-0.4900","-0.7400","-1.2800","15.3800","15.3800","15.3800","15.3800","15.3800","12","0","28.9900","241.0000","-0.8300","0.0000","28.9900","241.0000","-0.7400","0","28.9900","241.0000","-0.9000","0","73.0800","92.0000","-0.1800","0.0000","73.0800","92.0000","-0.2900","0","73.0800","92.0000","-0.3500","0.0000","28.9900","241.0000","-1.0600","0.0000","73.0800","92.0000","-0.4600","0.0000","99.1100","4.0000","-0.0900","0","99.1100","4.0000","-0.0900","0.0000","99.1100","4.0000","-0.0900","0","99.1100","4.0000","-0.0900","6","0","0"
"AAD2023.06.02752","556638","39200","114","Our Lady of the Lake University","Mathematics and Sciences, Department of","Mathematics","11","265.0000","14","287.0000","3","309.0000","4.6700","217.0000","28","313.0000","4","283.0000","1.0000","1.0000","2","204.0000","2","228.0000","1413558.0000","168.0000","1","261.0000","1","249.0000","0","268.0000","0","268.0000","17","23","7","18","17","0.0000","-1.2000","268.0000","21.0100","0.0000","-0.9000","268.0000","21.0100","0.2700","-2.4600","330.0000","2.6600","1.2700","-1.1500","292.0000","13.9100","0.3600","-1.5900","307.0000","9.4700","2.5500","-0.5200","319.0000","5.9200","2.0000","-0.3800","321.0000","5.3300","0.1800","-0.4600","197.0000","42.0100","0.1800","-0.6600","219.0000","35.5000","128505.2700","-0.1000","121.0000","64.5000","706779.0000","2.1800","11.0000","97.0400","0.0900","-0.6000","268.0000","21.0100","0.0900","-0.8600","258.0000","23.9600","-1.0000","293.0000","13.6100","-0.7000","-0.8700","-0.9900","-0.6400","-1.1000","-0.3600","0.6014","-0.5000","-0.8300","-0.4700","-0.3900","-0.6300","-0.8700","-0.8100","26.6300","21.0100","16.5700","39.9400","8.8800","36.0900","100.0000","23.0800","21.0100","7.6900","50.5900","32.8400","15.3800","21.8900","338","4/1/2025 16:37","1","1","1.0000","0.0900","0.0900","232.0000","206.0000","247.0000","248.0000","235.0000","-0.7100","-0.5345","-0.4400","-0.5700","-0.6000","31.6600","39.3500","27.2200","26.9200","30.7700","12","0","28.9900","241.0000","-0.8300","0.0000","28.9900","241.0000","-0.7400","0","28.9900","241.0000","-0.9000","0","73.0800","92.0000","-0.1800","0.0000","73.0800","92.0000","-0.2900","0","73.0800","92.0000","-0.3500","0.0000","28.9900","241.0000","-1.0600","0.0000","73.0800","92.0000","-0.4600","0.0000","99.1100","4.0000","-0.0900","0","99.1100","4.0000","-0.0900","0.0000","99.1100","4.0000","-0.0900","0","99.1100","4.0000","-0.0900","6","0","0"
"AAD2023.06.02752","556642","39227","114","Pacific University","Mathematics, Program in","Mathematics","7","296.0000","10","299.0000","4","290.0000","2.5000","293.0000","30","310.0000","3","299.0000","0.7500","295.0000","0","285.0000","0","285.0000","0.0000","285.0000","9","157.0000","2","225.0000","2","207.0000","2","171.0000","17","23","7","18","17","0.2900","1.1700","38.0000","89.0500","0.2900","0.1300","113.0000","66.8600","0.5700","-0.9900","276.0000","18.6400","1.4300","-1.1000","290.0000","14.5000","0.4300","-1.3100","298.0000","12.1300","4.2900","-0.5100","308.0000","9.1700","3.0000","-0.3300","302.0000","10.9500","0.0000","-1.2000","285.0000","15.9800","0.0000","-0.9600","285.0000","15.9800","0.0000","-0.6800","285.0000","15.9800","0.0000","-0.8800","285.0000","15.9800","1.2900","0.4100","62.0000","81.9500","0.2900","-0.1100","153.0000","55.0300","-0.9000","275.0000","18.9300","-0.6200","-0.4400","-1.0500","-0.8100","-1.0300","-0.9300","-0.7482","-0.3500","-0.5800","-0.4700","-0.5400","-0.7000","-0.8900","-1.0600","33.7300","49.7000","11.8300","15.9800","14.5000","13.6100","13.0200","53.8500","39.0500","8.5800","15.9800","15.9800","11.8300","12.7200","338","4/1/2025 16:37","1","1","1.0000","0.1400","0.1400","232.0000","206.0000","247.0000","218.0000","175.0000","-0.7100","-0.5345","-0.4400","-0.4800","-0.2200","31.6600","39.3500","27.2200","35.8000","48.5200","12","0","28.9900","241.0000","-0.8300","0.0000","28.9900","241.0000","-0.7400","0","28.9900","241.0000","-0.9000","0","73.0800","92.0000","-0.1800","0.0000","73.0800","92.0000","-0.2900","0","73.0800","92.0000","-0.3500","0.0000","28.9900","241.0000","-1.0600","0.0000","73.0800","92.0000","-0.4600","0.0000","99.1100","4.0000","-0.0900","0","99.1100","4.0000","-0.0900","0.0000","99.1100","4.0000","-0.0900","0","99.1100","4.0000","-0.0900","6","0","0"
"AAD2023.06.02752","556862","39263","114","Southern Illinois University, Edwardsville","Mathematics and Statistics, Department of","Mathematics","15","219.0000","44","243.0000","13","202.0000","3.3800","268.0000","717","174.0000","14","182.0000","1.0000","1.0000","0","285.0000","0","285.0000","0.0000","285.0000","1","261.0000","1","249.0000","2","207.0000","2","171.0000","17","23","7","18","17","0.1300","-0.1000","166.0000","51.1800","0.1300","-0.4200","207.0000","39.0500","0.8700","0.4700","144.0000","57.6900","2.9300","-0.6400","240.0000","29.2900","0.9300","0.8600","50.0000","85.5000","47.8000","-0.0900","129.0000","62.1300","16.3000","0.2800","33.0000","90.5300","0.0000","-1.2000","285.0000","15.9800","0.0000","-0.9600","285.0000","15.9800","0.0000","-0.6800","285.0000","15.9800","0.0000","-0.8800","285.0000","15.9800","0.0700","-0.6200","283.0000","16.5700","0.0700","-0.9500","279.0000","17.7500","-0.5000","213.0000","37.2800","-0.7000","-0.4400","-0.3400","-0.8100","-0.4500","-0.7000","0.6014","-0.5000","-0.5800","-0.2800","-0.5400","-0.7000","-0.6700","-0.5600","26.6300","49.7000","46.4500","15.9800","40.5300","21.0100","100.0000","23.0800","39.0500","48.8200","15.9800","15.9800","28.4000","35.5000","338","4/1/2025 16:37","1","1","1.0000","0.0700","0.0700","232.0000","206.0000","247.0000","269.0000","259.0000","-0.7100","-0.5345","-0.4400","-0.6200","-0.7800","31.6600","39.3500","27.2200","20.7100","23.6700","12","0","28.9900","241.0000","-0.8300","0.0000","28.9900","241.0000","-0.7400","0","28.9900","241.0000","-0.9000","0","73.0800","92.0000","-0.1800","0.0000","73.0800","92.0000","-0.2900","0","73.0800","92.0000","-0.3500","0.0000","28.9900","241.0000","-1.0600","0.0000","73.0800","92.0000","-0.4600","0.0000","99.1100","4.0000","-0.0900","0","99.1100","4.0000","-0.0900","0.0000","99.1100","4.0000","-0.0900","0","99.1100","4.0000","-0.0900","6","0","0"
"AAD2023.06.02752","556978","39287","114","Texas Wesleyan University","Mathematics, Computer Science, Physics, Department of","Mathematics","5","320.0000","2","328.0000","2","326.0000","1.0000","325.0000","8","325.0000","2","317.0000","1.0000","1.0000","0","285.0000","0","285.0000","0.0000","285.0000","0","289.0000","0","289.0000","0","268.0000","0","268.0000","17","23","7","18","17","0.0000","-1.2000","268.0000","21.0100","0.0000","-0.9000","268.0000","21.0100","0.4000","-1.8300","317.0000","6.5100","0.4000","-1.4100","328.0000","3.2500","0.4000","-1.4300","303.0000","10.6500","1.6000","-0.5300","323.0000","4.7300","4.0000","-0.2800","278.0000","18.0500","0.0000","-1.2000","285.0000","15.9800","0.0000","-0.9600","285.0000","15.9800","0.0000","-0.6800","285.0000","15.9800","0.0000","-0.8800","285.0000","15.9800","0.0000","-0.6800","289.0000","14.7900","0.0000","-1.2100","289.0000","14.7900","-1.3000","331.0000","2.3700","-0.7800","-0.8700","-1.1200","-0.8100","-1.1600","-1.3300","0.6014","-0.5200","-0.8300","-0.4800","-0.5400","-0.7000","-0.9500","-1.1900","14.7900","21.0100","6.5100","15.9800","3.8500","4.1400","100.0000","14.7900","21.0100","4.1400","15.9800","15.9800","3.2500","5.6200","338","4/1/2025 16:37","0","0","0.0000","0.0000","0.0000","287.0000","287.0000","287.0000","287.0000","287.0000","-0.9100","-1.1925","-0.4900","-0.7400","-1.2800","15.3800","15.3800","15.3800","15.3800","15.3800","12","0","28.9900","241.0000","-0.8300","0.0000","28.9900","241.0000","-0.7400","0","28.9900","241.0000","-0.9000","1","82.2500","61.0000","-0.0900","0.2000","92.6000","26.0000","0.8700","1","90.5300","33.0000","0.3200","0.0000","28.9900","241.0000","-1.0600","0.2000","99.7000","2.0000","4.9800","0.0000","99.1100","4.0000","-0.0900","0","99.1100","4.0000","-0.0900","0.0000","99.1100","4.0000","-0.0900","0","99.1100","4.0000","-0.0900","6","0","0"
"AAD2023.06.02752","558027","39316","114","Touro University","Mathematics, Department of","Mathematics","1","338.0000","0","336.0000","0","336.0000","0.0000","336.0000","0","331.0000","0","331.0000","0.0000","331.0000","0","285.0000","0","285.0000","0.0000","285.0000","0","289.0000","0","289.0000","0","268.0000","0","268.0000","17","23","7","18","17","0.0000","-1.2000","268.0000","21.0100","0.0000","-0.9000","268.0000","21.0100","0.0000","-3.8100","336.0000","0.8900","0.0000","-1.5300","336.0000","0.8900","0.0000","-3.1600","331.0000","2.3700","0.0000","-0.5500","331.0000","2.3700","0.0000","-0.4700","331.0000","2.3700","0.0000","-1.2000","285.0000","15.9800","0.0000","-0.9600","285.0000","15.9800","0.0000","-0.6800","285.0000","15.9800","0.0000","-0.8800","285.0000","15.9800","0.0000","-0.6800","289.0000","14.7900","0.0000","-1.2100","289.0000","14.7900","-1.4000","336.0000","0.8900","-0.7800","-0.8700","-1.2500","-0.8100","-1.2900","-1.5900","-4.7969","-0.5200","-0.8300","-0.4800","-0.5400","-0.7000","-0.9600","-1.4400","14.7900","21.0100","2.3700","15.9800","0.8900","0.8900","2.3700","14.7900","21.0100","2.3700","15.9800","15.9800","0.8900","0.3000","338","4/1/2025 16:37","0","0","0.0000","0.0000","0.0000","287.0000","287.0000","287.0000","287.0000","287.0000","-0.9100","-1.1925","-0.4900","-0.7400","-1.2800","15.3800","15.3800","15.3800","15.3800","15.3800","12","0","28.9900","241.0000","-0.8300","0.0000","28.9900","241.0000","-0.7400","0","28.9900","241.0000","-0.9000","0","73.0800","92.0000","-0.1800","0.0000","73.0800","92.0000","-0.2900","0","73.0800","92.0000","-0.3500","0.0000","28.9900","241.0000","-1.0600","0.0000","73.0800","92.0000","-0.4600","0.0000","99.1100","4.0000","-0.0900","0","99.1100","4.0000","-0.0900","0.0000","99.1100","4.0000","-0.0900","0","99.1100","4.0000","-0.0900","6","0","0"
"AAD2023.06.02752","558968","39375","114","Washington State University - Vancouver","Mathematics Unit","Mathematics","7","296.0000","18","277.0000","4","290.0000","4.5000","223.0000","147","259.0000","4","283.0000","1.0000","1.0000","1","240.0000","1","255.0000","204252.0000","255.0000","2","237.0000","1","249.0000","1","229.0000","1","215.0000","17","23","7","18","17","0.1400","-0.0200","151.0000","55.6200","0.1400","-0.3800","196.0000","42.3100","0.5700","-0.9900","276.0000","18.6400","2.5700","-0.7500","251.0000","26.0400","0.5700","-0.7000","264.0000","22.1900","21.0000","-0.3500","222.0000","34.6200","8.1700","-0.0900","135.0000","60.3600","0.1400","-0.6200","215.0000","36.6900","0.1400","-0.7200","235.0000","30.7700","29178.8600","-0.5500","226.0000","33.4300","204252.0000","0.0000","125.0000","63.3100","0.2900","-0.4400","193.0000","43.2000","0.1400","-0.6600","221.0000","34.9100","-0.6000","225.0000","33.7300","-0.7000","-0.6500","-0.9900","-0.7200","-1.0300","-0.4100","0.6014","-0.4800","-0.7000","-0.4400","-0.5200","-0.6700","-0.8400","-1.0600","26.6300","36.6900","16.5700","29.2900","14.5000","34.3200","100.0000","30.1800","32.5400","23.6700","24.8500","24.8500","18.3400","12.7200","338","4/1/2025 16:37","7","2","3.5000","1.0000","0.2900","192.0000","31.0000","143.0000","28.0000","59.0000","-0.5000","1.1102","-0.1900","1.0600","0.8400","43.4900","91.1200","57.9900","92.0100","82.8400","12","1","43.2000","193.0000","-0.6000","0.1400","64.2000","122.0000","0.0300","1","46.4500","182.0000","-0.5600","0","73.0800","92.0000","-0.1800","0.0000","73.0800","92.0000","-0.2900","0","73.0800","92.0000","-0.3500","0.1400","73.6700","90.0000","0.5500","0.0000","73.0800","92.0000","-0.4600","0.0000","99.1100","4.0000","-0.0900","0","99.1100","4.0000","-0.0900","0.0000","99.1100","4.0000","-0.0900","0","99.1100","4.0000","-0.0900","6","0","0"
"AAD2023.06.02752","559052","39417","114","University of Hawai'i at Hilo","Mathematics, Department of","Mathematics","6","308.0000","9","302.0000","2","326.0000","4.5000","223.0000","48","299.0000","3","299.0000","1.0000","1.0000","2","204.0000","2","228.0000","466025.0000","231.0000","3","222.0000","1","249.0000","0","268.0000","0","268.0000","17","23","7","18","17","0.0000","-1.2000","268.0000","21.0100","0.0000","-0.9000","268.0000","21.0100","0.3300","-2.1600","323.0000","4.7300","1.5000","-1.0800","288.0000","15.0900","0.5000","-1.0000","276.0000","18.6400","8.0000","-0.4700","277.0000","18.3400","5.3300","-0.2200","230.0000","32.2500","0.3300","0.1600","129.0000","62.1300","0.3300","-0.4200","175.0000","48.5200","77670.8300","-0.3300","164.0000","51.7800","233012.5000","0.1200","97.0000","71.6000","0.5000","-0.2500","153.0000","55.0300","0.1700","-0.5700","207.0000","39.0500","-0.8000","259.0000","23.6700","-0.7000","-0.8700","-1.0500","-0.6400","-1.1600","-0.4100","0.6014","-0.4600","-0.8300","-0.4700","-0.4900","-0.6300","-0.9000","-1.1200","26.6300","21.0100","11.8300","39.9400","3.8500","34.3200","100.0000","34.6200","21.0100","11.8300","31.9500","32.8400","10.9500","9.1700","338","4/1/2025 16:37","0","0","0.0000","0.0000","0.0000","287.0000","287.0000","287.0000","287.0000","287.0000","-0.9100","-1.1925","-0.4900","-0.7400","-1.2800","15.3800","15.3800","15.3800","15.3800","15.3800","12","0","28.9900","241.0000","-0.8300","0.0000","28.9900","241.0000","-0.7400","0","28.9900","241.0000","-0.9000","0","73.0800","92.0000","-0.1800","0.0000","73.0800","92.0000","-0.2900","0","73.0800","92.0000","-0.3500","0.0000","28.9900","241.0000","-1.0600","0.0000","73.0800","92.0000","-0.4600","0.0000","99.1100","4.0000","-0.0900","0","99.1100","4.0000","-0.0900","0.0000","99.1100","4.0000","-0.0900","0","99.1100","4.0000","-0.0900","6","0","0"
"AAD2023.06.02752","120","39438","114","Marshall University","Mathematics and Physics, Department of","Mathematics","25","130.0000","51","230.0000","16","170.0000","3.1900","274.0000","188","249.0000","13","195.0000","0.8100","282.0000","1","240.0000","2","228.0000","248026.0000","252.0000","2","237.0000","2","225.0000","0","268.0000","0","268.0000","17","23","7","18","17","0.0000","-1.2000","268.0000","21.0100","0.0000","-0.9000","268.0000","21.0100","0.6400","-0.6500","263.0000","22.4900","2.0400","-0.9100","269.0000","20.7100","0.5200","-0.9200","275.0000","18.9300","7.5200","-0.4700","281.0000","17.1600","3.6900","-0.3000","289.0000","14.7900","0.0400","-1.0400","281.0000","17.1600","0.0800","-0.8300","266.0000","21.6000","9921.0400","-0.6400","261.0000","23.0800","124013.0000","-0.3500","231.0000","31.9500","0.0800","-0.6100","274.0000","19.2300","0.0800","-0.9000","267.0000","21.3000","-0.9000","275.0000","18.9300","-0.6200","-0.8700","-0.4100","-0.7200","-0.2600","-0.7500","-0.4108","-0.4800","-0.8300","-0.4300","-0.5100","-0.6300","-0.6200","0.0700","33.7300","21.0100","42.6000","29.2900","50.0000","19.2300","16.8600","30.1800","21.0100","26.6300","25.7400","32.8400","32.2500","61.8300","338","4/1/2025 16:37","2","2","1.0000","0.0800","0.0800","192.0000","206.0000","225.0000","258.0000","248.0000","-0.5000","-0.5345","-0.4000","-0.5900","-0.6800","43.4900","39.3500","33.7300","23.9600","26.9200","12","0","28.9900","241.0000","-0.8300","0.0000","28.9900","241.0000","-0.7400","0","28.9900","241.0000","-0.9000","0","73.0800","92.0000","-0.1800","0.0000","73.0800","92.0000","-0.2900","0","73.0800","92.0000","-0.3500","0.0000","28.9900","241.0000","-1.0600","0.0000","73.0800","92.0000","-0.4600","0.0000","99.1100","4.0000","-0.0900","0","99.1100","4.0000","-0.0900","0.0000","99.1100","4.0000","-0.0900","0","99.1100","4.0000","-0.0900","6","0","0"
"AAD2023.06.02752","264","39907","114","University of Colorado at Colorado Springs","Mathematics, Department of","Mathematics","12","256.0000","45","241.0000","9","240.0000","5.0000","199.0000","229","243.0000","10","227.0000","1.0000","1.0000","2","204.0000","2","228.0000","56050.0000","278.0000","6","179.0000","3","195.0000","3","179.0000","1","215.0000","17","23","7","18","17","0.0800","-0.5100","219.0000","35.5000","0.2500","0.0000","130.0000","61.8300","0.7500","-0.1100","219.0000","35.5000","3.7500","-0.3900","210.0000","38.1700","0.8300","0.4300","148.0000","56.5100","19.0800","-0.3600","228.0000","32.8400","5.0900","-0.2300","247.0000","27.2200","0.1700","-0.5200","202.0000","40.5300","0.1700","-0.6900","223.0000","34.3200","4670.8300","-0.6600","279.0000","17.7500","28025.0000","-0.7600","283.0000","16.5700","0.5000","-0.2500","153.0000","55.0300","0.2500","-0.2500","166.0000","51.1800","-0.4000","189.0000","44.3800","-0.5500","-0.6500","-0.6000","-0.6400","-0.7100","-0.2800","0.6014","-0.4100","-0.4600","-0.4200","-0.5300","-0.6300","-0.6600","-0.7500","42.6000","36.6900","33.1400","39.9400","29.2900","41.4200","100.0000","47.3400","47.3400","28.4000","18.0500","32.8400","28.9900","24.5600","338","4/1/2025 16:37","0","0","0.0000","0.0000","0.0000","287.0000","287.0000","287.0000","287.0000","287.0000","-0.9100","-1.1925","-0.4900","-0.7400","-1.2800","15.3800","15.3800","15.3800","15.3800","15.3800","12","0","28.9900","241.0000","-0.8300","0.0000","28.9900","241.0000","-0.7400","0","28.9900","241.0000","-0.9000","0","73.0800","92.0000","-0.1800","0.0000","73.0800","92.0000","-0.2900","0","73.0800","92.0000","-0.3500","0.0000","28.9900","241.0000","-1.0600","0.0000","73.0800","92.0000","-0.4600","0.0000","99.1100","4.0000","-0.0900","0","99.1100","4.0000","-0.0900","0.0000","99.1100","4.0000","-0.0900","0","99.1100","4.0000","-0.0900","6","0","0"
"AAD2023.06.02752","330","39940","114","University of San Diego","Mathematics, Department of","Mathematics","14","236.0000","27","263.0000","8","251.0000","3.3800","269.0000","79","285.0000","7","248.0000","0.7800","291.0000","1","240.0000","1","255.0000","2998910.0000","117.0000","5","196.0000","2","225.0000","2","207.0000","2","171.0000","17","23","7","18","17","0.1400","-0.0200","151.0000","55.6200","0.1400","-0.3800","196.0000","42.3100","0.5700","-0.9900","276.0000","18.6400","1.9300","-0.9400","277.0000","18.3400","0.5000","-1.0000","276.0000","18.6400","5.6400","-0.4900","295.0000","13.0200","2.9300","-0.3300","304.0000","10.3600","0.0700","-0.9100","263.0000","22.4900","0.0700","-0.8400","268.0000","21.0100","214207.8600","0.2900","78.0000","77.2200","2998910.0000","12.1000","1.0000","100.0000","0.3600","-0.3800","178.0000","47.6300","0.1400","-0.6600","221.0000","34.9100","-0.9000","275.0000","18.9300","-0.6200","-0.4400","-0.8000","-0.7200","-0.7700","-0.7000","-0.5983","-0.4300","-0.5800","-0.4600","-0.2200","-0.6700","-0.7800","-0.6200","33.7300","49.7000","26.9200","29.2900","26.0400","20.7100","14.2000","42.3100","39.0500","15.9800","65.6800","24.8500","22.4900","30.4700","338","4/1/2025 16:37","7","3","2.3300","0.5000","0.2100","165.0000","91.0000","143.0000","88.0000","112.0000","-0.3000","0.3405","-0.1900","0.1600","0.3100","51.4800","73.3700","57.9900","74.2600","67.1600","12","0","28.9900","241.0000","-0.8300","0.0000","28.9900","241.0000","-0.7400","0","28.9900","241.0000","-0.9000","0","73.0800","92.0000","-0.1800","0.0000","73.0800","92.0000","-0.2900","0","73.0800","92.0000","-0.3500","0.0000","28.9900","241.0000","-1.0600","0.0000","73.0800","92.0000","-0.4600","0.0000","99.1100","4.0000","-0.0900","0","99.1100","4.0000","-0.0900","0.0000","99.1100","4.0000","-0.0900","0","99.1100","4.0000","-0.0900","6","0","0"
"AAD2023.06.02752","395","40019","114","Texas Southern University","Mathematical Sciences, Department of","Mathematics","9","277.0000","5","314.0000","3","309.0000","1.6700","312.0000","36","307.0000","3","299.0000","1.0000","1.0000","2","204.0000","4","192.0000","1238335.0000","176.0000","4","211.0000","4","170.0000","0","268.0000","0","268.0000","17","23","7","18","17","0.0000","-1.2000","268.0000","21.0100","0.0000","-0.9000","268.0000","21.0100","0.3300","-2.1600","323.0000","4.7300","0.5600","-1.3600","321.0000","5.3300","0.3300","-1.7200","310.0000","8.5800","4.0000","-0.5100","311.0000","8.2800","7.2000","-0.1400","162.0000","52.3700","0.2200","-0.2900","172.0000","49.4100","0.4400","-0.2400","156.0000","54.1400","137592.7800","-0.0600","115.0000","66.2700","309583.7500","0.4600","53.0000","84.6200","0.4400","-0.3000","165.0000","51.4800","0.4400","0.4900","100.0000","70.7100","-1.0000","293.0000","13.6100","-0.4700","-0.8700","-1.0500","-0.6400","-1.1000","-1.1500","0.6014","-0.4400","-0.8300","-0.4700","-0.4100","-0.5600","-0.9300","-0.9400","50.0000","21.0100","11.8300","39.9400","8.8800","7.9900","100.0000","37.8700","21.0100","9.4700","48.2200","43.4900","7.4000","18.3400","338","4/1/2025 16:37","1","1","1.0000","0.1100","0.1100","232.0000","206.0000","247.0000","243.0000","211.0000","-0.7100","-0.5345","-0.4400","-0.5400","-0.4500","31.6600","39.3500","27.2200","28.4000","37.8700","12","0","28.9900","241.0000","-0.8300","0.0000","28.9900","241.0000","-0.7400","0","28.9900","241.0000","-0.9000","0","73.0800","92.0000","-0.1800","0.0000","73.0800","92.0000","-0.2900","0","73.0800","92.0000","-0.3500","0.0000","28.9900","241.0000","-1.0600","0.0000","73.0800","92.0000","-0.4600","0.0000","99.1100","4.0000","-0.0900","0","99.1100","4.0000","-0.0900","0.0000","99.1100","4.0000","-0.0900","0","99.1100","4.0000","-0.0900","6","0","0"
"AAD2023.06.02752","399","40048","114","University of North Carolina Wilmington","Mathematics & Statistics, Department of","Mathematics","26","118.0000","84","181.0000","20","138.0000","4.2000","233.0000","451","209.0000","20","135.0000","0.9500","164.0000","2","204.0000","4","192.0000","627167.0000","214.0000","3","222.0000","3","195.0000","6","121.0000","4","107.0000","17","23","7","18","17","0.1500","0.0700","142.0000","58.2800","0.2300","-0.0700","147.0000","56.8000","0.7700","-0.0100","210.0000","38.1700","3.2300","-0.5500","226.0000","33.4300","0.7700","0.1600","198.0000","41.7200","17.3500","-0.3800","237.0000","30.1800","5.3700","-0.2200","229.0000","32.5400","0.0800","-0.8900","259.0000","23.6700","0.1500","-0.7100","231.0000","31.9500","24121.8100","-0.5700","234.0000","31.0700","156791.7500","-0.2100","184.0000","45.8600","0.1200","-0.5800","257.0000","24.2600","0.1200","-0.7600","244.0000","28.1100","-0.7000","243.0000","28.4000","-0.5500","-0.0100","0.0400","-0.6400","0.0000","-0.4900","0.3315","-0.4600","-0.0800","-0.3500","-0.4700","-0.5600","-0.4000","0.1300","42.6000","68.6400","60.3600","39.9400","59.4700","31.3600","51.7800","34.6200","64.5000","38.4600","36.9800","43.4900","46.7500","65.3800","338","4/1/2025 16:37","2","2","1.0000","0.0800","0.0800","192.0000","206.0000","225.0000","262.0000","250.0000","-0.5000","-0.5345","-0.4000","-0.6000","-0.7100","43.4900","39.3500","33.7300","22.7800","26.3300","12","2","52.6600","161.0000","-0.3700","0.0800","42.3100","196.0000","-0.3300","2","60.9500","133.0000","-0.2100","2","88.1700","41.0000","0.0100","0.0800","86.3900","47.0000","0.1500","3","96.7500","12.0000","1.6700","0.0800","45.8600","184.0000","-0.1900","0.1200","96.1500","14.0000","2.6800","0.0000","99.1100","4.0000","-0.0900","0","99.1100","4.0000","-0.0900","0.0000","99.1100","4.0000","-0.0900","0","99.1100","4.0000","-0.0900","6","0","0"
