"releasename","institutionid","unitid","comparisongroupid","institutionname","unitname","comparisongroupname","facultycount","facultycount_rank","articlecount","articlecount_rank","articlefacultycount","articlefacultycount_rank","articlecountperauthor","articlecountperauthor_rank","citationcount","citationcount_rank","citationfacultycount","citationfacultycount_rank","pctofauthorwithcitation","pctofauthorwithcitation_rank","grantfacultycount","grantfacultycount_rank","grantcount","grantcount_rank","grantdollars","grantdollars_rank","awardcount","awardcount_rank","awardfacultycount","awardfacultycount_rank","bookcount","bookcount_rank","bookfacultycount","bookfacultycount_rank","awardsweight","grantsweight","booksweight","citationsweight","articlesweight","pctoffacwithbook","pctoffacwithbook_zscore","pctoffacwithbook_rank","pctoffacwithbook_pct","bookcountperfaculty","bookcountperfaculty_zscore","bookcountperfaculty_rank","bookcountperfaculty_pct","pctoffacwitharticle","pctoffacwitharticle_zscore","pctoffacwitharticle_rank","pctoffacwitharticle_pct","articlecountperfaculty","articlecountperfaculty_zscore","articlecountperfaculty_rank","articlecountperfaculty_pct","pctoffacwithcitation","pctoffacwithcitation_zscore","pctoffacwithcitation_rank","pctoffacwithcitation_pct","citationcountperfaculty","citationcountperfaculty_zscore","citationcountperfaculty_rank","citationcountperfaculty_pct","citationcountperarticle","citationcountperarticle_zscore","citationcountperarticle_rank","citationcountperarticle_pct","pctoffacwithgrant","pctoffacwithgrant_zscore","pctoffacwithgrant_rank","pctoffacwithgrant_pct","grantcountperfaculty","grantcountperfaculty_zscore","grantcountperfaculty_rank","grantcountperfaculty_pct","grantdollarsperfaculty","grantdollarsperfaculty_zscore","grantdollarsperfaculty_rank","grantdollarsperfaculty_pct","dollarspergrant","dollarspergrant_zscore","dollarspergrant_rank","dollarspergrant_pct","awardcountperfaculty","awardcountperfaculty_zscore","awardcountperfaculty_rank","awardcountperfaculty_pct","pctoffacwithaward","pctoffacwithaward_zscore","pctoffacwithaward_rank","pctoffacwithaward_pct","sri","sri_rank","sri_pct","awardfacultycount_zscore","bookfacultycount_zscore","citationfacultycount_zscore","grantfacultycount_zscore","articlefacultycount_zscore","articlecountperauthor_zscore","pctofauthorwithcitation_zscore","awardcount_zscore","bookcount_zscore","citationcount_zscore","grantdollars_zscore","grantcount_zscore","articlecount_zscore","facultycount_zscore","awardfacultycount_pct","bookfacultycount_pct","citationfacultycount_pct","grantfacultycount_pct","articlefacultycount_pct","articlecountperauthor_pct","pctofauthorwithcitation_pct","awardcount_pct","bookcount_pct","citationcount_pct","grantdollars_pct","grantcount_pct","articlecount_pct","facultycount_pct","unitsincomparisongroup","createddate","confproccount","confprocfacultycount","confproccountperauthor","confproccountperfaculty","pctoffacwithconfproc","confprocfacultycount_rank","confproccountperauthor_rank","confproccount_rank","confproccountperfaculty_rank","pctoffacwithconfproc_rank","confprocfacultycount_zscore","confproccountperauthor_zscore","confproccount_zscore","confproccountperfaculty_zscore","pctoffacwithconfproc_zscore","confprocfacultycount_pct","confproccountperauthor_pct","confproccount_pct","confproccountperfaculty_pct","pctoffacwithconfproc_pct","confprocweight","chaptercount","chaptercount_pct","chaptercount_rank","chaptercount_zscore","chaptercountperfaculty","chaptercountperfaculty_pct","chaptercountperfaculty_rank","chaptercountperfaculty_zscore","chapterfacultycount","chapterfacultycount_pct","chapterfacultycount_rank","chapterfacultycount_zscore","patentcount","patentcount_pct","patentcount_rank","patentcount_zscore","patentcountperfaculty","patentcountperfaculty_pct","patentcountperfaculty_rank","patentcountperfaculty_zscore","patentfacultycount","patentfacultycount_pct","patentfacultycount_rank","patentfacultycount_zscore","pctoffacwithchapter","pctoffacwithchapter_pct","pctoffacwithchapter_rank","pctoffacwithchapter_zscore","pctoffacwithpatent","pctoffacwithpatent_pct","pctoffacwithpatent_rank","pctoffacwithpatent_zscore","pctoffacwithtrial","pctoffacwithtrial_pct","pctoffacwithtrial_rank","pctoffacwithtrial_zscore","trialcount","trialcount_pct","trialcount_rank","trialcount_zscore","trialcountperfaculty","trialcountperfaculty_pct","trialcountperfaculty_rank","trialcountperfaculty_zscore","trialfacultycount","trialfacultycount_pct","trialfacultycount_rank","trialfacultycount_zscore","chaptersweight","patentsweight","trialsweight"
"AAD2023.06.02752","109","180","21","Louisiana State University","Physics and Astronomy, Department of","Astronomy and Astrophysics","53","8.0000","753","36.0000","52","8.0000","14.4800","85.0000","32095","26.0000","52","8.0000","1.0000","1.0000","41","4.0000","76","21.0000","25774249.0000","33.0000","84","21.0000","34","12.0000","16","3.0000","8","1.0000","17","25","0","18","20","0.1500","0.8300","26.0000","80.3200","0.3000","1.0800","16.0000","88.1900","0.9800","0.4900","64.0000","50.3900","14.2100","-0.5600","83.0000","35.4300","0.9800","0.4500","63.0000","51.1800","605.5700","-0.2800","68.0000","47.2400","42.6200","0.1400","30.0000","77.1700","0.7700","0.8200","29.0000","77.9500","1.4300","-0.1900","68.0000","47.2400","486306.5800","-0.2500","72.0000","44.0900","339134.8600","0.0400","65.0000","49.6100","1.5800","0.0500","47.0000","63.7800","0.6400","0.4000","48.0000","62.9900","-0.1000","62.0000","51.9700","1.6400","3.1400","2.0200","2.3700","2.0300","-0.6400","0.3093","0.9600","3.1900","0.7100","0.5800","0.9700","0.5400","1.9900","91.3400","100.0000","94.4900","97.6400","94.4900","33.8600","100.0000","84.2500","98.4300","80.3200","74.8000","84.2500","72.4400","94.4900","127","4/1/2025 16:37","104","25","4.1600","1.9600","0.4700","8.0000","45.0000","22.0000","47.0000","44.0000","1.7400","-0.1410","0.4900","-0.1000","0.3900","94.4900","65.3500","83.4600","63.7800","66.1400","13","3","69.2900","40.0000","0.1600","0.0600","38.5800","79.0000","-0.3800","3","80.3100","26.0000","0.4400","5","71.6500","37.0000","-0.1100","0.0900","54.3300","59.0000","-0.1400","3","75.5900","32.0000","0.3700","0.0600","40.1600","77.0000","-0.3100","0.0600","54.3300","59.0000","-0.2100","0.0000","98.4300","3.0000","-0.1200","0","98.4300","3.0000","-0.1200","0.0000","98.4300","3.0000","-0.1100","0","98.4300","3.0000","-0.1300","7","0","0"
"AAD2023.06.02752","12","305","21","Arizona State University","Earth and Space Exploration, School of","Astronomy and Astrophysics","68","3.0000","1116","15.0000","66","2.0000","16.9100","77.0000","27631","35.0000","67","2.0000","1.0000","1.0000","56","1.0000","191","1.0000","70247597.0000","2.0000","135","9.0000","41","6.0000","19","1.0000","7","3.0000","17","25","0","18","20","0.1000","0.2700","42.0000","67.7200","0.2800","0.9400","19.0000","85.8300","0.9700","0.4000","67.0000","48.0300","16.4100","-0.3600","76.0000","40.9400","0.9900","0.4900","61.0000","52.7600","406.3400","-0.6000","85.0000","33.8600","24.7600","-0.3400","88.0000","31.5000","0.8200","1.0200","13.0000","90.5500","2.8100","1.1100","17.0000","87.4000","1033052.9000","0.9600","22.0000","83.4600","367788.4700","0.2300","54.0000","58.2700","1.9900","0.3500","34.0000","74.0200","0.6000","0.2600","57.0000","55.9100","0.2000","40.0000","69.2900","2.2100","2.6300","3.0100","3.6900","2.9500","-0.4100","0.3093","2.0900","3.9400","0.4600","3.2800","4.1800","1.3700","2.9700","96.0600","98.4300","99.2100","100.0000","99.2100","40.1600","100.0000","93.7000","100.0000","73.2300","99.2100","100.0000","88.9800","98.4300","127","4/1/2025 16:37","275","51","5.3900","4.0400","0.7500","1.0000","33.0000","7.0000","25.0000","5.0000","4.7300","0.0919","2.5000","0.7800","1.7000","100.0000","74.8000","95.2800","81.1000","96.8500","13","7","92.9100","10.0000","1.5400","0.1000","62.9900","48.0000","0.0300","4","87.4000","17.0000","0.9100","10","81.8900","24.0000","0.0600","0.1500","62.2000","49.0000","-0.1100","9","98.4300","3.0000","2.6400","0.0600","43.3100","73.0000","-0.2800","0.1300","76.3800","31.0000","0.6400","0.0000","98.4300","3.0000","-0.1200","0","98.4300","3.0000","-0.1200","0.0000","98.4300","3.0000","-0.1100","0","98.4300","3.0000","-0.1300","7","0","0"
"AAD2023.06.02752","157","483","21","Ohio University","Physics and Astronomy, Department of","Astronomy and Astrophysics","27","39.0000","393","66.0000","26","38.0000","15.1200","83.0000","11886","71.0000","26","39.0000","1.0000","1.0000","13","60.0000","20","80.0000","8440358.0000","72.0000","18","72.0000","12","58.0000","4","31.0000","1","62.0000","17","25","0","18","20","0.0400","-0.5100","82.0000","36.2200","0.1500","0.1100","41.0000","68.5000","0.9600","0.3400","70.0000","45.6700","14.5600","-0.5300","82.0000","36.2200","0.9600","0.3000","70.0000","45.6700","440.2200","-0.5500","83.0000","35.4300","30.2400","-0.1900","64.0000","50.3900","0.4800","-0.3500","89.0000","30.7100","0.7400","-0.8500","104.0000","18.9000","312605.8500","-0.6300","84.0000","34.6500","422017.9000","0.5900","32.0000","75.5900","0.6700","-0.6400","88.0000","31.5000","0.4400","-0.3500","85.0000","33.8600","-0.4000","81.0000","37.0100","-0.1500","-0.4500","0.3000","-0.1000","0.3100","-0.5800","0.3093","-0.5100","0.2100","-0.4000","-0.4700","-0.5900","-0.2800","0.2900","55.1200","51.9700","70.0800","53.5400","70.8700","35.4300","100.0000","44.0900","76.3800","44.8800","44.0900","37.8000","48.8200","70.0800","127","4/1/2025 16:37","22","11","2.0000","0.8100","0.4100","47.0000","94.0000","70.0000","86.0000","59.0000","0.1300","-0.5500","-0.4700","-0.5800","0.0800","63.7800","26.7700","45.6700","33.0700","54.3300","13","4","81.1000","25.0000","0.5000","0.1500","79.5300","27.0000","0.4400","3","80.3100","26.0000","0.4400","4","65.3500","45.0000","-0.1400","0.1500","62.9900","48.0000","-0.1100","4","81.1000","25.0000","0.7500","0.1100","73.2300","35.0000","0.4200","0.1500","82.6800","23.0000","0.8100","0.0000","98.4300","3.0000","-0.1200","0","98.4300","3.0000","-0.1200","0.0000","98.4300","3.0000","-0.1100","0","98.4300","3.0000","-0.1300","7","0","0"
"AAD2023.06.02752","163","633","21","Pennsylvania State University - University Park","Astronomy and Astrophysics, Department of","Astronomy and Astrophysics","31","27.0000","806","29.0000","31","25.0000","26.0000","51.0000","28655","34.0000","31","26.0000","1.0000","1.0000","24","19.0000","91","11.0000","29181827.0000","27.0000","45","37.0000","16","43.0000","2","53.0000","2","38.0000","17","25","0","18","20","0.0600","-0.1800","60.0000","53.5400","0.0600","-0.4100","72.0000","44.0900","1.0000","0.6600","1.0000","100.0000","26.0000","0.5100","44.0000","66.1400","1.0000","0.6100","1.0000","100.0000","924.3500","0.2300","47.0000","63.7800","35.5500","-0.0500","50.0000","61.4200","0.7700","0.8300","28.0000","78.7400","2.9400","1.2300","14.0000","89.7600","941349.2600","0.7600","27.0000","79.5300","320679.4200","-0.0800","69.0000","46.4600","1.4500","-0.0500","57.0000","55.9100","0.5200","-0.0800","71.0000","44.8800","0.2000","40.0000","69.2900","0.1800","0.0600","0.6300","0.8700","0.6400","0.4200","0.3093","0.0900","-0.2900","0.5200","0.7900","1.3900","0.6700","0.5500","66.9300","70.8700","80.3200","85.8300","81.1000","60.6300","100.0000","71.6500","59.0600","74.0200","79.5300","92.1300","77.9500","79.5300","127","4/1/2025 16:37","236","12","19.6700","7.6100","0.3900","39.0000","4.0000","10.0000","8.0000","67.0000","0.2500","2.7961","2.0400","2.2900","-0.0100","70.0800","97.6400","92.9100","94.4900","48.0300","13","6","87.4000","17.0000","1.1900","0.1900","86.6100","18.0000","0.8500","7","98.4300","3.0000","2.3100","0","44.8800","71.0000","-0.2800","0.0000","44.8800","71.0000","-0.2000","0","44.8800","71.0000","-0.7600","0.2300","94.4900","8.0000","1.9700","0.0000","44.8800","71.0000","-0.8400","0.0000","98.4300","3.0000","-0.1200","0","98.4300","3.0000","-0.1200","0.0000","98.4300","3.0000","-0.1100","0","98.4300","3.0000","-0.1300","7","0","0"
"AAD2023.06.02752","167","726","21","Princeton University","Astrophysical Sciences, Department of","Astronomy and Astrophysics","22","51.0000","1105","17.0000","22","49.0000","50.2300","2.0000","38661","22.0000","22","48.0000","1.0000","1.0000","14","54.0000","53","41.0000","20144246.0000","42.0000","104","16.0000","20","28.0000","7","16.0000","5","9.0000","17","25","0","18","20","0.2300","1.7300","7.0000","95.2800","0.3200","1.1900","12.0000","91.3400","1.0000","0.6600","1.0000","100.0000","50.2300","2.7100","2.0000","99.2100","1.0000","0.6100","1.0000","100.0000","1757.3200","1.5700","9.0000","93.7000","34.9900","-0.0600","52.0000","59.8400","0.6400","0.2700","64.0000","50.3900","2.4100","0.7300","29.0000","77.9500","915647.5500","0.7000","31.0000","76.3800","380080.1100","0.3200","49.0000","62.2000","4.7300","2.3900","4.0000","97.6400","0.9100","1.4300","4.0000","97.6400","0.8000","5.0000","96.8500","0.5000","1.6000","0.0400","-0.0200","0.0400","2.6500","0.3093","1.4000","0.9500","1.0600","0.2400","0.3300","1.3500","-0.0300","78.7400","93.7000","62.9900","58.2700","62.2000","99.2100","100.0000","88.1900","88.1900","83.4600","67.7200","68.5000","87.4000","60.6300","127","4/1/2025 16:37","21","9","2.3300","0.9500","0.4100","56.0000","86.0000","71.0000","79.0000","58.0000","-0.1000","-0.4876","-0.4900","-0.5200","0.0900","56.6900","33.0700","44.8800","38.5800","55.1200","13","1","49.6100","65.0000","-0.5300","0.0500","34.6500","84.0000","-0.4800","1","49.6100","65.0000","-0.4900","3","63.7800","47.0000","-0.1800","0.1400","59.8400","52.0000","-0.1200","2","69.2900","40.0000","-0.0100","0.0500","35.4300","83.0000","-0.4600","0.0900","62.9900","48.0000","0.1700","0.0000","98.4300","3.0000","-0.1200","0","98.4300","3.0000","-0.1200","0.0000","98.4300","3.0000","-0.1100","0","98.4300","3.0000","-0.1300","7","0","0"
"AAD2023.06.02752","171","777","21","Rensselaer Polytechnic Institute","Physics, Applied Physics, and Astronomy, Department of","Astronomy and Astrophysics","17","72.0000","206","87.0000","15","77.0000","13.7300","88.0000","5374","90.0000","15","77.0000","1.0000","1.0000","11","71.0000","19","82.0000","5160570.0000","87.0000","34","51.0000","10","66.0000","3","41.0000","3","22.0000","17","25","0","18","20","0.1800","1.1300","15.0000","88.9800","0.1800","0.2900","35.0000","73.2300","0.8800","-0.3600","97.0000","24.4100","12.1200","-0.7500","91.0000","29.1300","0.8800","-0.3800","98.0000","23.6200","316.1200","-0.7500","91.0000","29.1300","26.0900","-0.3100","82.0000","36.2200","0.6500","0.3200","63.0000","51.1800","1.1200","-0.4900","86.0000","33.0700","303562.9400","-0.6500","87.0000","32.2800","271608.9500","-0.4000","84.0000","34.6500","2.0000","0.3600","32.0000","75.5900","0.5900","0.2000","62.0000","51.9700","-0.5000","87.0000","32.2800","-0.3100","0.5800","-0.4200","-0.2800","-0.4200","-0.7100","0.3093","-0.1500","-0.0400","-0.7500","-0.6700","-0.6200","-0.7100","-0.3600","48.8200","83.4600","40.1600","44.8800","40.1600","31.5000","100.0000","60.6300","68.5000","29.9200","32.2800","36.2200","32.2800","44.0900","127","4/1/2025 16:37","71","6","11.8300","4.1800","0.3500","75.0000","13.0000","36.0000","23.0000","72.0000","-0.4400","1.3114","0.1000","0.8400","-0.1700","41.7300","90.5500","72.4400","82.6800","44.0900","13","1","49.6100","65.0000","-0.5300","0.0600","41.7300","75.0000","-0.3600","1","49.6100","65.0000","-0.4900","312","100.0000","1.0000","10.4600","18.3500","100.0000","1.0000","11.0200","5","88.1900","16.0000","1.1300","0.0600","43.3100","73.0000","-0.2800","0.2900","96.8500","5.0000","2.4400","0.0000","98.4300","3.0000","-0.1200","0","98.4300","3.0000","-0.1200","0.0000","98.4300","3.0000","-0.1100","0","98.4300","3.0000","-0.1300","7","0","0"
"AAD2023.06.02752","172","802","21","Rice University","Physics and Astronomy, Department of","Astronomy and Astrophysics","46","11.0000","1186","11.0000","44","10.0000","26.9500","44.0000","33821","25.0000","44","10.0000","1.0000","1.0000","33","8.0000","107","4.0000","37411859.0000","16.0000","143","6.0000","35","10.0000","2","53.0000","2","38.0000","17","25","0","18","20","0.0400","-0.4300","81.0000","37.0100","0.0400","-0.5500","86.0000","33.0700","0.9600","0.2800","71.0000","44.8800","25.7800","0.4900","48.0000","62.9900","0.9600","0.2400","73.0000","43.3100","735.2400","-0.0800","59.0000","54.3300","28.5200","-0.2400","72.0000","44.0900","0.7200","0.6000","44.0000","66.1400","2.3300","0.6500","32.0000","75.5900","813301.2800","0.4700","37.0000","71.6500","349643.5400","0.1100","62.0000","51.9700","3.1100","1.1900","14.0000","89.7600","0.7600","0.8600","30.0000","77.1700","0.4000","27.0000","79.5300","1.7200","0.0600","1.4900","1.6600","1.5000","0.5100","0.3093","2.2600","-0.2900","0.8000","1.2900","1.8400","1.5300","1.5300","92.9100","70.8700","92.9100","94.4900","92.9100","66.1400","100.0000","96.0600","59.0600","81.1000","88.1900","97.6400","92.1300","92.1300","127","4/1/2025 16:37","36","16","2.2500","0.7800","0.3500","21.0000","88.0000","60.0000","87.0000","75.0000","0.7100","-0.5027","-0.3100","-0.6000","-0.2000","84.2500","31.5000","53.5400","32.2800","41.7300","13","9","96.8500","5.0000","2.2300","0.2000","87.4000","17.0000","0.8600","6","95.2800","7.0000","1.8500","20","89.7600","14.0000","0.4100","0.4300","85.0400","20.0000","0.0700","6","92.9100","10.0000","1.5100","0.1300","81.8900","24.0000","0.6800","0.1300","74.8000","33.0000","0.6200","0.0000","98.4300","3.0000","-0.1200","0","98.4300","3.0000","-0.1200","0.0000","98.4300","3.0000","-0.1100","0","98.4300","3.0000","-0.1300","7","0","0"
"AAD2023.06.02752","215","1142","21","Texas A&M University","Physics and Astronomy, Department of","Astronomy and Astrophysics","60","5.0000","1548","4.0000","59","5.0000","26.2400","48.0000","52515","8.0000","60","5.0000","1.0000","1.0000","29","14.0000","53","41.0000","16830439.0000","49.0000","117","12.0000","37","8.0000","4","31.0000","3","22.0000","17","25","0","18","20","0.0500","-0.3500","70.0000","45.6700","0.0700","-0.4000","70.0000","45.6700","0.9800","0.5100","63.0000","51.1800","25.8000","0.4900","46.0000","64.5700","1.0000","0.6100","1.0000","100.0000","875.2500","0.1500","50.0000","61.4200","33.9200","-0.0900","53.0000","59.0600","0.4800","-0.3400","88.0000","31.5000","0.8800","-0.7100","97.0000","24.4100","280507.3200","-0.7000","94.0000","26.7700","317555.4500","-0.1000","71.0000","44.8800","1.9500","0.3200","36.0000","72.4400","0.6200","0.3100","56.0000","56.6900","-0.1000","62.0000","51.9700","1.8900","0.5800","2.5400","1.3100","2.4900","0.4400","0.3093","1.6900","0.2100","1.8200","0.0400","0.3300","2.3600","2.4500","94.4900","83.4600","96.8500","89.7600","96.8500","62.9900","100.0000","91.3400","76.3800","94.4900","62.2000","68.5000","97.6400","96.8500","127","4/1/2025 16:37","140","26","5.3800","2.3300","0.4300","6.0000","34.0000","17.0000","40.0000","54.0000","1.8600","0.0900","0.9100","0.0600","0.2100","96.0600","74.0200","87.4000","69.2900","58.2700","13","4","81.1000","25.0000","0.5000","0.0700","46.4600","69.0000","-0.2900","3","80.3100","26.0000","0.4400","13","86.6100","18.0000","0.1700","0.2200","70.0800","39.0000","-0.0700","5","88.1900","16.0000","1.1300","0.0500","36.2200","82.0000","-0.4000","0.0800","59.8400","52.0000","0.0900","0.0000","98.4300","3.0000","-0.1200","0","98.4300","3.0000","-0.1200","0.0000","98.4300","3.0000","-0.1100","0","98.4300","3.0000","-0.1300","7","0","0"
"AAD2023.06.02752","222","1188","21","Texas Tech University","Physics and Astronomy, Department of","Astronomy and Astrophysics","18","67.0000","576","50.0000","16","72.0000","36.0000","9.0000","28686","33.0000","16","73.0000","1.0000","1.0000","7","85.0000","36","65.0000","6254197.0000","81.0000","11","81.0000","5","85.0000","0","90.0000","0","90.0000","17","25","0","18","20","0.0000","-0.9400","90.0000","29.9200","0.0000","-0.8200","90.0000","29.9200","0.8900","-0.3000","93.0000","27.5600","32.0000","1.0500","20.0000","85.0400","0.8900","-0.3200","95.0000","25.9800","1593.6700","1.3100","10.0000","92.9100","49.8000","0.3400","20.0000","85.0400","0.3900","-0.7200","98.0000","23.6200","2.0000","0.3400","38.0000","70.8700","347455.3900","-0.5500","80.0000","37.8000","173727.6900","-1.0500","113.0000","11.8100","0.6100","-0.6800","93.0000","27.5600","0.2800","-0.9900","104.0000","18.9000","-0.3000","73.0000","43.3100","-0.7200","-0.9600","-0.3600","-0.6300","-0.3500","1.3400","0.3093","-0.6600","-0.7900","0.5200","-0.6000","-0.1400","0.1400","-0.2900","33.8600","29.9200","43.3100","33.8600","44.0900","93.7000","100.0000","37.0100","29.9200","74.8000","37.0100","49.6100","61.4200","48.0300","127","4/1/2025 16:37","9","5","1.8000","0.5000","0.2800","82.0000","103.0000","91.0000","98.0000","85.0000","-0.5500","-0.5879","-0.6300","-0.7200","-0.5300","36.2200","19.6900","29.1300","23.6200","33.8600","13","1","49.6100","65.0000","-0.5300","0.0600","37.8000","80.0000","-0.3900","1","49.6100","65.0000","-0.4900","6","74.0200","34.0000","-0.0700","0.3300","79.5300","27.0000","0.0000","2","69.2900","40.0000","-0.0100","0.0600","39.3700","78.0000","-0.3300","0.1100","70.0800","39.0000","0.4000","0.0000","98.4300","3.0000","-0.1200","0","98.4300","3.0000","-0.1200","0.0000","98.4300","3.0000","-0.1100","0","98.4300","3.0000","-0.1300","7","0","0"
"AAD2023.06.02752","226","1267","21","University of Tennessee, The","Physics and Astronomy, Department of","Astronomy and Astrophysics","37","21.0000","1437","7.0000","35","22.0000","41.0600","5.0000","37885","23.0000","36","21.0000","1.0000","1.0000","20","34.0000","46","53.0000","21440100.0000","41.0000","38","48.0000","23","23.0000","2","53.0000","1","62.0000","17","25","0","18","20","0.0300","-0.6200","86.0000","33.0700","0.0500","-0.4800","77.0000","40.1600","0.9500","0.1900","77.0000","40.1600","38.8400","1.6800","5.0000","96.8500","0.9700","0.3800","67.0000","48.0300","1023.9200","0.3900","41.0000","68.5000","26.3600","-0.3000","80.0000","37.8000","0.5400","-0.1100","79.0000","38.5800","1.2400","-0.3700","79.0000","38.5800","579462.1600","-0.0400","55.0000","57.4800","466089.1300","0.8900","22.0000","83.4600","1.0300","-0.3700","70.0000","45.6700","0.6200","0.3300","55.0000","57.4800","0.1000","44.0000","66.1400","0.7500","-0.4500","0.9600","0.5100","0.9000","1.8000","0.3093","-0.0600","-0.2900","1.0200","0.3200","0.1300","2.1100","0.9500","82.6800","51.9700","84.2500","74.0200","83.4600","96.8500","100.0000","62.9900","59.0600","82.6800","68.5000","59.0600","95.2800","84.2500","127","4/1/2025 16:37","41","15","2.7300","1.1100","0.4100","24.0000","76.0000","51.0000","72.0000","60.0000","0.5900","-0.4118","-0.2500","-0.4600","0.0800","81.8900","40.9400","60.6300","44.0900","53.5400","13","4","81.1000","25.0000","0.5000","0.1100","65.3500","45.0000","0.0800","3","80.3100","26.0000","0.4400","0","44.8800","71.0000","-0.2800","0.0000","44.8800","71.0000","-0.2000","0","44.8800","71.0000","-0.7600","0.0800","55.1200","58.0000","0.0200","0.0000","44.8800","71.0000","-0.8400","0.0000","98.4300","3.0000","-0.1200","0","98.4300","3.0000","-0.1200","0.0000","98.4300","3.0000","-0.1100","0","98.4300","3.0000","-0.1300","7","0","0"
"AAD2023.06.02752","232","1425","21","University of Texas at San Antonio, The","Physics and Astronomy, Department of","Astronomy and Astrophysics","22","51.0000","260","83.0000","22","49.0000","11.8200","97.0000","7355","84.0000","22","48.0000","1.0000","1.0000","12","65.0000","20","80.0000","6948745.0000","78.0000","24","66.0000","12","58.0000","0","90.0000","0","90.0000","17","25","0","18","20","0.0000","-0.9400","90.0000","29.9200","0.0000","-0.8200","90.0000","29.9200","1.0000","0.6600","1.0000","100.0000","11.8200","-0.7800","93.0000","27.5600","1.0000","0.6100","1.0000","100.0000","334.3200","-0.7200","90.0000","29.9200","28.2900","-0.2500","73.0000","43.3100","0.5500","-0.0900","76.0000","40.9400","0.9100","-0.6900","95.0000","25.9800","315852.0500","-0.6200","83.0000","35.4300","347437.2500","0.1000","63.0000","51.1800","1.0900","-0.3200","68.0000","47.2400","0.5500","0.0400","68.0000","47.2400","-0.5000","87.0000","32.2800","-0.1500","-0.9600","0.0400","-0.1900","0.0400","-0.8800","0.3093","-0.3700","-0.7900","-0.6400","-0.5600","-0.5900","-0.5800","-0.0300","55.1200","29.9200","62.9900","49.6100","62.2000","24.4100","100.0000","48.8200","29.9200","34.6500","39.3700","37.8000","35.4300","60.6300","127","4/1/2025 16:37","57","14","4.0700","2.5900","0.6400","29.0000","48.0000","42.0000","37.0000","19.0000","0.4800","-0.1581","-0.0600","0.1700","1.1700","77.9500","62.9900","67.7200","71.6500","85.8300","13","4","81.1000","25.0000","0.5000","0.1800","85.8300","19.0000","0.7400","4","87.4000","17.0000","0.9100","7","77.1700","30.0000","-0.0400","0.3200","77.9500","29.0000","-0.0100","3","75.5900","32.0000","0.3700","0.1800","90.5500","13.0000","1.3800","0.1400","77.1700","30.0000","0.6800","0.0000","98.4300","3.0000","-0.1200","0","98.4300","3.0000","-0.1200","0.0000","98.4300","3.0000","-0.1100","0","98.4300","3.0000","-0.1300","7","0","0"
"AAD2023.06.02752","237","1467","21","Tufts University","Physics and Astronomy, Department of","Astronomy and Astrophysics","19","63.0000","642","45.0000","19","60.0000","33.7900","19.0000","20768","47.0000","19","60.0000","1.0000","1.0000","12","65.0000","27","70.0000","7271557.0000","76.0000","30","54.0000","13","54.0000","2","53.0000","1","62.0000","17","25","0","18","20","0.0500","-0.3200","69.0000","46.4600","0.1100","-0.1600","57.0000","55.9100","1.0000","0.6600","1.0000","100.0000","33.7900","1.2200","13.0000","90.5500","1.0000","0.6100","1.0000","100.0000","1093.0500","0.5000","33.0000","74.8000","32.3500","-0.1400","56.0000","56.6900","0.6300","0.2500","68.0000","47.2400","1.4200","-0.2000","69.0000","46.4600","382713.5300","-0.4800","76.0000","40.9400","269316.9300","-0.4200","85.0000","33.8600","1.5800","0.0500","48.0000","62.9900","0.6800","0.5700","42.0000","67.7200","0.1000","44.0000","66.1400","-0.0700","-0.4500","-0.1600","-0.1900","-0.1600","1.1400","0.3093","-0.2400","-0.2900","0.0900","-0.5400","-0.4000","0.2900","-0.2300","58.2700","51.9700","53.5400","49.6100","53.5400","85.8300","100.0000","58.2700","59.0600","63.7800","40.9400","45.6700","65.3500","51.1800","127","4/1/2025 16:37","10","5","2.0000","0.5300","0.2600","82.0000","94.0000","90.0000","97.0000","90.0000","-0.5500","-0.5500","-0.6200","-0.7000","-0.6000","36.2200","26.7700","29.9200","24.4100","29.9200","13","1","49.6100","65.0000","-0.5300","0.0500","35.4300","83.0000","-0.4200","1","49.6100","65.0000","-0.4900","3","63.7800","47.0000","-0.1800","0.1600","63.7800","47.0000","-0.1000","2","69.2900","40.0000","-0.0100","0.0500","37.0100","81.0000","-0.3700","0.1100","65.3500","45.0000","0.3300","0.0000","98.4300","3.0000","-0.1200","0","98.4300","3.0000","-0.1200","0.0000","98.4300","3.0000","-0.1100","0","98.4300","3.0000","-0.1300","7","0","0"
"AAD2023.06.02752","245","1506","21","University of Alabama in Huntsville, The","Physics and Astronomy, Department of","Astronomy and Astrophysics","11","94.0000","148","91.0000","11","91.0000","13.4500","89.0000","2008","103.0000","11","91.0000","1.0000","1.0000","7","85.0000","24","72.0000","3823117.0000","92.0000","13","80.0000","5","85.0000","3","41.0000","2","38.0000","17","25","0","18","20","0.1800","1.1900","13.0000","90.5500","0.2700","0.9000","20.0000","85.0400","1.0000","0.6600","1.0000","100.0000","13.4500","-0.6300","86.0000","33.0700","1.0000","0.6100","1.0000","100.0000","182.5500","-0.9600","103.0000","19.6900","13.5700","-0.6500","114.0000","11.0200","0.6400","0.2700","64.0000","50.3900","2.1800","0.5200","35.0000","73.2300","347556.0900","-0.5500","79.0000","38.5800","159296.5400","-1.1500","115.0000","10.2400","1.1800","-0.2500","64.0000","50.3900","0.4500","-0.3100","82.0000","36.2200","-0.5000","87.0000","32.2800","-0.7200","0.0600","-0.6900","-0.6300","-0.6800","-0.7300","0.3093","-0.6200","-0.0400","-0.9400","-0.7500","-0.4800","-0.8400","-0.7500","33.8600","70.8700","29.1300","33.8600","29.1300","30.7100","100.0000","37.8000","68.5000","19.6900","28.3500","44.0900","29.1300","26.7700","127","4/1/2025 16:37","39","7","5.5700","3.5500","0.6400","68.0000","31.0000","55.0000","28.0000","19.0000","-0.3300","0.1260","-0.2700","0.5700","1.1700","47.2400","76.3800","57.4800","78.7400","85.8300","13","0","30.7100","89.0000","-0.8800","0.0000","30.7100","89.0000","-0.8900","0","30.7100","89.0000","-0.9600","5","71.6500","37.0000","-0.1100","0.4500","86.6100","18.0000","0.0800","3","75.5900","32.0000","0.3700","0.0000","30.7100","89.0000","-1.0800","0.2700","96.0600","6.0000","2.2000","0.0000","98.4300","3.0000","-0.1200","0","98.4300","3.0000","-0.1200","0.0000","98.4300","3.0000","-0.1100","0","98.4300","3.0000","-0.1300","7","0","0"
"AAD2023.06.02752","251","1659","21","University of California, Berkeley","Astronomy, Department of","Astronomy and Astrophysics","17","72.0000","708","38.0000","17","68.0000","41.6500","3.0000","40005","20.0000","17","68.0000","1.0000","1.0000","14","54.0000","62","34.0000","23882276.0000","38.0000","103","18.0000","15","47.0000","1","73.0000","1","62.0000","17","25","0","18","20","0.0600","-0.2500","64.0000","50.3900","0.0600","-0.4500","74.0000","42.5200","1.0000","0.6600","1.0000","100.0000","41.6500","1.9300","3.0000","98.4300","1.0000","0.6100","1.0000","100.0000","2353.2400","2.5300","3.0000","98.4300","56.5000","0.5200","12.0000","91.3400","0.8200","1.0200","13.0000","90.5500","3.6500","1.9000","6.0000","96.0600","1404839.7600","1.7800","7.0000","95.2800","385198.0000","0.3500","45.0000","65.3500","6.0600","3.3900","2.0000","99.2100","0.8800","1.3300","11.0000","92.1300","1.0000","3.0000","98.4300","0.1000","-0.4500","-0.2900","-0.0200","-0.2900","1.8600","0.3093","1.3800","-0.5400","1.1400","0.4700","0.5800","0.4400","-0.3600","63.7800","51.9700","47.2400","58.2700","47.2400","98.4300","100.0000","86.6100","43.3100","85.0400","70.8700","74.0200","70.8700","44.0900","127","4/1/2025 16:37","29","7","4.1400","1.7100","0.4100","68.0000","46.0000","65.0000","53.0000","57.0000","-0.3300","-0.1448","-0.3900","-0.2100","0.1100","47.2400","64.5700","49.6100","59.0600","55.9100","13","1","49.6100","65.0000","-0.5300","0.0600","41.7300","75.0000","-0.3600","1","49.6100","65.0000","-0.4900","1","52.7600","61.0000","-0.2500","0.0600","49.6100","65.0000","-0.1600","1","58.2700","54.0000","-0.3800","0.0600","43.3100","73.0000","-0.2800","0.0600","55.1200","58.0000","-0.1800","0.0000","98.4300","3.0000","-0.1200","0","98.4300","3.0000","-0.1200","0.0000","98.4300","3.0000","-0.1100","0","98.4300","3.0000","-0.1300","7","0","0"
"AAD2023.06.02752","254","1786","21","University of California, Los Angeles","Earth, Planetary, and Space Sciences, Department of","Astronomy and Astrophysics","30","30.0000","678","41.0000","30","27.0000","22.6000","61.0000","16781","60.0000","30","28.0000","1.0000","1.0000","24","19.0000","80","17.0000","34079026.0000","18.0000","110","14.0000","27","16.0000","8","14.0000","7","3.0000","17","25","0","18","20","0.2300","1.8000","6.0000","96.0600","0.2700","0.8600","22.0000","83.4600","1.0000","0.6600","1.0000","100.0000","22.6000","0.2000","58.0000","55.1200","1.0000","0.6100","1.0000","100.0000","559.3700","-0.3600","75.0000","41.7300","24.7500","-0.3400","89.0000","30.7100","0.8000","0.9300","17.0000","87.4000","2.6700","0.9700","21.0000","84.2500","1135967.5300","1.1800","17.0000","87.4000","425987.8300","0.6200","31.0000","76.3800","3.6700","1.6000","12.0000","91.3400","0.9000","1.3900","6.0000","96.0600","0.4000","27.0000","79.5300","1.0700","2.6300","0.5700","0.8700","0.5700","0.1100","0.3093","1.5300","1.2000","-0.1300","1.0800","1.0800","0.3700","0.4900","88.1900","98.4300","78.7400","85.8300","79.5300","52.7600","100.0000","89.7600","89.7600","53.5400","86.6100","87.4000","68.5000","77.1700","127","4/1/2025 16:37","91","20","4.5500","3.0300","0.6700","13.0000","44.0000","26.0000","31.0000","14.0000","1.1700","-0.0672","0.3400","0.3600","1.3100","90.5500","66.1400","80.3200","76.3800","89.7600","13","6","87.4000","17.0000","1.1900","0.2000","88.9800","15.0000","0.9000","3","80.3100","26.0000","0.4400","0","44.8800","71.0000","-0.2800","0.0000","44.8800","71.0000","-0.2000","0","44.8800","71.0000","-0.7600","0.1000","65.3500","45.0000","0.2700","0.0000","44.8800","71.0000","-0.8400","0.0000","98.4300","3.0000","-0.1200","0","98.4300","3.0000","-0.1200","0.0000","98.4300","3.0000","-0.1100","0","98.4300","3.0000","-0.1300","7","0","0"
"AAD2023.06.02752","254","1817","21","University of California, Los Angeles","Physics and Astronomy, Department of","Astronomy and Astrophysics","61","4.0000","1539","5.0000","61","4.0000","25.2300","55.0000","44453","15.0000","61","4.0000","1.0000","1.0000","42","3.0000","107","4.0000","46227949.0000","8.0000","184","1.0000","51","2.0000","5","23.0000","5","9.0000","17","25","0","18","20","0.0800","0.0200","51.0000","60.6300","0.0800","-0.3000","62.0000","51.9700","1.0000","0.6600","1.0000","100.0000","25.2300","0.4400","52.0000","59.8400","1.0000","0.6100","1.0000","100.0000","728.7400","-0.0900","62.0000","51.9700","28.8800","-0.2300","69.0000","46.4600","0.6900","0.4800","53.0000","59.0600","1.7500","0.1100","54.0000","58.2700","757835.2300","0.3500","43.0000","66.9300","432036.9100","0.6600","30.0000","77.1700","3.0200","1.1200","15.0000","88.9800","0.8400","1.1500","18.0000","86.6100","0.3000","32.0000","75.5900","3.0300","1.6000","2.6100","2.4600","2.6200","0.3500","0.3093","3.1700","0.4500","1.3800","1.8200","1.8400","2.3400","2.5100","99.2100","93.7000","97.6400","98.4300","97.6400","57.4800","100.0000","100.0000","82.6800","88.9800","94.4900","97.6400","96.8500","97.6400","127","4/1/2025 16:37","176","32","5.5000","2.8900","0.5200","4.0000","32.0000","13.0000","34.0000","30.0000","2.5500","0.1127","1.3400","0.2900","0.6400","97.6400","75.5900","90.5500","74.0200","77.1700","13","5","85.0400","20.0000","0.8500","0.0800","52.7600","61.0000","-0.1600","4","87.4000","17.0000","0.9100","32","96.0600","6.0000","0.8200","0.5200","88.9800","15.0000","0.1200","7","95.2800","7.0000","1.8900","0.0700","45.6700","70.0000","-0.1900","0.1100","71.6500","37.0000","0.4400","0.0000","98.4300","3.0000","-0.1200","0","98.4300","3.0000","-0.1200","0.0000","98.4300","3.0000","-0.1100","0","98.4300","3.0000","-0.1300","7","0","0"
"AAD2023.06.02752","255","1864","21","University of California, Riverside","Physics and Astronomy, Department of","Astronomy and Astrophysics","41","15.0000","1093","18.0000","39","17.0000","28.0300","37.0000","49942","11.0000","40","15.0000","1.0000","1.0000","28","15.0000","65","29.0000","26334718.0000","31.0000","63","29.0000","26","19.0000","2","53.0000","2","38.0000","17","25","0","18","20","0.0500","-0.3700","76.0000","40.9400","0.0500","-0.5100","83.0000","35.4300","0.9500","0.2400","74.0000","42.5200","26.6600","0.5700","42.0000","67.7200","0.9800","0.4000","65.0000","49.6100","1218.1000","0.7000","25.0000","81.1000","45.6900","0.2300","27.0000","79.5300","0.6800","0.4600","54.0000","58.2700","1.5900","-0.0500","65.0000","49.6100","642310.2000","0.1000","53.0000","59.0600","405149.5100","0.4800","36.0000","72.4400","1.5400","0.0100","49.0000","62.2000","0.6300","0.3700","49.0000","62.2000","0.1000","44.0000","66.1400","0.9900","0.0600","1.2300","1.2200","1.1700","0.6100","0.3093","0.4900","-0.2900","1.6800","0.6100","0.6600","1.3200","1.2100","85.8300","70.8700","88.9800","88.9800","87.4000","71.6500","100.0000","77.9500","59.0600","92.1300","76.3800","77.9500","86.6100","88.9800","127","4/1/2025 16:37","37","13","2.8500","0.9000","0.3200","36.0000","73.0000","57.0000","83.0000","79.0000","0.3600","-0.3891","-0.3000","-0.5400","-0.3400","72.4400","43.3100","55.9100","35.4300","38.5800","13","4","81.1000","25.0000","0.5000","0.1000","57.4800","55.0000","-0.0200","4","87.4000","17.0000","0.9100","6","74.0200","34.0000","-0.0700","0.1500","61.4200","50.0000","-0.1100","2","69.2900","40.0000","-0.0100","0.1000","60.6300","51.0000","0.2400","0.0500","51.9700","62.0000","-0.3000","0.0000","98.4300","3.0000","-0.1200","0","98.4300","3.0000","-0.1200","0.0000","98.4300","3.0000","-0.1100","0","98.4300","3.0000","-0.1300","7","0","0"
"AAD2023.06.02752","259","1921","21","University of California, Santa Cruz","Astronomy and Astrophysics, Department of","Astronomy and Astrophysics","20","57.0000","771","34.0000","20","56.0000","38.5500","6.0000","29607","31.0000","20","56.0000","1.0000","1.0000","16","44.0000","64","30.0000","24279361.0000","37.0000","75","26.0000","17","38.0000","1","73.0000","1","62.0000","17","25","0","18","20","0.0500","-0.3500","70.0000","45.6700","0.0500","-0.5000","79.0000","38.5800","1.0000","0.6600","1.0000","100.0000","38.5500","1.6500","6.0000","96.0600","1.0000","0.6100","1.0000","100.0000","1480.3500","1.1200","16.0000","88.1900","38.4000","0.0300","43.0000","66.9300","0.8000","0.9300","17.0000","87.4000","3.2000","1.4800","10.0000","92.9100","1213968.0500","1.3600","15.0000","88.9800","379365.0200","0.3100","50.0000","61.4200","3.7500","1.6600","11.0000","92.1300","0.8500","1.2000","14.0000","89.7600","0.9000","4.0000","97.6400","0.2600","-0.4500","-0.0900","0.1600","-0.0900","1.5700","0.3093","0.7600","-0.5400","0.5700","0.4900","0.6400","0.5900","-0.1600","70.8700","51.9700","56.6900","66.1400","56.6900","96.0600","100.0000","80.3200","43.3100","76.3800","71.6500","77.1700","74.0200","55.9100","127","4/1/2025 16:37","125","13","9.6200","6.2500","0.6500","36.0000","15.0000","19.0000","10.0000","16.0000","0.3600","0.8929","0.7400","1.7200","1.2300","72.4400","88.9800","85.8300","92.9100","88.1900","13","0","30.7100","89.0000","-0.8800","0.0000","30.7100","89.0000","-0.8900","0","30.7100","89.0000","-0.9600","0","44.8800","71.0000","-0.2800","0.0000","44.8800","71.0000","-0.2000","0","44.8800","71.0000","-0.7600","0.0000","30.7100","89.0000","-1.0800","0.0000","44.8800","71.0000","-0.8400","0.0000","98.4300","3.0000","-0.1200","0","98.4300","3.0000","-0.1200","0.0000","98.4300","3.0000","-0.1100","0","98.4300","3.0000","-0.1300","7","0","0"
"AAD2023.06.02752","270","2107","21","University of Delaware","Physics and Astronomy, Department of","Astronomy and Astrophysics","41","15.0000","942","22.0000","40","15.0000","23.5500","59.0000","28888","32.0000","40","15.0000","1.0000","1.0000","26","17.0000","80","17.0000","52389259.0000","5.0000","63","29.0000","23","23.0000","7","16.0000","7","3.0000","17","25","0","18","20","0.1700","1.0600","19.0000","85.8300","0.1700","0.2600","38.0000","70.8700","0.9800","0.4500","66.0000","48.8200","22.9800","0.2300","57.0000","55.9100","0.9800","0.4000","65.0000","49.6100","704.5900","-0.1200","64.0000","50.3900","30.6700","-0.1800","62.0000","51.9700","0.6300","0.2600","67.0000","48.0300","1.9500","0.3000","44.0000","66.1400","1277786.8000","1.5000","11.0000","92.1300","654865.7400","2.1400","3.0000","98.4300","1.5400","0.0100","49.0000","62.2000","0.5600","0.0900","64.0000","50.3900","0.1000","44.0000","66.1400","0.7500","2.6300","1.2300","1.0400","1.2300","0.2000","0.3093","0.4900","0.9500","0.5300","2.2000","1.0800","0.9800","1.2100","82.6800","98.4300","88.9800","87.4000","88.9800","54.3300","100.0000","77.9500","88.1900","75.5900","96.8500","87.4000","83.4600","88.9800","127","4/1/2025 16:37","368","24","15.3300","8.9800","0.5900","9.0000","8.0000","1.0000","3.0000","22.0000","1.6300","1.9742","3.6000","2.8700","0.9200","93.7000","94.4900","100.0000","98.4300","83.4600","13","13","100.0000","1.0000","3.6100","0.3200","94.4900","8.0000","1.9600","8","99.2100","2.0000","2.7800","12","85.8300","19.0000","0.1300","0.2900","74.8000","33.0000","-0.0200","6","92.9100","10.0000","1.5100","0.2000","92.9100","10.0000","1.5600","0.1500","81.8900","24.0000","0.7900","0.0000","98.4300","3.0000","-0.1200","0","98.4300","3.0000","-0.1200","0.0000","98.4300","3.0000","-0.1100","0","98.4300","3.0000","-0.1300","7","0","0"
"AAD2023.06.02752","273","2126","21","University of Florida","Astronomy, Department of","Astronomy and Astrophysics","11","94.0000","343","75.0000","10","94.0000","34.3000","15.0000","17031","58.0000","10","93.0000","1.0000","1.0000","9","79.0000","22","76.0000","4836866.0000","90.0000","18","72.0000","9","73.0000","0","90.0000","0","90.0000","17","25","0","18","20","0.0000","-0.9400","90.0000","29.9200","0.0000","-0.8200","90.0000","29.9200","0.9100","-0.1300","86.0000","33.0700","31.1800","0.9800","23.0000","82.6800","0.9100","-0.1500","94.0000","26.7700","1548.2700","1.2300","11.0000","92.1300","49.6500","0.3400","21.0000","84.2500","0.8200","1.0000","15.0000","88.9800","2.0000","0.3400","38.0000","70.8700","439715.0900","-0.3500","73.0000","43.3100","219857.5500","-0.7400","104.0000","18.9000","1.6400","0.0900","44.0000","66.1400","0.8200","1.0800","21.0000","84.2500","0.3000","32.0000","75.5900","-0.3900","-0.9600","-0.7500","-0.4600","-0.7500","1.1800","0.3093","-0.5100","-0.7900","-0.1200","-0.6900","-0.5400","-0.3900","-0.7500","43.3100","29.9200","27.5600","38.5800","26.7700","88.9800","100.0000","44.0900","29.9200","55.1200","29.9200","40.9400","41.7300","26.7700","127","4/1/2025 16:37","8","3","2.6700","0.7300","0.2700","92.0000","79.0000","93.0000","89.0000","87.0000","-0.7800","-0.4232","-0.6400","-0.6200","-0.5500","28.3500","38.5800","27.5600","30.7100","32.2800","13","0","30.7100","89.0000","-0.8800","0.0000","30.7100","89.0000","-0.8900","0","30.7100","89.0000","-0.9600","1","52.7600","61.0000","-0.2500","0.0900","53.5400","60.0000","-0.1500","1","58.2700","54.0000","-0.3800","0.0000","30.7100","89.0000","-1.0800","0.0900","62.9900","48.0000","0.1700","0.0000","98.4300","3.0000","-0.1200","0","98.4300","3.0000","-0.1200","0.0000","98.4300","3.0000","-0.1100","0","98.4300","3.0000","-0.1300","7","0","0"
"AAD2023.06.02752","276","2226","21","University of Hawai'i - Manoa","Physics and Astronomy, Department of","Astronomy and Astrophysics","18","67.0000","378","69.0000","16","72.0000","23.6300","58.0000","9301","78.0000","17","68.0000","1.0000","1.0000","7","85.0000","21","79.0000","10317907.0000","64.0000","17","75.0000","9","73.0000","19","1.0000","3","22.0000","17","25","0","18","20","0.1700","1.0100","20.0000","85.0400","1.0600","5.8300","1.0000","100.0000","0.8900","-0.3000","93.0000","27.5600","21.0000","0.0500","64.0000","50.3900","0.9400","0.1400","83.0000","35.4300","516.7200","-0.4300","78.0000","39.3700","24.6100","-0.3500","90.0000","29.9200","0.3900","-0.7200","98.0000","23.6200","1.1700","-0.4400","84.0000","34.6500","573217.0600","-0.0600","56.0000","56.6900","491328.9000","1.0500","16.0000","88.1900","0.9400","-0.4300","74.0000","42.5200","0.5000","-0.1400","72.0000","44.0900","0.1000","44.0000","66.1400","-0.3900","0.5800","-0.2900","-0.6300","-0.3500","0.2000","0.3093","-0.5300","3.9400","-0.5400","-0.3600","-0.5600","-0.3100","-0.2900","43.3100","83.4600","47.2400","33.8600","44.0900","55.1200","100.0000","41.7300","100.0000","39.3700","50.3900","38.5800","46.4600","48.0300","127","4/1/2025 16:37","80","10","8.0000","4.4400","0.5600","53.0000","19.0000","31.0000","18.0000","25.0000","0.0200","0.5862","0.2100","0.9500","0.7800","59.0600","85.8300","76.3800","86.6100","81.1000","13","0","30.7100","89.0000","-0.8800","0.0000","30.7100","89.0000","-0.8900","0","30.7100","89.0000","-0.9600","2","59.8400","52.0000","-0.2100","0.1100","57.4800","55.0000","-0.1300","1","58.2700","54.0000","-0.3800","0.0000","30.7100","89.0000","-1.0800","0.0600","53.5400","60.0000","-0.2200","0.0000","98.4300","3.0000","-0.1200","0","98.4300","3.0000","-0.1200","0.0000","98.4300","3.0000","-0.1100","0","98.4300","3.0000","-0.1300","7","0","0"
"AAD2023.06.02752","281","2359","21","University of Iowa, The","Physics and Astronomy, Department of","Astronomy and Astrophysics","24","47.0000","820","28.0000","24","47.0000","34.1700","18.0000","19220","54.0000","23","47.0000","0.9600","117.0000","17","40.0000","48","52.0000","17590647.0000","46.0000","26","64.0000","15","47.0000","3","41.0000","3","22.0000","17","25","0","18","20","0.1300","0.5300","30.0000","77.1700","0.1300","-0.0300","49.0000","62.2000","1.0000","0.6600","1.0000","100.0000","34.1700","1.2500","12.0000","91.3400","0.9600","0.2600","72.0000","44.0900","800.8300","0.0300","56.0000","56.6900","23.4400","-0.3800","96.0000","25.2000","0.7100","0.5600","49.0000","62.2000","2.0000","0.3400","38.0000","70.8700","732943.6300","0.3000","44.0000","66.1400","366471.8100","0.2300","55.0000","57.4800","1.0800","-0.3200","69.0000","46.4600","0.6300","0.3400","52.0000","59.8400","0.0000","55.0000","57.4800","0.1000","0.5800","0.1100","0.2500","0.1800","1.1700","-0.9075","-0.3300","-0.0400","0.0000","0.0800","0.1900","0.7000","0.1000","63.7800","83.4600","63.7800","69.2900","63.7800","86.6100","8.6600","50.3900","68.5000","58.2700","64.5700","59.8400","78.7400","63.7800","127","4/1/2025 16:37","103","18","5.7200","4.2900","0.7500","19.0000","29.0000","23.0000","21.0000","5.0000","0.9400","0.1544","0.4800","0.8900","1.7000","85.8300","77.9500","82.6800","84.2500","96.8500","13","4","81.1000","25.0000","0.5000","0.1700","83.4600","22.0000","0.6000","3","80.3100","26.0000","0.4400","7","77.1700","30.0000","-0.0400","0.2900","74.0200","34.0000","-0.0200","5","88.1900","16.0000","1.1300","0.1300","79.5300","27.0000","0.6100","0.2100","91.3400","12.0000","1.4900","0.0000","98.4300","3.0000","-0.1200","0","98.4300","3.0000","-0.1200","0.0000","98.4300","3.0000","-0.1100","0","98.4300","3.0000","-0.1300","7","0","0"
"AAD2023.06.02752","282","2425","21","University of Kansas, The","Physics and Astronomy, Department of","Astronomy and Astrophysics","27","39.0000","923","24.0000","27","33.0000","34.1900","17.0000","26830","37.0000","27","35.0000","1.0000","1.0000","20","34.0000","52","46.0000","14457309.0000","55.0000","33","53.0000","15","47.0000","3","41.0000","2","38.0000","17","25","0","18","20","0.0700","-0.0700","53.0000","59.0600","0.1100","-0.1200","54.0000","58.2700","1.0000","0.6600","1.0000","100.0000","34.1900","1.2500","11.0000","92.1300","1.0000","0.6100","1.0000","100.0000","993.7000","0.3400","44.0000","66.1400","29.0700","-0.2200","68.0000","47.2400","0.7400","0.6900","36.0000","72.4400","1.9300","0.2700","46.0000","64.5700","535455.8900","-0.1400","64.0000","50.3900","278025.1700","-0.3600","81.0000","37.0100","1.2200","-0.2200","62.0000","51.9700","0.5600","0.0700","65.0000","49.6100","0.2000","40.0000","69.2900","0.1000","0.0600","0.3700","0.5100","0.3700","1.1700","0.3093","-0.1700","-0.0400","0.4200","-0.1100","0.3000","0.9300","0.2900","63.7800","70.8700","73.2300","74.0200","74.8000","87.4000","100.0000","59.0600","68.5000","71.6500","57.4800","64.5700","81.8900","70.0800","127","4/1/2025 16:37","274","14","19.5700","10.1500","0.5200","29.0000","5.0000","8.0000","1.0000","33.0000","0.4800","2.7772","2.4900","3.3600","0.6100","77.9500","96.8500","94.4900","100.0000","74.8000","13","2","62.2000","49.0000","-0.1900","0.0700","49.6100","65.0000","-0.2300","2","64.5700","46.0000","-0.0200","11","84.2500","21.0000","0.1000","0.4100","83.4600","22.0000","0.0500","2","69.2900","40.0000","-0.0100","0.0700","51.1800","63.0000","-0.0800","0.0700","56.6900","56.0000","-0.0100","0.0000","98.4300","3.0000","-0.1200","0","98.4300","3.0000","-0.1200","0.0000","98.4300","3.0000","-0.1100","0","98.4300","3.0000","-0.1300","7","0","0"
"AAD2023.06.02752","287","2459","21","University of Maine, The","Physics and Astronomy, Department of","Astronomy and Astrophysics","12","92.0000","70","105.0000","11","91.0000","6.3600","116.0000","1913","104.0000","11","91.0000","1.0000","1.0000","7","85.0000","15","91.0000","6563891.0000","80.0000","10","84.0000","5","85.0000","8","14.0000","1","62.0000","17","25","0","18","20","0.0800","0.0400","49.0000","62.2000","0.6700","3.3800","2.0000","99.2100","0.9200","-0.0600","83.0000","35.4300","5.8300","-1.3300","115.0000","10.2400","0.9200","-0.0900","91.0000","29.1300","159.4200","-1.0000","106.0000","17.3200","27.3300","-0.2700","76.0000","40.9400","0.5800","0.0600","71.0000","44.8800","1.2500","-0.3600","76.0000","40.9400","546990.9200","-0.1100","60.0000","53.5400","437592.7300","0.7000","28.0000","78.7400","0.8300","-0.5100","80.0000","37.8000","0.4200","-0.4600","89.0000","30.7100","-0.8000","97.0000","24.4100","-0.7200","-0.4500","-0.6900","-0.6300","-0.6800","-1.3800","0.3093","-0.6800","1.2000","-0.9400","-0.5900","-0.7300","-1.0200","-0.6900","33.8600","51.9700","29.1300","33.8600","29.1300","9.4500","100.0000","34.6500","89.7600","18.9000","37.8000","29.1300","18.1100","28.3500","127","4/1/2025 16:37","9","6","1.5000","0.7500","0.5000","75.0000","106.0000","91.0000","88.0000","35.0000","-0.4400","-0.6447","-0.6300","-0.6100","0.5200","41.7300","17.3200","29.1300","31.5000","73.2300","13","0","30.7100","89.0000","-0.8800","0.0000","30.7100","89.0000","-0.8900","0","30.7100","89.0000","-0.9600","2","59.8400","52.0000","-0.2100","0.1700","64.5700","46.0000","-0.1000","1","58.2700","54.0000","-0.3800","0.0000","30.7100","89.0000","-1.0800","0.0800","59.8400","52.0000","0.0900","0.0000","98.4300","3.0000","-0.1200","0","98.4300","3.0000","-0.1200","0.0000","98.4300","3.0000","-0.1100","0","98.4300","3.0000","-0.1300","7","0","0"
"AAD2023.06.02752","293","2525","21","University of Massachusetts Amherst","Astronomy, Department of","Astronomy and Astrophysics","14","81.0000","381","67.0000","14","79.0000","27.2100","43.0000","18519","55.0000","14","79.0000","1.0000","1.0000","10","74.0000","26","71.0000","15742518.0000","52.0000","18","72.0000","10","66.0000","0","90.0000","0","90.0000","17","25","0","18","20","0.0000","-0.9400","90.0000","29.9200","0.0000","-0.8200","90.0000","29.9200","1.0000","0.6600","1.0000","100.0000","27.2100","0.6200","39.0000","70.0800","1.0000","0.6100","1.0000","100.0000","1322.7900","0.8700","22.0000","83.4600","48.6100","0.3100","22.0000","83.4600","0.7100","0.5800","45.0000","65.3500","1.8600","0.2100","48.0000","62.9900","1124465.5700","1.1600","20.0000","85.0400","605481.4600","1.8100","5.0000","96.8500","1.2900","-0.1700","61.0000","52.7600","0.7100","0.6800","34.0000","74.0200","0.5000","20.0000","85.0400","-0.3100","-0.9600","-0.4900","-0.3700","-0.4900","0.5300","0.3093","-0.5100","-0.7900","-0.0400","-0.0300","-0.4200","-0.3100","-0.5600","48.8200","29.9200","38.5800","42.5200","38.5800","66.9300","100.0000","44.0900","29.9200","57.4800","59.8400","44.8800","48.0300","37.0100","127","4/1/2025 16:37","12","7","1.7100","0.8600","0.5000","68.0000","105.0000","87.0000","85.0000","35.0000","-0.3300","-0.6050","-0.5900","-0.5600","0.5200","47.2400","18.1100","32.2800","33.8600","73.2300","13","1","49.6100","65.0000","-0.5300","0.0700","47.2400","68.0000","-0.2500","1","49.6100","65.0000","-0.4900","0","44.8800","71.0000","-0.2800","0.0000","44.8800","71.0000","-0.2000","0","44.8800","71.0000","-0.7600","0.0700","48.8200","66.0000","-0.1100","0.0000","44.8800","71.0000","-0.8400","0.0000","98.4300","3.0000","-0.1200","0","98.4300","3.0000","-0.1200","0.0000","98.4300","3.0000","-0.1100","0","98.4300","3.0000","-0.1300","7","0","0"
"AAD2023.06.02752","302","2637","21","University of Mississippi, The","Physics and Astronomy, Department of","Astronomy and Astrophysics","15","79.0000","348","73.0000","12","87.0000","29.0000","33.0000","29989","30.0000","12","85.0000","1.0000","1.0000","6","91.0000","8","98.0000","3230043.0000","93.0000","11","81.0000","8","78.0000","0","90.0000","0","90.0000","17","25","0","18","20","0.0000","-0.9400","90.0000","29.9200","0.0000","-0.8200","90.0000","29.9200","0.8000","-1.0700","110.0000","14.1700","23.2000","0.2500","56.0000","56.6900","0.8000","-1.0700","113.0000","11.8100","1999.2700","1.9600","7.0000","95.2800","86.1800","1.3300","3.0000","98.4300","0.4000","-0.6800","95.0000","25.9800","0.5300","-1.0400","108.0000","15.7500","215336.2000","-0.8500","100.0000","22.0500","403755.3800","0.4700","37.0000","71.6500","0.7300","-0.5900","86.0000","33.0700","0.5300","-0.0100","69.0000","46.4600","-0.5000","87.0000","32.2800","-0.4700","-0.9600","-0.6200","-0.7200","-0.6200","0.7000","0.3093","-0.6600","-0.7900","0.5900","-0.7900","-0.9300","-0.3800","-0.4900","39.3700","29.9200","33.8600","29.1300","32.2800","74.8000","100.0000","37.0100","29.9200","77.1700","27.5600","23.6200","43.3100","38.5800","127","4/1/2025 16:37","15","6","2.5000","1.0000","0.4000","75.0000","82.0000","79.0000","75.0000","61.0000","-0.4400","-0.4554","-0.5600","-0.5000","0.0500","41.7300","36.2200","38.5800","41.7300","52.7600","13","0","30.7100","89.0000","-0.8800","0.0000","30.7100","89.0000","-0.8900","0","30.7100","89.0000","-0.9600","0","44.8800","71.0000","-0.2800","0.0000","44.8800","71.0000","-0.2000","0","44.8800","71.0000","-0.7600","0.0000","30.7100","89.0000","-1.0800","0.0000","44.8800","71.0000","-0.8400","0.0000","98.4300","3.0000","-0.1200","0","98.4300","3.0000","-0.1200","0.0000","98.4300","3.0000","-0.1100","0","98.4300","3.0000","-0.1300","7","0","0"
"AAD2023.06.02752","311","2743","21","University of Nevada, Las Vegas","Physics and Astronomy, Department of","Astronomy and Astrophysics","23","48.0000","549","54.0000","21","54.0000","26.1400","50.0000","30415","29.0000","22","48.0000","1.0000","1.0000","10","74.0000","19","82.0000","7301400.0000","75.0000","9","89.0000","6","82.0000","4","31.0000","4","15.0000","17","25","0","18","20","0.1700","1.1000","17.0000","87.4000","0.1700","0.2800","37.0000","71.6500","0.9100","-0.0900","85.0000","33.8600","23.8700","0.3100","54.0000","58.2700","0.9600","0.2400","73.0000","43.3100","1322.3900","0.8700","23.0000","82.6800","55.4000","0.4900","14.0000","89.7600","0.4300","-0.5400","93.0000","27.5600","0.8300","-0.7700","99.0000","22.8300","317452.1700","-0.6200","82.0000","36.2200","384284.2100","0.3400","47.0000","63.7800","0.3900","-0.8400","102.0000","20.4700","0.2600","-1.0500","106.0000","17.3200","-0.5000","87.0000","32.2800","-0.6400","1.0900","0.0400","-0.3700","-0.0200","0.4300","0.3093","-0.7000","0.2100","0.6100","-0.5400","-0.6200","0.0800","0.0300","36.2200","88.9800","62.9900","42.5200","58.2700","61.4200","100.0000","30.7100","76.3800","77.9500","41.7300","36.2200","58.2700","62.9900","127","4/1/2025 16:37","175","5","35.0000","7.6100","0.2200","82.0000","1.0000","14.0000","9.0000","99.0000","-0.5500","5.6991","1.3300","2.2900","-0.8100","36.2200","100.0000","89.7600","93.7000","22.8300","13","3","69.2900","40.0000","0.1600","0.1300","74.0200","34.0000","0.2800","3","80.3100","26.0000","0.4400","2","59.8400","52.0000","-0.2100","0.0900","52.7600","61.0000","-0.1500","1","58.2700","54.0000","-0.3800","0.1300","81.8900","24.0000","0.6800","0.0400","50.3900","64.0000","-0.3600","0.0000","98.4300","3.0000","-0.1200","0","98.4300","3.0000","-0.1200","0.0000","98.4300","3.0000","-0.1100","0","98.4300","3.0000","-0.1300","7","0","0"
"AAD2023.06.02752","314","2807","21","University of New Mexico, The","Physics and Astronomy, Department of","Astronomy and Astrophysics","44","13.0000","854","26.0000","44","10.0000","19.4100","72.0000","22915","40.0000","44","10.0000","1.0000","1.0000","31","13.0000","86","15.0000","30868018.0000","23.0000","34","51.0000","21","26.0000","3","41.0000","2","38.0000","17","25","0","18","20","0.0500","-0.4100","77.0000","40.1600","0.0700","-0.3900","68.0000","47.2400","1.0000","0.6600","1.0000","100.0000","19.4100","-0.0900","68.0000","47.2400","1.0000","0.6100","1.0000","100.0000","520.8000","-0.4200","77.0000","40.1600","26.8300","-0.2900","78.0000","39.3700","0.7000","0.5500","50.0000","61.4200","1.9500","0.3000","43.0000","66.9300","701545.8600","0.2300","49.0000","62.2000","358930.4400","0.1800","59.0000","54.3300","0.7700","-0.5600","84.0000","34.6500","0.4800","-0.2300","77.0000","40.1600","-0.2000","67.0000","48.0300","0.5800","0.0600","1.4900","1.4800","1.5000","-0.1800","0.3093","-0.1500","-0.0400","0.2000","0.8900","1.2500","0.7800","1.4000","80.3200","70.8700","92.9100","90.5500","92.9100","44.0900","100.0000","60.6300","68.5000","69.2900","82.6800","88.9800","80.3200","90.5500","127","4/1/2025 16:37","355","26","13.6500","8.0700","0.5900","6.0000","11.0000","2.0000","7.0000","21.0000","1.8600","1.6561","3.4400","2.4800","0.9500","96.0600","92.1300","99.2100","95.2800","84.2500","13","4","81.1000","25.0000","0.5000","0.0900","55.1200","58.0000","-0.0800","3","80.3100","26.0000","0.4400","62","99.2100","2.0000","1.8500","1.4100","99.2100","2.0000","0.6600","9","98.4300","3.0000","2.6400","0.0700","48.0300","67.0000","-0.1600","0.2000","90.5500","13.0000","1.4400","0.0200","99.2100","2.0000","6.6600","1","99.2100","2.0000","4.9400","0.0200","99.2100","2.0000","3.8500","1","100.0000","1.0000","7.8700","7","0","0"
"AAD2023.06.02752","319","2878","21","University of North Dakota, The","Physics and Astrophysics, Department of","Astronomy and Astrophysics","6","113.0000","53","113.0000","5","112.0000","10.6000","106.0000","1527","106.0000","5","111.0000","1.0000","1.0000","1","111.0000","1","117.0000","615546.0000","111.0000","0","119.0000","0","119.0000","0","90.0000","0","90.0000","17","25","0","18","20","0.0000","-0.9400","90.0000","29.9200","0.0000","-0.8200","90.0000","29.9200","0.8300","-0.7800","106.0000","17.3200","8.8300","-1.0500","107.0000","16.5400","0.8300","-0.7900","106.0000","17.3200","254.5000","-0.8500","96.0000","25.2000","28.8100","-0.2300","71.0000","44.8800","0.1700","-1.6100","113.0000","11.8100","0.1700","-1.3900","116.0000","9.4500","102591.0000","-1.0900","113.0000","11.8100","615546.0000","1.8800","4.0000","97.6400","0.0000","-1.1300","119.0000","7.0900","0.0000","-2.0500","119.0000","7.0900","-0.8000","97.0000","24.4100","-1.1200","-0.9600","-1.0800","-1.1600","-1.0800","-0.9900","0.3093","-0.9000","-0.7900","-0.9600","-0.9500","-1.1200","-1.0600","-1.0800","7.0900","29.9200","13.3900","13.3900","12.6000","17.3200","100.0000","7.0900","29.9200","17.3200","13.3900","8.6600","11.8100","11.8100","127","4/1/2025 16:37","1","1","1.0000","0.1700","0.1700","105.0000","110.0000","113.0000","113.0000","106.0000","-1.0100","-0.7394","-0.7200","-0.8600","-1.0500","18.1100","14.1700","11.8100","11.8100","17.3200","13","1","49.6100","65.0000","-0.5300","0.1700","83.4600","22.0000","0.6000","1","49.6100","65.0000","-0.4900","0","44.8800","71.0000","-0.2800","0.0000","44.8800","71.0000","-0.2000","0","44.8800","71.0000","-0.7600","0.1700","88.1900","16.0000","1.1700","0.0000","44.8800","71.0000","-0.8400","0.0000","98.4300","3.0000","-0.1200","0","98.4300","3.0000","-0.1200","0.0000","98.4300","3.0000","-0.1100","0","98.4300","3.0000","-0.1300","7","0","0"
"AAD2023.06.02752","31","2886","21","California Institute of Technology","Astronomy, Department of","Astronomy and Astrophysics","39","19.0000","1622","1.0000","39","17.0000","41.5900","4.0000","90901","1.0000","39","19.0000","1.0000","1.0000","36","7.0000","151","2.0000","76916173.0000","1.0000","162","3.0000","35","10.0000","5","23.0000","4","15.0000","17","25","0","18","20","0.1000","0.2600","43.0000","66.9300","0.1300","-0.0100","48.0000","62.9900","1.0000","0.6600","1.0000","100.0000","41.5900","1.9300","4.0000","97.6400","1.0000","0.6100","1.0000","100.0000","2330.7900","2.4900","4.0000","97.6400","56.0400","0.5100","13.0000","90.5500","0.9200","1.4200","2.0000","99.2100","3.8700","2.1100","4.0000","97.6400","1972209.5600","3.0300","2.0000","99.2100","509378.6300","1.1700","14.0000","89.7600","4.1500","1.9700","7.0000","95.2800","0.9000","1.3800","7.0000","95.2800","1.2000","1.0000","100.0000","1.7200","1.0900","1.1600","1.9300","1.1700","1.8500","0.3093","2.6800","0.4500","3.9200","3.6800","3.0600","2.5300","1.0800","92.9100","88.9800","85.8300","95.2800","87.4000","97.6400","100.0000","98.4300","82.6800","100.0000","100.0000","99.2100","100.0000","85.8300","127","4/1/2025 16:37","168","29","5.7900","4.3100","0.7400","5.0000","28.0000","15.0000","20.0000","9.0000","2.2000","0.1677","1.2400","0.8900","1.6700","96.8500","78.7400","88.9800","85.0400","93.7000","13","4","81.1000","25.0000","0.5000","0.1000","62.2000","49.0000","0.0300","4","87.4000","17.0000","0.9100","5","71.6500","37.0000","-0.1100","0.1300","58.2700","54.0000","-0.1200","4","81.1000","25.0000","0.7500","0.1000","66.1400","44.0000","0.3100","0.1000","64.5700","46.0000","0.3000","0.0000","98.4300","3.0000","-0.1200","0","98.4300","3.0000","-0.1200","0.0000","98.4300","3.0000","-0.1100","0","98.4300","3.0000","-0.1300","7","0","0"
"AAD2023.06.02752","324","2970","21","University of Oklahoma","Physics and Astronomy, Department of","Astronomy and Astrophysics","28","36.0000","618","48.0000","28","32.0000","22.0700","63.0000","19911","50.0000","28","33.0000","1.0000","1.0000","15","50.0000","37","63.0000","8974749.0000","68.0000","23","67.0000","13","54.0000","2","53.0000","2","38.0000","17","25","0","18","20","0.0700","-0.1000","54.0000","58.2700","0.0700","-0.3700","64.0000","50.3900","1.0000","0.6600","1.0000","100.0000","22.0700","0.1500","60.0000","53.5400","1.0000","0.6100","1.0000","100.0000","711.1100","-0.1100","63.0000","51.1800","32.2200","-0.1400","58.0000","55.1200","0.5400","-0.1300","81.0000","37.0100","1.3200","-0.3000","72.0000","44.0900","320526.7500","-0.6100","81.0000","37.0100","242560.7800","-0.5900","94.0000","26.7700","0.8200","-0.5200","81.0000","37.0100","0.4600","-0.2800","79.0000","38.5800","-0.3000","73.0000","43.3100","-0.0700","0.0600","0.4300","0.0700","0.4400","0.0600","0.3093","-0.3900","-0.2900","0.0400","-0.4400","-0.1200","0.2400","0.3600","58.2700","70.8700","74.8000","61.4200","75.5900","51.1800","100.0000","48.0300","59.0600","61.4200","47.2400","51.1800","62.9900","72.4400","127","4/1/2025 16:37","41","11","3.7300","1.4600","0.3900","47.0000","57.0000","51.0000","60.0000","65.0000","0.1300","-0.2224","-0.2500","-0.3100","0.0200","63.7800","55.9100","60.6300","53.5400","49.6100","13","1","49.6100","65.0000","-0.5300","0.0400","32.2800","87.0000","-0.5700","1","49.6100","65.0000","-0.4900","11","84.2500","21.0000","0.1000","0.3900","82.6800","23.0000","0.0400","3","75.5900","32.0000","0.3700","0.0400","32.2800","87.0000","-0.5900","0.1100","66.1400","44.0000","0.3600","0.0000","98.4300","3.0000","-0.1200","0","98.4300","3.0000","-0.1200","0.0000","98.4300","3.0000","-0.1100","0","98.4300","3.0000","-0.1300","7","0","0"
"AAD2023.06.02752","332","3075","21","University of South Carolina","Physics and Astronomy, Department of","Astronomy and Astrophysics","23","48.0000","286","80.0000","23","48.0000","12.4300","94.0000","6669","86.0000","22","48.0000","0.9600","118.0000","13","60.0000","22","76.0000","8595692.0000","71.0000","15","77.0000","9","73.0000","6","21.0000","3","22.0000","17","25","0","18","20","0.1300","0.5900","29.0000","77.9500","0.2600","0.8200","24.0000","81.8900","1.0000","0.6600","1.0000","100.0000","12.4300","-0.7300","90.0000","29.9200","0.9600","0.2400","73.0000","43.3100","289.9600","-0.7900","94.0000","26.7700","23.3200","-0.3800","97.0000","24.4100","0.5700","-0.0100","74.0000","42.5200","0.9600","-0.6400","92.0000","28.3500","373725.7400","-0.5000","77.0000","40.1600","390713.2700","0.3900","42.0000","67.7200","0.6500","-0.6500","89.0000","30.7100","0.3900","-0.5500","91.0000","29.1300","-0.4000","81.0000","37.0100","-0.3900","0.5800","0.0400","-0.1000","0.1100","-0.8300","-0.9604","-0.5700","0.7000","-0.6800","-0.4600","-0.5400","-0.5200","0.0300","43.3100","83.4600","62.9900","53.5400","62.9900","26.7700","7.8700","40.1600","84.2500","33.0700","44.8800","40.9400","37.8000","62.9900","127","4/1/2025 16:37","27","10","2.7000","1.1700","0.4300","53.0000","78.0000","68.0000","68.0000","53.0000","0.0200","-0.4175","-0.4200","-0.4300","0.2100","59.0600","39.3700","47.2400","47.2400","59.0600","13","1","49.6100","65.0000","-0.5300","0.0400","33.8600","85.0000","-0.5000","1","49.6100","65.0000","-0.4900","8","78.7400","28.0000","0.0000","0.3500","80.3200","26.0000","0.0100","3","75.5900","32.0000","0.3700","0.0400","34.6500","84.0000","-0.4900","0.1300","74.8000","33.0000","0.6200","0.0000","98.4300","3.0000","-0.1200","0","98.4300","3.0000","-0.1200","0.0000","98.4300","3.0000","-0.1100","0","98.4300","3.0000","-0.1300","7","0","0"
"AAD2023.06.02752","343","3177","21","University of Utah, The","Physics and Astronomy, Department of","Astronomy and Astrophysics","38","20.0000","712","37.0000","36","21.0000","19.7800","70.0000","25719","38.0000","36","21.0000","1.0000","1.0000","21","33.0000","69","25.0000","26827341.0000","30.0000","36","49.0000","20","28.0000","2","53.0000","1","62.0000","17","25","0","18","20","0.0300","-0.6300","87.0000","32.2800","0.0500","-0.4900","78.0000","39.3700","0.9500","0.2000","76.0000","40.9400","18.7400","-0.1500","70.0000","45.6700","0.9500","0.1700","81.0000","37.0100","676.8200","-0.1700","67.0000","48.0300","36.1200","-0.0300","45.0000","65.3500","0.5500","-0.0600","75.0000","41.7300","1.8200","0.1700","51.0000","60.6300","705982.6600","0.2400","47.0000","63.7800","388802.0400","0.3700","43.0000","66.9300","0.9500","-0.4300","73.0000","43.3100","0.5300","-0.0400","70.0000","45.6700","0.0000","55.0000","57.4800","0.5000","-0.4500","0.9600","0.6000","0.9700","-0.1500","0.3093","-0.1100","-0.2900","0.3600","0.6400","0.7800","0.4500","1.0100","78.7400","51.9700","84.2500","74.8000","84.2500","45.6700","100.0000","62.2000","59.0600","70.8700","77.1700","81.1000","71.6500","85.0400","127","4/1/2025 16:37","334","16","20.8800","8.7900","0.4200","21.0000","2.0000","4.0000","5.0000","55.0000","0.7100","3.0252","3.2000","2.7900","0.1500","84.2500","99.2100","97.6400","96.8500","57.4800","13","0","30.7100","89.0000","-0.8800","0.0000","30.7100","89.0000","-0.8900","0","30.7100","89.0000","-0.9600","14","87.4000","17.0000","0.2000","0.3700","81.1000","25.0000","0.0200","5","88.1900","16.0000","1.1300","0.0000","30.7100","89.0000","-1.0800","0.1300","75.5900","32.0000","0.6300","0.0000","98.4300","3.0000","-0.1200","0","98.4300","3.0000","-0.1200","0.0000","98.4300","3.0000","-0.1100","0","98.4300","3.0000","-0.1300","7","0","0"
"AAD2023.06.02752","346","3244","21","University of Washington","Astronomy, Department of","Astronomy and Astrophysics","16","76.0000","401","65.0000","16","72.0000","25.0600","56.0000","20389","49.0000","16","73.0000","1.0000","1.0000","14","54.0000","43","56.0000","19806726.0000","43.0000","41","42.0000","10","66.0000","5","23.0000","4","15.0000","17","25","0","18","20","0.2500","1.9900","5.0000","96.8500","0.3100","1.1500","13.0000","90.5500","1.0000","0.6600","1.0000","100.0000","25.0600","0.4200","53.0000","59.0600","1.0000","0.6100","1.0000","100.0000","1274.3100","0.7900","24.0000","81.8900","50.8500","0.3700","18.0000","86.6100","0.8800","1.2300","8.0000","94.4900","2.6900","0.9900","18.0000","86.6100","1237920.3800","1.4100","12.0000","91.3400","460621.5300","0.8500","24.0000","81.8900","2.5600","0.7800","22.0000","83.4600","0.6300","0.3400","52.0000","59.8400","0.7000","9.0000","93.7000","-0.3100","1.0900","-0.3600","-0.0200","-0.3500","0.3300","0.3093","0.0000","0.4500","0.0700","0.2200","0.0500","-0.2600","-0.4200","48.8200","88.9800","43.3100","58.2700","44.0900","56.6900","100.0000","67.7200","82.6800","62.2000","66.9300","56.6900","49.6100","40.9400","127","4/1/2025 16:37","29","6","4.8300","1.8100","0.3800","75.0000","38.0000","65.0000","50.0000","71.0000","-0.4400","-0.0141","-0.3900","-0.1600","-0.0700","41.7300","70.8700","49.6100","61.4200","44.8800","13","1","49.6100","65.0000","-0.5300","0.0600","43.3100","73.0000","-0.3300","1","49.6100","65.0000","-0.4900","0","44.8800","71.0000","-0.2800","0.0000","44.8800","71.0000","-0.2000","0","44.8800","71.0000","-0.7600","0.0600","44.0900","72.0000","-0.2300","0.0000","44.8800","71.0000","-0.8400","0.0000","98.4300","3.0000","-0.1200","0","98.4300","3.0000","-0.1200","0.0000","98.4300","3.0000","-0.1100","0","98.4300","3.0000","-0.1300","7","0","0"
"AAD2023.06.02752","346","3258","21","University of Washington","Earth and Space Sciences, Department of","Astronomy and Astrophysics","27","39.0000","318","78.0000","27","33.0000","11.7800","98.0000","8488","79.0000","27","35.0000","1.0000","1.0000","23","24.0000","79","20.0000","24306248.0000","36.0000","41","42.0000","16","43.0000","10","9.0000","3","22.0000","17","25","0","18","20","0.1100","0.3600","36.0000","72.4400","0.3700","1.5200","10.0000","92.9100","1.0000","0.6600","1.0000","100.0000","11.7800","-0.7900","94.0000","26.7700","1.0000","0.6100","1.0000","100.0000","314.3700","-0.7500","92.0000","28.3500","26.6900","-0.2900","79.0000","38.5800","0.8500","1.1400","10.0000","92.9100","2.9300","1.2200","15.0000","88.9800","900231.4100","0.6600","32.0000","75.5900","307674.0300","-0.1600","74.0000","42.5200","1.5200","0.0000","52.0000","59.8400","0.5900","0.2200","61.0000","52.7600","0.0000","55.0000","57.4800","0.1800","0.5800","0.3700","0.7800","0.3700","-0.8900","0.3093","0.0000","1.7000","-0.5800","0.4900","1.0500","-0.4500","0.2900","66.9300","83.4600","73.2300","81.8900","74.8000","23.6200","100.0000","67.7200","93.7000","38.5800","72.4400","85.0400","39.3700","70.0800","127","4/1/2025 16:37","114","20","5.7000","4.2200","0.7400","13.0000","30.0000","20.0000","22.0000","10.0000","1.1700","0.1506","0.6100","0.8600","1.6600","90.5500","77.1700","85.0400","83.4600","92.9100","13","2","62.2000","49.0000","-0.1900","0.0700","49.6100","65.0000","-0.2300","2","64.5700","46.0000","-0.0200","2","59.8400","52.0000","-0.2100","0.0700","51.1800","63.0000","-0.1600","1","58.2700","54.0000","-0.3800","0.0700","51.1800","63.0000","-0.0800","0.0400","48.0300","67.0000","-0.4300","0.0000","98.4300","3.0000","-0.1200","0","98.4300","3.0000","-0.1200","0.0000","98.4300","3.0000","-0.1100","0","98.4300","3.0000","-0.1300","7","0","0"
"AAD2023.06.02752","349","3359","21","University of Wyoming","Physics and Astronomy, Department of","Astronomy and Astrophysics","14","81.0000","303","79.0000","13","80.0000","23.3100","60.0000","12146","70.0000","13","80.0000","1.0000","1.0000","7","85.0000","18","89.0000","7203618.0000","77.0000","4","104.0000","4","98.0000","1","73.0000","1","62.0000","17","25","0","18","20","0.0700","-0.1000","54.0000","58.2700","0.0700","-0.3700","64.0000","50.3900","0.9300","0.0400","80.0000","37.8000","21.6400","0.1100","61.0000","52.7600","0.9300","0.0100","88.0000","31.5000","867.5700","0.1400","51.0000","60.6300","40.0900","0.0800","38.0000","70.8700","0.5000","-0.2700","84.0000","34.6500","1.2900","-0.3300","75.0000","41.7300","514544.1400","-0.1900","66.0000","48.8200","400201.0000","0.4500","39.0000","70.0800","0.2900","-0.9200","110.0000","14.1700","0.2900","-0.9600","103.0000","19.6900","-0.4000","81.0000","37.0100","-0.8000","-0.4500","-0.5500","-0.6300","-0.5500","0.1700","0.3093","-0.8200","-0.5400","-0.3800","-0.5500","-0.6500","-0.4800","-0.5600","23.6200","51.9700","37.8000","33.8600","37.8000","53.5400","100.0000","18.9000","43.3100","45.6700","40.1600","30.7100","38.5800","37.0100","127","4/1/2025 16:37","4","3","1.3300","0.2900","0.2100","92.0000","108.0000","98.0000","105.0000","100.0000","-0.7800","-0.6769","-0.6900","-0.8100","-0.8300","28.3500","15.7500","23.6200","18.1100","22.0500","13","2","62.2000","49.0000","-0.1900","0.1400","77.9500","29.0000","0.3900","2","64.5700","46.0000","-0.0200","0","44.8800","71.0000","-0.2800","0.0000","44.8800","71.0000","-0.2000","0","44.8800","71.0000","-0.7600","0.1400","85.8300","19.0000","0.8500","0.0000","44.8800","71.0000","-0.8400","0.0000","98.4300","3.0000","-0.1200","0","98.4300","3.0000","-0.1200","0.0000","98.4300","3.0000","-0.1100","0","98.4300","3.0000","-0.1300","7","0","0"
"AAD2023.06.02752","359","3566","21","Wayne State University","Physics and Astronomy, Department of","Astronomy and Astrophysics","28","36.0000","785","31.0000","26","38.0000","30.1900","27.0000","22118","42.0000","24","45.0000","0.9200","120.0000","16","44.0000","37","63.0000","21782915.0000","40.0000","26","64.0000","13","54.0000","2","53.0000","1","62.0000","17","25","0","18","20","0.0400","-0.5200","83.0000","35.4300","0.0700","-0.3700","64.0000","50.3900","0.9300","0.0400","80.0000","37.8000","28.0400","0.6900","33.0000","74.8000","0.8600","-0.5900","100.0000","22.0500","789.9300","0.0100","57.0000","55.9100","28.1800","-0.2500","74.0000","42.5200","0.5700","0.0100","73.0000","43.3100","1.3200","-0.3000","72.0000","44.0900","777961.2500","0.3900","40.0000","69.2900","588727.4300","1.7000","7.0000","95.2800","0.9300","-0.4400","75.0000","41.7300","0.4600","-0.2800","79.0000","38.5800","-0.2000","67.0000","48.0300","-0.0700","-0.4500","0.1700","0.1600","0.3100","0.8100","-1.9371","-0.3300","-0.2900","0.1600","0.3400","-0.1200","0.6200","0.3600","58.2700","51.9700","65.3500","66.1400","70.8700","79.5300","6.3000","50.3900","59.0600","67.7200","69.2900","51.1800","76.3800","72.4400","127","4/1/2025 16:37","18","8","2.2500","0.6400","0.2900","65.0000","88.0000","76.0000","92.0000","84.0000","-0.2100","-0.5027","-0.5200","-0.6500","-0.4900","49.6100","31.5000","40.9400","28.3500","34.6500","13","0","30.7100","89.0000","-0.8800","0.0000","30.7100","89.0000","-0.8900","0","30.7100","89.0000","-0.9600","0","44.8800","71.0000","-0.2800","0.0000","44.8800","71.0000","-0.2000","0","44.8800","71.0000","-0.7600","0.0000","30.7100","89.0000","-1.0800","0.0000","44.8800","71.0000","-0.8400","0.0000","98.4300","3.0000","-0.1200","0","98.4300","3.0000","-0.1200","0.0000","98.4300","3.0000","-0.1100","0","98.4300","3.0000","-0.1300","7","0","0"
"AAD2023.06.02752","368","3705","21","Yale University","Astronomy, Department of","Astronomy and Astrophysics","13","86.0000","350","72.0000","13","80.0000","26.9200","45.0000","13498","69.0000","13","80.0000","1.0000","1.0000","10","74.0000","24","72.0000","5429348.0000","84.0000","56","34.0000","11","62.0000","5","23.0000","5","9.0000","17","25","0","18","20","0.3800","3.5700","2.0000","99.2100","0.3800","1.6100","9.0000","93.7000","1.0000","0.6600","1.0000","100.0000","26.9200","0.5900","40.0000","69.2900","1.0000","0.6100","1.0000","100.0000","1038.3100","0.4100","39.0000","70.0800","38.5700","0.0300","42.0000","67.7200","0.7700","0.8100","31.0000","76.3800","1.8500","0.2000","50.0000","61.4200","417642.1500","-0.4000","74.0000","42.5200","226222.8300","-0.7000","102.0000","20.4700","4.3100","2.0800","6.0000","96.0600","0.8500","1.1900","16.0000","88.1900","0.3000","32.0000","75.5900","-0.2300","1.6000","-0.5500","-0.3700","-0.5500","0.5100","0.3093","0.3400","0.4500","-0.3100","-0.6500","-0.4800","-0.3800","-0.6200","51.9700","93.7000","37.8000","42.5200","37.8000","65.3500","100.0000","74.0200","82.6800","46.4600","34.6500","44.0900","44.0900","33.0700","127","4/1/2025 16:37","13","6","2.1700","1.0000","0.4600","75.0000","91.0000","85.0000","75.0000","45.0000","-0.4400","-0.5179","-0.5800","-0.5000","0.3400","41.7300","29.1300","33.8600","41.7300","65.3500","13","0","30.7100","89.0000","-0.8800","0.0000","30.7100","89.0000","-0.8900","0","30.7100","89.0000","-0.9600","0","44.8800","71.0000","-0.2800","0.0000","44.8800","71.0000","-0.2000","0","44.8800","71.0000","-0.7600","0.0000","30.7100","89.0000","-1.0800","0.0000","44.8800","71.0000","-0.8400","0.0000","98.4300","3.0000","-0.1200","0","98.4300","3.0000","-0.1200","0.0000","98.4300","3.0000","-0.1100","0","98.4300","3.0000","-0.1300","7","0","0"
"AAD2023.06.02752","44","3859","21","Clemson University","Physics and Astronomy, Department of","Astronomy and Astrophysics","22","51.0000","407","64.0000","22","49.0000","18.5000","74.0000","10703","74.0000","22","48.0000","1.0000","1.0000","16","44.0000","74","22.0000","22295451.0000","39.0000","22","69.0000","10","66.0000","1","73.0000","1","62.0000","17","25","0","18","20","0.0500","-0.4100","77.0000","40.1600","0.0500","-0.5300","85.0000","33.8600","1.0000","0.6600","1.0000","100.0000","18.5000","-0.1700","71.0000","44.8800","1.0000","0.6100","1.0000","100.0000","486.5000","-0.4800","81.0000","37.0100","26.3000","-0.3000","81.0000","37.0100","0.7300","0.6400","40.0000","69.2900","3.3600","1.6300","8.0000","94.4900","1013429.5900","0.9100","23.0000","82.6800","301289.8800","-0.2100","76.0000","40.9400","1.0000","-0.3900","71.0000","44.8800","0.4500","-0.3100","82.0000","36.2200","-0.1000","62.0000","51.9700","-0.3100","-0.4500","0.0400","0.1600","0.0400","-0.2700","0.3093","-0.4200","-0.5400","-0.4600","0.3700","0.9200","-0.2500","-0.0300","48.8200","51.9700","62.9900","66.1400","62.2000","42.5200","100.0000","46.4600","43.3100","42.5200","70.0800","83.4600","50.3900","60.6300","127","4/1/2025 16:37","20","6","3.3300","0.9100","0.2700","75.0000","62.0000","72.0000","82.0000","87.0000","-0.4400","-0.2982","-0.5000","-0.5400","-0.5500","41.7300","51.9700","44.0900","36.2200","32.2800","13","3","69.2900","40.0000","0.1600","0.1400","76.3800","31.0000","0.3300","2","64.5700","46.0000","-0.0200","9","81.1000","25.0000","0.0300","0.4100","84.2500","21.0000","0.0500","5","88.1900","16.0000","1.1300","0.0900","58.2700","54.0000","0.1500","0.2300","93.7000","9.0000","1.7000","0.0000","98.4300","3.0000","-0.1200","0","98.4300","3.0000","-0.1200","0.0000","98.4300","3.0000","-0.1100","0","98.4300","3.0000","-0.1300","7","0","0"
"AAD2023.06.02752","51","3923","21","Cornell University","Astronomy, Department of","Astronomy and Astrophysics","21","55.0000","612","49.0000","21","54.0000","29.1400","32.0000","31581","27.0000","21","55.0000","1.0000","1.0000","14","54.0000","64","30.0000","33366417.0000","19.0000","62","31.0000","15","47.0000","4","31.0000","4","15.0000","17","25","0","18","20","0.1900","1.2900","11.0000","92.1300","0.1900","0.3800","32.0000","75.5900","1.0000","0.6600","1.0000","100.0000","29.1400","0.7900","28.0000","78.7400","1.0000","0.6100","1.0000","100.0000","1503.8600","1.1600","13.0000","90.5500","51.6000","0.3900","16.0000","88.1900","0.6700","0.3900","58.0000","55.1200","3.0500","1.3300","13.0000","90.5500","1588877.0000","2.1800","5.0000","96.8500","521350.2700","1.2500","12.0000","91.3400","2.9500","1.0700","17.0000","87.4000","0.7100","0.6800","34.0000","74.0200","0.6000","14.0000","89.7600","0.1000","1.0900","-0.0300","-0.0200","-0.0200","0.7100","0.3093","0.4700","0.2100","0.6800","1.0400","0.6400","0.2200","-0.1000","63.7800","88.9800","57.4800","58.2700","58.2700","75.5900","100.0000","76.3800","76.3800","79.5300","85.8300","77.1700","62.2000","57.4800","127","4/1/2025 16:37","86","12","7.1700","4.1000","0.5700","39.0000","24.0000","29.0000","24.0000","24.0000","0.2500","0.4290","0.2800","0.8000","0.8600","70.0800","81.8900","77.9500","81.8900","81.8900","13","2","62.2000","49.0000","-0.1900","0.1000","55.9100","57.0000","-0.0400","2","64.5700","46.0000","-0.0200","0","44.8800","71.0000","-0.2800","0.0000","44.8800","71.0000","-0.2000","0","44.8800","71.0000","-0.7600","0.1000","59.0600","53.0000","0.2100","0.0000","44.8800","71.0000","-0.8400","0.0000","98.4300","3.0000","-0.1200","0","98.4300","3.0000","-0.1200","0.0000","98.4300","3.0000","-0.1100","0","98.4300","3.0000","-0.1300","7","0","0"
"AAD2023.06.02752","55","4001","21","Dartmouth College","Physics and Astronomy, Department of","Astronomy and Astrophysics","22","51.0000","358","70.0000","22","49.0000","16.2700","80.0000","8320","81.0000","22","48.0000","1.0000","1.0000","17","40.0000","53","41.0000","28389779.0000","28.0000","42","41.0000","17","38.0000","4","31.0000","1","62.0000","17","25","0","18","20","0.0500","-0.4100","77.0000","40.1600","0.1800","0.3300","34.0000","74.0200","1.0000","0.6600","1.0000","100.0000","16.2700","-0.3800","77.0000","40.1600","1.0000","0.6100","1.0000","100.0000","378.1800","-0.6500","87.0000","32.2800","23.2400","-0.3800","99.0000","22.8300","0.7700","0.8200","30.0000","77.1700","2.4100","0.7300","29.0000","77.9500","1290444.5000","1.5300","10.0000","92.9100","535656.2100","1.3500","10.0000","92.9100","1.9100","0.2900","38.0000","70.8700","0.7700","0.9100","27.0000","79.5300","0.0000","55.0000","57.4800","0.2600","-0.4500","0.0400","0.2500","0.0400","-0.4700","0.3093","0.0300","0.2100","-0.5900","0.7400","0.3300","-0.3600","-0.0300","70.8700","51.9700","62.9900","69.2900","62.2000","37.8000","100.0000","68.5000","76.3800","37.0100","78.7400","68.5000","45.6700","60.6300","127","4/1/2025 16:37","19","7","2.7100","0.8600","0.3200","68.0000","77.0000","74.0000","84.0000","78.0000","-0.3300","-0.4156","-0.5100","-0.5600","-0.3400","47.2400","40.1600","42.5200","34.6500","39.3700","13","3","69.2900","40.0000","0.1600","0.1400","76.3800","31.0000","0.3300","3","80.3100","26.0000","0.4400","1","52.7600","61.0000","-0.2500","0.0500","48.8200","66.0000","-0.1700","1","58.2700","54.0000","-0.3800","0.1400","83.4600","22.0000","0.7600","0.0500","51.1800","63.0000","-0.3300","0.0000","98.4300","3.0000","-0.1200","0","98.4300","3.0000","-0.1200","0.0000","98.4300","3.0000","-0.1100","0","98.4300","3.0000","-0.1300","7","0","0"
"AAD2023.06.02752","71","4103","21","Florida Institute of Technology","Aerospace, Physics and Space Sciences, Department of","Astronomy and Astrophysics","30","30.0000","533","55.0000","26","38.0000","20.5000","67.0000","11374","72.0000","25","43.0000","0.9600","115.0000","9","79.0000","23","74.0000","8656075.0000","70.0000","8","91.0000","5","85.0000","2","53.0000","2","38.0000","17","25","0","18","20","0.0700","-0.1600","58.0000","55.1200","0.0700","-0.4000","70.0000","45.6700","0.8700","-0.4900","99.0000","22.8300","17.7700","-0.2400","73.0000","43.3100","0.8300","-0.7900","106.0000","17.3200","379.1300","-0.6500","86.0000","33.0700","21.3400","-0.4400","101.0000","21.2600","0.3000","-1.0800","108.0000","15.7500","0.7700","-0.8200","103.0000","19.6900","288535.8300","-0.6800","90.0000","29.9200","376351.0900","0.2900","51.0000","60.6300","0.2700","-0.9300","112.0000","12.6000","0.1700","-1.4100","113.0000","11.8100","-0.8000","97.0000","24.4100","-0.7200","0.0600","0.2400","-0.4600","0.3100","-0.0800","-0.8139","-0.7300","-0.2900","-0.4300","-0.4600","-0.5100","0.0400","0.4900","33.8600","70.8700","66.9300","38.5800","70.8700","48.0300","10.2400","29.1300","59.0600","44.0900","45.6700","42.5200","57.4800","77.1700","127","4/1/2025 16:37","40","15","2.6700","1.3300","0.5000","24.0000","79.0000","53.0000","63.0000","35.0000","0.5900","-0.4232","-0.2600","-0.3600","0.5200","81.8900","38.5800","59.0600","51.1800","73.2300","13","2","62.2000","49.0000","-0.1900","0.0700","46.4600","69.0000","-0.2900","2","64.5700","46.0000","-0.0200","1","52.7600","61.0000","-0.2500","0.0300","46.4600","69.0000","-0.1800","1","58.2700","54.0000","-0.3800","0.0700","47.2400","68.0000","-0.1800","0.0300","46.4600","69.0000","-0.4700","0.0000","98.4300","3.0000","-0.1200","0","98.4300","3.0000","-0.1200","0.0000","98.4300","3.0000","-0.1100","0","98.4300","3.0000","-0.1300","7","0","0"
"AAD2023.06.02752","79","4199","21","George Mason University","Physics and Astronomy, Department of","Astronomy and Astrophysics","52","9.0000","436","60.0000","39","17.0000","11.1800","103.0000","11324","73.0000","40","15.0000","0.9800","113.0000","22","28.0000","63","32.0000","15793648.0000","51.0000","30","54.0000","19","31.0000","7","16.0000","5","9.0000","17","25","0","18","20","0.1000","0.1900","47.0000","63.7800","0.1300","0.0300","45.0000","65.3500","0.7500","-1.5000","117.0000","8.6600","8.3800","-1.0900","109.0000","14.9600","0.7700","-1.3300","118.0000","7.8700","217.7700","-0.9100","100.0000","22.0500","25.9700","-0.3100","83.0000","35.4300","0.4200","-0.5800","94.0000","26.7700","1.2100","-0.4000","80.0000","37.8000","303724.0000","-0.6500","86.0000","33.0700","250692.8300","-0.5400","89.0000","30.7100","0.5800","-0.7000","94.0000","26.7700","0.3700","-0.6500","97.0000","24.4100","-0.9000","106.0000","17.3200","0.4200","1.6000","1.2300","0.6900","1.1700","-0.9400","-0.4030","-0.2400","0.9500","-0.4300","-0.0300","0.6100","-0.1800","1.9300","76.3800","93.7000","88.9800","78.7400","87.4000","19.6900","11.8100","58.2700","88.1900","43.3100","60.6300","75.5900","53.5400","93.7000","127","4/1/2025 16:37","58","12","4.8300","1.1200","0.2300","39.0000","38.0000","41.0000","71.0000","95.0000","0.2500","-0.0141","-0.0500","-0.4500","-0.7500","70.0800","70.8700","68.5000","44.8800","25.9800","13","3","69.2900","40.0000","0.1600","0.0600","39.3700","78.0000","-0.3700","2","64.5700","46.0000","-0.0200","2","59.8400","52.0000","-0.2100","0.0400","48.0300","67.0000","-0.1800","2","69.2900","40.0000","-0.0100","0.0400","33.0700","86.0000","-0.5600","0.0400","49.6100","65.0000","-0.4100","0.0000","98.4300","3.0000","-0.1200","0","98.4300","3.0000","-0.1200","0.0000","98.4300","3.0000","-0.1100","0","98.4300","3.0000","-0.1300","7","0","0"
"AAD2023.06.02752","83","4226","21","Georgia State University","Physics and Astronomy, Department of","Astronomy and Astrophysics","23","48.0000","323","77.0000","22","49.0000","14.6800","84.0000","4892","92.0000","22","48.0000","1.0000","1.0000","17","40.0000","39","61.0000","15139271.0000","53.0000","15","77.0000","9","73.0000","0","90.0000","0","90.0000","17","25","0","18","20","0.0000","-0.9400","90.0000","29.9200","0.0000","-0.8200","90.0000","29.9200","0.9600","0.2800","71.0000","44.8800","14.0400","-0.5800","85.0000","33.8600","0.9600","0.2400","73.0000","43.3100","212.7000","-0.9200","101.0000","21.2600","15.1500","-0.6000","111.0000","13.3900","0.7400","0.6800","37.0000","71.6500","1.7000","0.0600","58.0000","55.1200","658229.1700","0.1300","52.0000","59.8400","388186.4400","0.3700","44.0000","66.1400","0.6500","-0.6500","89.0000","30.7100","0.3900","-0.5500","91.0000","29.1300","-0.2000","67.0000","48.0300","-0.3900","-0.9600","0.0400","0.2500","0.0400","-0.6200","0.3093","-0.5700","-0.7900","-0.7800","-0.0600","-0.0600","-0.4400","0.0300","43.3100","29.9200","62.9900","69.2900","62.2000","34.6500","100.0000","40.1600","29.9200","28.3500","59.0600","52.7600","40.1600","62.9900","127","4/1/2025 16:37","39","12","3.2500","1.7000","0.5200","39.0000","64.0000","55.0000","54.0000","32.0000","0.2500","-0.3133","-0.2700","-0.2100","0.6200","70.0800","50.3900","57.4800","58.2700","75.5900","13","1","49.6100","65.0000","-0.5300","0.0400","33.8600","85.0000","-0.5000","1","49.6100","65.0000","-0.4900","5","71.6500","37.0000","-0.1100","0.2200","70.8700","38.0000","-0.0700","2","69.2900","40.0000","-0.0100","0.0400","34.6500","84.0000","-0.4900","0.0900","61.4200","50.0000","0.1300","0.0000","98.4300","3.0000","-0.1200","0","98.4300","3.0000","-0.1200","0.0000","98.4300","3.0000","-0.1100","0","98.4300","3.0000","-0.1300","7","0","0"
"AAD2023.06.02752","87","4246","21","Harvard University","Astronomy, Department of","Astronomy and Astrophysics","19","63.0000","968","20.0000","19","60.0000","50.9500","1.0000","50722","10.0000","19","60.0000","1.0000","1.0000","15","50.0000","51","49.0000","17875357.0000","45.0000","143","6.0000","19","31.0000","7","16.0000","2","38.0000","17","25","0","18","20","0.1100","0.2900","40.0000","69.2900","0.3700","1.5000","11.0000","92.1300","1.0000","0.6600","1.0000","100.0000","50.9500","2.7800","1.0000","100.0000","1.0000","0.6100","1.0000","100.0000","2669.5800","3.0400","2.0000","99.2100","52.4000","0.4100","15.0000","88.9800","0.7900","0.8900","25.0000","81.1000","2.6800","0.9900","19.0000","85.8300","940808.2600","0.7500","28.0000","78.7400","350497.2000","0.1200","61.0000","52.7600","7.5300","4.4800","1.0000","100.0000","1.0000","1.7800","1.0000","100.0000","1.1000","2.0000","99.2100","0.4200","0.0600","-0.1600","0.0700","-0.1600","2.7100","0.3093","2.2600","0.9500","1.7200","0.1000","0.2700","1.0400","-0.2300","76.3800","70.8700","53.5400","61.4200","53.5400","100.0000","100.0000","96.0600","88.1900","92.9100","65.3500","62.2000","85.0400","51.1800","127","4/1/2025 16:37","35","14","2.5000","1.8400","0.7400","29.0000","82.0000","61.0000","49.0000","11.0000","0.4800","-0.4554","-0.3200","-0.1500","1.6400","77.9500","36.2200","52.7600","62.2000","92.1300","13","7","92.9100","10.0000","1.5400","0.3700","95.2800","7.0000","2.4200","5","91.3400","12.0000","1.3800","0","44.8800","71.0000","-0.2800","0.0000","44.8800","71.0000","-0.2000","0","44.8800","71.0000","-0.7600","0.2600","98.4300","3.0000","2.4800","0.0000","44.8800","71.0000","-0.8400","0.0000","98.4300","3.0000","-0.1200","0","98.4300","3.0000","-0.1200","0.0000","98.4300","3.0000","-0.1100","0","98.4300","3.0000","-0.1300","7","0","0"
"AAD2023.06.02752","136","4458","21","Mississippi State University","Physics and Astronomy, Department of","Astronomy and Astrophysics","18","67.0000","273","82.0000","18","63.0000","15.1700","82.0000","5502","89.0000","18","64.0000","1.0000","1.0000","9","79.0000","19","82.0000","5319587.0000","86.0000","10","84.0000","6","82.0000","0","90.0000","0","90.0000","17","25","0","18","20","0.0000","-0.9400","90.0000","29.9200","0.0000","-0.8200","90.0000","29.9200","1.0000","0.6600","1.0000","100.0000","15.1700","-0.4800","79.0000","38.5800","1.0000","0.6100","1.0000","100.0000","305.6700","-0.7700","93.0000","27.5600","20.1500","-0.4700","105.0000","18.1100","0.5000","-0.2700","84.0000","34.6500","1.0600","-0.5500","87.0000","32.2800","295532.6100","-0.6700","89.0000","30.7100","279978.2600","-0.3500","80.0000","37.8000","0.5600","-0.7200","95.0000","25.9800","0.3300","-0.7800","100.0000","22.0500","-0.4000","81.0000","37.0100","-0.6400","-0.9600","-0.2200","-0.4600","-0.2200","-0.5700","0.3093","-0.6800","-0.7900","-0.7500","-0.6600","-0.6200","-0.5500","-0.2900","36.2200","29.9200","50.3900","38.5800","51.1800","36.2200","100.0000","34.6500","29.9200","30.7100","33.0700","36.2200","36.2200","48.0300","127","4/1/2025 16:37","37","8","4.6300","2.0600","0.4400","65.0000","42.0000","57.0000","45.0000","50.0000","-0.2100","-0.0520","-0.3000","-0.0600","0.2600","49.6100","67.7200","55.9100","65.3500","61.4200","13","0","30.7100","89.0000","-0.8800","0.0000","30.7100","89.0000","-0.8900","0","30.7100","89.0000","-0.9600","2","59.8400","52.0000","-0.2100","0.1100","57.4800","55.0000","-0.1300","1","58.2700","54.0000","-0.3800","0.0000","30.7100","89.0000","-1.0800","0.0600","53.5400","60.0000","-0.2200","0.0000","98.4300","3.0000","-0.1200","0","98.4300","3.0000","-0.1200","0.0000","98.4300","3.0000","-0.1100","0","98.4300","3.0000","-0.1300","7","0","0"
"AAD2023.06.02752","143","4480","21","New Mexico State University","Astronomy, Department of","Astronomy and Astrophysics","10","98.0000","166","89.0000","10","94.0000","16.6000","78.0000","7876","82.0000","10","93.0000","1.0000","1.0000","8","83.0000","19","82.0000","5546835.0000","83.0000","5","98.0000","5","85.0000","0","90.0000","0","90.0000","17","25","0","18","20","0.0000","-0.9400","90.0000","29.9200","0.0000","-0.8200","90.0000","29.9200","1.0000","0.6600","1.0000","100.0000","16.6000","-0.3500","75.0000","41.7300","1.0000","0.6100","1.0000","100.0000","787.6000","0.0100","58.0000","55.1200","47.4500","0.2800","25.0000","81.1000","0.8000","0.9300","17.0000","87.4000","1.9000","0.2500","47.0000","63.7800","554683.5000","-0.1000","59.0000","54.3300","291938.6800","-0.2700","77.0000","40.1600","0.5000","-0.7600","96.0000","25.2000","0.5000","-0.1400","72.0000","44.0900","0.0000","55.0000","57.4800","-0.7200","-0.9600","-0.7500","-0.5400","-0.7500","-0.4400","0.3093","-0.7900","-0.7900","-0.6200","-0.6500","-0.6200","-0.8000","-0.8200","33.8600","29.9200","27.5600","35.4300","26.7700","39.3700","100.0000","23.6200","29.9200","36.2200","35.4300","36.2200","30.7100","23.6200","127","4/1/2025 16:37","14","5","2.8000","1.4000","0.5000","82.0000","74.0000","83.0000","61.0000","35.0000","-0.5500","-0.3986","-0.5700","-0.3300","0.5200","36.2200","42.5200","35.4300","52.7600","73.2300","13","0","30.7100","89.0000","-0.8800","0.0000","30.7100","89.0000","-0.8900","0","30.7100","89.0000","-0.9600","0","44.8800","71.0000","-0.2800","0.0000","44.8800","71.0000","-0.2000","0","44.8800","71.0000","-0.7600","0.0000","30.7100","89.0000","-1.0800","0.0000","44.8800","71.0000","-0.8400","0.0000","98.4300","3.0000","-0.1200","0","98.4300","3.0000","-0.1200","0.0000","98.4300","3.0000","-0.1100","0","98.4300","3.0000","-0.1300","7","0","0"
"AAD2023.06.02752","253","4658","21","University of California, Irvine","Physics and Astronomy, Department of","Astronomy and Astrophysics","55","7.0000","1614","2.0000","55","7.0000","29.3500","31.0000","57316","5.0000","55","7.0000","1.0000","1.0000","37","6.0000","94","9.0000","38754430.0000","14.0000","156","4.0000","45","4.0000","9","10.0000","6","7.0000","17","25","0","18","20","0.1100","0.3400","39.0000","70.0800","0.1600","0.2100","39.0000","70.0800","1.0000","0.6600","1.0000","100.0000","29.3500","0.8100","27.0000","79.5300","1.0000","0.6100","1.0000","100.0000","1042.1100","0.4200","38.0000","70.8700","35.5100","-0.0500","51.0000","60.6300","0.6700","0.4200","57.0000","55.9100","1.7100","0.0700","57.0000","55.9100","704626.0000","0.2300","48.0000","62.9900","412281.1700","0.5300","35.0000","73.2300","2.8400","0.9800","19.0000","85.8300","0.8200","1.0800","21.0000","84.2500","0.3000","32.0000","75.5900","2.5400","2.1100","2.2100","2.0100","2.2300","0.7300","0.3093","2.5500","1.4500","2.0800","1.3700","1.4700","2.5100","2.1200","97.6400","95.2800","95.2800","96.0600","95.2800","76.3800","100.0000","97.6400","92.9100","96.8500","89.7600","93.7000","99.2100","95.2800","127","4/1/2025 16:37","292","21","13.9000","5.3100","0.3800","11.0000","10.0000","5.0000","13.0000","69.0000","1.2800","1.7034","2.7000","1.3200","-0.0400","92.1300","92.9100","96.8500","90.5500","46.4600","13","8","96.0600","6.0000","1.8800","0.1500","78.7400","28.0000","0.4100","7","98.4300","3.0000","2.3100","45","98.4300","3.0000","1.2700","0.8200","94.4900","8.0000","0.3000","12","100.0000","1.0000","3.7800","0.1300","80.3200","26.0000","0.6400","0.2200","92.9100","10.0000","1.6000","0.0000","98.4300","3.0000","-0.1200","0","98.4300","3.0000","-0.1200","0.0000","98.4300","3.0000","-0.1100","0","98.4300","3.0000","-0.1300","7","0","0"
"AAD2023.06.02752","261","4709","21","University of Chicago, The","Astronomy and Astrophysics, Department of","Astronomy and Astrophysics","25","45.0000","860","25.0000","25","44.0000","34.4000","14.0000","57169","7.0000","25","43.0000","1.0000","1.0000","18","38.0000","67","26.0000","49315472.0000","6.0000","112","13.0000","21","26.0000","2","53.0000","2","38.0000","17","25","0","18","20","0.0800","0.0000","52.0000","59.8400","0.0800","-0.3200","63.0000","51.1800","1.0000","0.6600","1.0000","100.0000","34.4000","1.2700","10.0000","92.9100","1.0000","0.6100","1.0000","100.0000","2286.7600","2.4200","5.0000","96.8500","66.4800","0.7900","9.0000","93.7000","0.7200","0.6100","43.0000","66.9300","2.6800","0.9900","20.0000","85.0400","1972618.8800","3.0300","1.0000","100.0000","736051.8200","2.6700","1.0000","100.0000","4.4800","2.2100","5.0000","96.8500","0.8400","1.1600","17.0000","87.4000","0.8000","5.0000","96.8500","0.5800","0.0600","0.2400","0.3400","0.2400","1.1900","0.3093","1.5800","-0.2900","2.0700","2.0100","0.7200","0.7900","0.1600","80.3200","70.8700","66.9300","70.8700","66.1400","89.7600","100.0000","90.5500","59.0600","95.2800","96.0600","80.3200","81.1000","65.3500","127","4/1/2025 16:37","223","12","18.5800","8.9200","0.4800","39.0000","7.0000","12.0000","4.0000","42.0000","0.2500","2.5897","1.8900","2.8400","0.4300","70.0800","95.2800","91.3400","97.6400","67.7200","13","7","92.9100","10.0000","1.5400","0.2800","92.1300","11.0000","1.6200","6","95.2800","7.0000","1.8500","0","44.8800","71.0000","-0.2800","0.0000","44.8800","71.0000","-0.2000","0","44.8800","71.0000","-0.7600","0.2400","96.0600","6.0000","2.1600","0.0000","44.8800","71.0000","-0.8400","0.0000","98.4300","3.0000","-0.1200","0","98.4300","3.0000","-0.1200","0.0000","98.4300","3.0000","-0.1100","0","98.4300","3.0000","-0.1300","7","0","0"
"AAD2023.06.02752","271","4756","21","University of Denver","Physics and Astronomy, Department of","Astronomy and Astrophysics","10","98.0000","101","98.0000","9","98.0000","11.2200","102.0000","1598","105.0000","10","93.0000","1.0000","1.0000","8","83.0000","16","90.0000","4979901.0000","88.0000","19","70.0000","8","78.0000","0","90.0000","0","90.0000","17","25","0","18","20","0.0000","-0.9400","90.0000","29.9200","0.0000","-0.8200","90.0000","29.9200","0.9000","-0.2100","88.0000","31.5000","10.1000","-0.9400","99.0000","22.8300","1.0000","0.6100","1.0000","100.0000","159.8000","-1.0000","105.0000","18.1100","15.8200","-0.5900","109.0000","14.9600","0.8000","0.9300","17.0000","87.4000","1.6000","-0.0300","64.0000","50.3900","497990.1000","-0.2200","69.0000","46.4600","311243.8100","-0.1400","72.0000","44.0900","1.9000","0.2800","39.0000","70.0800","0.8000","1.0100","23.0000","82.6800","-0.3000","73.0000","43.3100","-0.4700","-0.9600","-0.7500","-0.5400","-0.8200","-0.9400","0.3093","-0.4800","-0.7900","-0.9600","-0.6800","-0.7000","-0.9500","-0.8200","39.3700","29.9200","27.5600","35.4300","23.6200","20.4700","100.0000","45.6700","29.9200","18.1100","31.5000","29.9200","23.6200","23.6200","127","4/1/2025 16:37","19","4","4.7500","1.9000","0.4000","90.0000","40.0000","74.0000","48.0000","61.0000","-0.6700","-0.0293","-0.5100","-0.1200","0.0500","29.9200","69.2900","42.5200","62.9900","52.7600","13","0","30.7100","89.0000","-0.8800","0.0000","30.7100","89.0000","-0.8900","0","30.7100","89.0000","-0.9600","3","63.7800","47.0000","-0.1800","0.3000","76.3800","31.0000","-0.0200","3","75.5900","32.0000","0.3700","0.0000","30.7100","89.0000","-1.0800","0.3000","97.6400","4.0000","2.5100","0.0000","98.4300","3.0000","-0.1200","0","98.4300","3.0000","-0.1200","0.0000","98.4300","3.0000","-0.1100","0","98.4300","3.0000","-0.1300","7","0","0"
"AAD2023.06.02752","274","4803","21","University of Georgia","Physics and Astronomy, Department of","Astronomy and Astrophysics","20","57.0000","158","90.0000","18","63.0000","8.7800","111.0000","2682","99.0000","17","68.0000","0.9400","119.0000","6","91.0000","19","82.0000","6100103.0000","82.0000","23","67.0000","11","62.0000","9","10.0000","6","7.0000","17","25","0","18","20","0.3000","2.5800","3.0000","98.4300","0.4500","2.0200","6.0000","96.0600","0.9000","-0.2100","88.0000","31.5000","7.9000","-1.1400","112.0000","12.6000","0.8500","-0.6500","105.0000","18.1100","134.1000","-1.0400","110.0000","14.1700","16.9700","-0.5500","108.0000","15.7500","0.3000","-1.0800","108.0000","15.7500","0.9500","-0.6500","93.0000","27.5600","305005.1500","-0.6500","85.0000","33.8600","321058.0500","-0.0700","68.0000","47.2400","1.1500","-0.2700","66.0000","48.8200","0.5500","0.0500","66.0000","48.8200","-0.8000","97.0000","24.4100","-0.2300","2.1100","-0.2900","-0.7200","-0.2200","-1.1600","-1.3131","-0.3900","1.4500","-0.9000","-0.6100","-0.6200","-0.8200","-0.1600","51.9700","95.2800","47.2400","29.1300","51.1800","13.3900","7.0900","48.0300","92.9100","22.8300","36.2200","36.2200","29.9200","55.9100","127","4/1/2025 16:37","13","6","2.1700","0.6500","0.3000","75.0000","91.0000","85.0000","91.0000","83.0000","-0.4400","-0.5179","-0.5800","-0.6500","-0.4200","41.7300","29.1300","33.8600","29.1300","35.4300","13","2","62.2000","49.0000","-0.1900","0.1000","61.4200","50.0000","0.0100","2","64.5700","46.0000","-0.0200","6","74.0200","34.0000","-0.0700","0.3000","76.3800","31.0000","-0.0200","4","81.1000","25.0000","0.7500","0.1000","65.3500","45.0000","0.2700","0.2000","89.7600","14.0000","1.3900","0.0000","98.4300","3.0000","-0.1200","0","98.4300","3.0000","-0.1200","0.0000","98.4300","3.0000","-0.1100","0","98.4300","3.0000","-0.1300","7","0","0"
"AAD2023.06.02752","280","4835","21","University of Illinois at Urbana-Champaign","Astronomy, Department of","Astronomy and Astrophysics","30","30.0000","774","33.0000","29","28.0000","26.6900","46.0000","57615","4.0000","29","30.0000","1.0000","1.0000","23","24.0000","66","27.0000","25366301.0000","34.0000","45","37.0000","19","31.0000","4","31.0000","3","22.0000","17","25","0","18","20","0.1000","0.2300","44.0000","66.1400","0.1300","0.0200","46.0000","64.5700","0.9700","0.3700","68.0000","47.2400","25.8000","0.4900","46.0000","64.5700","0.9700","0.3300","68.0000","47.2400","1920.5000","1.8300","8.0000","94.4900","74.4400","1.0100","8.0000","94.4900","0.7700","0.8000","32.0000","75.5900","2.2000","0.5300","34.0000","74.0200","845543.3700","0.5400","34.0000","74.0200","384337.8900","0.3400","46.0000","64.5700","1.5000","-0.0100","53.0000","59.0600","0.6300","0.3700","50.0000","61.4200","0.5000","20.0000","85.0400","0.4200","0.5800","0.5000","0.7800","0.5100","0.4800","0.3093","0.0900","0.2100","2.1000","0.5600","0.6900","0.5900","0.4900","76.3800","83.4600","77.1700","81.8900","78.7400","64.5700","100.0000","71.6500","76.3800","97.6400","74.0200","79.5300","74.8000","77.1700","127","4/1/2025 16:37","35","12","2.9200","1.1700","0.4000","39.0000","70.0000","61.0000","69.0000","61.0000","0.2500","-0.3758","-0.3200","-0.4300","0.0500","70.0800","45.6700","52.7600","46.4600","52.7600","13","2","62.2000","49.0000","-0.1900","0.0700","46.4600","69.0000","-0.2900","2","64.5700","46.0000","-0.0200","0","44.8800","71.0000","-0.2800","0.0000","44.8800","71.0000","-0.2000","0","44.8800","71.0000","-0.7600","0.0700","47.2400","68.0000","-0.1800","0.0000","44.8800","71.0000","-0.8400","0.0000","98.4300","3.0000","-0.1200","0","98.4300","3.0000","-0.1200","0.0000","98.4300","3.0000","-0.1100","0","98.4300","3.0000","-0.1300","7","0","0"
"AAD2023.06.02752","300","4941","21","University of Michigan","Astronomy, Department of","Astronomy and Astrophysics","20","57.0000","650","44.0000","19","60.0000","34.2100","16.0000","20942","45.0000","19","60.0000","1.0000","1.0000","14","54.0000","53","41.0000","13182587.0000","58.0000","30","54.0000","15","47.0000","1","73.0000","1","62.0000","17","25","0","18","20","0.0500","-0.3500","70.0000","45.6700","0.0500","-0.5000","79.0000","38.5800","0.9500","0.2300","75.0000","41.7300","32.5000","1.1000","18.0000","86.6100","0.9500","0.1900","79.0000","38.5800","1047.1000","0.4300","37.0000","71.6500","32.2200","-0.1400","57.0000","55.9100","0.7000","0.5300","51.0000","60.6300","2.6500","0.9600","22.0000","83.4600","659129.3500","0.1300","51.0000","60.6300","248728.0600","-0.5500","90.0000","29.9200","1.5000","-0.0100","53.0000","59.0600","0.7500","0.8200","33.0000","74.8000","0.5000","20.0000","85.0400","0.1000","-0.4500","-0.1600","-0.0200","-0.1600","1.1800","0.3093","-0.2400","-0.5400","0.1000","-0.1800","0.3300","0.3100","-0.1600","63.7800","51.9700","53.5400","58.2700","53.5400","88.1900","100.0000","58.2700","43.3100","65.3500","55.1200","68.5000","66.1400","55.9100","127","4/1/2025 16:37","52","15","3.4700","2.6000","0.7500","24.0000","60.0000","45.0000","36.0000","5.0000","0.5900","-0.2717","-0.1200","0.1700","1.7000","81.8900","53.5400","65.3500","72.4400","96.8500","13","2","62.2000","49.0000","-0.1900","0.1000","61.4200","50.0000","0.0100","2","64.5700","46.0000","-0.0200","0","44.8800","71.0000","-0.2800","0.0000","44.8800","71.0000","-0.2000","0","44.8800","71.0000","-0.7600","0.1000","65.3500","45.0000","0.2700","0.0000","44.8800","71.0000","-0.8400","0.0000","98.4300","3.0000","-0.1200","0","98.4300","3.0000","-0.1200","0.0000","98.4300","3.0000","-0.1100","0","98.4300","3.0000","-0.1300","7","0","0"
"AAD2023.06.02752","301","5013","21","University of Minnesota, Twin Cities","Astrophysics, Institute of","Astronomy and Astrophysics","20","57.0000","641","46.0000","20","56.0000","32.0500","24.0000","40193","19.0000","20","56.0000","1.0000","1.0000","16","44.0000","63","32.0000","26202904.0000","32.0000","29","57.0000","14","53.0000","1","73.0000","1","62.0000","17","25","0","18","20","0.0500","-0.3500","70.0000","45.6700","0.0500","-0.5000","79.0000","38.5800","1.0000","0.6600","1.0000","100.0000","32.0500","1.0600","19.0000","85.8300","1.0000","0.6100","1.0000","100.0000","2009.6500","1.9700","6.0000","96.0600","62.7000","0.6900","10.0000","92.9100","0.8000","0.9300","17.0000","87.4000","3.1500","1.4300","11.0000","92.1300","1310145.2000","1.5700","9.0000","93.7000","415919.1100","0.5500","33.0000","74.8000","1.4500","-0.0500","58.0000","55.1200","0.7000","0.6300","38.0000","70.8700","0.7000","9.0000","93.7000","0.0100","-0.4500","-0.0900","0.1600","-0.0900","0.9800","0.3093","-0.2600","-0.5400","1.1500","0.6100","0.6100","0.2900","-0.1600","59.0600","51.9700","56.6900","66.1400","56.6900","81.8900","100.0000","55.9100","43.3100","85.8300","75.5900","75.5900","64.5700","55.9100","127","4/1/2025 16:37","45","11","4.0900","2.2500","0.5500","47.0000","47.0000","48.0000","43.0000","26.0000","0.1300","-0.1543","-0.2000","0.0200","0.7600","63.7800","63.7800","62.9900","66.9300","80.3200","13","6","87.4000","17.0000","1.1900","0.3000","93.7000","9.0000","1.8000","6","95.2800","7.0000","1.8500","0","44.8800","71.0000","-0.2800","0.0000","44.8800","71.0000","-0.2000","0","44.8800","71.0000","-0.7600","0.3000","99.2100","2.0000","2.9700","0.0000","44.8800","71.0000","-0.8400","0.0000","98.4300","3.0000","-0.1200","0","98.4300","3.0000","-0.1200","0.0000","98.4300","3.0000","-0.1100","0","98.4300","3.0000","-0.1300","7","0","0"
"AAD2023.06.02752","301","5079","21","University of Minnesota, Twin Cities","Physics and Astronomy, School of","Astronomy and Astrophysics","57","6.0000","1560","3.0000","57","6.0000","27.3700","41.0000","62836","3.0000","56","6.0000","0.9800","110.0000","33","8.0000","102","7.0000","47393342.0000","7.0000","110","14.0000","44","5.0000","15","4.0000","7","3.0000","17","25","0","18","20","0.1200","0.5000","32.0000","75.5900","0.2600","0.8400","23.0000","82.6800","1.0000","0.6600","1.0000","100.0000","27.3700","0.6300","37.0000","71.6500","0.9800","0.4600","62.0000","51.9700","1102.3900","0.5200","32.0000","75.5900","40.2800","0.0800","36.0000","72.4400","0.5800","0.0400","72.0000","44.0900","1.7900","0.1400","52.0000","59.8400","831462.1400","0.5100","35.0000","73.2300","464640.6100","0.8800","23.0000","82.6800","1.9300","0.3100","37.0000","71.6500","0.7700","0.9000","28.0000","78.7400","0.3000","32.0000","75.5900","2.4600","2.6300","2.2800","1.6600","2.3600","0.5500","-0.2030","1.5300","2.9400","2.3800","1.8900","1.7000","2.3900","2.2500","96.8500","98.4300","96.0600","94.4900","96.0600","68.5000","14.1700","89.7600","97.6400","98.4300","95.2800","95.2800","98.4300","96.0600","127","4/1/2025 16:37","61","20","3.0500","1.0700","0.3500","13.0000","66.0000","40.0000","74.0000","73.0000","1.1700","-0.3512","-0.0200","-0.4700","-0.1800","90.5500","48.8200","69.2900","42.5200","43.3100","13","13","100.0000","1.0000","3.6100","0.2300","90.5500","13.0000","1.1600","11","100.0000","1.0000","4.1800","1","52.7600","61.0000","-0.2500","0.0200","45.6700","70.0000","-0.1900","1","58.2700","54.0000","-0.3800","0.1900","92.1300","11.0000","1.5300","0.0200","45.6700","70.0000","-0.6400","0.0000","98.4300","3.0000","-0.1200","0","98.4300","3.0000","-0.1200","0.0000","98.4300","3.0000","-0.1100","0","98.4300","3.0000","-0.1300","7","0","0"
"AAD2023.06.02752","316","5121","21","University of North Carolina at Chapel Hill","Physics and Astronomy, Department of","Astronomy and Astrophysics","33","25.0000","560","52.0000","33","23.0000","16.9700","76.0000","16157","63.0000","33","23.0000","1.0000","1.0000","24","19.0000","53","41.0000","30266816.0000","24.0000","60","32.0000","25","21.0000","4","31.0000","2","38.0000","17","25","0","18","20","0.0600","-0.2300","63.0000","51.1800","0.1200","-0.0600","51.0000","60.6300","1.0000","0.6600","1.0000","100.0000","16.9700","-0.3100","74.0000","42.5200","1.0000","0.6100","1.0000","100.0000","489.6100","-0.4700","80.0000","37.8000","28.8500","-0.2300","70.0000","45.6700","0.7300","0.6400","40.0000","69.2900","1.6100","-0.0300","63.0000","51.1800","917176.2400","0.7000","30.0000","77.1700","571072.0000","1.5800","9.0000","93.7000","1.8200","0.2200","40.0000","69.2900","0.7600","0.8500","32.0000","75.5900","0.0000","55.0000","57.4800","0.9100","0.0600","0.7600","0.8700","0.7700","-0.4100","0.3093","0.4300","0.2100","-0.1600","0.8500","0.3300","0.1000","0.6900","84.2500","70.8700","82.6800","85.8300","82.6800","40.9400","100.0000","75.5900","76.3800","51.1800","81.8900","68.5000","59.8400","81.1000","127","4/1/2025 16:37","68","18","3.7800","2.0600","0.5500","19.0000","56.0000","39.0000","44.0000","27.0000","0.9400","-0.2130","0.0700","-0.0600","0.7400","85.8300","56.6900","70.0800","66.1400","79.5300","13","2","62.2000","49.0000","-0.1900","0.0600","42.5200","74.0000","-0.3500","3","80.3100","26.0000","0.4400","22","91.3400","12.0000","0.4800","0.6700","93.7000","9.0000","0.2100","6","92.9100","10.0000","1.5100","0.0900","58.2700","54.0000","0.1500","0.1800","88.1900","16.0000","1.1900","0.0300","100.0000","1.0000","8.9300","2","100.0000","1.0000","9.9900","0.0600","100.0000","1.0000","10.4700","1","100.0000","1.0000","7.8700","7","0","0"
"AAD2023.06.02752","326","5172","21","University of Pennsylvania","Physics and Astronomy, Department of","Astronomy and Astrophysics","37","21.0000","1413","9.0000","37","20.0000","38.1900","8.0000","43272","17.0000","37","20.0000","1.0000","1.0000","24","19.0000","66","27.0000","29266306.0000","26.0000","139","8.0000","33","13.0000","5","23.0000","2","38.0000","17","25","0","18","20","0.0500","-0.3100","68.0000","47.2400","0.1400","0.0300","44.0000","66.1400","1.0000","0.6600","1.0000","100.0000","38.1900","1.6200","7.0000","95.2800","1.0000","0.6100","1.0000","100.0000","1169.5100","0.6200","29.0000","77.9500","30.6200","-0.1800","63.0000","51.1800","0.6500","0.3200","62.0000","51.9700","1.7800","0.1400","53.0000","59.0600","790981.2400","0.4200","38.0000","70.8700","443428.8800","0.7400","26.0000","80.3200","3.7600","1.6700","10.0000","92.9100","0.8900","1.3600","9.0000","93.7000","0.6000","14.0000","89.7600","1.5600","0.0600","1.0300","0.8700","1.0400","1.5400","0.3093","2.1800","0.4500","1.3200","0.7900","0.6900","2.0500","0.9500","90.5500","70.8700","85.0400","85.8300","85.0400","94.4900","100.0000","94.4900","82.6800","87.4000","80.3200","79.5300","93.7000","84.2500","127","4/1/2025 16:37","49","14","3.5000","1.3200","0.3800","29.0000","59.0000","47.0000","64.0000","70.0000","0.4800","-0.2660","-0.1600","-0.3700","-0.0500","77.9500","54.3300","63.7800","50.3900","45.6700","13","4","81.1000","25.0000","0.5000","0.1100","65.3500","45.0000","0.0800","4","87.4000","17.0000","0.9100","41","97.6400","4.0000","1.1300","1.1100","98.4300","3.0000","0.4800","6","92.9100","10.0000","1.5100","0.1100","70.0800","39.0000","0.3800","0.1600","84.2500","21.0000","0.9700","0.0000","98.4300","3.0000","-0.1200","0","98.4300","3.0000","-0.1200","0.0000","98.4300","3.0000","-0.1100","0","98.4300","3.0000","-0.1300","7","0","0"
"AAD2023.06.02752","327","5222","21","University of Pittsburgh","Physics and Astronomy, Department of","Astronomy and Astrophysics","45","12.0000","1152","12.0000","44","10.0000","26.1800","49.0000","41112","18.0000","43","13.0000","0.9800","112.0000","24","19.0000","61","35.0000","32506892.0000","21.0000","73","28.0000","27","16.0000","5","23.0000","3","22.0000","17","25","0","18","20","0.0700","-0.1600","58.0000","55.1200","0.1100","-0.1200","54.0000","58.2700","0.9800","0.4700","65.0000","49.6100","25.6000","0.4700","50.0000","61.4200","0.9600","0.2400","77.0000","40.1600","913.6000","0.2100","48.0000","62.9900","35.6900","-0.0400","47.0000","63.7800","0.5300","-0.1400","82.0000","36.2200","1.3600","-0.2700","71.0000","44.8800","722375.3800","0.2700","46.0000","64.5700","532899.8700","1.3300","11.0000","92.1300","1.6200","0.0800","45.0000","65.3500","0.6000","0.2400","58.0000","55.1200","-0.1000","62.0000","51.9700","1.0700","0.5800","1.4200","0.8700","1.5000","0.4400","-0.3544","0.7100","0.4500","1.2000","0.9900","0.5500","1.4600","1.4700","88.1900","83.4600","90.5500","85.8300","92.9100","62.2000","12.6000","78.7400","82.6800","86.6100","84.2500","73.2300","91.3400","91.3400","127","4/1/2025 16:37","54","14","3.8600","1.2000","0.3100","29.0000","54.0000","43.0000","67.0000","81.0000","0.4800","-0.1978","-0.1000","-0.4200","-0.3700","77.9500","58.2700","66.9300","48.0300","37.0100","13","4","81.1000","25.0000","0.5000","0.0900","54.3300","59.0000","-0.0900","5","91.3400","12.0000","1.3800","12","85.8300","19.0000","0.1300","0.2700","73.2300","35.0000","-0.0400","5","88.1900","16.0000","1.1300","0.1100","73.2300","35.0000","0.4200","0.1100","70.0800","39.0000","0.4000","0.0000","98.4300","3.0000","-0.1200","0","98.4300","3.0000","-0.1200","0.0000","98.4300","3.0000","-0.1100","0","98.4300","3.0000","-0.1300","7","0","0"
"AAD2023.06.02752","329","5261","21","University of Rochester","Physics and Astronomy, Department of","Astronomy and Astrophysics","25","45.0000","838","27.0000","25","44.0000","33.5200","20.0000","24522","39.0000","24","45.0000","0.9600","116.0000","17","40.0000","42","57.0000","17354206.0000","47.0000","57","33.0000","19","31.0000","6","21.0000","4","15.0000","17","25","0","18","20","0.1600","0.9400","21.0000","84.2500","0.2400","0.6900","25.0000","81.1000","1.0000","0.6600","1.0000","100.0000","33.5200","1.1900","14.0000","89.7600","0.9600","0.2700","71.0000","44.8800","980.8800","0.3200","45.0000","65.3500","29.2600","-0.2200","67.0000","48.0300","0.6800","0.4500","55.0000","57.4800","1.6800","0.0400","59.0000","54.3300","694168.2400","0.2100","50.0000","61.4200","413195.3800","0.5400","34.0000","74.0200","2.2800","0.5700","28.0000","78.7400","0.7600","0.8600","31.0000","76.3800","0.3000","32.0000","75.5900","0.4200","1.0900","0.1700","0.2500","0.2400","1.1100","-0.8588","0.3600","0.7000","0.2900","0.0700","0.0200","0.7400","0.1600","76.3800","88.9800","65.3500","69.2900","66.1400","85.0400","9.4500","74.8000","84.2500","70.0800","63.7800","55.9100","79.5300","65.3500","127","4/1/2025 16:37","242","16","15.1300","9.6800","0.6400","21.0000","9.0000","9.0000","2.0000","18.0000","0.7100","1.9364","2.1100","3.1600","1.1800","84.2500","93.7000","93.7000","99.2100","86.6100","13","4","81.1000","25.0000","0.5000","0.1600","81.1000","25.0000","0.5400","4","87.4000","17.0000","0.9100","0","44.8800","71.0000","-0.2800","0.0000","44.8800","71.0000","-0.2000","0","44.8800","71.0000","-0.7600","0.1600","86.6100","18.0000","1.0800","0.0000","44.8800","71.0000","-0.8400","0.0000","98.4300","3.0000","-0.1200","0","98.4300","3.0000","-0.1200","0.0000","98.4300","3.0000","-0.1100","0","98.4300","3.0000","-0.1300","7","0","0"
"AAD2023.06.02752","335","5308","21","University of Southern California","Physics and Astronomy, Department of","Astronomy and Astrophysics","36","23.0000","461","58.0000","33","23.0000","13.9700","86.0000","9626","76.0000","33","23.0000","1.0000","1.0000","22","28.0000","59","37.0000","27581676.0000","29.0000","74","27.0000","25","21.0000","3","41.0000","2","38.0000","17","25","0","18","20","0.0600","-0.2900","66.0000","48.8200","0.0800","-0.2900","60.0000","53.5400","0.9200","-0.0600","83.0000","35.4300","12.8100","-0.6900","88.0000","31.5000","0.9200","-0.0900","91.0000","29.1300","267.3900","-0.8300","95.0000","25.9800","20.8800","-0.4500","103.0000","19.6900","0.6100","0.1700","69.0000","46.4600","1.6400","0.0000","60.0000","53.5400","766157.6700","0.3700","42.0000","67.7200","467486.0300","0.8900","21.0000","84.2500","2.0600","0.4000","31.0000","76.3800","0.6900","0.6100","40.0000","69.2900","-0.2000","67.0000","48.0300","0.9100","0.0600","0.7600","0.6900","0.7700","-0.6800","0.3093","0.7400","-0.0400","-0.5200","0.6900","0.5000","-0.1200","0.8800","84.2500","70.8700","82.6800","78.7400","82.6800","33.0700","100.0000","79.5300","68.5000","40.9400","77.9500","71.6500","55.1200","82.6800","127","4/1/2025 16:37","86","11","7.8200","2.3900","0.3100","47.0000","22.0000","29.0000","39.0000","82.0000","0.1300","0.5521","0.2800","0.0800","-0.4000","63.7800","83.4600","77.9500","70.0800","36.2200","13","4","81.1000","25.0000","0.5000","0.1100","67.7200","42.0000","0.1100","5","91.3400","12.0000","1.3800","7","77.1700","30.0000","-0.0400","0.1900","66.9300","43.0000","-0.0800","3","75.5900","32.0000","0.3700","0.1400","84.2500","21.0000","0.8000","0.0800","59.8400","52.0000","0.0900","0.0000","98.4300","3.0000","-0.1200","0","98.4300","3.0000","-0.1200","0.0000","98.4300","3.0000","-0.1100","0","98.4300","3.0000","-0.1300","7","0","0"
"AAD2023.06.02752","357","5355","21","Washington State University","Physics and Astronomy, Department of","Astronomy and Astrophysics","18","67.0000","238","85.0000","18","63.0000","13.2200","91.0000","19385","52.0000","18","64.0000","1.0000","1.0000","12","65.0000","29","68.0000","9212373.0000","67.0000","29","57.0000","15","47.0000","1","73.0000","1","62.0000","17","25","0","18","20","0.0600","-0.2900","66.0000","48.8200","0.0600","-0.4700","76.0000","40.9400","1.0000","0.6600","1.0000","100.0000","13.2200","-0.6500","87.0000","32.2800","1.0000","0.6100","1.0000","100.0000","1076.9400","0.4700","34.0000","74.0200","81.4500","1.2000","4.0000","97.6400","0.6700","0.3900","58.0000","55.1200","1.6100","-0.0200","62.0000","51.9700","511798.5000","-0.1900","67.0000","48.0300","317668.0300","-0.1000","70.0000","45.6700","1.6100","0.0700","46.0000","64.5700","0.8300","1.1400","19.0000","85.8300","-0.3000","73.0000","43.3100","0.1000","-0.4500","-0.2200","-0.1900","-0.2200","-0.7500","0.3093","-0.2600","-0.5400","0.0100","-0.4200","-0.3400","-0.6300","-0.2900","63.7800","51.9700","50.3900","49.6100","51.1800","29.1300","100.0000","55.9100","43.3100","59.8400","48.0300","47.2400","33.8600","48.0300","127","4/1/2025 16:37","11","5","2.2000","0.6100","0.2800","82.0000","90.0000","89.0000","94.0000","85.0000","-0.5500","-0.5122","-0.6000","-0.6700","-0.5300","36.2200","29.9200","30.7100","26.7700","33.8600","13","1","49.6100","65.0000","-0.5300","0.0600","37.8000","80.0000","-0.3900","1","49.6100","65.0000","-0.4900","8","78.7400","28.0000","0.0000","0.4400","85.8300","19.0000","0.0700","2","69.2900","40.0000","-0.0100","0.0600","39.3700","78.0000","-0.3300","0.1100","70.0800","39.0000","0.4000","0.0000","98.4300","3.0000","-0.1200","0","98.4300","3.0000","-0.1200","0.0000","98.4300","3.0000","-0.1100","0","98.4300","3.0000","-0.1300","7","0","0"
"AAD2023.06.02752","49","5462","21","Columbia University","Astronomy, Department of","Astronomy and Astrophysics","29","34.0000","777","32.0000","25","44.0000","31.0800","26.0000","44195","16.0000","27","35.0000","1.0000","1.0000","20","34.0000","89","14.0000","32798746.0000","20.0000","100","19.0000","26","19.0000","12","7.0000","5","9.0000","17","25","0","18","20","0.1700","1.0800","18.0000","86.6100","0.4100","1.7900","7.0000","95.2800","0.8600","-0.5300","100.0000","22.0500","26.7900","0.5800","41.0000","68.5000","0.9300","0.0300","86.0000","33.0700","1523.9700","1.1900","12.0000","91.3400","56.8800","0.5300","11.0000","92.1300","0.6900","0.4900","52.0000","59.8400","3.0700","1.3500","12.0000","91.3400","1130991.2400","1.1700","18.0000","86.6100","368525.2400","0.2400","53.0000","59.0600","3.4500","1.4400","13.0000","90.5500","0.9000","1.3800","8.0000","94.4900","0.4000","27.0000","79.5300","0.9900","1.6000","0.3700","0.5100","0.2400","0.8900","0.3093","1.3100","2.1900","1.3700","1.0100","1.3300","0.6000","0.4200","85.8300","93.7000","73.2300","74.0200","66.1400","80.3200","100.0000","85.8300","95.2800","88.1900","85.0400","89.7600","75.5900","74.0200","127","4/1/2025 16:37","141","7","20.1400","4.8600","0.2400","68.0000","3.0000","16.0000","17.0000","94.0000","-0.3300","2.8851","0.9300","1.1300","-0.7000","47.2400","98.4300","88.1900","87.4000","26.7700","13","5","85.0400","20.0000","0.8500","0.1700","84.2500","21.0000","0.6600","3","80.3100","26.0000","0.4400","5","71.6500","37.0000","-0.1100","0.1700","65.3500","45.0000","-0.1000","1","58.2700","54.0000","-0.3800","0.1000","66.9300","43.0000","0.3200","0.0300","47.2400","68.0000","-0.4600","0.0000","98.4300","3.0000","-0.1200","0","98.4300","3.0000","-0.1200","0.0000","98.4300","3.0000","-0.1100","0","98.4300","3.0000","-0.1300","7","0","0"
"AAD2023.06.02752","90","5592","21","Howard University","Physics and Astronomy, Department of","Astronomy and Astrophysics","13","86.0000","124","94.0000","13","80.0000","9.5400","109.0000","1341","109.0000","13","80.0000","1.0000","1.0000","6","91.0000","19","82.0000","6836570.0000","79.0000","9","89.0000","5","85.0000","4","31.0000","2","38.0000","17","25","0","18","20","0.1500","0.8600","23.0000","82.6800","0.3100","1.1200","15.0000","88.9800","1.0000","0.6600","1.0000","100.0000","9.5400","-0.9900","101.0000","21.2600","1.0000","0.6100","1.0000","100.0000","103.1500","-1.0900","115.0000","10.2400","10.8100","-0.7200","121.0000","5.5100","0.4600","-0.4300","91.0000","29.1300","1.4600","-0.1700","67.0000","48.0300","525890.0000","-0.1600","65.0000","49.6100","359819.4700","0.1800","58.0000","55.1200","0.6900","-0.6200","87.0000","32.2800","0.3800","-0.5800","93.0000","27.5600","-0.7000","94.0000","26.7700","-0.7200","0.0600","-0.5500","-0.7200","-0.5500","-1.0900","0.3093","-0.7000","0.2100","-0.9700","-0.5700","-0.6200","-0.8900","-0.6200","33.8600","70.8700","37.8000","29.1300","37.8000","14.9600","100.0000","30.7100","76.3800","14.9600","38.5800","36.2200","26.7700","33.0700","127","4/1/2025 16:37","4","3","1.3300","0.3100","0.2300","92.0000","108.0000","98.0000","104.0000","95.0000","-0.7800","-0.6769","-0.6900","-0.8000","-0.7500","28.3500","15.7500","23.6200","18.9000","25.9800","13","5","85.0400","20.0000","0.8500","0.3800","97.6400","4.0000","2.5600","3","80.3100","26.0000","0.4400","0","44.8800","71.0000","-0.2800","0.0000","44.8800","71.0000","-0.2000","0","44.8800","71.0000","-0.7600","0.2300","95.2800","7.0000","2.0400","0.0000","44.8800","71.0000","-0.8400","0.0000","98.4300","3.0000","-0.1200","0","98.4300","3.0000","-0.1200","0.0000","98.4300","3.0000","-0.1100","0","98.4300","3.0000","-0.1300","7","0","0"
"AAD2023.06.02752","96","5610","21","Indiana University - Bloomington","Astronomy, Department of","Astronomy and Astrophysics","9","103.0000","173","88.0000","9","98.0000","19.2200","73.0000","3262","96.0000","9","99.0000","1.0000","1.0000","6","91.0000","8","98.0000","1875729.0000","99.0000","10","84.0000","7","80.0000","0","90.0000","0","90.0000","17","25","0","18","20","0.0000","-0.9400","90.0000","29.9200","0.0000","-0.8200","90.0000","29.9200","1.0000","0.6600","1.0000","100.0000","19.2200","-0.1100","69.0000","46.4600","1.0000","0.6100","1.0000","100.0000","362.4400","-0.6700","88.0000","31.5000","18.8600","-0.5000","107.0000","16.5400","0.6700","0.3900","58.0000","55.1200","0.8900","-0.7100","96.0000","25.2000","208414.3300","-0.8600","101.0000","21.2600","234466.1300","-0.6500","98.0000","23.6200","1.1100","-0.3000","67.0000","48.0300","0.7800","0.9200","26.0000","80.3200","-0.2000","67.0000","48.0300","-0.5500","-0.9600","-0.8200","-0.7200","-0.8200","-0.2000","0.3093","-0.6800","-0.7900","-0.8700","-0.8700","-0.9300","-0.7800","-0.8800","37.8000","29.9200","22.8300","29.1300","23.6200","43.3100","100.0000","34.6500","29.9200","25.2000","22.8300","23.6200","31.5000","19.6900","127","4/1/2025 16:37","2","1","2.0000","0.2200","0.1100","105.0000","94.0000","107.0000","108.0000","115.0000","-1.0100","-0.5500","-0.7100","-0.8300","-1.3100","18.1100","26.7700","16.5400","15.7500","10.2400","13","0","30.7100","89.0000","-0.8800","0.0000","30.7100","89.0000","-0.8900","0","30.7100","89.0000","-0.9600","0","44.8800","71.0000","-0.2800","0.0000","44.8800","71.0000","-0.2000","0","44.8800","71.0000","-0.7600","0.0000","30.7100","89.0000","-1.0800","0.0000","44.8800","71.0000","-0.8400","0.0000","98.4300","3.0000","-0.1200","0","98.4300","3.0000","-0.1200","0.0000","98.4300","3.0000","-0.1100","0","98.4300","3.0000","-0.1300","7","0","0"
"AAD2023.06.02752","99","5717","21","Iowa State University","Physics and Astronomy, Department of","Astronomy and Astrophysics","28","36.0000","800","30.0000","27","33.0000","29.6300","28.0000","20449","48.0000","28","33.0000","1.0000","1.0000","13","60.0000","22","76.0000","8440309.0000","73.0000","43","40.0000","19","31.0000","1","73.0000","1","62.0000","17","25","0","18","20","0.0400","-0.5200","83.0000","35.4300","0.0400","-0.5900","87.0000","32.2800","0.9600","0.3500","69.0000","46.4600","28.5700","0.7400","29.0000","77.9500","1.0000","0.6100","1.0000","100.0000","730.3200","-0.0800","60.0000","53.5400","25.5600","-0.3200","85.0000","33.8600","0.4600","-0.4200","90.0000","29.9200","0.7900","-0.8000","101.0000","21.2600","301439.6100","-0.6600","88.0000","31.5000","383650.4100","0.3400","48.0000","62.9900","1.5400","0.0100","51.0000","60.6300","0.6800","0.5500","43.0000","66.9300","0.1000","44.0000","66.1400","0.4200","-0.4500","0.4300","-0.1000","0.3700","0.7500","0.3093","0.0500","-0.5400","0.0700","-0.4700","-0.5400","0.6500","0.3600","76.3800","51.9700","74.8000","53.5400","74.8000","78.7400","100.0000","69.2900","43.3100","62.9900","43.3100","40.9400","77.1700","72.4400","127","4/1/2025 16:37","44","11","4.0000","1.5700","0.3900","47.0000","49.0000","49.0000","57.0000","65.0000","0.1300","-0.1713","-0.2200","-0.2600","0.0200","63.7800","62.2000","62.2000","55.9100","49.6100","13","8","96.0600","6.0000","1.8800","0.2900","92.9100","10.0000","1.6700","3","80.3100","26.0000","0.4400","5","71.6500","37.0000","-0.1100","0.1800","66.1400","44.0000","-0.0900","5","88.1900","16.0000","1.1300","0.1100","69.2900","40.0000","0.3700","0.1800","87.4000","17.0000","1.1500","0.0000","98.4300","3.0000","-0.1200","0","98.4300","3.0000","-0.1200","0.0000","98.4300","3.0000","-0.1100","0","98.4300","3.0000","-0.1300","7","0","0"
"AAD2023.06.02752","35","5760","21","Case Western Reserve University","Astronomy, Department of","Astronomy and Astrophysics","2","125.0000","41","117.0000","2","125.0000","20.5000","67.0000","1008","110.0000","2","125.0000","1.0000","1.0000","1","111.0000","2","111.0000","1002935.0000","107.0000","5","98.0000","2","106.0000","0","90.0000","0","90.0000","17","25","0","18","20","0.0000","-0.9400","90.0000","29.9200","0.0000","-0.8200","90.0000","29.9200","1.0000","0.6600","1.0000","100.0000","20.5000","0.0100","66.0000","48.8200","1.0000","0.6100","1.0000","100.0000","504.0000","-0.4500","79.0000","38.5800","24.5900","-0.3500","91.0000","29.1300","0.5000","-0.2700","84.0000","34.6500","1.0000","-0.6000","88.0000","31.5000","501467.5000","-0.2200","68.0000","47.2400","501467.5000","1.1200","15.0000","88.9800","2.5000","0.7300","25.0000","81.1000","1.0000","1.7800","1.0000","100.0000","0.3000","32.0000","75.5900","-0.9600","-0.9600","-1.2800","-1.1600","-1.2800","-0.0800","0.3093","-0.7900","-0.7900","-0.9900","-0.9200","-1.0900","-1.0800","-1.3400","17.3200","29.9200","2.3600","13.3900","2.3600","48.0300","100.0000","23.6200","29.9200","14.1700","16.5400","13.3900","8.6600","2.3600","127","4/1/2025 16:37","0","0","0.0000","0.0000","0.0000","120.0000","120.0000","120.0000","120.0000","120.0000","-1.1300","-0.9288","-0.7300","-0.9300","-1.8400","6.3000","6.3000","6.3000","6.3000","6.3000","13","0","30.7100","89.0000","-0.8800","0.0000","30.7100","89.0000","-0.8900","0","30.7100","89.0000","-0.9600","0","44.8800","71.0000","-0.2800","0.0000","44.8800","71.0000","-0.2000","0","44.8800","71.0000","-0.7600","0.0000","30.7100","89.0000","-1.0800","0.0000","44.8800","71.0000","-0.8400","0.0000","98.4300","3.0000","-0.1200","0","98.4300","3.0000","-0.1200","0.0000","98.4300","3.0000","-0.1100","0","98.4300","3.0000","-0.1300","7","0","0"
"AAD2023.06.02752","102","6243","21","Johns Hopkins University","Earth and Planetary Sciences, Department of","Astronomy and Astrophysics","15","79.0000","428","61.0000","15","77.0000","28.5300","34.0000","17238","56.0000","15","77.0000","1.0000","1.0000","12","65.0000","57","38.0000","19665214.0000","44.0000","35","50.0000","10","66.0000","2","53.0000","2","38.0000","17","25","0","18","20","0.1300","0.6200","28.0000","78.7400","0.1300","0.0200","46.0000","64.5700","1.0000","0.6600","1.0000","100.0000","28.5300","0.7400","30.0000","77.1700","1.0000","0.6100","1.0000","100.0000","1149.2000","0.5900","30.0000","77.1700","40.2800","0.0800","37.0000","71.6500","0.8000","0.9300","17.0000","87.4000","3.8000","2.0400","5.0000","96.8500","1311014.2700","1.5700","8.0000","94.4900","345003.7500","0.0800","64.0000","50.3900","2.3300","0.6100","26.0000","80.3200","0.6700","0.5000","44.0000","66.1400","0.5000","20.0000","85.0400","-0.3100","0.0600","-0.4200","-0.1900","-0.4200","0.6500","0.3093","-0.1300","-0.2900","-0.1100","0.2100","0.4400","-0.2000","-0.4900","48.8200","70.8700","40.1600","49.6100","40.1600","74.0200","100.0000","61.4200","59.0600","56.6900","66.1400","70.8700","52.7600","38.5800","127","4/1/2025 16:37","77","10","7.7000","5.1300","0.6700","53.0000","23.0000","33.0000","15.0000","14.0000","0.0200","0.5294","0.1700","1.2400","1.3100","59.0600","82.6800","74.8000","88.9800","89.7600","13","8","96.0600","6.0000","1.8800","0.5300","99.2100","2.0000","3.9000","5","91.3400","12.0000","1.3800","0","44.8800","71.0000","-0.2800","0.0000","44.8800","71.0000","-0.2000","0","44.8800","71.0000","-0.7600","0.3300","100.0000","1.0000","3.4200","0.0000","44.8800","71.0000","-0.8400","0.0000","98.4300","3.0000","-0.1200","0","98.4300","3.0000","-0.1200","0.0000","98.4300","3.0000","-0.1100","0","98.4300","3.0000","-0.1300","7","0","0"
"AAD2023.06.02752","102","6254","21","Johns Hopkins University","Physics and Astronomy, Department of","Astronomy and Astrophysics","40","18.0000","1127","13.0000","40","15.0000","28.1800","36.0000","48059","12.0000","40","15.0000","1.0000","1.0000","27","16.0000","74","22.0000","43089199.0000","10.0000","156","4.0000","32","14.0000","1","73.0000","1","62.0000","17","25","0","18","20","0.0300","-0.6500","88.0000","31.5000","0.0300","-0.6600","89.0000","30.7100","1.0000","0.6600","1.0000","100.0000","28.1800","0.7100","32.0000","75.5900","1.0000","0.6100","1.0000","100.0000","1201.4800","0.6700","26.0000","80.3200","42.6400","0.1400","29.0000","77.9500","0.6800","0.4300","56.0000","56.6900","1.8500","0.2000","49.0000","62.2000","1077229.9800","1.0500","21.0000","84.2500","582286.4700","1.6500","8.0000","94.4900","3.9000","1.7800","9.0000","93.7000","0.8000","1.0100","23.0000","82.6800","0.5000","20.0000","85.0400","1.4800","-0.4500","1.2300","1.1300","1.2300","0.6200","0.3093","2.5500","-0.5400","1.5800","1.6300","0.9200","1.4000","1.1400","89.7600","51.9700","88.9800","88.1900","88.9800","72.4400","100.0000","97.6400","43.3100","91.3400","92.9100","83.4600","90.5500","86.6100","127","4/1/2025 16:37","50","19","2.6300","1.2500","0.4800","18.0000","81.0000","46.0000","65.0000","43.0000","1.0500","-0.4307","-0.1500","-0.4000","0.4000","86.6100","37.0100","64.5700","49.6100","66.9300","13","5","85.0400","20.0000","0.8500","0.1300","73.2300","35.0000","0.2300","3","80.3100","26.0000","0.4400","25","93.7000","9.0000","0.5800","0.6300","91.3400","12.0000","0.1800","8","96.0600","6.0000","2.2600","0.0800","51.9700","62.0000","-0.0600","0.2000","89.7600","14.0000","1.3900","0.0000","98.4300","3.0000","-0.1200","0","98.4300","3.0000","-0.1200","0.0000","98.4300","3.0000","-0.1100","0","98.4300","3.0000","-0.1300","7","0","0"
"AAD2023.06.02752","132","6355","21","Michigan State University","Physics and Astronomy, Department of","Astronomy and Astrophysics","70","1.0000","1436","8.0000","70","1.0000","20.5100","66.0000","51080","9.0000","70","1.0000","1.0000","1.0000","51","2.0000","145","3.0000","68514742.0000","3.0000","104","16.0000","50","3.0000","14","5.0000","5","9.0000","17","25","0","18","20","0.0700","-0.1000","54.0000","58.2700","0.2000","0.4400","29.0000","77.9500","1.0000","0.6600","1.0000","100.0000","20.5100","0.0100","65.0000","49.6100","1.0000","0.6100","1.0000","100.0000","729.7100","-0.0800","61.0000","52.7600","35.5700","-0.0500","49.0000","62.2000","0.7300","0.6400","39.0000","70.0800","2.0700","0.4100","37.0000","71.6500","978782.0300","0.8400","24.0000","81.8900","472515.4600","0.9300","20.0000","85.0400","1.4900","-0.0200","56.0000","56.6900","0.7100","0.6800","34.0000","74.0200","0.2000","40.0000","69.2900","2.9400","1.6000","3.2000","3.2500","3.2200","-0.0800","0.3093","1.4000","2.6900","1.7400","3.1700","2.9000","2.1100","3.1000","98.4300","93.7000","100.0000","99.2100","100.0000","48.8200","100.0000","88.1900","96.8500","93.7000","98.4300","98.4300","94.4900","100.0000","127","4/1/2025 16:37","352","38","9.2600","5.0300","0.5400","2.0000","16.0000","3.0000","16.0000","28.0000","3.2400","0.8248","3.4100","1.2000","0.7200","99.2100","88.1900","98.4300","88.1900","78.7400","13","7","92.9100","10.0000","1.5400","0.1000","61.4200","50.0000","0.0100","7","98.4300","3.0000","2.3100","22","91.3400","12.0000","0.4800","0.3100","77.1700","30.0000","-0.0100","10","99.2100","2.0000","3.0200","0.1000","65.3500","45.0000","0.2700","0.1400","80.3200","26.0000","0.7500","0.0000","98.4300","3.0000","-0.1200","0","98.4300","3.0000","-0.1200","0.0000","98.4300","3.0000","-0.1100","0","98.4300","3.0000","-0.1300","7","0","0"
"AAD2023.06.02752","177","6682","21","Rutgers - New Brunswick","Physics and Astronomy, Department of","Astronomy and Astrophysics","44","13.0000","1226","10.0000","44","10.0000","27.8600","39.0000","39892","21.0000","44","10.0000","1.0000","1.0000","32","10.0000","71","24.0000","34792541.0000","17.0000","120","11.0000","39","7.0000","3","41.0000","2","38.0000","17","25","0","18","20","0.0500","-0.4100","77.0000","40.1600","0.0700","-0.3900","68.0000","47.2400","1.0000","0.6600","1.0000","100.0000","27.8600","0.6800","35.0000","73.2300","1.0000","0.6100","1.0000","100.0000","906.6400","0.2000","49.0000","62.2000","32.5400","-0.1300","55.0000","57.4800","0.7300","0.6400","40.0000","69.2900","1.6100","-0.0200","61.0000","52.7600","790739.5700","0.4200","39.0000","70.0800","490035.7900","1.0400","17.0000","87.4000","2.7300","0.9000","20.0000","85.0400","0.8900","1.3400","10.0000","92.9100","0.4000","27.0000","79.5300","2.0500","0.0600","1.4900","1.5700","1.5000","0.5900","0.3093","1.7500","-0.0400","1.1300","1.1300","0.8300","1.6300","1.4000","95.2800","70.8700","92.9100","92.9100","92.9100","70.0800","100.0000","92.1300","68.5000","84.2500","87.4000","81.8900","92.9100","90.5500","127","4/1/2025 16:37","16","9","1.7800","0.3600","0.2000","56.0000","104.0000","78.0000","102.0000","102.0000","-0.1000","-0.5917","-0.5500","-0.7700","-0.8700","56.6900","18.9000","39.3700","20.4700","20.4700","13","1","49.6100","65.0000","-0.5300","0.0200","31.5000","88.0000","-0.6900","1","49.6100","65.0000","-0.4900","9","81.1000","25.0000","0.0300","0.2000","67.7200","42.0000","-0.0800","5","88.1900","16.0000","1.1300","0.0200","31.5000","88.0000","-0.7700","0.1100","70.8700","38.0000","0.4300","0.0000","98.4300","3.0000","-0.1200","0","98.4300","3.0000","-0.1200","0.0000","98.4300","3.0000","-0.1100","0","98.4300","3.0000","-0.1300","7","0","0"
"AAD2023.06.02752","205","6808","21","Stony Brook University, State University of New York","Physics and Astronomy, Department of","Astronomy and Astrophysics","70","1.0000","1513","6.0000","62","3.0000","24.4000","57.0000","70822","2.0000","62","3.0000","0.9800","109.0000","38","5.0000","91","11.0000","53967078.0000","4.0000","177","2.0000","56","1.0000","14","5.0000","8","1.0000","17","25","0","18","20","0.1100","0.4000","35.0000","73.2300","0.2000","0.4400","29.0000","77.9500","0.8900","-0.3300","96.0000","25.2000","21.6100","0.1100","62.0000","51.9700","0.8900","-0.3500","97.0000","24.4100","1011.7400","0.3700","43.0000","66.9300","46.8100","0.2600","26.0000","80.3200","0.5400","-0.1000","77.0000","40.1600","1.3000","-0.3200","74.0000","42.5200","770958.2600","0.3800","41.0000","68.5000","593044.8100","1.7300","6.0000","96.0600","2.5300","0.7500","24.0000","81.8900","0.8000","1.0100","23.0000","82.6800","0.1000","44.0000","66.1400","3.4300","3.1400","2.6800","2.1000","2.6900","0.2700","-0.1542","3.0200","2.6900","2.8200","2.2900","1.3900","2.2800","3.1000","100.0000","100.0000","98.4300","96.8500","98.4300","55.9100","14.9600","99.2100","96.8500","99.2100","97.6400","92.1300","96.0600","100.0000","127","4/1/2025 16:37","281","34","8.2600","4.0100","0.4900","3.0000","17.0000","6.0000","26.0000","41.0000","2.7800","0.6354","2.5700","0.7700","0.4500","98.4300","87.4000","96.0600","80.3200","68.5000","13","8","96.0600","6.0000","1.8800","0.1100","69.2900","40.0000","0.1300","6","95.2800","7.0000","1.8500","9","81.1000","25.0000","0.0300","0.1300","59.0600","53.0000","-0.1200","6","92.9100","10.0000","1.5100","0.0900","56.6900","56.0000","0.0800","0.0900","60.6300","51.0000","0.1200","0.0000","98.4300","3.0000","-0.1200","0","98.4300","3.0000","-0.1200","0.0000","98.4300","3.0000","-0.1100","0","98.4300","3.0000","-0.1300","7","0","0"
"AAD2023.06.02752","229","6964","21","University of Texas at Austin, The","Astronomy, Department of","Astronomy and Astrophysics","20","57.0000","653","43.0000","20","56.0000","32.6500","23.0000","21018","44.0000","20","56.0000","1.0000","1.0000","16","44.0000","50","51.0000","12201016.0000","60.0000","40","45.0000","17","38.0000","2","53.0000","1","62.0000","17","25","0","18","20","0.0500","-0.3500","70.0000","45.6700","0.1000","-0.1900","58.0000","55.1200","1.0000","0.6600","1.0000","100.0000","32.6500","1.1100","17.0000","87.4000","1.0000","0.6100","1.0000","100.0000","1050.9000","0.4300","36.0000","72.4400","32.1900","-0.1400","59.0000","54.3300","0.8000","0.9300","17.0000","87.4000","2.5000","0.8200","26.0000","80.3200","610050.8000","0.0200","54.0000","58.2700","244020.3200","-0.5800","92.0000","28.3500","2.0000","0.3600","32.0000","75.5900","0.8500","1.2000","14.0000","89.7600","0.6000","14.0000","89.7600","0.2600","-0.4500","-0.0900","0.1600","-0.0900","1.0300","0.3093","-0.0200","-0.2900","0.1000","-0.2400","0.2500","0.3200","-0.1600","70.8700","51.9700","56.6900","66.1400","56.6900","82.6800","100.0000","65.3500","59.0600","66.1400","53.5400","60.6300","66.9300","55.9100","127","4/1/2025 16:37","20","7","2.8600","1.0000","0.3500","68.0000","71.0000","72.0000","75.0000","74.0000","-0.3300","-0.3872","-0.5000","-0.5000","-0.1900","47.2400","44.8800","44.0900","41.7300","42.5200","13","2","62.2000","49.0000","-0.1900","0.1000","61.4200","50.0000","0.0100","2","64.5700","46.0000","-0.0200","0","44.8800","71.0000","-0.2800","0.0000","44.8800","71.0000","-0.2000","0","44.8800","71.0000","-0.7600","0.1000","65.3500","45.0000","0.2700","0.0000","44.8800","71.0000","-0.8400","0.0000","98.4300","3.0000","-0.1200","0","98.4300","3.0000","-0.1200","0.0000","98.4300","3.0000","-0.1100","0","98.4300","3.0000","-0.1300","7","0","0"
"AAD2023.06.02752","243","7165","21","University of Alabama, The","Physics and Astronomy, Department of","Astronomy and Astrophysics","26","42.0000","672","42.0000","26","38.0000","25.8500","52.0000","21885","43.0000","26","39.0000","1.0000","1.0000","14","54.0000","31","67.0000","7358106.0000","74.0000","7","93.0000","5","85.0000","0","90.0000","0","90.0000","17","25","0","18","20","0.0000","-0.9400","90.0000","29.9200","0.0000","-0.8200","90.0000","29.9200","1.0000","0.6600","1.0000","100.0000","25.8500","0.4900","45.0000","65.3500","1.0000","0.6100","1.0000","100.0000","841.7300","0.1000","53.0000","59.0600","32.5700","-0.1300","54.0000","58.2700","0.5400","-0.1200","80.0000","37.8000","1.1900","-0.4200","82.0000","36.2200","283004.0800","-0.7000","93.0000","27.5600","237358.2600","-0.6300","96.0000","25.2000","0.2700","-0.9300","111.0000","13.3900","0.1900","-1.3200","112.0000","12.6000","-0.3000","73.0000","43.3100","-0.7200","-0.9600","0.3000","-0.0200","0.3100","0.4100","0.3093","-0.7500","-0.7900","0.1500","-0.5400","-0.2800","0.3600","0.2300","33.8600","29.9200","70.0800","58.2700","70.8700","59.8400","100.0000","27.5600","29.9200","66.9300","42.5200","48.0300","67.7200","67.7200","127","4/1/2025 16:37","226","12","18.8300","8.6900","0.4600","39.0000","6.0000","11.0000","6.0000","45.0000","0.2500","2.6370","1.9300","2.7500","0.3400","70.0800","96.0600","92.1300","96.0600","65.3500","13","2","62.2000","49.0000","-0.1900","0.0800","51.9700","62.0000","-0.2000","2","64.5700","46.0000","-0.0200","2","59.8400","52.0000","-0.2100","0.0800","51.9700","62.0000","-0.1500","2","69.2900","40.0000","-0.0100","0.0800","54.3300","59.0000","-0.0400","0.0800","57.4800","55.0000","0.0200","0.0000","98.4300","3.0000","-0.1200","0","98.4300","3.0000","-0.1200","0.0000","98.4300","3.0000","-0.1100","0","98.4300","3.0000","-0.1300","7","0","0"
"AAD2023.06.02752","247","7399","21","University of Arizona, The","Astronomy, Department of","Astronomy and Astrophysics","31","27.0000","957","21.0000","29","28.0000","33.0000","21.0000","45994","14.0000","29","30.0000","1.0000","1.0000","23","24.0000","61","35.0000","17252014.0000","48.0000","84","21.0000","27","16.0000","9","10.0000","3","22.0000","17","25","0","18","20","0.1000","0.1900","46.0000","64.5700","0.2900","1.0100","17.0000","87.4000","0.9400","0.1000","78.0000","39.3700","30.8700","0.9500","24.0000","81.8900","0.9400","0.0700","85.0000","33.8600","1483.6800","1.1300","15.0000","88.9800","48.0600","0.2900","23.0000","82.6800","0.7400","0.7000","35.0000","73.2300","1.9700","0.3100","42.0000","67.7200","556516.5800","-0.0900","57.0000","55.9100","282819.9000","-0.3300","79.0000","38.5800","2.7100","0.8900","21.0000","84.2500","0.8700","1.2800","13.0000","90.5500","0.5000","20.0000","85.0400","1.0700","0.5800","0.5000","0.7800","0.5100","1.0600","0.3093","0.9600","1.4500","1.4600","0.0600","0.5500","1.0100","0.5500","88.1900","83.4600","77.1700","81.8900","78.7400","84.2500","100.0000","84.2500","92.9100","89.7600","62.9900","73.2300","84.2500","79.5300","127","4/1/2025 16:37","136","21","6.4800","4.3900","0.6800","11.0000","25.0000","18.0000","19.0000","13.0000","1.2800","0.2983","0.8700","0.9300","1.3600","92.1300","81.1000","86.6100","85.8300","90.5500","13","3","69.2900","40.0000","0.1600","0.1000","56.6900","56.0000","-0.0200","3","80.3100","26.0000","0.4400","20","89.7600","14.0000","0.4100","0.6500","92.9100","10.0000","0.1900","4","81.1000","25.0000","0.7500","0.1000","59.8400","52.0000","0.2300","0.1300","73.2300","35.0000","0.6000","0.0000","98.4300","3.0000","-0.1200","0","98.4300","3.0000","-0.1200","0.0000","98.4300","3.0000","-0.1100","0","98.4300","3.0000","-0.1300","7","0","0"
"AAD2023.06.02752","247","7509","21","University of Arizona, The","Planetary Sciences, Department of","Astronomy and Astrophysics","26","42.0000","766","35.0000","26","38.0000","29.4600","30.0000","20899","46.0000","26","39.0000","1.0000","1.0000","22","28.0000","85","16.0000","31976875.0000","22.0000","51","35.0000","17","38.0000","3","41.0000","3","22.0000","17","25","0","18","20","0.1200","0.4100","34.0000","74.0200","0.1200","-0.0900","53.0000","59.0600","1.0000","0.6600","1.0000","100.0000","29.4600","0.8200","26.0000","80.3200","1.0000","0.6100","1.0000","100.0000","803.8100","0.0300","55.0000","57.4800","27.2800","-0.2700","77.0000","40.1600","0.8500","1.1100","11.0000","92.1300","3.2700","1.5400","9.0000","93.7000","1229879.8100","1.3900","13.0000","90.5500","376198.5300","0.2900","52.0000","59.8400","1.9600","0.3300","35.0000","73.2300","0.6500","0.4500","46.0000","64.5700","0.7000","9.0000","93.7000","0.2600","0.5800","0.3000","0.6900","0.3100","0.7400","0.3093","0.2300","-0.0400","0.0900","0.9600","1.2200","0.5700","0.2300","70.8700","83.4600","70.0800","78.7400","70.8700","77.1700","100.0000","73.2300","68.5000","64.5700","83.4600","88.1900","73.2300","67.7200","127","4/1/2025 16:37","77","20","3.8500","2.9600","0.7700","13.0000","55.0000","33.0000","33.0000","3.0000","1.1700","-0.1997","0.1700","0.3300","1.7900","90.5500","57.4800","74.8000","74.8000","98.4300","13","4","81.1000","25.0000","0.5000","0.1500","80.3200","26.0000","0.4900","3","80.3100","26.0000","0.4400","1","52.7600","61.0000","-0.2500","0.0400","48.0300","67.0000","-0.1800","1","58.2700","54.0000","-0.3800","0.1200","75.5900","32.0000","0.4800","0.0400","49.6100","65.0000","-0.4100","0.0000","98.4300","3.0000","-0.1200","0","98.4300","3.0000","-0.1200","0.0000","98.4300","3.0000","-0.1100","0","98.4300","3.0000","-0.1300","7","0","0"
"AAD2023.06.02752","286","7646","21","University of Louisville","Physics and Astronomy, Department of","Astronomy and Astrophysics","14","81.0000","428","61.0000","12","87.0000","35.6700","11.0000","16655","61.0000","12","85.0000","1.0000","1.0000","2","106.0000","2","111.0000","522679.0000","114.0000","7","93.0000","5","85.0000","1","73.0000","1","62.0000","17","25","0","18","20","0.0700","-0.1000","54.0000","58.2700","0.0700","-0.3700","64.0000","50.3900","0.8600","-0.5800","101.0000","21.2600","30.5700","0.9200","25.0000","81.1000","0.8600","-0.5900","100.0000","22.0500","1189.6400","0.6600","27.0000","79.5300","38.9100","0.0400","41.0000","68.5000","0.1400","-1.7100","115.0000","10.2400","0.1400","-1.4100","117.0000","8.6600","37334.2100","-1.2400","115.0000","10.2400","261339.5000","-0.4700","88.0000","31.5000","0.5000","-0.7600","96.0000","25.2000","0.3600","-0.6900","98.0000","23.6200","-0.8000","97.0000","24.4100","-0.7200","-0.4500","-0.6200","-1.0700","-0.6200","1.3100","0.3093","-0.7500","-0.5400","-0.1400","-0.9500","-1.0900","-0.2000","-0.5600","33.8600","51.9700","33.8600","17.3200","32.2800","92.1300","100.0000","27.5600","43.3100","52.7600","11.0200","13.3900","52.7600","37.0100","127","4/1/2025 16:37","2","2","1.0000","0.1400","0.1400","99.0000","110.0000","107.0000","117.0000","109.0000","-0.9000","-0.7394","-0.7100","-0.8700","-1.1600","22.8300","14.1700","16.5400","8.6600","14.9600","13","0","30.7100","89.0000","-0.8800","0.0000","30.7100","89.0000","-0.8900","0","30.7100","89.0000","-0.9600","3","63.7800","47.0000","-0.1800","0.2100","69.2900","40.0000","-0.0700","2","69.2900","40.0000","-0.0100","0.0000","30.7100","89.0000","-1.0800","0.1400","80.3200","26.0000","0.7500","0.0000","98.4300","3.0000","-0.1200","0","98.4300","3.0000","-0.1200","0.0000","98.4300","3.0000","-0.1100","0","98.4300","3.0000","-0.1300","7","0","0"
"AAD2023.06.02752","289","7691","21","University of Maryland, College Park","Astronomy, Department of","Astronomy and Astrophysics","17","72.0000","472","56.0000","17","68.0000","27.7600","40.0000","19901","51.0000","17","68.0000","1.0000","1.0000","15","50.0000","38","62.0000","9280513.0000","66.0000","51","35.0000","12","58.0000","2","53.0000","2","38.0000","17","25","0","18","20","0.1200","0.4400","33.0000","74.8000","0.1200","-0.0800","52.0000","59.8400","1.0000","0.6600","1.0000","100.0000","27.7600","0.6700","36.0000","72.4400","1.0000","0.6100","1.0000","100.0000","1170.6500","0.6200","28.0000","78.7400","42.1600","0.1300","31.0000","76.3800","0.8800","1.2600","7.0000","95.2800","2.2400","0.5700","33.0000","74.8000","545912.5300","-0.1200","61.0000","52.7600","244224.0300","-0.5800","91.0000","29.1300","3.0000","1.1000","16.0000","88.1900","0.7100","0.6500","37.0000","71.6500","0.6000","14.0000","89.7600","-0.1500","0.0600","-0.2900","0.0700","-0.2900","0.5800","0.3093","0.2300","-0.2900","0.0400","-0.4200","-0.0900","-0.1000","-0.3600","55.1200","70.8700","47.2400","61.4200","47.2400","69.2900","100.0000","73.2300","59.0600","60.6300","48.8200","51.9700","56.6900","44.0900","127","4/1/2025 16:37","42","13","3.2300","2.4700","0.7600","36.0000","65.0000","50.0000","38.0000","4.0000","0.3600","-0.3171","-0.2400","0.1200","1.7700","72.4400","49.6100","61.4200","70.8700","97.6400","13","1","49.6100","65.0000","-0.5300","0.0600","41.7300","75.0000","-0.3600","1","49.6100","65.0000","-0.4900","0","44.8800","71.0000","-0.2800","0.0000","44.8800","71.0000","-0.2000","0","44.8800","71.0000","-0.7600","0.0600","43.3100","73.0000","-0.2800","0.0000","44.8800","71.0000","-0.8400","0.0000","98.4300","3.0000","-0.1200","0","98.4300","3.0000","-0.1200","0.0000","98.4300","3.0000","-0.1100","0","98.4300","3.0000","-0.1300","7","0","0"
"AAD2023.06.02752","308","8024","21","University of Nebraska - Lincoln","Physics and Astronomy, Department of","Astronomy and Astrophysics","29","34.0000","686","40.0000","27","33.0000","25.4100","54.0000","15959","64.0000","27","35.0000","1.0000","1.0000","22","28.0000","56","39.0000","24648182.0000","35.0000","28","61.0000","17","38.0000","9","10.0000","3","22.0000","17","25","0","18","20","0.1000","0.2700","41.0000","68.5000","0.3100","1.1400","14.0000","89.7600","0.9300","0.0600","79.0000","38.5800","23.6600","0.3000","55.0000","57.4800","0.9300","0.0300","86.0000","33.0700","550.3100","-0.3700","76.0000","40.9400","23.2600","-0.3800","98.0000","23.6200","0.7600","0.7600","34.0000","74.0200","1.9300","0.2800","45.0000","65.3500","849937.3100","0.5500","33.0000","74.8000","440146.1100","0.7100","27.0000","79.5300","0.9700","-0.4100","72.0000","44.0900","0.5900","0.1900","63.0000","51.1800","0.0000","55.0000","57.4800","0.2600","0.5800","0.3700","0.6900","0.3700","0.3700","0.3093","-0.2800","1.4500","-0.1800","0.5100","0.4100","0.3900","0.4200","70.8700","83.4600","73.2300","78.7400","74.8000","58.2700","100.0000","52.7600","92.9100","50.3900","73.2300","70.0800","69.2900","74.0200","127","4/1/2025 16:37","80","15","5.3300","2.7600","0.5200","24.0000","35.0000","31.0000","35.0000","34.0000","0.5900","0.0805","0.2100","0.2400","0.6000","81.8900","73.2300","76.3800","73.2300","74.0200","13","7","92.9100","10.0000","1.5400","0.2400","91.3400","12.0000","1.2800","7","98.4300","3.0000","2.3100","25","93.7000","9.0000","0.5800","0.8600","95.2800","7.0000","0.3300","9","98.4300","3.0000","2.6400","0.2400","96.8500","5.0000","2.1800","0.3100","99.2100","2.0000","2.6200","0.0000","98.4300","3.0000","-0.1200","0","98.4300","3.0000","-0.1200","0.0000","98.4300","3.0000","-0.1100","0","98.4300","3.0000","-0.1300","7","0","0"
"AAD2023.06.02752","341","8196","21","University of Toledo, The","Physics and Astronomy, Department of","Astronomy and Astrophysics","19","63.0000","344","74.0000","17","68.0000","20.2400","69.0000","16463","62.0000","18","64.0000","1.0000","1.0000","10","74.0000","23","74.0000","5428775.0000","85.0000","17","75.0000","9","73.0000","4","31.0000","3","22.0000","17","25","0","18","20","0.1600","0.9100","22.0000","83.4600","0.2100","0.5100","28.0000","78.7400","0.8900","-0.2500","92.0000","28.3500","18.1100","-0.2100","72.0000","44.0900","0.9500","0.1700","81.0000","37.0100","866.4700","0.1400","52.0000","59.8400","47.8600","0.2900","24.0000","81.8900","0.5300","-0.1700","83.0000","35.4300","1.2100","-0.4000","81.0000","37.0100","285725.0000","-0.6900","92.0000","28.3500","236033.7000","-0.6400","97.0000","24.4100","0.8900","-0.4700","78.0000","39.3700","0.4700","-0.2400","78.0000","39.3700","-0.3000","73.0000","43.3100","-0.3900","0.5800","-0.2200","-0.3700","-0.2900","-0.1100","0.3093","-0.5300","0.2100","-0.1500","-0.6500","-0.5100","-0.3900","-0.2300","43.3100","83.4600","50.3900","42.5200","47.2400","46.4600","100.0000","41.7300","76.3800","51.9700","33.8600","42.5200","42.5200","51.1800","127","4/1/2025 16:37","101","8","12.6300","5.3200","0.4200","65.0000","12.0000","24.0000","12.0000","55.0000","-0.2100","1.4629","0.4600","1.3200","0.1500","49.6100","91.3400","81.8900","91.3400","57.4800","13","11","98.4300","3.0000","2.9200","0.5800","100.0000","1.0000","4.3100","2","64.5700","46.0000","-0.0200","11","84.2500","21.0000","0.1000","0.5800","90.5500","13.0000","0.1500","4","81.1000","25.0000","0.7500","0.1100","68.5000","41.0000","0.3400","0.2100","92.1300","11.0000","1.5100","0.0000","98.4300","3.0000","-0.1200","0","98.4300","3.0000","-0.1200","0.0000","98.4300","3.0000","-0.1100","0","98.4300","3.0000","-0.1300","7","0","0"
"AAD2023.06.02752","344","8286","21","University of Vermont, The","Physics, Department of","Astronomy and Astrophysics","8","106.0000","64","106.0000","7","103.0000","9.1400","110.0000","716","114.0000","7","103.0000","1.0000","1.0000","3","102.0000","10","96.0000","3921640.0000","91.0000","3","108.0000","3","101.0000","0","90.0000","0","90.0000","17","25","0","18","20","0.0000","-0.9400","90.0000","29.9200","0.0000","-0.8200","90.0000","29.9200","0.8800","-0.4200","98.0000","23.6200","8.0000","-1.1300","111.0000","13.3900","0.8800","-0.4400","99.0000","22.8300","89.5000","-1.1100","116.0000","9.4500","11.1900","-0.7100","120.0000","6.3000","0.3800","-0.7800","102.0000","20.4700","1.2500","-0.3600","76.0000","40.9400","490205.0000","-0.2400","71.0000","44.8800","392164.0000","0.4000","41.0000","68.5000","0.3800","-0.8500","105.0000","18.1100","0.3800","-0.6200","96.0000","25.2000","-0.8000","97.0000","24.4100","-0.8800","-0.9600","-0.9500","-0.9900","-0.9500","-1.1300","0.3093","-0.8400","-0.7900","-1.0100","-0.7500","-0.8700","-1.0300","-0.9500","21.2600","29.9200","19.6900","20.4700","19.6900","14.1700","100.0000","15.7500","29.9200","11.0200","29.1300","25.2000","17.3200","17.3200","127","4/1/2025 16:37","3","1","3.0000","0.3800","0.1300","105.0000","67.0000","103.0000","101.0000","113.0000","-1.0100","-0.3607","-0.7000","-0.7700","-1.2500","18.1100","48.0300","19.6900","21.2600","11.8100","13","1","49.6100","65.0000","-0.5300","0.1300","73.2300","35.0000","0.2300","1","49.6100","65.0000","-0.4900","2","59.8400","52.0000","-0.2100","0.2500","72.4400","36.0000","-0.0500","2","69.2900","40.0000","-0.0100","0.1300","79.5300","27.0000","0.6100","0.2500","95.2800","7.0000","1.9500","0.0000","98.4300","3.0000","-0.1200","0","98.4300","3.0000","-0.1200","0.0000","98.4300","3.0000","-0.1100","0","98.4300","3.0000","-0.1300","7","0","0"
"AAD2023.06.02752","347","8324","21","University of Wisconsin - Madison","Astronomy, Department of","Astronomy and Astrophysics","16","76.0000","421","63.0000","16","72.0000","26.3100","47.0000","15017","65.0000","16","73.0000","1.0000","1.0000","13","60.0000","42","57.0000","11626518.0000","61.0000","41","42.0000","10","66.0000","3","41.0000","2","38.0000","17","25","0","18","20","0.1300","0.5300","30.0000","77.1700","0.1900","0.3600","33.0000","74.8000","1.0000","0.6600","1.0000","100.0000","26.3100","0.5400","43.0000","66.9300","1.0000","0.6100","1.0000","100.0000","938.5600","0.2500","46.0000","64.5700","35.6700","-0.0400","48.0000","62.9900","0.8100","0.9800","16.0000","88.1900","2.6300","0.9300","24.0000","81.8900","726657.3800","0.2800","45.0000","65.3500","276821.8600","-0.3700","83.0000","35.4300","2.5600","0.7800","22.0000","83.4600","0.6300","0.3400","52.0000","59.8400","0.5000","20.0000","85.0400","-0.3100","0.0600","-0.3600","-0.1000","-0.3500","0.4500","0.3093","0.0000","-0.0400","-0.2300","-0.2800","0.0200","-0.2100","-0.4200","48.8200","70.8700","43.3100","53.5400","44.0900","63.7800","100.0000","67.7200","68.5000","49.6100","52.7600","55.9100","51.1800","40.9400","127","4/1/2025 16:37","15","5","3.0000","0.9400","0.3100","82.0000","67.0000","79.0000","80.0000","80.0000","-0.5500","-0.3607","-0.5600","-0.5300","-0.3600","36.2200","48.0300","38.5800","37.8000","37.8000","13","2","62.2000","49.0000","-0.1900","0.1300","73.2300","35.0000","0.2300","2","64.5700","46.0000","-0.0200","0","44.8800","71.0000","-0.2800","0.0000","44.8800","71.0000","-0.2000","0","44.8800","71.0000","-0.7600","0.1300","79.5300","27.0000","0.6100","0.0000","44.8800","71.0000","-0.8400","0.0000","98.4300","3.0000","-0.1200","0","98.4300","3.0000","-0.1200","0.0000","98.4300","3.0000","-0.1100","0","98.4300","3.0000","-0.1300","7","0","0"
"AAD2023.06.02752","351","8559","21","Vanderbilt University","Physics and Astronomy, Department of","Astronomy and Astrophysics","35","24.0000","1109","16.0000","29","28.0000","38.2400","7.0000","46316","13.0000","32","25.0000","1.0000","1.0000","19","37.0000","54","40.0000","39379652.0000","11.0000","79","25.0000","22","25.0000","2","53.0000","2","38.0000","17","25","0","18","20","0.0600","-0.2700","65.0000","49.6100","0.0600","-0.4600","75.0000","41.7300","0.8300","-0.8200","109.0000","14.9600","31.6900","1.0300","22.0000","83.4600","0.9100","-0.1100","93.0000","27.5600","1323.3100","0.8700","21.0000","84.2500","41.7600","0.1200","32.0000","75.5900","0.5400","-0.1000","77.0000","40.1600","1.5400","-0.0900","66.0000","48.8200","1125132.9100","1.1600","19.0000","85.8300","729252.8100","2.6300","2.0000","99.2100","2.2600","0.5500","29.0000","77.9500","0.6300","0.3500","51.0000","60.6300","0.1000","44.0000","66.1400","0.6700","0.0600","0.7000","0.4300","0.5100","1.5500","0.3093","0.8500","-0.2900","1.4800","1.4100","0.3600","1.3600","0.8200","81.1000","70.8700","81.1000","71.6500","78.7400","95.2800","100.0000","81.1000","59.0600","90.5500","92.1300","69.2900","88.1900","81.8900","127","4/1/2025 16:37","53","9","5.8900","1.5100","0.2600","56.0000","27.0000","44.0000","58.0000","91.0000","-0.1000","0.1866","-0.1100","-0.2900","-0.6200","56.6900","79.5300","66.1400","55.1200","29.1300","13","4","81.1000","25.0000","0.5000","0.1100","69.2900","40.0000","0.1300","4","87.4000","17.0000","0.9100","35","96.8500","5.0000","0.9300","1.0000","97.6400","4.0000","0.4100","6","92.9100","10.0000","1.5100","0.1100","74.0200","34.0000","0.4700","0.1700","86.6100","18.0000","1.0700","0.0000","98.4300","3.0000","-0.1200","0","98.4300","3.0000","-0.1200","0.0000","98.4300","3.0000","-0.1100","0","98.4300","3.0000","-0.1300","7","0","0"
"AAD2023.06.02752","27","8720","21","Brigham Young University","Physics and Astronomy, Department of","Astronomy and Astrophysics","31","27.0000","341","76.0000","31","25.0000","11.0000","104.0000","6899","85.0000","31","26.0000","1.0000","1.0000","12","65.0000","29","68.0000","8941523.0000","69.0000","19","70.0000","13","54.0000","1","73.0000","1","62.0000","17","25","0","18","20","0.0300","-0.5600","85.0000","33.8600","0.0300","-0.6200","88.0000","31.5000","1.0000","0.6600","1.0000","100.0000","11.0000","-0.8600","97.0000","24.4100","1.0000","0.6100","1.0000","100.0000","222.5500","-0.9000","99.0000","22.8300","20.2300","-0.4700","104.0000","18.9000","0.3900","-0.7300","100.0000","22.0500","0.9400","-0.6600","94.0000","26.7700","288436.2300","-0.6900","91.0000","29.1300","308328.3800","-0.1600","73.0000","43.3100","0.6100","-0.6800","92.0000","28.3500","0.4200","-0.4500","88.0000","31.5000","-0.6000","92.0000","28.3500","-0.0700","-0.4500","0.6300","-0.1900","0.6400","-0.9600","0.3093","-0.4800","-0.5400","-0.6700","-0.4400","-0.3400","-0.4000","0.5500","58.2700","51.9700","80.3200","49.6100","81.1000","18.9000","100.0000","45.6700","43.3100","33.8600","46.4600","47.2400","40.9400","79.5300","127","4/1/2025 16:37","92","20","4.6000","2.9700","0.6500","13.0000","43.0000","25.0000","32.0000","17.0000","1.1700","-0.0577","0.3500","0.3300","1.2100","90.5500","66.9300","81.1000","75.5900","87.4000","13","2","62.2000","49.0000","-0.1900","0.0600","44.0900","72.0000","-0.3100","2","64.5700","46.0000","-0.0200","30","95.2800","7.0000","0.7500","0.9700","96.0600","6.0000","0.3900","5","88.1900","16.0000","1.1300","0.0600","44.8800","71.0000","-0.2100","0.1600","83.4600","22.0000","0.9600","0.0000","98.4300","3.0000","-0.1200","0","98.4300","3.0000","-0.1200","0.0000","98.4300","3.0000","-0.1100","0","98.4300","3.0000","-0.1300","7","0","0"
"AAD2023.06.02752","153","9054","21","Northwestern University","Physics and Astronomy, Department of","Astronomy and Astrophysics","41","15.0000","1122","14.0000","41","14.0000","27.3700","42.0000","57183","6.0000","41","14.0000","1.0000","1.0000","32","10.0000","104","6.0000","37637420.0000","15.0000","121","10.0000","36","9.0000","2","53.0000","1","62.0000","17","25","0","18","20","0.0200","-0.6500","89.0000","30.7100","0.0500","-0.5100","83.0000","35.4300","1.0000","0.6600","1.0000","100.0000","27.3700","0.6300","38.0000","70.8700","1.0000","0.6100","1.0000","100.0000","1394.7100","0.9900","19.0000","85.8300","50.9700","0.3700","17.0000","87.4000","0.7800","0.8500","27.0000","79.5300","2.5400","0.8500","25.0000","81.1000","917985.8500","0.7000","29.0000","77.9500","361898.2700","0.2000","56.0000","56.6900","2.9500","1.0700","18.0000","86.6100","0.8800","1.3100","12.0000","91.3400","0.4000","27.0000","79.5300","1.8000","-0.4500","1.2900","1.5700","1.3000","0.5500","0.3093","1.7800","-0.2900","2.0800","1.3000","1.7500","1.3900","1.2100","93.7000","51.9700","89.7600","92.9100","89.7600","67.7200","100.0000","92.9100","59.0600","96.0600","88.9800","96.0600","89.7600","88.9800","127","4/1/2025 16:37","70","14","5.0000","1.7100","0.3400","29.0000","37.0000","38.0000","52.0000","76.0000","0.4800","0.0181","0.0900","-0.2000","-0.2300","77.9500","71.6500","70.8700","59.8400","40.9400","13","3","69.2900","40.0000","0.1600","0.0700","48.0300","67.0000","-0.2400","3","80.3100","26.0000","0.4400","26","94.4900","8.0000","0.6200","0.6300","92.1300","11.0000","0.1900","7","95.2800","7.0000","1.8900","0.0700","49.6100","65.0000","-0.0900","0.1700","85.8300","19.0000","1.0700","0.0000","98.4300","3.0000","-0.1200","0","98.4300","3.0000","-0.1200","0.0000","98.4300","3.0000","-0.1100","0","98.4300","3.0000","-0.1300","7","0","0"
"AAD2023.06.02752","168","9109","21","Purdue University","Physics and Astronomy, Department of","Astronomy and Astrophysics","48","10.0000","1066","19.0000","48","9.0000","22.2100","62.0000","27382","36.0000","47","9.0000","0.9800","111.0000","32","10.0000","100","8.0000","39245297.0000","12.0000","81","24.0000","31","15.0000","7","16.0000","3","22.0000","17","25","0","18","20","0.0600","-0.2100","61.0000","52.7600","0.1500","0.1000","42.0000","67.7200","1.0000","0.6600","1.0000","100.0000","22.2100","0.1600","59.0000","54.3300","0.9800","0.4300","64.0000","50.3900","570.4600","-0.3400","74.0000","42.5200","25.6900","-0.3200","84.0000","34.6500","0.6700","0.3900","58.0000","55.1200","2.0800","0.4200","36.0000","72.4400","817610.3500","0.4800","36.0000","72.4400","392452.9700","0.4000","40.0000","69.2900","1.6900","0.1300","42.0000","67.7200","0.6500","0.4200","47.0000","63.7800","0.1000","44.0000","66.1400","1.4000","0.5800","1.6900","1.5700","1.7600","0.0700","-0.2991","0.8900","0.9500","0.4500","1.4000","1.6400","1.2600","1.6600","88.9800","83.4600","93.7000","92.9100","93.7000","51.9700","13.3900","81.8900","88.1900","72.4400","91.3400","94.4900","85.8300","92.9100","127","4/1/2025 16:37","111","22","5.0500","2.3100","0.4600","10.0000","36.0000","21.0000","41.0000","47.0000","1.4000","0.0275","0.5700","0.0500","0.3300","92.9100","72.4400","84.2500","68.5000","63.7800","13","5","85.0400","20.0000","0.8500","0.1000","63.7800","47.0000","0.0400","5","91.3400","12.0000","1.3800","24","92.1300","11.0000","0.5500","0.5000","88.1900","16.0000","0.1000","7","95.2800","7.0000","1.8900","0.1000","67.7200","42.0000","0.3300","0.1500","81.1000","25.0000","0.7900","0.0000","98.4300","3.0000","-0.1200","0","98.4300","3.0000","-0.1200","0.0000","98.4300","3.0000","-0.1100","0","98.4300","3.0000","-0.1300","7","0","0"
"AAD2023.06.02752","345","9598","21","University of Virginia","Astronomy, Department of","Astronomy and Astrophysics","18","67.0000","463","57.0000","18","63.0000","25.7200","53.0000","19335","53.0000","18","64.0000","1.0000","1.0000","16","44.0000","42","57.0000","9812092.0000","65.0000","39","46.0000","12","58.0000","0","90.0000","0","90.0000","17","25","0","18","20","0.0000","-0.9400","90.0000","29.9200","0.0000","-0.8200","90.0000","29.9200","1.0000","0.6600","1.0000","100.0000","25.7200","0.4800","49.0000","62.2000","1.0000","0.6100","1.0000","100.0000","1074.1700","0.4700","35.0000","73.2300","41.7600","0.1200","33.0000","74.8000","0.8900","1.2900","5.0000","96.8500","2.3300","0.6600","31.0000","76.3800","545116.2200","-0.1200","62.0000","51.9700","233621.2400","-0.6500","99.0000","22.8300","2.1700","0.4800","30.0000","77.1700","0.6700","0.5000","44.0000","66.1400","0.3000","32.0000","75.5900","-0.1500","-0.9600","-0.2200","0.1600","-0.2200","0.4000","0.3093","-0.0400","-0.7900","0.0100","-0.3900","0.0200","-0.1200","-0.2900","55.1200","29.9200","50.3900","66.1400","51.1800","59.0600","100.0000","64.5700","29.9200","59.0600","49.6100","55.9100","55.9100","48.0300","127","4/1/2025 16:37","25","9","2.7800","1.3900","0.5000","56.0000","75.0000","69.0000","62.0000","35.0000","-0.1000","-0.4023","-0.4400","-0.3400","0.5200","56.6900","41.7300","46.4600","51.9700","73.2300","13","1","49.6100","65.0000","-0.5300","0.0600","37.8000","80.0000","-0.3900","1","49.6100","65.0000","-0.4900","0","44.8800","71.0000","-0.2800","0.0000","44.8800","71.0000","-0.2000","0","44.8800","71.0000","-0.7600","0.0600","39.3700","78.0000","-0.3300","0.0000","44.8800","71.0000","-0.8400","0.0000","98.4300","3.0000","-0.1200","0","98.4300","3.0000","-0.1200","0.0000","98.4300","3.0000","-0.1100","0","98.4300","3.0000","-0.1300","7","0","0"
"AAD2023.06.02752","24","9701","21","Boston University","Astronomy, Department of","Astronomy and Astrophysics","16","76.0000","565","51.0000","16","72.0000","35.3100","12.0000","22890","41.0000","16","73.0000","1.0000","1.0000","15","50.0000","92","10.0000","29652679.0000","25.0000","27","63.0000","11","62.0000","1","73.0000","1","62.0000","17","25","0","18","20","0.0600","-0.2100","61.0000","52.7600","0.0600","-0.4300","73.0000","43.3100","1.0000","0.6600","1.0000","100.0000","35.3100","1.3600","9.0000","93.7000","1.0000","0.6100","1.0000","100.0000","1430.6300","1.0400","17.0000","87.4000","40.5100","0.0900","35.0000","73.2300","0.9400","1.4800","1.0000","100.0000","5.7500","3.8800","1.0000","100.0000","1853292.4400","2.7700","3.0000","98.4300","322311.7300","-0.0700","67.0000","48.0300","1.6900","0.1300","42.0000","67.7200","0.6900","0.5800","41.0000","68.5000","0.6000","14.0000","89.7600","-0.2300","-0.4500","-0.3600","0.0700","-0.3500","1.2800","0.3093","-0.3100","-0.5400","0.2000","0.8200","1.4200","0.1100","-0.4200","51.9700","51.9700","43.3100","61.4200","44.0900","91.3400","100.0000","51.1800","43.3100","68.5000","81.1000","92.9100","60.6300","40.9400","127","4/1/2025 16:37","15","7","2.1400","0.9400","0.4400","68.0000","93.0000","79.0000","80.0000","51.0000","-0.3300","-0.5235","-0.5600","-0.5300","0.2300","47.2400","27.5600","38.5800","37.8000","60.6300","13","2","62.2000","49.0000","-0.1900","0.1300","73.2300","35.0000","0.2300","2","64.5700","46.0000","-0.0200","0","44.8800","71.0000","-0.2800","0.0000","44.8800","71.0000","-0.2000","0","44.8800","71.0000","-0.7600","0.1300","79.5300","27.0000","0.6100","0.0000","44.8800","71.0000","-0.8400","0.0000","98.4300","3.0000","-0.1200","0","98.4300","3.0000","-0.1200","0.0000","98.4300","3.0000","-0.1100","0","98.4300","3.0000","-0.1300","7","0","0"
"AAD2023.06.02752","263","10203","21","University of Colorado Boulder","Astrophysical and Planetary Sciences, Department of","Astronomy and Astrophysics","26","42.0000","930","23.0000","26","38.0000","35.7700","10.0000","36682","24.0000","26","39.0000","1.0000","1.0000","23","24.0000","90","13.0000","44079241.0000","9.0000","44","39.0000","20","28.0000","12","7.0000","4","15.0000","17","25","0","18","20","0.1500","0.8600","23.0000","82.6800","0.4600","2.0900","5.0000","96.8500","1.0000","0.6600","1.0000","100.0000","35.7700","1.4000","8.0000","94.4900","1.0000","0.6100","1.0000","100.0000","1410.8500","1.0100","18.0000","86.6100","39.4400","0.0600","40.0000","69.2900","0.8800","1.2700","6.0000","96.0600","3.4600","1.7200","7.0000","95.2800","1695355.4200","2.4200","4.0000","97.6400","489769.3400","1.0400","18.0000","86.6100","1.6900","0.1300","41.0000","68.5000","0.7700","0.8900","29.0000","77.9500","0.7000","9.0000","93.7000","0.5000","1.0900","0.3000","0.7800","0.3100","1.3200","0.3093","0.0700","2.1900","0.9600","1.6900","1.3600","0.9500","0.2300","78.7400","88.9800","70.0800","81.8900","70.8700","92.9100","100.0000","70.0800","95.2800","81.8900","93.7000","90.5500","82.6800","67.7200","127","4/1/2025 16:37","89","15","5.9300","3.4200","0.5800","24.0000","26.0000","28.0000","30.0000","23.0000","0.5900","0.1942","0.3100","0.5200","0.8900","81.8900","80.3200","78.7400","77.1700","82.6800","13","10","97.6400","4.0000","2.5700","0.3800","97.6400","4.0000","2.5600","3","80.3100","26.0000","0.4400","0","44.8800","71.0000","-0.2800","0.0000","44.8800","71.0000","-0.2000","0","44.8800","71.0000","-0.7600","0.1200","75.5900","32.0000","0.4800","0.0000","44.8800","71.0000","-0.8400","0.0000","98.4300","3.0000","-0.1200","0","98.4300","3.0000","-0.1200","0.0000","98.4300","3.0000","-0.1100","0","98.4300","3.0000","-0.1300","7","0","0"
"AAD2023.06.02752","219","10330","21","Texas Christian University","Physics and Astronomy, Department of","Astronomy and Astrophysics","8","106.0000","117","95.0000","6","107.0000","19.5000","71.0000","4821","93.0000","6","106.0000","1.0000","1.0000","3","102.0000","8","98.0000","1528996.0000","102.0000","3","108.0000","1","112.0000","0","90.0000","0","90.0000","17","25","0","18","20","0.0000","-0.9400","90.0000","29.9200","0.0000","-0.8200","90.0000","29.9200","0.7500","-1.5000","117.0000","8.6600","14.6300","-0.5300","81.0000","37.0100","0.7500","-1.4900","121.0000","5.5100","602.6300","-0.2900","69.0000","46.4600","41.2100","0.1100","34.0000","74.0200","0.3800","-0.7800","102.0000","20.4700","1.0000","-0.6000","88.0000","31.5000","191124.5000","-0.9000","103.0000","19.6900","191124.5000","-0.9400","110.0000","14.1700","0.3800","-0.8500","105.0000","18.1100","0.1300","-1.5700","118.0000","7.8700","-0.6000","92.0000","28.3500","-1.0400","-0.9600","-1.0200","-0.9900","-1.0100","-0.1800","0.3093","-0.8400","-0.7900","-0.7800","-0.8900","-0.9300","-0.9100","-0.9500","12.6000","29.9200","17.3200","20.4700","16.5400","44.8800","100.0000","15.7500","29.9200","27.5600","20.4700","23.6200","25.9800","17.3200","127","4/1/2025 16:37","1","1","1.0000","0.1300","0.1300","105.0000","110.0000","113.0000","118.0000","113.0000","-1.0100","-0.7394","-0.7200","-0.8700","-1.2500","18.1100","14.1700","11.8100","7.8700","11.8100","13","3","69.2900","40.0000","0.1600","0.3800","96.0600","6.0000","2.4800","2","64.5700","46.0000","-0.0200","4","65.3500","45.0000","-0.1400","0.5000","88.1900","16.0000","0.1000","2","69.2900","40.0000","-0.0100","0.2500","97.6400","4.0000","2.3000","0.2500","95.2800","7.0000","1.9500","0.0000","98.4300","3.0000","-0.1200","0","98.4300","3.0000","-0.1200","0.0000","98.4300","3.0000","-0.1100","0","98.4300","3.0000","-0.1300","7","0","0"
"AAD2023.06.02752","156","10409","21","Ohio State University, The","Astronomy, Department of","Astronomy and Astrophysics","21","55.0000","700","39.0000","20","56.0000","35.0000","13.0000","31199","28.0000","20","56.0000","1.0000","1.0000","18","38.0000","52","46.0000","11324360.0000","62.0000","84","21.0000","19","31.0000","5","23.0000","4","15.0000","17","25","0","18","20","0.1900","1.2900","11.0000","92.1300","0.2400","0.6800","26.0000","80.3200","0.9500","0.2500","73.0000","43.3100","33.3300","1.1800","15.0000","88.9800","0.9500","0.2100","78.0000","39.3700","1485.6700","1.1300","14.0000","89.7600","44.5700","0.2000","28.0000","78.7400","0.8600","1.1600","9.0000","93.7000","2.4800","0.7900","28.0000","78.7400","539255.2400","-0.1300","63.0000","51.1800","217776.1500","-0.7600","105.0000","18.1100","4.0000","1.8500","8.0000","94.4900","0.9000","1.4100","5.0000","96.8500","0.6000","14.0000","89.7600","0.4200","1.0900","-0.0900","0.3400","-0.0900","1.2500","0.3093","0.9600","0.4500","0.6600","-0.3000","0.3000","0.4200","-0.1000","76.3800","88.9800","56.6900","70.8700","56.6900","90.5500","100.0000","84.2500","82.6800","78.7400","51.9700","64.5700","70.0800","57.4800","127","4/1/2025 16:37","37","11","3.3600","1.7600","0.5200","47.0000","61.0000","57.0000","51.0000","31.0000","0.1300","-0.2925","-0.3000","-0.1800","0.6300","63.7800","52.7600","55.9100","60.6300","76.3800","13","3","69.2900","40.0000","0.1600","0.1400","77.9500","29.0000","0.3900","3","80.3100","26.0000","0.4400","0","44.8800","71.0000","-0.2800","0.0000","44.8800","71.0000","-0.2000","0","44.8800","71.0000","-0.7600","0.1400","85.8300","19.0000","0.8500","0.0000","44.8800","71.0000","-0.8400","0.0000","98.4300","3.0000","-0.1200","0","98.4300","3.0000","-0.1200","0.0000","98.4300","3.0000","-0.1100","0","98.4300","3.0000","-0.1300","7","0","0"
"AAD2023.06.02752","313","10770","21","University of New Hampshire","Physics and Astronomy, Department of","Astronomy and Astrophysics","32","26.0000","623","47.0000","29","28.0000","21.4800","65.0000","13911","66.0000","30","28.0000","0.9700","114.0000","25","18.0000","80","17.0000","39077470.0000","13.0000","29","57.0000","16","43.0000","4","31.0000","3","22.0000","17","25","0","18","20","0.0900","0.1600","48.0000","62.9900","0.1300","-0.0300","49.0000","62.2000","0.9100","-0.1500","87.0000","32.2800","19.4700","-0.0900","67.0000","48.0300","0.9400","0.0800","84.0000","34.6500","434.7200","-0.5600","84.0000","34.6500","22.3300","-0.4100","100.0000","22.0500","0.7800","0.8500","26.0000","80.3200","2.5000","0.8200","26.0000","80.3200","1221170.9400","1.3700","14.0000","89.7600","488468.3800","1.0300","19.0000","85.8300","0.9100","-0.4600","77.0000","40.1600","0.5000","-0.1400","72.0000","44.0900","0.1000","44.0000","66.1400","0.1800","0.5800","0.5700","0.9600","0.5100","0.0100","-0.6327","-0.2600","0.2100","-0.2900","1.3900","1.0800","0.2500","0.6200","66.9300","83.4600","78.7400","86.6100","78.7400","49.6100","11.0200","55.9100","76.3800","48.8200","90.5500","87.4000","63.7800","80.3200","127","4/1/2025 16:37","40","14","2.8600","1.2500","0.4400","29.0000","71.0000","53.0000","65.0000","51.0000","0.4800","-0.3872","-0.2600","-0.4000","0.2300","77.9500","44.8800","59.0600","49.6100","60.6300","13","7","92.9100","10.0000","1.5400","0.2200","89.7600","14.0000","1.0700","6","95.2800","7.0000","1.8500","7","77.1700","30.0000","-0.0400","0.2200","71.6500","37.0000","-0.0700","4","81.1000","25.0000","0.7500","0.1900","91.3400","12.0000","1.4500","0.1300","72.4400","36.0000","0.5500","0.0000","98.4300","3.0000","-0.1200","0","98.4300","3.0000","-0.1200","0.0000","98.4300","3.0000","-0.1100","0","98.4300","3.0000","-0.1300","7","0","0"
"AAD2023.06.02752","64","11240","21","East Texas A&M University","Physics and Astronomy, Department of","Astronomy and Astrophysics","11","94.0000","98","99.0000","8","100.0000","12.2500","95.0000","2084","101.0000","9","99.0000","1.0000","1.0000","7","85.0000","13","94.0000","2962548.0000","95.0000","10","84.0000","5","85.0000","3","41.0000","2","38.0000","17","25","0","18","20","0.1800","1.1900","13.0000","90.5500","0.2700","0.9000","20.0000","85.0400","0.7300","-1.7000","120.0000","6.3000","8.9100","-1.0500","106.0000","17.3200","0.8200","-0.9200","112.0000","12.6000","189.4500","-0.9500","102.0000","20.4700","21.2700","-0.4400","102.0000","20.4700","0.6400","0.2700","64.0000","50.3900","1.1800","-0.4300","83.0000","35.4300","269322.5500","-0.7300","96.0000","25.2000","227888.3100","-0.6900","100.0000","22.0500","0.9100","-0.4500","76.0000","40.9400","0.4500","-0.3100","82.0000","36.2200","-0.8000","97.0000","24.4100","-0.7200","0.0600","-0.8200","-0.6300","-0.8800","-0.8400","0.3093","-0.6800","-0.0400","-0.9300","-0.8000","-0.7900","-0.9500","-0.7500","33.8600","70.8700","22.8300","33.8600","22.0500","25.9800","100.0000","34.6500","68.5000","21.2600","25.9800","26.7700","22.8300","26.7700","127","4/1/2025 16:37","18","5","3.6000","1.6400","0.4500","82.0000","58.0000","76.0000","55.0000","48.0000","-0.5500","-0.2471","-0.5200","-0.2300","0.3100","36.2200","55.1200","40.9400","57.4800","62.9900","13","2","62.2000","49.0000","-0.1900","0.1800","85.8300","19.0000","0.7400","2","64.5700","46.0000","-0.0200","0","44.8800","71.0000","-0.2800","0.0000","44.8800","71.0000","-0.2000","0","44.8800","71.0000","-0.7600","0.1800","90.5500","13.0000","1.3800","0.0000","44.8800","71.0000","-0.8400","0.0000","98.4300","3.0000","-0.1200","0","98.4300","3.0000","-0.1200","0.0000","98.4300","3.0000","-0.1100","0","98.4300","3.0000","-0.1300","7","0","0"
"AAD2023.06.02752","336","11258","21","University of Southern Mississippi, The","Physics and Astronomy, Department of","Astronomy and Astrophysics","6","113.0000","17","123.0000","4","117.0000","4.2500","121.0000","122","127.0000","5","111.0000","1.0000","1.0000","1","111.0000","2","111.0000","181221.0000","119.0000","1","115.0000","1","112.0000","0","90.0000","0","90.0000","17","25","0","18","20","0.0000","-0.9400","90.0000","29.9200","0.0000","-0.8200","90.0000","29.9200","0.6700","-2.2200","123.0000","3.9400","2.8300","-1.6000","122.0000","4.7200","0.8300","-0.7900","106.0000","17.3200","20.3300","-1.2300","125.0000","2.3600","7.1800","-0.8200","126.0000","1.5700","0.1700","-1.6100","113.0000","11.8100","0.3300","-1.2300","113.0000","11.8100","30203.5000","-1.2500","117.0000","8.6600","90610.5000","-1.6000","119.0000","7.0900","0.1700","-1.0100","116.0000","9.4500","0.1700","-1.4100","113.0000","11.8100","-1.5000","122.0000","4.7200","-1.0400","-0.9600","-1.0800","-1.1600","-1.1500","-1.5800","0.3093","-0.8800","-0.7900","-1.0400","-0.9700","-1.0900","-1.1400","-1.0800","12.6000","29.9200","13.3900","13.3900","8.6600","5.5100","100.0000","10.2400","29.9200","0.7900","7.0900","13.3900","3.9400","11.8100","127","4/1/2025 16:37","0","0","0.0000","0.0000","0.0000","120.0000","120.0000","120.0000","120.0000","120.0000","-1.1300","-0.9288","-0.7300","-0.9300","-1.8400","6.3000","6.3000","6.3000","6.3000","6.3000","13","0","30.7100","89.0000","-0.8800","0.0000","30.7100","89.0000","-0.8900","0","30.7100","89.0000","-0.9600","0","44.8800","71.0000","-0.2800","0.0000","44.8800","71.0000","-0.2000","0","44.8800","71.0000","-0.7600","0.0000","30.7100","89.0000","-1.0800","0.0000","44.8800","71.0000","-0.8400","0.0000","98.4300","3.0000","-0.1200","0","98.4300","3.0000","-0.1200","0.0000","98.4300","3.0000","-0.1100","0","98.4300","3.0000","-0.1300","7","0","0"
"AAD2023.06.02752","203","12829","21","Binghamton University, State University of New York","Physics, Applied Physics and Astronomy, Department of","Astronomy and Astrophysics","14","81.0000","127","93.0000","13","80.0000","9.7700","108.0000","3538","95.0000","13","80.0000","1.0000","1.0000","10","74.0000","19","82.0000","4969556.0000","89.0000","5","98.0000","5","85.0000","0","90.0000","0","90.0000","17","25","0","18","20","0.0000","-0.9400","90.0000","29.9200","0.0000","-0.8200","90.0000","29.9200","0.9300","0.0400","80.0000","37.8000","9.0700","-1.0300","105.0000","18.1100","0.9300","0.0100","88.0000","31.5000","252.7100","-0.8500","97.0000","24.4100","27.8600","-0.2600","75.0000","41.7300","0.7100","0.5800","45.0000","65.3500","1.3600","-0.2600","70.0000","45.6700","354968.2900","-0.5400","78.0000","39.3700","261555.5800","-0.4700","87.0000","32.2800","0.3600","-0.8700","107.0000","16.5400","0.3600","-0.6900","98.0000","23.6200","-0.7000","94.0000","26.7700","-0.7200","-0.9600","-0.5500","-0.3700","-0.5500","-1.0700","0.3093","-0.7900","-0.7900","-0.8500","-0.6800","-0.6200","-0.8900","-0.5600","33.8600","29.9200","37.8000","42.5200","37.8000","15.7500","100.0000","23.6200","29.9200","25.9800","30.7100","36.2200","27.5600","37.0100","127","4/1/2025 16:37","8","2","4.0000","0.5700","0.1400","99.0000","49.0000","93.0000","95.0000","109.0000","-0.9000","-0.1713","-0.6400","-0.6800","-1.1600","22.8300","62.2000","27.5600","25.9800","14.9600","13","0","30.7100","89.0000","-0.8800","0.0000","30.7100","89.0000","-0.8900","0","30.7100","89.0000","-0.9600","3","63.7800","47.0000","-0.1800","0.2100","69.2900","40.0000","-0.0700","1","58.2700","54.0000","-0.3800","0.0000","30.7100","89.0000","-1.0800","0.0700","55.9100","57.0000","-0.0400","0.0000","98.4300","3.0000","-0.1200","0","98.4300","3.0000","-0.1200","0.0000","98.4300","3.0000","-0.1100","0","98.4300","3.0000","-0.1300","7","0","0"
"AAD2023.06.02752","17","13227","21","Ball State University","Physics and Astronomy, Department of","Astronomy and Astrophysics","7","109.0000","64","106.0000","6","107.0000","10.6700","105.0000","952","111.0000","6","106.0000","1.0000","1.0000","0","121.0000","0","121.0000","0.0000","121.0000","0","119.0000","0","119.0000","0","90.0000","0","90.0000","17","25","0","18","20","0.0000","-0.9400","90.0000","29.9200","0.0000","-0.8200","90.0000","29.9200","0.8600","-0.5800","101.0000","21.2600","9.1400","-1.0300","104.0000","18.9000","0.8600","-0.5900","100.0000","22.0500","136.0000","-1.0400","109.0000","14.9600","14.8800","-0.6100","112.0000","12.6000","0.0000","-2.2800","121.0000","5.5100","0.0000","-1.5500","121.0000","5.5100","0.0000","-1.3200","121.0000","5.5100","0.0000","-2.2000","121.0000","5.5100","0.0000","-1.1300","119.0000","7.0900","0.0000","-2.0500","119.0000","7.0900","-1.4000","120.0000","6.3000","-1.1200","-0.9600","-1.0200","-1.2500","-1.0100","-0.9900","0.3093","-0.9000","-0.7900","-0.9900","-0.9800","-1.1500","-1.0300","-1.0100","7.0900","29.9200","17.3200","5.5100","16.5400","18.1100","100.0000","7.0900","29.9200","13.3900","5.5100","5.5100","17.3200","14.9600","127","4/1/2025 16:37","0","0","0.0000","0.0000","0.0000","120.0000","120.0000","120.0000","120.0000","120.0000","-1.1300","-0.9288","-0.7300","-0.9300","-1.8400","6.3000","6.3000","6.3000","6.3000","6.3000","13","0","30.7100","89.0000","-0.8800","0.0000","30.7100","89.0000","-0.8900","0","30.7100","89.0000","-0.9600","0","44.8800","71.0000","-0.2800","0.0000","44.8800","71.0000","-0.2000","0","44.8800","71.0000","-0.7600","0.0000","30.7100","89.0000","-1.0800","0.0000","44.8800","71.0000","-0.8400","0.0000","98.4300","3.0000","-0.1200","0","98.4300","3.0000","-0.1200","0.0000","98.4300","3.0000","-0.1100","0","98.4300","3.0000","-0.1300","7","0","0"
"AAD2023.06.02752","318","14300","21","University of North Carolina at Greensboro, The","Physics and Astronomy, Department of","Astronomy and Astrophysics","6","113.0000","55","112.0000","4","117.0000","13.7500","87.0000","483","119.0000","5","111.0000","1.0000","1.0000","0","121.0000","0","121.0000","0.0000","121.0000","0","119.0000","0","119.0000","0","90.0000","0","90.0000","17","25","0","18","20","0.0000","-0.9400","90.0000","29.9200","0.0000","-0.8200","90.0000","29.9200","0.6700","-2.2200","123.0000","3.9400","9.1700","-1.0200","103.0000","19.6900","0.8300","-0.7900","106.0000","17.3200","80.5000","-1.1300","117.0000","8.6600","8.7800","-0.7800","125.0000","2.3600","0.0000","-2.2800","121.0000","5.5100","0.0000","-1.5500","121.0000","5.5100","0.0000","-1.3200","121.0000","5.5100","0.0000","-2.2000","121.0000","5.5100","0.0000","-1.1300","119.0000","7.0900","0.0000","-2.0500","119.0000","7.0900","-1.2000","114.0000","11.0200","-1.1200","-0.9600","-1.0800","-1.2500","-1.1500","-0.7000","0.3093","-0.9000","-0.7900","-1.0200","-0.9800","-1.1500","-1.0500","-1.0800","7.0900","29.9200","13.3900","5.5100","8.6600","32.2800","100.0000","7.0900","29.9200","7.0900","5.5100","5.5100","12.6000","11.8100","127","4/1/2025 16:37","4","2","2.0000","0.6700","0.3300","99.0000","94.0000","98.0000","90.0000","77.0000","-0.9000","-0.5500","-0.6900","-0.6400","-0.2600","22.8300","26.7700","23.6200","29.9200","40.1600","13","0","30.7100","89.0000","-0.8800","0.0000","30.7100","89.0000","-0.8900","0","30.7100","89.0000","-0.9600","0","44.8800","71.0000","-0.2800","0.0000","44.8800","71.0000","-0.2000","0","44.8800","71.0000","-0.7600","0.0000","30.7100","89.0000","-1.0800","0.0000","44.8800","71.0000","-0.8400","0.0000","98.4300","3.0000","-0.1200","0","98.4300","3.0000","-0.1200","0.0000","98.4300","3.0000","-0.1100","0","98.4300","3.0000","-0.1300","7","0","0"
"AAD2023.06.02752","225","16306","21","University of Montana, Missoula","Physics and Astronomy, Department of","Astronomy and Astrophysics","5","119.0000","64","106.0000","5","112.0000","12.8000","93.0000","5190","91.0000","5","111.0000","1.0000","1.0000","2","106.0000","3","108.0000","1372463.0000","105.0000","0","119.0000","0","119.0000","0","90.0000","0","90.0000","17","25","0","18","20","0.0000","-0.9400","90.0000","29.9200","0.0000","-0.8200","90.0000","29.9200","1.0000","0.6600","1.0000","100.0000","12.8000","-0.6900","89.0000","30.7100","1.0000","0.6100","1.0000","100.0000","1038.0000","0.4100","40.0000","69.2900","81.0900","1.1900","5.0000","96.8500","0.4000","-0.6800","95.0000","25.9800","0.6000","-0.9800","106.0000","17.3200","274492.6000","-0.7200","95.0000","25.9800","457487.6700","0.8300","25.0000","81.1000","0.0000","-1.1300","119.0000","7.0900","0.0000","-2.0500","119.0000","7.0900","-0.9000","106.0000","17.3200","-1.1200","-0.9600","-1.0800","-1.0700","-1.0800","-0.7900","0.3093","-0.9000","-0.7900","-0.7600","-0.9000","-1.0700","-1.0300","-1.1400","7.0900","29.9200","13.3900","17.3200","12.6000","27.5600","100.0000","7.0900","29.9200","29.1300","18.1100","15.7500","17.3200","7.0900","127","4/1/2025 16:37","0","0","0.0000","0.0000","0.0000","120.0000","120.0000","120.0000","120.0000","120.0000","-1.1300","-0.9288","-0.7300","-0.9300","-1.8400","6.3000","6.3000","6.3000","6.3000","6.3000","13","0","30.7100","89.0000","-0.8800","0.0000","30.7100","89.0000","-0.8900","0","30.7100","89.0000","-0.9600","0","44.8800","71.0000","-0.2800","0.0000","44.8800","71.0000","-0.2000","0","44.8800","71.0000","-0.7600","0.0000","30.7100","89.0000","-1.0800","0.0000","44.8800","71.0000","-0.8400","0.0000","98.4300","3.0000","-0.1200","0","98.4300","3.0000","-0.1200","0.0000","98.4300","3.0000","-0.1100","0","98.4300","3.0000","-0.1300","7","0","0"
"AAD2023.06.02752","283","32366","21","University of Kentucky","Physics and Astronomy, Department of","Astronomy and Astrophysics","30","30.0000","442","59.0000","27","33.0000","16.3700","79.0000","10521","75.0000","29","30.0000","1.0000","1.0000","22","28.0000","52","46.0000","14816460.0000","54.0000","39","46.0000","18","37.0000","3","41.0000","3","22.0000","17","25","0","18","20","0.1000","0.2300","44.0000","66.1400","0.1000","-0.1900","58.0000","55.1200","0.9000","-0.2100","88.0000","31.5000","14.7300","-0.5200","80.0000","37.8000","0.9700","0.3300","68.0000","47.2400","350.7000","-0.6900","89.0000","30.7100","23.8000","-0.3700","94.0000","26.7700","0.7300","0.6600","38.0000","70.8700","1.7300","0.0900","55.0000","57.4800","493882.0000","-0.2300","70.0000","45.6700","284931.9200","-0.3100","78.0000","39.3700","1.3000","-0.1600","60.0000","53.5400","0.6000","0.2400","58.0000","55.1200","-0.3000","73.0000","43.3100","0.3400","0.5800","0.5000","0.6900","0.3700","-0.4600","0.3093","-0.0400","-0.0400","-0.4700","-0.0800","0.3000","-0.1700","0.4900","71.6500","83.4600","77.1700","78.7400","74.8000","38.5800","100.0000","64.5700","68.5000","41.7300","58.2700","64.5700","54.3300","77.1700","127","4/1/2025 16:37","29","12","2.4200","0.9700","0.4000","39.0000","85.0000","65.0000","78.0000","61.0000","0.2500","-0.4705","-0.3900","-0.5200","0.0500","70.0800","33.8600","49.6100","39.3700","52.7600","13","4","81.1000","25.0000","0.5000","0.1300","74.8000","33.0000","0.3000","4","87.4000","17.0000","0.9100","17","88.1900","16.0000","0.3100","0.5700","89.7600","14.0000","0.1500","3","75.5900","32.0000","0.3700","0.1300","82.6800","23.0000","0.7200","0.1000","63.7800","47.0000","0.2800","0.0000","98.4300","3.0000","-0.1200","0","98.4300","3.0000","-0.1200","0.0000","98.4300","3.0000","-0.1100","0","98.4300","3.0000","-0.1300","7","0","0"
"AAD2023.06.02752","254","32423","21","University of California, Los Angeles","Astronomy and Astrophysics, Division of","Astronomy and Astrophysics","17","72.0000","558","53.0000","17","68.0000","32.8200","22.0000","17220","57.0000","17","68.0000","1.0000","1.0000","13","60.0000","45","54.0000","16230333.0000","50.0000","86","20.0000","16","43.0000","3","41.0000","3","22.0000","17","25","0","18","20","0.1800","1.1300","15.0000","88.9800","0.1800","0.2900","35.0000","73.2300","1.0000","0.6600","1.0000","100.0000","32.8200","1.1300","16.0000","88.1900","1.0000","0.6100","1.0000","100.0000","1012.9400","0.3700","42.0000","67.7200","30.8600","-0.1800","61.0000","52.7600","0.7600","0.7900","33.0000","74.8000","2.6500","0.9500","23.0000","82.6800","954725.4700","0.7800","25.0000","81.1000","360674.0700","0.1900","57.0000","55.9100","5.0600","2.6400","3.0000","98.4300","0.9400","1.5500","3.0000","98.4300","0.8000","5.0000","96.8500","0.1800","0.5800","-0.2900","-0.1000","-0.2900","1.0500","0.3093","1.0000","-0.0400","-0.1100","0.0000","0.1100","0.1000","-0.3600","66.9300","83.4600","47.2400","53.5400","47.2400","83.4600","100.0000","85.0400","68.5000","55.9100","61.4200","58.2700","59.0600","44.0900","127","4/1/2025 16:37","90","9","10.0000","5.2900","0.5300","56.0000","14.0000","27.0000","14.0000","29.0000","-0.1000","0.9649","0.3300","1.3100","0.6600","56.6900","89.7600","79.5300","89.7600","77.9500","13","7","92.9100","10.0000","1.5400","0.4100","98.4300","3.0000","2.8100","3","80.3100","26.0000","0.4400","0","44.8800","71.0000","-0.2800","0.0000","44.8800","71.0000","-0.2000","0","44.8800","71.0000","-0.7600","0.1800","88.9800","15.0000","1.3100","0.0000","44.8800","71.0000","-0.8400","0.0000","98.4300","3.0000","-0.1200","0","98.4300","3.0000","-0.1200","0.0000","98.4300","3.0000","-0.1100","0","98.4300","3.0000","-0.1300","7","0","0"
"AAD2023.06.02752","181","32932","21","San Diego State University","Astronomy, Department of","Astronomy and Astrophysics","7","109.0000","80","101.0000","7","103.0000","11.4300","100.0000","4002","94.0000","7","103.0000","1.0000","1.0000","5","97.0000","6","102.0000","1351290.0000","106.0000","6","96.0000","3","101.0000","1","73.0000","1","62.0000","17","25","0","18","20","0.1400","0.7400","27.0000","79.5300","0.1400","0.0800","43.0000","66.9300","1.0000","0.6600","1.0000","100.0000","11.4300","-0.8200","95.0000","25.9800","1.0000","0.6100","1.0000","100.0000","571.7100","-0.3400","73.0000","43.3100","50.0300","0.3500","19.0000","85.8300","0.7100","0.5800","45.0000","65.3500","0.8600","-0.7400","98.0000","23.6200","193041.4300","-0.9000","102.0000","20.4700","225215.0000","-0.7100","103.0000","19.6900","0.8600","-0.4900","79.0000","38.5800","0.4300","-0.4100","87.0000","32.2800","-0.4000","81.0000","37.0100","-0.8800","-0.4500","-0.9500","-0.8100","-0.9500","-0.9200","0.3093","-0.7700","-0.5400","-0.8300","-0.9000","-0.9800","-0.9900","-1.0100","21.2600","51.9700","19.6900","24.4100","19.6900","22.0500","100.0000","25.2000","43.3100","26.7700","17.3200","20.4700","21.2600","14.9600","127","4/1/2025 16:37","4","1","4.0000","0.5700","0.1400","105.0000","49.0000","98.0000","95.0000","109.0000","-1.0100","-0.1713","-0.6900","-0.6800","-1.1600","18.1100","62.2000","23.6200","25.9800","14.9600","13","0","30.7100","89.0000","-0.8800","0.0000","30.7100","89.0000","-0.8900","0","30.7100","89.0000","-0.9600","0","44.8800","71.0000","-0.2800","0.0000","44.8800","71.0000","-0.2000","0","44.8800","71.0000","-0.7600","0.0000","30.7100","89.0000","-1.0800","0.0000","44.8800","71.0000","-0.8400","0.0000","98.4300","3.0000","-0.1200","0","98.4300","3.0000","-0.1200","0.0000","98.4300","3.0000","-0.1100","0","98.4300","3.0000","-0.1300","7","0","0"
"AAD2023.06.02752","151","33649","21","Northern Arizona University","Astronomy and Planetary Science, Department of","Astronomy and Astrophysics","13","86.0000","211","86.0000","13","80.0000","16.2300","81.0000","7743","83.0000","13","80.0000","1.0000","1.0000","11","71.0000","51","49.0000","12255341.0000","59.0000","10","84.0000","5","85.0000","2","53.0000","2","38.0000","17","25","0","18","20","0.1500","0.8600","23.0000","82.6800","0.1500","0.1500","40.0000","69.2900","1.0000","0.6600","1.0000","100.0000","16.2300","-0.3800","78.0000","39.3700","1.0000","0.6100","1.0000","100.0000","595.6200","-0.3000","71.0000","44.8800","36.7000","-0.0200","44.0000","66.1400","0.8500","1.1100","11.0000","92.1300","3.9200","2.1600","3.0000","98.4300","942718.5400","0.7600","26.0000","80.3200","240300.8000","-0.6100","95.0000","25.9800","0.7700","-0.5600","85.0000","33.8600","0.3800","-0.5800","93.0000","27.5600","0.1000","44.0000","66.1400","-0.7200","0.0600","-0.5500","-0.2800","-0.5500","-0.4800","0.3093","-0.6800","-0.2900","-0.6200","-0.2400","0.2700","-0.6900","-0.6200","33.8600","70.8700","37.8000","44.8800","37.8000","37.0100","100.0000","34.6500","59.0600","35.4300","54.3300","62.2000","33.0700","33.0700","127","4/1/2025 16:37","30","9","3.3300","2.3100","0.6900","56.0000","62.0000","64.0000","42.0000","12.0000","-0.1000","-0.2982","-0.3800","0.0500","1.4300","56.6900","51.9700","50.3900","67.7200","91.3400","13","1","49.6100","65.0000","-0.5300","0.0800","51.9700","62.0000","-0.2000","1","49.6100","65.0000","-0.4900","0","44.8800","71.0000","-0.2800","0.0000","44.8800","71.0000","-0.2000","0","44.8800","71.0000","-0.7600","0.0800","54.3300","59.0000","-0.0400","0.0000","44.8800","71.0000","-0.8400","0.0000","98.4300","3.0000","-0.1200","0","98.4300","3.0000","-0.1200","0.0000","98.4300","3.0000","-0.1100","0","98.4300","3.0000","-0.1300","7","0","0"
"AAD2023.06.02752","135","33989","21","Middle Tennessee State University","Physics and Astronomy, Department of","Astronomy and Astrophysics","10","98.0000","28","119.0000","7","103.0000","4.0000","122.0000","246","121.0000","6","106.0000","0.8600","125.0000","3","102.0000","8","98.0000","1680060.0000","100.0000","4","104.0000","3","101.0000","5","23.0000","2","38.0000","17","25","0","18","20","0.2000","1.4100","8.0000","94.4900","0.5000","2.3300","3.0000","98.4300","0.7000","-1.9300","121.0000","5.5100","2.8000","-1.6000","123.0000","3.9400","0.6000","-2.7400","124.0000","3.1500","24.6000","-1.2200","123.0000","3.9400","8.7900","-0.7800","124.0000","3.1500","0.3000","-1.0800","108.0000","15.7500","0.8000","-0.7900","100.0000","22.0500","168006.0000","-0.9500","105.0000","18.1100","210007.5000","-0.8100","107.0000","16.5400","0.4000","-0.8300","101.0000","21.2600","0.3000","-0.9000","102.0000","20.4700","-1.4000","120.0000","6.3000","-0.8800","0.0600","-1.0200","-0.9900","-0.9500","-1.6000","-3.8626","-0.8200","0.4500","-1.0300","-0.8800","-0.9300","-1.1100","-0.8200","21.2600","70.8700","17.3200","20.4700","19.6900","4.7200","2.3600","18.9000","82.6800","5.5100","22.0500","23.6200","7.0900","23.6200","127","4/1/2025 16:37","2","1","2.0000","0.2000","0.1000","105.0000","94.0000","107.0000","111.0000","118.0000","-1.0100","-0.5500","-0.7100","-0.8400","-1.3700","18.1100","26.7700","16.5400","13.3900","7.8700","13","1","49.6100","65.0000","-0.5300","0.1000","61.4200","50.0000","0.0100","1","49.6100","65.0000","-0.4900","0","44.8800","71.0000","-0.2800","0.0000","44.8800","71.0000","-0.2000","0","44.8800","71.0000","-0.7600","0.1000","65.3500","45.0000","0.2700","0.0000","44.8800","71.0000","-0.8400","0.0000","98.4300","3.0000","-0.1200","0","98.4300","3.0000","-0.1200","0.0000","98.4300","3.0000","-0.1100","0","98.4300","3.0000","-0.1300","7","0","0"
"AAD2023.06.02752","245","34057","21","University of Alabama in Huntsville, The","Space Science, Department of","Astronomy and Astrophysics","10","98.0000","285","81.0000","10","94.0000","28.5000","35.0000","5718","88.0000","10","93.0000","1.0000","1.0000","9","79.0000","44","55.0000","14360459.0000","56.0000","15","77.0000","7","80.0000","2","53.0000","2","38.0000","17","25","0","18","20","0.2000","1.4100","8.0000","94.4900","0.2000","0.4400","29.0000","77.9500","1.0000","0.6600","1.0000","100.0000","28.5000","0.7400","31.0000","76.3800","1.0000","0.6100","1.0000","100.0000","571.8000","-0.3400","72.0000","44.0900","20.0600","-0.4700","106.0000","17.3200","0.9000","1.3300","4.0000","97.6400","4.4000","2.6100","2.0000","99.2100","1436045.9000","1.8500","6.0000","96.0600","326374.0700","-0.0400","66.0000","48.8200","1.5000","-0.0100","53.0000","59.0600","0.7000","0.6300","38.0000","70.8700","0.8000","5.0000","96.8500","-0.5500","0.0600","-0.7500","-0.4600","-0.7500","0.6500","0.3093","-0.5700","-0.2900","-0.7300","-0.1100","0.0800","-0.5300","-0.8200","37.8000","70.8700","27.5600","38.5800","26.7700","73.2300","100.0000","40.1600","59.0600","31.5000","56.6900","57.4800","37.0100","23.6200","127","4/1/2025 16:37","35","9","3.8900","3.5000","0.9000","56.0000","53.0000","61.0000","29.0000","2.0000","-0.1000","-0.1921","-0.3200","0.5500","2.4100","56.6900","59.0600","52.7600","77.9500","99.2100","13","2","62.2000","49.0000","-0.1900","0.2000","88.9800","15.0000","0.9000","2","64.5700","46.0000","-0.0200","0","44.8800","71.0000","-0.2800","0.0000","44.8800","71.0000","-0.2000","0","44.8800","71.0000","-0.7600","0.2000","93.7000","9.0000","1.6200","0.0000","44.8800","71.0000","-0.8400","0.0000","98.4300","3.0000","-0.1200","0","98.4300","3.0000","-0.1200","0.0000","98.4300","3.0000","-0.1100","0","98.4300","3.0000","-0.1300","7","0","0"
"AAD2023.06.02752","397","34149","21","University of Arkansas at Little Rock","Physics and Astronomy, Department of","Astronomy and Astrophysics","5","119.0000","57","111.0000","5","112.0000","11.4000","101.0000","747","112.0000","5","111.0000","1.0000","1.0000","2","106.0000","2","111.0000","613244.0000","112.0000","0","119.0000","0","119.0000","0","90.0000","0","90.0000","17","25","0","18","20","0.0000","-0.9400","90.0000","29.9200","0.0000","-0.8200","90.0000","29.9200","1.0000","0.6600","1.0000","100.0000","11.4000","-0.8200","96.0000","25.2000","1.0000","0.6100","1.0000","100.0000","149.4000","-1.0200","107.0000","16.5400","13.1100","-0.6600","115.0000","10.2400","0.4000","-0.6800","95.0000","25.9800","0.4000","-1.1700","111.0000","13.3900","122648.8000","-1.0500","110.0000","14.1700","306622.0000","-0.1700","75.0000","41.7300","0.0000","-1.1300","119.0000","7.0900","0.0000","-2.0500","119.0000","7.0900","-1.0000","108.0000","15.7500","-1.1200","-0.9600","-1.0800","-1.0700","-1.0800","-0.9200","0.3093","-0.9000","-0.7900","-1.0100","-0.9500","-1.0900","-1.0500","-1.1400","7.0900","29.9200","13.3900","17.3200","12.6000","21.2600","100.0000","7.0900","29.9200","12.6000","12.6000","13.3900","13.3900","7.0900","127","4/1/2025 16:37","2","1","2.0000","0.4000","0.2000","105.0000","94.0000","107.0000","100.0000","103.0000","-1.0100","-0.5500","-0.7100","-0.7600","-0.8900","18.1100","26.7700","16.5400","22.0500","19.6900","13","0","30.7100","89.0000","-0.8800","0.0000","30.7100","89.0000","-0.8900","0","30.7100","89.0000","-0.9600","5","71.6500","37.0000","-0.1100","1.0000","97.6400","4.0000","0.4100","2","69.2900","40.0000","-0.0100","0.0000","30.7100","89.0000","-1.0800","0.4000","100.0000","1.0000","3.6200","0.0000","98.4300","3.0000","-0.1200","0","98.4300","3.0000","-0.1200","0.0000","98.4300","3.0000","-0.1100","0","98.4300","3.0000","-0.1300","7","0","0"
"AAD2023.06.02752","25","34381","21","Bowling Green State University","Physics and Astronomy, Department of","Astronomy and Astrophysics","6","113.0000","50","114.0000","6","107.0000","8.3300","113.0000","650","118.0000","6","106.0000","1.0000","1.0000","2","106.0000","6","102.0000","1462706.0000","103.0000","7","93.0000","2","106.0000","0","90.0000","0","90.0000","17","25","0","18","20","0.0000","-0.9400","90.0000","29.9200","0.0000","-0.8200","90.0000","29.9200","1.0000","0.6600","1.0000","100.0000","8.3300","-1.1000","110.0000","14.1700","1.0000","0.6100","1.0000","100.0000","108.3300","-1.0800","113.0000","11.8100","13.0000","-0.6600","116.0000","9.4500","0.3300","-0.9400","104.0000","18.9000","1.0000","-0.6000","88.0000","31.5000","243784.3300","-0.7800","97.0000","24.4100","243784.3300","-0.5900","93.0000","27.5600","1.1700","-0.2600","65.0000","49.6100","0.3300","-0.7800","100.0000","22.0500","-0.8000","97.0000","24.4100","-0.9600","-0.9600","-1.0200","-1.0700","-1.0100","-1.2000","0.3093","-0.7500","-0.7900","-1.0100","-0.8900","-0.9800","-1.0600","-1.0800","17.3200","29.9200","17.3200","17.3200","16.5400","11.8100","100.0000","27.5600","29.9200","7.8700","19.6900","20.4700","11.0200","11.8100","127","4/1/2025 16:37","12","3","4.0000","2.0000","0.5000","92.0000","49.0000","87.0000","46.0000","35.0000","-0.7800","-0.1713","-0.5900","-0.0800","0.5200","28.3500","62.2000","32.2800","64.5700","73.2300","13","1","49.6100","65.0000","-0.5300","0.1700","83.4600","22.0000","0.6000","1","49.6100","65.0000","-0.4900","2","59.8400","52.0000","-0.2100","0.3300","79.5300","27.0000","0.0000","1","58.2700","54.0000","-0.3800","0.1700","88.1900","16.0000","1.1700","0.1700","85.0400","20.0000","1.0200","0.0000","98.4300","3.0000","-0.1200","0","98.4300","3.0000","-0.1200","0.0000","98.4300","3.0000","-0.1100","0","98.4300","3.0000","-0.1300","7","0","0"
"AAD2023.06.02752","388","34418","21","Rochester Institute of Technology","Physics and Astronomy, School of","Astronomy and Astrophysics","20","57.0000","239","84.0000","18","63.0000","13.2800","90.0000","9570","77.0000","19","60.0000","1.0000","1.0000","12","65.0000","40","60.0000","11097680.0000","63.0000","29","57.0000","11","62.0000","1","73.0000","1","62.0000","17","25","0","18","20","0.0500","-0.3500","70.0000","45.6700","0.0500","-0.5000","79.0000","38.5800","0.9000","-0.2100","88.0000","31.5000","11.9500","-0.7700","92.0000","28.3500","0.9500","0.1900","79.0000","38.5800","478.5000","-0.4900","82.0000","36.2200","40.0400","0.0700","39.0000","70.0800","0.6000","0.1300","70.0000","45.6700","2.0000","0.3400","38.0000","70.8700","554884.0000","-0.1000","58.0000","55.1200","277442.0000","-0.3600","82.0000","36.2200","1.4500","-0.0500","58.0000","55.1200","0.5500","0.0500","66.0000","48.8200","-0.4000","81.0000","37.0100","-0.2300","-0.4500","-0.1600","-0.1900","-0.2200","-0.7500","0.3093","-0.2600","-0.5400","-0.5200","-0.3100","-0.0300","-0.6300","-0.1600","51.9700","51.9700","53.5400","49.6100","51.1800","29.9200","100.0000","55.9100","43.3100","40.1600","51.1800","53.5400","34.6500","55.9100","127","4/1/2025 16:37","71","9","7.8900","3.5500","0.4500","56.0000","21.0000","36.0000","27.0000","49.0000","-0.1000","0.5653","0.1000","0.5700","0.2900","56.6900","84.2500","72.4400","79.5300","62.2000","13","0","30.7100","89.0000","-0.8800","0.0000","30.7100","89.0000","-0.8900","0","30.7100","89.0000","-0.9600","0","44.8800","71.0000","-0.2800","0.0000","44.8800","71.0000","-0.2000","0","44.8800","71.0000","-0.7600","0.0000","30.7100","89.0000","-1.0800","0.0000","44.8800","71.0000","-0.8400","0.0000","98.4300","3.0000","-0.1200","0","98.4300","3.0000","-0.1200","0.0000","98.4300","3.0000","-0.1100","0","98.4300","3.0000","-0.1300","7","0","0"
"AAD2023.06.02752","352","34481","21","Villanova University","Astrophysics and Planetary Science, Department of","Astronomy and Astrophysics","7","109.0000","72","103.0000","6","107.0000","12.0000","96.0000","5820","87.0000","6","106.0000","1.0000","1.0000","5","97.0000","12","95.0000","2726970.0000","96.0000","1","115.0000","1","112.0000","2","53.0000","2","38.0000","17","25","0","18","20","0.2900","2.4100","4.0000","97.6400","0.2900","0.9800","18.0000","86.6100","0.8600","-0.5800","101.0000","21.2600","10.2900","-0.9200","98.0000","23.6200","0.8600","-0.5900","100.0000","22.0500","831.4300","0.0800","54.0000","58.2700","80.8300","1.1900","6.0000","96.0600","0.7100","0.5800","45.0000","65.3500","1.7100","0.0700","56.0000","56.6900","389567.1400","-0.4600","75.0000","41.7300","227247.5000","-0.7000","101.0000","21.2600","0.1400","-1.0300","117.0000","8.6600","0.1400","-1.5100","116.0000","9.4500","-0.7000","94.0000","26.7700","-1.0400","0.0600","-1.0200","-0.8100","-1.0100","-0.8700","0.3093","-0.8800","-0.2900","-0.7300","-0.8200","-0.8100","-1.0100","-1.0100","12.6000","70.8700","17.3200","24.4100","16.5400","25.2000","100.0000","10.2400","59.0600","32.2800","25.2000","25.9800","19.6900","14.9600","127","4/1/2025 16:37","0","0","0.0000","0.0000","0.0000","120.0000","120.0000","120.0000","120.0000","120.0000","-1.1300","-0.9288","-0.7300","-0.9300","-1.8400","6.3000","6.3000","6.3000","6.3000","6.3000","13","0","30.7100","89.0000","-0.8800","0.0000","30.7100","89.0000","-0.8900","0","30.7100","89.0000","-0.9600","0","44.8800","71.0000","-0.2800","0.0000","44.8800","71.0000","-0.2000","0","44.8800","71.0000","-0.7600","0.0000","30.7100","89.0000","-1.0800","0.0000","44.8800","71.0000","-0.8400","0.0000","98.4300","3.0000","-0.1200","0","98.4300","3.0000","-0.1200","0.0000","98.4300","3.0000","-0.1100","0","98.4300","3.0000","-0.1300","7","0","0"
"AAD2023.06.02752","307","35426","21","University of Missouri - St. Louis","Math, Physics, Astronomy and Statistics, Department of","Astronomy and Astrophysics","9","103.0000","59","110.0000","7","103.0000","8.4300","112.0000","721","113.0000","7","103.0000","1.0000","1.0000","1","111.0000","3","108.0000","328216.0000","116.0000","11","81.0000","4","98.0000","1","73.0000","1","62.0000","17","25","0","18","20","0.1100","0.3600","36.0000","72.4400","0.1100","-0.1200","54.0000","58.2700","0.7800","-1.2600","115.0000","10.2400","6.5600","-1.2600","114.0000","11.0200","0.7800","-1.2500","117.0000","8.6600","80.1100","-1.1300","118.0000","7.8700","12.2200","-0.6800","118.0000","7.8700","0.1100","-1.8400","118.0000","7.8700","0.3300","-1.2300","113.0000","11.8100","36468.4400","-1.2400","116.0000","9.4500","109405.3300","-1.4800","118.0000","7.8700","1.2200","-0.2200","62.0000","51.9700","0.4400","-0.3500","85.0000","33.8600","-1.1000","110.0000","14.1700","-0.8000","-0.4500","-0.9500","-1.1600","-0.9500","-1.1900","0.3093","-0.6600","-0.5400","-1.0100","-0.9600","-1.0700","-1.0400","-0.8800","23.6200","51.9700","19.6900","13.3900","19.6900","12.6000","100.0000","37.0100","43.3100","11.8100","9.4500","15.7500","14.1700","19.6900","127","4/1/2025 16:37","2","1","2.0000","0.2200","0.1100","105.0000","94.0000","107.0000","108.0000","115.0000","-1.0100","-0.5500","-0.7100","-0.8300","-1.3100","18.1100","26.7700","16.5400","15.7500","10.2400","13","1","49.6100","65.0000","-0.5300","0.1100","67.7200","42.0000","0.1100","1","49.6100","65.0000","-0.4900","1","52.7600","61.0000","-0.2500","0.1100","57.4800","55.0000","-0.1300","1","58.2700","54.0000","-0.3800","0.1100","73.2300","35.0000","0.4200","0.1100","70.0800","39.0000","0.4000","0.0000","98.4300","3.0000","-0.1200","0","98.4300","3.0000","-0.1200","0.0000","98.4300","3.0000","-0.1100","0","98.4300","3.0000","-0.1300","7","0","0"
"AAD2023.06.02752","63","35629","21","East Tennessee State University","Physics and Astronomy, Department of","Astronomy and Astrophysics","9","103.0000","62","109.0000","8","100.0000","7.7500","114.0000","665","117.0000","8","101.0000","1.0000","1.0000","3","102.0000","4","107.0000","1415744.0000","104.0000","2","110.0000","2","106.0000","2","53.0000","1","62.0000","17","25","0","18","20","0.1100","0.3600","36.0000","72.4400","0.2200","0.5800","27.0000","79.5300","0.8900","-0.3000","93.0000","27.5600","6.8900","-1.2300","113.0000","11.8100","0.8900","-0.3200","95.0000","25.9800","73.8900","-1.1400","120.0000","6.3000","10.7300","-0.7200","122.0000","4.7200","0.3300","-0.9400","104.0000","18.9000","0.4400","-1.1300","110.0000","14.1700","157304.8900","-0.9700","108.0000","15.7500","353936.0000","0.1400","60.0000","53.5400","0.2200","-0.9700","114.0000","11.0200","0.2200","-1.2000","109.0000","14.9600","-1.1000","110.0000","14.1700","-0.9600","-0.4500","-0.8800","-0.9900","-0.8800","-1.2600","0.3093","-0.8600","-0.2900","-1.0100","-0.9000","-1.0400","-1.0300","-0.8800","17.3200","51.9700","21.2600","20.4700","22.0500","11.0200","100.0000","14.1700","59.0600","8.6600","18.9000","16.5400","14.9600","19.6900","127","4/1/2025 16:37","2","1","2.0000","0.2200","0.1100","105.0000","94.0000","107.0000","108.0000","115.0000","-1.0100","-0.5500","-0.7100","-0.8300","-1.3100","18.1100","26.7700","16.5400","15.7500","10.2400","13","1","49.6100","65.0000","-0.5300","0.1100","67.7200","42.0000","0.1100","1","49.6100","65.0000","-0.4900","1","52.7600","61.0000","-0.2500","0.1100","57.4800","55.0000","-0.1300","1","58.2700","54.0000","-0.3800","0.1100","73.2300","35.0000","0.4200","0.1100","70.0800","39.0000","0.4000","0.0000","98.4300","3.0000","-0.1200","0","98.4300","3.0000","-0.1200","0.0000","98.4300","3.0000","-0.1100","0","98.4300","3.0000","-0.1300","7","0","0"
"AAD2023.06.02752","322","35932","21","University of Northern Colorado","Physics and Astronomy, Department of","Astronomy and Astrophysics","6","113.0000","12","125.0000","5","112.0000","2.4000","126.0000","143","125.0000","5","111.0000","1.0000","1.0000","0","121.0000","0","121.0000","0.0000","121.0000","0","119.0000","0","119.0000","0","90.0000","0","90.0000","17","25","0","18","20","0.0000","-0.9400","90.0000","29.9200","0.0000","-0.8200","90.0000","29.9200","0.8300","-0.7800","106.0000","17.3200","2.0000","-1.6800","124.0000","3.1500","0.8300","-0.7900","106.0000","17.3200","23.8300","-1.2200","124.0000","3.1500","11.9200","-0.6900","119.0000","7.0900","0.0000","-2.2800","121.0000","5.5100","0.0000","-1.5500","121.0000","5.5100","0.0000","-1.3200","121.0000","5.5100","0.0000","-2.2000","121.0000","5.5100","0.0000","-1.1300","119.0000","7.0900","0.0000","-2.0500","119.0000","7.0900","-1.6000","124.0000","3.1500","-1.1200","-0.9600","-1.0800","-1.2500","-1.0800","-1.7500","0.3093","-0.9000","-0.7900","-1.0400","-0.9800","-1.1500","-1.1500","-1.0800","7.0900","29.9200","13.3900","5.5100","12.6000","1.5700","100.0000","7.0900","29.9200","2.3600","5.5100","5.5100","2.3600","11.8100","127","4/1/2025 16:37","1","1","1.0000","0.1700","0.1700","105.0000","110.0000","113.0000","113.0000","106.0000","-1.0100","-0.7394","-0.7200","-0.8600","-1.0500","18.1100","14.1700","11.8100","11.8100","17.3200","13","0","30.7100","89.0000","-0.8800","0.0000","30.7100","89.0000","-0.8900","0","30.7100","89.0000","-0.9600","0","44.8800","71.0000","-0.2800","0.0000","44.8800","71.0000","-0.2000","0","44.8800","71.0000","-0.7600","0.0000","30.7100","89.0000","-1.0800","0.0000","44.8800","71.0000","-0.8400","0.0000","98.4300","3.0000","-0.1200","0","98.4300","3.0000","-0.1200","0.0000","98.4300","3.0000","-0.1100","0","98.4300","3.0000","-0.1300","7","0","0"
"AAD2023.06.02752","57","36270","21","DePaul University","Physics and Astrophysics, Department of","Astronomy and Astrophysics","8","106.0000","23","122.0000","6","107.0000","3.8300","123.0000","132","126.0000","5","111.0000","0.8300","126.0000","1","111.0000","2","111.0000","239873.0000","117.0000","2","110.0000","2","106.0000","0","90.0000","0","90.0000","17","25","0","18","20","0.0000","-0.9400","90.0000","29.9200","0.0000","-0.8200","90.0000","29.9200","0.7500","-1.5000","117.0000","8.6600","2.8800","-1.6000","121.0000","5.5100","0.6300","-2.5300","123.0000","3.9400","16.5000","-1.2300","126.0000","1.5700","5.7400","-0.8600","127.0000","0.7900","0.1300","-1.7800","117.0000","8.6600","0.2500","-1.3100","115.0000","10.2400","29984.1300","-1.2600","118.0000","7.8700","119936.5000","-1.4100","117.0000","8.6600","0.2500","-0.9500","113.0000","11.8100","0.2500","-1.1000","107.0000","16.5400","-1.5000","122.0000","4.7200","-0.9600","-0.9600","-1.0800","-1.1600","-1.0100","-1.6200","-4.5580","-0.8600","-0.7900","-1.0400","-0.9700","-1.0900","-1.1200","-0.9500","17.3200","29.9200","13.3900","13.3900","16.5400","3.9400","1.5700","14.1700","29.9200","1.5700","8.6600","13.3900","4.7200","17.3200","127","4/1/2025 16:37","4","2","2.0000","0.5000","0.2500","99.0000","94.0000","98.0000","98.0000","92.0000","-0.9000","-0.5500","-0.6900","-0.7200","-0.6600","22.8300","26.7700","23.6200","23.6200","28.3500","13","1","49.6100","65.0000","-0.5300","0.1300","73.2300","35.0000","0.2300","1","49.6100","65.0000","-0.4900","0","44.8800","71.0000","-0.2800","0.0000","44.8800","71.0000","-0.2000","0","44.8800","71.0000","-0.7600","0.1300","79.5300","27.0000","0.6100","0.0000","44.8800","71.0000","-0.8400","0.0000","98.4300","3.0000","-0.1200","0","98.4300","3.0000","-0.1200","0.0000","98.4300","3.0000","-0.1100","0","98.4300","3.0000","-0.1300","7","0","0"
"AAD2023.06.02752","361","36868","21","Wesleyan University","Astronomy, Department of","Astronomy and Astrophysics","4","124.0000","112","96.0000","4","117.0000","28.0000","38.0000","2742","98.0000","4","120.0000","1.0000","1.0000","2","106.0000","5","105.0000","876921.0000","108.0000","2","110.0000","2","106.0000","0","90.0000","0","90.0000","17","25","0","18","20","0.0000","-0.9400","90.0000","29.9200","0.0000","-0.8200","90.0000","29.9200","1.0000","0.6600","1.0000","100.0000","28.0000","0.6900","34.0000","74.0200","1.0000","0.6100","1.0000","100.0000","685.5000","-0.1600","66.0000","48.8200","24.4800","-0.3500","92.0000","28.3500","0.5000","-0.2700","84.0000","34.6500","1.2500","-0.3600","76.0000","40.9400","219230.2500","-0.8400","99.0000","22.8300","175384.2000","-1.0400","112.0000","12.6000","0.5000","-0.7600","96.0000","25.2000","0.5000","-0.1400","72.0000","44.0900","-0.3000","73.0000","43.3100","-0.9600","-0.9600","-1.1500","-1.0700","-1.1500","0.6000","0.3093","-0.8600","-0.7900","-0.9000","-0.9300","-1.0100","-0.9200","-1.2100","17.3200","29.9200","6.3000","17.3200","8.6600","70.8700","100.0000","14.1700","29.9200","23.6200","15.7500","18.1100","25.2000","3.1500","127","4/1/2025 16:37","1","1","1.0000","0.2500","0.2500","105.0000","110.0000","113.0000","106.0000","92.0000","-1.0100","-0.7394","-0.7200","-0.8200","-0.6600","18.1100","14.1700","11.8100","17.3200","28.3500","13","0","30.7100","89.0000","-0.8800","0.0000","30.7100","89.0000","-0.8900","0","30.7100","89.0000","-0.9600","0","44.8800","71.0000","-0.2800","0.0000","44.8800","71.0000","-0.2000","0","44.8800","71.0000","-0.7600","0.0000","30.7100","89.0000","-1.0800","0.0000","44.8800","71.0000","-0.8400","0.0000","98.4300","3.0000","-0.1200","0","98.4300","3.0000","-0.1200","0.0000","98.4300","3.0000","-0.1100","0","98.4300","3.0000","-0.1300","7","0","0"
"AAD2023.06.02752","188","36896","21","Smith College","Astronomy, Department of","Astronomy and Astrophysics","2","125.0000","43","116.0000","2","125.0000","21.5000","64.0000","1372","108.0000","2","125.0000","1.0000","1.0000","0","121.0000","0","121.0000","0.0000","121.0000","1","115.0000","1","112.0000","0","90.0000","0","90.0000","17","25","0","18","20","0.0000","-0.9400","90.0000","29.9200","0.0000","-0.8200","90.0000","29.9200","1.0000","0.6600","1.0000","100.0000","21.5000","0.1000","63.0000","51.1800","1.0000","0.6100","1.0000","100.0000","686.0000","-0.1500","65.0000","49.6100","31.9100","-0.1500","60.0000","53.5400","0.0000","-2.2800","121.0000","5.5100","0.0000","-1.5500","121.0000","5.5100","0.0000","-1.3200","121.0000","5.5100","0.0000","-2.2000","121.0000","5.5100","0.5000","-0.7600","96.0000","25.2000","0.5000","-0.1400","72.0000","44.0900","-0.2000","67.0000","48.0300","-1.0400","-0.9600","-1.2800","-1.2500","-1.2800","0.0100","0.3093","-0.8800","-0.7900","-0.9700","-0.9800","-1.1500","-1.0800","-1.3400","12.6000","29.9200","2.3600","5.5100","2.3600","50.3900","100.0000","10.2400","29.9200","15.7500","5.5100","5.5100","9.4500","2.3600","127","4/1/2025 16:37","3","2","1.5000","1.5000","1.0000","99.0000","106.0000","103.0000","59.0000","1.0000","-0.9000","-0.6447","-0.7000","-0.2900","2.8800","22.8300","17.3200","19.6900","54.3300","100.0000","13","0","30.7100","89.0000","-0.8800","0.0000","30.7100","89.0000","-0.8900","0","30.7100","89.0000","-0.9600","0","44.8800","71.0000","-0.2800","0.0000","44.8800","71.0000","-0.2000","0","44.8800","71.0000","-0.7600","0.0000","30.7100","89.0000","-1.0800","0.0000","44.8800","71.0000","-0.8400","0.0000","98.4300","3.0000","-0.1200","0","98.4300","3.0000","-0.1200","0.0000","98.4300","3.0000","-0.1100","0","98.4300","3.0000","-0.1300","7","0","0"
"AAD2023.06.02752","537171","37416","21","Rowan University","Physics and Astronomy, Department of","Astronomy and Astrophysics","13","86.0000","110","97.0000","11","91.0000","10.0000","107.0000","1500","107.0000","10","93.0000","0.9100","123.0000","6","91.0000","10","96.0000","2147199.0000","98.0000","8","91.0000","6","82.0000","0","90.0000","0","90.0000","17","25","0","18","20","0.0000","-0.9400","90.0000","29.9200","0.0000","-0.8200","90.0000","29.9200","0.8500","-0.6700","105.0000","18.1100","8.4600","-1.0900","108.0000","15.7500","0.7700","-1.3300","118.0000","7.8700","115.3800","-1.0700","112.0000","12.6000","13.6400","-0.6400","113.0000","11.8100","0.4600","-0.4300","91.0000","29.1300","0.7700","-0.8200","102.0000","20.4700","165169.1500","-0.9600","106.0000","17.3200","214719.9000","-0.7800","106.0000","17.3200","0.6200","-0.6700","91.0000","29.1300","0.4600","-0.2900","81.0000","37.0100","-1.0000","108.0000","15.7500","-0.6400","-0.9600","-0.7500","-0.7200","-0.6800","-1.0500","-2.3456","-0.7300","-0.7900","-0.9600","-0.8500","-0.8700","-0.9300","-0.6200","36.2200","29.9200","27.5600","29.1300","29.1300","16.5400","3.9400","29.1300","29.9200","16.5400","23.6200","25.2000","24.4100","33.0700","127","4/1/2025 16:37","14","3","4.6700","1.0800","0.2300","92.0000","41.0000","83.0000","73.0000","95.0000","-0.7800","-0.0444","-0.5700","-0.4700","-0.7500","28.3500","68.5000","35.4300","43.3100","25.9800","13","0","30.7100","89.0000","-0.8800","0.0000","30.7100","89.0000","-0.8900","0","30.7100","89.0000","-0.9600","5","71.6500","37.0000","-0.1100","0.3800","81.8900","24.0000","0.0300","4","81.1000","25.0000","0.7500","0.0000","30.7100","89.0000","-1.0800","0.3100","98.4300","3.0000","2.5900","0.0000","98.4300","3.0000","-0.1200","0","98.4300","3.0000","-0.1200","0.0000","98.4300","3.0000","-0.1100","0","98.4300","3.0000","-0.1300","7","0","0"
"AAD2023.06.02752","65","37447","21","Eastern Michigan University","Physics and Astronomy, Department of","Astronomy and Astrophysics","7","109.0000","8","126.0000","3","124.0000","2.6700","125.0000","236","122.0000","3","123.0000","1.0000","1.0000","1","111.0000","1","117.0000","28682.0000","120.0000","0","119.0000","0","119.0000","0","90.0000","0","90.0000","17","25","0","18","20","0.0000","-0.9400","90.0000","29.9200","0.0000","-0.8200","90.0000","29.9200","0.4300","-4.2700","126.0000","1.5700","1.1400","-1.7500","126.0000","1.5700","0.4300","-4.1800","126.0000","1.5700","33.7100","-1.2000","122.0000","4.7200","29.5000","-0.2100","66.0000","48.8200","0.1400","-1.7100","115.0000","10.2400","0.1400","-1.4100","117.0000","8.6600","4097.4300","-1.3100","120.0000","6.3000","28682.0000","-2.0100","120.0000","6.3000","0.0000","-1.1300","119.0000","7.0900","0.0000","-2.0500","119.0000","7.0900","-1.6000","124.0000","3.1500","-1.1200","-0.9600","-1.2100","-1.1600","-1.2100","-1.7200","0.3093","-0.9000","-0.7900","-1.0300","-0.9800","-1.1200","-1.1600","-1.0100","7.0900","29.9200","3.9400","13.3900","3.1500","2.3600","100.0000","7.0900","29.9200","4.7200","6.3000","8.6600","1.5700","14.9600","127","4/1/2025 16:37","0","0","0.0000","0.0000","0.0000","120.0000","120.0000","120.0000","120.0000","120.0000","-1.1300","-0.9288","-0.7300","-0.9300","-1.8400","6.3000","6.3000","6.3000","6.3000","6.3000","13","0","30.7100","89.0000","-0.8800","0.0000","30.7100","89.0000","-0.8900","0","30.7100","89.0000","-0.9600","1","52.7600","61.0000","-0.2500","0.1400","60.6300","51.0000","-0.1100","1","58.2700","54.0000","-0.3800","0.0000","30.7100","89.0000","-1.0800","0.1400","80.3200","26.0000","0.7500","0.0000","98.4300","3.0000","-0.1200","0","98.4300","3.0000","-0.1200","0.0000","98.4300","3.0000","-0.1100","0","98.4300","3.0000","-0.1300","7","0","0"
"AAD2023.06.02752","383","37694","21","Hofstra University","Physics and Astronomy, Department of","Astronomy and Astrophysics","10","98.0000","40","118.0000","8","100.0000","5.0000","120.0000","13699","67.0000","8","101.0000","0.8900","124.0000","0","121.0000","0","121.0000","0.0000","121.0000","5","98.0000","4","98.0000","0","90.0000","0","90.0000","17","25","0","18","20","0.0000","-0.9400","90.0000","29.9200","0.0000","-0.8200","90.0000","29.9200","0.8000","-1.0700","110.0000","14.1700","4.0000","-1.4900","120.0000","6.3000","0.8000","-1.0700","113.0000","11.8100","1369.9000","0.9500","20.0000","85.0400","342.4800","8.3100","1.0000","100.0000","0.0000","-2.2800","121.0000","5.5100","0.0000","-1.5500","121.0000","5.5100","0.0000","-1.3200","121.0000","5.5100","0.0000","-2.2000","121.0000","5.5100","0.5000","-0.7600","96.0000","25.2000","0.4000","-0.5200","90.0000","29.9200","-1.3000","116.0000","9.4500","-0.8000","-0.9600","-0.8800","-1.2500","-0.8800","-1.5100","-2.9355","-0.7900","-0.7900","-0.3000","-0.9800","-1.1500","-1.0900","-0.8200","23.6200","29.9200","21.2600","5.5100","22.0500","6.3000","3.1500","23.6200","29.9200","48.0300","5.5100","5.5100","7.8700","23.6200","127","4/1/2025 16:37","1","1","1.0000","0.1000","0.1000","105.0000","110.0000","113.0000","119.0000","118.0000","-1.0100","-0.7394","-0.7200","-0.8800","-1.3700","18.1100","14.1700","11.8100","7.0900","7.8700","13","0","30.7100","89.0000","-0.8800","0.0000","30.7100","89.0000","-0.8900","0","30.7100","89.0000","-0.9600","0","44.8800","71.0000","-0.2800","0.0000","44.8800","71.0000","-0.2000","0","44.8800","71.0000","-0.7600","0.0000","30.7100","89.0000","-1.0800","0.0000","44.8800","71.0000","-0.8400","0.0000","98.4300","3.0000","-0.1200","0","98.4300","3.0000","-0.1200","0.0000","98.4300","3.0000","-0.1100","0","98.4300","3.0000","-0.1300","7","0","0"
"AAD2023.06.02752","537172","37775","21","Montclair State University","Physics and Astronomy, Department of","Astronomy and Astrophysics","5","119.0000","71","104.0000","4","117.0000","17.7500","75.0000","16965","59.0000","4","120.0000","1.0000","1.0000","4","100.0000","5","105.0000","796099.0000","110.0000","4","104.0000","3","101.0000","0","90.0000","0","90.0000","17","25","0","18","20","0.0000","-0.9400","90.0000","29.9200","0.0000","-0.8200","90.0000","29.9200","0.8000","-1.0700","110.0000","14.1700","14.2000","-0.5700","84.0000","34.6500","0.8000","-1.0700","113.0000","11.8100","3393.0000","4.2000","1.0000","100.0000","238.9400","5.4900","2.0000","99.2100","0.8000","0.9300","17.0000","87.4000","1.0000","-0.6000","88.0000","31.5000","159219.8000","-0.9700","107.0000","16.5400","159219.8000","-1.1500","116.0000","9.4500","0.8000","-0.5400","82.0000","36.2200","0.6000","0.2400","58.0000","55.1200","-0.1000","62.0000","51.9700","-0.8800","-0.9600","-1.1500","-0.9000","-1.1500","-0.3400","0.3093","-0.8200","-0.7900","-0.1200","-0.9400","-1.0100","-1.0100","-1.1400","21.2600","29.9200","6.3000","22.0500","8.6600","41.7300","100.0000","18.9000","29.9200","54.3300","14.1700","18.1100","18.9000","7.0900","127","4/1/2025 16:37","0","0","0.0000","0.0000","0.0000","120.0000","120.0000","120.0000","120.0000","120.0000","-1.1300","-0.9288","-0.7300","-0.9300","-1.8400","6.3000","6.3000","6.3000","6.3000","6.3000","13","0","30.7100","89.0000","-0.8800","0.0000","30.7100","89.0000","-0.8900","0","30.7100","89.0000","-0.9600","0","44.8800","71.0000","-0.2800","0.0000","44.8800","71.0000","-0.2000","0","44.8800","71.0000","-0.7600","0.0000","30.7100","89.0000","-1.0800","0.0000","44.8800","71.0000","-0.8400","0.0000","98.4300","3.0000","-0.1200","0","98.4300","3.0000","-0.1200","0.0000","98.4300","3.0000","-0.1100","0","98.4300","3.0000","-0.1300","7","0","0"
"AAD2023.06.02752","537205","37838","21","Drake University","Physics and Astronomy, Department of","Astronomy and Astrophysics","5","119.0000","47","115.0000","4","117.0000","11.7500","99.0000","715","115.0000","4","120.0000","1.0000","1.0000","1","111.0000","3","108.0000","600377.0000","113.0000","4","104.0000","1","112.0000","2","53.0000","1","62.0000","17","25","0","18","20","0.2000","1.4100","8.0000","94.4900","0.4000","1.7000","8.0000","94.4900","0.8000","-1.0700","110.0000","14.1700","9.4000","-1.0000","102.0000","20.4700","0.8000","-1.0700","113.0000","11.8100","143.0000","-1.0300","108.0000","15.7500","15.2100","-0.6000","110.0000","14.1700","0.2000","-1.4800","111.0000","13.3900","0.6000","-0.9800","106.0000","17.3200","120075.4000","-1.0600","112.0000","12.6000","200125.6700","-0.8800","108.0000","15.7500","0.8000","-0.5400","82.0000","36.2200","0.2000","-1.2900","110.0000","14.1700","-1.1000","110.0000","14.1700","-1.0400","-0.4500","-1.1500","-1.1600","-1.1500","-0.8900","0.3093","-0.8200","-0.2900","-1.0100","-0.9500","-1.0700","-1.0700","-1.1400","12.6000","51.9700","6.3000","13.3900","8.6600","22.8300","100.0000","18.9000","59.0600","10.2400","11.8100","15.7500","10.2400","7.0900","127","4/1/2025 16:37","8","1","8.0000","1.6000","0.2000","105.0000","19.0000","93.0000","56.0000","103.0000","-1.0100","0.5862","-0.6400","-0.2500","-0.8900","18.1100","85.8300","27.5600","56.6900","19.6900","13","0","30.7100","89.0000","-0.8800","0.0000","30.7100","89.0000","-0.8900","0","30.7100","89.0000","-0.9600","0","44.8800","71.0000","-0.2800","0.0000","44.8800","71.0000","-0.2000","0","44.8800","71.0000","-0.7600","0.0000","30.7100","89.0000","-1.0800","0.0000","44.8800","71.0000","-0.8400","0.0000","98.4300","3.0000","-0.1200","0","98.4300","3.0000","-0.1200","0.0000","98.4300","3.0000","-0.1100","0","98.4300","3.0000","-0.1300","7","0","0"
"AAD2023.06.02752","537217","37889","21","California State University, Long Beach","Physics and Astronomy, Department of","Astronomy and Astrophysics","13","86.0000","73","102.0000","13","80.0000","5.6200","118.0000","2158","100.0000","12","85.0000","0.9200","120.0000","4","100.0000","6","102.0000","1605370.0000","101.0000","5","98.0000","5","85.0000","0","90.0000","0","90.0000","17","25","0","18","20","0.0000","-0.9400","90.0000","29.9200","0.0000","-0.8200","90.0000","29.9200","1.0000","0.6600","1.0000","100.0000","5.6200","-1.3500","116.0000","9.4500","0.9200","-0.0400","90.0000","29.9200","166.0000","-0.9900","104.0000","18.9000","29.5600","-0.2100","65.0000","49.6100","0.3100","-1.0500","107.0000","16.5400","0.4600","-1.1100","109.0000","14.9600","123490.0000","-1.0500","109.0000","14.9600","267561.6700","-0.4300","86.0000","33.0700","0.3800","-0.8500","103.0000","19.6900","0.3800","-0.5800","93.0000","27.5600","-1.1000","110.0000","14.1700","-0.7200","-0.9600","-0.6200","-0.9000","-0.5500","-1.4500","-1.9371","-0.7900","-0.7900","-0.9300","-0.8900","-0.9800","-1.0100","-0.6200","33.8600","29.9200","33.8600","22.0500","37.8000","7.8700","6.3000","23.6200","29.9200","22.0500","21.2600","20.4700","20.4700","33.0700","127","4/1/2025 16:37","3","3","1.0000","0.2300","0.2300","92.0000","110.0000","103.0000","107.0000","95.0000","-0.7800","-0.7394","-0.7000","-0.8300","-0.7500","28.3500","14.1700","19.6900","16.5400","25.9800","13","0","30.7100","89.0000","-0.8800","0.0000","30.7100","89.0000","-0.8900","0","30.7100","89.0000","-0.9600","0","44.8800","71.0000","-0.2800","0.0000","44.8800","71.0000","-0.2000","0","44.8800","71.0000","-0.7600","0.0000","30.7100","89.0000","-1.0800","0.0000","44.8800","71.0000","-0.8400","0.0000","98.4300","3.0000","-0.1200","0","98.4300","3.0000","-0.1200","0.0000","98.4300","3.0000","-0.1100","0","98.4300","3.0000","-0.1300","7","0","0"
"AAD2023.06.02752","522","38781","21","Eastern University","Astronomy and Physics, Department of","Astronomy and Astrophysics","2","125.0000","2","127.0000","1","127.0000","2.0000","127.0000","154","124.0000","1","127.0000","1.0000","1.0000","0","121.0000","0","121.0000","0.0000","121.0000","0","119.0000","0","119.0000","1","73.0000","1","62.0000","17","25","0","18","20","0.5000","4.9200","1.0000","100.0000","0.5000","2.3300","3.0000","98.4300","0.5000","-3.6600","125.0000","2.3600","1.0000","-1.7700","127.0000","0.7900","0.5000","-3.5800","125.0000","2.3600","77.0000","-1.1300","119.0000","7.0900","77.0000","1.0800","7.0000","95.2800","0.0000","-2.2800","121.0000","5.5100","0.0000","-1.5500","121.0000","5.5100","0.0000","-1.3200","121.0000","5.5100","0.0000","-2.2000","121.0000","5.5100","0.0000","-1.1300","119.0000","7.0900","0.0000","-2.0500","119.0000","7.0900","-1.6000","124.0000","3.1500","-1.1200","-0.4500","-1.3400","-1.2500","-1.3500","-1.7800","0.3093","-0.9000","-0.5400","-1.0400","-0.9800","-1.1500","-1.1700","-1.3400","7.0900","51.9700","0.7900","5.5100","0.7900","0.7900","100.0000","7.0900","43.3100","3.1500","5.5100","5.5100","0.7900","2.3600","127","4/1/2025 16:37","0","0","0.0000","0.0000","0.0000","120.0000","120.0000","120.0000","120.0000","120.0000","-1.1300","-0.9288","-0.7300","-0.9300","-1.8400","6.3000","6.3000","6.3000","6.3000","6.3000","13","0","30.7100","89.0000","-0.8800","0.0000","30.7100","89.0000","-0.8900","0","30.7100","89.0000","-0.9600","0","44.8800","71.0000","-0.2800","0.0000","44.8800","71.0000","-0.2000","0","44.8800","71.0000","-0.7600","0.0000","30.7100","89.0000","-1.0800","0.0000","44.8800","71.0000","-0.8400","0.0000","98.4300","3.0000","-0.1200","0","98.4300","3.0000","-0.1200","0.0000","98.4300","3.0000","-0.1100","0","98.4300","3.0000","-0.1300","7","0","0"
"AAD2023.06.02752","525","38847","21","James Madison University","Physics and Astronomy, Department of","Astronomy and Astrophysics","19","63.0000","82","100.0000","13","80.0000","6.3100","117.0000","2056","102.0000","12","85.0000","0.9200","120.0000","6","91.0000","14","93.0000","2329810.0000","97.0000","6","96.0000","5","85.0000","0","90.0000","0","90.0000","17","25","0","18","20","0.0000","-0.9400","90.0000","29.9200","0.0000","-0.8200","90.0000","29.9200","0.6800","-2.0700","122.0000","4.7200","4.3200","-1.4700","119.0000","7.0900","0.6300","-2.4800","122.0000","4.7200","108.2100","-1.0800","114.0000","11.0200","25.0700","-0.3300","87.0000","32.2800","0.3200","-1.0100","106.0000","17.3200","0.7400","-0.8500","105.0000","18.1100","122621.5800","-1.0500","111.0000","13.3900","166415.0000","-1.1000","114.0000","11.0200","0.3200","-0.9000","109.0000","14.9600","0.2600","-1.0500","105.0000","18.1100","-1.3000","116.0000","9.4500","-0.7200","-0.9600","-0.6200","-0.7200","-0.5500","-1.3900","-1.9371","-0.7700","-0.7900","-0.9300","-0.8400","-0.7600","-0.9900","-0.2300","33.8600","29.9200","33.8600","29.1300","37.8000","8.6600","6.3000","25.2000","29.9200","20.4700","24.4100","27.5600","22.0500","51.1800","127","4/1/2025 16:37","3","4","0.7500","0.1600","0.2100","90.0000","119.0000","103.0000","116.0000","101.0000","-0.6700","-0.7868","-0.7000","-0.8600","-0.8400","29.9200","7.0900","19.6900","9.4500","21.2600","13","0","30.7100","89.0000","-0.8800","0.0000","30.7100","89.0000","-0.8900","0","30.7100","89.0000","-0.9600","0","44.8800","71.0000","-0.2800","0.0000","44.8800","71.0000","-0.2000","0","44.8800","71.0000","-0.7600","0.0000","30.7100","89.0000","-1.0800","0.0000","44.8800","71.0000","-0.8400","0.0000","98.4300","3.0000","-0.1200","0","98.4300","3.0000","-0.1200","0.0000","98.4300","3.0000","-0.1100","0","98.4300","3.0000","-0.1300","7","0","0"
"AAD2023.06.02752","534","38894","21","California State University, Sacramento","Physics and Astronomy, Department of","Astronomy and Astrophysics","14","81.0000","355","71.0000","12","87.0000","29.5800","29.0000","8397","80.0000","12","85.0000","1.0000","1.0000","1","111.0000","1","117.0000","182538.0000","118.0000","2","110.0000","2","106.0000","0","90.0000","0","90.0000","17","25","0","18","20","0.0000","-0.9400","90.0000","29.9200","0.0000","-0.8200","90.0000","29.9200","0.8600","-0.5800","101.0000","21.2600","25.3600","0.4500","51.0000","60.6300","0.8600","-0.5900","100.0000","22.0500","599.7900","-0.2900","70.0000","45.6700","23.6500","-0.3700","95.0000","25.9800","0.0700","-1.9900","120.0000","6.3000","0.0700","-1.4800","120.0000","6.3000","13038.4300","-1.2900","119.0000","7.0900","182538.0000","-0.9900","111.0000","13.3900","0.1400","-1.0300","117.0000","8.6600","0.1400","-1.5100","116.0000","9.4500","-1.3000","116.0000","9.4500","-0.9600","-0.9600","-0.6200","-1.1600","-0.6200","0.7500","0.3093","-0.8600","-0.7900","-0.5900","-0.9700","-1.1200","-0.3700","-0.5600","17.3200","29.9200","33.8600","13.3900","32.2800","77.9500","100.0000","14.1700","29.9200","37.8000","7.8700","8.6600","44.8800","37.0100","127","4/1/2025 16:37","5","2","2.5000","0.3600","0.1400","99.0000","82.0000","97.0000","103.0000","109.0000","-0.9000","-0.4554","-0.6700","-0.7800","-1.1600","22.8300","36.2200","24.4100","19.6900","14.9600","13","0","30.7100","89.0000","-0.8800","0.0000","30.7100","89.0000","-0.8900","0","30.7100","89.0000","-0.9600","1","52.7600","61.0000","-0.2500","0.0700","50.3900","64.0000","-0.1600","2","69.2900","40.0000","-0.0100","0.0000","30.7100","89.0000","-1.0800","0.1400","80.3200","26.0000","0.7500","0.0000","98.4300","3.0000","-0.1200","0","98.4300","3.0000","-0.1200","0.0000","98.4300","3.0000","-0.1100","0","98.4300","3.0000","-0.1300","7","0","0"
"AAD2023.06.02752","3191","38929","21","University of Central Arkansas","Physics and Astronomy, Department of","Astronomy and Astrophysics","11","94.0000","15","124.0000","4","117.0000","3.7500","124.0000","159","123.0000","3","123.0000","0.7500","127.0000","1","111.0000","1","117.0000","519831.0000","115.0000","0","119.0000","0","119.0000","0","90.0000","0","90.0000","17","25","0","18","20","0.0000","-0.9400","90.0000","29.9200","0.0000","-0.8200","90.0000","29.9200","0.3600","-4.8300","127.0000","0.7900","1.3600","-1.7300","125.0000","2.3600","0.2700","-5.4900","127.0000","0.7900","14.4500","-1.2300","127.0000","0.7900","10.6000","-0.7300","123.0000","3.9400","0.0900","-1.9200","119.0000","7.0900","0.0900","-1.4600","119.0000","7.0900","47257.3600","-1.2200","114.0000","11.0200","519831.0000","1.2400","13.0000","90.5500","0.0000","-1.1300","119.0000","7.0900","0.0000","-2.0500","119.0000","7.0900","-1.6000","124.0000","3.1500","-1.1200","-0.9600","-1.2100","-1.1600","-1.1500","-1.6200","-6.9916","-0.9000","-0.7900","-1.0400","-0.9500","-1.1200","-1.1400","-0.7500","7.0900","29.9200","3.9400","13.3900","8.6600","3.1500","0.7900","7.0900","29.9200","3.9400","10.2400","8.6600","3.1500","26.7700","127","4/1/2025 16:37","7","3","2.3300","0.6400","0.2700","92.0000","86.0000","96.0000","93.0000","87.0000","-0.7800","-0.4876","-0.6500","-0.6600","-0.5500","28.3500","33.0700","25.2000","27.5600","32.2800","13","0","30.7100","89.0000","-0.8800","0.0000","30.7100","89.0000","-0.8900","0","30.7100","89.0000","-0.9600","0","44.8800","71.0000","-0.2800","0.0000","44.8800","71.0000","-0.2000","0","44.8800","71.0000","-0.7600","0.0000","30.7100","89.0000","-1.0800","0.0000","44.8800","71.0000","-0.8400","0.0000","98.4300","3.0000","-0.1200","0","98.4300","3.0000","-0.1200","0.0000","98.4300","3.0000","-0.1100","0","98.4300","3.0000","-0.1300","7","0","0"
"AAD2023.06.02752","537129","38978","21","Youngstown State University","Physics and Astronomy, Program in","Astronomy and Astrophysics","6","113.0000","28","119.0000","5","112.0000","5.6000","119.0000","705","116.0000","5","111.0000","1.0000","1.0000","0","121.0000","0","121.0000","0.0000","121.0000","2","110.0000","1","112.0000","0","90.0000","0","90.0000","17","25","0","18","20","0.0000","-0.9400","90.0000","29.9200","0.0000","-0.8200","90.0000","29.9200","0.8300","-0.7800","106.0000","17.3200","4.6700","-1.4300","118.0000","7.8700","0.8300","-0.7900","106.0000","17.3200","117.5000","-1.0700","111.0000","13.3900","25.1800","-0.3300","86.0000","33.0700","0.0000","-2.2800","121.0000","5.5100","0.0000","-1.5500","121.0000","5.5100","0.0000","-1.3200","121.0000","5.5100","0.0000","-2.2000","121.0000","5.5100","0.3300","-0.8800","108.0000","15.7500","0.1700","-1.4100","113.0000","11.8100","-1.3000","116.0000","9.4500","-1.0400","-0.9600","-1.0800","-1.2500","-1.0800","-1.4500","0.3093","-0.8600","-0.7900","-1.0100","-0.9800","-1.1500","-1.1100","-1.0800","12.6000","29.9200","13.3900","5.5100","12.6000","7.0900","100.0000","14.1700","29.9200","9.4500","5.5100","5.5100","7.0900","11.8100","127","4/1/2025 16:37","1","1","1.0000","0.1700","0.1700","105.0000","110.0000","113.0000","113.0000","106.0000","-1.0100","-0.7394","-0.7200","-0.8600","-1.0500","18.1100","14.1700","11.8100","11.8100","17.3200","13","0","30.7100","89.0000","-0.8800","0.0000","30.7100","89.0000","-0.8900","0","30.7100","89.0000","-0.9600","0","44.8800","71.0000","-0.2800","0.0000","44.8800","71.0000","-0.2000","0","44.8800","71.0000","-0.7600","0.0000","30.7100","89.0000","-1.0800","0.0000","44.8800","71.0000","-0.8400","0.0000","98.4300","3.0000","-0.1200","0","98.4300","3.0000","-0.1200","0.0000","98.4300","3.0000","-0.1100","0","98.4300","3.0000","-0.1300","7","0","0"
"AAD2023.06.02752","537919","39057","21","University of Minnesota - Duluth","Physics and Astronomy, Department of","Astronomy and Astrophysics","13","86.0000","130","92.0000","10","94.0000","13.0000","92.0000","3142","97.0000","10","93.0000","1.0000","1.0000","5","97.0000","15","91.0000","2987584.0000","94.0000","5","98.0000","3","101.0000","0","90.0000","0","90.0000","17","25","0","18","20","0.0000","-0.9400","90.0000","29.9200","0.0000","-0.8200","90.0000","29.9200","0.7700","-1.3300","116.0000","9.4500","10.0000","-0.9500","100.0000","22.0500","0.7700","-1.3300","118.0000","7.8700","241.6900","-0.8700","98.0000","23.6200","24.1700","-0.3600","93.0000","27.5600","0.3800","-0.7400","101.0000","21.2600","1.1500","-0.4600","85.0000","33.8600","229814.1500","-0.8100","98.0000","23.6200","199172.2700","-0.8800","109.0000","14.9600","0.3800","-0.8500","103.0000","19.6900","0.2300","-1.1700","108.0000","15.7500","-0.8000","97.0000","24.4100","-0.8800","-0.9600","-0.7500","-0.8100","-0.7500","-0.7700","0.3093","-0.7900","-0.7900","-0.8700","-0.8000","-0.7300","-0.8800","-0.6200","21.2600","29.9200","27.5600","24.4100","26.7700","28.3500","100.0000","23.6200","29.9200","24.4100","26.7700","29.1300","28.3500","33.0700","127","4/1/2025 16:37","15","5","3.0000","1.1500","0.3800","82.0000","67.0000","79.0000","70.0000","68.0000","-0.5500","-0.3607","-0.5600","-0.4400","-0.0200","36.2200","48.0300","38.5800","45.6700","47.2400","13","1","49.6100","65.0000","-0.5300","0.0800","51.9700","62.0000","-0.2000","1","49.6100","65.0000","-0.4900","0","44.8800","71.0000","-0.2800","0.0000","44.8800","71.0000","-0.2000","0","44.8800","71.0000","-0.7600","0.0800","54.3300","59.0000","-0.0400","0.0000","44.8800","71.0000","-0.8400","0.0000","98.4300","3.0000","-0.1200","0","98.4300","3.0000","-0.1200","0.0000","98.4300","3.0000","-0.1100","0","98.4300","3.0000","-0.1300","7","0","0"
"AAD2023.06.02752","559052","39424","21","University of Hawai'i at Hilo","Physics and Astronomy, Department of","Astronomy and Astrophysics","5","119.0000","26","121.0000","4","117.0000","6.5000","115.0000","318","120.0000","5","111.0000","1.0000","1.0000","1","111.0000","2","111.0000","869009.0000","109.0000","1","115.0000","1","112.0000","0","90.0000","0","90.0000","17","25","0","18","20","0.0000","-0.9400","90.0000","29.9200","0.0000","-0.8200","90.0000","29.9200","0.8000","-1.0700","110.0000","14.1700","5.2000","-1.3800","117.0000","8.6600","1.0000","0.6100","1.0000","100.0000","63.6000","-1.1600","121.0000","5.5100","12.2300","-0.6800","117.0000","8.6600","0.2000","-1.4800","111.0000","13.3900","0.4000","-1.1700","111.0000","13.3900","173801.8000","-0.9400","104.0000","18.9000","434504.5000","0.6800","29.0000","77.9500","0.2000","-0.9800","115.0000","10.2400","0.2000","-1.2900","110.0000","14.1700","-1.2000","114.0000","11.0200","-1.0400","-0.9600","-1.0800","-1.1600","-1.1500","-1.3700","0.3093","-0.8800","-0.7900","-1.0300","-0.9300","-1.0900","-1.1200","-1.1400","12.6000","29.9200","13.3900","13.3900","8.6600","10.2400","100.0000","10.2400","29.9200","6.3000","14.9600","13.3900","5.5100","7.0900","127","4/1/2025 16:37","1","1","1.0000","0.2000","0.2000","105.0000","110.0000","113.0000","111.0000","103.0000","-1.0100","-0.7394","-0.7200","-0.8400","-0.8900","18.1100","14.1700","11.8100","13.3900","19.6900","13","0","30.7100","89.0000","-0.8800","0.0000","30.7100","89.0000","-0.8900","0","30.7100","89.0000","-0.9600","0","44.8800","71.0000","-0.2800","0.0000","44.8800","71.0000","-0.2000","0","44.8800","71.0000","-0.7600","0.0000","30.7100","89.0000","-1.0800","0.0000","44.8800","71.0000","-0.8400","0.0000","98.4300","3.0000","-0.1200","0","98.4300","3.0000","-0.1200","0.0000","98.4300","3.0000","-0.1100","0","98.4300","3.0000","-0.1300","7","0","0"
"AAD2023.06.02752","256","39756","21","University of California, San Diego","Astronomy and Astrophysics, Department of","Astronomy and Astrophysics","12","92.0000","381","67.0000","12","87.0000","31.7500","25.0000","13696","68.0000","12","85.0000","1.0000","1.0000","11","71.0000","35","66.0000","14058400.0000","57.0000","28","61.0000","10","66.0000","1","73.0000","1","62.0000","17","25","0","18","20","0.0800","0.0400","49.0000","62.2000","0.0800","-0.2900","60.0000","53.5400","1.0000","0.6600","1.0000","100.0000","31.7500","1.0300","21.0000","84.2500","1.0000","0.6100","1.0000","100.0000","1141.3300","0.5800","31.0000","76.3800","35.9500","-0.0400","46.0000","64.5700","0.9200","1.4000","3.0000","98.4300","2.9200","1.2100","16.0000","88.1900","1171533.3300","1.2600","16.0000","88.1900","401668.5700","0.4600","38.0000","70.8700","2.3300","0.6100","26.0000","80.3200","0.8300","1.1400","19.0000","85.8300","0.7000","9.0000","93.7000","-0.3100","-0.4500","-0.6200","-0.2800","-0.6200","0.9500","0.3093","-0.2800","-0.5400","-0.3000","-0.1300","-0.1700","-0.3100","-0.6900","48.8200","51.9700","33.8600","44.8800","32.2800","81.1000","100.0000","52.7600","43.3100","47.2400","55.9100","48.8200","48.0300","28.3500","127","4/1/2025 16:37","73","9","8.1100","6.0800","0.7500","56.0000","18.0000","35.0000","11.0000","5.0000","-0.1000","0.6070","0.1300","1.6400","1.7000","56.6900","86.6100","73.2300","92.1300","96.8500","13","1","49.6100","65.0000","-0.5300","0.0800","53.5400","60.0000","-0.1400","1","49.6100","65.0000","-0.4900","0","44.8800","71.0000","-0.2800","0.0000","44.8800","71.0000","-0.2000","0","44.8800","71.0000","-0.7600","0.0800","55.9100","57.0000","0.0500","0.0000","44.8800","71.0000","-0.8400","0.0000","98.4300","3.0000","-0.1200","0","98.4300","3.0000","-0.1200","0.0000","98.4300","3.0000","-0.1100","0","98.4300","3.0000","-0.1300","7","0","0"
