"releasename","institutionid","unitid","comparisongroupid","institutionname","unitname","comparisongroupname","facultycount","facultycount_rank","articlecount","articlecount_rank","articlefacultycount","articlefacultycount_rank","articlecountperauthor","articlecountperauthor_rank","citationcount","citationcount_rank","citationfacultycount","citationfacultycount_rank","pctofauthorwithcitation","pctofauthorwithcitation_rank","grantfacultycount","grantfacultycount_rank","grantcount","grantcount_rank","grantdollars","grantdollars_rank","awardcount","awardcount_rank","awardfacultycount","awardfacultycount_rank","bookcount","bookcount_rank","bookfacultycount","bookfacultycount_rank","awardsweight","grantsweight","booksweight","citationsweight","articlesweight","pctoffacwithbook","pctoffacwithbook_zscore","pctoffacwithbook_rank","pctoffacwithbook_pct","bookcountperfaculty","bookcountperfaculty_zscore","bookcountperfaculty_rank","bookcountperfaculty_pct","pctoffacwitharticle","pctoffacwitharticle_zscore","pctoffacwitharticle_rank","pctoffacwitharticle_pct","articlecountperfaculty","articlecountperfaculty_zscore","articlecountperfaculty_rank","articlecountperfaculty_pct","pctoffacwithcitation","pctoffacwithcitation_zscore","pctoffacwithcitation_rank","pctoffacwithcitation_pct","citationcountperfaculty","citationcountperfaculty_zscore","citationcountperfaculty_rank","citationcountperfaculty_pct","citationcountperarticle","citationcountperarticle_zscore","citationcountperarticle_rank","citationcountperarticle_pct","pctoffacwithgrant","pctoffacwithgrant_zscore","pctoffacwithgrant_rank","pctoffacwithgrant_pct","grantcountperfaculty","grantcountperfaculty_zscore","grantcountperfaculty_rank","grantcountperfaculty_pct","grantdollarsperfaculty","grantdollarsperfaculty_zscore","grantdollarsperfaculty_rank","grantdollarsperfaculty_pct","dollarspergrant","dollarspergrant_zscore","dollarspergrant_rank","dollarspergrant_pct","awardcountperfaculty","awardcountperfaculty_zscore","awardcountperfaculty_rank","awardcountperfaculty_pct","pctoffacwithaward","pctoffacwithaward_zscore","pctoffacwithaward_rank","pctoffacwithaward_pct","sri","sri_rank","sri_pct","awardfacultycount_zscore","bookfacultycount_zscore","citationfacultycount_zscore","grantfacultycount_zscore","articlefacultycount_zscore","articlecountperauthor_zscore","pctofauthorwithcitation_zscore","awardcount_zscore","bookcount_zscore","citationcount_zscore","grantdollars_zscore","grantcount_zscore","articlecount_zscore","facultycount_zscore","awardfacultycount_pct","bookfacultycount_pct","citationfacultycount_pct","grantfacultycount_pct","articlefacultycount_pct","articlecountperauthor_pct","pctofauthorwithcitation_pct","awardcount_pct","bookcount_pct","citationcount_pct","grantdollars_pct","grantcount_pct","articlecount_pct","facultycount_pct","unitsincomparisongroup","createddate","confproccount","confprocfacultycount","confproccountperauthor","confproccountperfaculty","pctoffacwithconfproc","confprocfacultycount_rank","confproccountperauthor_rank","confproccount_rank","confproccountperfaculty_rank","pctoffacwithconfproc_rank","confprocfacultycount_zscore","confproccountperauthor_zscore","confproccount_zscore","confproccountperfaculty_zscore","pctoffacwithconfproc_zscore","confprocfacultycount_pct","confproccountperauthor_pct","confproccount_pct","confproccountperfaculty_pct","pctoffacwithconfproc_pct","confprocweight","chaptercount","chaptercount_pct","chaptercount_rank","chaptercount_zscore","chaptercountperfaculty","chaptercountperfaculty_pct","chaptercountperfaculty_rank","chaptercountperfaculty_zscore","chapterfacultycount","chapterfacultycount_pct","chapterfacultycount_rank","chapterfacultycount_zscore","patentcount","patentcount_pct","patentcount_rank","patentcount_zscore","patentcountperfaculty","patentcountperfaculty_pct","patentcountperfaculty_rank","patentcountperfaculty_zscore","patentfacultycount","patentfacultycount_pct","patentfacultycount_rank","patentfacultycount_zscore","pctoffacwithchapter","pctoffacwithchapter_pct","pctoffacwithchapter_rank","pctoffacwithchapter_zscore","pctoffacwithpatent","pctoffacwithpatent_pct","pctoffacwithpatent_rank","pctoffacwithpatent_zscore","pctoffacwithtrial","pctoffacwithtrial_pct","pctoffacwithtrial_rank","pctoffacwithtrial_zscore","trialcount","trialcount_pct","trialcount_rank","trialcount_zscore","trialcountperfaculty","trialcountperfaculty_pct","trialcountperfaculty_rank","trialcountperfaculty_zscore","trialfacultycount","trialfacultycount_pct","trialfacultycount_rank","trialfacultycount_zscore","chaptersweight","patentsweight","trialsweight"
"AAD2023.06.02752","103","111","156","Kansas State University","Sociology, Anthropology and Social Work, Department of","Sociology - Articles-Focused","10","182.0000","60","120.0000","9","151.0000","6.6700","63.0000","793","100.0000","9","152.0000","1.0000","1.0000","1","109.0000","2","86.0000","668045.0000","88.0000","6","153.0000","4","142.0000","10","119.0000","4","150.0000","7","15","0","40","38","0.4000","0.0900","108.0000","57.7100","1.0000","0.4800","65.0000","74.7000","0.9000","0.5800","90.0000","64.8200","6.0000","0.5600","63.0000","75.4900","0.9000","0.6700","79.0000","69.1700","79.3000","0.3000","70.0000","72.7300","13.2200","0.2000","74.0000","71.1500","0.1000","-0.1700","114.0000","55.3400","0.2000","0.1100","84.0000","67.1900","66804.5000","-0.1100","73.0000","71.5400","334022.5000","0.2000","58.0000","77.4700","0.6000","-0.4100","141.0000","44.6600","0.4000","-0.1100","130.0000","49.0100","0.1000","90.0000","64.8200","-0.5000","-0.4700","-0.4000","-0.4100","-0.4400","0.5200","0.6422","-0.5000","-0.2200","-0.2100","-0.2300","-0.2600","-0.2100","-0.6600","44.2700","41.1100","40.3200","57.3100","40.7100","75.4900","100.0000","39.9200","53.3600","60.8700","65.6100","66.4000","52.9600","28.4600","253","4/1/2025 16:37","1","1","1.0000","0.1000","0.1000","43.0000","46.0000","65.0000","53.0000","30.0000","0.3700","0.3463","0.0000","0.4500","1.1900","83.4000","82.2100","74.7000","79.4500","88.5400","0","14","68.7700","80.0000","0.2700","1.4000","94.4700","15.0000","1.6500","7","71.5400","73.0000","0.2900","0","98.0200","6.0000","-0.1400","0.0000","98.0200","6.0000","-0.1300","0","98.0200","6.0000","-0.1400","0.7000","98.0200","6.0000","1.8800","0.0000","98.0200","6.0000","-0.1300","0.0000","94.4700","15.0000","-0.2300","0","94.4700","15.0000","-0.1800","0.0000","94.4700","15.0000","-0.2200","0","94.4700","15.0000","-0.2200","0","0","0"
"AAD2023.06.02752","109","184","156","Louisiana State University","Sociology, Department of","Sociology - Articles-Focused","17","86.0000","94","80.0000","17","59.0000","5.5300","107.0000","792","101.0000","15","75.0000","0.8800","182.0000","2","78.0000","4","63.0000","510468.0000","94.0000","15","91.0000","6","118.0000","22","43.0000","4","150.0000","7","15","0","40","38","0.2400","-0.8000","202.0000","20.5500","1.2900","1.0700","42.0000","83.7900","1.0000","1.0800","1.0000","100.0000","5.5300","0.4000","79.0000","69.1700","0.8800","0.5900","91.0000","64.4300","46.5900","-0.2100","106.0000","58.5000","8.4300","-0.4100","162.0000","36.3600","0.1200","-0.0300","106.0000","58.5000","0.2400","0.2600","77.0000","69.9600","30027.5300","-0.2800","101.0000","60.4700","127617.0000","-0.2800","118.0000","53.7500","0.8800","-0.1400","105.0000","58.8900","0.3500","-0.2900","152.0000","40.3200","0.3000","61.0000","76.2800","-0.2100","-0.4700","0.3900","-0.0900","0.5900","0.1100","-0.3011","-0.1700","0.8900","-0.2100","-0.2500","0.0900","0.2500","0.2300","53.7500","41.1100","70.7500","69.5700","77.0800","58.1000","28.4600","64.4300","83.4000","60.4700","63.2400","75.4900","68.7700","66.4000","253","4/1/2025 16:37","0","0","0.0000","0.0000","0.0000","102.0000","102.0000","102.0000","102.0000","102.0000","-0.6700","-0.6212","-0.5500","-0.5600","-0.6700","60.0800","60.0800","60.0800","60.0800","60.0800","0","20","83.7900","42.0000","0.8900","1.1800","85.7700","37.0000","1.1300","8","76.6800","60.0000","0.5200","0","98.0200","6.0000","-0.1400","0.0000","98.0200","6.0000","-0.1300","0","98.0200","6.0000","-0.1400","0.4700","75.1000","64.0000","0.6300","0.0000","98.0200","6.0000","-0.1300","0.0000","94.4700","15.0000","-0.2300","0","94.4700","15.0000","-0.1800","0.0000","94.4700","15.0000","-0.2200","0","94.4700","15.0000","-0.2200","0","0","0"
"AAD2023.06.02752","12","312","156","Arizona State University","Social and Family Dynamics, School of","Sociology - Articles-Focused","42","2.0000","413","2.0000","40","1.0000","10.3300","13.0000","4939","9.0000","39","1.0000","0.9800","128.0000","10","10.0000","12","19.0000","5553030.0000","25.0000","51","28.0000","21","15.0000","24","34.0000","12","27.0000","7","15","0","40","38","0.2900","-0.5300","174.0000","31.6200","0.5700","-0.3900","153.0000","39.9200","0.9500","0.8400","42.0000","83.7900","9.8300","1.9000","11.0000","96.0500","0.9300","0.8100","60.0000","76.6800","117.6000","0.8900","35.0000","86.5600","11.9600","0.0400","95.0000","62.8500","0.2400","0.8700","52.0000","79.8400","0.2900","0.4900","63.0000","75.4900","132215.0000","0.2000","40.0000","84.5900","462752.5000","0.5000","42.0000","83.7900","1.2100","0.1700","86.0000","66.4000","0.5000","0.2600","99.0000","61.2600","0.7000","13.0000","95.2600","1.9100","1.3100","3.5500","2.5100","3.5700","1.8300","0.4417","1.1200","1.0800","2.4800","0.5600","1.5000","4.5300","3.4200","94.4700","89.7200","100.0000","96.4400","100.0000","95.2600","49.8000","89.3300","86.9600","96.8400","90.5100","92.8900","99.6000","99.6000","253","4/1/2025 16:37","6","4","1.5000","0.1400","0.1000","2.0000","35.0000","4.0000","37.0000","35.0000","3.4700","0.8300","2.7600","0.8800","1.1000","99.6000","86.5600","98.8100","85.7700","86.5600","0","31","96.0500","11.0000","2.0100","0.7400","56.9200","110.0000","0.1100","20","99.2100","3.0000","3.3000","0","98.0200","6.0000","-0.1400","0.0000","98.0200","6.0000","-0.1300","0","98.0200","6.0000","-0.1400","0.4800","75.4900","63.0000","0.6600","0.0000","98.0200","6.0000","-0.1300","0.0000","94.4700","15.0000","-0.2300","0","94.4700","15.0000","-0.1800","0.0000","94.4700","15.0000","-0.2200","0","94.4700","15.0000","-0.2200","0","0","0"
"AAD2023.06.02752","146","400","156","New York University","Sociology, Department of","Sociology - Articles-Focused","23","37.0000","111","59.0000","20","34.0000","5.5500","105.0000","1827","49.0000","20","31.0000","1.0000","1.0000","6","27.0000","7","37.0000","979442.0000","71.0000","87","12.0000","20","19.0000","31","19.0000","11","32.0000","7","15","0","40","38","0.4800","0.5200","73.0000","71.5400","1.3500","1.1800","38.0000","85.3800","0.8700","0.4300","115.0000","54.9400","4.8300","0.1500","101.0000","60.4700","0.8700","0.5300","97.0000","62.0600","79.4300","0.3000","69.0000","73.1200","16.4600","0.6200","42.0000","83.7900","0.2600","1.0400","43.0000","83.4000","0.3000","0.5700","60.0000","76.6800","42584.4300","-0.2200","88.0000","65.6100","139920.2900","-0.2600","113.0000","55.7300","3.7800","2.6300","8.0000","97.2300","0.8700","1.6500","14.0000","94.8600","0.3000","61.0000","76.2800","1.7700","1.0800","1.0500","1.2100","0.9800","0.1200","0.6422","2.4200","1.7300","0.4600","-0.1800","0.6200","0.4700","1.0000","92.8900","87.7500","88.1400","89.7200","86.9600","58.8900","100.0000","95.6500","92.8900","81.0300","72.3300","85.7700","77.0800","85.7700","253","4/1/2025 16:37","0","0","0.0000","0.0000","0.0000","102.0000","102.0000","102.0000","102.0000","102.0000","-0.6700","-0.6212","-0.5500","-0.5600","-0.6700","60.0800","60.0800","60.0800","60.0800","60.0800","0","15","71.1500","74.0000","0.3700","0.6500","48.2200","132.0000","-0.0900","8","76.6800","60.0000","0.5200","0","98.0200","6.0000","-0.1400","0.0000","98.0200","6.0000","-0.1300","0","98.0200","6.0000","-0.1400","0.3500","46.2500","137.0000","-0.0400","0.0000","98.0200","6.0000","-0.1300","0.0000","94.4700","15.0000","-0.2300","0","94.4700","15.0000","-0.1800","0.0000","94.4700","15.0000","-0.2200","0","94.4700","15.0000","-0.2200","0","0","0"
"AAD2023.06.02752","148","442","156","North Carolina State University","Sociology and Anthropology, Department of","Sociology - Articles-Focused","23","37.0000","149","33.0000","22","25.0000","6.7700","59.0000","1615","58.0000","23","17.0000","1.0000","1.0000","4","45.0000","4","63.0000","688691.0000","86.0000","37","38.0000","14","39.0000","7","151.0000","6","90.0000","7","15","0","40","38","0.2600","-0.6600","185.0000","27.2700","0.3000","-0.9300","202.0000","20.5500","0.9600","0.8600","40.0000","84.5900","6.4800","0.7300","55.0000","78.6600","1.0000","1.1500","1.0000","100.0000","70.2200","0.1600","80.0000","68.7700","10.8400","-0.1000","113.0000","55.7300","0.1700","0.3900","78.0000","69.5700","0.1700","-0.0100","92.0000","64.0300","29943.0900","-0.2800","102.0000","60.0800","172172.7500","-0.1800","101.0000","60.4700","1.6100","0.5500","58.0000","77.4700","0.6100","0.6700","73.0000","71.5400","0.4000","49.0000","81.0300","0.9200","-0.0200","1.4400","0.5600","1.2400","0.5600","0.6422","0.6200","-0.5000","0.3200","-0.2300","0.0900","0.9800","1.0000","84.9800","64.8200","93.6800","82.6100","90.5100","77.0800","100.0000","85.3800","40.7100","77.4700","66.4000","75.4900","87.3500","85.7700","253","4/1/2025 16:37","0","0","0.0000","0.0000","0.0000","102.0000","102.0000","102.0000","102.0000","102.0000","-0.6700","-0.6212","-0.5500","-0.5600","-0.6700","60.0800","60.0800","60.0800","60.0800","60.0800","0","14","68.7700","80.0000","0.2700","0.6100","44.6600","141.0000","-0.1900","11","90.1200","26.0000","1.2200","0","98.0200","6.0000","-0.1400","0.0000","98.0200","6.0000","-0.1300","0","98.0200","6.0000","-0.1400","0.4800","75.8900","62.0000","0.6700","0.0000","98.0200","6.0000","-0.1300","0.0000","94.4700","15.0000","-0.2300","0","94.4700","15.0000","-0.1800","0.0000","94.4700","15.0000","-0.2200","0","94.4700","15.0000","-0.2200","0","0","0"
"AAD2023.06.02752","158","524","156","Oklahoma State University","Sociology, Department of","Sociology - Articles-Focused","19","63.0000","174","19.0000","19","46.0000","9.1600","24.0000","1554","64.0000","19","39.0000","1.0000","1.0000","2","78.0000","2","86.0000","1356038.0000","61.0000","12","105.0000","7","100.0000","13","87.0000","6","90.0000","7","15","0","40","38","0.3200","-0.3600","162.0000","36.3600","0.6800","-0.1600","134.0000","47.4300","1.0000","1.0800","1.0000","100.0000","9.1600","1.6700","16.0000","94.0700","1.0000","1.1500","1.0000","100.0000","81.7900","0.3300","63.0000","75.4900","8.9300","-0.3400","150.0000","41.1100","0.1100","-0.1300","113.0000","55.7300","0.1100","-0.3100","117.0000","54.1500","71370.4200","-0.0900","66.0000","74.3100","678019.0000","1.0000","26.0000","90.1200","0.6300","-0.3800","138.0000","45.8500","0.3700","-0.2300","141.0000","44.6600","0.5000","32.0000","87.7500","-0.0700","-0.0200","0.9100","-0.0900","0.8500","1.4100","0.6422","-0.2800","0.0600","0.2800","-0.1200","-0.2600","1.3200","0.4900","60.8700","64.8200","84.9800","69.5700","82.2100","90.9100","100.0000","58.8900","66.0100","75.1000","76.2800","66.4000","92.8900","75.4900","253","4/1/2025 16:37","0","0","0.0000","0.0000","0.0000","102.0000","102.0000","102.0000","102.0000","102.0000","-0.6700","-0.6212","-0.5500","-0.5600","-0.6700","60.0800","60.0800","60.0800","60.0800","60.0800","0","16","73.5200","68.0000","0.4800","0.8400","65.6100","88.0000","0.3500","7","71.5400","73.0000","0.2900","0","98.0200","6.0000","-0.1400","0.0000","98.0200","6.0000","-0.1300","0","98.0200","6.0000","-0.1400","0.3700","50.5900","126.0000","0.0700","0.0000","98.0200","6.0000","-0.1300","0.0000","94.4700","15.0000","-0.2300","0","94.4700","15.0000","-0.1800","0.0000","94.4700","15.0000","-0.2200","0","94.4700","15.0000","-0.2200","0","0","0"
"AAD2023.06.02752","15","539","156","Auburn University","Agricultural Economics and Rural Sociology, Department of","Sociology - Articles-Focused","13","133.0000","90","84.0000","12","113.0000","7.5000","46.0000","779","102.0000","12","104.0000","1.0000","1.0000","8","14.0000","11","22.0000","2691837.0000","38.0000","12","105.0000","7","100.0000","2","214.0000","2","199.0000","7","15","0","40","38","0.1500","-1.2400","229.0000","9.8800","0.1500","-1.2400","233.0000","8.3000","0.9200","0.6900","69.0000","73.1200","6.9200","0.8900","47.0000","81.8200","0.9200","0.7800","62.0000","75.8900","59.9200","0.0000","90.0000","64.8200","8.6600","-0.3800","156.0000","38.7400","0.6200","3.6900","2.0000","99.6000","0.8500","2.9700","5.0000","98.4200","207064.3800","0.5600","30.0000","88.5400","244712.4500","-0.0100","77.0000","69.9600","0.9200","-0.1100","102.0000","60.0800","0.5400","0.4100","92.0000","64.0300","0.6000","21.0000","92.0900","-0.0700","-0.9100","-0.0100","1.8600","-0.0500","0.8200","0.6422","-0.2800","-0.9600","-0.2200","0.1000","1.3200","0.1900","-0.2800","60.8700","21.7400","59.2900","94.8600","55.7300","82.2100","100.0000","58.8900","15.8100","60.0800","85.3800","91.7000","67.1900","47.8300","253","4/1/2025 16:37","3","3","1.0000","0.2300","0.2300","6.0000","46.0000","21.0000","13.0000","2.0000","2.4300","0.3463","1.1000","1.7600","3.6200","98.0200","82.2100","92.0900","95.2600","99.6000","0","4","30.0400","178.0000","-0.7500","0.3100","22.1300","198.0000","-0.8900","3","35.9700","163.0000","-0.6300","0","98.0200","6.0000","-0.1400","0.0000","98.0200","6.0000","-0.1300","0","98.0200","6.0000","-0.1400","0.2300","28.8500","181.0000","-0.6800","0.0000","98.0200","6.0000","-0.1300","0.0000","94.4700","15.0000","-0.2300","0","94.4700","15.0000","-0.1800","0.0000","94.4700","15.0000","-0.2200","0","94.4700","15.0000","-0.2200","0","0","0"
"AAD2023.06.02752","163","628","156","Pennsylvania State University - University Park","Agricultural Economics, Sociology and Education, Department of","Sociology - Articles-Focused","40","3.0000","317","5.0000","38","2.0000","8.3400","31.0000","4570","11.0000","38","2.0000","1.0000","1.0000","14","2.0000","38","1.0000","56099626.0000","1.0000","34","42.0000","18","26.0000","17","61.0000","9","52.0000","7","15","0","40","38","0.2300","-0.8600","209.0000","17.7900","0.4300","-0.6900","185.0000","27.2700","0.9500","0.8300","46.0000","82.2100","7.9300","1.2400","33.0000","87.3500","0.9500","0.9100","47.0000","81.8200","114.2500","0.8300","36.0000","86.1700","14.4200","0.3600","58.0000","77.4700","0.3500","1.7100","18.0000","93.2800","0.9500","3.4300","2.0000","99.6000","1402490.6500","6.2000","2.0000","99.6000","1476305.9500","2.8700","6.0000","98.0200","0.8500","-0.1800","108.0000","57.7100","0.4500","0.0700","117.0000","54.1500","0.6000","21.0000","92.0900","1.4900","0.6400","3.4200","3.8100","3.3100","1.1200","0.6422","0.5100","0.4300","2.2400","8.6700","6.0700","3.2400","3.1700","90.1200","79.8400","99.6000","99.6000","99.6000","88.1400","100.0000","83.7900","76.2800","96.0500","100.0000","100.0000","98.4200","99.2100","253","4/1/2025 16:37","1","1","1.0000","0.0300","0.0300","43.0000","46.0000","65.0000","101.0000","101.0000","0.3700","0.3463","0.0000","-0.3100","-0.2100","83.4000","82.2100","74.7000","60.4700","60.4700","0","20","83.7900","42.0000","0.8900","0.5000","39.1300","155.0000","-0.4400","14","96.4400","10.0000","1.9100","0","98.0200","6.0000","-0.1400","0.0000","98.0200","6.0000","-0.1300","0","98.0200","6.0000","-0.1400","0.3500","47.4300","134.0000","-0.0300","0.0000","98.0200","6.0000","-0.1300","0.0300","94.8600","14.0000","1.6700","1","99.2100","3.0000","2.0600","0.0300","94.8600","14.0000","1.3000","1","99.6000","2.0000","3.2500","0","0","0"
"AAD2023.06.02752","163","683","156","Pennsylvania State University - University Park","Sociology and Criminology, Department of","Sociology - Articles-Focused","33","8.0000","324","3.0000","33","6.0000","9.8200","15.0000","4157","15.0000","33","5.0000","1.0000","1.0000","13","3.0000","18","10.0000","9149362.0000","12.0000","73","15.0000","24","8.0000","21","47.0000","11","32.0000","7","15","0","40","38","0.3300","-0.2700","141.0000","44.6600","0.6400","-0.2600","139.0000","45.4500","1.0000","1.0800","1.0000","100.0000","9.8200","1.9000","12.0000","95.6500","1.0000","1.1500","1.0000","100.0000","125.9700","1.0100","31.0000","88.1400","12.8300","0.1500","81.0000","68.3800","0.3900","2.0400","9.0000","96.8400","0.5500","1.6400","21.0000","92.0900","277253.3900","0.8900","24.0000","90.9100","508297.8900","0.6100","37.0000","85.7700","2.2100","1.1300","32.0000","87.7500","0.7300","1.1200","40.0000","84.5900","1.0000","5.0000","98.4200","2.3400","1.0800","2.7600","3.4800","2.6700","1.6500","0.6422","1.9100","0.8000","1.9700","1.1300","2.5500","3.3300","2.2700","97.2300","87.7500","98.4200","99.2100","98.0200","94.4700","100.0000","94.4700","81.8200","94.4700","95.6500","96.4400","99.2100","97.2300","253","4/1/2025 16:37","5","1","5.0000","0.1500","0.0300","43.0000","3.0000","6.0000","33.0000","100.0000","0.3700","4.2162","2.2100","0.9700","-0.1100","83.4000","99.2100","98.0200","87.3500","60.8700","0","20","83.7900","42.0000","0.8900","0.6100","43.8700","143.0000","-0.2000","14","96.4400","10.0000","1.9100","0","98.0200","6.0000","-0.1400","0.0000","98.0200","6.0000","-0.1300","0","98.0200","6.0000","-0.1400","0.4200","63.6400","93.0000","0.3700","0.0000","98.0200","6.0000","-0.1300","0.0300","95.2600","13.0000","2.0700","1","99.2100","3.0000","2.0600","0.0300","95.2600","13.0000","1.6200","1","99.6000","2.0000","3.2500","0","0","0"
"AAD2023.06.02752","165","721","156","Portland State University","Sociology, Department of","Sociology - Articles-Focused","12","153.0000","38","154.0000","9","151.0000","4.2200","139.0000","556","120.0000","8","159.0000","0.8000","218.0000","1","109.0000","1","114.0000","892710.0000","78.0000","14","96.0000","6","118.0000","12","95.0000","7","73.0000","7","15","0","40","38","0.5800","1.0900","37.0000","85.7700","1.0000","0.4800","65.0000","74.7000","0.7500","-0.1700","158.0000","37.9400","3.1700","-0.4200","143.0000","43.8700","0.6700","-0.4500","174.0000","31.6200","46.3300","-0.2100","107.0000","58.1000","14.6300","0.3800","56.0000","78.2600","0.0800","-0.2900","126.0000","50.5900","0.0800","-0.4100","129.0000","49.4100","74392.5000","-0.0700","63.0000","75.4900","892710.0000","1.5100","17.0000","93.6800","1.1700","0.1300","89.0000","65.2200","0.5000","0.2600","99.0000","61.2600","-0.2000","126.0000","50.5900","-0.2100","0.2000","-0.5400","-0.4100","-0.4400","-0.3600","-0.9614","-0.2100","-0.0300","-0.3700","-0.1900","-0.4400","-0.5100","-0.4100","53.7500","71.5400","37.5500","57.3100","40.7100","45.4500","14.2300","62.4500","62.8500","52.9600","69.5700","55.3400","39.5300","39.9200","253","4/1/2025 16:37","0","0","0.0000","0.0000","0.0000","102.0000","102.0000","102.0000","102.0000","102.0000","-0.6700","-0.6212","-0.5500","-0.5600","-0.6700","60.0800","60.0800","60.0800","60.0800","60.0800","0","13","64.8200","90.0000","0.1700","1.0800","80.6300","50.0000","0.9100","4","47.0400","135.0000","-0.4000","0","98.0200","6.0000","-0.1400","0.0000","98.0200","6.0000","-0.1300","0","98.0200","6.0000","-0.1400","0.3300","45.0600","140.0000","-0.1200","0.0000","98.0200","6.0000","-0.1300","0.0000","94.4700","15.0000","-0.2300","0","94.4700","15.0000","-0.1800","0.0000","94.4700","15.0000","-0.2200","0","94.4700","15.0000","-0.2200","0","0","0"
"AAD2023.06.02752","167","753","156","Princeton University","Sociology, Department of","Sociology - Articles-Focused","29","13.0000","239","12.0000","27","11.0000","8.8500","26.0000","8564","2.0000","27","12.0000","1.0000","1.0000","13","3.0000","23","5.0000","9952870.0000","11.0000","148","2.0000","27","6.0000","66","1.0000","21","1.0000","7","15","0","40","38","0.7200","1.8500","13.0000","95.2600","2.2800","3.0600","2.0000","99.6000","0.9300","0.7300","63.0000","75.4900","8.2400","1.3500","27.0000","89.7200","0.9300","0.8200","59.0000","77.0800","295.3100","3.6200","5.0000","98.4200","35.8300","3.0800","4.0000","98.8100","0.4500","2.4400","5.0000","98.4200","0.7900","2.7400","7.0000","97.6300","343202.4100","1.2000","16.0000","94.0700","432733.4800","0.4300","45.0000","82.6100","5.1000","3.8900","2.0000","99.6000","0.9300","1.8900","6.0000","98.0200","0.9000","6.0000","98.0200","2.7600","3.3000","1.9700","3.4800","1.8900","1.3000","0.6422","4.6100","4.9800","4.8300","1.2600","3.4300","2.1900","1.7600","98.0200","100.0000","95.6500","99.2100","96.0500","90.1200","100.0000","99.6000","100.0000","99.6000","96.0500","98.4200","95.6500","95.2600","253","4/1/2025 16:37","5","2","2.5000","0.1700","0.0700","15.0000","14.0000","6.0000","26.0000","67.0000","1.4000","1.7975","2.2100","1.1800","0.6100","94.4700","94.8600","98.0200","90.1200","73.9100","0","39","99.2100","3.0000","2.8300","1.3400","92.0900","21.0000","1.5200","11","90.1200","26.0000","1.2200","1","100.0000","1.0000","7.0300","0.0300","98.4200","5.0000","3.8700","1","100.0000","1.0000","7.0300","0.3800","53.7500","118.0000","0.1300","0.0300","98.4200","5.0000","3.8700","0.0000","94.4700","15.0000","-0.2300","0","94.4700","15.0000","-0.1800","0.0000","94.4700","15.0000","-0.2200","0","94.4700","15.0000","-0.2200","0","0","0"
"AAD2023.06.02752","192","910","156","Southern Illinois University Carbondale","Sociology, Department of","Sociology - Articles-Focused","7","217.0000","17","201.0000","6","194.0000","2.8300","210.0000","70","217.0000","6","190.0000","1.0000","1.0000","0","158.0000","0","158.0000","0.0000","158.0000","2","202.0000","2","187.0000","4","192.0000","2","199.0000","7","15","0","40","38","0.2900","-0.5300","174.0000","31.6200","0.5700","-0.3900","153.0000","39.9200","0.8600","0.3700","122.0000","52.1700","2.4300","-0.6800","182.0000","28.4600","0.8600","0.4700","103.0000","59.6800","10.0000","-0.7700","213.0000","16.2100","4.1200","-0.9500","234.0000","7.9100","0.0000","-0.9100","158.0000","37.9400","0.0000","-0.7800","158.0000","37.9400","0.0000","-0.4200","158.0000","37.9400","0.0000","-0.5800","158.0000","37.9400","0.2900","-0.7200","190.0000","25.3000","0.2900","-0.5400","167.0000","34.3900","-0.5000","171.0000","32.8100","-0.7800","-0.9100","-0.8000","-0.7400","-0.8300","-0.8600","0.6422","-0.6400","-0.7700","-0.6800","-0.3400","-0.6100","-0.7900","-1.0400","26.4800","21.7400","25.3000","37.9400","23.7200","17.3900","100.0000","20.5500","24.5100","14.6200","37.9400","37.9400","20.9500","14.6200","253","4/1/2025 16:37","0","0","0.0000","0.0000","0.0000","102.0000","102.0000","102.0000","102.0000","102.0000","-0.6700","-0.6212","-0.5500","-0.5600","-0.6700","60.0800","60.0800","60.0800","60.0800","60.0800","0","1","11.4600","225.0000","-1.0600","0.1400","9.8800","229.0000","-1.2700","1","16.2100","213.0000","-1.1000","0","98.0200","6.0000","-0.1400","0.0000","98.0200","6.0000","-0.1300","0","98.0200","6.0000","-0.1400","0.1400","13.4400","220.0000","-1.1600","0.0000","98.0200","6.0000","-0.1300","0.0000","94.4700","15.0000","-0.2300","0","94.4700","15.0000","-0.1800","0.0000","94.4700","15.0000","-0.2200","0","94.4700","15.0000","-0.2200","0","0","0"
"AAD2023.06.02752","203","982","156","Binghamton University, State University of New York","Sociology, Department of","Sociology - Articles-Focused","6","226.0000","9","224.0000","3","227.0000","3.0000","197.0000","23","242.0000","2","233.0000","0.5000","247.0000","0","158.0000","0","158.0000","0.0000","158.0000","8","134.0000","3","164.0000","6","161.0000","3","165.0000","7","15","0","40","38","0.5000","0.6400","59.0000","77.0800","1.0000","0.4800","65.0000","74.7000","0.5000","-1.4100","223.0000","12.2500","1.5000","-1.0100","216.0000","15.0200","0.3300","-2.0600","238.0000","6.3200","3.8300","-0.8600","239.0000","5.9300","2.5600","-1.1500","244.0000","3.9500","0.0000","-0.9100","158.0000","37.9400","0.0000","-0.7800","158.0000","37.9400","0.0000","-0.4200","158.0000","37.9400","0.0000","-0.5800","158.0000","37.9400","1.3300","0.2900","75.0000","70.7500","0.5000","0.2600","99.0000","61.2600","-1.0000","233.0000","8.3000","-0.6400","-0.6900","-1.3300","-0.7400","-1.2200","-0.7900","-3.3668","-0.4200","-0.5900","-0.7100","-0.3400","-0.6100","-0.9000","-1.1700","35.5700","35.1800","8.3000","37.9400","10.6700","22.5300","2.7700","47.4300","36.7600","4.7400","37.9400","37.9400","11.8600","11.0700","253","4/1/2025 16:37","0","0","0.0000","0.0000","0.0000","102.0000","102.0000","102.0000","102.0000","102.0000","-0.6700","-0.6212","-0.5500","-0.5600","-0.6700","60.0800","60.0800","60.0800","60.0800","60.0800","0","1","11.4600","225.0000","-1.0600","0.1700","11.4600","225.0000","-1.2200","1","16.2100","213.0000","-1.1000","0","98.0200","6.0000","-0.1400","0.0000","98.0200","6.0000","-0.1300","0","98.0200","6.0000","-0.1400","0.1700","18.9700","206.0000","-1.0300","0.0000","98.0200","6.0000","-0.1300","0.0000","94.4700","15.0000","-0.2300","0","94.4700","15.0000","-0.1800","0.0000","94.4700","15.0000","-0.2200","0","94.4700","15.0000","-0.2200","0","0","0"
"AAD2023.06.02752","204","1030","156","University at Buffalo, State University of New York","Sociology and Criminology, Department of","Sociology - Articles-Focused","20","54.0000","101","70.0000","18","52.0000","5.6100","99.0000","1314","72.0000","18","49.0000","0.9000","171.0000","4","45.0000","4","63.0000","1406433.0000","60.0000","26","58.0000","15","35.0000","29","23.0000","8","59.0000","7","15","0","40","38","0.4000","0.0900","108.0000","57.7100","1.4500","1.3900","29.0000","88.9300","0.9000","0.5800","90.0000","64.8200","5.0500","0.2300","97.0000","62.0600","0.9000","0.6700","79.0000","69.1700","65.7000","0.0900","87.0000","66.0100","13.0100","0.1800","78.0000","69.5700","0.2000","0.5800","61.0000","76.2800","0.2000","0.1100","84.0000","67.1900","70321.6500","-0.0900","69.0000","73.1200","351608.2500","0.2400","55.0000","78.6600","1.3000","0.2600","80.0000","68.7700","0.7500","1.2000","29.0000","88.9300","0.2000","81.0000","68.3800","1.0600","0.4200","0.7800","0.5600","0.7200","0.1400","-0.1596","0.2200","1.5400","0.1300","-0.1100","0.0900","0.3400","0.6100","86.5600","77.0800","81.0300","82.6100","79.8400","61.2600","32.8100","77.4700","91.3000","71.9400","76.6800","75.4900","72.7300","79.0500","253","4/1/2025 16:37","0","0","0.0000","0.0000","0.0000","102.0000","102.0000","102.0000","102.0000","102.0000","-0.6700","-0.6212","-0.5500","-0.5600","-0.6700","60.0800","60.0800","60.0800","60.0800","60.0800","0","15","71.1500","74.0000","0.3700","0.7500","58.8900","105.0000","0.1400","6","63.2400","94.0000","0.0600","0","98.0200","6.0000","-0.1400","0.0000","98.0200","6.0000","-0.1300","0","98.0200","6.0000","-0.1400","0.3000","38.3400","157.0000","-0.3000","0.0000","98.0200","6.0000","-0.1300","0.0000","94.4700","15.0000","-0.2300","0","94.4700","15.0000","-0.1800","0.0000","94.4700","15.0000","-0.2200","0","94.4700","15.0000","-0.2200","0","0","0"
"AAD2023.06.02752","210","1078","156","Syracuse University","Sociology, Department of","Sociology - Articles-Focused","18","71.0000","163","23.0000","15","79.0000","10.8700","11.0000","3262","22.0000","14","84.0000","0.8800","185.0000","6","27.0000","8","31.0000","5361231.0000","27.0000","42","34.0000","13","43.0000","16","66.0000","10","42.0000","7","15","0","40","38","0.5600","0.9400","42.0000","83.7900","0.8900","0.2500","89.0000","65.2200","0.8300","0.2500","135.0000","47.0400","9.0600","1.6300","19.0000","92.8900","0.7800","0.0800","137.0000","46.2500","181.2200","1.8600","15.0000","94.4700","20.0100","1.0700","23.0000","91.3000","0.3300","1.5800","20.0000","92.4900","0.4400","1.1900","32.0000","87.7500","297846.1700","0.9800","20.0000","92.4900","670153.8800","0.9900","27.0000","89.7200","2.3300","1.2400","27.0000","89.7200","0.7200","1.1000","44.0000","83.0000","0.3000","61.0000","76.2800","0.7800","0.8600","0.2600","1.2100","0.3300","2.0200","-0.3601","0.8000","0.3400","1.3900","0.5200","0.7900","1.1700","0.3600","83.4000","83.7900","67.1900","89.7200","69.1700","96.0500","27.2700","86.9600","74.3100","91.7000","89.7200","88.1400","91.3000","72.3300","253","4/1/2025 16:37","1","1","1.0000","0.0600","0.0600","43.0000","46.0000","65.0000","84.0000","73.0000","0.3700","0.3463","0.0000","0.0000","0.3600","83.4000","82.2100","74.7000","67.1900","71.5400","0","18","77.4700","58.0000","0.6800","1.0000","78.6600","55.0000","0.7200","10","85.7700","37.0000","0.9900","0","98.0200","6.0000","-0.1400","0.0000","98.0200","6.0000","-0.1300","0","98.0200","6.0000","-0.1400","0.5600","86.5600","35.0000","1.0900","0.0000","98.0200","6.0000","-0.1300","0.0000","94.4700","15.0000","-0.2300","0","94.4700","15.0000","-0.1800","0.0000","94.4700","15.0000","-0.2200","0","94.4700","15.0000","-0.2200","0","0","0"
"AAD2023.06.02752","215","1148","156","Texas A&M University","Sociology, Department of","Sociology - Articles-Focused","20","54.0000","51","129.0000","17","59.0000","3.0000","197.0000","457","131.0000","17","56.0000","1.0000","1.0000","2","78.0000","2","86.0000","250167.0000","113.0000","36","40.0000","14","39.0000","31","19.0000","9","52.0000","7","15","0","40","38","0.4500","0.3700","83.0000","67.5900","1.5500","1.5900","24.0000","90.9100","0.8500","0.3300","127.0000","50.2000","2.5500","-0.6400","171.0000","32.8100","0.8500","0.4300","109.0000","57.3100","22.8500","-0.5700","167.0000","34.3900","8.9600","-0.3400","149.0000","41.5000","0.1000","-0.1700","114.0000","55.3400","0.1000","-0.3400","118.0000","53.7500","12508.3500","-0.3600","128.0000","49.8000","125083.5000","-0.2900","120.0000","52.9600","1.8000","0.7300","44.0000","83.0000","0.7000","1.0200","49.0000","81.0300","-0.3000","140.0000","45.0600","0.9200","0.6400","0.6500","-0.0900","0.5900","-0.7900","0.6422","0.5800","1.7300","-0.4300","-0.3000","-0.2600","-0.3300","0.6100","84.9800","79.8400","78.2600","69.5700","77.0800","22.5300","100.0000","84.5900","92.8900","48.6200","55.7300","66.4000","49.4100","79.0500","253","4/1/2025 16:37","3","1","3.0000","0.1500","0.0500","43.0000","6.0000","21.0000","34.0000","79.0000","0.3700","2.2812","1.1000","0.9500","0.2600","83.4000","98.0200","92.0900","86.9600","69.1700","0","22","88.1400","31.0000","1.0900","1.1000","83.0000","44.0000","0.9500","10","85.7700","37.0000","0.9900","0","98.0200","6.0000","-0.1400","0.0000","98.0200","6.0000","-0.1300","0","98.0200","6.0000","-0.1400","0.5000","81.4200","48.0000","0.7900","0.0000","98.0200","6.0000","-0.1300","0.0000","94.4700","15.0000","-0.2300","0","94.4700","15.0000","-0.1800","0.0000","94.4700","15.0000","-0.2200","0","94.4700","15.0000","-0.2200","0","0","0"
"AAD2023.06.02752","224","1214","156","Texas Woman's University","Sociology, Division of","Sociology - Articles-Focused","7","217.0000","27","178.0000","7","175.0000","3.8600","160.0000","169","189.0000","7","172.0000","1.0000","1.0000","0","158.0000","0","158.0000","0.0000","158.0000","3","180.0000","2","187.0000","10","119.0000","3","165.0000","7","15","0","40","38","0.4300","0.2500","86.0000","66.4000","1.4300","1.3500","31.0000","88.1400","1.0000","1.0800","1.0000","100.0000","3.8600","-0.1800","124.0000","51.3800","1.0000","1.1500","1.0000","100.0000","24.1400","-0.5500","165.0000","35.1800","6.2600","-0.6800","205.0000","19.3700","0.0000","-0.9100","158.0000","37.9400","0.0000","-0.7800","158.0000","37.9400","0.0000","-0.4200","158.0000","37.9400","0.0000","-0.5800","158.0000","37.9400","0.4300","-0.5800","159.0000","37.5500","0.2900","-0.5400","167.0000","34.3900","-0.2000","126.0000","50.5900","-0.7800","-0.6900","-0.6700","-0.7400","-0.7000","-0.4900","0.6422","-0.6000","-0.2200","-0.6200","-0.3400","-0.6100","-0.6500","-1.0400","26.4800","35.1800","32.4100","37.9400","31.2300","37.1500","100.0000","29.2500","53.3600","25.6900","37.9400","37.9400","30.0400","14.6200","253","4/1/2025 16:37","0","0","0.0000","0.0000","0.0000","102.0000","102.0000","102.0000","102.0000","102.0000","-0.6700","-0.6212","-0.5500","-0.5600","-0.6700","60.0800","60.0800","60.0800","60.0800","60.0800","0","14","68.7700","80.0000","0.2700","2.0000","100.0000","1.0000","3.0500","6","63.2400","94.0000","0.0600","0","98.0200","6.0000","-0.1400","0.0000","98.0200","6.0000","-0.1300","0","98.0200","6.0000","-0.1400","0.8600","99.6000","2.0000","2.7400","0.0000","98.0200","6.0000","-0.1300","0.0000","94.4700","15.0000","-0.2300","0","94.4700","15.0000","-0.1800","0.0000","94.4700","15.0000","-0.2200","0","94.4700","15.0000","-0.2200","0","0","0"
"AAD2023.06.02752","226","1272","156","University of Tennessee, The","Sociology, Department of","Sociology - Articles-Focused","15","103.0000","45","140.0000","15","79.0000","3.0000","197.0000","766","106.0000","15","75.0000","1.0000","1.0000","1","109.0000","1","114.0000","3742.0000","157.0000","11","113.0000","8","81.0000","24","34.0000","13","25.0000","7","15","0","40","38","0.8700","2.6300","3.0000","99.2100","1.6000","1.6900","21.0000","92.0900","1.0000","1.0800","1.0000","100.0000","3.0000","-0.4800","147.0000","42.2900","1.0000","1.1500","1.0000","100.0000","51.0700","-0.1400","99.0000","61.2600","17.0200","0.6900","36.0000","86.1700","0.0700","-0.4200","143.0000","43.8700","0.0700","-0.4900","145.0000","43.0800","249.4700","-0.4200","157.0000","38.3400","3742.0000","-0.5700","157.0000","38.3400","0.7300","-0.2900","120.0000","52.9600","0.5300","0.3900","96.0000","62.4500","0.0000","104.0000","59.2900","0.0700","1.5300","0.3900","-0.4100","0.3300","-0.7900","0.6422","-0.3200","1.0800","-0.2300","-0.3400","-0.4400","-0.4100","-0.0200","68.3800","90.5100","70.7500","57.3100","69.1700","22.5300","100.0000","55.7300","86.9600","58.5000","38.3400","55.3400","45.0600","59.6800","253","4/1/2025 16:37","0","0","0.0000","0.0000","0.0000","102.0000","102.0000","102.0000","102.0000","102.0000","-0.6700","-0.6212","-0.5500","-0.5600","-0.6700","60.0800","60.0800","60.0800","60.0800","60.0800","0","25","91.7000","22.0000","1.4000","1.6700","98.8100","4.0000","2.2700","12","92.8900","19.0000","1.4500","0","98.0200","6.0000","-0.1400","0.0000","98.0200","6.0000","-0.1300","0","98.0200","6.0000","-0.1400","0.8000","99.2100","3.0000","2.4300","0.0000","98.0200","6.0000","-0.1300","0.0000","94.4700","15.0000","-0.2300","0","94.4700","15.0000","-0.1800","0.0000","94.4700","15.0000","-0.2200","0","94.4700","15.0000","-0.2200","0","0","0"
"AAD2023.06.02752","23","1492","156","Boston College","Sociology, Department of","Sociology - Articles-Focused","18","71.0000","99","72.0000","16","69.0000","6.1900","77.0000","2529","31.0000","13","94.0000","0.8100","217.0000","3","62.0000","6","49.0000","1312298.0000","62.0000","30","49.0000","12","48.0000","32","16.0000","11","32.0000","7","15","0","40","38","0.6100","1.2400","31.0000","88.1400","1.7800","2.0500","8.0000","97.2300","0.8900","0.5200","98.0000","61.6600","5.5000","0.3900","81.0000","68.3800","0.7200","-0.1800","162.0000","36.3600","140.5000","1.2400","23.0000","91.3000","25.5500","1.7700","12.0000","95.6500","0.1700","0.3300","79.0000","69.1700","0.3300","0.7000","44.0000","83.0000","72905.4400","-0.0800","65.0000","74.7000","218716.3300","-0.0700","87.0000","66.0100","1.6700","0.6100","55.0000","78.6600","0.6700","0.8900","54.0000","79.0500","0.1000","90.0000","64.8200","0.6400","1.0800","0.1200","0.2400","0.4600","0.3500","-0.8612","0.3700","1.8200","0.9100","-0.1300","0.4400","0.3100","0.3600","81.4200","87.7500","63.2400","75.8900","73.1200","69.9600","14.6200","81.0300","94.0700","88.1400","75.8900","81.0300","71.9400","72.3300","253","4/1/2025 16:37","0","0","0.0000","0.0000","0.0000","102.0000","102.0000","102.0000","102.0000","102.0000","-0.6700","-0.6212","-0.5500","-0.5600","-0.6700","60.0800","60.0800","60.0800","60.0800","60.0800","0","29","94.8600","14.0000","1.8100","1.6100","97.6300","7.0000","2.1400","13","94.8600","14.0000","1.6800","0","98.0200","6.0000","-0.1400","0.0000","98.0200","6.0000","-0.1300","0","98.0200","6.0000","-0.1400","0.7200","98.4200","5.0000","2.0000","0.0000","98.0200","6.0000","-0.1300","0.0000","94.4700","15.0000","-0.2300","0","94.4700","15.0000","-0.1800","0.0000","94.4700","15.0000","-0.2200","0","94.4700","15.0000","-0.2200","0","0","0"
"AAD2023.06.02752","251","1699","156","University of California, Berkeley","Sociology, Department of","Sociology - Articles-Focused","31","9.0000","145","36.0000","28","9.0000","5.1800","113.0000","1581","61.0000","28","9.0000","0.9300","147.0000","4","45.0000","7","37.0000","5086764.0000","30.0000","119","6.0000","30","4.0000","40","7.0000","21","1.0000","7","15","0","40","38","0.6800","1.6000","14.0000","94.8600","1.2900","1.0700","43.0000","83.4000","0.9000","0.5900","89.0000","65.2200","4.6800","0.1000","103.0000","59.6800","0.9000","0.6900","78.0000","69.5700","51.0000","-0.1400","100.0000","60.8700","10.9000","-0.0900","111.0000","56.5200","0.1300","0.0500","100.0000","60.8700","0.2300","0.2200","79.0000","69.1700","164089.1600","0.3500","37.0000","85.7700","726680.5700","1.1200","23.0000","91.3000","3.8400","2.6800","7.0000","97.6300","0.9700","2.0200","3.0000","99.2100","0.1000","90.0000","64.8200","3.1900","3.3000","2.1000","0.5600","2.0200","-0.0100","0.1076","3.5700","2.5600","0.3000","0.4800","0.6200","0.9300","2.0200","98.8100","100.0000","96.8400","82.6100","96.8400","55.7300","42.2900","98.0200","97.6300","76.2800","88.5400","85.7700","86.1700","96.8400","253","4/1/2025 16:37","2","1","2.0000","0.0600","0.0300","43.0000","16.0000","36.0000","81.0000","98.0000","0.3700","1.3138","0.5500","0.0900","-0.0700","83.4000","94.0700","86.1700","68.3800","61.6600","0","34","98.0200","6.0000","2.3200","1.1000","82.6100","45.0000","0.9500","19","98.8100","4.0000","3.0700","0","98.0200","6.0000","-0.1400","0.0000","98.0200","6.0000","-0.1300","0","98.0200","6.0000","-0.1400","0.6100","92.0900","21.0000","1.4000","0.0000","98.0200","6.0000","-0.1300","0.0000","94.4700","15.0000","-0.2300","0","94.4700","15.0000","-0.1800","0.0000","94.4700","15.0000","-0.2200","0","94.4700","15.0000","-0.2200","0","0","0"
"AAD2023.06.02752","252","1745","156","University of California, Davis","Sociology, Department of","Sociology - Articles-Focused","22","40.0000","83","90.0000","20","34.0000","4.1500","144.0000","896","94.0000","18","49.0000","0.9000","171.0000","4","45.0000","7","37.0000","2252570.0000","47.0000","28","54.0000","15","35.0000","20","50.0000","14","20.0000","7","15","0","40","38","0.6400","1.3800","23.0000","91.3000","0.9100","0.2900","85.0000","66.8000","0.9100","0.6200","84.0000","67.1900","3.7700","-0.2100","128.0000","49.8000","0.8200","0.2800","121.0000","52.5700","40.7300","-0.3000","119.0000","53.3600","10.8000","-0.1000","115.0000","54.9400","0.1800","0.4500","71.0000","72.3300","0.3200","0.6300","52.0000","79.8400","102389.5500","0.0600","47.0000","81.8200","321795.7100","0.1700","63.0000","75.4900","1.2700","0.2300","81.0000","68.3800","0.6800","0.9500","53.0000","79.4500","0.0000","104.0000","59.2900","1.0600","1.7500","0.7800","0.5600","0.9800","-0.3800","-0.1596","0.3000","0.7100","-0.1400","0.0200","0.6200","0.1000","0.8700","86.5600","92.4900","81.0300","82.6100","86.9600","43.4800","32.8100","79.0500","80.6300","63.2400","81.8200","85.7700","64.8200","84.5900","253","4/1/2025 16:37","0","0","0.0000","0.0000","0.0000","102.0000","102.0000","102.0000","102.0000","102.0000","-0.6700","-0.6212","-0.5500","-0.5600","-0.6700","60.0800","60.0800","60.0800","60.0800","60.0800","0","21","85.7700","37.0000","0.9900","0.9500","73.9100","67.0000","0.6100","8","76.6800","60.0000","0.5200","0","98.0200","6.0000","-0.1400","0.0000","98.0200","6.0000","-0.1300","0","98.0200","6.0000","-0.1400","0.3600","49.8000","128.0000","0.0400","0.0000","98.0200","6.0000","-0.1300","0.0000","94.4700","15.0000","-0.2300","0","94.4700","15.0000","-0.1800","0.0000","94.4700","15.0000","-0.2200","0","94.4700","15.0000","-0.2200","0","0","0"
"AAD2023.06.02752","254","1822","156","University of California, Los Angeles","Sociology, Department of","Sociology - Articles-Focused","36","7.0000","253","9.0000","33","6.0000","7.6700","42.0000","3884","17.0000","31","7.0000","0.9400","145.0000","13","3.0000","19","8.0000","4292551.0000","34.0000","122","5.0000","32","3.0000","45","3.0000","20","3.0000","7","15","0","40","38","0.5600","0.9400","42.0000","83.7900","1.2500","0.9800","45.0000","82.6100","0.9200","0.6600","76.0000","70.3600","7.0300","0.9200","44.0000","83.0000","0.8600","0.4900","102.0000","60.0800","107.8900","0.7400","39.0000","84.9800","15.3500","0.4700","52.0000","79.8400","0.3600","1.7900","16.0000","94.0700","0.5300","1.5600","24.0000","90.9100","119237.5300","0.1400","44.0000","83.0000","225923.7400","-0.0500","84.0000","67.1900","3.3900","2.2500","10.0000","96.4400","0.8900","1.7300","10.0000","96.4400","0.5000","32.0000","87.7500","3.4700","3.0800","2.5000","3.4800","2.6700","0.8800","0.1562","3.6700","3.0300","1.7900","0.3500","2.7300","2.3800","2.6600","99.2100","99.2100","97.6300","99.2100","98.0200","83.7900","43.0800","98.4200","99.2100","93.6800","86.9600","97.2300","96.8400","97.6300","253","4/1/2025 16:37","4","3","1.3300","0.1100","0.0800","6.0000","40.0000","11.0000","46.0000","41.0000","2.4300","0.6656","1.6600","0.5600","0.8800","98.0200","84.5900","96.0500","82.2100","84.1900","0","54","99.6000","2.0000","4.3700","1.5000","96.4400","10.0000","1.8800","21","99.6000","2.0000","3.5300","0","98.0200","6.0000","-0.1400","0.0000","98.0200","6.0000","-0.1300","0","98.0200","6.0000","-0.1400","0.5800","90.1200","26.0000","1.2400","0.0000","98.0200","6.0000","-0.1300","0.0000","94.4700","15.0000","-0.2300","0","94.4700","15.0000","-0.1800","0.0000","94.4700","15.0000","-0.2200","0","94.4700","15.0000","-0.2200","0","0","0"
"AAD2023.06.02752","255","1869","156","University of California, Riverside","Sociology, Department of","Sociology - Articles-Focused","12","153.0000","119","54.0000","12","113.0000","9.9200","14.0000","1658","55.0000","11","123.0000","0.9200","159.0000","2","78.0000","2","86.0000","852106.0000","80.0000","16","88.0000","8","81.0000","20","50.0000","5","122.0000","7","15","0","40","38","0.4200","0.1800","102.0000","60.0800","1.6700","1.8300","12.0000","95.6500","1.0000","1.0800","1.0000","100.0000","9.9200","1.9300","9.0000","96.8400","0.9200","0.7500","71.0000","72.3300","138.1700","1.2000","26.0000","90.1200","13.9300","0.2900","65.0000","74.7000","0.1700","0.3300","79.0000","69.1700","0.1700","-0.0400","93.0000","63.6400","71008.8300","-0.0900","67.0000","73.9100","426053.0000","0.4100","46.0000","82.2100","1.3300","0.2900","75.0000","70.7500","0.6700","0.8900","54.0000","79.0500","0.5000","32.0000","87.7500","0.0700","-0.2500","-0.1400","-0.0900","-0.0500","1.6800","-0.0260","-0.1400","0.7100","0.3500","-0.2000","-0.2600","0.5800","-0.4100","68.3800","52.1700","51.7800","69.5700","55.7300","94.8600","37.5500","65.6100","80.6300","78.6600","68.7700","66.4000","79.0500","39.9200","253","4/1/2025 16:37","0","0","0.0000","0.0000","0.0000","102.0000","102.0000","102.0000","102.0000","102.0000","-0.6700","-0.6212","-0.5500","-0.5600","-0.6700","60.0800","60.0800","60.0800","60.0800","60.0800","0","14","68.7700","80.0000","0.2700","1.1700","84.9800","39.0000","1.1100","7","71.5400","73.0000","0.2900","0","98.0200","6.0000","-0.1400","0.0000","98.0200","6.0000","-0.1300","0","98.0200","6.0000","-0.1400","0.5800","90.1200","26.0000","1.2400","0.0000","98.0200","6.0000","-0.1300","0.0000","94.4700","15.0000","-0.2300","0","94.4700","15.0000","-0.1800","0.0000","94.4700","15.0000","-0.2200","0","94.4700","15.0000","-0.2200","0","0","0"
"AAD2023.06.02752","256","1896","156","University of California, San Diego","Sociology, Department of","Sociology - Articles-Focused","24","29.0000","70","105.0000","20","34.0000","3.5000","174.0000","930","90.0000","17","56.0000","0.8500","208.0000","7","19.0000","9","25.0000","1060284.0000","66.0000","47","29.0000","16","30.0000","35","12.0000","18","5.0000","7","15","0","40","38","0.7500","2.0000","8.0000","97.2300","1.4600","1.4100","28.0000","89.3300","0.8300","0.2500","135.0000","47.0400","2.9200","-0.5100","153.0000","39.9200","0.7100","-0.2500","168.0000","33.9900","38.7500","-0.3300","125.0000","50.9900","13.2900","0.2100","73.0000","71.5400","0.2900","1.2700","31.0000","88.1400","0.3800","0.8800","38.0000","85.3800","44178.5000","-0.2100","86.0000","66.4000","117809.3300","-0.3100","124.0000","51.3800","1.9600","0.8900","40.0000","84.5900","0.6700","0.8900","54.0000","79.0500","-0.3000","140.0000","45.0600","1.2000","2.6400","0.6500","1.5400","0.9800","-0.6200","-0.5605","0.9800","2.1000","-0.1200","-0.1700","0.9700","-0.0800","1.1300","88.5400","98.4200","78.2600","92.8900","86.9600","31.6200","18.1800","88.9300","95.6500","64.8200","74.3100","90.5100","58.8900","88.9300","253","4/1/2025 16:37","2","1","2.0000","0.0800","0.0400","43.0000","16.0000","36.0000","60.0000","86.0000","0.3700","1.3138","0.5500","0.2800","0.1000","83.4000","94.0700","86.1700","76.6800","66.4000","0","19","81.0300","49.0000","0.7800","0.7900","60.4700","101.0000","0.2400","10","85.7700","37.0000","0.9900","0","98.0200","6.0000","-0.1400","0.0000","98.0200","6.0000","-0.1300","0","98.0200","6.0000","-0.1400","0.4200","63.2400","94.0000","0.3300","0.0000","98.0200","6.0000","-0.1300","0.0000","94.4700","15.0000","-0.2300","0","94.4700","15.0000","-0.1800","0.0000","94.4700","15.0000","-0.2200","0","94.4700","15.0000","-0.2200","0","0","0"
"AAD2023.06.02752","259","1942","156","University of California, Santa Cruz","Sociology, Department of","Sociology - Articles-Focused","20","54.0000","105","66.0000","17","59.0000","6.1800","79.0000","1723","52.0000","18","49.0000","1.0000","1.0000","3","62.0000","3","79.0000","1041646.0000","69.0000","44","31.0000","15","35.0000","23","37.0000","12","27.0000","7","15","0","40","38","0.6000","1.1800","33.0000","87.3500","1.1500","0.7800","50.0000","80.6300","0.8500","0.3300","127.0000","50.2000","5.2500","0.3000","90.0000","64.8200","0.9000","0.6700","79.0000","69.1700","86.1500","0.4000","60.0000","76.6800","16.4100","0.6100","43.0000","83.4000","0.1500","0.2100","91.0000","64.4300","0.1500","-0.1200","102.0000","60.0800","52082.3000","-0.1800","84.0000","67.1900","347215.3300","0.2300","56.0000","78.2600","2.2000","1.1200","33.0000","87.3500","0.7500","1.2000","29.0000","88.9300","0.3000","61.0000","76.2800","1.0600","1.3100","0.7800","0.2400","0.5900","0.3400","0.6422","0.8700","0.9900","0.3900","-0.1700","-0.0800","0.3900","0.6100","86.5600","89.7200","81.0300","75.8900","77.0800","69.1700","100.0000","88.1400","85.7700","79.8400","73.1200","69.1700","74.3100","79.0500","253","4/1/2025 16:37","2","2","1.0000","0.1000","0.1000","15.0000","46.0000","36.0000","53.0000","30.0000","1.4000","0.3463","0.5500","0.4500","1.1900","94.4700","82.2100","86.1700","79.4500","88.5400","0","16","73.5200","68.0000","0.4800","0.8000","61.6600","98.0000","0.2600","12","92.8900","19.0000","1.4500","0","98.0200","6.0000","-0.1400","0.0000","98.0200","6.0000","-0.1300","0","98.0200","6.0000","-0.1400","0.6000","91.3000","23.0000","1.3300","0.0000","98.0200","6.0000","-0.1300","0.0000","94.4700","15.0000","-0.2300","0","94.4700","15.0000","-0.1800","0.0000","94.4700","15.0000","-0.2200","0","94.4700","15.0000","-0.2200","0","0","0"
"AAD2023.06.02752","25","1954","156","Bowling Green State University","Sociology, Department of","Sociology - Articles-Focused","15","103.0000","121","51.0000","13","101.0000","9.3100","22.0000","2117","39.0000","13","94.0000","1.0000","1.0000","5","35.0000","7","37.0000","1470439.0000","56.0000","11","113.0000","6","118.0000","3","201.0000","3","165.0000","7","15","0","40","38","0.2000","-0.9900","214.0000","15.8100","0.2000","-1.1400","225.0000","11.4600","0.8700","0.4100","116.0000","54.5500","8.0700","1.2900","30.0000","88.5400","0.8700","0.5100","98.0000","61.6600","141.1300","1.2500","22.0000","91.7000","17.5000","0.7500","34.0000","86.9600","0.3300","1.5800","20.0000","92.4900","0.4700","1.2900","30.0000","88.5400","98029.2700","0.0400","49.0000","81.0300","210062.7100","-0.0900","90.0000","64.8200","0.7300","-0.2900","120.0000","52.9600","0.4000","-0.1100","130.0000","49.0100","0.7000","13.0000","95.2600","-0.2100","-0.6900","0.1200","0.8900","0.0700","1.4600","0.6422","-0.3200","-0.8700","0.6500","-0.1000","0.6200","0.6100","-0.0200","53.7500","35.1800","63.2400","86.5600","60.4700","91.7000","100.0000","55.7300","20.9500","84.9800","78.2600","85.7700","80.2400","59.6800","253","4/1/2025 16:37","0","0","0.0000","0.0000","0.0000","102.0000","102.0000","102.0000","102.0000","102.0000","-0.6700","-0.6212","-0.5500","-0.5600","-0.6700","60.0800","60.0800","60.0800","60.0800","60.0800","0","14","68.7700","80.0000","0.2700","0.9300","72.3300","71.0000","0.5700","6","63.2400","94.0000","0.0600","0","98.0200","6.0000","-0.1400","0.0000","98.0200","6.0000","-0.1300","0","98.0200","6.0000","-0.1400","0.4000","60.0800","102.0000","0.2400","0.0000","98.0200","6.0000","-0.1300","0.0000","94.4700","15.0000","-0.2300","0","94.4700","15.0000","-0.1800","0.0000","94.4700","15.0000","-0.2200","0","94.4700","15.0000","-0.2200","0","0","0"
"AAD2023.06.02752","260","1976","156","University of Central Florida","Sociology, Department of","Sociology - Articles-Focused","16","96.0000","96","76.0000","16","69.0000","6.0000","82.0000","1002","86.0000","14","84.0000","0.8800","185.0000","3","62.0000","5","57.0000","1546673.0000","54.0000","0","230.0000","0","230.0000","5","178.0000","5","122.0000","7","15","0","40","38","0.3100","-0.3800","165.0000","35.1800","0.3100","-0.9200","201.0000","20.9500","1.0000","1.0800","1.0000","100.0000","6.0000","0.5600","63.0000","75.4900","0.8800","0.5500","93.0000","63.6400","62.6300","0.0400","89.0000","65.2200","10.4400","-0.1500","123.0000","51.7800","0.1900","0.4900","69.0000","73.1200","0.3100","0.6000","55.0000","78.6600","96667.0600","0.0300","50.0000","80.6300","309334.6000","0.1400","65.0000","74.7000","0.0000","-0.9900","230.0000","9.4900","0.0000","-1.6200","230.0000","9.4900","0.3000","61.0000","76.2800","-1.0700","-0.2500","0.2600","0.2400","0.4600","0.2800","-0.3601","-0.7100","-0.6800","-0.0800","-0.0900","0.2700","0.2700","0.1000","9.4900","52.1700","67.1900","75.8900","73.1200","67.9800","27.2700","9.4900","30.0400","66.4000","79.0500","77.8700","70.3600","62.4500","253","4/1/2025 16:37","3","1","3.0000","0.1900","0.0600","43.0000","6.0000","21.0000","22.0000","70.0000","0.3700","2.2812","1.1000","1.3300","0.4900","83.4000","98.0200","92.0900","91.7000","72.7300","0","5","34.3900","167.0000","-0.6500","0.3100","22.5300","197.0000","-0.8800","4","47.0400","135.0000","-0.4000","0","98.0200","6.0000","-0.1400","0.0000","98.0200","6.0000","-0.1300","0","98.0200","6.0000","-0.1400","0.2500","32.0200","173.0000","-0.5800","0.0000","98.0200","6.0000","-0.1300","0.0000","94.4700","15.0000","-0.2300","0","94.4700","15.0000","-0.1800","0.0000","94.4700","15.0000","-0.2200","0","94.4700","15.0000","-0.2200","0","0","0"
"AAD2023.06.02752","267","2050","156","University of Connecticut","Sociology, Department of","Sociology - Articles-Focused","22","40.0000","87","86.0000","18","52.0000","4.8300","118.0000","606","116.0000","18","49.0000","0.9500","139.0000","1","109.0000","1","114.0000","101042.0000","138.0000","33","43.0000","12","48.0000","33","13.0000","14","20.0000","7","15","0","40","38","0.6400","1.3800","23.0000","91.3000","1.5000","1.4900","26.0000","90.1200","0.8200","0.1700","147.0000","42.2900","3.9500","-0.1500","121.0000","52.5700","0.8200","0.2800","121.0000","52.5700","27.5500","-0.5000","151.0000","40.7100","6.9700","-0.5900","190.0000","25.3000","0.0500","-0.5700","156.0000","38.7400","0.0500","-0.5800","156.0000","38.7400","4592.8200","-0.4000","148.0000","41.9000","101042.0000","-0.3500","129.0000","49.4100","1.5000","0.4500","61.0000","76.2800","0.5500","0.4300","90.0000","64.8200","-0.2000","126.0000","50.5900","0.6400","1.7500","0.7800","-0.4100","0.7200","-0.1400","0.2202","0.4800","1.9100","-0.3300","-0.3200","-0.4400","0.1500","0.8700","81.4200","92.4900","81.0300","57.3100","79.8400","53.7500","45.4500","83.4000","95.2600","54.5500","45.8500","55.3400","66.4000","84.5900","253","4/1/2025 16:37","1","1","1.0000","0.0500","0.0500","43.0000","46.0000","65.0000","91.0000","84.0000","0.3700","0.3463","0.0000","-0.1000","0.1700","83.4000","82.2100","74.7000","64.4300","67.1900","0","33","97.6300","7.0000","2.2200","1.5000","96.4400","10.0000","1.8800","6","63.2400","94.0000","0.0600","0","98.0200","6.0000","-0.1400","0.0000","98.0200","6.0000","-0.1300","0","98.0200","6.0000","-0.1400","0.2700","32.8100","171.0000","-0.4500","0.0000","98.0200","6.0000","-0.1300","0.0000","94.4700","15.0000","-0.2300","0","94.4700","15.0000","-0.1800","0.0000","94.4700","15.0000","-0.2200","0","94.4700","15.0000","-0.2200","0","0","0"
"AAD2023.06.02752","26","2080","156","Brandeis University","Sociology, Department of","Sociology - Articles-Focused","11","168.0000","73","99.0000","9","151.0000","8.1100","34.0000","596","118.0000","8","159.0000","0.8900","176.0000","1","109.0000","1","114.0000","100000.0000","139.0000","33","43.0000","9","71.0000","12","95.0000","7","73.0000","7","15","0","40","38","0.6400","1.3800","23.0000","91.3000","1.0900","0.6600","57.0000","77.8700","0.8200","0.1700","147.0000","42.2900","6.6400","0.7900","51.0000","80.2400","0.7300","-0.1600","157.0000","38.3400","54.1800","-0.0900","96.0000","62.4500","8.1600","-0.4400","170.0000","33.2000","0.0900","-0.2300","122.0000","52.1700","0.0900","-0.3800","125.0000","50.9900","9090.9100","-0.3800","136.0000","46.6400","100000.0000","-0.3500","130.0000","49.0100","3.0000","1.8800","13.0000","95.2600","0.8200","1.4600","20.0000","92.4900","0.3000","61.0000","76.2800","0.2100","0.2000","-0.5400","-0.4100","-0.4400","1.0300","-0.2487","0.4800","-0.0300","-0.3400","-0.3200","-0.4400","-0.0400","-0.5300","72.3300","71.5400","37.5500","57.3100","40.7100","86.9600","30.8300","83.4000","62.8500","53.7500","45.4500","55.3400","61.2600","33.9900","253","4/1/2025 16:37","0","0","0.0000","0.0000","0.0000","102.0000","102.0000","102.0000","102.0000","102.0000","-0.6700","-0.6212","-0.5500","-0.5600","-0.6700","60.0800","60.0800","60.0800","60.0800","60.0800","0","12","63.2400","94.0000","0.0700","1.0900","82.2100","46.0000","0.9300","6","63.2400","94.0000","0.0600","0","98.0200","6.0000","-0.1400","0.0000","98.0200","6.0000","-0.1300","0","98.0200","6.0000","-0.1400","0.5500","85.3800","38.0000","1.0400","0.0000","98.0200","6.0000","-0.1300","0.0000","94.4700","15.0000","-0.2300","0","94.4700","15.0000","-0.1800","0.0000","94.4700","15.0000","-0.2200","0","94.4700","15.0000","-0.2200","0","0","0"
"AAD2023.06.02752","270","2111","156","University of Delaware","Sociology and Criminal Justice, Department of","Sociology - Articles-Focused","25","27.0000","208","15.0000","25","15.0000","8.3200","32.0000","1910","45.0000","23","17.0000","0.9200","157.0000","2","78.0000","2","86.0000","118578.0000","135.0000","24","66.0000","11","57.0000","41","5.0000","14","20.0000","7","15","0","40","38","0.5600","0.9600","41.0000","84.1900","1.6400","1.7700","18.0000","93.2800","1.0000","1.0800","1.0000","100.0000","8.3200","1.3800","25.0000","90.5100","0.9200","0.7700","70.0000","72.7300","76.4000","0.2500","75.0000","70.7500","9.1800","-0.3100","148.0000","41.9000","0.0800","-0.3200","131.0000","48.6200","0.0800","-0.4300","134.0000","47.4300","4743.1200","-0.4000","147.0000","42.2900","59289.0000","-0.4400","145.0000","43.0800","0.9600","-0.0700","100.0000","60.8700","0.4400","0.0400","120.0000","52.9600","0.5000","32.0000","87.7500","0.5000","1.7500","1.4400","-0.0900","1.6300","1.1100","0.0007","0.1500","2.6600","0.5100","-0.3200","-0.2600","1.7800","1.2500","77.8700","92.4900","93.6800","69.5700","94.4700","87.7500","38.3400","74.3100","98.4200","82.6100","47.0400","66.4000","94.4700","89.7200","253","4/1/2025 16:37","1","1","1.0000","0.0400","0.0400","43.0000","46.0000","65.0000","95.0000","91.0000","0.3700","0.3463","0.0000","-0.1600","0.0700","83.4000","82.2100","74.7000","62.8500","64.4300","0","27","93.6800","17.0000","1.6000","1.0800","80.2400","51.0000","0.9100","12","92.8900","19.0000","1.4500","0","98.0200","6.0000","-0.1400","0.0000","98.0200","6.0000","-0.1300","0","98.0200","6.0000","-0.1400","0.4800","76.2800","61.0000","0.6800","0.0000","98.0200","6.0000","-0.1300","0.0000","94.4700","15.0000","-0.2300","0","94.4700","15.0000","-0.1800","0.0000","94.4700","15.0000","-0.2200","0","94.4700","15.0000","-0.2200","0","0","0"
"AAD2023.06.02752","273","2176","156","University of Florida","Sociology and Criminology and Law, Department of","Sociology - Articles-Focused","24","29.0000","136","40.0000","21","30.0000","6.4800","69.0000","1577","62.0000","19","39.0000","0.8600","196.0000","0","158.0000","0","158.0000","0.0000","158.0000","9","127.0000","7","100.0000","17","61.0000","8","59.0000","7","15","0","40","38","0.3300","-0.2700","141.0000","44.6600","0.7100","-0.1100","127.0000","50.2000","0.8800","0.4500","107.0000","58.1000","5.6700","0.4500","74.0000","71.1500","0.7900","0.1500","132.0000","48.2200","65.7100","0.0900","86.0000","66.4000","11.6000","0.0000","100.0000","60.8700","0.0000","-0.9100","158.0000","37.9400","0.0000","-0.7800","158.0000","37.9400","0.0000","-0.4200","158.0000","37.9400","0.0000","-0.5800","158.0000","37.9400","0.3800","-0.6300","173.0000","32.0200","0.2900","-0.5200","166.0000","34.7800","0.0000","104.0000","59.2900","-0.0700","0.4200","0.9100","-0.7400","1.1100","0.4500","-0.4512","-0.3900","0.4300","0.3000","-0.3400","-0.6100","0.8100","1.1300","60.8700","77.0800","84.9800","37.9400","88.5400","73.1200","22.9200","50.2000","76.2800","75.8900","37.9400","37.9400","84.5900","88.9300","253","4/1/2025 16:37","2","1","2.0000","0.0800","0.0400","43.0000","16.0000","36.0000","60.0000","86.0000","0.3700","1.3138","0.5500","0.2800","0.1000","83.4000","94.0700","86.1700","76.6800","66.4000","0","20","83.7900","42.0000","0.8900","0.8300","65.2200","89.0000","0.3300","9","82.6100","45.0000","0.7600","0","98.0200","6.0000","-0.1400","0.0000","98.0200","6.0000","-0.1300","0","98.0200","6.0000","-0.1400","0.3800","53.3600","119.0000","0.1000","0.0000","98.0200","6.0000","-0.1300","0.0000","94.4700","15.0000","-0.2300","0","94.4700","15.0000","-0.1800","0.0000","94.4700","15.0000","-0.2200","0","94.4700","15.0000","-0.2200","0","0","0"
"AAD2023.06.02752","276","2231","156","University of Hawai'i - Manoa","Sociology, Department of","Sociology - Articles-Focused","13","133.0000","71","103.0000","12","113.0000","5.9200","86.0000","687","109.0000","12","104.0000","1.0000","1.0000","1","109.0000","1","114.0000","22578.0000","153.0000","22","73.0000","9","71.0000","22","43.0000","7","73.0000","7","15","0","40","38","0.5400","0.8500","51.0000","80.2400","1.6900","1.8800","10.0000","96.4400","0.9200","0.6900","69.0000","73.1200","5.4600","0.3800","83.0000","67.5900","0.9200","0.7800","62.0000","75.8900","52.8500","-0.1100","97.0000","62.0600","9.6800","-0.2500","135.0000","47.0400","0.0800","-0.3400","132.0000","48.2200","0.0800","-0.4400","135.0000","47.0400","1736.7700","-0.4100","154.0000","39.5300","22578.0000","-0.5300","152.0000","40.3200","1.6900","0.6300","52.0000","79.8400","0.6900","0.9900","50.0000","80.6300","0.2000","81.0000","68.3800","0.2100","0.2000","-0.0100","-0.4100","-0.0500","0.2500","0.6422","0.0800","0.8900","-0.2800","-0.3300","-0.4400","-0.0600","-0.2800","72.3300","71.5400","59.2900","57.3100","55.7300","66.4000","100.0000","71.5400","83.4000","57.3100","39.9200","55.3400","59.6800","47.8300","253","4/1/2025 16:37","0","0","0.0000","0.0000","0.0000","102.0000","102.0000","102.0000","102.0000","102.0000","-0.6700","-0.6212","-0.5500","-0.5600","-0.6700","60.0800","60.0800","60.0800","60.0800","60.0800","0","12","63.2400","94.0000","0.0700","0.9200","71.1500","74.0000","0.5400","5","53.3600","119.0000","-0.1700","0","98.0200","6.0000","-0.1400","0.0000","98.0200","6.0000","-0.1300","0","98.0200","6.0000","-0.1400","0.3800","55.7300","113.0000","0.1600","0.0000","98.0200","6.0000","-0.1300","0.0000","94.4700","15.0000","-0.2300","0","94.4700","15.0000","-0.1800","0.0000","94.4700","15.0000","-0.2200","0","94.4700","15.0000","-0.2200","0","0","0"
"AAD2023.06.02752","279","2307","156","University of Illinois Chicago","Sociology, Department of","Sociology - Articles-Focused","18","71.0000","62","117.0000","17","59.0000","3.6500","169.0000","773","103.0000","17","56.0000","1.0000","1.0000","6","27.0000","7","37.0000","1053757.0000","68.0000","36","40.0000","13","43.0000","14","76.0000","11","32.0000","7","15","0","40","38","0.6100","1.2400","31.0000","88.1400","0.7800","0.0300","110.0000","56.9200","0.9400","0.8000","52.0000","79.8400","3.4400","-0.3300","136.0000","46.6400","0.9400","0.8900","50.0000","80.6300","42.9400","-0.2600","112.0000","56.1300","12.4700","0.1100","86.0000","66.4000","0.3300","1.5800","20.0000","92.4900","0.3900","0.9400","36.0000","86.1700","58542.0600","-0.1500","78.0000","69.5700","150536.7100","-0.2300","111.0000","56.5200","2.0000","0.9300","38.0000","85.3800","0.7200","1.1000","44.0000","83.0000","0.0000","104.0000","59.2900","0.7800","1.0800","0.6500","1.2100","0.5900","-0.5600","0.6422","0.5800","0.1500","-0.2200","-0.1700","0.6200","-0.1800","0.3600","83.4000","87.7500","78.2600","89.7200","77.0800","33.6000","100.0000","84.5900","70.3600","59.6800","73.5200","85.7700","54.1500","72.3300","253","4/1/2025 16:37","1","1","1.0000","0.0600","0.0600","43.0000","46.0000","65.0000","84.0000","73.0000","0.3700","0.3463","0.0000","0.0000","0.3600","83.4000","82.2100","74.7000","67.1900","71.5400","0","13","64.8200","90.0000","0.1700","0.7200","54.9400","115.0000","0.0700","8","76.6800","60.0000","0.5200","0","98.0200","6.0000","-0.1400","0.0000","98.0200","6.0000","-0.1300","0","98.0200","6.0000","-0.1400","0.4400","68.3800","81.0000","0.4800","0.0000","98.0200","6.0000","-0.1300","0.0000","94.4700","15.0000","-0.2300","0","94.4700","15.0000","-0.1800","0.0000","94.4700","15.0000","-0.2200","0","94.4700","15.0000","-0.2200","0","0","0"
"AAD2023.06.02752","281","2364","156","University of Iowa, The","Sociology and Criminology, Department of","Sociology - Articles-Focused","19","63.0000","109","62.0000","19","46.0000","5.7400","91.0000","2294","36.0000","19","39.0000","1.0000","1.0000","7","19.0000","7","37.0000","1666295.0000","51.0000","26","58.0000","12","48.0000","8","142.0000","5","122.0000","7","15","0","40","38","0.2600","-0.6500","184.0000","27.6700","0.4200","-0.7000","186.0000","26.8800","1.0000","1.0800","1.0000","100.0000","5.7400","0.4700","72.0000","71.9400","1.0000","1.1500","1.0000","100.0000","120.7400","0.9300","33.0000","87.3500","21.0500","1.2000","18.0000","93.2800","0.3700","1.8400","15.0000","94.4700","0.3700","0.8500","40.0000","84.5900","87699.7400","-0.0100","55.0000","78.6600","238042.1400","-0.0300","79.0000","69.1700","1.3700","0.3200","71.0000","72.3300","0.6300","0.7600","67.0000","73.9100","0.4000","49.0000","81.0300","0.6400","-0.2500","0.9100","1.5400","0.8500","0.1900","0.6422","0.2200","-0.4000","0.7600","-0.0700","0.6200","0.4500","0.4900","81.4200","52.1700","84.9800","92.8900","82.2100","64.4300","100.0000","77.4700","44.2700","86.1700","80.2400","85.7700","75.8900","75.4900","253","4/1/2025 16:37","4","2","2.0000","0.2100","0.1100","15.0000","16.0000","11.0000","15.0000","28.0000","1.4000","1.3138","1.6600","1.5600","1.2900","94.4700","94.0700","96.0500","94.4700","89.3300","0","17","76.2800","61.0000","0.5800","0.8900","69.1700","79.0000","0.4800","11","90.1200","26.0000","1.2200","0","98.0200","6.0000","-0.1400","0.0000","98.0200","6.0000","-0.1300","0","98.0200","6.0000","-0.1400","0.5800","88.9300","29.0000","1.2200","0.0000","98.0200","6.0000","-0.1300","0.0500","96.8400","9.0000","3.7800","1","99.2100","3.0000","2.0600","0.0500","96.8400","9.0000","2.9700","1","99.6000","2.0000","3.2500","0","0","0"
"AAD2023.06.02752","282","2431","156","University of Kansas, The","Sociology, Department of","Sociology - Articles-Focused","14","116.0000","56","123.0000","11","124.0000","5.0900","114.0000","390","144.0000","12","104.0000","1.0000","1.0000","4","45.0000","4","63.0000","62420.0000","147.0000","20","76.0000","8","81.0000","8","142.0000","6","90.0000","7","15","0","40","38","0.4300","0.2500","86.0000","66.4000","0.5700","-0.3900","153.0000","39.9200","0.7900","0.0100","153.0000","39.9200","4.0000","-0.1300","117.0000","54.1500","0.8600","0.4700","103.0000","59.6800","27.8600","-0.4900","148.0000","41.9000","6.9600","-0.5900","191.0000","24.9000","0.2900","1.2300","32.0000","87.7500","0.2900","0.4900","63.0000","75.4900","4458.5700","-0.4000","149.0000","41.5000","15605.0000","-0.5500","154.0000","39.5300","1.4300","0.3800","66.0000","74.3100","0.5700","0.5300","79.0000","69.1700","-0.2000","126.0000","50.5900","0.0700","-0.0200","-0.0100","0.5600","-0.1800","-0.0500","0.6422","0.0100","-0.4000","-0.4700","-0.3300","0.0900","-0.2700","-0.1500","68.3800","64.8200","59.2900","82.6100","51.3800","55.3400","100.0000","70.3600","44.2700","43.4800","42.2900","75.4900","51.7800","54.5500","253","4/1/2025 16:37","1","1","1.0000","0.0700","0.0700","43.0000","46.0000","65.0000","76.0000","61.0000","0.3700","0.3463","0.0000","0.1600","0.6600","83.4000","82.2100","74.7000","70.3600","76.2800","0","19","81.0300","49.0000","0.7800","1.3600","93.2800","18.0000","1.5500","8","76.6800","60.0000","0.5200","0","98.0200","6.0000","-0.1400","0.0000","98.0200","6.0000","-0.1300","0","98.0200","6.0000","-0.1400","0.5700","88.5400","30.0000","1.1800","0.0000","98.0200","6.0000","-0.1300","0.0000","94.4700","15.0000","-0.2300","0","94.4700","15.0000","-0.1800","0.0000","94.4700","15.0000","-0.2200","0","94.4700","15.0000","-0.2200","0","0","0"
"AAD2023.06.02752","28","2501","156","Brown University","Sociology, Department of","Sociology - Articles-Focused","30","11.0000","155","29.0000","26","12.0000","5.9600","84.0000","2439","34.0000","25","13.0000","0.9600","130.0000","13","3.0000","20","6.0000","5902235.0000","23.0000","76","14.0000","23","11.0000","26","30.0000","14","20.0000","7","15","0","40","38","0.4700","0.4600","74.0000","71.1500","0.8700","0.2100","93.0000","63.6400","0.8700","0.4100","116.0000","54.5500","5.1700","0.2700","93.0000","63.6400","0.8300","0.3500","112.0000","56.1300","81.3000","0.3300","64.0000","75.1000","15.7400","0.5200","49.0000","81.0300","0.4300","2.3300","6.0000","98.0200","0.6700","2.1700","11.0000","96.0500","196741.1700","0.5100","32.0000","87.7500","295111.7500","0.1100","68.0000","73.5200","2.5300","1.4400","22.0000","91.7000","0.7700","1.2700","28.0000","89.3300","0.1000","90.0000","64.8200","2.2000","1.7500","1.7100","3.4800","1.7600","0.2700","0.3338","2.0200","1.2700","0.8600","0.6100","2.9000","1.0600","1.8900","96.0500","92.4900","95.2600","99.2100","95.6500","67.1900","49.0100","94.8600","88.5400","86.9600","91.3000","98.0200","88.9300","96.0500","253","4/1/2025 16:37","6","5","1.2000","0.2000","0.1700","1.0000","45.0000","4.0000","18.0000","8.0000","4.5000","0.5398","2.7600","1.4500","2.4300","100.0000","82.6100","98.8100","93.2800","97.2300","0","25","91.7000","22.0000","1.4000","0.8300","65.2200","89.0000","0.3300","13","94.8600","14.0000","1.6800","0","98.0200","6.0000","-0.1400","0.0000","98.0200","6.0000","-0.1300","0","98.0200","6.0000","-0.1400","0.4300","66.8000","85.0000","0.4200","0.0000","98.0200","6.0000","-0.1300","0.0000","94.4700","15.0000","-0.2300","0","94.4700","15.0000","-0.1800","0.0000","94.4700","15.0000","-0.2200","0","94.4700","15.0000","-0.2200","0","0","0"
"AAD2023.06.02752","293","2555","156","University of Massachusetts Amherst","Sociology, Department of","Sociology - Articles-Focused","28","15.0000","95","79.0000","26","12.0000","3.6500","167.0000","1307","73.0000","23","17.0000","0.8500","207.0000","5","35.0000","8","31.0000","1558049.0000","53.0000","46","30.0000","16","30.0000","27","29.0000","16","9.0000","7","15","0","40","38","0.5700","1.0300","39.0000","84.9800","0.9600","0.4000","81.0000","68.3800","0.9300","0.7200","64.0000","75.1000","3.3900","-0.3500","139.0000","45.4500","0.8200","0.2900","119.0000","53.3600","46.6800","-0.2100","105.0000","58.8900","13.7600","0.2700","66.0000","74.3100","0.1800","0.4200","75.0000","70.7500","0.2900","0.4900","63.0000","75.4900","55644.6100","-0.1600","80.0000","68.7700","194756.1300","-0.1300","96.0000","62.4500","1.6400","0.5800","56.0000","78.2600","0.5700","0.5300","79.0000","69.1700","-0.1000","114.0000","55.3400","1.2000","2.1900","1.4400","0.8900","1.7600","-0.5600","-0.5457","0.9400","1.3600","0.1200","-0.0900","0.7900","0.2600","1.6400","88.5400","96.8400","93.6800","86.5600","95.6500","34.3900","18.5800","88.5400","88.9300","71.5400","79.4500","88.1400","69.1700","94.4700","253","4/1/2025 16:37","1","1","1.0000","0.0400","0.0400","43.0000","46.0000","65.0000","98.0000","94.0000","0.3700","0.3463","0.0000","-0.2000","-0.0100","83.4000","82.2100","74.7000","61.6600","63.2400","0","26","92.4900","20.0000","1.5000","0.9300","71.9400","72.0000","0.5500","17","98.4200","5.0000","2.6100","0","98.0200","6.0000","-0.1400","0.0000","98.0200","6.0000","-0.1300","0","98.0200","6.0000","-0.1400","0.6100","91.7000","22.0000","1.3700","0.0000","98.0200","6.0000","-0.1300","0.0000","94.4700","15.0000","-0.2300","0","94.4700","15.0000","-0.1800","0.0000","94.4700","15.0000","-0.2200","0","94.4700","15.0000","-0.2200","0","0","0"
"AAD2023.06.02752","311","2747","156","University of Nevada, Las Vegas","Sociology, Department of","Sociology - Articles-Focused","18","71.0000","69","107.0000","13","101.0000","5.3100","112.0000","608","115.0000","12","104.0000","0.9200","152.0000","0","158.0000","0","158.0000","0.0000","158.0000","7","142.0000","4","142.0000","15","70.0000","7","73.0000","7","15","0","40","38","0.3900","0.0300","114.0000","55.3400","0.8300","0.1400","97.0000","62.0600","0.7200","-0.3000","170.0000","33.2000","3.8300","-0.1900","127.0000","50.2000","0.6700","-0.4500","174.0000","31.6200","33.7800","-0.4000","137.0000","46.2500","8.8100","-0.3600","153.0000","39.9200","0.0000","-0.9100","158.0000","37.9400","0.0000","-0.7800","158.0000","37.9400","0.0000","-0.4200","158.0000","37.9400","0.0000","-0.5800","158.0000","37.9400","0.3900","-0.6200","170.0000","33.2000","0.2200","-0.7800","189.0000","25.6900","-0.4000","156.0000","38.7400","-0.5000","0.2000","-0.0100","-0.7400","0.0700","0.0300","0.0254","-0.4600","0.2500","-0.3300","-0.3400","-0.6100","-0.0900","0.3600","44.2700","71.5400","59.2900","37.9400","60.4700","56.1300","40.3200","44.2700","72.7300","54.9400","37.9400","37.9400","58.1000","72.3300","253","4/1/2025 16:37","0","0","0.0000","0.0000","0.0000","102.0000","102.0000","102.0000","102.0000","102.0000","-0.6700","-0.6212","-0.5500","-0.5600","-0.6700","60.0800","60.0800","60.0800","60.0800","60.0800","0","4","30.0400","178.0000","-0.7500","0.2200","15.8100","214.0000","-1.0900","3","35.9700","163.0000","-0.6300","0","98.0200","6.0000","-0.1400","0.0000","98.0200","6.0000","-0.1300","0","98.0200","6.0000","-0.1400","0.1700","18.9700","206.0000","-1.0300","0.0000","98.0200","6.0000","-0.1300","0.0000","94.4700","15.0000","-0.2300","0","94.4700","15.0000","-0.1800","0.0000","94.4700","15.0000","-0.2200","0","94.4700","15.0000","-0.2200","0","0","0"
"AAD2023.06.02752","312","2779","156","University of Nevada, Reno","Sociology, Department of","Sociology - Articles-Focused","8","200.0000","56","123.0000","7","175.0000","8.0000","35.0000","341","153.0000","6","190.0000","0.8600","198.0000","1","109.0000","1","114.0000","60000.0000","148.0000","8","134.0000","4","142.0000","2","214.0000","2","199.0000","7","15","0","40","38","0.2500","-0.7200","186.0000","26.8800","0.2500","-1.0400","209.0000","17.7900","0.8800","0.4500","107.0000","58.1000","7.0000","0.9100","45.0000","82.6100","0.7500","-0.0500","147.0000","42.2900","42.6300","-0.2700","114.0000","55.3400","6.0900","-0.7000","211.0000","17.0000","0.1300","0.0200","101.0000","60.4700","0.1300","-0.2300","108.0000","57.7100","7500.0000","-0.3900","142.0000","44.2700","60000.0000","-0.4400","143.0000","43.8700","1.0000","-0.0300","95.0000","62.8500","0.5000","0.2600","99.0000","61.2600","0.0000","104.0000","59.2900","-0.5000","-0.9100","-0.8000","-0.4100","-0.7000","1.0000","-0.5033","-0.4200","-0.9600","-0.5000","-0.3300","-0.4400","-0.2700","-0.9200","44.2700","21.7400","25.3000","57.3100","31.2300","86.5600","22.1300","47.4300","15.8100","39.9200","41.9000","55.3400","51.7800","21.3400","253","4/1/2025 16:37","0","0","0.0000","0.0000","0.0000","102.0000","102.0000","102.0000","102.0000","102.0000","-0.6700","-0.6212","-0.5500","-0.5600","-0.6700","60.0800","60.0800","60.0800","60.0800","60.0800","0","7","43.8700","143.0000","-0.4500","0.8800","67.9800","82.0000","0.4300","3","35.9700","163.0000","-0.6300","0","98.0200","6.0000","-0.1400","0.0000","98.0200","6.0000","-0.1300","0","98.0200","6.0000","-0.1400","0.3800","53.3600","119.0000","0.1000","0.0000","98.0200","6.0000","-0.1300","0.0000","94.4700","15.0000","-0.2300","0","94.4700","15.0000","-0.1800","0.0000","94.4700","15.0000","-0.2200","0","94.4700","15.0000","-0.2200","0","0","0"
"AAD2023.06.02752","314","2810","156","University of New Mexico, The","Sociology, Department of","Sociology - Articles-Focused","16","96.0000","66","111.0000","15","79.0000","4.4000","136.0000","815","98.0000","16","64.0000","1.0000","1.0000","3","62.0000","5","57.0000","3950662.0000","35.0000","25","61.0000","9","71.0000","14","76.0000","7","73.0000","7","15","0","40","38","0.4400","0.3000","85.0000","66.8000","0.8800","0.2200","91.0000","64.4300","0.9400","0.7600","59.0000","77.0800","4.1300","-0.0900","112.0000","56.1300","1.0000","1.1500","1.0000","100.0000","50.9400","-0.1400","102.0000","60.0800","12.3500","0.0900","87.0000","66.0100","0.1900","0.4900","69.0000","73.1200","0.3100","0.6000","55.0000","78.6600","246916.3800","0.7400","27.0000","89.7200","790132.4000","1.2700","20.0000","92.4900","1.5600","0.5100","59.0000","77.0800","0.5600","0.5000","84.0000","67.1900","0.4000","49.0000","81.0300","0.2100","0.2000","0.5200","0.2400","0.3300","-0.2900","0.6422","0.1900","0.1500","-0.2000","0.3000","0.2700","-0.1300","0.1000","72.3300","71.5400","75.1000","75.8900","69.1700","46.6400","100.0000","76.2800","70.3600","61.6600","86.5600","77.8700","56.5200","62.4500","253","4/1/2025 16:37","2","1","2.0000","0.1300","0.0600","43.0000","16.0000","36.0000","40.0000","70.0000","0.3700","1.3138","0.5500","0.7000","0.4900","83.4000","94.0700","86.1700","84.5900","72.7300","0","10","56.1300","112.0000","-0.1400","0.6300","47.0400","135.0000","-0.1500","9","82.6100","45.0000","0.7600","0","98.0200","6.0000","-0.1400","0.0000","98.0200","6.0000","-0.1300","0","98.0200","6.0000","-0.1400","0.5600","87.3500","33.0000","1.1300","0.0000","98.0200","6.0000","-0.1300","0.0600","98.8100","4.0000","4.5300","1","99.2100","3.0000","2.0600","0.0600","98.4200","5.0000","3.5600","1","99.6000","2.0000","3.2500","0","0","0"
"AAD2023.06.02752","323","2931","156","University of Notre Dame","Sociology, Department of","Sociology - Articles-Focused","26","24.0000","80","92.0000","24","19.0000","3.3300","185.0000","1045","83.0000","23","17.0000","0.9600","133.0000","4","45.0000","4","63.0000","1422047.0000","59.0000","44","31.0000","19","22.0000","23","37.0000","11","32.0000","7","15","0","40","38","0.4200","0.2200","99.0000","61.2600","0.8800","0.2400","90.0000","64.8200","0.9200","0.6900","69.0000","73.1200","3.0800","-0.4600","146.0000","42.6900","0.8800","0.6000","89.0000","65.2200","40.1900","-0.3000","123.0000","51.7800","13.0600","0.1800","77.0000","69.9600","0.1500","0.2400","87.0000","66.0100","0.1500","-0.1000","98.0000","61.6600","54694.1200","-0.1600","81.0000","68.3800","355511.7500","0.2500","54.0000","79.0500","1.6900","0.6300","52.0000","79.8400","0.7300","1.1300","39.0000","84.9800","-0.2000","126.0000","50.5900","1.6300","1.0800","1.4400","0.5600","1.5000","-0.6800","0.3081","0.8700","0.9900","-0.0500","-0.1100","0.0900","0.0600","1.3800","91.7000","87.7500","93.6800","82.6100","92.8900","27.2700","47.8300","88.1400","85.7700","67.5900","77.0800","75.4900","64.0300","90.9100","253","4/1/2025 16:37","3","3","1.0000","0.1200","0.1200","6.0000","46.0000","21.0000","45.0000","23.0000","2.4300","0.3463","1.1000","0.6000","1.4700","98.0200","82.2100","92.0900","82.6100","91.3000","0","17","76.2800","61.0000","0.5800","0.6500","49.0100","130.0000","-0.0800","9","82.6100","45.0000","0.7600","0","98.0200","6.0000","-0.1400","0.0000","98.0200","6.0000","-0.1300","0","98.0200","6.0000","-0.1400","0.3500","45.8500","138.0000","-0.0500","0.0000","98.0200","6.0000","-0.1300","0.0000","94.4700","15.0000","-0.2300","0","94.4700","15.0000","-0.1800","0.0000","94.4700","15.0000","-0.2200","0","94.4700","15.0000","-0.2200","0","0","0"
"AAD2023.06.02752","324","2965","156","University of Oklahoma","Sociology, Department of","Sociology - Articles-Focused","16","96.0000","120","52.0000","16","69.0000","7.5000","46.0000","2467","33.0000","16","64.0000","1.0000","1.0000","1","109.0000","1","114.0000","496170.0000","95.0000","14","96.0000","7","100.0000","16","66.0000","6","90.0000","7","15","0","40","38","0.3800","-0.0400","123.0000","51.7800","1.0000","0.4800","65.0000","74.7000","1.0000","1.0800","1.0000","100.0000","7.5000","1.0900","37.0000","85.7700","1.0000","1.1500","1.0000","100.0000","154.1900","1.4500","20.0000","92.4900","20.5600","1.1400","19.0000","92.8900","0.0600","-0.4500","148.0000","41.9000","0.0600","-0.5000","150.0000","41.1100","31010.6300","-0.2800","99.0000","61.2600","496170.0000","0.5800","38.0000","85.3800","0.8800","-0.1500","107.0000","58.1000","0.4400","0.0300","121.0000","52.5700","0.4000","49.0000","81.0300","-0.0700","-0.0200","0.5200","-0.4100","0.4600","0.8200","0.6422","-0.2100","0.3400","0.8700","-0.2600","-0.4400","0.5900","0.1000","60.8700","64.8200","75.1000","57.3100","73.1200","82.2100","100.0000","62.4500","74.3100","87.3500","62.8500","55.3400","79.8400","62.4500","253","4/1/2025 16:37","0","0","0.0000","0.0000","0.0000","102.0000","102.0000","102.0000","102.0000","102.0000","-0.6700","-0.6212","-0.5500","-0.5600","-0.6700","60.0800","60.0800","60.0800","60.0800","60.0800","0","7","43.8700","143.0000","-0.4500","0.4400","32.0200","173.0000","-0.5900","6","63.2400","94.0000","0.0600","0","98.0200","6.0000","-0.1400","0.0000","98.0200","6.0000","-0.1300","0","98.0200","6.0000","-0.1400","0.3800","53.3600","119.0000","0.1000","0.0000","98.0200","6.0000","-0.1300","0.0600","98.8100","4.0000","4.5300","1","99.2100","3.0000","2.0600","0.0600","98.4200","5.0000","3.5600","1","99.6000","2.0000","3.2500","0","0","0"
"AAD2023.06.02752","325","3010","156","University of Oregon","Sociology, Department of","Sociology - Articles-Focused","20","54.0000","85","88.0000","19","46.0000","4.4700","132.0000","1872","46.0000","20","31.0000","1.0000","1.0000","0","158.0000","0","158.0000","0.0000","158.0000","25","61.0000","11","57.0000","13","87.0000","10","42.0000","7","15","0","40","38","0.5000","0.6400","59.0000","77.0800","0.6500","-0.2300","138.0000","45.8500","0.9500","0.8300","46.0000","82.2100","4.2500","-0.0500","108.0000","57.7100","1.0000","1.1500","1.0000","100.0000","93.6000","0.5200","55.0000","78.6600","22.0200","1.3200","16.0000","94.0700","0.0000","-0.9100","158.0000","37.9400","0.0000","-0.7800","158.0000","37.9400","0.0000","-0.4200","158.0000","37.9400","0.0000","-0.5800","158.0000","37.9400","1.2500","0.2100","82.0000","67.9800","0.5500","0.4500","89.0000","65.2200","0.2000","81.0000","68.3800","0.5000","0.8600","1.0500","-0.7400","0.8500","-0.2700","0.6422","0.1900","0.0600","0.4900","-0.3400","-0.6100","0.1200","0.6100","77.8700","83.7900","88.1400","37.9400","82.2100","48.2200","100.0000","76.2800","66.0100","82.2100","37.9400","37.9400","65.6100","79.0500","253","4/1/2025 16:37","2","1","2.0000","0.1000","0.0500","43.0000","16.0000","36.0000","53.0000","79.0000","0.3700","1.3138","0.5500","0.4500","0.2600","83.4000","94.0700","86.1700","79.4500","69.1700","0","19","81.0300","49.0000","0.7800","0.9500","72.7300","70.0000","0.6000","9","82.6100","45.0000","0.7600","0","98.0200","6.0000","-0.1400","0.0000","98.0200","6.0000","-0.1300","0","98.0200","6.0000","-0.1400","0.4500","68.7700","80.0000","0.5100","0.0000","98.0200","6.0000","-0.1300","0.0000","94.4700","15.0000","-0.2300","0","94.4700","15.0000","-0.1800","0.0000","94.4700","15.0000","-0.2200","0","94.4700","15.0000","-0.2200","0","0","0"
"AAD2023.06.02752","332","3078","156","University of South Carolina","Sociology, Department of","Sociology - Articles-Focused","10","182.0000","62","117.0000","9","151.0000","6.8900","56.0000","726","108.0000","10","137.0000","1.0000","1.0000","1","109.0000","1","114.0000","99544.0000","140.0000","6","153.0000","6","118.0000","16","66.0000","3","165.0000","7","15","0","40","38","0.3000","-0.4500","168.0000","33.9900","1.6000","1.6900","21.0000","92.0900","0.9000","0.5800","90.0000","64.8200","6.2000","0.6300","58.0000","77.4700","1.0000","1.1500","1.0000","100.0000","72.6000","0.1900","77.0000","69.9600","11.7100","0.0100","99.0000","61.2600","0.1000","-0.1700","114.0000","55.3400","0.1000","-0.3400","118.0000","53.7500","9954.4000","-0.3800","134.0000","47.4300","99544.0000","-0.3500","131.0000","48.6200","0.6000","-0.4100","141.0000","44.6600","0.6000","0.6400","74.0000","71.1500","0.5000","32.0000","87.7500","-0.2100","-0.6900","-0.2700","-0.4100","-0.4400","0.6000","0.6422","-0.5000","0.3400","-0.2600","-0.3200","-0.4400","-0.1800","-0.6600","53.7500","35.1800","46.2500","57.3100","40.7100","78.2600","100.0000","39.9200","74.3100","57.7100","45.0600","55.3400","54.1500","28.4600","253","4/1/2025 16:37","2","2","1.0000","0.2000","0.2000","15.0000","46.0000","36.0000","18.0000","3.0000","1.4000","0.3463","0.5500","1.4500","3.0500","94.4700","82.2100","86.1700","93.2800","99.2100","0","10","56.1300","112.0000","-0.1400","1.0000","78.6600","55.0000","0.7200","4","47.0400","135.0000","-0.4000","0","98.0200","6.0000","-0.1400","0.0000","98.0200","6.0000","-0.1300","0","98.0200","6.0000","-0.1400","0.4000","60.0800","102.0000","0.2400","0.0000","98.0200","6.0000","-0.1300","0.0000","94.4700","15.0000","-0.2300","0","94.4700","15.0000","-0.1800","0.0000","94.4700","15.0000","-0.2200","0","94.4700","15.0000","-0.2200","0","0","0"
"AAD2023.06.02752","343","3181","156","University of Utah, The","Sociology, Department of","Sociology - Articles-Focused","20","54.0000","318","4.0000","19","46.0000","16.7400","1.0000","4484","13.0000","19","39.0000","1.0000","1.0000","5","35.0000","7","37.0000","6605718.0000","19.0000","25","61.0000","13","43.0000","9","131.0000","4","150.0000","7","15","0","40","38","0.2000","-0.9900","214.0000","15.8100","0.4500","-0.6400","175.0000","31.2300","0.9500","0.8300","46.0000","82.2100","15.9000","4.0200","1.0000","100.0000","0.9500","0.9100","47.0000","81.8200","224.2000","2.5200","8.0000","97.2300","14.1000","0.3200","63.0000","75.4900","0.2500","0.9600","45.0000","82.6100","0.3500","0.7700","43.0000","83.4000","330285.9000","1.1400","18.0000","93.2800","943674.0000","1.6300","16.0000","94.0700","1.2500","0.2100","82.0000","67.9800","0.6500","0.8300","63.0000","75.4900","1.1000","2.0000","99.6000","0.7800","-0.4700","0.9100","0.8900","0.8500","4.1200","0.6422","0.1900","-0.3100","2.1800","0.7200","0.6200","3.2500","0.6100","83.4000","41.1100","84.9800","86.5600","82.2100","100.0000","100.0000","76.2800","48.6200","95.2600","92.8900","85.7700","98.8100","79.0500","253","4/1/2025 16:37","1","2","0.5000","0.0500","0.1000","15.0000","99.0000","65.0000","88.0000","30.0000","1.4000","-0.1374","0.0000","-0.0600","1.1900","94.4700","61.2600","74.7000","65.6100","88.5400","0","15","71.1500","74.0000","0.3700","0.7500","58.8900","105.0000","0.1400","7","71.5400","73.0000","0.2900","0","98.0200","6.0000","-0.1400","0.0000","98.0200","6.0000","-0.1300","0","98.0200","6.0000","-0.1400","0.3500","47.4300","134.0000","-0.0300","0.0000","98.0200","6.0000","-0.1300","0.0500","96.0500","11.0000","3.5800","1","99.2100","3.0000","2.0600","0.0500","96.0500","11.0000","2.8100","1","99.6000","2.0000","3.2500","0","0","0"
"AAD2023.06.02752","346","3291","156","University of Washington","Sociology, Department of","Sociology - Articles-Focused","13","133.0000","108","63.0000","13","101.0000","8.3100","33.0000","1300","74.0000","12","104.0000","0.9200","152.0000","3","62.0000","4","63.0000","675967.0000","87.0000","24","66.0000","11","57.0000","9","131.0000","5","122.0000","7","15","0","40","38","0.3800","0.0100","117.0000","54.1500","0.6900","-0.1500","131.0000","48.6200","1.0000","1.0800","1.0000","100.0000","8.3100","1.3700","26.0000","90.1200","0.9200","0.7800","62.0000","75.8900","100.0000","0.6100","48.0000","81.4200","12.0400","0.0500","93.0000","63.6400","0.2300","0.8100","55.0000","78.6600","0.3100","0.5800","57.0000","77.8700","51997.4600","-0.1800","85.0000","66.8000","168991.7500","-0.1900","103.0000","59.6800","1.8500","0.7800","42.0000","83.7900","0.8500","1.5700","17.0000","93.6800","0.7000","13.0000","95.2600","0.5000","-0.2500","-0.0100","0.2400","0.0700","1.1100","0.0254","0.1500","-0.3100","0.1200","-0.2300","0.0900","0.4300","-0.2800","77.8700","52.1700","59.2900","75.8900","60.4700","87.3500","40.3200","74.3100","48.6200","71.1500","66.0100","75.4900","75.4900","47.8300","253","4/1/2025 16:37","0","0","0.0000","0.0000","0.0000","102.0000","102.0000","102.0000","102.0000","102.0000","-0.6700","-0.6212","-0.5500","-0.5600","-0.6700","60.0800","60.0800","60.0800","60.0800","60.0800","0","3","24.5100","192.0000","-0.8500","0.2300","17.0000","211.0000","-1.0700","3","35.9700","163.0000","-0.6300","0","98.0200","6.0000","-0.1400","0.0000","98.0200","6.0000","-0.1300","0","98.0200","6.0000","-0.1400","0.2300","28.8500","181.0000","-0.6800","0.0000","98.0200","6.0000","-0.1300","0.0000","94.4700","15.0000","-0.2300","0","94.4700","15.0000","-0.1800","0.0000","94.4700","15.0000","-0.2200","0","94.4700","15.0000","-0.2200","0","0","0"
"AAD2023.06.02752","359","3570","156","Wayne State University","Sociology, Department of","Sociology - Articles-Focused","14","116.0000","80","92.0000","14","88.0000","5.7100","92.0000","493","124.0000","14","84.0000","1.0000","1.0000","2","78.0000","4","63.0000","485048.0000","96.0000","9","127.0000","6","118.0000","10","119.0000","7","73.0000","7","15","0","40","38","0.5000","0.6400","59.0000","77.0800","0.7100","-0.1000","123.0000","51.7800","1.0000","1.0800","1.0000","100.0000","5.7100","0.4700","73.0000","71.5400","1.0000","1.1500","1.0000","100.0000","35.2100","-0.3800","132.0000","48.2200","6.1600","-0.6900","209.0000","17.7900","0.1400","0.1600","93.0000","63.6400","0.2900","0.4900","63.0000","75.4900","34646.2900","-0.2600","95.0000","62.8500","121262.0000","-0.3000","121.0000","52.5700","0.6400","-0.3700","133.0000","47.8300","0.4300","-0.0100","124.0000","51.3800","0.3000","61.0000","76.2800","-0.2100","0.2000","0.2600","-0.0900","0.2000","0.1800","0.6422","-0.3900","-0.2200","-0.4100","-0.2600","0.0900","0.0600","-0.1500","53.7500","71.5400","67.1900","69.5700","65.6100","64.0300","100.0000","50.2000","53.3600","51.3800","62.4500","75.4900","64.0300","54.5500","253","4/1/2025 16:37","0","0","0.0000","0.0000","0.0000","102.0000","102.0000","102.0000","102.0000","102.0000","-0.6700","-0.6212","-0.5500","-0.5600","-0.6700","60.0800","60.0800","60.0800","60.0800","60.0800","0","8","48.6200","131.0000","-0.3400","0.5700","43.4800","144.0000","-0.2800","4","47.0400","135.0000","-0.4000","0","98.0200","6.0000","-0.1400","0.0000","98.0200","6.0000","-0.1300","0","98.0200","6.0000","-0.1400","0.2900","35.9700","163.0000","-0.3800","0.0000","98.0200","6.0000","-0.1300","0.0000","94.4700","15.0000","-0.2300","0","94.4700","15.0000","-0.1800","0.0000","94.4700","15.0000","-0.2200","0","94.4700","15.0000","-0.2200","0","0","0"
"AAD2023.06.02752","363","3671","156","Western Michigan University","Sociology, Department of","Sociology - Articles-Focused","19","63.0000","43","143.0000","14","88.0000","3.0700","196.0000","280","166.0000","11","123.0000","0.7900","231.0000","1","109.0000","1","114.0000","68998.0000","146.0000","8","134.0000","7","100.0000","9","131.0000","6","90.0000","7","15","0","40","38","0.3200","-0.3600","162.0000","36.3600","0.4700","-0.5900","167.0000","34.3900","0.7400","-0.2300","165.0000","35.1800","2.2600","-0.7400","192.0000","24.5100","0.5800","-0.8700","206.0000","18.9700","14.7400","-0.7000","198.0000","22.1300","6.5100","-0.6500","198.0000","22.1300","0.0500","-0.5200","154.0000","39.5300","0.0500","-0.5500","154.0000","39.5300","3631.4700","-0.4100","150.0000","41.1100","68998.0000","-0.4200","140.0000","45.0600","0.4200","-0.5900","162.0000","36.3600","0.3700","-0.2300","141.0000","44.6600","-0.6000","191.0000","24.9000","-0.0700","-0.0200","-0.1400","-0.4100","0.2000","-0.7700","-1.0760","-0.4200","-0.3100","-0.5400","-0.3300","-0.4400","-0.4400","0.4900","60.8700","64.8200","51.7800","57.3100","65.6100","22.9200","9.0900","47.4300","48.6200","34.7800","42.6900","55.3400","43.8700","75.4900","253","4/1/2025 16:37","0","0","0.0000","0.0000","0.0000","102.0000","102.0000","102.0000","102.0000","102.0000","-0.6700","-0.6212","-0.5500","-0.5600","-0.6700","60.0800","60.0800","60.0800","60.0800","60.0800","0","9","52.9600","120.0000","-0.2400","0.4700","33.9900","168.0000","-0.5000","6","63.2400","94.0000","0.0600","0","98.0200","6.0000","-0.1400","0.0000","98.0200","6.0000","-0.1300","0","98.0200","6.0000","-0.1400","0.3200","39.9200","153.0000","-0.2200","0.0000","98.0200","6.0000","-0.1300","0.0000","94.4700","15.0000","-0.2300","0","94.4700","15.0000","-0.1800","0.0000","94.4700","15.0000","-0.2200","0","94.4700","15.0000","-0.2200","0","0","0"
"AAD2023.06.02752","368","3741","156","Yale University","Sociology, Department of","Sociology - Articles-Focused","18","71.0000","134","43.0000","17","59.0000","7.8800","40.0000","3121","25.0000","16","64.0000","0.9400","143.0000","4","45.0000","6","49.0000","5140587.0000","29.0000","52","27.0000","13","43.0000","41","5.0000","12","27.0000","7","15","0","40","38","0.6700","1.5400","15.0000","94.4700","2.2800","3.0700","1.0000","100.0000","0.9400","0.8000","52.0000","79.8400","7.4400","1.0700","38.0000","85.3800","0.8900","0.6200","85.0000","66.8000","173.3900","1.7400","17.0000","93.6800","23.2900","1.4800","15.0000","94.4700","0.2200","0.7500","58.0000","77.4700","0.3300","0.7000","44.0000","83.0000","285588.1700","0.9300","21.0000","92.0900","856764.5000","1.4200","19.0000","92.8900","2.8900","1.7800","16.0000","94.0700","0.7200","1.1000","44.0000","83.0000","0.4000","49.0000","81.0300","0.7800","1.3100","0.5200","0.5600","0.5900","0.9500","0.1705","1.1600","2.6600","1.3000","0.4900","0.4400","0.7800","0.3600","83.4000","89.7200","75.1000","82.6100","77.0800","84.5900","43.8700","89.7200","98.4200","90.5100","88.9300","81.0300","83.4000","72.3300","253","4/1/2025 16:37","2","2","1.0000","0.1100","0.1100","15.0000","46.0000","36.0000","46.0000","24.0000","1.4000","0.3463","0.5500","0.5600","1.3900","94.4700","82.2100","86.1700","82.2100","90.9100","0","22","88.1400","31.0000","1.0900","1.2200","87.7500","32.0000","1.2400","8","76.6800","60.0000","0.5200","1","100.0000","1.0000","7.0300","0.0600","99.2100","3.0000","6.3200","1","100.0000","1.0000","7.0300","0.4400","68.3800","81.0000","0.4800","0.0600","99.2100","3.0000","6.3200","0.0600","97.2300","8.0000","4.0000","1","99.2100","3.0000","2.0600","0.0600","97.2300","8.0000","3.1400","1","99.6000","2.0000","3.2500","0","0","0"
"AAD2023.06.02752","48","3909","156","Colorado State University","Sociology, Department of","Sociology - Articles-Focused","17","86.0000","128","47.0000","16","69.0000","8.0000","35.0000","1723","52.0000","16","64.0000","1.0000","1.0000","1","109.0000","1","114.0000","284208.0000","109.0000","13","99.0000","8","81.0000","23","37.0000","6","90.0000","7","15","0","40","38","0.3500","-0.1600","138.0000","45.8500","1.3500","1.1900","37.0000","85.7700","0.9400","0.7800","57.0000","77.8700","7.5300","1.1000","36.0000","86.1700","0.9400","0.8700","55.0000","78.6600","101.3500","0.6400","46.0000","82.2100","13.4600","0.2300","70.0000","72.7300","0.0600","-0.4700","150.0000","41.1100","0.0600","-0.5200","152.0000","40.3200","16718.1200","-0.3400","119.0000","53.3600","284208.0000","0.0800","70.0000","72.7300","0.7600","-0.2600","116.0000","54.5500","0.4700","0.1500","111.0000","56.5200","0.5000","32.0000","87.7500","0.0700","-0.0200","0.5200","-0.4100","0.4600","1.0000","0.6422","-0.2400","0.9900","0.3900","-0.2900","-0.4400","0.7000","0.2300","68.3800","64.8200","75.1000","57.3100","73.1200","86.5600","100.0000","61.2600","85.7700","79.8400","57.3100","55.3400","81.8200","66.4000","253","4/1/2025 16:37","0","0","0.0000","0.0000","0.0000","102.0000","102.0000","102.0000","102.0000","102.0000","-0.6700","-0.6212","-0.5500","-0.5600","-0.6700","60.0800","60.0800","60.0800","60.0800","60.0800","0","28","94.4700","15.0000","1.7100","1.6500","98.0200","6.0000","2.2300","7","71.5400","73.0000","0.2900","0","98.0200","6.0000","-0.1400","0.0000","98.0200","6.0000","-0.1300","0","98.0200","6.0000","-0.1400","0.4100","61.6600","98.0000","0.3100","0.0000","98.0200","6.0000","-0.1300","0.0000","94.4700","15.0000","-0.2300","0","94.4700","15.0000","-0.1800","0.0000","94.4700","15.0000","-0.2200","0","94.4700","15.0000","-0.2200","0","0","0"
"AAD2023.06.02752","51","3967","156","Cornell University","Sociology, Department of","Sociology - Articles-Focused","14","116.0000","77","95.0000","13","101.0000","5.9200","85.0000","5266","8.0000","13","94.0000","1.0000","1.0000","2","78.0000","4","63.0000","828195.0000","81.0000","31","48.0000","10","64.0000","6","161.0000","4","150.0000","7","15","0","40","38","0.2900","-0.5300","174.0000","31.6200","0.4300","-0.6800","179.0000","29.6400","0.9300","0.7200","64.0000","75.1000","5.5000","0.3900","81.0000","68.3800","0.9300","0.8100","60.0000","76.6800","376.1400","4.8600","1.0000","100.0000","68.3900","7.2200","1.0000","100.0000","0.1400","0.1600","93.0000","63.6400","0.2900","0.4900","63.0000","75.4900","59156.7900","-0.1400","77.0000","69.9600","207048.7500","-0.1000","92.0000","64.0300","2.2100","1.1300","31.0000","88.1400","0.7100","1.0700","47.0000","81.8200","0.6000","21.0000","92.0900","0.3500","-0.4700","0.1200","-0.0900","0.0700","0.2500","0.6422","0.4000","-0.5900","2.6900","-0.2000","0.0900","0.0200","-0.1500","75.1000","41.1100","63.2400","69.5700","60.4700","66.8000","100.0000","81.4200","36.7600","97.2300","68.3800","75.4900","62.8500","54.5500","253","4/1/2025 16:37","2","2","1.0000","0.1400","0.1400","15.0000","46.0000","36.0000","37.0000","16.0000","1.4000","0.3463","0.5500","0.8800","1.9800","94.4700","82.2100","86.1700","85.7700","94.0700","0","6","39.9200","153.0000","-0.5500","0.4300","31.6200","174.0000","-0.6100","4","47.0400","135.0000","-0.4000","1","100.0000","1.0000","7.0300","0.0700","99.6000","2.0000","8.1600","1","100.0000","1.0000","7.0300","0.2900","35.9700","163.0000","-0.3800","0.0700","99.6000","2.0000","8.1600","0.0000","94.4700","15.0000","-0.2300","0","94.4700","15.0000","-0.1800","0.0000","94.4700","15.0000","-0.2200","0","94.4700","15.0000","-0.2200","0","0","0"
"AAD2023.06.02752","72","4126","156","Florida International University","Global and Sociocultural Studies, Department of","Sociology - Articles-Focused","22","40.0000","99","72.0000","17","59.0000","5.8200","88.0000","768","105.0000","14","84.0000","0.8200","216.0000","6","27.0000","7","37.0000","4837330.0000","31.0000","13","99.0000","8","81.0000","30","21.0000","11","32.0000","7","15","0","40","38","0.5000","0.6400","59.0000","77.0800","1.3600","1.2100","36.0000","86.1700","0.7700","-0.0500","157.0000","38.3400","4.5000","0.0400","105.0000","58.8900","0.6400","-0.6000","187.0000","26.4800","34.9100","-0.3900","133.0000","47.8300","7.7600","-0.4900","176.0000","30.8300","0.2700","1.1300","38.0000","85.3800","0.3200","0.6300","52.0000","79.8400","219878.6400","0.6200","29.0000","88.9300","691047.1400","1.0300","25.0000","90.5100","0.5900","-0.4200","144.0000","43.4800","0.3600","-0.2500","144.0000","43.4800","-0.2000","126.0000","50.5900","0.0700","1.0800","0.2600","1.2100","0.5900","0.2100","-0.7728","-0.2400","1.6400","-0.2300","0.4400","0.6200","0.3100","0.8700","68.3800","87.7500","67.1900","89.7200","77.0800","65.6100","15.0200","61.2600","92.0900","58.8900","88.1400","85.7700","71.9400","84.5900","253","4/1/2025 16:37","0","0","0.0000","0.0000","0.0000","102.0000","102.0000","102.0000","102.0000","102.0000","-0.6700","-0.6212","-0.5500","-0.5600","-0.6700","60.0800","60.0800","60.0800","60.0800","60.0800","0","24","89.7200","27.0000","1.3000","1.0900","82.2100","46.0000","0.9300","7","71.5400","73.0000","0.2900","0","98.0200","6.0000","-0.1400","0.0000","98.0200","6.0000","-0.1300","0","98.0200","6.0000","-0.1400","0.3200","40.3200","152.0000","-0.2100","0.0000","98.0200","6.0000","-0.1300","0.0500","95.6500","12.0000","3.2300","1","99.2100","3.0000","2.0600","0.0500","95.6500","12.0000","2.5300","1","99.6000","2.0000","3.2500","0","0","0"
"AAD2023.06.02752","73","4170","156","Florida State University","Sociology, Department of","Sociology - Articles-Focused","20","54.0000","160","25.0000","20","34.0000","8.0000","35.0000","3269","20.0000","20","31.0000","1.0000","1.0000","2","78.0000","2","86.0000","569664.0000","92.0000","24","66.0000","12","48.0000","11","106.0000","5","122.0000","7","15","0","40","38","0.2500","-0.7200","186.0000","26.8800","0.5500","-0.4400","158.0000","37.9400","1.0000","1.0800","1.0000","100.0000","8.0000","1.2600","31.0000","88.1400","1.0000","1.1500","1.0000","100.0000","163.4500","1.5900","18.0000","93.2800","20.4300","1.1200","20.0000","92.4900","0.1000","-0.1700","114.0000","55.3400","0.1000","-0.3400","118.0000","53.7500","28483.2000","-0.2900","105.0000","58.8900","284832.0000","0.0800","69.0000","73.1200","1.2000","0.1600","87.0000","66.0100","0.6000","0.6400","74.0000","71.1500","0.8000","9.0000","96.8400","0.6400","-0.2500","1.0500","-0.0900","0.9800","1.0000","0.6422","0.1500","-0.1300","1.3900","-0.2500","-0.2600","1.1300","0.6100","81.4200","52.1700","88.1400","69.5700","86.9600","86.5600","100.0000","74.3100","58.5000","92.4900","64.0300","66.4000","90.5100","79.0500","253","4/1/2025 16:37","0","0","0.0000","0.0000","0.0000","102.0000","102.0000","102.0000","102.0000","102.0000","-0.6700","-0.6212","-0.5500","-0.5600","-0.6700","60.0800","60.0800","60.0800","60.0800","60.0800","0","16","73.5200","68.0000","0.4800","0.8000","61.6600","98.0000","0.2600","12","92.8900","19.0000","1.4500","0","98.0200","6.0000","-0.1400","0.0000","98.0200","6.0000","-0.1300","0","98.0200","6.0000","-0.1400","0.6000","91.3000","23.0000","1.3300","0.0000","98.0200","6.0000","-0.1300","0.0000","94.4700","15.0000","-0.2300","0","94.4700","15.0000","-0.1800","0.0000","94.4700","15.0000","-0.2200","0","94.4700","15.0000","-0.2200","0","0","0"
"AAD2023.06.02752","83","4231","156","Georgia State University","Sociology, Department of","Sociology - Articles-Focused","15","103.0000","38","154.0000","10","139.0000","3.8000","163.0000","319","157.0000","11","123.0000","1.0000","1.0000","1","109.0000","1","114.0000","442204.0000","100.0000","8","134.0000","7","100.0000","9","131.0000","5","122.0000","7","15","0","40","38","0.3300","-0.2700","141.0000","44.6600","0.6000","-0.3300","146.0000","42.6900","0.6700","-0.5800","187.0000","26.4800","2.5300","-0.6500","174.0000","31.6200","0.7300","-0.1300","154.0000","39.5300","21.2700","-0.6000","173.0000","32.0200","8.3900","-0.4100","163.0000","35.9700","0.0700","-0.4200","143.0000","43.8700","0.0700","-0.4900","145.0000","43.0800","29480.2700","-0.2800","103.0000","59.6800","442204.0000","0.4500","44.0000","83.0000","0.5300","-0.4800","150.0000","41.1100","0.4700","0.1400","113.0000","55.7300","-0.4000","156.0000","38.7400","-0.0700","-0.2500","-0.1400","-0.4100","-0.3100","-0.5100","0.6422","-0.4200","-0.3100","-0.5200","-0.2700","-0.4400","-0.5100","-0.0200","60.8700","52.1700","51.7800","57.3100","45.4500","35.9700","100.0000","47.4300","48.6200","38.3400","60.8700","55.3400","39.5300","59.6800","253","4/1/2025 16:37","0","0","0.0000","0.0000","0.0000","102.0000","102.0000","102.0000","102.0000","102.0000","-0.6700","-0.6212","-0.5500","-0.5600","-0.6700","60.0800","60.0800","60.0800","60.0800","60.0800","0","11","58.5000","106.0000","-0.0400","0.7300","55.7300","113.0000","0.1000","7","71.5400","73.0000","0.2900","0","98.0200","6.0000","-0.1400","0.0000","98.0200","6.0000","-0.1300","0","98.0200","6.0000","-0.1400","0.4700","74.3100","66.0000","0.6100","0.0000","98.0200","6.0000","-0.1300","0.0000","94.4700","15.0000","-0.2300","0","94.4700","15.0000","-0.1800","0.0000","94.4700","15.0000","-0.2200","0","94.4700","15.0000","-0.2200","0","0","0"
"AAD2023.06.02752","87","4272","156","Harvard University","Sociology, Department of","Sociology - Articles-Focused","27","22.0000","155","29.0000","24","19.0000","6.4600","70.0000","7906","3.0000","24","14.0000","0.9600","131.0000","7","19.0000","11","22.0000","2505046.0000","41.0000","171","1.0000","26","7.0000","29","23.0000","11","32.0000","7","15","0","40","38","0.4100","0.1300","107.0000","58.1000","1.0700","0.6300","60.0000","76.6800","0.8900","0.5200","98.0000","61.6600","5.7400","0.4700","71.0000","72.3300","0.8900","0.6200","85.0000","66.8000","292.8100","3.5800","6.0000","98.0200","51.0100","5.0100","3.0000","99.2100","0.2600","1.0300","44.0000","83.0000","0.4100","1.0300","35.0000","86.5600","92779.4800","0.0200","52.0000","79.8400","227731.4500","-0.0500","83.0000","67.5900","6.3300","5.0700","1.0000","100.0000","0.9600","2.0100","4.0000","98.8100","0.6000","21.0000","92.0900","2.6200","1.0800","1.5700","1.5400","1.5000","0.4400","0.3214","5.4400","1.5400","4.4000","0.0700","1.3200","1.0600","1.5100","97.6300","87.7500","94.8600","92.8900","92.8900","72.7300","48.6200","100.0000","91.3000","99.2100","84.1900","91.7000","88.9300","91.7000","253","4/1/2025 16:37","4","3","1.3300","0.1500","0.1100","6.0000","40.0000","11.0000","36.0000","24.0000","2.4300","0.6656","1.6600","0.9300","1.3900","98.0200","84.5900","96.0500","86.1700","90.9100","0","38","98.8100","4.0000","2.7300","1.4100","94.8600","14.0000","1.6700","11","90.1200","26.0000","1.2200","1","100.0000","1.0000","7.0300","0.0400","98.8100","4.0000","4.1700","1","100.0000","1.0000","7.0300","0.4100","60.4700","101.0000","0.2800","0.0400","98.8100","4.0000","4.1700","0.0000","94.4700","15.0000","-0.2300","0","94.4700","15.0000","-0.1800","0.0000","94.4700","15.0000","-0.2200","0","94.4700","15.0000","-0.2200","0","0","0"
"AAD2023.06.02752","104","4361","156","Kent State University","Sociology and Criminology, Department of","Sociology - Articles-Focused","37","6.0000","84","89.0000","22","25.0000","3.8200","162.0000","1016","85.0000","23","17.0000","0.9600","133.0000","2","78.0000","3","79.0000","702695.0000","85.0000","13","99.0000","8","81.0000","7","151.0000","8","59.0000","7","15","0","40","38","0.2200","-0.9000","212.0000","16.6000","0.1900","-1.1700","229.0000","9.8800","0.5900","-0.9400","213.0000","16.2100","2.2700","-0.7400","191.0000","24.9000","0.6200","-0.6700","195.0000","23.3200","27.4600","-0.5000","152.0000","40.3200","12.1000","0.0600","91.0000","64.4300","0.0500","-0.5100","153.0000","39.9200","0.0800","-0.4200","133.0000","47.8300","18991.7600","-0.3300","112.0000","56.1300","234231.6700","-0.0300","80.0000","68.7700","0.3500","-0.6500","180.0000","29.2500","0.2200","-0.8000","191.0000","24.9000","-0.4000","156.0000","38.7400","0.0700","0.4200","1.4400","-0.0900","1.2400","-0.5000","0.3081","-0.2400","-0.5000","-0.0700","-0.2200","-0.0800","0.1100","2.7800","68.3800","77.0800","93.6800","69.5700","90.5100","36.3600","47.8300","61.2600","40.7100","66.8000","66.8000","69.1700","65.2200","98.0200","253","4/1/2025 16:37","11","2","5.5000","0.3000","0.0500","15.0000","2.0000","3.0000","7.0000","77.0000","1.4000","4.6999","5.5200","2.4300","0.3300","94.4700","99.6000","99.2100","97.6300","69.9600","0","12","63.2400","94.0000","0.0700","0.3200","22.9200","196.0000","-0.8500","8","76.6800","60.0000","0.5200","0","98.0200","6.0000","-0.1400","0.0000","98.0200","6.0000","-0.1300","0","98.0200","6.0000","-0.1400","0.2200","25.3000","190.0000","-0.7600","0.0000","98.0200","6.0000","-0.1300","0.0000","94.4700","15.0000","-0.2300","0","94.4700","15.0000","-0.1800","0.0000","94.4700","15.0000","-0.2200","0","94.4700","15.0000","-0.2200","0","0","0"
"AAD2023.06.02752","114","4383","156","Loyola University Chicago","Sociology, Department of","Sociology - Articles-Focused","14","116.0000","40","149.0000","9","151.0000","4.4400","133.0000","344","150.0000","10","137.0000","1.0000","1.0000","0","158.0000","0","158.0000","0.0000","158.0000","20","76.0000","8","81.0000","11","106.0000","6","90.0000","7","15","0","40","38","0.4300","0.2500","86.0000","66.4000","0.7900","0.0400","108.0000","57.7100","0.6400","-0.7000","197.0000","22.5300","2.8600","-0.5300","160.0000","37.1500","0.7100","-0.2200","163.0000","35.9700","24.5700","-0.5500","162.0000","36.3600","8.6000","-0.3800","157.0000","38.3400","0.0000","-0.9100","158.0000","37.9400","0.0000","-0.7800","158.0000","37.9400","0.0000","-0.4200","158.0000","37.9400","0.0000","-0.5800","158.0000","37.9400","1.4300","0.3800","66.0000","74.3100","0.5700","0.5300","79.0000","69.1700","-0.3000","140.0000","45.0600","0.0700","-0.0200","-0.2700","-0.7400","-0.4400","-0.2800","0.6422","0.0100","-0.1300","-0.5000","-0.3400","-0.6100","-0.4800","-0.1500","68.3800","64.8200","46.2500","37.9400","40.7100","47.8300","100.0000","70.3600","58.5000","41.1100","37.9400","37.9400","41.5000","54.5500","253","4/1/2025 16:37","1","1","1.0000","0.0700","0.0700","43.0000","46.0000","65.0000","76.0000","61.0000","0.3700","0.3463","0.0000","0.1600","0.6600","83.4000","82.2100","74.7000","70.3600","76.2800","0","9","52.9600","120.0000","-0.2400","0.6400","47.8300","133.0000","-0.1100","4","47.0400","135.0000","-0.4000","0","98.0200","6.0000","-0.1400","0.0000","98.0200","6.0000","-0.1300","0","98.0200","6.0000","-0.1400","0.2900","35.9700","163.0000","-0.3800","0.0000","98.0200","6.0000","-0.1300","0.0000","94.4700","15.0000","-0.2300","0","94.4700","15.0000","-0.1800","0.0000","94.4700","15.0000","-0.2200","0","94.4700","15.0000","-0.2200","0","0","0"
"AAD2023.06.02752","136","4463","156","Mississippi State University","Sociology, Department of","Sociology - Articles-Focused","18","71.0000","116","56.0000","18","52.0000","6.4400","71.0000","1137","81.0000","17","56.0000","0.9400","140.0000","0","158.0000","0","158.0000","0.0000","158.0000","10","120.0000","6","118.0000","6","161.0000","6","90.0000","7","15","0","40","38","0.3300","-0.2700","141.0000","44.6600","0.3300","-0.8700","196.0000","22.9200","1.0000","1.0800","1.0000","100.0000","6.4400","0.7200","56.0000","78.2600","0.9400","0.8900","50.0000","80.6300","63.1700","0.0500","88.0000","65.6100","9.8000","-0.2300","133.0000","47.8300","0.0000","-0.9100","158.0000","37.9400","0.0000","-0.7800","158.0000","37.9400","0.0000","-0.4200","158.0000","37.9400","0.0000","-0.5800","158.0000","37.9400","0.5600","-0.4600","146.0000","42.6900","0.3300","-0.3600","153.0000","39.9200","0.5000","32.0000","87.7500","-0.2100","-0.0200","0.6500","-0.7400","0.7200","0.4400","0.1967","-0.3500","-0.5900","0.0100","-0.3400","-0.6100","0.5400","0.3600","53.7500","64.8200","78.2600","37.9400","79.8400","72.3300","45.0600","52.9600","36.7600","68.3800","37.9400","37.9400","78.2600","72.3300","253","4/1/2025 16:37","0","0","0.0000","0.0000","0.0000","102.0000","102.0000","102.0000","102.0000","102.0000","-0.6700","-0.6212","-0.5500","-0.5600","-0.6700","60.0800","60.0800","60.0800","60.0800","60.0800","0","9","52.9600","120.0000","-0.2400","0.5000","39.1300","155.0000","-0.4400","6","63.2400","94.0000","0.0600","0","98.0200","6.0000","-0.1400","0.0000","98.0200","6.0000","-0.1300","0","98.0200","6.0000","-0.1400","0.3300","45.0600","140.0000","-0.1200","0.0000","98.0200","6.0000","-0.1300","0.0000","94.4700","15.0000","-0.2300","0","94.4700","15.0000","-0.1800","0.0000","94.4700","15.0000","-0.2200","0","94.4700","15.0000","-0.2200","0","0","0"
"AAD2023.06.02752","149","4533","156","North Dakota State University","Sociology and Anthropology, Department of","Sociology - Articles-Focused","7","217.0000","21","194.0000","6","194.0000","3.5000","174.0000","221","181.0000","6","190.0000","1.0000","1.0000","1","109.0000","1","114.0000","33996.0000","151.0000","3","180.0000","2","187.0000","3","201.0000","3","165.0000","7","15","0","40","38","0.4300","0.2500","86.0000","66.4000","0.4300","-0.6800","179.0000","29.6400","0.8600","0.3700","122.0000","52.1700","3.0000","-0.4800","147.0000","42.2900","0.8600","0.4700","103.0000","59.6800","31.5700","-0.4400","140.0000","45.0600","10.5200","-0.1400","121.0000","52.5700","0.1400","0.1600","93.0000","63.6400","0.1400","-0.1500","103.0000","59.6800","4856.5700","-0.4000","146.0000","42.6900","33996.0000","-0.5000","150.0000","41.1100","0.4300","-0.5800","159.0000","37.5500","0.2900","-0.5400","167.0000","34.3900","-0.4000","156.0000","38.7400","-0.7800","-0.6900","-0.8000","-0.4100","-0.8300","-0.6200","0.6422","-0.6000","-0.8700","-0.5800","-0.3300","-0.4400","-0.7400","-1.0400","26.4800","35.1800","25.3000","57.3100","23.7200","31.6200","100.0000","29.2500","20.9500","28.8500","40.7100","55.3400","23.7200","14.6200","253","4/1/2025 16:37","0","0","0.0000","0.0000","0.0000","102.0000","102.0000","102.0000","102.0000","102.0000","-0.6700","-0.6212","-0.5500","-0.5600","-0.6700","60.0800","60.0800","60.0800","60.0800","60.0800","0","6","39.9200","153.0000","-0.5500","0.8600","67.1900","84.0000","0.3900","3","35.9700","163.0000","-0.6300","0","98.0200","6.0000","-0.1400","0.0000","98.0200","6.0000","-0.1300","0","98.0200","6.0000","-0.1400","0.4300","66.4000","86.0000","0.4000","0.0000","98.0200","6.0000","-0.1300","0.0000","94.4700","15.0000","-0.2300","0","94.4700","15.0000","-0.1800","0.0000","94.4700","15.0000","-0.2200","0","94.4700","15.0000","-0.2200","0","0","0"
"AAD2023.06.02752","253","4662","156","University of California, Irvine","Sociology, Department of","Sociology - Articles-Focused","28","15.0000","212","14.0000","28","9.0000","7.5700","45.0000","3412","19.0000","28","9.0000","1.0000","1.0000","8","14.0000","17","12.0000","6984209.0000","16.0000","69","17.0000","22","12.0000","32","16.0000","15","13.0000","7","15","0","40","38","0.5400","0.8300","54.0000","79.0500","1.1400","0.7700","51.0000","80.2400","1.0000","1.0800","1.0000","100.0000","7.5700","1.1100","35.0000","86.5600","1.0000","1.1500","1.0000","100.0000","121.8600","0.9500","32.0000","87.7500","16.0900","0.5700","45.0000","82.6100","0.2900","1.2300","32.0000","87.7500","0.6100","1.9100","15.0000","94.4700","249436.0400","0.7600","26.0000","90.1200","410835.8200","0.3800","49.0000","81.0300","2.4600","1.3700","25.0000","90.5100","0.7900","1.3400","25.0000","90.5100","0.5000","32.0000","87.7500","2.0600","1.9700","2.1000","1.8600","2.0200","0.8400","0.6422","1.7700","1.8200","1.4900","0.7900","2.3800","1.8300","1.6400","95.6500","95.2600","96.8400","94.8600","96.8400","82.6100","100.0000","93.6800","94.0700","92.8900","94.0700","95.6500","94.8600","94.4700","253","4/1/2025 16:37","0","0","0.0000","0.0000","0.0000","102.0000","102.0000","102.0000","102.0000","102.0000","-0.6700","-0.6212","-0.5500","-0.5600","-0.6700","60.0800","60.0800","60.0800","60.0800","60.0800","0","25","91.7000","22.0000","1.4000","0.8900","68.7700","80.0000","0.4700","12","92.8900","19.0000","1.4500","0","98.0200","6.0000","-0.1400","0.0000","98.0200","6.0000","-0.1300","0","98.0200","6.0000","-0.1400","0.4300","66.4000","86.0000","0.4000","0.0000","98.0200","6.0000","-0.1300","0.0000","94.4700","15.0000","-0.2300","0","94.4700","15.0000","-0.1800","0.0000","94.4700","15.0000","-0.2200","0","94.4700","15.0000","-0.2200","0","0","0"
"AAD2023.06.02752","258","4700","156","University of California, Santa Barbara","Sociology, Department of","Sociology - Articles-Focused","26","24.0000","101","70.0000","23","21.0000","4.3900","137.0000","938","89.0000","21","28.0000","0.8800","185.0000","0","158.0000","0","158.0000","0.0000","158.0000","57","22.0000","17","28.0000","43","4.0000","16","9.0000","7","15","0","40","38","0.6200","1.2600","29.0000","88.9300","1.6500","1.8000","15.0000","94.4700","0.8800","0.5000","103.0000","59.6800","3.8800","-0.1700","123.0000","51.7800","0.8100","0.2300","126.0000","50.5900","36.0800","-0.3700","131.0000","48.6200","9.2900","-0.3000","146.0000","42.6900","0.0000","-0.9100","158.0000","37.9400","0.0000","-0.7800","158.0000","37.9400","0.0000","-0.4200","158.0000","37.9400","0.0000","-0.5800","158.0000","37.9400","2.1900","1.1100","34.0000","86.9600","0.6500","0.8400","61.0000","76.2800","0.0000","104.0000","59.2900","1.3500","2.1900","1.1800","-0.7400","1.3700","-0.3000","-0.3601","1.3400","2.8400","-0.1200","-0.3400","-0.6100","0.3400","1.3800","89.3300","96.8400","89.3300","37.9400","92.0900","46.2500","27.2700","91.7000","98.8100","65.2200","37.9400","37.9400","72.7300","90.9100","253","4/1/2025 16:37","1","1","1.0000","0.0400","0.0400","43.0000","46.0000","65.0000","96.0000","92.0000","0.3700","0.3463","0.0000","-0.1700","0.0400","83.4000","82.2100","74.7000","62.4500","64.0300","0","33","97.6300","7.0000","2.2200","1.2700","90.5100","25.0000","1.3500","17","98.4200","5.0000","2.6100","0","98.0200","6.0000","-0.1400","0.0000","98.0200","6.0000","-0.1300","0","98.0200","6.0000","-0.1400","0.6500","96.4400","10.0000","1.6300","0.0000","98.0200","6.0000","-0.1300","0.0000","94.4700","15.0000","-0.2300","0","94.4700","15.0000","-0.1800","0.0000","94.4700","15.0000","-0.2200","0","94.4700","15.0000","-0.2200","0","0","0"
"AAD2023.06.02752","261","4740","156","University of Chicago, The","Sociology, Department of","Sociology - Articles-Focused","24","29.0000","144","37.0000","22","25.0000","6.5500","66.0000","2892","27.0000","20","31.0000","0.9100","164.0000","8","14.0000","14","16.0000","32981208.0000","4.0000","110","7.0000","22","12.0000","37","10.0000","15","13.0000","7","15","0","40","38","0.6300","1.3200","26.0000","90.1200","1.5400","1.5800","25.0000","90.5100","0.9200","0.6600","76.0000","70.3600","6.0000","0.5600","63.0000","75.4900","0.8300","0.3500","112.0000","56.1300","120.5000","0.9300","34.0000","86.9600","20.0800","1.0800","22.0000","91.7000","0.3300","1.5800","20.0000","92.4900","0.5800","1.8100","16.0000","94.0700","1374217.0000","6.0700","3.0000","99.2100","2355800.5700","4.9300","3.0000","99.2100","4.5800","3.4000","3.0000","99.2100","0.9200","1.8300","7.0000","97.6300","0.3000","61.0000","76.2800","2.0600","1.9700","1.0500","1.8600","1.2400","0.4800","-0.0868","3.2400","2.2900","1.1500","4.9600","1.8500","0.9200","1.1300","95.6500","95.2600","88.1400","94.8600","90.5100","74.3100","35.5700","97.6300","96.4400","89.7200","98.8100","94.0700","85.7700","88.9300","253","4/1/2025 16:37","5","1","5.0000","0.2100","0.0400","43.0000","3.0000","6.0000","16.0000","86.0000","0.3700","4.2162","2.2100","1.5400","0.1000","83.4000","99.2100","98.0200","94.0700","66.4000","0","35","98.4200","5.0000","2.4200","1.4600","95.2600","13.0000","1.7900","12","92.8900","19.0000","1.4500","0","98.0200","6.0000","-0.1400","0.0000","98.0200","6.0000","-0.1300","0","98.0200","6.0000","-0.1400","0.5000","81.4200","48.0000","0.7900","0.0000","98.0200","6.0000","-0.1300","0.0000","94.4700","15.0000","-0.2300","0","94.4700","15.0000","-0.1800","0.0000","94.4700","15.0000","-0.2200","0","94.4700","15.0000","-0.2200","0","0","0"
"AAD2023.06.02752","274","4813","156","University of Georgia","Sociology, Department of","Sociology - Articles-Focused","18","71.0000","146","34.0000","17","59.0000","8.5900","29.0000","1426","68.0000","17","56.0000","1.0000","1.0000","2","78.0000","4","63.0000","5953715.0000","22.0000","27","55.0000","10","64.0000","7","151.0000","5","122.0000","7","15","0","40","38","0.2800","-0.5700","179.0000","29.6400","0.3900","-0.7600","190.0000","25.3000","0.9400","0.8000","52.0000","79.8400","8.1100","1.3000","29.0000","88.9300","0.9400","0.8900","50.0000","80.6300","79.2200","0.3000","71.0000","72.3300","9.7700","-0.2400","134.0000","47.4300","0.1100","-0.0800","108.0000","57.7100","0.2200","0.2000","80.0000","68.7700","330761.9400","1.1400","17.0000","93.6800","1488428.7500","2.9000","5.0000","98.4200","1.5000","0.4500","61.0000","76.2800","0.5600","0.4700","85.0000","66.8000","0.5000","32.0000","87.7500","0.3500","-0.2500","0.6500","-0.0900","0.5900","1.2100","0.6422","0.2600","-0.5000","0.2000","0.6200","0.0900","0.9400","0.3600","75.1000","52.1700","78.2600","69.5700","77.0800","88.9300","100.0000","78.6600","40.7100","73.5200","91.7000","75.4900","86.9600","72.3300","253","4/1/2025 16:37","1","1","1.0000","0.0600","0.0600","43.0000","46.0000","65.0000","84.0000","73.0000","0.3700","0.3463","0.0000","0.0000","0.3600","83.4000","82.2100","74.7000","67.1900","71.5400","0","9","52.9600","120.0000","-0.2400","0.5000","39.1300","155.0000","-0.4400","8","76.6800","60.0000","0.5200","0","98.0200","6.0000","-0.1400","0.0000","98.0200","6.0000","-0.1300","0","98.0200","6.0000","-0.1400","0.4400","68.3800","81.0000","0.4800","0.0000","98.0200","6.0000","-0.1300","0.0000","94.4700","15.0000","-0.2300","0","94.4700","15.0000","-0.1800","0.0000","94.4700","15.0000","-0.2200","0","94.4700","15.0000","-0.2200","0","0","0"
"AAD2023.06.02752","280","4884","156","University of Illinois at Urbana-Champaign","Sociology, Department of","Sociology - Articles-Focused","16","96.0000","90","84.0000","15","79.0000","6.0000","82.0000","1177","79.0000","15","75.0000","1.0000","1.0000","2","78.0000","2","86.0000","616944.0000","91.0000","12","105.0000","7","100.0000","14","76.0000","8","59.0000","7","15","0","40","38","0.5000","0.6400","59.0000","77.0800","0.8800","0.2200","91.0000","64.4300","0.9400","0.7600","59.0000","77.0800","5.6300","0.4300","75.0000","70.7500","0.9400","0.8500","58.0000","77.4700","73.5600","0.2100","76.0000","70.3600","13.0800","0.1900","76.0000","70.3600","0.1300","0.0200","101.0000","60.4700","0.1300","-0.2300","108.0000","57.7100","38559.0000","-0.2400","90.0000","64.8200","308472.0000","0.1400","66.0000","74.3100","0.7500","-0.2700","117.0000","54.1500","0.4400","0.0300","121.0000","52.5700","0.3000","61.0000","76.2800","-0.0700","0.4200","0.3900","-0.0900","0.3300","0.2800","0.6422","-0.2800","0.1500","0.0400","-0.2400","-0.2600","0.1900","0.1000","60.8700","77.0800","70.7500","69.5700","69.1700","67.9800","100.0000","58.8900","70.3600","69.1700","64.4300","66.4000","67.1900","62.4500","253","4/1/2025 16:37","0","0","0.0000","0.0000","0.0000","102.0000","102.0000","102.0000","102.0000","102.0000","-0.6700","-0.6212","-0.5500","-0.5600","-0.6700","60.0800","60.0800","60.0800","60.0800","60.0800","0","18","77.4700","58.0000","0.6800","1.1300","84.1900","41.0000","1.0100","8","76.6800","60.0000","0.5200","0","98.0200","6.0000","-0.1400","0.0000","98.0200","6.0000","-0.1300","0","98.0200","6.0000","-0.1400","0.5000","81.4200","48.0000","0.7900","0.0000","98.0200","6.0000","-0.1300","0.0000","94.4700","15.0000","-0.2300","0","94.4700","15.0000","-0.1800","0.0000","94.4700","15.0000","-0.2200","0","94.4700","15.0000","-0.2200","0","0","0"
"AAD2023.06.02752","300","4989","156","University of Michigan","Sociology, Department of","Sociology - Articles-Focused","39","5.0000","157","26.0000","35","5.0000","4.4900","131.0000","2831","28.0000","33","5.0000","0.9400","142.0000","9","12.0000","24","4.0000","17504149.0000","8.0000","133","3.0000","34","2.0000","33","13.0000","18","5.0000","7","15","0","40","38","0.4600","0.4300","79.0000","69.1700","0.8500","0.1700","96.0000","62.4500","0.9000","0.5700","95.0000","62.8500","4.0300","-0.1200","116.0000","54.5500","0.8500","0.4100","110.0000","56.9200","72.5900","0.1900","78.0000","69.5700","18.0300","0.8200","33.0000","87.3500","0.2300","0.8100","55.0000","78.6600","0.6200","1.9500","14.0000","94.8600","448824.3300","1.7000","11.0000","96.0500","729339.5400","1.1200","22.0000","91.7000","3.4100","2.2700","9.0000","96.8400","0.8700","1.6600","13.0000","95.2600","0.1000","90.0000","64.8200","3.7600","2.6400","2.7600","2.1900","2.9200","-0.2600","0.1840","4.0700","1.9100","1.1100","2.4700","3.6100","1.0900","3.0400","99.6000","98.4200","98.4200","95.6500","98.4200","48.6200","44.2700","99.2100","95.2600","89.3300","97.2300","98.8100","90.1200","98.4200","253","4/1/2025 16:37","4","3","1.3300","0.1000","0.0800","6.0000","40.0000","11.0000","52.0000","52.0000","2.4300","0.6656","1.6600","0.4700","0.7600","98.0200","84.5900","96.0500","79.8400","79.8400","0","32","96.8400","9.0000","2.1200","0.8200","62.8500","95.0000","0.3000","15","96.8400","9.0000","2.1500","0","98.0200","6.0000","-0.1400","0.0000","98.0200","6.0000","-0.1300","0","98.0200","6.0000","-0.1400","0.3800","55.7300","113.0000","0.1600","0.0000","98.0200","6.0000","-0.1300","0.0000","94.4700","15.0000","-0.2300","0","94.4700","15.0000","-0.1800","0.0000","94.4700","15.0000","-0.2200","0","94.4700","15.0000","-0.2200","0","0","0"
"AAD2023.06.02752","301","5059","156","University of Minnesota, Twin Cities","Sociology, Department of","Sociology - Articles-Focused","28","15.0000","190","17.0000","25","15.0000","7.6000","44.0000","2714","30.0000","24","14.0000","0.9200","157.0000","4","45.0000","12","19.0000","40200633.0000","2.0000","58","21.0000","21","15.0000","30","21.0000","13","25.0000","7","15","0","40","38","0.4600","0.4400","78.0000","69.5700","1.0700","0.6200","61.0000","76.2800","0.8900","0.5400","96.0000","62.4500","6.7900","0.8400","48.0000","81.4200","0.8600","0.4700","103.0000","59.6800","96.9300","0.5700","52.0000","79.8400","14.2800","0.3400","60.0000","76.6800","0.1400","0.1600","93.0000","63.6400","0.4300","1.1200","33.0000","87.3500","1435736.8900","6.3600","1.0000","100.0000","3350052.7500","7.2600","1.0000","100.0000","2.0700","0.9900","37.0000","85.7700","0.7500","1.2000","29.0000","88.9300","0.3000","61.0000","76.2800","1.9100","1.5300","1.5700","0.5600","1.6300","0.8500","0.0007","1.3700","1.6400","1.0300","6.1200","1.5000","1.5300","1.6400","94.4700","90.5100","94.8600","82.6100","94.4700","83.0000","38.3400","92.0900","92.0900","88.5400","99.6000","92.8900","93.6800","94.4700","253","4/1/2025 16:37","2","2","1.0000","0.0700","0.0700","15.0000","46.0000","36.0000","76.0000","61.0000","1.4000","0.3463","0.5500","0.1600","0.6600","94.4700","82.2100","86.1700","70.3600","76.2800","0","24","89.7200","27.0000","1.3000","0.8600","67.1900","84.0000","0.3900","9","82.6100","45.0000","0.7600","0","98.0200","6.0000","-0.1400","0.0000","98.0200","6.0000","-0.1300","0","98.0200","6.0000","-0.1400","0.3200","40.7100","151.0000","-0.1900","0.0000","98.0200","6.0000","-0.1300","0.0000","94.4700","15.0000","-0.2300","0","94.4700","15.0000","-0.1800","0.0000","94.4700","15.0000","-0.2200","0","94.4700","15.0000","-0.2200","0","0","0"
"AAD2023.06.02752","316","5129","156","University of North Carolina at Chapel Hill","Sociology, Department of","Sociology - Articles-Focused","22","40.0000","256","8.0000","22","25.0000","11.6400","6.0000","7516","4.0000","22","25.0000","1.0000","1.0000","9","12.0000","19","8.0000","25622925.0000","6.0000","63","19.0000","16","30.0000","13","87.0000","9","52.0000","7","15","0","40","38","0.4100","0.1400","106.0000","58.5000","0.5900","-0.3500","150.0000","41.1100","1.0000","1.0800","1.0000","100.0000","11.6400","2.5300","6.0000","98.0200","1.0000","1.1500","1.0000","100.0000","341.6400","4.3300","3.0000","99.2100","29.3600","2.2600","8.0000","97.2300","0.4100","2.1500","7.0000","97.6300","0.8600","3.0500","4.0000","98.8100","1164678.4100","5.0800","4.0000","98.8100","1348575.0000","2.5700","7.0000","97.6300","2.8600","1.7500","17.0000","93.6800","0.7300","1.1200","40.0000","84.5900","1.1000","2.0000","99.6000","1.2000","0.6400","1.3100","2.1900","1.2400","2.3000","0.6422","1.5500","0.0600","4.1500","3.7800","2.7300","2.4200","0.8700","88.5400","79.8400","90.5100","95.6500","90.5100","98.0200","100.0000","92.8900","66.0100","98.8100","98.0200","97.2300","97.2300","84.5900","253","4/1/2025 16:37","4","2","2.0000","0.1800","0.0900","15.0000","16.0000","11.0000","23.0000","38.0000","1.4000","1.3138","1.6600","1.2700","1.0200","94.4700","94.0700","96.0500","91.3000","85.3800","0","21","85.7700","37.0000","0.9900","0.9500","73.9100","67.0000","0.6100","8","76.6800","60.0000","0.5200","0","98.0200","6.0000","-0.1400","0.0000","98.0200","6.0000","-0.1300","0","98.0200","6.0000","-0.1400","0.3600","49.8000","128.0000","0.0400","0.0000","98.0200","6.0000","-0.1300","0.0000","94.4700","15.0000","-0.2300","0","94.4700","15.0000","-0.1800","0.0000","94.4700","15.0000","-0.2200","0","94.4700","15.0000","-0.2200","0","0","0"
"AAD2023.06.02752","326","5177","156","University of Pennsylvania","Sociology, Department of","Sociology - Articles-Focused","24","29.0000","243","11.0000","22","25.0000","11.0500","9.0000","4399","14.0000","22","25.0000","1.0000","1.0000","11","7.0000","20","6.0000","20398869.0000","7.0000","70","16.0000","19","22.0000","23","37.0000","12","27.0000","7","15","0","40","38","0.5000","0.6400","59.0000","77.0800","0.9600","0.3900","82.0000","67.9800","0.9200","0.6600","76.0000","70.3600","10.1300","2.0100","8.0000","97.2300","0.9200","0.7500","71.0000","72.3300","183.2900","1.9000","13.0000","95.2600","18.1000","0.8200","32.0000","87.7500","0.4600","2.5200","4.0000","98.8100","0.8300","2.9100","6.0000","98.0200","849952.8800","3.5900","6.0000","98.0200","1019943.4500","1.8100","14.0000","94.8600","2.9200","1.8000","15.0000","94.4700","0.7900","1.3600","24.0000","90.9100","0.9000","6.0000","98.0200","1.6300","1.3100","1.3100","2.8400","1.2400","2.0900","0.6422","1.8100","0.9900","2.1300","2.9400","2.9000","2.2500","1.1300","91.7000","89.7200","90.5100","97.6300","90.5100","96.8400","100.0000","94.0700","85.7700","94.8600","97.6300","98.0200","96.0500","88.9300","253","4/1/2025 16:37","1","1","1.0000","0.0400","0.0400","43.0000","46.0000","65.0000","93.0000","86.0000","0.3700","0.3463","0.0000","-0.1400","0.1000","83.4000","82.2100","74.7000","63.6400","66.4000","0","25","91.7000","22.0000","1.4000","1.0400","79.0500","54.0000","0.8200","10","85.7700","37.0000","0.9900","0","98.0200","6.0000","-0.1400","0.0000","98.0200","6.0000","-0.1300","0","98.0200","6.0000","-0.1400","0.4200","63.2400","94.0000","0.3300","0.0000","98.0200","6.0000","-0.1300","0.0000","94.4700","15.0000","-0.2300","0","94.4700","15.0000","-0.1800","0.0000","94.4700","15.0000","-0.2200","0","94.4700","15.0000","-0.2200","0","0","0"
"AAD2023.06.02752","327","5227","156","University of Pittsburgh","Sociology, Department of","Sociology - Articles-Focused","12","153.0000","51","129.0000","11","124.0000","4.6400","125.0000","486","125.0000","11","123.0000","1.0000","1.0000","1","109.0000","1","114.0000","346628.0000","105.0000","27","55.0000","9","71.0000","21","47.0000","10","42.0000","7","15","0","40","38","0.8300","2.4500","4.0000","98.8100","1.7500","2.0000","9.0000","96.8400","0.9200","0.6600","76.0000","70.3600","4.2500","-0.0500","108.0000","57.7100","0.9200","0.7500","71.0000","72.3300","40.5000","-0.3000","120.0000","52.9600","9.5300","-0.2700","140.0000","45.0600","0.0800","-0.2900","126.0000","50.5900","0.0800","-0.4100","129.0000","49.4100","28885.6700","-0.2900","104.0000","59.2900","346628.0000","0.2300","57.0000","77.8700","2.2500","1.1600","29.0000","88.9300","0.7500","1.2000","29.0000","88.9300","0.1000","90.0000","64.8200","0.2100","0.8600","-0.1400","-0.4100","-0.1800","-0.2100","0.6422","0.2600","0.8000","-0.4100","-0.2800","-0.4400","-0.3300","-0.4100","72.3300","83.7900","51.7800","57.3100","51.3800","50.9900","100.0000","78.6600","81.8200","50.9900","58.8900","55.3400","49.4100","39.9200","253","4/1/2025 16:37","1","1","1.0000","0.0800","0.0800","43.0000","46.0000","65.0000","60.0000","41.0000","0.3700","0.3463","0.0000","0.2800","0.8800","83.4000","82.2100","74.7000","76.6800","84.1900","0","22","88.1400","31.0000","1.0900","1.8300","99.6000","2.0000","2.6600","9","82.6100","45.0000","0.7600","0","98.0200","6.0000","-0.1400","0.0000","98.0200","6.0000","-0.1300","0","98.0200","6.0000","-0.1400","0.7500","98.8100","4.0000","2.1500","0.0000","98.0200","6.0000","-0.1300","0.0000","94.4700","15.0000","-0.2300","0","94.4700","15.0000","-0.1800","0.0000","94.4700","15.0000","-0.2200","0","94.4700","15.0000","-0.2200","0","0","0"
"AAD2023.06.02752","335","5314","156","University of Southern California","Sociology, Department of","Sociology - Articles-Focused","21","48.0000","142","38.0000","20","34.0000","7.1000","55.0000","2161","37.0000","20","31.0000","1.0000","1.0000","4","45.0000","7","37.0000","2678993.0000","39.0000","54","24.0000","17","28.0000","17","61.0000","7","73.0000","7","15","0","40","38","0.3300","-0.2700","141.0000","44.6600","0.8100","0.0900","104.0000","59.2900","0.9500","0.8400","42.0000","83.7900","6.7600","0.8300","49.0000","81.0300","0.9500","0.9200","44.0000","83.0000","102.9000","0.6600","44.0000","83.0000","15.2200","0.4600","53.0000","79.4500","0.1900","0.5100","68.0000","73.5200","0.3300","0.7000","44.0000","83.0000","127571.1000","0.1800","41.0000","84.1900","382713.2900","0.3100","51.0000","80.2400","2.5700","1.4700","21.0000","92.0900","0.8100","1.4300","22.0000","91.7000","0.3000","61.0000","76.2800","1.3500","0.2000","1.0500","0.5600","0.9800","0.6700","0.6422","1.2300","0.4300","0.6800","0.0900","0.6200","0.8900","0.7400","89.3300","71.5400","88.1400","82.6100","86.9600","78.6600","100.0000","90.9100","76.2800","85.7700","84.9800","85.7700","85.3800","81.4200","253","4/1/2025 16:37","0","0","0.0000","0.0000","0.0000","102.0000","102.0000","102.0000","102.0000","102.0000","-0.6700","-0.6212","-0.5500","-0.5600","-0.6700","60.0800","60.0800","60.0800","60.0800","60.0800","0","21","85.7700","37.0000","0.9900","1.0000","78.6600","55.0000","0.7200","11","90.1200","26.0000","1.2200","0","98.0200","6.0000","-0.1400","0.0000","98.0200","6.0000","-0.1300","0","98.0200","6.0000","-0.1400","0.5200","81.8200","47.0000","0.9200","0.0000","98.0200","6.0000","-0.1300","0.0000","94.4700","15.0000","-0.2300","0","94.4700","15.0000","-0.1800","0.0000","94.4700","15.0000","-0.2200","0","94.4700","15.0000","-0.2200","0","0","0"
"AAD2023.06.02752","357","5359","156","Washington State University","Sociology, Department of","Sociology - Articles-Focused","16","96.0000","99","72.0000","16","69.0000","6.1900","77.0000","1128","82.0000","16","64.0000","1.0000","1.0000","1","109.0000","1","114.0000","175252.0000","125.0000","20","76.0000","8","81.0000","7","151.0000","3","165.0000","7","15","0","40","38","0.1900","-1.0600","222.0000","12.6500","0.4400","-0.6600","177.0000","30.4300","1.0000","1.0800","1.0000","100.0000","6.1900","0.6300","59.0000","77.0800","1.0000","1.1500","1.0000","100.0000","70.5000","0.1600","79.0000","69.1700","11.3900","-0.0300","103.0000","59.6800","0.0600","-0.4500","148.0000","41.9000","0.0600","-0.5000","150.0000","41.1100","10953.2500","-0.3700","131.0000","48.6200","175252.0000","-0.1700","100.0000","60.8700","1.2500","0.2100","82.0000","67.9800","0.5000","0.2600","99.0000","61.2600","0.6000","21.0000","92.0900","0.0700","-0.6900","0.5200","-0.4100","0.4600","0.3500","0.6422","0.0100","-0.5000","0.0100","-0.3100","-0.4400","0.3100","0.1000","68.3800","35.1800","75.1000","57.3100","73.1200","69.9600","100.0000","70.3600","40.7100","67.9800","50.9900","55.3400","71.9400","62.4500","253","4/1/2025 16:37","0","0","0.0000","0.0000","0.0000","102.0000","102.0000","102.0000","102.0000","102.0000","-0.6700","-0.6212","-0.5500","-0.5600","-0.6700","60.0800","60.0800","60.0800","60.0800","60.0800","0","6","39.9200","153.0000","-0.5500","0.3800","28.0600","183.0000","-0.7300","4","47.0400","135.0000","-0.4000","0","98.0200","6.0000","-0.1400","0.0000","98.0200","6.0000","-0.1300","0","98.0200","6.0000","-0.1400","0.2500","32.0200","173.0000","-0.5800","0.0000","98.0200","6.0000","-0.1300","0.0000","94.4700","15.0000","-0.2300","0","94.4700","15.0000","-0.1800","0.0000","94.4700","15.0000","-0.2200","0","94.4700","15.0000","-0.2200","0","0","0"
"AAD2023.06.02752","49","5500","156","Columbia University","Sociology, Department of","Sociology - Articles-Focused","28","15.0000","146","34.0000","23","21.0000","6.3500","73.0000","2911","26.0000","21","28.0000","0.8800","185.0000","5","35.0000","7","37.0000","2323567.0000","44.0000","124","4.0000","24","8.0000","29","23.0000","15","13.0000","7","15","0","40","38","0.5400","0.8300","54.0000","79.0500","1.0400","0.5500","64.0000","75.1000","0.8200","0.1900","146.0000","42.6900","5.2100","0.2900","92.0000","64.0300","0.7500","-0.0500","147.0000","42.2900","103.9600","0.6800","42.0000","83.7900","19.9400","1.0600","24.0000","90.9100","0.1800","0.4200","75.0000","70.7500","0.2500","0.3300","71.0000","72.3300","82984.5400","-0.0300","58.0000","77.4700","331938.1400","0.1900","60.0000","76.6800","4.4300","3.2500","6.0000","98.0200","0.8600","1.6100","15.0000","94.4700","0.2000","81.0000","68.3800","2.3400","1.9700","1.1800","0.8900","1.3700","0.4000","-0.3601","3.7500","1.5400","1.1600","0.0400","0.6200","0.9400","1.6400","97.2300","95.2600","89.3300","86.5600","92.0900","71.5400","27.2700","98.8100","91.3000","90.1200","83.0000","85.7700","86.9600","94.4700","253","4/1/2025 16:37","3","1","3.0000","0.1100","0.0400","43.0000","6.0000","21.0000","49.0000","94.0000","0.3700","2.2812","1.1000","0.5200","-0.0100","83.4000","98.0200","92.0900","81.0300","63.2400","0","26","92.4900","20.0000","1.5000","0.9300","71.9400","72.0000","0.5500","13","94.8600","14.0000","1.6800","0","98.0200","6.0000","-0.1400","0.0000","98.0200","6.0000","-0.1300","0","98.0200","6.0000","-0.1400","0.4600","73.1200","69.0000","0.5900","0.0000","98.0200","6.0000","-0.1300","0.0000","94.4700","15.0000","-0.2300","0","94.4700","15.0000","-0.1800","0.0000","94.4700","15.0000","-0.2200","0","94.4700","15.0000","-0.2200","0","0","0"
"AAD2023.06.02752","90","5596","156","Howard University","Sociology and Criminology, Department of","Sociology - Articles-Focused","14","116.0000","22","191.0000","9","151.0000","2.4400","220.0000","120","201.0000","10","137.0000","1.0000","1.0000","1","109.0000","1","114.0000","215262.0000","119.0000","3","180.0000","3","164.0000","6","161.0000","5","122.0000","7","15","0","40","38","0.3600","-0.1400","134.0000","47.4300","0.4300","-0.6800","179.0000","29.6400","0.6400","-0.7000","197.0000","22.5300","1.5700","-0.9800","214.0000","15.8100","0.7100","-0.2200","163.0000","35.9700","8.5700","-0.7900","218.0000","14.2300","5.4500","-0.7900","222.0000","12.6500","0.0700","-0.3800","137.0000","46.2500","0.0700","-0.4600","140.0000","45.0600","15375.8600","-0.3500","123.0000","51.7800","215262.0000","-0.0800","88.0000","65.6100","0.2100","-0.7800","207.0000","18.5800","0.2100","-0.8100","192.0000","24.5100","-0.8000","207.0000","18.5800","-0.6400","-0.2500","-0.2700","-0.4100","-0.4400","-1.0000","0.6422","-0.6000","-0.5900","-0.6500","-0.3000","-0.4400","-0.7200","-0.1500","35.5700","52.1700","46.2500","57.3100","40.7100","13.4400","100.0000","29.2500","36.7600","20.9500","53.3600","55.3400","24.9000","54.5500","253","4/1/2025 16:37","0","0","0.0000","0.0000","0.0000","102.0000","102.0000","102.0000","102.0000","102.0000","-0.6700","-0.6212","-0.5500","-0.5600","-0.6700","60.0800","60.0800","60.0800","60.0800","60.0800","0","6","39.9200","153.0000","-0.5500","0.4300","31.6200","174.0000","-0.6100","3","35.9700","163.0000","-0.6300","0","98.0200","6.0000","-0.1400","0.0000","98.0200","6.0000","-0.1300","0","98.0200","6.0000","-0.1400","0.2100","24.9000","191.0000","-0.7700","0.0000","98.0200","6.0000","-0.1300","0.0000","94.4700","15.0000","-0.2300","0","94.4700","15.0000","-0.1800","0.0000","94.4700","15.0000","-0.2200","0","94.4700","15.0000","-0.2200","0","0","0"
"AAD2023.06.02752","95","5599","156","Indiana University of Pennsylvania","Sociology, Department of","Sociology - Articles-Focused","10","182.0000","14","211.0000","5","207.0000","2.8000","211.0000","25","236.0000","4","212.0000","0.8000","218.0000","0","158.0000","0","158.0000","0.0000","158.0000","1","214.0000","1","208.0000","2","214.0000","2","199.0000","7","15","0","40","38","0.2000","-0.9900","214.0000","15.8100","0.2000","-1.1400","225.0000","11.4600","0.5000","-1.4100","223.0000","12.2500","1.4000","-1.0400","224.0000","11.8600","0.4000","-1.7400","232.0000","8.7000","2.5000","-0.8800","246.0000","3.1600","1.7900","-1.2500","249.0000","1.9800","0.0000","-0.9100","158.0000","37.9400","0.0000","-0.7800","158.0000","37.9400","0.0000","-0.4200","158.0000","37.9400","0.0000","-0.5800","158.0000","37.9400","0.1000","-0.8900","223.0000","12.2500","0.1000","-1.2400","223.0000","12.2500","-0.9000","220.0000","13.4400","-0.9200","-0.9100","-1.0600","-0.7400","-0.9600","-0.8700","-0.9614","-0.6800","-0.9600","-0.7100","-0.3400","-0.6100","-0.8300","-0.6600","18.1800","21.7400","16.6000","37.9400","18.5800","17.0000","14.2300","15.8100","15.8100","7.1100","37.9400","37.9400","17.0000","28.4600","253","4/1/2025 16:37","0","0","0.0000","0.0000","0.0000","102.0000","102.0000","102.0000","102.0000","102.0000","-0.6700","-0.6212","-0.5500","-0.5600","-0.6700","60.0800","60.0800","60.0800","60.0800","60.0800","0","0","5.5300","240.0000","-1.1600","0.0000","5.5300","240.0000","-1.6100","0","5.5300","240.0000","-1.3300","0","98.0200","6.0000","-0.1400","0.0000","98.0200","6.0000","-0.1300","0","98.0200","6.0000","-0.1400","0.0000","5.5300","240.0000","-1.9400","0.0000","98.0200","6.0000","-0.1300","0.0000","94.4700","15.0000","-0.2300","0","94.4700","15.0000","-0.1800","0.0000","94.4700","15.0000","-0.2200","0","94.4700","15.0000","-0.2200","0","0","0"
"AAD2023.06.02752","96","5655","156","Indiana University - Bloomington","Sociology, Department of","Sociology - Articles-Focused","26","24.0000","138","39.0000","25","15.0000","5.5200","108.0000","3585","18.0000","24","14.0000","0.9600","131.0000","7","19.0000","15","15.0000","10843838.0000","9.0000","81","13.0000","20","19.0000","19","53.0000","10","42.0000","7","15","0","40","38","0.3800","0.0100","117.0000","54.1500","0.7300","-0.0700","121.0000","52.5700","0.9600","0.8800","38.0000","85.3800","5.3100","0.3200","88.0000","65.6100","0.9200","0.7800","62.0000","75.8900","137.8800","1.2000","27.0000","89.7200","25.9800","1.8300","10.0000","96.4400","0.2700","1.1000","39.0000","84.9800","0.5800","1.7800","18.0000","93.2800","417070.6900","1.5500","13.0000","95.2600","722922.5300","1.1100","24.0000","90.9100","3.1200","1.9900","12.0000","95.6500","0.7700","1.2800","27.0000","89.7200","0.3000","61.0000","76.2800","1.7700","0.8600","1.5700","1.5400","1.6300","0.1100","0.3214","2.2000","0.6200","1.6000","1.4100","2.0300","0.8400","1.3800","92.8900","83.7900","94.8600","92.8900","94.4700","57.7100","48.6200","95.2600","79.4500","93.2800","96.8400","94.4700","84.9800","90.9100","253","4/1/2025 16:37","2","2","1.0000","0.0800","0.0800","15.0000","46.0000","36.0000","70.0000","52.0000","1.4000","0.3463","0.5500","0.2100","0.7600","94.4700","82.2100","86.1700","72.7300","79.8400","0","17","76.2800","61.0000","0.5800","0.6500","49.0100","130.0000","-0.0800","10","85.7700","37.0000","0.9900","0","98.0200","6.0000","-0.1400","0.0000","98.0200","6.0000","-0.1300","0","98.0200","6.0000","-0.1400","0.3800","55.7300","113.0000","0.1600","0.0000","98.0200","6.0000","-0.1300","0.0000","94.4700","15.0000","-0.2300","0","94.4700","15.0000","-0.1800","0.0000","94.4700","15.0000","-0.2200","0","94.4700","15.0000","-0.2200","0","0","0"
"AAD2023.06.02752","99","5725","156","Iowa State University","Sociology, Department of","Sociology - Articles-Focused","18","71.0000","195","16.0000","17","59.0000","11.4700","8.0000","3268","21.0000","17","56.0000","1.0000","1.0000","3","62.0000","6","49.0000","1575478.0000","52.0000","12","105.0000","7","100.0000","25","31.0000","5","122.0000","7","15","0","40","38","0.2800","-0.5700","179.0000","29.6400","1.3900","1.2700","32.0000","87.7500","0.9400","0.8000","52.0000","79.8400","10.8300","2.2500","7.0000","97.6300","0.9400","0.8900","50.0000","80.6300","181.5600","1.8700","14.0000","94.8600","16.7600","0.6500","37.0000","85.7700","0.1700","0.3300","79.0000","69.1700","0.3300","0.7000","44.0000","83.0000","87526.5600","-0.0100","56.0000","78.2600","262579.6700","0.0300","73.0000","71.5400","0.6700","-0.3500","128.0000","49.8000","0.3900","-0.1600","135.0000","47.0400","0.7000","13.0000","95.2600","-0.0700","-0.2500","0.6500","0.2400","0.5900","2.2400","0.6422","-0.2800","1.1700","1.3900","-0.0800","0.4400","1.6000","0.3600","60.8700","52.1700","78.2600","75.8900","77.0800","97.2300","100.0000","58.8900","88.1400","92.0900","79.8400","81.0300","94.0700","72.3300","253","4/1/2025 16:37","2","2","1.0000","0.1100","0.1100","15.0000","46.0000","36.0000","46.0000","24.0000","1.4000","0.3463","0.5500","0.5600","1.3900","94.4700","82.2100","86.1700","82.2100","90.9100","0","15","71.1500","74.0000","0.3700","0.8300","65.2200","89.0000","0.3300","7","71.5400","73.0000","0.2900","0","98.0200","6.0000","-0.1400","0.0000","98.0200","6.0000","-0.1300","0","98.0200","6.0000","-0.1400","0.3900","56.5200","111.0000","0.1800","0.0000","98.0200","6.0000","-0.1300","0.0000","94.4700","15.0000","-0.2300","0","94.4700","15.0000","-0.1800","0.0000","94.4700","15.0000","-0.2200","0","94.4700","15.0000","-0.2200","0","0","0"
"AAD2023.06.02752","20","5749","156","Baylor University","Sociology, Department of","Sociology - Articles-Focused","13","133.0000","156","27.0000","11","124.0000","14.1800","4.0000","1359","69.0000","12","104.0000","1.0000","1.0000","0","158.0000","0","158.0000","0.0000","158.0000","11","113.0000","7","100.0000","8","142.0000","4","150.0000","7","15","0","40","38","0.3100","-0.4100","167.0000","34.3900","0.6200","-0.3000","144.0000","43.4800","0.8500","0.3100","130.0000","49.0100","12.0000","2.6600","4.0000","98.8100","0.9200","0.7800","62.0000","75.8900","104.5400","0.6800","41.0000","84.1900","8.7100","-0.3700","154.0000","39.5300","0.0000","-0.9100","158.0000","37.9400","0.0000","-0.7800","158.0000","37.9400","0.0000","-0.4200","158.0000","37.9400","0.0000","-0.5800","158.0000","37.9400","0.8500","-0.1800","109.0000","57.3100","0.5400","0.4100","92.0000","64.0300","0.6000","21.0000","92.0900","-0.0700","-0.4700","-0.0100","-0.7400","-0.1800","3.2100","0.6422","-0.3200","-0.4000","0.1600","-0.3400","-0.6100","1.0800","-0.2800","60.8700","41.1100","59.2900","37.9400","51.3800","98.8100","100.0000","55.7300","44.2700","73.1200","37.9400","37.9400","89.7200","47.8300","253","4/1/2025 16:37","0","0","0.0000","0.0000","0.0000","102.0000","102.0000","102.0000","102.0000","102.0000","-0.6700","-0.6212","-0.5500","-0.5600","-0.6700","60.0800","60.0800","60.0800","60.0800","60.0800","0","3","24.5100","192.0000","-0.8500","0.2300","17.0000","211.0000","-1.0700","2","26.0900","188.0000","-0.8600","0","98.0200","6.0000","-0.1400","0.0000","98.0200","6.0000","-0.1300","0","98.0200","6.0000","-0.1400","0.1500","15.0200","216.0000","-1.1000","0.0000","98.0200","6.0000","-0.1300","0.0000","94.4700","15.0000","-0.2300","0","94.4700","15.0000","-0.1800","0.0000","94.4700","15.0000","-0.2200","0","94.4700","15.0000","-0.2200","0","0","0"
"AAD2023.06.02752","35","5821","156","Case Western Reserve University","Sociology, Department of","Sociology - Articles-Focused","9","194.0000","64","114.0000","8","167.0000","8.0000","35.0000","403","141.0000","8","159.0000","1.0000","1.0000","2","78.0000","2","86.0000","140120.0000","130.0000","20","76.0000","8","81.0000","12","95.0000","6","90.0000","7","15","0","40","38","0.6700","1.5400","15.0000","94.4700","1.3300","1.1500","39.0000","84.9800","0.8900","0.5200","98.0000","61.6600","7.1100","0.9500","43.0000","83.4000","0.8900","0.6200","85.0000","66.8000","44.7800","-0.2300","111.0000","56.5200","6.3000","-0.6800","203.0000","20.1600","0.2200","0.7500","58.0000","77.4700","0.2200","0.2000","80.0000","68.7700","15568.8900","-0.3500","122.0000","52.1700","70060.0000","-0.4200","139.0000","45.4500","2.2200","1.1400","30.0000","88.5400","0.8900","1.7300","10.0000","96.4400","0.1000","90.0000","64.8200","0.0700","-0.0200","-0.5400","-0.0900","-0.5700","1.0000","0.6422","0.0100","-0.0300","-0.4600","-0.3100","-0.2600","-0.1600","-0.7900","68.3800","64.8200","37.5500","69.5700","34.3900","86.5600","100.0000","70.3600","62.8500","44.6600","49.0100","66.4000","55.3400","23.7200","253","4/1/2025 16:37","0","0","0.0000","0.0000","0.0000","102.0000","102.0000","102.0000","102.0000","102.0000","-0.6700","-0.6212","-0.5500","-0.5600","-0.6700","60.0800","60.0800","60.0800","60.0800","60.0800","0","16","73.5200","68.0000","0.4800","1.7800","99.2100","3.0000","2.5300","4","47.0400","135.0000","-0.4000","0","98.0200","6.0000","-0.1400","0.0000","98.0200","6.0000","-0.1300","0","98.0200","6.0000","-0.1400","0.4400","68.3800","81.0000","0.4800","0.0000","98.0200","6.0000","-0.1300","0.0000","94.4700","15.0000","-0.2300","0","94.4700","15.0000","-0.1800","0.0000","94.4700","15.0000","-0.2200","0","94.4700","15.0000","-0.2200","0","0","0"
"AAD2023.06.02752","45","5876","156","Cleveland State University","Criminology and Sociology, Department of","Sociology - Articles-Focused","11","168.0000","39","151.0000","7","175.0000","5.5700","103.0000","332","154.0000","8","159.0000","1.0000","1.0000","0","158.0000","0","158.0000","0.0000","158.0000","1","214.0000","1","208.0000","7","151.0000","4","150.0000","7","15","0","40","38","0.3600","-0.1000","132.0000","48.2200","0.6400","-0.2600","139.0000","45.4500","0.6400","-0.7300","200.0000","21.3400","3.5500","-0.2900","132.0000","48.2200","0.7300","-0.1600","157.0000","38.3400","30.1800","-0.4600","145.0000","43.0800","8.5100","-0.4000","159.0000","37.5500","0.0000","-0.9100","158.0000","37.9400","0.0000","-0.7800","158.0000","37.9400","0.0000","-0.4200","158.0000","37.9400","0.0000","-0.5800","158.0000","37.9400","0.0900","-0.9000","225.0000","11.4600","0.0900","-1.2800","225.0000","11.4600","-0.4000","156.0000","38.7400","-0.9200","-0.4700","-0.5400","-0.7400","-0.7000","0.1300","0.6422","-0.6800","-0.5000","-0.5100","-0.3400","-0.6100","-0.4900","-0.5300","18.1800","41.1100","37.5500","37.9400","31.2300","59.6800","100.0000","15.8100","40.7100","39.5300","37.9400","37.9400","40.7100","33.9900","253","4/1/2025 16:37","0","0","0.0000","0.0000","0.0000","102.0000","102.0000","102.0000","102.0000","102.0000","-0.6700","-0.6212","-0.5500","-0.5600","-0.6700","60.0800","60.0800","60.0800","60.0800","60.0800","0","13","64.8200","90.0000","0.1700","1.1800","86.1700","36.0000","1.1400","6","63.2400","94.0000","0.0600","1","100.0000","1.0000","7.0300","0.0900","100.0000","1.0000","10.4300","1","100.0000","1.0000","7.0300","0.5500","85.3800","38.0000","1.0400","0.0900","100.0000","1.0000","10.4300","0.0000","94.4700","15.0000","-0.2300","0","94.4700","15.0000","-0.1800","0.0000","94.4700","15.0000","-0.2200","0","94.4700","15.0000","-0.2200","0","0","0"
"AAD2023.06.02752","66","5991","156","Emory University","Sociology, Department of","Sociology - Articles-Focused","16","96.0000","135","42.0000","16","69.0000","8.4400","30.0000","1601","60.0000","16","64.0000","1.0000","1.0000","6","27.0000","8","31.0000","2668263.0000","40.0000","21","75.0000","11","57.0000","13","87.0000","8","59.0000","7","15","0","40","38","0.5000","0.6400","59.0000","77.0800","0.8100","0.1000","103.0000","59.6800","1.0000","1.0800","1.0000","100.0000","8.4400","1.4200","24.0000","90.9100","1.0000","1.1500","1.0000","100.0000","100.0600","0.6200","47.0000","81.8200","11.8600","0.0300","97.0000","62.0600","0.3800","1.8900","13.0000","95.2600","0.5000","1.4400","25.0000","90.5100","166766.4400","0.3700","36.0000","86.1700","333532.8800","0.2000","59.0000","77.0800","1.3100","0.2700","77.0000","69.9600","0.6900","0.9700","52.0000","79.8400","0.4000","49.0000","81.0300","0.5000","0.4200","0.5200","1.2100","0.4600","1.1500","0.6422","0.0400","0.0600","0.3100","0.0900","0.7900","0.8000","0.1000","77.8700","77.0800","75.1000","89.7200","73.1200","88.5400","100.0000","70.7500","66.0100","76.6800","84.5900","88.1400","83.7900","62.4500","253","4/1/2025 16:37","2","3","0.6700","0.1300","0.1900","6.0000","98.0000","36.0000","40.0000","6.0000","2.4300","0.0270","0.5500","0.7000","2.8200","98.0200","61.6600","86.1700","84.5900","98.0200","0","14","68.7700","80.0000","0.2700","0.8800","67.9800","82.0000","0.4300","9","82.6100","45.0000","0.7600","0","98.0200","6.0000","-0.1400","0.0000","98.0200","6.0000","-0.1300","0","98.0200","6.0000","-0.1400","0.5600","87.3500","33.0000","1.1300","0.0000","98.0200","6.0000","-0.1300","0.0600","98.8100","4.0000","4.5300","2","99.6000","2.0000","4.2900","0.1300","99.6000","2.0000","7.3400","1","99.6000","2.0000","3.2500","0","0","0"
"AAD2023.06.02752","102","6257","156","Johns Hopkins University","Sociology, Department of","Sociology - Articles-Focused","22","40.0000","120","52.0000","21","30.0000","5.7100","92.0000","1851","48.0000","19","39.0000","0.8600","196.0000","2","78.0000","2","86.0000","401514.0000","104.0000","63","19.0000","18","26.0000","25","31.0000","16","9.0000","7","15","0","40","38","0.7300","1.8700","12.0000","95.6500","1.1400","0.7500","53.0000","79.4500","0.9500","0.8500","41.0000","84.1900","5.4500","0.3700","84.0000","67.1900","0.8600","0.5000","101.0000","60.4700","84.1400","0.3700","62.0000","75.8900","15.4300","0.4800","51.0000","80.2400","0.0900","-0.2300","122.0000","52.1700","0.0900","-0.3800","125.0000","50.9900","18250.6400","-0.3400","115.0000","54.9400","200757.0000","-0.1100","94.0000","63.2400","2.8600","1.7500","17.0000","93.6800","0.8200","1.4600","20.0000","92.4900","0.4000","49.0000","81.0300","1.4900","2.1900","0.9100","-0.0900","1.1100","0.1800","-0.4512","1.5500","1.1700","0.4700","-0.2700","-0.2600","0.5900","0.8700","90.1200","96.8400","84.9800","69.5700","88.5400","64.0300","22.9200","92.8900","88.1400","81.4200","59.2900","66.4000","79.8400","84.5900","253","4/1/2025 16:37","0","0","0.0000","0.0000","0.0000","102.0000","102.0000","102.0000","102.0000","102.0000","-0.6700","-0.6212","-0.5500","-0.5600","-0.6700","60.0800","60.0800","60.0800","60.0800","60.0800","0","27","93.6800","17.0000","1.6000","1.2300","88.1400","31.0000","1.2500","14","96.4400","10.0000","1.9100","0","98.0200","6.0000","-0.1400","0.0000","98.0200","6.0000","-0.1300","0","98.0200","6.0000","-0.1400","0.6400","94.4700","15.0000","1.5300","0.0000","98.0200","6.0000","-0.1300","0.0000","94.4700","15.0000","-0.2300","0","94.4700","15.0000","-0.1800","0.0000","94.4700","15.0000","-0.2200","0","94.4700","15.0000","-0.2200","0","0","0"
"AAD2023.06.02752","132","6370","156","Michigan State University","Sociology, Department of","Sociology - Articles-Focused","21","48.0000","123","50.0000","20","34.0000","6.1500","80.0000","1653","56.0000","20","31.0000","1.0000","1.0000","7","19.0000","7","37.0000","1449972.0000","57.0000","22","73.0000","14","39.0000","9","131.0000","5","122.0000","7","15","0","40","38","0.2400","-0.7900","201.0000","20.9500","0.4300","-0.6800","179.0000","29.6400","0.9500","0.8400","42.0000","83.7900","5.8600","0.5200","68.0000","73.5200","0.9500","0.9200","44.0000","83.0000","78.7100","0.2900","73.0000","71.5400","13.4400","0.2300","71.0000","72.3300","0.3300","1.5800","20.0000","92.4900","0.3300","0.7000","44.0000","83.0000","69046.2900","-0.1000","70.0000","72.7300","207138.8600","-0.1000","91.0000","64.4300","1.0500","0.0100","94.0000","63.2400","0.6700","0.8900","54.0000","79.0500","0.5000","32.0000","87.7500","0.9200","-0.2500","1.0500","1.5400","0.9800","0.3300","0.6422","0.0800","-0.3100","0.3500","-0.1000","0.6200","0.6300","0.7400","84.9800","52.1700","88.1400","92.8900","86.9600","68.7700","100.0000","71.5400","48.6200","78.2600","77.8700","85.7700","80.6300","81.4200","253","4/1/2025 16:37","0","0","0.0000","0.0000","0.0000","102.0000","102.0000","102.0000","102.0000","102.0000","-0.6700","-0.6212","-0.5500","-0.5600","-0.6700","60.0800","60.0800","60.0800","60.0800","60.0800","0","17","76.2800","61.0000","0.5800","0.8100","62.0600","97.0000","0.2800","9","82.6100","45.0000","0.7600","0","98.0200","6.0000","-0.1400","0.0000","98.0200","6.0000","-0.1300","0","98.0200","6.0000","-0.1400","0.4300","66.4000","86.0000","0.4000","0.0000","98.0200","6.0000","-0.1300","0.0000","94.4700","15.0000","-0.2300","0","94.4700","15.0000","-0.1800","0.0000","94.4700","15.0000","-0.2200","0","94.4700","15.0000","-0.2200","0","0","0"
"AAD2023.06.02752","150","6485","156","Northeastern University","Sociology and Anthropology, Department of","Sociology - Articles-Focused","29","13.0000","152","31.0000","23","21.0000","6.6100","64.0000","1928","44.0000","23","17.0000","0.8800","180.0000","7","19.0000","12","19.0000","4747512.0000","32.0000","39","36.0000","19","22.0000","24","34.0000","16","9.0000","7","15","0","40","38","0.5500","0.9200","44.0000","83.0000","0.8300","0.1300","100.0000","60.8700","0.7900","0.0500","152.0000","40.3200","5.2400","0.3000","91.0000","64.4300","0.7900","0.1600","131.0000","48.6200","66.4800","0.1000","85.0000","66.8000","12.6800","0.1300","83.0000","67.5900","0.2400","0.8900","51.0000","80.2400","0.4100","1.0500","34.0000","86.9600","163707.3100","0.3500","38.0000","85.3800","395626.0000","0.3400","50.0000","80.6300","1.3400","0.3000","74.0000","71.1500","0.6600","0.8500","60.0000","76.6800","-0.1000","114.0000","55.3400","1.6300","2.1900","1.4400","1.5400","1.3700","0.5000","-0.2830","0.6900","1.0800","0.5200","0.4300","1.5000","1.0200","1.7600","91.7000","96.8400","93.6800","92.8900","92.0900","75.1000","29.2500","86.1700","86.9600","83.0000","87.7500","92.8900","88.1400","95.2600","253","4/1/2025 16:37","12","4","3.0000","0.4100","0.1400","2.0000","6.0000","2.0000","3.0000","18.0000","3.4700","2.2812","6.0800","3.6100","1.8900","99.6000","98.0200","99.6000","99.2100","93.2800","0","31","96.0500","11.0000","2.0100","1.0700","79.4500","53.0000","0.8800","10","85.7700","37.0000","0.9900","0","98.0200","6.0000","-0.1400","0.0000","98.0200","6.0000","-0.1300","0","98.0200","6.0000","-0.1400","0.3400","45.4500","139.0000","-0.0600","0.0000","98.0200","6.0000","-0.1300","0.0000","94.4700","15.0000","-0.2300","0","94.4700","15.0000","-0.1800","0.0000","94.4700","15.0000","-0.2200","0","94.4700","15.0000","-0.2200","0","0","0"
"AAD2023.06.02752","159","6564","156","Old Dominion University","Sociology and Criminal Justice, Department of","Sociology - Articles-Focused","24","29.0000","102","69.0000","23","21.0000","4.4300","134.0000","668","112.0000","23","17.0000","1.0000","1.0000","2","78.0000","4","63.0000","4326311.0000","33.0000","6","153.0000","4","142.0000","18","58.0000","8","59.0000","7","15","0","40","38","0.3300","-0.2700","141.0000","44.6600","0.7500","-0.0300","113.0000","55.7300","0.9600","0.8700","39.0000","84.9800","4.2500","-0.0500","108.0000","57.7100","0.9600","0.9500","43.0000","83.4000","27.8300","-0.4900","149.0000","41.5000","6.5500","-0.6500","197.0000","22.5300","0.0800","-0.2900","126.0000","50.5900","0.1700","-0.0400","93.0000","63.6400","180262.9600","0.4300","35.0000","86.5600","1081577.7500","1.9500","12.0000","95.6500","0.2500","-0.7500","194.0000","23.7200","0.1700","-0.9900","200.0000","21.3400","0.0000","104.0000","59.2900","-0.5000","0.4200","1.4400","-0.0900","1.3700","-0.2800","0.6422","-0.5000","0.5200","-0.2900","0.3600","0.0900","0.3500","1.1300","44.2700","77.0800","93.6800","69.5700","92.0900","47.4300","100.0000","39.9200","77.4700","56.1300","87.3500","75.4900","73.1200","88.9300","253","4/1/2025 16:37","2","1","2.0000","0.0800","0.0400","43.0000","16.0000","36.0000","60.0000","86.0000","0.3700","1.3138","0.5500","0.2800","0.1000","83.4000","94.0700","86.1700","76.6800","66.4000","0","12","63.2400","94.0000","0.0700","0.5000","39.1300","155.0000","-0.4400","7","71.5400","73.0000","0.2900","0","98.0200","6.0000","-0.1400","0.0000","98.0200","6.0000","-0.1300","0","98.0200","6.0000","-0.1400","0.2900","36.3600","162.0000","-0.3500","0.0000","98.0200","6.0000","-0.1300","0.0000","94.4700","15.0000","-0.2300","0","94.4700","15.0000","-0.1800","0.0000","94.4700","15.0000","-0.2200","0","94.4700","15.0000","-0.2200","0","0","0"
"AAD2023.06.02752","177","6695","156","Rutgers - New Brunswick","Sociology, Department of","Sociology - Articles-Focused","24","29.0000","99","72.0000","20","34.0000","4.9500","116.0000","1329","71.0000","20","31.0000","0.9500","135.0000","2","78.0000","2","86.0000","342605.0000","106.0000","23","70.0000","12","48.0000","14","76.0000","6","90.0000","7","15","0","40","38","0.2500","-0.7200","186.0000","26.8800","0.5800","-0.3700","151.0000","40.7100","0.8300","0.2500","135.0000","47.0400","4.1300","-0.0900","112.0000","56.1300","0.8300","0.3500","112.0000","56.1300","55.3800","-0.0700","95.0000","62.8500","13.4200","0.2300","72.0000","71.9400","0.0800","-0.2900","126.0000","50.5900","0.0800","-0.4100","129.0000","49.4100","14275.2100","-0.3500","124.0000","51.3800","171302.5000","-0.1800","102.0000","60.0800","0.9600","-0.0700","101.0000","60.4700","0.5000","0.2600","99.0000","61.2600","0.0000","104.0000","59.2900","0.6400","-0.0200","1.0500","-0.0900","0.9800","-0.1000","0.2603","0.1200","0.1500","0.1400","-0.2800","-0.2600","0.3100","1.1300","81.4200","64.8200","88.1400","69.5700","86.9600","54.5500","47.0400","72.7300","70.3600","72.3300","58.5000","66.4000","71.9400","88.9300","253","4/1/2025 16:37","2","2","1.0000","0.0800","0.0800","15.0000","46.0000","36.0000","60.0000","41.0000","1.4000","0.3463","0.5500","0.2800","0.8800","94.4700","82.2100","86.1700","76.6800","84.1900","0","16","73.5200","68.0000","0.4800","0.6700","52.5700","121.0000","-0.0500","11","90.1200","26.0000","1.2200","0","98.0200","6.0000","-0.1400","0.0000","98.0200","6.0000","-0.1300","0","98.0200","6.0000","-0.1400","0.4600","71.1500","74.0000","0.5600","0.0000","98.0200","6.0000","-0.1300","0.0000","94.4700","15.0000","-0.2300","0","94.4700","15.0000","-0.1800","0.0000","94.4700","15.0000","-0.2200","0","94.4700","15.0000","-0.2200","0","0","0"
"AAD2023.06.02752","205","6818","156","Stony Brook University, State University of New York","Sociology, Department of","Sociology - Articles-Focused","17","86.0000","75","96.0000","14","88.0000","5.3600","111.0000","637","114.0000","13","94.0000","0.9300","150.0000","2","78.0000","4","63.0000","452226.0000","98.0000","30","49.0000","14","39.0000","12","95.0000","7","73.0000","7","15","0","40","38","0.4100","0.1600","105.0000","58.8900","0.7100","-0.1200","128.0000","49.8000","0.8200","0.2000","143.0000","43.8700","4.4100","0.0100","106.0000","58.5000","0.7600","0.0200","145.0000","43.0800","37.4700","-0.3500","127.0000","50.2000","8.4900","-0.4000","160.0000","37.1500","0.1200","-0.0300","106.0000","58.5000","0.2400","0.2600","77.0000","69.9600","26601.5300","-0.3000","106.0000","58.5000","113056.5000","-0.3200","125.0000","50.9900","1.7600","0.7000","48.0000","81.4200","0.8200","1.4800","19.0000","92.8900","-0.1000","114.0000","55.3400","0.9200","0.2000","0.1200","-0.0900","0.2000","0.0500","0.0694","0.3700","-0.0300","-0.3100","-0.2600","0.0900","-0.0100","0.2300","84.9800","71.5400","63.2400","69.5700","65.6100","56.5200","41.1100","81.0300","62.8500","55.3400","61.6600","75.4900","62.4500","66.4000","253","4/1/2025 16:37","0","0","0.0000","0.0000","0.0000","102.0000","102.0000","102.0000","102.0000","102.0000","-0.6700","-0.6212","-0.5500","-0.5600","-0.6700","60.0800","60.0800","60.0800","60.0800","60.0800","0","14","68.7700","80.0000","0.2700","0.8200","63.6400","93.0000","0.3100","7","71.5400","73.0000","0.2900","0","98.0200","6.0000","-0.1400","0.0000","98.0200","6.0000","-0.1300","0","98.0200","6.0000","-0.1400","0.4100","61.6600","98.0000","0.3100","0.0000","98.0200","6.0000","-0.1300","0.0000","94.4700","15.0000","-0.2300","0","94.4700","15.0000","-0.1800","0.0000","94.4700","15.0000","-0.2200","0","94.4700","15.0000","-0.2200","0","0","0"
"AAD2023.06.02752","212","6895","156","Temple University","Sociology, Department of","Sociology - Articles-Focused","15","103.0000","60","120.0000","13","101.0000","4.6200","126.0000","853","97.0000","12","104.0000","0.9200","152.0000","2","78.0000","2","86.0000","305011.0000","108.0000","15","91.0000","10","64.0000","15","70.0000","8","59.0000","7","15","0","40","38","0.5300","0.8200","56.0000","78.2600","1.0000","0.4800","65.0000","74.7000","0.8700","0.4100","116.0000","54.5500","4.0000","-0.1300","117.0000","54.1500","0.8000","0.1900","127.0000","50.2000","56.8700","-0.0500","93.0000","63.6400","14.2200","0.3300","61.0000","76.2800","0.1300","0.0800","99.0000","61.2600","0.1300","-0.1900","107.0000","58.1000","20334.0700","-0.3300","110.0000","56.9200","152505.5000","-0.2300","108.0000","57.7100","1.0000","-0.0300","95.0000","62.8500","0.6700","0.8900","54.0000","79.0500","-0.1000","114.0000","55.3400","0.3500","0.4200","-0.0100","-0.0900","0.0700","-0.2100","0.0254","-0.1700","0.2500","-0.1700","-0.2900","-0.2600","-0.2100","-0.0200","75.1000","77.0800","59.2900","69.5700","60.4700","50.5900","40.3200","64.4300","72.7300","62.0600","57.7100","66.4000","52.9600","59.6800","253","4/1/2025 16:37","0","0","0.0000","0.0000","0.0000","102.0000","102.0000","102.0000","102.0000","102.0000","-0.6700","-0.6212","-0.5500","-0.5600","-0.6700","60.0800","60.0800","60.0800","60.0800","60.0800","0","3","24.5100","192.0000","-0.8500","0.2000","14.2300","218.0000","-1.1400","3","35.9700","163.0000","-0.6300","0","98.0200","6.0000","-0.1400","0.0000","98.0200","6.0000","-0.1300","0","98.0200","6.0000","-0.1400","0.2000","22.5300","197.0000","-0.8500","0.0000","98.0200","6.0000","-0.1300","0.0000","94.4700","15.0000","-0.2300","0","94.4700","15.0000","-0.1800","0.0000","94.4700","15.0000","-0.2200","0","94.4700","15.0000","-0.2200","0","0","0"
"AAD2023.06.02752","221","6952","156","Texas State University","Sociology, Department of","Sociology - Articles-Focused","18","71.0000","74","97.0000","13","101.0000","5.6900","94.0000","771","104.0000","12","104.0000","0.9200","152.0000","0","158.0000","0","158.0000","0.0000","158.0000","12","105.0000","7","100.0000","11","106.0000","6","90.0000","7","15","0","40","38","0.3300","-0.2700","141.0000","44.6600","0.6100","-0.3100","145.0000","43.0800","0.7200","-0.3000","170.0000","33.2000","4.1100","-0.0900","115.0000","54.9400","0.6700","-0.4500","174.0000","31.6200","42.8300","-0.2600","113.0000","55.7300","10.4200","-0.1500","124.0000","51.3800","0.0000","-0.9100","158.0000","37.9400","0.0000","-0.7800","158.0000","37.9400","0.0000","-0.4200","158.0000","37.9400","0.0000","-0.5800","158.0000","37.9400","0.6700","-0.3500","128.0000","49.8000","0.3900","-0.1600","135.0000","47.0400","-0.1000","114.0000","55.3400","-0.0700","-0.0200","-0.0100","-0.7400","0.0700","0.1700","0.0254","-0.2800","-0.1300","-0.2300","-0.3400","-0.6100","-0.0200","0.3600","60.8700","64.8200","59.2900","37.9400","60.4700","63.2400","40.3200","58.8900","58.5000","59.2900","37.9400","37.9400","62.0600","72.3300","253","4/1/2025 16:37","0","0","0.0000","0.0000","0.0000","102.0000","102.0000","102.0000","102.0000","102.0000","-0.6700","-0.6212","-0.5500","-0.5600","-0.6700","60.0800","60.0800","60.0800","60.0800","60.0800","0","12","63.2400","94.0000","0.0700","0.6700","52.5700","121.0000","-0.0500","7","71.5400","73.0000","0.2900","0","98.0200","6.0000","-0.1400","0.0000","98.0200","6.0000","-0.1300","0","98.0200","6.0000","-0.1400","0.3900","56.5200","111.0000","0.1800","0.0000","98.0200","6.0000","-0.1300","0.0000","94.4700","15.0000","-0.2300","0","94.4700","15.0000","-0.1800","0.0000","94.4700","15.0000","-0.2200","0","94.4700","15.0000","-0.2200","0","0","0"
"AAD2023.06.02752","229","7016","156","University of Texas at Austin, The","Sociology, Department of","Sociology - Articles-Focused","40","3.0000","291","6.0000","37","4.0000","7.8600","41.0000","5562","7.0000","36","4.0000","0.9700","129.0000","11","7.0000","28","3.0000","34510518.0000","3.0000","103","8.0000","35","1.0000","39","9.0000","17","8.0000","7","15","0","40","38","0.4300","0.2300","98.0000","61.6600","0.9800","0.4300","80.0000","68.7700","0.9300","0.7000","68.0000","73.5200","7.2800","1.0100","41.0000","84.1900","0.9000","0.6700","79.0000","69.1700","139.0500","1.2200","25.0000","90.5100","19.1100","0.9500","28.0000","89.3300","0.2800","1.1500","37.0000","85.7700","0.7000","2.3200","9.0000","96.8400","862762.9500","3.6500","5.0000","98.4200","1232518.5000","2.3000","8.0000","97.2300","2.5800","1.4800","20.0000","92.4900","0.8800","1.6700","12.0000","95.6500","0.5000","32.0000","87.7500","3.9000","2.4100","3.1600","2.8400","3.1800","0.9500","0.4255","2.9900","2.4700","2.8800","5.2100","4.3100","2.8900","3.1700","100.0000","97.2300","98.8100","97.6300","98.8100","84.1900","49.4100","97.2300","96.8400","97.6300","99.2100","99.2100","98.0200","99.2100","253","4/1/2025 16:37","2","2","1.0000","0.0500","0.0500","15.0000","46.0000","36.0000","88.0000","79.0000","1.4000","0.3463","0.5500","-0.0600","0.2600","94.4700","82.2100","86.1700","65.6100","69.1700","0","28","94.4700","15.0000","1.7100","0.7000","54.1500","117.0000","0.0200","14","96.4400","10.0000","1.9100","0","98.0200","6.0000","-0.1400","0.0000","98.0200","6.0000","-0.1300","0","98.0200","6.0000","-0.1400","0.3500","47.4300","134.0000","-0.0300","0.0000","98.0200","6.0000","-0.1300","0.0000","94.4700","15.0000","-0.2300","0","94.4700","15.0000","-0.1800","0.0000","94.4700","15.0000","-0.2200","0","94.4700","15.0000","-0.2200","0","0","0"
"AAD2023.06.02752","238","7103","156","Tulane University","Sociology, Department of","Sociology - Articles-Focused","17","86.0000","58","122.0000","14","88.0000","4.1400","145.0000","328","155.0000","14","84.0000","0.9300","147.0000","0","158.0000","0","158.0000","0.0000","158.0000","15","91.0000","8","81.0000","28","28.0000","10","42.0000","7","15","0","40","38","0.5900","1.1200","36.0000","86.1700","1.6500","1.7900","16.0000","94.0700","0.8200","0.2000","143.0000","43.8700","3.4100","-0.3400","138.0000","45.8500","0.8200","0.3000","118.0000","53.7500","19.2900","-0.6300","181.0000","28.8500","5.6600","-0.7600","217.0000","14.6200","0.0000","-0.9100","158.0000","37.9400","0.0000","-0.7800","158.0000","37.9400","0.0000","-0.4200","158.0000","37.9400","0.0000","-0.5800","158.0000","37.9400","0.8800","-0.1400","105.0000","58.8900","0.4700","0.1500","111.0000","56.5200","-0.3000","140.0000","45.0600","0.0700","0.8600","0.2600","-0.7400","0.2000","-0.3900","0.1076","-0.1700","1.4500","-0.5100","-0.3400","-0.6100","-0.2400","0.2300","68.3800","83.7900","67.1900","37.9400","65.6100","43.0800","42.2900","64.4300","89.3300","39.1300","37.9400","37.9400","52.1700","66.4000","253","4/1/2025 16:37","0","0","0.0000","0.0000","0.0000","102.0000","102.0000","102.0000","102.0000","102.0000","-0.6700","-0.6212","-0.5500","-0.5600","-0.6700","60.0800","60.0800","60.0800","60.0800","60.0800","0","19","81.0300","49.0000","0.7800","1.1200","83.7900","42.0000","0.9900","9","82.6100","45.0000","0.7600","0","98.0200","6.0000","-0.1400","0.0000","98.0200","6.0000","-0.1300","0","98.0200","6.0000","-0.1400","0.5300","83.0000","44.0000","0.9500","0.0000","98.0200","6.0000","-0.1300","0.0000","94.4700","15.0000","-0.2300","0","94.4700","15.0000","-0.1800","0.0000","94.4700","15.0000","-0.2200","0","94.4700","15.0000","-0.2200","0","0","0"
"AAD2023.06.02752","242","7140","156","University of Akron, The","Sociology, Department of","Sociology - Articles-Focused","8","200.0000","25","183.0000","7","175.0000","3.5700","171.0000","278","169.0000","7","172.0000","1.0000","1.0000","0","158.0000","0","158.0000","0.0000","158.0000","3","180.0000","3","164.0000","1","230.0000","1","223.0000","7","15","0","40","38","0.1300","-1.4000","235.0000","7.5100","0.1300","-1.3000","240.0000","5.5300","0.8800","0.4500","107.0000","58.1000","3.1300","-0.4400","145.0000","43.0800","0.8800","0.5500","93.0000","63.6400","34.7500","-0.3900","134.0000","47.4300","11.1200","-0.0600","106.0000","58.5000","0.0000","-0.9100","158.0000","37.9400","0.0000","-0.7800","158.0000","37.9400","0.0000","-0.4200","158.0000","37.9400","0.0000","-0.5800","158.0000","37.9400","0.3800","-0.6300","173.0000","32.0200","0.3800","-0.2100","138.0000","45.8500","-0.1000","114.0000","55.3400","-0.6400","-1.1300","-0.6700","-0.7400","-0.7000","-0.5900","0.6422","-0.6000","-1.0500","-0.5500","-0.3400","-0.6100","-0.6800","-0.9200","35.5700","12.2500","32.4100","37.9400","31.2300","32.8100","100.0000","29.2500","9.4900","33.6000","37.9400","37.9400","28.0600","21.3400","253","4/1/2025 16:37","0","0","0.0000","0.0000","0.0000","102.0000","102.0000","102.0000","102.0000","102.0000","-0.6700","-0.6212","-0.5500","-0.5600","-0.6700","60.0800","60.0800","60.0800","60.0800","60.0800","0","5","34.3900","167.0000","-0.6500","0.6300","47.0400","135.0000","-0.1500","3","35.9700","163.0000","-0.6300","0","98.0200","6.0000","-0.1400","0.0000","98.0200","6.0000","-0.1300","0","98.0200","6.0000","-0.1400","0.3800","53.3600","119.0000","0.1000","0.0000","98.0200","6.0000","-0.1300","0.0000","94.4700","15.0000","-0.2300","0","94.4700","15.0000","-0.1800","0.0000","94.4700","15.0000","-0.2200","0","94.4700","15.0000","-0.2200","0","0","0"
"AAD2023.06.02752","247","7529","156","University of Arizona, The","Sociology, School of","Sociology - Articles-Focused","13","133.0000","67","110.0000","12","113.0000","5.5800","101.0000","1268","75.0000","12","104.0000","1.0000","1.0000","5","35.0000","9","25.0000","1009352.0000","70.0000","23","70.0000","9","71.0000","10","119.0000","6","90.0000","7","15","0","40","38","0.4600","0.4300","79.0000","69.1700","0.7700","0.0100","111.0000","56.5200","0.9200","0.6900","69.0000","73.1200","5.1500","0.2700","94.0000","63.2400","0.9200","0.7800","62.0000","75.8900","97.5400","0.5800","51.0000","80.2400","18.9300","0.9300","29.0000","88.9300","0.3800","1.9700","11.0000","96.0500","0.6900","2.2900","10.0000","96.4400","77642.4600","-0.0600","61.0000","76.2800","112150.2200","-0.3200","126.0000","50.5900","1.7700","0.7000","47.0000","81.8200","0.6900","0.9900","50.0000","80.6300","0.4000","49.0000","81.0300","0.2100","-0.0200","-0.0100","0.8900","-0.0500","0.1300","0.6422","0.1200","-0.2200","0.1000","-0.1700","0.9700","-0.1200","-0.2800","72.3300","64.8200","59.2900","86.5600","55.7300","60.4700","100.0000","72.7300","53.3600","70.7500","72.7300","90.5100","56.9200","47.8300","253","4/1/2025 16:37","2","1","2.0000","0.1500","0.0800","43.0000","16.0000","36.0000","30.0000","52.0000","0.3700","1.3138","0.5500","0.9900","0.7600","83.4000","94.0700","86.1700","88.5400","79.8400","0","14","68.7700","80.0000","0.2700","1.0800","79.8400","52.0000","0.9000","6","63.2400","94.0000","0.0600","0","98.0200","6.0000","-0.1400","0.0000","98.0200","6.0000","-0.1300","0","98.0200","6.0000","-0.1400","0.4600","72.7300","70.0000","0.5800","0.0000","98.0200","6.0000","-0.1300","0.0000","94.4700","15.0000","-0.2300","0","94.4700","15.0000","-0.1800","0.0000","94.4700","15.0000","-0.2200","0","94.4700","15.0000","-0.2200","0","0","0"
"AAD2023.06.02752","289","7824","156","University of Maryland, College Park","Sociology, Department of","Sociology - Articles-Focused","24","29.0000","103","68.0000","21","30.0000","4.9000","117.0000","1627","57.0000","22","25.0000","1.0000","1.0000","8","14.0000","14","16.0000","6777153.0000","17.0000","37","38.0000","13","43.0000","19","53.0000","8","59.0000","7","15","0","40","38","0.3300","-0.2700","141.0000","44.6600","0.7900","0.0500","106.0000","58.5000","0.8800","0.4500","107.0000","58.1000","4.2900","-0.0300","107.0000","58.1000","0.9200","0.7500","71.0000","72.3300","67.7900","0.1200","84.0000","67.1900","15.8000","0.5300","48.0000","81.4200","0.3300","1.5800","20.0000","92.4900","0.5800","1.8100","16.0000","94.0700","282381.3800","0.9100","22.0000","91.7000","484082.3600","0.5500","40.0000","84.5900","1.5400","0.4900","60.0000","76.6800","0.5400","0.4200","91.0000","64.4300","0.1000","90.0000","64.8200","0.7800","0.4200","1.3100","1.8600","1.1100","-0.1100","0.6422","0.6200","0.6200","0.3300","0.7500","1.8500","0.3700","1.1300","83.4000","77.0800","90.5100","94.8600","88.5400","54.1500","100.0000","85.3800","79.4500","77.8700","93.6800","94.0700","73.5200","88.9300","253","4/1/2025 16:37","1","2","0.5000","0.0400","0.0800","15.0000","99.0000","65.0000","93.0000","41.0000","1.4000","-0.1374","0.0000","-0.1400","0.8800","94.4700","61.2600","74.7000","63.6400","84.1900","0","19","81.0300","49.0000","0.7800","0.7900","60.4700","101.0000","0.2400","9","82.6100","45.0000","0.7600","0","98.0200","6.0000","-0.1400","0.0000","98.0200","6.0000","-0.1300","0","98.0200","6.0000","-0.1400","0.3800","53.3600","119.0000","0.1000","0.0000","98.0200","6.0000","-0.1300","0.0000","94.4700","15.0000","-0.2300","0","94.4700","15.0000","-0.1800","0.0000","94.4700","15.0000","-0.2200","0","94.4700","15.0000","-0.2200","0","0","0"
"AAD2023.06.02752","299","7907","156","University of Miami","Sociology and Criminology, Department of","Sociology - Articles-Focused","13","133.0000","170","21.0000","11","124.0000","15.4500","3.0000","2831","28.0000","10","137.0000","0.9100","164.0000","1","109.0000","1","114.0000","15300.0000","155.0000","17","85.0000","7","100.0000","22","43.0000","5","122.0000","7","15","0","40","38","0.3800","0.0100","117.0000","54.1500","1.6900","1.8800","10.0000","96.4400","0.8500","0.3100","130.0000","49.0100","13.0800","3.0400","3.0000","99.2100","0.7700","0.0400","142.0000","44.2700","217.7700","2.4300","10.0000","96.4400","16.6500","0.6400","38.0000","85.3800","0.0800","-0.3400","132.0000","48.2200","0.0800","-0.4400","135.0000","47.0400","1176.9200","-0.4200","156.0000","38.7400","15300.0000","-0.5500","155.0000","39.1300","1.3100","0.2600","78.0000","69.5700","0.5400","0.4100","92.0000","64.0300","0.5000","32.0000","87.7500","-0.0700","-0.2500","-0.2700","-0.4100","-0.1800","3.6600","-0.0868","-0.1000","0.8900","1.1100","-0.3300","-0.4400","1.2700","-0.2800","60.8700","52.1700","46.2500","57.3100","51.3800","99.2100","35.5700","66.8000","83.4000","89.3300","39.1300","55.3400","92.0900","47.8300","253","4/1/2025 16:37","1","1","1.0000","0.0800","0.0800","43.0000","46.0000","65.0000","70.0000","52.0000","0.3700","0.3463","0.0000","0.2100","0.7600","83.4000","82.2100","74.7000","72.7300","79.8400","0","12","63.2400","94.0000","0.0700","0.9200","71.1500","74.0000","0.5400","8","76.6800","60.0000","0.5200","0","98.0200","6.0000","-0.1400","0.0000","98.0200","6.0000","-0.1300","0","98.0200","6.0000","-0.1400","0.6200","92.8900","19.0000","1.4200","0.0000","98.0200","6.0000","-0.1300","0.0000","94.4700","15.0000","-0.2300","0","94.4700","15.0000","-0.1800","0.0000","94.4700","15.0000","-0.2200","0","94.4700","15.0000","-0.2200","0","0","0"
"AAD2023.06.02752","308","8032","156","University of Nebraska - Lincoln","Sociology, Department of","Sociology - Articles-Focused","13","133.0000","114","57.0000","12","113.0000","9.5000","21.0000","903","92.0000","12","104.0000","1.0000","1.0000","5","35.0000","7","37.0000","3615346.0000","36.0000","13","99.0000","8","81.0000","5","178.0000","3","165.0000","7","15","0","40","38","0.2300","-0.8300","203.0000","20.1600","0.3800","-0.7700","192.0000","24.5100","0.9200","0.6900","69.0000","73.1200","8.7700","1.5300","21.0000","92.0900","0.9200","0.7800","62.0000","75.8900","69.4600","0.1500","82.0000","67.9800","7.9200","-0.4700","173.0000","32.0200","0.3800","1.9700","11.0000","96.0500","0.5400","1.6100","22.0000","91.7000","278103.5400","0.8900","23.0000","91.3000","516478.0000","0.6300","36.0000","86.1700","1.0000","-0.0300","95.0000","62.8500","0.6200","0.7000","70.0000","72.7300","0.8000","9.0000","96.8400","0.0700","-0.6900","-0.0100","0.8900","-0.0500","1.5300","0.6422","-0.2400","-0.6800","-0.1400","0.2400","0.6200","0.5100","-0.2800","68.3800","35.1800","59.2900","86.5600","55.7300","92.0900","100.0000","61.2600","30.0400","64.0300","86.1700","85.7700","77.8700","47.8300","253","4/1/2025 16:37","1","1","1.0000","0.0800","0.0800","43.0000","46.0000","65.0000","70.0000","52.0000","0.3700","0.3463","0.0000","0.2100","0.7600","83.4000","82.2100","74.7000","72.7300","79.8400","0","12","63.2400","94.0000","0.0700","0.9200","71.1500","74.0000","0.5400","8","76.6800","60.0000","0.5200","0","98.0200","6.0000","-0.1400","0.0000","98.0200","6.0000","-0.1300","0","98.0200","6.0000","-0.1400","0.6200","92.8900","19.0000","1.4200","0.0000","98.0200","6.0000","-0.1300","0.0000","94.4700","15.0000","-0.2300","0","94.4700","15.0000","-0.1800","0.0000","94.4700","15.0000","-0.2200","0","94.4700","15.0000","-0.2200","0","0","0"
"AAD2023.06.02752","320","8100","156","University of North Texas","Sociology, Department of","Sociology - Articles-Focused","12","153.0000","64","114.0000","11","124.0000","5.8200","89.0000","1571","63.0000","12","104.0000","1.0000","1.0000","0","158.0000","0","158.0000","0.0000","158.0000","3","180.0000","3","164.0000","20","50.0000","6","90.0000","7","15","0","40","38","0.5000","0.6400","59.0000","77.0800","1.6700","1.8300","12.0000","95.6500","0.9200","0.6600","76.0000","70.3600","5.3300","0.3300","87.0000","66.0100","1.0000","1.1500","1.0000","100.0000","130.9200","1.0900","29.0000","88.9300","24.5500","1.6500","13.0000","95.2600","0.0000","-0.9100","158.0000","37.9400","0.0000","-0.7800","158.0000","37.9400","0.0000","-0.4200","158.0000","37.9400","0.0000","-0.5800","158.0000","37.9400","0.2500","-0.7500","194.0000","23.7200","0.2500","-0.6800","179.0000","29.6400","0.2000","81.0000","68.3800","-0.6400","-0.0200","-0.0100","-0.7400","-0.1800","0.2100","0.6422","-0.6000","0.7100","0.2900","-0.3400","-0.6100","-0.1600","-0.4100","35.5700","64.8200","59.2900","37.9400","51.3800","65.2200","100.0000","29.2500","80.6300","75.4900","37.9400","37.9400","55.3400","39.9200","253","4/1/2025 16:37","2","1","2.0000","0.1700","0.0800","43.0000","16.0000","36.0000","27.0000","41.0000","0.3700","1.3138","0.5500","1.1200","0.8800","83.4000","94.0700","86.1700","89.7200","84.1900","0","9","52.9600","120.0000","-0.2400","0.7500","58.8900","105.0000","0.1400","4","47.0400","135.0000","-0.4000","0","98.0200","6.0000","-0.1400","0.0000","98.0200","6.0000","-0.1300","0","98.0200","6.0000","-0.1400","0.3300","45.0600","140.0000","-0.1200","0.0000","98.0200","6.0000","-0.1300","0.0000","94.4700","15.0000","-0.2300","0","94.4700","15.0000","-0.1800","0.0000","94.4700","15.0000","-0.2200","0","94.4700","15.0000","-0.2200","0","0","0"
"AAD2023.06.02752","341","8110","156","University of Toledo, The","Sociology and Anthropology, Department of","Sociology - Articles-Focused","9","194.0000","12","216.0000","5","207.0000","2.4000","224.0000","37","231.0000","4","212.0000","0.8000","218.0000","1","109.0000","1","114.0000","75570.0000","144.0000","3","180.0000","2","187.0000","2","214.0000","1","223.0000","7","15","0","40","38","0.1100","-1.4800","236.0000","7.1100","0.2200","-1.1000","221.0000","13.0400","0.5600","-1.1300","219.0000","13.8300","1.3300","-1.0600","226.0000","11.0700","0.4400","-1.5200","231.0000","9.0900","4.1100","-0.8600","237.0000","6.7200","3.0800","-1.0900","240.0000","5.5300","0.1100","-0.0800","108.0000","57.7100","0.1100","-0.2900","113.0000","55.7300","8396.6700","-0.3800","137.0000","46.2500","75570.0000","-0.4100","136.0000","46.6400","0.3300","-0.6700","181.0000","28.8500","0.2200","-0.7800","189.0000","25.6900","-0.9000","220.0000","13.4400","-0.7800","-1.1300","-1.0600","-0.4100","-0.9600","-1.0100","-0.9614","-0.6000","-0.9600","-0.7000","-0.3200","-0.4400","-0.8600","-0.7900","26.4800","12.2500","16.6000","57.3100","18.5800","11.8600","14.2300","29.2500","15.8100","9.0900","43.4800","55.3400","15.0200","23.7200","253","4/1/2025 16:37","0","0","0.0000","0.0000","0.0000","102.0000","102.0000","102.0000","102.0000","102.0000","-0.6700","-0.6212","-0.5500","-0.5600","-0.6700","60.0800","60.0800","60.0800","60.0800","60.0800","0","6","39.9200","153.0000","-0.5500","0.6700","52.5700","121.0000","-0.0500","2","26.0900","188.0000","-0.8600","0","98.0200","6.0000","-0.1400","0.0000","98.0200","6.0000","-0.1300","0","98.0200","6.0000","-0.1400","0.2200","27.2700","185.0000","-0.7300","0.0000","98.0200","6.0000","-0.1300","0.0000","94.4700","15.0000","-0.2300","0","94.4700","15.0000","-0.1800","0.0000","94.4700","15.0000","-0.2200","0","94.4700","15.0000","-0.2200","0","0","0"
"AAD2023.06.02752","344","8300","156","University of Vermont, The","Sociology, Department of","Sociology - Articles-Focused","10","182.0000","29","174.0000","6","194.0000","4.8300","118.0000","314","160.0000","6","190.0000","0.8600","198.0000","0","158.0000","0","158.0000","0.0000","158.0000","4","171.0000","4","142.0000","4","192.0000","3","165.0000","7","15","0","40","38","0.3000","-0.4500","168.0000","33.9900","0.4000","-0.7400","188.0000","26.0900","0.6000","-0.9100","210.0000","17.3900","2.9000","-0.5200","156.0000","38.7400","0.6000","-0.7700","199.0000","21.7400","31.4000","-0.4400","141.0000","44.6600","10.8300","-0.1000","114.0000","55.3400","0.0000","-0.9100","158.0000","37.9400","0.0000","-0.7800","158.0000","37.9400","0.0000","-0.4200","158.0000","37.9400","0.0000","-0.5800","158.0000","37.9400","0.4000","-0.6100","165.0000","35.1800","0.4000","-0.1100","130.0000","49.0100","-0.5000","171.0000","32.8100","-0.5000","-0.6900","-0.8000","-0.7400","-0.8300","-0.1400","-0.5033","-0.5700","-0.7700","-0.5200","-0.3400","-0.6100","-0.6300","-0.6600","44.2700","35.1800","25.3000","37.9400","23.7200","53.7500","22.1300","32.8100","24.5100","37.1500","37.9400","37.9400","31.6200","28.4600","253","4/1/2025 16:37","0","0","0.0000","0.0000","0.0000","102.0000","102.0000","102.0000","102.0000","102.0000","-0.6700","-0.6212","-0.5500","-0.5600","-0.6700","60.0800","60.0800","60.0800","60.0800","60.0800","0","7","43.8700","143.0000","-0.4500","0.7000","54.1500","117.0000","0.0200","4","47.0400","135.0000","-0.4000","0","98.0200","6.0000","-0.1400","0.0000","98.0200","6.0000","-0.1300","0","98.0200","6.0000","-0.1400","0.4000","60.0800","102.0000","0.2400","0.0000","98.0200","6.0000","-0.1300","0.0000","94.4700","15.0000","-0.2300","0","94.4700","15.0000","-0.1800","0.0000","94.4700","15.0000","-0.2200","0","94.4700","15.0000","-0.2200","0","0","0"
"AAD2023.06.02752","347","8417","156","University of Wisconsin - Madison","Community and Environmental Sociology, Department of","Sociology - Articles-Focused","9","194.0000","33","162.0000","7","175.0000","4.7100","124.0000","342","151.0000","7","172.0000","0.8800","185.0000","3","62.0000","6","49.0000","1055867.0000","67.0000","10","120.0000","5","130.0000","11","106.0000","3","165.0000","7","15","0","40","38","0.3300","-0.2700","141.0000","44.6600","1.2200","0.9300","47.0000","81.8200","0.7800","-0.0300","155.0000","39.1300","3.6700","-0.2500","131.0000","48.6200","0.7800","0.0800","137.0000","46.2500","38.0000","-0.3400","126.0000","50.5900","10.3600","-0.1600","126.0000","50.5900","0.3300","1.5800","20.0000","92.4900","0.6700","2.1700","11.0000","96.0500","117318.5600","0.1300","45.0000","82.6100","175977.8300","-0.1700","99.0000","61.2600","1.1100","0.0700","90.0000","64.8200","0.5600","0.4700","85.0000","66.8000","-0.1000","114.0000","55.3400","-0.3600","-0.6900","-0.6700","0.2400","-0.7000","-0.1800","-0.3601","-0.3500","-0.1300","-0.5000","-0.1700","0.4400","-0.5700","-0.7900","49.0100","35.1800","32.4100","75.8900","31.2300","51.3800","27.2700","52.9600","58.5000","40.7100","73.9100","81.0300","36.3600","23.7200","253","4/1/2025 16:37","0","0","0.0000","0.0000","0.0000","102.0000","102.0000","102.0000","102.0000","102.0000","-0.6700","-0.6212","-0.5500","-0.5600","-0.6700","60.0800","60.0800","60.0800","60.0800","60.0800","0","15","71.1500","74.0000","0.3700","1.6700","98.8100","4.0000","2.2700","5","53.3600","119.0000","-0.1700","0","98.0200","6.0000","-0.1400","0.0000","98.0200","6.0000","-0.1300","0","98.0200","6.0000","-0.1400","0.5600","86.5600","35.0000","1.0900","0.0000","98.0200","6.0000","-0.1300","0.0000","94.4700","15.0000","-0.2300","0","94.4700","15.0000","-0.1800","0.0000","94.4700","15.0000","-0.2200","0","94.4700","15.0000","-0.2200","0","0","0"
"AAD2023.06.02752","347","8422","156","University of Wisconsin - Madison","Sociology, Department of","Sociology - Articles-Focused","28","15.0000","167","22.0000","25","15.0000","6.6800","62.0000","2511","32.0000","23","17.0000","0.8800","180.0000","11","7.0000","16","13.0000","5172216.0000","28.0000","54","24.0000","24","8.0000","14","76.0000","8","59.0000","7","15","0","40","38","0.2900","-0.5300","174.0000","31.6200","0.5000","-0.5400","162.0000","36.3600","0.8900","0.5400","96.0000","62.4500","5.9600","0.5500","67.0000","73.9100","0.8200","0.2900","119.0000","53.3600","89.6800","0.4600","58.0000","77.4700","15.0400","0.4400","54.0000","79.0500","0.3900","2.0300","10.0000","96.4400","0.5700","1.7500","19.0000","92.8900","184722.0000","0.4500","34.0000","86.9600","323263.5000","0.1700","62.0000","75.8900","1.9300","0.8600","41.0000","84.1900","0.8600","1.6100","15.0000","94.4700","0.4000","49.0000","81.0300","2.3400","0.4200","1.4400","2.8400","1.6300","0.5200","-0.2830","1.2300","0.1500","0.9000","0.4900","2.2000","1.2300","1.6400","97.2300","77.0800","93.6800","97.6300","94.4700","75.8900","29.2500","90.9100","70.3600","87.7500","89.3300","95.2600","91.7000","94.4700","253","4/1/2025 16:37","1","1","1.0000","0.0400","0.0400","43.0000","46.0000","65.0000","98.0000","94.0000","0.3700","0.3463","0.0000","-0.2000","-0.0100","83.4000","82.2100","74.7000","61.6600","63.2400","0","17","76.2800","61.0000","0.5800","0.6100","44.2700","142.0000","-0.1900","11","90.1200","26.0000","1.2200","0","98.0200","6.0000","-0.1400","0.0000","98.0200","6.0000","-0.1300","0","98.0200","6.0000","-0.1400","0.3900","56.9200","110.0000","0.2000","0.0000","98.0200","6.0000","-0.1300","0.0000","94.4700","15.0000","-0.2300","0","94.4700","15.0000","-0.1800","0.0000","94.4700","15.0000","-0.2200","0","94.4700","15.0000","-0.2200","0","0","0"
"AAD2023.06.02752","350","8481","156","Utah State University","Sociology and Anthropology, Department of","Sociology - Articles-Focused","25","27.0000","152","31.0000","21","30.0000","7.2400","53.0000","1966","40.0000","21","28.0000","1.0000","1.0000","4","45.0000","4","63.0000","2285341.0000","45.0000","11","113.0000","8","81.0000","6","161.0000","6","90.0000","7","15","0","40","38","0.2400","-0.7800","200.0000","21.3400","0.2400","-1.0600","219.0000","13.8300","0.8400","0.2800","134.0000","47.4300","6.0800","0.5900","62.0000","75.8900","0.8400","0.3800","111.0000","56.5200","78.6400","0.2900","74.0000","71.1500","12.9300","0.1700","80.0000","68.7700","0.1600","0.2800","85.0000","66.8000","0.1600","-0.0700","97.0000","62.0600","91413.6400","0.0100","53.0000","79.4500","571335.2500","0.7500","30.0000","88.5400","0.4400","-0.5700","158.0000","37.9400","0.3200","-0.4100","162.0000","36.3600","0.4000","49.0000","81.0300","0.0700","-0.0200","1.1800","0.5600","1.1100","0.7200","0.6422","-0.3200","-0.5900","0.5500","0.0300","0.0900","1.0200","1.2500","68.3800","64.8200","89.3300","82.6100","88.5400","79.4500","100.0000","55.7300","36.7600","84.5900","82.6100","75.4900","88.1400","89.7200","253","4/1/2025 16:37","3","2","1.5000","0.1200","0.0800","15.0000","35.0000","21.0000","44.0000","51.0000","1.4000","0.8300","1.1000","0.6500","0.8200","94.4700","86.5600","92.0900","83.0000","80.2400","0","22","88.1400","31.0000","1.0900","0.8800","68.3800","81.0000","0.4400","9","82.6100","45.0000","0.7600","0","98.0200","6.0000","-0.1400","0.0000","98.0200","6.0000","-0.1300","0","98.0200","6.0000","-0.1400","0.3600","48.6200","131.0000","0.0200","0.0000","98.0200","6.0000","-0.1300","0.0000","94.4700","15.0000","-0.2300","0","94.4700","15.0000","-0.1800","0.0000","94.4700","15.0000","-0.2200","0","94.4700","15.0000","-0.2200","0","0","0"
"AAD2023.06.02752","351","8569","156","Vanderbilt University","Sociology, Department of","Sociology - Articles-Focused","17","86.0000","119","54.0000","15","79.0000","7.9300","39.0000","2366","35.0000","16","64.0000","1.0000","1.0000","1","109.0000","1","114.0000","271197.0000","110.0000","23","70.0000","9","71.0000","12","95.0000","6","90.0000","7","15","0","40","38","0.3500","-0.1600","138.0000","45.8500","0.7100","-0.1200","128.0000","49.8000","0.8800","0.4900","105.0000","58.8900","7.0000","0.9100","45.0000","82.6100","0.9400","0.8700","55.0000","78.6600","139.1800","1.2200","24.0000","90.9100","19.8800","1.0500","26.0000","90.1200","0.0600","-0.4700","150.0000","41.1100","0.0600","-0.5200","152.0000","40.3200","15952.7600","-0.3500","120.0000","52.9600","271197.0000","0.0500","71.0000","72.3300","1.3500","0.3100","73.0000","71.5400","0.5300","0.3700","97.0000","62.0600","0.4000","49.0000","81.0300","0.2100","-0.0200","0.5200","-0.4100","0.3300","0.9700","0.6422","0.1200","-0.0300","0.8100","-0.2900","-0.4400","0.5800","0.2300","72.3300","64.8200","75.1000","57.3100","69.1700","84.9800","100.0000","72.7300","62.8500","86.5600","56.9200","55.3400","79.0500","66.4000","253","4/1/2025 16:37","4","2","2.0000","0.2400","0.1200","15.0000","16.0000","11.0000","12.0000","21.0000","1.4000","1.3138","1.6600","1.8100","1.5200","94.4700","94.0700","96.0500","95.6500","92.0900","0","12","63.2400","94.0000","0.0700","0.7100","54.5500","116.0000","0.0400","8","76.6800","60.0000","0.5200","0","98.0200","6.0000","-0.1400","0.0000","98.0200","6.0000","-0.1300","0","98.0200","6.0000","-0.1400","0.4700","75.1000","64.0000","0.6300","0.0000","98.0200","6.0000","-0.1300","0.0000","94.4700","15.0000","-0.2300","0","94.4700","15.0000","-0.1800","0.0000","94.4700","15.0000","-0.2200","0","94.4700","15.0000","-0.2200","0","0","0"
"AAD2023.06.02752","198","8701","156","Stanford University","Sociology, Department of","Sociology - Articles-Focused","20","54.0000","132","45.0000","18","52.0000","7.3300","51.0000","7021","5.0000","18","49.0000","1.0000","1.0000","7","19.0000","11","22.0000","1506868.0000","55.0000","90","11.0000","19","22.0000","36","11.0000","15","13.0000","7","15","0","40","38","0.7500","2.0000","8.0000","97.2300","1.8000","2.1000","7.0000","97.6300","0.9000","0.5800","90.0000","64.8200","6.6000","0.7700","52.0000","79.8400","0.9000","0.6700","79.0000","69.1700","351.0500","4.4700","2.0000","99.6000","53.1900","5.2900","2.0000","99.6000","0.3500","1.7100","18.0000","93.2800","0.5500","1.6600","20.0000","92.4900","75343.4000","-0.0700","62.0000","75.8900","136988.0000","-0.2600","114.0000","55.3400","4.5000","3.3200","4.0000","98.8100","0.9500","1.9600","5.0000","98.4200","0.6000","21.0000","92.0900","1.6300","1.9700","0.7800","1.5400","0.7200","0.7600","0.6422","2.5200","2.1900","3.8300","-0.0900","1.3200","0.7600","0.6100","91.7000","95.2600","81.0300","92.8900","79.8400","80.2400","100.0000","96.0500","96.0500","98.4200","78.6600","91.7000","82.6100","79.0500","253","4/1/2025 16:37","3","3","1.0000","0.1500","0.1500","6.0000","46.0000","21.0000","34.0000","15.0000","2.4300","0.3463","1.1000","0.9500","2.1200","98.0200","82.2100","92.0900","86.9600","94.4700","0","25","91.7000","22.0000","1.4000","1.2500","89.7200","27.0000","1.3000","13","94.8600","14.0000","1.6800","0","98.0200","6.0000","-0.1400","0.0000","98.0200","6.0000","-0.1300","0","98.0200","6.0000","-0.1400","0.6500","96.0500","11.0000","1.6100","0.0000","98.0200","6.0000","-0.1300","0.0000","94.4700","15.0000","-0.2300","0","94.4700","15.0000","-0.1800","0.0000","94.4700","15.0000","-0.2200","0","94.4700","15.0000","-0.2200","0","0","0"
"AAD2023.06.02752","8","8749","156","American University","Sociology, Department of","Sociology - Articles-Focused","7","217.0000","61","119.0000","7","175.0000","8.7100","28.0000","684","111.0000","7","172.0000","1.0000","1.0000","2","78.0000","2","86.0000","2257749.0000","46.0000","7","142.0000","3","164.0000","3","201.0000","1","223.0000","7","15","0","40","38","0.1400","-1.3000","231.0000","9.0900","0.4300","-0.6800","179.0000","29.6400","1.0000","1.0800","1.0000","100.0000","8.7100","1.5100","22.0000","91.7000","1.0000","1.1500","1.0000","100.0000","97.7100","0.5800","50.0000","80.6300","11.2100","-0.0500","104.0000","59.2900","0.2900","1.2300","32.0000","87.7500","0.2900","0.4900","63.0000","75.4900","322535.5700","1.1000","19.0000","92.8900","1128874.5000","2.0600","10.0000","96.4400","1.0000","-0.0300","95.0000","62.8500","0.4300","-0.0100","124.0000","51.3800","0.7000","13.0000","95.2600","-0.6400","-1.1300","-0.6700","-0.0900","-0.7000","1.2500","0.6422","-0.4600","-0.8700","-0.2800","0.0300","-0.2600","-0.2000","-1.0400","35.5700","12.2500","32.4100","69.5700","31.2300","89.3300","100.0000","44.2700","20.9500","56.5200","82.2100","66.4000","53.3600","14.6200","253","4/1/2025 16:37","0","0","0.0000","0.0000","0.0000","102.0000","102.0000","102.0000","102.0000","102.0000","-0.6700","-0.6212","-0.5500","-0.5600","-0.6700","60.0800","60.0800","60.0800","60.0800","60.0800","0","3","24.5100","192.0000","-0.8500","0.4300","31.6200","174.0000","-0.6100","1","16.2100","213.0000","-1.1000","0","98.0200","6.0000","-0.1400","0.0000","98.0200","6.0000","-0.1300","0","98.0200","6.0000","-0.1400","0.1400","13.4400","220.0000","-1.1600","0.0000","98.0200","6.0000","-0.1300","0.0000","94.4700","15.0000","-0.2300","0","94.4700","15.0000","-0.1800","0.0000","94.4700","15.0000","-0.2200","0","94.4700","15.0000","-0.2200","0","0","0"
"AAD2023.06.02752","60","8795","156","Duke University","Public Policy, Sanford School of","Sociology - Articles-Focused","43","1.0000","513","1.0000","38","2.0000","13.5000","5.0000","9389","1.0000","38","2.0000","0.9500","137.0000","16","1.0000","31","2.0000","32623341.0000","5.0000","100","9.0000","28","5.0000","48","2.0000","19","4.0000","7","15","0","40","38","0.4400","0.3200","84.0000","67.1900","1.1200","0.7100","55.0000","78.6600","0.8800","0.5000","104.0000","59.2900","11.9300","2.6400","5.0000","98.4200","0.8800","0.5900","90.0000","64.8200","218.3500","2.4300","9.0000","96.8400","18.3000","0.8500","31.0000","88.1400","0.3700","1.8700","14.0000","94.8600","0.7200","2.4200","8.0000","97.2300","758682.3500","3.1600","8.0000","97.2300","1052365.8400","1.8800","13.0000","95.2600","2.3300","1.2400","28.0000","89.3300","0.6500","0.8300","62.0000","75.8900","0.7000","13.0000","95.2600","2.9100","2.8600","3.4200","4.4600","3.3100","2.9600","0.2413","2.8800","3.3100","5.3600","4.9000","4.8400","5.8700","3.5500","98.4200","98.8100","99.6000","100.0000","99.6000","98.4200","46.2500","96.8400","99.6000","100.0000","98.4200","99.6000","100.0000","100.0000","253","4/1/2025 16:37","4","4","1.0000","0.0900","0.0900","2.0000","46.0000","11.0000","59.0000","37.0000","3.4700","0.3463","1.6600","0.3800","1.0600","99.6000","82.2100","96.0500","77.0800","85.7700","0","60","100.0000","1.0000","4.9800","1.4000","94.0700","16.0000","1.6400","23","100.0000","1.0000","4.0000","0","98.0200","6.0000","-0.1400","0.0000","98.0200","6.0000","-0.1300","0","98.0200","6.0000","-0.1400","0.5300","83.4000","43.0000","0.9800","0.0000","98.0200","6.0000","-0.1300","0.0700","99.2100","3.0000","5.0800","6","100.0000","1.0000","13.2400","0.1400","100.0000","1.0000","8.2200","3","100.0000","1.0000","10.1800","0","0","0"
"AAD2023.06.02752","60","8801","156","Duke University","Sociology, Department of","Sociology - Articles-Focused","20","54.0000","183","18.0000","19","46.0000","9.6300","19.0000","4492","12.0000","19","39.0000","1.0000","1.0000","4","45.0000","9","25.0000","2406616.0000","43.0000","65","18.0000","16","30.0000","29","23.0000","15","13.0000","7","15","0","40","38","0.7500","2.0000","8.0000","97.2300","1.4500","1.3900","29.0000","88.9300","0.9500","0.8300","46.0000","82.2100","9.1500","1.6700","17.0000","93.6800","0.9500","0.9100","47.0000","81.8200","224.6000","2.5300","7.0000","97.6300","24.5500","1.6500","14.0000","94.8600","0.2000","0.5800","61.0000","76.2800","0.4500","1.2100","31.0000","88.1400","120330.8000","0.1500","43.0000","83.4000","267401.7800","0.0400","72.0000","71.9400","3.2500","2.1200","11.0000","96.0500","0.8000","1.3900","23.0000","91.3000","0.9000","6.0000","98.0200","1.2000","1.9700","0.9100","0.5600","0.8500","1.5800","0.6422","1.6300","1.5400","2.1900","0.0500","0.9700","1.4400","0.6100","88.5400","95.2600","84.9800","82.6100","82.2100","92.8900","100.0000","93.2800","91.3000","95.6500","83.4000","90.5100","93.2800","79.0500","253","4/1/2025 16:37","2","1","2.0000","0.1000","0.0500","43.0000","16.0000","36.0000","53.0000","79.0000","0.3700","1.3138","0.5500","0.4500","0.2600","83.4000","94.0700","86.1700","79.4500","69.1700","0","27","93.6800","17.0000","1.6000","1.3500","92.4900","20.0000","1.5300","13","94.8600","14.0000","1.6800","0","98.0200","6.0000","-0.1400","0.0000","98.0200","6.0000","-0.1300","0","98.0200","6.0000","-0.1400","0.6500","96.0500","11.0000","1.6100","0.0000","98.0200","6.0000","-0.1300","0.0000","94.4700","15.0000","-0.2300","0","94.4700","15.0000","-0.1800","0.0000","94.4700","15.0000","-0.2200","0","94.4700","15.0000","-0.2200","0","0","0"
"AAD2023.06.02752","153","9059","156","Northwestern University","Sociology, Department of","Sociology - Articles-Focused","21","48.0000","106","65.0000","19","46.0000","5.5800","102.0000","3221","23.0000","20","31.0000","0.9500","135.0000","6","27.0000","8","31.0000","1449806.0000","58.0000","94","10.0000","21","15.0000","19","53.0000","11","32.0000","7","15","0","40","38","0.5200","0.7700","58.0000","77.4700","0.9000","0.2800","87.0000","66.0100","0.9000","0.6000","88.0000","65.6100","5.0500","0.2300","98.0000","61.6600","0.9500","0.9200","44.0000","83.0000","153.3800","1.4400","21.0000","92.0900","30.3900","2.3900","7.0000","97.6300","0.2900","1.2300","32.0000","87.7500","0.3800","0.9100","37.0000","85.7700","69038.3800","-0.1000","71.0000","72.3300","181225.7500","-0.1600","98.0000","61.6600","4.4800","3.2900","5.0000","98.4200","1.0000","2.1400","1.0000","100.0000","0.3000","61.0000","76.2800","1.9100","1.0800","1.0500","1.2100","0.8500","0.1300","0.2603","2.6700","0.6200","1.3600","-0.1000","0.7900","0.4100","0.7400","94.4700","87.7500","88.1400","89.7200","82.2100","60.0800","47.0400","96.4400","79.4500","91.3000","77.4700","88.1400","74.7000","81.4200","253","4/1/2025 16:37","2","2","1.0000","0.1000","0.1000","15.0000","46.0000","36.0000","58.0000","35.0000","1.4000","0.3463","0.5500","0.4000","1.1000","94.4700","82.2100","86.1700","77.4700","86.5600","0","21","85.7700","37.0000","0.9900","1.0000","78.6600","55.0000","0.7200","9","82.6100","45.0000","0.7600","0","98.0200","6.0000","-0.1400","0.0000","98.0200","6.0000","-0.1300","0","98.0200","6.0000","-0.1400","0.4300","66.4000","86.0000","0.4000","0.0000","98.0200","6.0000","-0.1300","0.0000","94.4700","15.0000","-0.2300","0","94.4700","15.0000","-0.1800","0.0000","94.4700","15.0000","-0.2200","0","94.4700","15.0000","-0.2200","0","0","0"
"AAD2023.06.02752","168","9113","156","Purdue University","Sociology, Department of","Sociology - Articles-Focused","31","9.0000","223","13.0000","30","8.0000","7.4300","49.0000","5929","6.0000","30","8.0000","1.0000","1.0000","6","27.0000","9","25.0000","5727974.0000","24.0000","54","24.0000","20","19.0000","23","37.0000","10","42.0000","7","15","0","40","38","0.3200","-0.3300","161.0000","36.7600","0.7400","-0.0500","118.0000","53.7500","0.9700","0.9200","37.0000","85.7700","7.1900","0.9800","42.0000","83.7900","0.9700","1.0000","42.0000","83.7900","191.2600","2.0200","12.0000","95.6500","26.5900","1.9000","9.0000","96.8400","0.1900","0.5400","67.0000","73.9100","0.2900","0.5100","62.0000","75.8900","184773.3500","0.4500","33.0000","87.3500","636441.5600","0.9100","28.0000","89.3300","1.7400","0.6800","51.0000","80.2400","0.6500","0.8100","65.0000","74.7000","0.6000","21.0000","92.0900","1.7700","0.8600","2.3600","1.2100","2.2800","0.7900","0.6422","1.2300","0.9900","3.1200","0.5800","0.9700","1.9800","2.0200","92.8900","83.7900","97.2300","89.7200","97.2300","81.0300","100.0000","90.9100","85.7700","98.0200","90.9100","90.5100","95.2600","96.8400","253","4/1/2025 16:37","2","1","2.0000","0.0600","0.0300","43.0000","16.0000","36.0000","81.0000","98.0000","0.3700","1.3138","0.5500","0.0900","-0.0700","83.4000","94.0700","86.1700","68.3800","61.6600","0","30","95.2600","13.0000","1.9100","0.9700","74.3100","66.0000","0.6500","17","98.4200","5.0000","2.6100","0","98.0200","6.0000","-0.1400","0.0000","98.0200","6.0000","-0.1300","0","98.0200","6.0000","-0.1400","0.5500","85.7700","37.0000","1.0500","0.0000","98.0200","6.0000","-0.1300","0.0000","94.4700","15.0000","-0.2300","0","94.4700","15.0000","-0.1800","0.0000","94.4700","15.0000","-0.2200","0","94.4700","15.0000","-0.2200","0","0","0"
"AAD2023.06.02752","278","9221","156","University of Idaho","Agricultural Economics and Rural Sociology, Department of","Sociology - Articles-Focused","15","103.0000","92","82.0000","14","88.0000","6.5700","65.0000","1028","84.0000","13","94.0000","0.9300","150.0000","6","27.0000","8","31.0000","2983979.0000","37.0000","3","180.0000","3","164.0000","2","214.0000","1","223.0000","7","15","0","40","38","0.0700","-1.7200","242.0000","4.7400","0.1300","-1.2800","239.0000","5.9300","0.9300","0.7400","61.0000","76.2800","6.1300","0.6100","61.0000","76.2800","0.8700","0.5100","98.0000","61.6600","68.5300","0.1300","83.0000","67.5900","11.1700","-0.0600","105.0000","58.8900","0.4000","2.0800","8.0000","97.2300","0.5300","1.5800","23.0000","91.3000","198931.9300","0.5200","31.0000","88.1400","372997.3800","0.2900","52.0000","79.8400","0.2000","-0.8000","210.0000","17.3900","0.2000","-0.8700","194.0000","23.7200","0.5000","32.0000","87.7500","-0.6400","-1.1300","0.1200","1.2100","0.2000","0.4800","0.0694","-0.6000","-0.9600","-0.0600","0.1400","0.7900","0.2200","-0.0200","35.5700","12.2500","63.2400","89.7200","65.6100","74.7000","41.1100","29.2500","15.8100","67.1900","85.7700","88.1400","67.9800","59.6800","253","4/1/2025 16:37","0","0","0.0000","0.0000","0.0000","102.0000","102.0000","102.0000","102.0000","102.0000","-0.6700","-0.6212","-0.5500","-0.5600","-0.6700","60.0800","60.0800","60.0800","60.0800","60.0800","0","3","24.5100","192.0000","-0.8500","0.2000","14.2300","218.0000","-1.1400","3","35.9700","163.0000","-0.6300","0","98.0200","6.0000","-0.1400","0.0000","98.0200","6.0000","-0.1300","0","98.0200","6.0000","-0.1400","0.2000","22.5300","197.0000","-0.8500","0.0000","98.0200","6.0000","-0.1300","0.0000","94.4700","15.0000","-0.2300","0","94.4700","15.0000","-0.1800","0.0000","94.4700","15.0000","-0.2200","0","94.4700","15.0000","-0.2200","0","0","0"
"AAD2023.06.02752","278","9275","156","University of Idaho","Sociology and Anthropology, Department of","Sociology - Articles-Focused","15","103.0000","52","127.0000","13","101.0000","4.0000","150.0000","598","117.0000","12","104.0000","0.8600","198.0000","1","109.0000","1","114.0000","119034.0000","134.0000","5","162.0000","4","142.0000","13","87.0000","7","73.0000","7","15","0","40","38","0.4700","0.4600","74.0000","71.1500","0.8700","0.2100","93.0000","63.6400","0.8700","0.4100","116.0000","54.5500","3.4700","-0.3200","135.0000","47.0400","0.8000","0.1900","127.0000","50.2000","39.8700","-0.3100","124.0000","51.3800","11.5000","-0.0200","101.0000","60.4700","0.0700","-0.4200","143.0000","43.8700","0.0700","-0.4900","145.0000","43.0800","7935.6000","-0.3800","140.0000","45.0600","119034.0000","-0.3000","123.0000","51.7800","0.3300","-0.6700","181.0000","28.8500","0.2700","-0.6100","176.0000","30.8300","-0.3000","140.0000","45.0600","-0.5000","0.2000","-0.0100","-0.4100","0.0700","-0.4400","-0.5033","-0.5300","0.0600","-0.3400","-0.3200","-0.4400","-0.3200","-0.0200","44.2700","71.5400","59.2900","57.3100","60.4700","41.1100","22.1300","36.3600","66.0100","54.1500","47.4300","55.3400","50.2000","59.6800","253","4/1/2025 16:37","0","0","0.0000","0.0000","0.0000","102.0000","102.0000","102.0000","102.0000","102.0000","-0.6700","-0.6212","-0.5500","-0.5600","-0.6700","60.0800","60.0800","60.0800","60.0800","60.0800","0","6","39.9200","153.0000","-0.5500","0.4000","30.0400","178.0000","-0.6800","3","35.9700","163.0000","-0.6300","0","98.0200","6.0000","-0.1400","0.0000","98.0200","6.0000","-0.1300","0","98.0200","6.0000","-0.1400","0.2000","22.5300","197.0000","-0.8500","0.0000","98.0200","6.0000","-0.1300","0.0000","94.4700","15.0000","-0.2300","0","94.4700","15.0000","-0.1800","0.0000","94.4700","15.0000","-0.2200","0","94.4700","15.0000","-0.2200","0","0","0"
"AAD2023.06.02752","305","9482","156","University of Missouri - Kansas City, The","Sociology and Anthropology, Department of","Sociology - Articles-Focused","7","217.0000","8","228.0000","2","237.0000","4.0000","150.0000","88","210.0000","2","233.0000","1.0000","1.0000","0","158.0000","0","158.0000","0.0000","158.0000","1","214.0000","1","208.0000","4","192.0000","3","165.0000","7","15","0","40","38","0.4300","0.2500","86.0000","66.4000","0.5700","-0.3900","153.0000","39.9200","0.2900","-2.4700","246.0000","3.1600","1.1400","-1.1300","231.0000","9.0900","0.2900","-2.2900","246.0000","3.1600","12.5700","-0.7300","207.0000","18.5800","11.0000","-0.0800","110.0000","56.9200","0.0000","-0.9100","158.0000","37.9400","0.0000","-0.7800","158.0000","37.9400","0.0000","-0.4200","158.0000","37.9400","0.0000","-0.5800","158.0000","37.9400","0.1400","-0.8500","217.0000","14.6200","0.1400","-1.0800","209.0000","17.7900","-1.0000","233.0000","8.3000","-0.9200","-0.6900","-1.3300","-0.7400","-1.3500","-0.4400","0.6422","-0.6800","-0.7700","-0.6700","-0.3400","-0.6100","-0.9100","-1.0400","18.1800","35.1800","8.3000","37.9400","6.7200","41.1100","100.0000","15.8100","24.5100","17.3900","37.9400","37.9400","10.2800","14.6200","253","4/1/2025 16:37","0","0","0.0000","0.0000","0.0000","102.0000","102.0000","102.0000","102.0000","102.0000","-0.6700","-0.6212","-0.5500","-0.5600","-0.6700","60.0800","60.0800","60.0800","60.0800","60.0800","0","0","5.5300","240.0000","-1.1600","0.0000","5.5300","240.0000","-1.6100","0","5.5300","240.0000","-1.3300","0","98.0200","6.0000","-0.1400","0.0000","98.0200","6.0000","-0.1300","0","98.0200","6.0000","-0.1400","0.0000","5.5300","240.0000","-1.9400","0.0000","98.0200","6.0000","-0.1300","0.0000","94.4700","15.0000","-0.2300","0","94.4700","15.0000","-0.1800","0.0000","94.4700","15.0000","-0.2200","0","94.4700","15.0000","-0.2200","0","0","0"
"AAD2023.06.02752","334","9584","156","University of South Florida","Sociology, Department of","Sociology - Articles-Focused","20","54.0000","163","23.0000","17","59.0000","9.5900","20.0000","1801","50.0000","15","75.0000","0.8800","182.0000","3","62.0000","5","57.0000","2460478.0000","42.0000","24","66.0000","12","48.0000","14","76.0000","6","90.0000","7","15","0","40","38","0.3000","-0.4500","168.0000","33.9900","0.7000","-0.1300","130.0000","49.0100","0.8500","0.3300","127.0000","50.2000","8.1500","1.3200","28.0000","89.3300","0.7500","-0.0500","147.0000","42.2900","90.0500","0.4600","57.0000","77.8700","11.0500","-0.0700","108.0000","57.7100","0.1500","0.2100","91.0000","64.4300","0.2500","0.3300","71.0000","72.3300","123023.9000","0.1600","42.0000","83.7900","492095.6000","0.5700","39.0000","84.9800","1.2000","0.1600","87.0000","66.0100","0.6000","0.6400","74.0000","71.1500","0.1000","90.0000","64.8200","0.6400","-0.0200","0.3900","0.2400","0.5900","1.5600","-0.3011","0.1500","0.1500","0.4400","0.0600","0.2700","1.1700","0.6100","81.4200","64.8200","70.7500","75.8900","77.0800","92.4900","28.4600","74.3100","70.3600","80.6300","83.7900","77.8700","91.3000","79.0500","253","4/1/2025 16:37","1","1","1.0000","0.0500","0.0500","43.0000","46.0000","65.0000","88.0000","79.0000","0.3700","0.3463","0.0000","-0.0600","0.2600","83.4000","82.2100","74.7000","65.6100","69.1700","0","11","58.5000","106.0000","-0.0400","0.5500","41.1100","150.0000","-0.3300","6","63.2400","94.0000","0.0600","0","98.0200","6.0000","-0.1400","0.0000","98.0200","6.0000","-0.1300","0","98.0200","6.0000","-0.1400","0.3000","38.3400","157.0000","-0.3000","0.0000","98.0200","6.0000","-0.1300","0.0000","94.4700","15.0000","-0.2300","0","94.4700","15.0000","-0.1800","0.0000","94.4700","15.0000","-0.2200","0","94.4700","15.0000","-0.2200","0","0","0"
"AAD2023.06.02752","345","9673","156","University of Virginia","Sociology, Department of","Sociology - Articles-Focused","17","86.0000","64","114.0000","16","69.0000","4.0000","150.0000","351","149.0000","16","64.0000","0.9400","143.0000","4","45.0000","8","31.0000","1073858.0000","65.0000","30","49.0000","11","57.0000","33","13.0000","15","13.0000","7","15","0","40","38","0.8800","2.7100","1.0000","100.0000","1.9400","2.3900","5.0000","98.4200","0.9400","0.7800","57.0000","77.8700","3.7600","-0.2200","129.0000","49.4100","0.9400","0.8700","55.0000","78.6600","20.6500","-0.6100","176.0000","30.8300","5.4800","-0.7800","220.0000","13.4400","0.2400","0.8500","53.0000","79.4500","0.4700","1.3100","29.0000","88.9300","63168.1200","-0.1200","75.0000","70.7500","134232.2500","-0.2700","115.0000","54.9400","1.7600","0.7000","48.0000","81.4200","0.6500","0.8200","64.0000","75.1000","-0.2000","126.0000","50.5900","0.5000","1.9700","0.5200","0.5600","0.4600","-0.4400","0.1705","0.3700","1.9100","-0.5000","-0.1600","0.7900","-0.1600","0.2300","77.8700","95.2600","75.1000","82.6100","73.1200","41.1100","43.8700","81.0300","95.2600","41.5000","74.7000","88.1400","55.3400","66.4000","253","4/1/2025 16:37","0","0","0.0000","0.0000","0.0000","102.0000","102.0000","102.0000","102.0000","102.0000","-0.6700","-0.6212","-0.5500","-0.5600","-0.6700","60.0800","60.0800","60.0800","60.0800","60.0800","0","20","83.7900","42.0000","0.8900","1.1800","85.7700","37.0000","1.1300","11","90.1200","26.0000","1.2200","0","98.0200","6.0000","-0.1400","0.0000","98.0200","6.0000","-0.1300","0","98.0200","6.0000","-0.1400","0.6500","95.2600","13.0000","1.5900","0.0000","98.0200","6.0000","-0.1300","0.0000","94.4700","15.0000","-0.2300","0","94.4700","15.0000","-0.1800","0.0000","94.4700","15.0000","-0.2200","0","94.4700","15.0000","-0.2200","0","0","0"
"AAD2023.06.02752","24","9721","156","Boston University","Sociology, Department of","Sociology - Articles-Focused","19","63.0000","124","49.0000","18","52.0000","6.8900","56.0000","1940","42.0000","17","56.0000","0.9400","140.0000","3","62.0000","5","57.0000","626020.0000","90.0000","32","46.0000","16","30.0000","40","7.0000","15","13.0000","7","15","0","40","38","0.7900","2.2100","5.0000","98.4200","2.1100","2.7200","3.0000","99.2100","0.9500","0.8100","50.0000","80.6300","6.5300","0.7500","54.0000","79.0500","0.8900","0.6500","84.0000","67.1900","102.1100","0.6500","45.0000","82.6100","15.6500","0.5100","50.0000","80.6300","0.1600","0.2700","86.0000","66.4000","0.2600","0.3900","70.0000","72.7300","32948.4200","-0.2700","96.0000","62.4500","125204.0000","-0.2900","119.0000","53.3600","1.6800","0.6200","54.0000","79.0500","0.8400","1.5500","18.0000","93.2800","0.3000","61.0000","76.2800","1.2000","1.9700","0.6500","0.2400","0.7200","0.6000","0.1967","0.4400","2.5600","0.5300","-0.2400","0.2700","0.6500","0.4900","88.5400","95.2600","78.2600","75.8900","79.8400","78.2600","45.0600","82.2100","97.6300","83.7900","64.8200","77.8700","81.0300","75.4900","253","4/1/2025 16:37","0","0","0.0000","0.0000","0.0000","102.0000","102.0000","102.0000","102.0000","102.0000","-0.6700","-0.6212","-0.5500","-0.5600","-0.6700","60.0800","60.0800","60.0800","60.0800","60.0800","0","24","89.7200","27.0000","1.3000","1.2600","90.1200","26.0000","1.3300","10","85.7700","37.0000","0.9900","0","98.0200","6.0000","-0.1400","0.0000","98.0200","6.0000","-0.1300","0","98.0200","6.0000","-0.1400","0.5300","82.6100","45.0000","0.9300","0.0000","98.0200","6.0000","-0.1300","0.0000","94.4700","15.0000","-0.2300","0","94.4700","15.0000","-0.1800","0.0000","94.4700","15.0000","-0.2200","0","94.4700","15.0000","-0.2200","0","0","0"
"AAD2023.06.02752","190","9826","156","South Dakota State University","Psychology, Sociology and Rural Studies, School of","Sociology - Articles-Focused","10","182.0000","25","183.0000","6","194.0000","4.1700","142.0000","317","159.0000","6","190.0000","0.8600","198.0000","0","158.0000","0","158.0000","0.0000","158.0000","4","171.0000","2","187.0000","4","192.0000","2","199.0000","7","15","0","40","38","0.2000","-0.9900","214.0000","15.8100","0.4000","-0.7400","188.0000","26.0900","0.6000","-0.9100","210.0000","17.3900","2.5000","-0.6600","175.0000","31.2300","0.6000","-0.7700","199.0000","21.7400","31.7000","-0.4400","139.0000","45.4500","12.6800","0.1300","84.0000","67.1900","0.0000","-0.9100","158.0000","37.9400","0.0000","-0.7800","158.0000","37.9400","0.0000","-0.4200","158.0000","37.9400","0.0000","-0.5800","158.0000","37.9400","0.4000","-0.6100","165.0000","35.1800","0.2000","-0.8700","194.0000","23.7200","-0.6000","191.0000","24.9000","-0.7800","-0.9100","-0.8000","-0.7400","-0.8300","-0.3800","-0.5033","-0.5700","-0.7700","-0.5200","-0.3400","-0.6100","-0.6800","-0.6600","26.4800","21.7400","25.3000","37.9400","23.7200","44.2700","22.1300","32.8100","24.5100","37.5500","37.9400","37.9400","28.0600","28.4600","253","4/1/2025 16:37","0","0","0.0000","0.0000","0.0000","102.0000","102.0000","102.0000","102.0000","102.0000","-0.6700","-0.6212","-0.5500","-0.5600","-0.6700","60.0800","60.0800","60.0800","60.0800","60.0800","0","1","11.4600","225.0000","-1.0600","0.1000","7.5100","235.0000","-1.3700","1","16.2100","213.0000","-1.1000","0","98.0200","6.0000","-0.1400","0.0000","98.0200","6.0000","-0.1300","0","98.0200","6.0000","-0.1400","0.1000","8.7000","232.0000","-1.4000","0.0000","98.0200","6.0000","-0.1300","0.0000","94.4700","15.0000","-0.2300","0","94.4700","15.0000","-0.1800","0.0000","94.4700","15.0000","-0.2200","0","94.4700","15.0000","-0.2200","0","0","0"
"AAD2023.06.02752","202","9860","156","University at Albany, State University of New York","Sociology, Department of","Sociology - Articles-Focused","21","48.0000","113","58.0000","20","34.0000","5.6500","97.0000","1191","77.0000","19","39.0000","0.9000","169.0000","3","62.0000","3","79.0000","192824.0000","123.0000","26","58.0000","12","48.0000","14","76.0000","9","52.0000","7","15","0","40","38","0.4300","0.2500","86.0000","66.4000","0.6700","-0.2000","135.0000","47.0400","0.9500","0.8400","42.0000","83.7900","5.3800","0.3500","86.0000","66.4000","0.9000","0.7000","77.0000","69.9600","56.7100","-0.0500","94.0000","63.2400","10.5400","-0.1400","120.0000","52.9600","0.1400","0.1600","93.0000","63.6400","0.1400","-0.1500","103.0000","59.6800","9182.1000","-0.3800","135.0000","47.0400","64274.6700","-0.4300","141.0000","44.6600","1.2400","0.2000","85.0000","66.8000","0.5700","0.5300","79.0000","69.1700","0.0000","104.0000","59.2900","0.6400","0.6400","0.9100","0.2400","0.9800","0.1500","-0.1215","0.2200","0.1500","0.0500","-0.3100","-0.0800","0.5000","0.7400","81.4200","79.8400","84.9800","75.8900","86.9600","62.0600","33.6000","77.4700","70.3600","69.9600","51.7800","69.1700","77.4700","81.4200","253","4/1/2025 16:37","0","0","0.0000","0.0000","0.0000","102.0000","102.0000","102.0000","102.0000","102.0000","-0.6700","-0.6212","-0.5500","-0.5600","-0.6700","60.0800","60.0800","60.0800","60.0800","60.0800","0","10","56.1300","112.0000","-0.1400","0.4800","34.3900","167.0000","-0.5000","7","71.5400","73.0000","0.2900","0","98.0200","6.0000","-0.1400","0.0000","98.0200","6.0000","-0.1300","0","98.0200","6.0000","-0.1400","0.3300","45.0600","140.0000","-0.1200","0.0000","98.0200","6.0000","-0.1300","0.0000","94.4700","15.0000","-0.2300","0","94.4700","15.0000","-0.1800","0.0000","94.4700","15.0000","-0.2200","0","94.4700","15.0000","-0.2200","0","0","0"
"AAD2023.06.02752","304","9978","156","University of Missouri","Sociology, Department of","Sociology - Articles-Focused","11","168.0000","32","165.0000","7","175.0000","4.5700","128.0000","208","184.0000","5","202.0000","0.7100","241.0000","0","158.0000","0","158.0000","0.0000","158.0000","9","127.0000","4","142.0000","14","76.0000","6","90.0000","7","15","0","40","38","0.5500","0.8800","45.0000","82.6100","1.2700","1.0300","44.0000","83.0000","0.6400","-0.7300","200.0000","21.3400","2.9100","-0.5100","154.0000","39.5300","0.4500","-1.4700","230.0000","9.4900","18.9100","-0.6300","184.0000","27.6700","6.5000","-0.6500","199.0000","21.7400","0.0000","-0.9100","158.0000","37.9400","0.0000","-0.7800","158.0000","37.9400","0.0000","-0.4200","158.0000","37.9400","0.0000","-0.5800","158.0000","37.9400","0.8200","-0.2100","111.0000","56.5200","0.3600","-0.2500","144.0000","43.4800","-0.5000","171.0000","32.8100","-0.5000","-0.0200","-0.9300","-0.7400","-0.7000","-0.2300","-1.6487","-0.3900","0.1500","-0.5900","-0.3400","-0.6100","-0.5900","-0.5300","44.2700","64.8200","20.5500","37.9400","31.2300","49.8000","5.1400","50.2000","70.3600","27.6700","37.9400","37.9400","35.1800","33.9900","253","4/1/2025 16:37","0","0","0.0000","0.0000","0.0000","102.0000","102.0000","102.0000","102.0000","102.0000","-0.6700","-0.6212","-0.5500","-0.5600","-0.6700","60.0800","60.0800","60.0800","60.0800","60.0800","0","10","56.1300","112.0000","-0.1400","0.9100","69.9600","77.0000","0.5100","5","53.3600","119.0000","-0.1700","0","98.0200","6.0000","-0.1400","0.0000","98.0200","6.0000","-0.1300","0","98.0200","6.0000","-0.1400","0.4500","70.3600","76.0000","0.5400","0.0000","98.0200","6.0000","-0.1300","0.0000","94.4700","15.0000","-0.2300","0","94.4700","15.0000","-0.1800","0.0000","94.4700","15.0000","-0.2200","0","94.4700","15.0000","-0.2200","0","0","0"
"AAD2023.06.02752","354","10115","156","Virginia Polytechnic Institute and State University","Sociology, Department of","Sociology - Articles-Focused","24","29.0000","130","46.0000","20","34.0000","6.5000","67.0000","1936","43.0000","19","39.0000","0.9500","137.0000","5","35.0000","9","25.0000","10211729.0000","10.0000","19","82.0000","9","71.0000","25","31.0000","10","42.0000","7","15","0","40","38","0.4200","0.1800","102.0000","60.0800","1.0400","0.5600","63.0000","75.4900","0.8300","0.2500","135.0000","47.0400","5.4200","0.3600","85.0000","66.8000","0.7900","0.1500","132.0000","48.2200","80.6700","0.3200","65.0000","74.7000","14.8900","0.4200","55.0000","78.6600","0.2100","0.6500","60.0000","76.6800","0.3800","0.8800","38.0000","85.3800","425488.7100","1.5900","12.0000","95.6500","1134636.5600","2.0700","9.0000","96.8400","0.7900","-0.2300","112.0000","56.1300","0.3800","-0.2100","138.0000","45.8500","0.3000","61.0000","76.2800","0.2100","0.8600","0.9100","0.8900","0.9800","0.4600","0.2413","-0.0300","1.1700","0.5300","1.3000","0.9700","0.7300","1.1300","72.3300","83.7900","84.9800","86.5600","86.9600","73.9100","46.2500","67.9800","88.1400","83.4000","96.4400","90.5100","82.2100","88.9300","253","4/1/2025 16:37","5","4","1.2500","0.2100","0.1700","2.0000","44.0000","6.0000","16.0000","8.0000","3.4700","0.5882","2.2100","1.5400","2.4300","99.6000","83.0000","98.0200","94.0700","97.2300","0","32","96.8400","9.0000","2.1200","1.3300","91.7000","22.0000","1.5000","11","90.1200","26.0000","1.2200","0","98.0200","6.0000","-0.1400","0.0000","98.0200","6.0000","-0.1300","0","98.0200","6.0000","-0.1400","0.4600","71.1500","74.0000","0.5600","0.0000","98.0200","6.0000","-0.1300","0.0000","94.4700","15.0000","-0.2300","0","94.4700","15.0000","-0.1800","0.0000","94.4700","15.0000","-0.2200","0","94.4700","15.0000","-0.2200","0","0","0"
"AAD2023.06.02752","263","10204","156","University of Colorado Boulder","Sociology, Department of","Sociology - Articles-Focused","15","103.0000","136","40.0000","14","88.0000","9.7100","17.0000","4680","10.0000","15","75.0000","1.0000","1.0000","8","14.0000","13","18.0000","7357680.0000","15.0000","27","55.0000","11","57.0000","15","70.0000","7","73.0000","7","15","0","40","38","0.4700","0.4600","74.0000","71.1500","1.0000","0.4800","65.0000","74.7000","0.9300","0.7400","61.0000","76.2800","9.0700","1.6400","18.0000","93.2800","1.0000","1.1500","1.0000","100.0000","312.0000","3.8700","4.0000","98.8100","34.4100","2.9000","5.0000","98.4200","0.5300","3.0800","3.0000","99.2100","0.8700","3.0600","3.0000","99.2100","490512.0000","1.8900","10.0000","96.4400","565975.3800","0.7400","31.0000","88.1400","1.8000","0.7300","44.0000","83.0000","0.7300","1.1400","38.0000","85.3800","0.8000","9.0000","96.8400","0.5000","0.2000","0.3900","1.8600","0.2000","1.6100","0.6422","0.2600","0.2500","2.3100","0.8500","1.6700","0.8100","-0.0200","77.8700","71.5400","70.7500","94.8600","65.6100","93.6800","100.0000","78.6600","72.7300","96.4400","94.4700","93.2800","84.5900","59.6800","253","4/1/2025 16:37","3","1","3.0000","0.2000","0.0700","43.0000","6.0000","21.0000","18.0000","68.0000","0.3700","2.2812","1.1000","1.4500","0.5700","83.4000","98.0200","92.0900","93.2800","73.5200","0","18","77.4700","58.0000","0.6800","1.2000","86.5600","35.0000","1.1900","7","71.5400","73.0000","0.2900","0","98.0200","6.0000","-0.1400","0.0000","98.0200","6.0000","-0.1300","0","98.0200","6.0000","-0.1400","0.4700","74.3100","66.0000","0.6100","0.0000","98.0200","6.0000","-0.1300","0.0000","94.4700","15.0000","-0.2300","0","94.4700","15.0000","-0.1800","0.0000","94.4700","15.0000","-0.2200","0","94.4700","15.0000","-0.2200","0","0","0"
"AAD2023.06.02752","262","10270","156","University of Cincinnati, The","Sociology, Department of","Sociology - Articles-Focused","8","200.0000","48","135.0000","7","175.0000","6.8600","58.0000","292","164.0000","7","172.0000","1.0000","1.0000","1","109.0000","1","114.0000","24888.0000","152.0000","5","162.0000","4","142.0000","6","161.0000","3","165.0000","7","15","0","40","38","0.3800","-0.0400","123.0000","51.7800","0.7500","-0.0300","113.0000","55.7300","0.8800","0.4500","107.0000","58.1000","6.0000","0.5600","63.0000","75.4900","0.8800","0.5500","93.0000","63.6400","36.5000","-0.3600","128.0000","49.8000","6.0800","-0.7100","212.0000","16.6000","0.1300","0.0200","101.0000","60.4700","0.1300","-0.2300","108.0000","57.7100","3111.0000","-0.4100","152.0000","40.3200","24888.0000","-0.5300","151.0000","40.7100","0.6300","-0.3900","139.0000","45.4500","0.5000","0.2600","99.0000","61.2600","-0.2000","126.0000","50.5900","-0.5000","-0.6900","-0.6700","-0.4100","-0.7000","0.5900","0.6422","-0.5300","-0.5900","-0.5400","-0.3300","-0.4400","-0.3700","-0.9200","44.2700","35.1800","32.4100","57.3100","31.2300","77.4700","100.0000","36.3600","36.7600","35.5700","40.3200","55.3400","47.0400","21.3400","253","4/1/2025 16:37","1","1","1.0000","0.1300","0.1300","43.0000","46.0000","65.0000","40.0000","19.0000","0.3700","0.3463","0.0000","0.7000","1.6500","83.4000","82.2100","74.7000","84.5900","92.8900","0","4","30.0400","178.0000","-0.7500","0.5000","39.1300","155.0000","-0.4400","4","47.0400","135.0000","-0.4000","0","98.0200","6.0000","-0.1400","0.0000","98.0200","6.0000","-0.1300","0","98.0200","6.0000","-0.1400","0.5000","81.4200","48.0000","0.7900","0.0000","98.0200","6.0000","-0.1300","0.0000","94.4700","15.0000","-0.2300","0","94.4700","15.0000","-0.1800","0.0000","94.4700","15.0000","-0.2200","0","94.4700","15.0000","-0.2200","0","0","0"
"AAD2023.06.02752","396","10381","156","New School, The","Sociology, Department of","Sociology - Articles-Focused","11","168.0000","17","201.0000","8","167.0000","2.1300","232.0000","66","218.0000","8","159.0000","0.8000","218.0000","1","109.0000","1","114.0000","19563.0000","154.0000","18","84.0000","7","100.0000","18","58.0000","6","90.0000","7","15","0","40","38","0.5500","0.8800","45.0000","82.6100","1.6400","1.7700","19.0000","92.8900","0.7300","-0.2800","167.0000","34.3900","1.5500","-0.9900","215.0000","15.4200","0.7300","-0.1600","157.0000","38.3400","6.0000","-0.8300","228.0000","10.2800","3.8800","-0.9800","236.0000","7.1100","0.0900","-0.2300","122.0000","52.1700","0.0900","-0.3800","125.0000","50.9900","1778.4500","-0.4100","153.0000","39.9200","19563.0000","-0.5400","153.0000","39.9200","1.6400","0.5800","57.0000","77.8700","0.6400","0.7800","66.0000","74.3100","-0.8000","207.0000","18.5800","-0.0700","-0.0200","-0.5400","-0.4100","-0.5700","-1.1100","-0.9614","-0.0600","0.5200","-0.6800","-0.3300","-0.4400","-0.7900","-0.5300","60.8700","64.8200","37.5500","57.3100","34.3900","8.7000","14.2300","67.1900","77.4700","14.2300","39.5300","55.3400","20.9500","33.9900","253","4/1/2025 16:37","0","0","0.0000","0.0000","0.0000","102.0000","102.0000","102.0000","102.0000","102.0000","-0.6700","-0.6212","-0.5500","-0.5600","-0.6700","60.0800","60.0800","60.0800","60.0800","60.0800","0","11","58.5000","106.0000","-0.0400","1.0000","78.6600","55.0000","0.7200","5","53.3600","119.0000","-0.1700","0","98.0200","6.0000","-0.1400","0.0000","98.0200","6.0000","-0.1300","0","98.0200","6.0000","-0.1400","0.4500","70.3600","76.0000","0.5400","0.0000","98.0200","6.0000","-0.1300","0.0000","94.4700","15.0000","-0.2300","0","94.4700","15.0000","-0.1800","0.0000","94.4700","15.0000","-0.2200","0","94.4700","15.0000","-0.2200","0","0","0"
"AAD2023.06.02752","156","10570","156","Ohio State University, The","Sociology, Department of","Sociology - Articles-Focused","28","15.0000","251","10.0000","26","12.0000","9.6500","18.0000","3184","24.0000","28","9.0000","1.0000","1.0000","10","10.0000","18","10.0000","6560513.0000","21.0000","55","23.0000","22","12.0000","14","76.0000","11","32.0000","7","15","0","40","38","0.3900","0.0600","113.0000","55.7300","0.5000","-0.5400","162.0000","36.3600","0.9300","0.7200","64.0000","75.1000","8.9600","1.6000","20.0000","92.4900","1.0000","1.1500","1.0000","100.0000","113.7100","0.8300","37.0000","85.7700","12.6900","0.1400","82.0000","67.9800","0.3600","1.7600","17.0000","93.6800","0.6400","2.0700","13.0000","95.2600","234304.0400","0.6800","28.0000","89.3300","364472.9400","0.2700","53.0000","79.4500","1.9600","0.8900","39.0000","84.9800","0.7900","1.3400","25.0000","90.5100","0.7000","13.0000","95.2600","2.0600","1.0800","2.1000","2.5100","1.7600","1.5900","0.6422","1.2700","0.1500","1.3400","0.7200","2.5500","2.3500","1.6400","95.6500","87.7500","96.8400","96.4400","95.6500","93.2800","100.0000","91.3000","70.3600","90.9100","92.0900","96.4400","96.4400","94.4700","253","4/1/2025 16:37","1","1","1.0000","0.0400","0.0400","43.0000","46.0000","65.0000","98.0000","94.0000","0.3700","0.3463","0.0000","-0.2000","-0.0100","83.4000","82.2100","74.7000","61.6600","63.2400","0","23","88.5400","30.0000","1.1900","0.8200","63.2400","94.0000","0.3100","12","92.8900","19.0000","1.4500","0","98.0200","6.0000","-0.1400","0.0000","98.0200","6.0000","-0.1300","0","98.0200","6.0000","-0.1400","0.4300","66.4000","86.0000","0.4000","0.0000","98.0200","6.0000","-0.1300","0.0000","94.4700","15.0000","-0.2300","0","94.4700","15.0000","-0.1800","0.0000","94.4700","15.0000","-0.2200","0","94.4700","15.0000","-0.2200","0","0","0"
"AAD2023.06.02752","313","10775","156","University of New Hampshire","Sociology, Department of","Sociology - Articles-Focused","12","153.0000","96","76.0000","11","124.0000","8.7300","27.0000","1959","41.0000","10","137.0000","0.9100","164.0000","2","78.0000","4","63.0000","8009350.0000","14.0000","8","134.0000","3","164.0000","7","151.0000","4","150.0000","7","15","0","40","38","0.3300","-0.2700","141.0000","44.6600","0.5800","-0.3700","151.0000","40.7100","0.9200","0.6600","76.0000","70.3600","8.0000","1.2600","31.0000","88.1400","0.8300","0.3500","112.0000","56.1300","163.2500","1.5900","19.0000","92.8900","20.4100","1.1200","21.0000","92.0900","0.1700","0.3300","79.0000","69.1700","0.3300","0.7000","44.0000","83.0000","667445.8300","2.7300","9.0000","96.8400","2002337.5000","4.1100","4.0000","98.8100","0.6700","-0.3500","128.0000","49.8000","0.2500","-0.6800","179.0000","29.6400","0.6000","21.0000","92.0900","-0.6400","-0.4700","-0.2700","-0.0900","-0.1800","1.2600","-0.0868","-0.4200","-0.5000","0.5400","0.9500","0.0900","0.2700","-0.4100","35.5700","41.1100","46.2500","69.5700","51.3800","89.7200","35.5700","47.4300","40.7100","84.1900","94.8600","75.4900","70.3600","39.9200","253","4/1/2025 16:37","1","1","1.0000","0.0800","0.0800","43.0000","46.0000","65.0000","60.0000","41.0000","0.3700","0.3463","0.0000","0.2800","0.8800","83.4000","82.2100","74.7000","76.6800","84.1900","0","6","39.9200","153.0000","-0.5500","0.5000","39.1300","155.0000","-0.4400","4","47.0400","135.0000","-0.4000","0","98.0200","6.0000","-0.1400","0.0000","98.0200","6.0000","-0.1300","0","98.0200","6.0000","-0.1400","0.3300","45.0600","140.0000","-0.1200","0.0000","98.0200","6.0000","-0.1300","0.0000","94.4700","15.0000","-0.2300","0","94.4700","15.0000","-0.1800","0.0000","94.4700","15.0000","-0.2200","0","94.4700","15.0000","-0.2200","0","0","0"
"AAD2023.06.02752","336","11222","156","University of Southern Mississippi, The","Anthropology and Sociology, Department of","Sociology - Articles-Focused","10","182.0000","15","209.0000","7","175.0000","2.1400","231.0000","72","216.0000","7","172.0000","0.8800","185.0000","0","158.0000","0","158.0000","0.0000","158.0000","7","142.0000","4","142.0000","2","214.0000","2","199.0000","7","15","0","40","38","0.2000","-0.9900","214.0000","15.8100","0.2000","-1.1400","225.0000","11.4600","0.7000","-0.4100","178.0000","30.0400","1.5000","-1.0100","216.0000","15.0200","0.7000","-0.2900","169.0000","33.6000","7.2000","-0.8100","223.0000","12.2500","4.8000","-0.8700","228.0000","10.2800","0.0000","-0.9100","158.0000","37.9400","0.0000","-0.7800","158.0000","37.9400","0.0000","-0.4200","158.0000","37.9400","0.0000","-0.5800","158.0000","37.9400","0.7000","-0.3200","124.0000","51.3800","0.4000","-0.1100","130.0000","49.0100","-0.8000","207.0000","18.5800","-0.5000","-0.9100","-0.6700","-0.7400","-0.7000","-1.1000","-0.3601","-0.4600","-0.9600","-0.6800","-0.3400","-0.6100","-0.8200","-0.6600","44.2700","21.7400","32.4100","37.9400","31.2300","9.0900","27.2700","44.2700","15.8100","15.0200","37.9400","37.9400","17.7900","28.4600","253","4/1/2025 16:37","0","0","0.0000","0.0000","0.0000","102.0000","102.0000","102.0000","102.0000","102.0000","-0.6700","-0.6212","-0.5500","-0.5600","-0.6700","60.0800","60.0800","60.0800","60.0800","60.0800","0","2","16.6000","212.0000","-0.9600","0.2000","14.2300","218.0000","-1.1400","1","16.2100","213.0000","-1.1000","0","98.0200","6.0000","-0.1400","0.0000","98.0200","6.0000","-0.1300","0","98.0200","6.0000","-0.1400","0.1000","8.7000","232.0000","-1.4000","0.0000","98.0200","6.0000","-0.1300","0.0000","94.4700","15.0000","-0.2300","0","94.4700","15.0000","-0.1800","0.0000","94.4700","15.0000","-0.2200","0","94.4700","15.0000","-0.2200","0","0","0"
"AAD2023.06.02752","64","11243","156","East Texas A&M University","Sociology and Criminal Justice, Department of","Sociology - Articles-Focused","8","200.0000","16","206.0000","6","194.0000","2.6700","213.0000","35","232.0000","4","212.0000","0.6700","242.0000","0","158.0000","0","158.0000","0.0000","158.0000","2","202.0000","2","187.0000","8","142.0000","3","165.0000","7","15","0","40","38","0.3800","-0.0400","123.0000","51.7800","1.0000","0.4800","65.0000","74.7000","0.7500","-0.1700","158.0000","37.9400","2.0000","-0.8300","202.0000","20.5500","0.5000","-1.2500","217.0000","14.6200","4.3800","-0.8600","234.0000","7.9100","2.1900","-1.2000","246.0000","3.1600","0.0000","-0.9100","158.0000","37.9400","0.0000","-0.7800","158.0000","37.9400","0.0000","-0.4200","158.0000","37.9400","0.0000","-0.5800","158.0000","37.9400","0.2500","-0.7500","194.0000","23.7200","0.2500","-0.6800","179.0000","29.6400","-0.8000","207.0000","18.5800","-0.7800","-0.6900","-1.0600","-0.7400","-0.8300","-0.9100","-2.0305","-0.6400","-0.4000","-0.7000","-0.3400","-0.6100","-0.8000","-0.9200","26.4800","35.1800","16.6000","37.9400","23.7200","16.2100","4.7400","20.5500","44.2700","8.7000","37.9400","37.9400","18.9700","21.3400","253","4/1/2025 16:37","0","0","0.0000","0.0000","0.0000","102.0000","102.0000","102.0000","102.0000","102.0000","-0.6700","-0.6212","-0.5500","-0.5600","-0.6700","60.0800","60.0800","60.0800","60.0800","60.0800","0","11","58.5000","106.0000","-0.0400","1.3800","93.6800","17.0000","1.5900","4","47.0400","135.0000","-0.4000","0","98.0200","6.0000","-0.1400","0.0000","98.0200","6.0000","-0.1300","0","98.0200","6.0000","-0.1400","0.5000","81.4200","48.0000","0.7900","0.0000","98.0200","6.0000","-0.1300","0.0000","94.4700","15.0000","-0.2300","0","94.4700","15.0000","-0.1800","0.0000","94.4700","15.0000","-0.2200","0","94.4700","15.0000","-0.2200","0","0","0"
"AAD2023.06.02752","218","11556","156","Texas A&M Kingsville","Psychology and Sociology, Department of","Sociology - Articles-Focused","12","153.0000","13","214.0000","6","194.0000","2.1700","230.0000","58","224.0000","7","172.0000","1.0000","1.0000","1","109.0000","1","114.0000","416548.0000","103.0000","3","180.0000","2","187.0000","1","230.0000","1","223.0000","7","15","0","40","38","0.0800","-1.6300","238.0000","6.3200","0.0800","-1.3800","241.0000","5.1400","0.5000","-1.4100","223.0000","12.2500","1.0800","-1.1500","232.0000","8.7000","0.5800","-0.8500","203.0000","20.1600","4.8300","-0.8500","233.0000","8.3000","4.4600","-0.9100","232.0000","8.7000","0.0800","-0.2900","126.0000","50.5900","0.0800","-0.4100","129.0000","49.4100","34712.3300","-0.2600","94.0000","63.2400","416548.0000","0.3900","48.0000","81.4200","0.2500","-0.7500","194.0000","23.7200","0.1700","-0.9900","200.0000","21.3400","-0.9000","220.0000","13.4400","-0.7800","-1.1300","-0.6700","-0.4100","-0.8300","-1.0900","0.6422","-0.6000","-1.0500","-0.6900","-0.2700","-0.4400","-0.8400","-0.4100","26.4800","12.2500","32.4100","57.3100","23.7200","9.4900","100.0000","29.2500","9.4900","11.8600","59.6800","55.3400","15.8100","39.9200","253","4/1/2025 16:37","0","0","0.0000","0.0000","0.0000","102.0000","102.0000","102.0000","102.0000","102.0000","-0.6700","-0.6212","-0.5500","-0.5600","-0.6700","60.0800","60.0800","60.0800","60.0800","60.0800","0","0","5.5300","240.0000","-1.1600","0.0000","5.5300","240.0000","-1.6100","0","5.5300","240.0000","-1.3300","0","98.0200","6.0000","-0.1400","0.0000","98.0200","6.0000","-0.1300","0","98.0200","6.0000","-0.1400","0.0000","5.5300","240.0000","-1.9400","0.0000","98.0200","6.0000","-0.1300","0.0000","94.4700","15.0000","-0.2300","0","94.4700","15.0000","-0.1800","0.0000","94.4700","15.0000","-0.2200","0","94.4700","15.0000","-0.2200","0","0","0"
"AAD2023.06.02752","172","11779","156","Rice University","Sociology, Department of","Sociology - Articles-Focused","15","103.0000","111","59.0000","15","79.0000","7.4000","50.0000","1187","78.0000","15","75.0000","1.0000","1.0000","4","45.0000","5","57.0000","949401.0000","74.0000","32","46.0000","15","35.0000","11","106.0000","7","73.0000","7","15","0","40","38","0.4700","0.4600","74.0000","71.1500","0.7300","-0.0600","119.0000","53.3600","1.0000","1.0800","1.0000","100.0000","7.4000","1.0500","39.0000","84.9800","1.0000","1.1500","1.0000","100.0000","79.1300","0.2900","72.0000","71.9400","10.6900","-0.1200","118.0000","53.7500","0.2700","1.0800","40.0000","84.5900","0.3300","0.7000","44.0000","83.0000","63293.4000","-0.1200","74.0000","71.1500","189880.2000","-0.1400","97.0000","62.0600","2.1300","1.0500","35.0000","86.5600","1.0000","2.1400","1.0000","100.0000","0.5000","32.0000","87.7500","1.0600","0.2000","0.3900","0.5600","0.3300","0.7800","0.6422","0.4400","-0.1300","0.0400","-0.1800","0.2700","0.4700","-0.0200","86.5600","71.5400","70.7500","82.6100","69.1700","80.6300","100.0000","82.2100","58.5000","69.5700","71.1500","77.8700","77.0800","59.6800","253","4/1/2025 16:37","0","0","0.0000","0.0000","0.0000","102.0000","102.0000","102.0000","102.0000","102.0000","-0.6700","-0.6212","-0.5500","-0.5600","-0.6700","60.0800","60.0800","60.0800","60.0800","60.0800","0","8","48.6200","131.0000","-0.3400","0.5300","39.9200","153.0000","-0.3600","6","63.2400","94.0000","0.0600","0","98.0200","6.0000","-0.1400","0.0000","98.0200","6.0000","-0.1300","0","98.0200","6.0000","-0.1400","0.4000","60.0800","102.0000","0.2400","0.0000","98.0200","6.0000","-0.1300","0.0000","94.4700","15.0000","-0.2300","0","94.4700","15.0000","-0.1800","0.0000","94.4700","15.0000","-0.2200","0","94.4700","15.0000","-0.2200","0","0","0"
"AAD2023.06.02752","257","12100","156","University of California, San Francisco","Social and Behavioral Sciences, Department of","Sociology - Articles-Focused","19","63.0000","289","7.0000","18","52.0000","16.0600","2.0000","3949","16.0000","19","39.0000","1.0000","1.0000","5","35.0000","9","25.0000","6716568.0000","18.0000","20","76.0000","12","48.0000","1","230.0000","1","223.0000","7","15","0","40","38","0.0500","-1.7900","244.0000","3.9500","0.0500","-1.4400","244.0000","3.9500","0.9500","0.8100","50.0000","80.6300","15.2100","3.7800","2.0000","99.6000","1.0000","1.1500","1.0000","100.0000","207.8400","2.2700","11.0000","96.0500","13.6600","0.2600","69.0000","73.1200","0.2600","1.0600","41.0000","84.1900","0.4700","1.3200","28.0000","89.3300","353503.5800","1.2500","15.0000","94.4700","746285.3300","1.1600","21.0000","92.0900","1.0500","0.0200","93.0000","63.6400","0.6300","0.7600","67.0000","73.9100","1.1000","2.0000","99.6000","0.6400","-1.1300","0.9100","0.8900","0.7200","3.8800","0.6422","0.0100","-1.0500","1.8400","0.7400","0.9700","2.8600","0.4900","81.4200","12.2500","84.9800","86.5600","79.8400","99.6000","100.0000","70.3600","9.4900","94.0700","93.2800","90.5100","97.6300","75.4900","253","4/1/2025 16:37","2","1","2.0000","0.1100","0.0500","43.0000","16.0000","36.0000","51.0000","78.0000","0.3700","1.3138","0.5500","0.5000","0.3100","83.4000","94.0700","86.1700","80.2400","69.5700","0","9","52.9600","120.0000","-0.2400","0.4700","33.9900","168.0000","-0.5000","5","53.3600","119.0000","-0.1700","0","98.0200","6.0000","-0.1400","0.0000","98.0200","6.0000","-0.1300","0","98.0200","6.0000","-0.1400","0.2600","32.4100","172.0000","-0.5100","0.0000","98.0200","6.0000","-0.1300","0.0500","96.8400","9.0000","3.7800","1","99.2100","3.0000","2.0600","0.0500","96.8400","9.0000","2.9700","1","99.6000","2.0000","3.2500","0","0","0"
"AAD2023.06.02752","105","12114","156","Lehigh University","Sociology and Anthropology, Department of","Sociology - Articles-Focused","15","103.0000","53","126.0000","13","101.0000","4.0800","149.0000","388","145.0000","11","123.0000","0.8500","209.0000","1","109.0000","1","114.0000","120000.0000","132.0000","16","88.0000","9","71.0000","11","106.0000","8","59.0000","7","15","0","40","38","0.5300","0.8200","56.0000","78.2600","0.7300","-0.0600","119.0000","53.3600","0.8700","0.4100","116.0000","54.5500","3.5300","-0.3000","133.0000","47.8300","0.7300","-0.1300","154.0000","39.5300","25.8700","-0.5300","157.0000","38.3400","7.3200","-0.5500","184.0000","27.6700","0.0700","-0.4200","143.0000","43.8700","0.0700","-0.4900","145.0000","43.0800","8000.0000","-0.3800","139.0000","45.4500","120000.0000","-0.3000","122.0000","52.1700","1.0700","0.0300","92.0000","64.0300","0.6000","0.6400","74.0000","71.1500","-0.3000","140.0000","45.0600","0.2100","0.4200","-0.1400","-0.4100","0.0700","-0.4100","-0.5914","-0.1400","-0.1300","-0.4700","-0.3200","-0.4400","-0.3100","-0.0200","72.3300","77.0800","51.7800","57.3100","60.4700","41.5000","17.7900","65.6100","58.5000","43.0800","48.2200","55.3400","50.5900","59.6800","253","4/1/2025 16:37","0","0","0.0000","0.0000","0.0000","102.0000","102.0000","102.0000","102.0000","102.0000","-0.6700","-0.6212","-0.5500","-0.5600","-0.6700","60.0800","60.0800","60.0800","60.0800","60.0800","0","8","48.6200","131.0000","-0.3400","0.5300","39.9200","153.0000","-0.3600","6","63.2400","94.0000","0.0600","0","98.0200","6.0000","-0.1400","0.0000","98.0200","6.0000","-0.1300","0","98.0200","6.0000","-0.1400","0.4000","60.0800","102.0000","0.2400","0.0000","98.0200","6.0000","-0.1300","0.0000","94.4700","15.0000","-0.2300","0","94.4700","15.0000","-0.1800","0.0000","94.4700","15.0000","-0.2200","0","94.4700","15.0000","-0.2200","0","0","0"
"AAD2023.06.02752","27","12215","156","Brigham Young University","Sociology, Department of","Sociology - Articles-Focused","18","71.0000","156","27.0000","17","59.0000","9.1800","23.0000","1251","76.0000","18","49.0000","1.0000","1.0000","0","158.0000","0","158.0000","0.0000","158.0000","3","180.0000","3","164.0000","4","192.0000","3","165.0000","7","15","0","40","38","0.1700","-1.1700","226.0000","11.0700","0.2200","-1.1000","221.0000","13.0400","0.9400","0.8000","52.0000","79.8400","8.6700","1.5000","23.0000","91.3000","1.0000","1.1500","1.0000","100.0000","69.5000","0.1500","81.0000","68.3800","8.0200","-0.4600","172.0000","32.4100","0.0000","-0.9100","158.0000","37.9400","0.0000","-0.7800","158.0000","37.9400","0.0000","-0.4200","158.0000","37.9400","0.0000","-0.5800","158.0000","37.9400","0.1700","-0.8300","211.0000","17.0000","0.1700","-0.9900","200.0000","21.3400","0.8000","9.0000","96.8400","-0.6400","-0.6900","0.7800","-0.7400","0.5900","1.4200","0.6422","-0.6000","-0.7700","0.0900","-0.3400","-0.6100","1.0800","0.3600","35.5700","35.1800","81.0300","37.9400","77.0800","91.3000","100.0000","29.2500","24.5100","70.3600","37.9400","37.9400","89.7200","72.3300","253","4/1/2025 16:37","5","2","2.5000","0.2800","0.1100","15.0000","14.0000","6.0000","9.0000","24.0000","1.4000","1.7975","2.2100","2.2400","1.3900","94.4700","94.8600","98.0200","96.8400","90.9100","0","7","43.8700","143.0000","-0.4500","0.3900","28.4600","182.0000","-0.7000","6","63.2400","94.0000","0.0600","0","98.0200","6.0000","-0.1400","0.0000","98.0200","6.0000","-0.1300","0","98.0200","6.0000","-0.1400","0.3300","45.0600","140.0000","-0.1200","0.0000","98.0200","6.0000","-0.1300","0.0000","94.4700","15.0000","-0.2300","0","94.4700","15.0000","-0.1800","0.0000","94.4700","15.0000","-0.2200","0","94.4700","15.0000","-0.2200","0","0","0"
"AAD2023.06.02752","237","12241","156","Tufts University","Sociology, Department of","Sociology - Articles-Focused","10","182.0000","51","129.0000","9","151.0000","5.6700","95.0000","502","122.0000","10","137.0000","1.0000","1.0000","1","109.0000","1","114.0000","133696.0000","131.0000","25","61.0000","9","71.0000","13","87.0000","6","90.0000","7","15","0","40","38","0.6000","1.1800","33.0000","87.3500","1.3000","1.0900","41.0000","84.1900","0.9000","0.5800","90.0000","64.8200","5.1000","0.2500","95.0000","62.8500","1.0000","1.1500","1.0000","100.0000","50.2000","-0.1500","103.0000","59.6800","9.8400","-0.2300","132.0000","48.2200","0.1000","-0.1700","114.0000","55.3400","0.1000","-0.3400","118.0000","53.7500","13369.6000","-0.3600","127.0000","50.2000","133696.0000","-0.2700","116.0000","54.5500","2.5000","1.4000","23.0000","91.3000","0.9000","1.7700","9.0000","96.8400","0.3000","61.0000","76.2800","0.2100","-0.0200","-0.2700","-0.4100","-0.4400","0.1600","0.6422","0.1900","0.0600","-0.4000","-0.3200","-0.4400","-0.3300","-0.6600","72.3300","64.8200","46.2500","57.3100","40.7100","62.8500","100.0000","76.2800","66.0100","52.1700","48.6200","55.3400","49.4100","28.4600","253","4/1/2025 16:37","0","0","0.0000","0.0000","0.0000","102.0000","102.0000","102.0000","102.0000","102.0000","-0.6700","-0.6212","-0.5500","-0.5600","-0.6700","60.0800","60.0800","60.0800","60.0800","60.0800","0","7","43.8700","143.0000","-0.4500","0.7000","54.1500","117.0000","0.0200","4","47.0400","135.0000","-0.4000","0","98.0200","6.0000","-0.1400","0.0000","98.0200","6.0000","-0.1300","0","98.0200","6.0000","-0.1400","0.4000","60.0800","102.0000","0.2400","0.0000","98.0200","6.0000","-0.1300","0.0000","94.4700","15.0000","-0.2300","0","94.4700","15.0000","-0.1800","0.0000","94.4700","15.0000","-0.2200","0","94.4700","15.0000","-0.2200","0","0","0"
"AAD2023.06.02752","80","12349","156","George Washington University","Sociology, Department of","Sociology - Articles-Focused","14","116.0000","38","154.0000","13","101.0000","2.9200","206.0000","239","178.0000","11","123.0000","0.8500","209.0000","0","158.0000","0","158.0000","0.0000","158.0000","25","61.0000","8","81.0000","13","87.0000","5","122.0000","7","15","0","40","38","0.3600","-0.1400","134.0000","47.4300","0.9300","0.3300","83.0000","67.5900","0.9300","0.7200","64.0000","75.1000","2.7100","-0.5800","164.0000","35.5700","0.7900","0.1200","134.0000","47.4300","17.0700","-0.6600","187.0000","26.4800","6.2900","-0.6800","204.0000","19.7600","0.0000","-0.9100","158.0000","37.9400","0.0000","-0.7800","158.0000","37.9400","0.0000","-0.4200","158.0000","37.9400","0.0000","-0.5800","158.0000","37.9400","1.7900","0.7200","46.0000","82.2100","0.5700","0.5300","79.0000","69.1700","-0.4000","156.0000","38.7400","0.0700","-0.2500","-0.1400","-0.7400","0.0700","-0.8200","-0.5914","0.1900","0.0600","-0.5700","-0.3400","-0.6100","-0.5100","-0.1500","68.3800","52.1700","51.7800","37.9400","60.4700","18.9700","17.7900","76.2800","66.0100","30.0400","37.9400","37.9400","39.5300","54.5500","253","4/1/2025 16:37","0","0","0.0000","0.0000","0.0000","102.0000","102.0000","102.0000","102.0000","102.0000","-0.6700","-0.6212","-0.5500","-0.5600","-0.6700","60.0800","60.0800","60.0800","60.0800","60.0800","0","8","48.6200","131.0000","-0.3400","0.5700","43.4800","144.0000","-0.2800","6","63.2400","94.0000","0.0600","0","98.0200","6.0000","-0.1400","0.0000","98.0200","6.0000","-0.1300","0","98.0200","6.0000","-0.1400","0.4300","66.4000","86.0000","0.4000","0.0000","98.0200","6.0000","-0.1300","0.0000","94.4700","15.0000","-0.2300","0","94.4700","15.0000","-0.1800","0.0000","94.4700","15.0000","-0.2200","0","94.4700","15.0000","-0.2200","0","0","0"
"AAD2023.06.02752","317","13000","156","University of North Carolina Charlotte","Sociology, Department of","Sociology - Articles-Focused","15","103.0000","71","103.0000","13","101.0000","5.4600","110.0000","856","96.0000","13","94.0000","1.0000","1.0000","3","62.0000","4","63.0000","2141805.0000","48.0000","6","153.0000","4","142.0000","7","151.0000","4","150.0000","7","15","0","40","38","0.2700","-0.6300","183.0000","28.0600","0.4700","-0.6000","170.0000","33.2000","0.8700","0.4100","116.0000","54.5500","4.7300","0.1200","102.0000","60.0800","0.8700","0.5100","98.0000","61.6600","57.0700","-0.0500","92.0000","64.0300","12.0600","0.0600","92.0000","64.0300","0.2000","0.5800","61.0000","76.2800","0.2700","0.4000","69.0000","73.1200","142787.0000","0.2500","39.0000","84.9800","535451.2500","0.6700","35.0000","86.5600","0.4000","-0.6100","165.0000","35.1800","0.2700","-0.6100","176.0000","30.8300","0.2000","81.0000","68.3800","-0.5000","-0.4700","0.1200","0.2400","0.0700","0.0900","0.6422","-0.5000","-0.5000","-0.1700","0.0100","0.0900","-0.0600","-0.0200","44.2700","41.1100","63.2400","75.8900","60.4700","56.9200","100.0000","39.9200","40.7100","62.4500","81.4200","75.4900","59.6800","59.6800","253","4/1/2025 16:37","4","3","1.3300","0.2700","0.2000","6.0000","40.0000","11.0000","11.0000","3.0000","2.4300","0.6656","1.6600","2.1300","3.0500","98.0200","84.5900","96.0500","96.0500","99.2100","0","10","56.1300","112.0000","-0.1400","0.6700","52.5700","121.0000","-0.0500","7","71.5400","73.0000","0.2900","0","98.0200","6.0000","-0.1400","0.0000","98.0200","6.0000","-0.1300","0","98.0200","6.0000","-0.1400","0.4700","74.3100","66.0000","0.6100","0.0000","98.0200","6.0000","-0.1300","0.0000","94.4700","15.0000","-0.2300","0","94.4700","15.0000","-0.1800","0.0000","94.4700","15.0000","-0.2200","0","94.4700","15.0000","-0.2200","0","0","0"
"AAD2023.06.02752","17","13232","156","Ball State University","Sociology, Department of","Sociology - Articles-Focused","9","194.0000","45","140.0000","8","167.0000","5.6300","98.0000","897","93.0000","7","172.0000","0.8800","185.0000","1","109.0000","2","86.0000","194424.0000","122.0000","5","162.0000","4","142.0000","3","201.0000","3","165.0000","7","15","0","40","38","0.3300","-0.2700","141.0000","44.6600","0.3300","-0.8700","196.0000","22.9200","0.8900","0.5200","98.0000","61.6600","5.0000","0.2200","99.0000","61.2600","0.7800","0.0800","137.0000","46.2500","99.6700","0.6100","49.0000","81.0300","19.9300","1.0600","25.0000","90.5100","0.1100","-0.0800","108.0000","57.7100","0.2200","0.2000","80.0000","68.7700","21602.6700","-0.3200","108.0000","57.7100","97212.0000","-0.3600","133.0000","47.8300","0.5600","-0.4600","146.0000","42.6900","0.4400","0.0500","118.0000","53.7500","-0.2000","126.0000","50.5900","-0.5000","-0.6900","-0.6700","-0.4100","-0.5700","0.1500","-0.3601","-0.5300","-0.8700","-0.1400","-0.3100","-0.2600","-0.4100","-0.7900","44.2700","35.1800","32.4100","57.3100","34.3900","61.6600","27.2700","36.3600","20.9500","63.6400","52.1700","66.4000","45.0600","23.7200","253","4/1/2025 16:37","0","0","0.0000","0.0000","0.0000","102.0000","102.0000","102.0000","102.0000","102.0000","-0.6700","-0.6212","-0.5500","-0.5600","-0.6700","60.0800","60.0800","60.0800","60.0800","60.0800","0","3","24.5100","192.0000","-0.8500","0.3300","25.6900","189.0000","-0.8300","2","26.0900","188.0000","-0.8600","0","98.0200","6.0000","-0.1400","0.0000","98.0200","6.0000","-0.1300","0","98.0200","6.0000","-0.1400","0.2200","27.2700","185.0000","-0.7300","0.0000","98.0200","6.0000","-0.1300","0.0000","94.4700","15.0000","-0.2300","0","94.4700","15.0000","-0.1800","0.0000","94.4700","15.0000","-0.2200","0","94.4700","15.0000","-0.2200","0","0","0"
"AAD2023.06.02752","79","13304","156","George Mason University","Sociology and Anthropology, Department of","Sociology - Articles-Focused","28","15.0000","96","76.0000","20","34.0000","4.8000","121.0000","954","88.0000","19","39.0000","0.9000","169.0000","5","35.0000","6","49.0000","226566.0000","117.0000","42","34.0000","21","15.0000","32","16.0000","18","5.0000","7","15","0","40","38","0.6400","1.4100","21.0000","92.0900","1.1400","0.7700","51.0000","80.2400","0.7100","-0.3400","173.0000","32.0200","3.4300","-0.3300","137.0000","46.2500","0.6800","-0.3900","173.0000","32.0200","34.0700","-0.4000","136.0000","46.6400","9.9400","-0.2100","131.0000","48.6200","0.1800","0.4200","75.0000","70.7500","0.2100","0.1700","83.0000","67.5900","8091.6400","-0.3800","138.0000","45.8500","37761.0000","-0.5000","149.0000","41.5000","1.5000","0.4500","61.0000","76.2800","0.7500","1.2000","29.0000","88.9300","-0.2000","126.0000","50.5900","1.9100","2.6400","0.9100","0.8900","0.9800","-0.1500","-0.1215","0.8000","1.8200","-0.1100","-0.3000","0.4400","0.2700","1.6400","94.4700","98.4200","84.9800","86.5600","86.9600","52.5700","33.6000","86.9600","94.0700","65.6100","54.1500","81.0300","70.3600","94.4700","253","4/1/2025 16:37","3","2","1.5000","0.1100","0.0700","15.0000","35.0000","21.0000","49.0000","61.0000","1.4000","0.8300","1.1000","0.5200","0.6600","94.4700","86.5600","92.0900","81.0300","76.2800","0","22","88.1400","31.0000","1.0900","0.7900","59.6800","103.0000","0.2200","16","97.2300","8.0000","2.3800","0","98.0200","6.0000","-0.1400","0.0000","98.0200","6.0000","-0.1300","0","98.0200","6.0000","-0.1400","0.5700","88.5400","30.0000","1.1800","0.0000","98.0200","6.0000","-0.1300","0.0000","94.4700","15.0000","-0.2300","0","94.4700","15.0000","-0.1800","0.0000","94.4700","15.0000","-0.2200","0","94.4700","15.0000","-0.2200","0","0","0"
"AAD2023.06.02752","152","13411","156","Northern Illinois University","Sociology, Department of","Sociology - Articles-Focused","15","103.0000","37","158.0000","10","139.0000","3.7000","164.0000","175","188.0000","12","104.0000","1.0000","1.0000","0","158.0000","0","158.0000","0.0000","158.0000","7","142.0000","5","130.0000","12","95.0000","5","122.0000","7","15","0","40","38","0.3300","-0.2700","141.0000","44.6600","0.8000","0.0700","105.0000","58.8900","0.6700","-0.5800","187.0000","26.4800","2.4700","-0.6700","179.0000","29.6400","0.8000","0.1900","127.0000","50.2000","11.6700","-0.7400","209.0000","17.7900","4.7300","-0.8800","230.0000","9.4900","0.0000","-0.9100","158.0000","37.9400","0.0000","-0.7800","158.0000","37.9400","0.0000","-0.4200","158.0000","37.9400","0.0000","-0.5800","158.0000","37.9400","0.4700","-0.5400","155.0000","39.1300","0.3300","-0.3600","153.0000","39.9200","-0.6000","191.0000","24.9000","-0.3600","-0.2500","-0.0100","-0.7400","-0.3100","-0.5400","0.6422","-0.4600","-0.0300","-0.6100","-0.3400","-0.6100","-0.5200","-0.0200","49.0100","52.1700","59.2900","37.9400","45.4500","35.5700","100.0000","44.2700","62.8500","26.0900","37.9400","37.9400","37.9400","59.6800","253","4/1/2025 16:37","0","0","0.0000","0.0000","0.0000","102.0000","102.0000","102.0000","102.0000","102.0000","-0.6700","-0.6212","-0.5500","-0.5600","-0.6700","60.0800","60.0800","60.0800","60.0800","60.0800","0","12","63.2400","94.0000","0.0700","0.8000","61.6600","98.0000","0.2600","6","63.2400","94.0000","0.0600","0","98.0200","6.0000","-0.1400","0.0000","98.0200","6.0000","-0.1300","0","98.0200","6.0000","-0.1400","0.4000","60.0800","102.0000","0.2400","0.0000","98.0200","6.0000","-0.1300","0.0000","94.4700","15.0000","-0.2300","0","94.4700","15.0000","-0.1800","0.0000","94.4700","15.0000","-0.2200","0","94.4700","15.0000","-0.2200","0","0","0"
"AAD2023.06.02752","74","13433","156","Fordham University","Sociology and Anthropology, Department of","Sociology - Articles-Focused","18","71.0000","18","200.0000","9","151.0000","2.0000","233.0000","180","186.0000","9","152.0000","0.7500","237.0000","2","78.0000","2","86.0000","119266.0000","133.0000","38","37.0000","10","64.0000","12","95.0000","7","73.0000","7","15","0","40","38","0.3900","0.0300","114.0000","55.3400","0.6700","-0.2000","135.0000","47.0400","0.5000","-1.4100","223.0000","12.2500","1.0000","-1.1800","233.0000","8.3000","0.5000","-1.2500","217.0000","14.6200","10.0000","-0.7700","213.0000","16.2100","10.0000","-0.2100","130.0000","49.0100","0.1100","-0.0800","108.0000","57.7100","0.1100","-0.2900","113.0000","55.7300","6625.8900","-0.3900","143.0000","43.8700","59633.0000","-0.4400","144.0000","43.4800","2.1100","1.0300","36.0000","86.1700","0.5600","0.4700","85.0000","66.8000","-0.9000","220.0000","13.4400","0.3500","0.2000","-0.4000","-0.0900","-0.4400","-1.1500","-1.3623","0.6500","-0.0300","-0.6100","-0.3200","-0.2600","-0.7800","0.3600","75.1000","71.5400","40.3200","69.5700","40.7100","8.3000","6.7200","85.7700","62.8500","26.8800","47.8300","66.4000","21.3400","72.3300","253","4/1/2025 16:37","1","1","1.0000","0.0600","0.0600","43.0000","46.0000","65.0000","84.0000","73.0000","0.3700","0.3463","0.0000","0.0000","0.3600","83.4000","82.2100","74.7000","67.1900","71.5400","0","10","56.1300","112.0000","-0.1400","0.5600","41.9000","148.0000","-0.3100","6","63.2400","94.0000","0.0600","0","98.0200","6.0000","-0.1400","0.0000","98.0200","6.0000","-0.1300","0","98.0200","6.0000","-0.1400","0.3300","45.0600","140.0000","-0.1200","0.0000","98.0200","6.0000","-0.1300","0.0000","94.4700","15.0000","-0.2300","0","94.4700","15.0000","-0.1800","0.0000","94.4700","15.0000","-0.2200","0","94.4700","15.0000","-0.2200","0","0","0"
"AAD2023.06.02752","318","14307","156","University of North Carolina at Greensboro, The","Sociology, Department of","Sociology - Articles-Focused","13","133.0000","32","165.0000","9","151.0000","3.5600","172.0000","266","171.0000","9","152.0000","0.9000","171.0000","1","109.0000","1","114.0000","205756.0000","120.0000","10","120.0000","4","142.0000","19","53.0000","8","59.0000","7","15","0","40","38","0.6200","1.2600","29.0000","88.9300","1.4600","1.4100","27.0000","89.7200","0.6900","-0.4500","182.0000","28.4600","2.4600","-0.6700","180.0000","29.2500","0.6900","-0.3300","170.0000","33.2000","20.4600","-0.6100","177.0000","30.4300","8.3100","-0.4200","165.0000","35.1800","0.0800","-0.3400","132.0000","48.2200","0.0800","-0.4400","135.0000","47.0400","15827.3800","-0.3500","121.0000","52.5700","205756.0000","-0.1000","93.0000","63.6400","0.7700","-0.2500","114.0000","55.3400","0.3100","-0.4600","163.0000","35.9700","-0.4000","156.0000","38.7400","-0.5000","0.4200","-0.4000","-0.4100","-0.4400","-0.5900","-0.1596","-0.3500","0.6200","-0.5500","-0.3000","-0.4400","-0.5900","-0.2800","44.2700","77.0800","40.3200","57.3100","40.7100","32.4100","32.8100","52.9600","79.4500","32.8100","52.9600","55.3400","35.1800","47.8300","253","4/1/2025 16:37","0","0","0.0000","0.0000","0.0000","102.0000","102.0000","102.0000","102.0000","102.0000","-0.6700","-0.6212","-0.5500","-0.5600","-0.6700","60.0800","60.0800","60.0800","60.0800","60.0800","0","7","43.8700","143.0000","-0.4500","0.5400","40.7100","151.0000","-0.3500","5","53.3600","119.0000","-0.1700","0","98.0200","6.0000","-0.1400","0.0000","98.0200","6.0000","-0.1300","0","98.0200","6.0000","-0.1400","0.3800","55.7300","113.0000","0.1600","0.0000","98.0200","6.0000","-0.1300","0.0000","94.4700","15.0000","-0.2300","0","94.4700","15.0000","-0.1800","0.0000","94.4700","15.0000","-0.2200","0","94.4700","15.0000","-0.2200","0","0","0"
"AAD2023.06.02752","288","14388","156","University of Maryland, Baltimore County","Sociology and Anthropology, Department of","Sociology - Articles-Focused","14","116.0000","78","94.0000","12","113.0000","6.5000","67.0000","730","107.0000","10","137.0000","0.7700","235.0000","2","78.0000","2","86.0000","1117418.0000","64.0000","9","127.0000","7","100.0000","5","178.0000","4","150.0000","7","15","0","40","38","0.2900","-0.5300","174.0000","31.6200","0.3600","-0.8300","195.0000","23.3200","0.8600","0.3700","122.0000","52.1700","5.5700","0.4200","77.0000","69.9600","0.7100","-0.2200","163.0000","35.9700","52.1400","-0.1200","98.0000","61.6600","9.3600","-0.2900","142.0000","44.2700","0.1400","0.1600","93.0000","63.6400","0.1400","-0.1500","103.0000","59.6800","79815.5700","-0.0500","60.0000","76.6800","558709.0000","0.7200","33.0000","87.3500","0.6400","-0.3700","133.0000","47.8300","0.5000","0.2600","99.0000","61.2600","-0.1000","114.0000","55.3400","-0.0700","-0.4700","-0.2700","-0.0900","-0.0500","0.4600","-1.2082","-0.3900","-0.6800","-0.2500","-0.1600","-0.2600","0.0300","-0.1500","60.8700","41.1100","46.2500","69.5700","55.7300","73.9100","7.5100","50.2000","30.0400","58.1000","75.1000","66.4000","63.2400","54.5500","253","4/1/2025 16:37","4","2","2.0000","0.2900","0.1400","15.0000","16.0000","11.0000","8.0000","16.0000","1.4000","1.3138","1.6600","2.3200","1.9800","94.4700","94.0700","96.0500","97.2300","94.0700","0","7","43.8700","143.0000","-0.4500","0.5000","39.1300","155.0000","-0.4400","5","53.3600","119.0000","-0.1700","0","98.0200","6.0000","-0.1400","0.0000","98.0200","6.0000","-0.1300","0","98.0200","6.0000","-0.1400","0.3600","48.2200","132.0000","0.0100","0.0000","98.0200","6.0000","-0.1300","0.0000","94.4700","15.0000","-0.2300","0","94.4700","15.0000","-0.1800","0.0000","94.4700","15.0000","-0.2200","0","94.4700","15.0000","-0.2200","0","0","0"
"AAD2023.06.02752","355","14471","156","Wake Forest University","Sociology, Department of","Sociology - Articles-Focused","11","168.0000","31","170.0000","7","175.0000","4.4300","135.0000","443","135.0000","7","172.0000","1.0000","1.0000","0","158.0000","0","158.0000","0.0000","158.0000","20","76.0000","8","81.0000","11","106.0000","5","122.0000","7","15","0","40","38","0.4500","0.3900","81.0000","68.3800","1.0000","0.4800","65.0000","74.7000","0.6400","-0.7300","200.0000","21.3400","2.8200","-0.5500","162.0000","36.3600","0.6400","-0.6000","187.0000","26.4800","40.2700","-0.3000","122.0000","52.1700","14.2900","0.3400","59.0000","77.0800","0.0000","-0.9100","158.0000","37.9400","0.0000","-0.7800","158.0000","37.9400","0.0000","-0.4200","158.0000","37.9400","0.0000","-0.5800","158.0000","37.9400","1.8200","0.7500","43.0000","83.4000","0.7300","1.1200","40.0000","84.5900","-0.3000","140.0000","45.0600","0.0700","-0.2500","-0.6700","-0.7400","-0.7000","-0.2800","0.6422","0.0100","-0.1300","-0.4400","-0.3400","-0.6100","-0.6000","-0.5300","68.3800","52.1700","32.4100","37.9400","31.2300","47.0400","100.0000","70.3600","58.5000","47.0400","37.9400","37.9400","33.2000","33.9900","253","4/1/2025 16:37","0","0","0.0000","0.0000","0.0000","102.0000","102.0000","102.0000","102.0000","102.0000","-0.6700","-0.6212","-0.5500","-0.5600","-0.6700","60.0800","60.0800","60.0800","60.0800","60.0800","0","12","63.2400","94.0000","0.0700","1.0900","82.2100","46.0000","0.9300","7","71.5400","73.0000","0.2900","0","98.0200","6.0000","-0.1400","0.0000","98.0200","6.0000","-0.1300","0","98.0200","6.0000","-0.1400","0.6400","94.4700","15.0000","1.5300","0.0000","98.0200","6.0000","-0.1300","0.0000","94.4700","15.0000","-0.2300","0","94.4700","15.0000","-0.1800","0.0000","94.4700","15.0000","-0.2200","0","94.4700","15.0000","-0.2200","0","0","0"
"AAD2023.06.02752","277","14492","156","University of Houston","Sociology, Department of","Sociology - Articles-Focused","13","133.0000","50","133.0000","8","167.0000","6.2500","75.0000","403","141.0000","7","172.0000","0.8800","185.0000","3","62.0000","4","63.0000","916001.0000","77.0000","9","127.0000","8","81.0000","9","131.0000","5","122.0000","7","15","0","40","38","0.3800","0.0100","117.0000","54.1500","0.6900","-0.1500","131.0000","48.6200","0.6200","-0.8400","208.0000","18.1800","3.8500","-0.1900","125.0000","50.9900","0.5400","-1.0700","215.0000","15.4200","31.0000","-0.4500","143.0000","43.8700","8.0600","-0.4500","171.0000","32.8100","0.2300","0.8100","55.0000","78.6600","0.3100","0.5800","57.0000","77.8700","70461.6200","-0.0900","68.0000","73.5200","229000.2500","-0.0500","82.0000","67.9800","0.6900","-0.3300","126.0000","50.5900","0.6200","0.7000","70.0000","72.7300","-0.3000","140.0000","45.0600","0.0700","-0.2500","-0.6700","0.2400","-0.5700","0.3700","-0.3601","-0.3900","-0.3100","-0.4600","-0.1900","0.0900","-0.3500","-0.2800","68.3800","52.1700","32.4100","75.8900","34.3900","70.7500","27.2700","50.2000","48.6200","44.6600","69.9600","75.4900","47.8300","47.8300","253","4/1/2025 16:37","2","1","2.0000","0.1500","0.0800","43.0000","16.0000","36.0000","30.0000","52.0000","0.3700","1.3138","0.5500","0.9900","0.7600","83.4000","94.0700","86.1700","88.5400","79.8400","0","11","58.5000","106.0000","-0.0400","0.8500","66.4000","86.0000","0.3600","6","63.2400","94.0000","0.0600","0","98.0200","6.0000","-0.1400","0.0000","98.0200","6.0000","-0.1300","0","98.0200","6.0000","-0.1400","0.4600","72.7300","70.0000","0.5800","0.0000","98.0200","6.0000","-0.1300","0.0000","94.4700","15.0000","-0.2300","0","94.4700","15.0000","-0.1800","0.0000","94.4700","15.0000","-0.2200","0","94.4700","15.0000","-0.2200","0","0","0"
"AAD2023.06.02752","537408","14915","156","Rutgers - Camden","Sociology, Anthropology and Criminal Justice, Department of","Sociology - Articles-Focused","12","153.0000","110","61.0000","10","139.0000","11.0000","10.0000","1348","70.0000","10","137.0000","1.0000","1.0000","3","62.0000","3","79.0000","462633.0000","97.0000","5","162.0000","4","142.0000","3","201.0000","3","165.0000","7","15","0","40","38","0.2500","-0.7200","186.0000","26.8800","0.2500","-1.0400","209.0000","17.7900","0.8300","0.2500","135.0000","47.0400","9.1700","1.6700","15.0000","94.4700","0.8300","0.3500","112.0000","56.1300","112.3300","0.8000","38.0000","85.3800","12.2500","0.0800","89.0000","65.2200","0.2500","0.9600","45.0000","82.6100","0.2500","0.3300","71.0000","72.3300","38552.7500","-0.2400","91.0000","64.4300","154211.0000","-0.2200","107.0000","58.1000","0.4200","-0.5900","163.0000","35.9700","0.3300","-0.3600","153.0000","39.9200","0.3000","61.0000","76.2800","-0.5000","-0.6900","-0.2700","0.2400","-0.3100","2.0700","0.6422","-0.5300","-0.8700","0.1500","-0.2600","-0.0800","0.4600","-0.4100","44.2700","35.1800","46.2500","75.8900","45.4500","96.4400","100.0000","36.3600","20.9500","72.7300","62.0600","69.1700","76.2800","39.9200","253","4/1/2025 16:37","1","1","1.0000","0.0800","0.0800","43.0000","46.0000","65.0000","60.0000","41.0000","0.3700","0.3463","0.0000","0.2800","0.8800","83.4000","82.2100","74.7000","76.6800","84.1900","0","12","63.2400","94.0000","0.0700","1.0000","78.6600","55.0000","0.7200","6","63.2400","94.0000","0.0600","0","98.0200","6.0000","-0.1400","0.0000","98.0200","6.0000","-0.1300","0","98.0200","6.0000","-0.1400","0.5000","81.4200","48.0000","0.7900","0.0000","98.0200","6.0000","-0.1300","0.0000","94.4700","15.0000","-0.2300","0","94.4700","15.0000","-0.1800","0.0000","94.4700","15.0000","-0.2200","0","94.4700","15.0000","-0.2200","0","0","0"
"AAD2023.06.02752","44","15061","156","Clemson University","Sociology, Anthropology, and Criminal Justice, Department of","Sociology - Articles-Focused","19","63.0000","105","66.0000","14","88.0000","7.5000","46.0000","1793","51.0000","14","84.0000","0.9300","147.0000","5","35.0000","6","49.0000","1946949.0000","49.0000","13","99.0000","10","64.0000","9","131.0000","6","90.0000","7","15","0","40","38","0.3200","-0.3600","162.0000","36.3600","0.4700","-0.5900","167.0000","34.3900","0.7400","-0.2300","165.0000","35.1800","5.5300","0.4000","80.0000","68.7700","0.7400","-0.1100","153.0000","39.9200","94.3700","0.5300","53.0000","79.4500","17.0800","0.6900","35.0000","86.5600","0.2600","1.0600","41.0000","84.1900","0.3200","0.6200","54.0000","79.0500","102471.0000","0.0600","46.0000","82.2100","324491.5000","0.1800","61.0000","76.2800","0.6800","-0.3300","127.0000","50.2000","0.5300","0.3600","98.0000","61.6600","0.2000","81.0000","68.3800","0.3500","-0.0200","0.2600","0.8900","0.2000","0.8200","0.1076","-0.2400","-0.3100","0.4400","-0.0200","0.4400","0.3900","0.4900","75.1000","64.8200","67.1900","86.5600","65.6100","82.2100","42.2900","61.2600","48.6200","80.2400","81.0300","81.0300","74.3100","75.4900","253","4/1/2025 16:37","13","2","6.5000","0.6800","0.1100","15.0000","1.0000","1.0000","2.0000","28.0000","1.4000","5.6674","6.6300","6.3300","1.2900","94.4700","100.0000","100.0000","99.6000","89.3300","0","14","68.7700","80.0000","0.2700","0.7400","56.5200","111.0000","0.1100","7","71.5400","73.0000","0.2900","0","98.0200","6.0000","-0.1400","0.0000","98.0200","6.0000","-0.1300","0","98.0200","6.0000","-0.1400","0.3700","50.5900","126.0000","0.0700","0.0000","98.0200","6.0000","-0.1300","0.0000","94.4700","15.0000","-0.2300","0","94.4700","15.0000","-0.1800","0.0000","94.4700","15.0000","-0.2200","0","94.4700","15.0000","-0.2200","0","0","0"
"AAD2023.06.02752","55","15659","156","Dartmouth College","Sociology, Department of","Sociology - Articles-Focused","13","133.0000","50","133.0000","12","113.0000","4.1700","142.0000","474","126.0000","13","94.0000","1.0000","1.0000","4","45.0000","4","63.0000","241604.0000","115.0000","12","105.0000","7","100.0000","5","178.0000","5","122.0000","7","15","0","40","38","0.3800","0.0100","117.0000","54.1500","0.3800","-0.7700","192.0000","24.5100","0.9200","0.6900","69.0000","73.1200","3.8500","-0.1900","125.0000","50.9900","1.0000","1.1500","1.0000","100.0000","36.4600","-0.3600","129.0000","49.4100","9.4800","-0.2700","141.0000","44.6600","0.3100","1.3900","29.0000","88.9300","0.3100","0.5800","57.0000","77.8700","18584.9200","-0.3300","114.0000","55.3400","60401.0000","-0.4400","142.0000","44.2700","0.9200","-0.1100","102.0000","60.0800","0.5400","0.4100","92.0000","64.0300","0.0000","104.0000","59.2900","-0.0700","-0.2500","0.1200","0.5600","-0.0500","-0.3800","0.6422","-0.2800","-0.6800","-0.4200","-0.3000","0.0900","-0.3500","-0.2800","60.8700","52.1700","63.2400","82.6100","55.7300","44.2700","100.0000","58.8900","30.0400","50.5900","54.9400","75.4900","47.8300","47.8300","253","4/1/2025 16:37","2","2","1.0000","0.1500","0.1500","15.0000","46.0000","36.0000","30.0000","13.0000","1.4000","0.3463","0.5500","0.9900","2.1900","94.4700","82.2100","86.1700","88.5400","95.2600","0","7","43.8700","143.0000","-0.4500","0.5400","40.7100","151.0000","-0.3500","3","35.9700","163.0000","-0.6300","0","98.0200","6.0000","-0.1400","0.0000","98.0200","6.0000","-0.1300","0","98.0200","6.0000","-0.1400","0.2300","28.8500","181.0000","-0.6800","0.0000","98.0200","6.0000","-0.1300","0.0000","94.4700","15.0000","-0.2300","0","94.4700","15.0000","-0.1800","0.0000","94.4700","15.0000","-0.2200","0","94.4700","15.0000","-0.2200","0","0","0"
"AAD2023.06.02752","348","15754","156","University of Wisconsin - Milwaukee","Sociology, Department of","Sociology - Articles-Focused","13","133.0000","33","162.0000","9","151.0000","3.6700","165.0000","318","158.0000","10","137.0000","1.0000","1.0000","2","78.0000","2","86.0000","258599.0000","111.0000","6","153.0000","5","130.0000","3","201.0000","3","165.0000","7","15","0","40","38","0.2300","-0.8300","203.0000","20.1600","0.2300","-1.0800","220.0000","13.4400","0.6900","-0.4500","182.0000","28.4600","2.5400","-0.6400","173.0000","32.0200","0.7700","0.0400","142.0000","44.2700","24.4600","-0.5500","163.0000","35.9700","9.6400","-0.2500","137.0000","46.2500","0.1500","0.2400","87.0000","66.0100","0.1500","-0.1000","98.0000","61.6600","19892.2300","-0.3300","111.0000","56.5200","129299.5000","-0.2800","117.0000","54.1500","0.4600","-0.5500","156.0000","38.7400","0.3800","-0.1700","137.0000","46.2500","-0.5000","171.0000","32.8100","-0.3600","-0.6900","-0.2700","-0.0900","-0.4400","-0.5500","0.6422","-0.5000","-0.8700","-0.5200","-0.3000","-0.2600","-0.5700","-0.2800","49.0100","35.1800","46.2500","69.5700","40.7100","35.1800","100.0000","39.9200","20.9500","37.9400","56.5200","66.4000","36.3600","47.8300","253","4/1/2025 16:37","3","1","3.0000","0.2300","0.0800","43.0000","6.0000","21.0000","13.0000","52.0000","0.3700","2.2812","1.1000","1.7600","0.7600","83.4000","98.0200","92.0900","95.2600","79.8400","0","4","30.0400","178.0000","-0.7500","0.3100","22.1300","198.0000","-0.8900","2","26.0900","188.0000","-0.8600","0","98.0200","6.0000","-0.1400","0.0000","98.0200","6.0000","-0.1300","0","98.0200","6.0000","-0.1400","0.1500","15.0200","216.0000","-1.1000","0.0000","98.0200","6.0000","-0.1300","0.0000","94.4700","15.0000","-0.2300","0","94.4700","15.0000","-0.1800","0.0000","94.4700","15.0000","-0.2200","0","94.4700","15.0000","-0.2200","0","0","0"
"AAD2023.06.02752","231","15902","156","University of Texas at El Paso, The","Sociology and Anthropology, Department of","Sociology - Articles-Focused","12","153.0000","74","97.0000","11","124.0000","6.7300","60.0000","958","87.0000","11","123.0000","1.0000","1.0000","4","45.0000","6","49.0000","965041.0000","72.0000","17","85.0000","9","71.0000","13","87.0000","9","52.0000","7","15","0","40","38","0.7500","2.0000","8.0000","97.2300","1.0800","0.6500","59.0000","77.0800","0.9200","0.6600","76.0000","70.3600","6.1700","0.6200","60.0000","76.6800","0.9200","0.7500","71.0000","72.3300","79.8300","0.3000","67.0000","73.9100","12.9500","0.1700","79.0000","69.1700","0.3300","1.5800","20.0000","92.4900","0.5000","1.4400","25.0000","90.5100","80420.0800","-0.0400","59.0000","77.0800","160840.1700","-0.2100","104.0000","59.2900","1.4200","0.3700","68.0000","73.5200","0.7500","1.2000","29.0000","88.9300","0.3000","61.0000","76.2800","0.2100","0.6400","-0.1400","0.5600","-0.1800","0.5400","0.6422","-0.1000","0.0600","-0.1000","-0.1800","0.4400","-0.0200","-0.4100","72.3300","79.8400","51.7800","82.6100","51.3800","76.6800","100.0000","66.8000","66.0100","66.0100","71.9400","81.0300","62.0600","39.9200","253","4/1/2025 16:37","1","1","1.0000","0.0800","0.0800","43.0000","46.0000","65.0000","60.0000","41.0000","0.3700","0.3463","0.0000","0.2800","0.8800","83.4000","82.2100","74.7000","76.6800","84.1900","0","8","48.6200","131.0000","-0.3400","0.6700","52.5700","121.0000","-0.0500","5","53.3600","119.0000","-0.1700","0","98.0200","6.0000","-0.1400","0.0000","98.0200","6.0000","-0.1300","0","98.0200","6.0000","-0.1400","0.4200","63.2400","94.0000","0.3300","0.0000","98.0200","6.0000","-0.1300","0.0000","94.4700","15.0000","-0.2300","0","94.4700","15.0000","-0.1800","0.0000","94.4700","15.0000","-0.2200","0","94.4700","15.0000","-0.2200","0","0","0"
"AAD2023.06.02752","286","15917","156","University of Louisville","Sociology, Department of","Sociology - Articles-Focused","14","116.0000","31","170.0000","10","139.0000","3.1000","194.0000","232","179.0000","8","159.0000","0.8000","218.0000","0","158.0000","0","158.0000","0.0000","158.0000","4","171.0000","4","142.0000","6","161.0000","1","223.0000","7","15","0","40","38","0.0700","-1.6900","240.0000","5.5300","0.4300","-0.6800","179.0000","29.6400","0.7100","-0.3400","173.0000","32.0200","2.2100","-0.7600","195.0000","23.3200","0.5700","-0.9100","208.0000","18.1800","16.5700","-0.6700","190.0000","25.3000","7.4800","-0.5300","182.0000","28.4600","0.0000","-0.9100","158.0000","37.9400","0.0000","-0.7800","158.0000","37.9400","0.0000","-0.4200","158.0000","37.9400","0.0000","-0.5800","158.0000","37.9400","0.2900","-0.7200","190.0000","25.3000","0.2900","-0.5400","167.0000","34.3900","-0.6000","191.0000","24.9000","-0.5000","-1.1300","-0.5400","-0.7400","-0.3100","-0.7600","-0.9614","-0.5700","-0.5900","-0.5800","-0.3400","-0.6100","-0.6000","-0.1500","44.2700","12.2500","37.5500","37.9400","45.4500","23.7200","14.2300","32.8100","36.7600","29.6400","37.9400","37.9400","33.2000","54.5500","253","4/1/2025 16:37","1","1","1.0000","0.0700","0.0700","43.0000","46.0000","65.0000","76.0000","61.0000","0.3700","0.3463","0.0000","0.1600","0.6600","83.4000","82.2100","74.7000","70.3600","76.2800","0","5","34.3900","167.0000","-0.6500","0.3600","26.8800","186.0000","-0.7700","3","35.9700","163.0000","-0.6300","0","98.0200","6.0000","-0.1400","0.0000","98.0200","6.0000","-0.1300","0","98.0200","6.0000","-0.1400","0.2100","24.9000","191.0000","-0.7700","0.0000","98.0200","6.0000","-0.1300","0.0000","94.4700","15.0000","-0.2300","0","94.4700","15.0000","-0.1800","0.0000","94.4700","15.0000","-0.2200","0","94.4700","15.0000","-0.2200","0","0","0"
"AAD2023.06.02752","225","16311","156","University of Montana, Missoula","Sociology, Department of","Sociology - Articles-Focused","4","240.0000","9","224.0000","2","237.0000","4.5000","130.0000","100","208.0000","2","233.0000","1.0000","1.0000","0","158.0000","0","158.0000","0.0000","158.0000","1","214.0000","1","208.0000","0","245.0000","0","245.0000","7","15","0","40","38","0.0000","-2.0800","245.0000","3.5600","0.0000","-1.5500","245.0000","3.5600","0.5000","-1.4100","223.0000","12.2500","2.2500","-0.7400","193.0000","24.1100","0.5000","-1.2500","217.0000","14.6200","25.0000","-0.5400","158.0000","37.9400","11.1100","-0.0700","107.0000","58.1000","0.0000","-0.9100","158.0000","37.9400","0.0000","-0.7800","158.0000","37.9400","0.0000","-0.4200","158.0000","37.9400","0.0000","-0.5800","158.0000","37.9400","0.2500","-0.7500","194.0000","23.7200","0.2500","-0.6800","179.0000","29.6400","-0.5000","171.0000","32.8100","-0.9200","-1.3500","-1.3300","-0.7400","-1.3500","-0.2600","0.6422","-0.6800","-1.1500","-0.6600","-0.3400","-0.6100","-0.9000","-1.4300","18.1800","3.5600","8.3000","37.9400","6.7200","49.0100","100.0000","15.8100","3.5600","18.1800","37.9400","37.9400","11.8600","5.5300","253","4/1/2025 16:37","0","0","0.0000","0.0000","0.0000","102.0000","102.0000","102.0000","102.0000","102.0000","-0.6700","-0.6212","-0.5500","-0.5600","-0.6700","60.0800","60.0800","60.0800","60.0800","60.0800","0","0","5.5300","240.0000","-1.1600","0.0000","5.5300","240.0000","-1.6100","0","5.5300","240.0000","-1.3300","0","98.0200","6.0000","-0.1400","0.0000","98.0200","6.0000","-0.1300","0","98.0200","6.0000","-0.1400","0.0000","5.5300","240.0000","-1.9400","0.0000","98.0200","6.0000","-0.1300","0.0000","94.4700","15.0000","-0.2300","0","94.4700","15.0000","-0.1800","0.0000","94.4700","15.0000","-0.2200","0","94.4700","15.0000","-0.2200","0","0","0"
"AAD2023.06.02752","407","16355","156","East Carolina University","Sociology, Department of","Sociology - Articles-Focused","14","116.0000","46","137.0000","12","113.0000","3.8300","161.0000","363","148.0000","11","123.0000","0.9200","159.0000","0","158.0000","0","158.0000","0.0000","158.0000","3","180.0000","3","164.0000","15","70.0000","6","90.0000","7","15","0","40","38","0.4300","0.2500","86.0000","66.4000","1.0700","0.6200","61.0000","76.2800","0.8600","0.3700","122.0000","52.1700","3.2900","-0.3800","141.0000","44.6600","0.7900","0.1200","134.0000","47.4300","25.9300","-0.5200","156.0000","38.7400","7.8900","-0.4700","175.0000","31.2300","0.0000","-0.9100","158.0000","37.9400","0.0000","-0.7800","158.0000","37.9400","0.0000","-0.4200","158.0000","37.9400","0.0000","-0.5800","158.0000","37.9400","0.2100","-0.7800","207.0000","18.5800","0.2100","-0.8100","192.0000","24.5100","-0.3000","140.0000","45.0600","-0.6400","-0.0200","-0.1400","-0.7400","-0.0500","-0.5000","-0.0260","-0.6000","0.2500","-0.4900","-0.3400","-0.6100","-0.4000","-0.1500","35.5700","64.8200","51.7800","37.9400","55.7300","36.7600","37.5500","29.2500","72.7300","41.9000","37.9400","37.9400","46.2500","54.5500","253","4/1/2025 16:37","0","0","0.0000","0.0000","0.0000","102.0000","102.0000","102.0000","102.0000","102.0000","-0.6700","-0.6212","-0.5500","-0.5600","-0.6700","60.0800","60.0800","60.0800","60.0800","60.0800","0","5","34.3900","167.0000","-0.6500","0.3600","26.8800","186.0000","-0.7700","3","35.9700","163.0000","-0.6300","0","98.0200","6.0000","-0.1400","0.0000","98.0200","6.0000","-0.1300","0","98.0200","6.0000","-0.1400","0.2100","24.9000","191.0000","-0.7700","0.0000","98.0200","6.0000","-0.1300","0.0000","94.4700","15.0000","-0.2300","0","94.4700","15.0000","-0.1800","0.0000","94.4700","15.0000","-0.2200","0","94.4700","15.0000","-0.2200","0","0","0"
"AAD2023.06.02752","250","17034","156","University of Arkansas","Sociology and Criminal Justice, Department of","Sociology - Articles-Focused","18","71.0000","91","83.0000","15","79.0000","6.0700","81.0000","1443","67.0000","16","64.0000","1.0000","1.0000","1","109.0000","2","86.0000","317662.0000","107.0000","7","142.0000","5","130.0000","7","151.0000","6","90.0000","7","15","0","40","38","0.3300","-0.2700","141.0000","44.6600","0.3900","-0.7600","190.0000","25.3000","0.8300","0.2500","135.0000","47.0400","5.0600","0.2400","96.0000","62.4500","0.8900","0.6200","85.0000","66.8000","80.1700","0.3100","66.0000","74.3100","15.8600","0.5400","47.0000","81.8200","0.0600","-0.5000","152.0000","40.3200","0.1100","-0.2900","113.0000","55.7300","17647.8900","-0.3400","116.0000","54.5500","158831.0000","-0.2100","105.0000","58.8900","0.3900","-0.6200","170.0000","33.2000","0.2800","-0.5700","171.0000","32.8100","0.2000","81.0000","68.3800","-0.3600","-0.0200","0.5200","-0.4100","0.3300","0.3000","0.6422","-0.4600","-0.5000","0.2100","-0.2900","-0.2600","0.2000","0.3600","49.0100","64.8200","75.1000","57.3100","69.1700","68.3800","100.0000","44.2700","40.7100","73.9100","58.1000","66.4000","67.5900","72.3300","253","4/1/2025 16:37","3","3","1.0000","0.1700","0.1700","6.0000","46.0000","21.0000","27.0000","8.0000","2.4300","0.3463","1.1000","1.1200","2.4300","98.0200","82.2100","92.0900","89.7200","97.2300","0","6","39.9200","153.0000","-0.5500","0.3300","25.6900","189.0000","-0.8300","3","35.9700","163.0000","-0.6300","0","98.0200","6.0000","-0.1400","0.0000","98.0200","6.0000","-0.1300","0","98.0200","6.0000","-0.1400","0.1700","18.9700","206.0000","-1.0300","0.0000","98.0200","6.0000","-0.1300","0.0000","94.4700","15.0000","-0.2300","0","94.4700","15.0000","-0.1800","0.0000","94.4700","15.0000","-0.2200","0","94.4700","15.0000","-0.2200","0","0","0"
"AAD2023.06.02752","269","17050","156","University of Dayton","Sociology, Anthropology and Social Work, Department of","Sociology - Articles-Focused","12","153.0000","17","201.0000","7","175.0000","2.4300","222.0000","93","209.0000","7","172.0000","0.8800","185.0000","0","158.0000","0","158.0000","0.0000","158.0000","3","180.0000","3","164.0000","3","201.0000","3","165.0000","7","15","0","40","38","0.2500","-0.7200","186.0000","26.8800","0.2500","-1.0400","209.0000","17.7900","0.5800","-0.9900","215.0000","15.4200","1.4200","-1.0400","223.0000","12.2500","0.5800","-0.8500","203.0000","20.1600","7.7500","-0.8000","221.0000","13.0400","5.4700","-0.7800","221.0000","13.0400","0.0000","-0.9100","158.0000","37.9400","0.0000","-0.7800","158.0000","37.9400","0.0000","-0.4200","158.0000","37.9400","0.0000","-0.5800","158.0000","37.9400","0.2500","-0.7500","194.0000","23.7200","0.2500","-0.6800","179.0000","29.6400","-0.8000","207.0000","18.5800","-0.6400","-0.6900","-0.6700","-0.7400","-0.7000","-1.0000","-0.3601","-0.6000","-0.8700","-0.6700","-0.3400","-0.6100","-0.7900","-0.4100","35.5700","35.1800","32.4100","37.9400","31.2300","12.6500","27.2700","29.2500","20.9500","17.7900","37.9400","37.9400","20.9500","39.9200","253","4/1/2025 16:37","0","0","0.0000","0.0000","0.0000","102.0000","102.0000","102.0000","102.0000","102.0000","-0.6700","-0.6212","-0.5500","-0.5600","-0.6700","60.0800","60.0800","60.0800","60.0800","60.0800","0","4","30.0400","178.0000","-0.7500","0.3300","25.6900","189.0000","-0.8300","2","26.0900","188.0000","-0.8600","0","98.0200","6.0000","-0.1400","0.0000","98.0200","6.0000","-0.1300","0","98.0200","6.0000","-0.1400","0.1700","18.9700","206.0000","-1.0300","0.0000","98.0200","6.0000","-0.1300","0.0000","94.4700","15.0000","-0.2300","0","94.4700","15.0000","-0.1800","0.0000","94.4700","15.0000","-0.2200","0","94.4700","15.0000","-0.2200","0","0","0"
"AAD2023.06.02752","143","17492","156","New Mexico State University","Sociology, Department of","Sociology - Articles-Focused","13","133.0000","21","194.0000","6","194.0000","3.5000","174.0000","176","187.0000","6","190.0000","1.0000","1.0000","0","158.0000","0","158.0000","0.0000","158.0000","2","202.0000","2","187.0000","2","214.0000","2","199.0000","7","15","0","40","38","0.1500","-1.2400","229.0000","9.8800","0.1500","-1.2400","233.0000","8.3000","0.4600","-1.6000","234.0000","7.9100","1.6200","-0.9700","212.0000","16.6000","0.4600","-1.4400","228.0000","10.2800","13.5400","-0.7100","201.0000","20.9500","8.3800","-0.4100","164.0000","35.5700","0.0000","-0.9100","158.0000","37.9400","0.0000","-0.7800","158.0000","37.9400","0.0000","-0.4200","158.0000","37.9400","0.0000","-0.5800","158.0000","37.9400","0.1500","-0.8400","216.0000","15.0200","0.1500","-1.0400","206.0000","18.9700","-0.9000","220.0000","13.4400","-0.7800","-0.9100","-0.8000","-0.7400","-0.8300","-0.6200","0.6422","-0.6400","-0.9600","-0.6100","-0.3400","-0.6100","-0.7400","-0.2800","26.4800","21.7400","25.3000","37.9400","23.7200","31.6200","100.0000","20.5500","15.8100","26.4800","37.9400","37.9400","23.7200","47.8300","253","4/1/2025 16:37","1","2","0.5000","0.0800","0.1500","15.0000","99.0000","65.0000","70.0000","13.0000","1.4000","-0.1374","0.0000","0.2100","2.1900","94.4700","61.2600","74.7000","72.7300","95.2600","0","1","11.4600","225.0000","-1.0600","0.0800","6.7200","237.0000","-1.4300","1","16.2100","213.0000","-1.1000","0","98.0200","6.0000","-0.1400","0.0000","98.0200","6.0000","-0.1300","0","98.0200","6.0000","-0.1400","0.0800","6.7200","237.0000","-1.5200","0.0000","98.0200","6.0000","-0.1300","0.0000","94.4700","15.0000","-0.2300","0","94.4700","15.0000","-0.1800","0.0000","94.4700","15.0000","-0.2200","0","94.4700","15.0000","-0.2200","0","0","0"
"AAD2023.06.02752","178","17686","156","Saint Louis University","Sociology and Anthropology, Department of","Sociology - Articles-Focused","10","182.0000","24","187.0000","7","175.0000","3.4300","183.0000","135","200.0000","6","190.0000","0.8600","198.0000","1","109.0000","1","114.0000","422175.0000","102.0000","11","113.0000","3","164.0000","6","161.0000","4","150.0000","7","15","0","40","38","0.4000","0.0900","108.0000","57.7100","0.6000","-0.3300","146.0000","42.6900","0.7000","-0.4100","178.0000","30.0400","2.4000","-0.6900","184.0000","27.6700","0.6000","-0.7700","199.0000","21.7400","13.5000","-0.7200","202.0000","20.5500","5.6300","-0.7600","219.0000","13.8300","0.1000","-0.1700","114.0000","55.3400","0.1000","-0.3400","118.0000","53.7500","42217.5000","-0.2200","89.0000","65.2200","422175.0000","0.4100","47.0000","81.8200","1.1000","0.0600","91.0000","64.4300","0.3000","-0.4900","165.0000","35.1800","-0.5000","171.0000","32.8100","-0.6400","-0.4700","-0.8000","-0.4100","-0.7000","-0.6400","-0.5033","-0.3200","-0.5900","-0.6400","-0.2700","-0.4400","-0.6900","-0.6600","35.5700","41.1100","25.3000","57.3100","31.2300","28.0600","22.1300","55.7300","36.7600","21.3400","60.0800","55.3400","26.4800","28.4600","253","4/1/2025 16:37","3","1","3.0000","0.3000","0.1000","43.0000","6.0000","21.0000","6.0000","30.0000","0.3700","2.2812","1.1000","2.4600","1.1900","83.4000","98.0200","92.0900","98.0200","88.5400","0","4","30.0400","178.0000","-0.7500","0.4000","30.0400","178.0000","-0.6800","4","47.0400","135.0000","-0.4000","0","98.0200","6.0000","-0.1400","0.0000","98.0200","6.0000","-0.1300","0","98.0200","6.0000","-0.1400","0.4000","60.0800","102.0000","0.2400","0.0000","98.0200","6.0000","-0.1300","0.0000","94.4700","15.0000","-0.2300","0","94.4700","15.0000","-0.1800","0.0000","94.4700","15.0000","-0.2200","0","94.4700","15.0000","-0.2200","0","0","0"
"AAD2023.06.02752","131","18616","156","Miami University","Sociology and Gerontology, Department of","Sociology - Articles-Focused","13","133.0000","128","47.0000","11","124.0000","11.6400","6.0000","1674","54.0000","10","137.0000","0.9100","164.0000","0","158.0000","0","158.0000","0.0000","158.0000","7","142.0000","6","118.0000","6","161.0000","3","165.0000","7","15","0","40","38","0.2300","-0.8300","203.0000","20.1600","0.4600","-0.6100","172.0000","32.4100","0.8500","0.3100","130.0000","49.0100","9.8500","1.9100","10.0000","96.4400","0.7700","0.0400","142.0000","44.2700","128.7700","1.0600","30.0000","88.5400","13.0800","0.1900","75.0000","70.7500","0.0000","-0.9100","158.0000","37.9400","0.0000","-0.7800","158.0000","37.9400","0.0000","-0.4200","158.0000","37.9400","0.0000","-0.5800","158.0000","37.9400","0.5400","-0.4700","149.0000","41.5000","0.4600","0.1200","114.0000","55.3400","0.4000","49.0000","81.0300","-0.2100","-0.6900","-0.2700","-0.7400","-0.1800","2.3000","-0.0868","-0.4600","-0.5900","0.3600","-0.3400","-0.6100","0.7000","-0.2800","53.7500","35.1800","46.2500","37.9400","51.3800","98.0200","35.5700","44.2700","36.7600","79.0500","37.9400","37.9400","81.8200","47.8300","253","4/1/2025 16:37","0","0","0.0000","0.0000","0.0000","102.0000","102.0000","102.0000","102.0000","102.0000","-0.6700","-0.6212","-0.5500","-0.5600","-0.6700","60.0800","60.0800","60.0800","60.0800","60.0800","0","6","39.9200","153.0000","-0.5500","0.4600","32.8100","171.0000","-0.5300","4","47.0400","135.0000","-0.4000","0","98.0200","6.0000","-0.1400","0.0000","98.0200","6.0000","-0.1300","0","98.0200","6.0000","-0.1400","0.3100","39.1300","155.0000","-0.2600","0.0000","98.0200","6.0000","-0.1300","0.0800","100.0000","1.0000","5.6300","1","99.2100","3.0000","2.0600","0.0800","99.2100","3.0000","4.4400","1","99.6000","2.0000","3.2500","0","0","0"
"AAD2023.06.02752","232","18645","156","University of Texas at San Antonio, The","Sociology, Department of","Sociology - Articles-Focused","18","71.0000","173","20.0000","16","69.0000","10.8100","12.0000","1854","47.0000","17","56.0000","1.0000","1.0000","2","78.0000","2","86.0000","1767386.0000","50.0000","15","91.0000","8","81.0000","8","142.0000","7","73.0000","7","15","0","40","38","0.3900","0.0300","114.0000","55.3400","0.4400","-0.6500","176.0000","30.8300","0.8900","0.5200","98.0000","61.6600","9.6100","1.8300","14.0000","94.8600","0.9400","0.8900","50.0000","80.6300","103.0000","0.6600","43.0000","83.4000","10.7200","-0.1100","117.0000","54.1500","0.1100","-0.0800","108.0000","57.7100","0.1100","-0.2900","113.0000","55.7300","98188.1100","0.0400","48.0000","81.4200","883693.0000","1.4900","18.0000","93.2800","0.8300","-0.1900","110.0000","56.9200","0.4400","0.0500","118.0000","53.7500","0.6000","21.0000","92.0900","0.0700","0.2000","0.6500","-0.0900","0.4600","2.0000","0.6422","-0.1700","-0.4000","0.4800","-0.0500","-0.2600","1.3100","0.3600","68.3800","71.5400","78.2600","69.5700","73.1200","95.6500","100.0000","64.4300","44.2700","81.8200","80.6300","66.4000","92.4900","72.3300","253","4/1/2025 16:37","0","0","0.0000","0.0000","0.0000","102.0000","102.0000","102.0000","102.0000","102.0000","-0.6700","-0.6212","-0.5500","-0.5600","-0.6700","60.0800","60.0800","60.0800","60.0800","60.0800","0","22","88.1400","31.0000","1.0900","1.2200","87.7500","32.0000","1.2400","9","82.6100","45.0000","0.7600","0","98.0200","6.0000","-0.1400","0.0000","98.0200","6.0000","-0.1300","0","98.0200","6.0000","-0.1400","0.5000","81.4200","48.0000","0.7900","0.0000","98.0200","6.0000","-0.1300","0.0000","94.4700","15.0000","-0.2300","0","94.4700","15.0000","-0.1800","0.0000","94.4700","15.0000","-0.2200","0","94.4700","15.0000","-0.2200","0","0","0"
"AAD2023.06.02752","228","18655","156","University of Texas Arlington","Sociology and Anthropology, Department of","Sociology - Articles-Focused","14","116.0000","41","147.0000","10","139.0000","4.1000","147.0000","231","180.0000","10","137.0000","1.0000","1.0000","1","109.0000","1","114.0000","195513.0000","121.0000","10","120.0000","6","118.0000","11","106.0000","6","90.0000","7","15","0","40","38","0.4300","0.2500","86.0000","66.4000","0.7900","0.0400","108.0000","57.7100","0.7100","-0.3400","173.0000","32.0200","2.9300","-0.5100","151.0000","40.7100","0.7100","-0.2200","163.0000","35.9700","16.5000","-0.6700","191.0000","24.9000","5.6300","-0.7600","218.0000","14.2300","0.0700","-0.3800","137.0000","46.2500","0.0700","-0.4600","140.0000","45.0600","13965.2100","-0.3600","125.0000","50.9900","195513.0000","-0.1300","95.0000","62.8500","0.7100","-0.3100","122.0000","52.1700","0.4300","-0.0100","124.0000","51.3800","-0.4000","156.0000","38.7400","-0.2100","-0.0200","-0.2700","-0.4100","-0.3100","-0.4000","0.6422","-0.3500","-0.1300","-0.5800","-0.3100","-0.4400","-0.4700","-0.1500","53.7500","64.8200","46.2500","57.3100","45.4500","42.2900","100.0000","52.9600","58.5000","29.2500","52.5700","55.3400","42.2900","54.5500","253","4/1/2025 16:37","0","0","0.0000","0.0000","0.0000","102.0000","102.0000","102.0000","102.0000","102.0000","-0.6700","-0.6212","-0.5500","-0.5600","-0.6700","60.0800","60.0800","60.0800","60.0800","60.0800","0","5","34.3900","167.0000","-0.6500","0.3600","26.8800","186.0000","-0.7700","4","47.0400","135.0000","-0.4000","0","98.0200","6.0000","-0.1400","0.0000","98.0200","6.0000","-0.1300","0","98.0200","6.0000","-0.1400","0.2900","35.9700","163.0000","-0.3800","0.0000","98.0200","6.0000","-0.1300","0.0000","94.4700","15.0000","-0.2300","0","94.4700","15.0000","-0.1800","0.0000","94.4700","15.0000","-0.2200","0","94.4700","15.0000","-0.2200","0","0","0"
"AAD2023.06.02752","328","18675","156","University of Rhode Island","Sociology and Anthropology, Department of","Sociology - Articles-Focused","11","168.0000","28","176.0000","8","167.0000","3.5000","174.0000","465","128.0000","9","152.0000","1.0000","1.0000","0","158.0000","0","158.0000","0.0000","158.0000","3","180.0000","3","164.0000","9","131.0000","6","90.0000","7","15","0","40","38","0.5500","0.8800","45.0000","82.6100","0.8200","0.1100","101.0000","60.4700","0.7300","-0.2800","167.0000","34.3900","2.5500","-0.6400","172.0000","32.4100","0.8200","0.2800","121.0000","52.5700","42.2700","-0.2700","116.0000","54.5500","16.6100","0.6300","39.0000","84.9800","0.0000","-0.9100","158.0000","37.9400","0.0000","-0.7800","158.0000","37.9400","0.0000","-0.4200","158.0000","37.9400","0.0000","-0.5800","158.0000","37.9400","0.2700","-0.7300","192.0000","24.5100","0.2700","-0.5900","172.0000","32.4100","-0.2000","126.0000","50.5900","-0.6400","-0.0200","-0.4000","-0.7400","-0.5700","-0.6200","0.6422","-0.6000","-0.3100","-0.4200","-0.3400","-0.6100","-0.6400","-0.5300","35.5700","64.8200","40.3200","37.9400","34.3900","31.6200","100.0000","29.2500","48.6200","49.8000","37.9400","37.9400","30.8300","33.9900","253","4/1/2025 16:37","0","0","0.0000","0.0000","0.0000","102.0000","102.0000","102.0000","102.0000","102.0000","-0.6700","-0.6212","-0.5500","-0.5600","-0.6700","60.0800","60.0800","60.0800","60.0800","60.0800","0","8","48.6200","131.0000","-0.3400","0.7300","55.3400","114.0000","0.0900","5","53.3600","119.0000","-0.1700","0","98.0200","6.0000","-0.1400","0.0000","98.0200","6.0000","-0.1300","0","98.0200","6.0000","-0.1400","0.4500","70.3600","76.0000","0.5400","0.0000","98.0200","6.0000","-0.1300","0.0000","94.4700","15.0000","-0.2300","0","94.4700","15.0000","-0.1800","0.0000","94.4700","15.0000","-0.2200","0","94.4700","15.0000","-0.2200","0","0","0"
"AAD2023.06.02752","302","18844","156","University of Mississippi, The","Sociology and Anthropology, Department of","Sociology - Articles-Focused","14","116.0000","41","147.0000","10","139.0000","4.1000","147.0000","279","167.0000","9","152.0000","0.9000","171.0000","1","109.0000","2","86.0000","450044.0000","99.0000","6","153.0000","5","130.0000","10","119.0000","5","122.0000","7","15","0","40","38","0.3600","-0.1400","134.0000","47.4300","0.7100","-0.1000","123.0000","51.7800","0.7100","-0.3400","173.0000","32.0200","2.9300","-0.5100","151.0000","40.7100","0.6400","-0.5700","186.0000","26.8800","19.9300","-0.6200","179.0000","29.6400","6.8000","-0.6100","194.0000","23.7200","0.0700","-0.3800","137.0000","46.2500","0.1400","-0.1500","103.0000","59.6800","32146.0000","-0.2700","97.0000","62.0600","225022.0000","-0.0600","85.0000","66.8000","0.4300","-0.5800","159.0000","37.5500","0.3600","-0.2700","149.0000","41.5000","-0.4000","156.0000","38.7400","-0.3600","-0.2500","-0.4000","-0.4100","-0.3100","-0.4000","-0.1596","-0.5000","-0.2200","-0.5500","-0.2600","-0.2600","-0.4700","-0.1500","49.0100","52.1700","40.3200","57.3100","45.4500","42.2900","32.8100","39.9200","53.3600","34.3900","61.2600","66.4000","42.2900","54.5500","253","4/1/2025 16:37","0","0","0.0000","0.0000","0.0000","102.0000","102.0000","102.0000","102.0000","102.0000","-0.6700","-0.6212","-0.5500","-0.5600","-0.6700","60.0800","60.0800","60.0800","60.0800","60.0800","0","17","76.2800","61.0000","0.5800","1.2100","86.9600","34.0000","1.2200","5","53.3600","119.0000","-0.1700","0","98.0200","6.0000","-0.1400","0.0000","98.0200","6.0000","-0.1300","0","98.0200","6.0000","-0.1400","0.3600","48.2200","132.0000","0.0100","0.0000","98.0200","6.0000","-0.1300","0.0000","94.4700","15.0000","-0.2300","0","94.4700","15.0000","-0.1800","0.0000","94.4700","15.0000","-0.2200","0","94.4700","15.0000","-0.2200","0","0","0"
"AAD2023.06.02752","287","18865","156","University of Maine, The","Sociology, Department of","Sociology - Articles-Focused","4","240.0000","8","228.0000","2","237.0000","4.0000","150.0000","66","218.0000","3","226.0000","1.0000","1.0000","0","158.0000","0","158.0000","0.0000","158.0000","3","180.0000","3","164.0000","2","214.0000","2","199.0000","7","15","0","40","38","0.5000","0.6400","59.0000","77.0800","0.5000","-0.5400","162.0000","36.3600","0.5000","-1.4100","223.0000","12.2500","2.0000","-0.8300","202.0000","20.5500","0.7500","-0.0500","147.0000","42.2900","16.5000","-0.6700","191.0000","24.9000","8.2500","-0.4300","166.0000","34.7800","0.0000","-0.9100","158.0000","37.9400","0.0000","-0.7800","158.0000","37.9400","0.0000","-0.4200","158.0000","37.9400","0.0000","-0.5800","158.0000","37.9400","0.7500","-0.2700","117.0000","54.1500","0.7500","1.2000","29.0000","88.9300","-0.5000","171.0000","32.8100","-0.6400","-0.9100","-1.1900","-0.7400","-1.3500","-0.4400","0.6422","-0.6000","-0.9600","-0.6800","-0.3400","-0.6100","-0.9100","-1.4300","35.5700","21.7400","11.0700","37.9400","6.7200","41.1100","100.0000","29.2500","15.8100","14.2300","37.9400","37.9400","10.2800","5.5300","253","4/1/2025 16:37","0","0","0.0000","0.0000","0.0000","102.0000","102.0000","102.0000","102.0000","102.0000","-0.6700","-0.6212","-0.5500","-0.5600","-0.6700","60.0800","60.0800","60.0800","60.0800","60.0800","0","5","34.3900","167.0000","-0.6500","1.2500","89.7200","27.0000","1.3000","2","26.0900","188.0000","-0.8600","0","98.0200","6.0000","-0.1400","0.0000","98.0200","6.0000","-0.1300","0","98.0200","6.0000","-0.1400","0.5000","81.4200","48.0000","0.7900","0.0000","98.0200","6.0000","-0.1300","0.0000","94.4700","15.0000","-0.2300","0","94.4700","15.0000","-0.1800","0.0000","94.4700","15.0000","-0.2200","0","94.4700","15.0000","-0.2200","0","0","0"
"AAD2023.06.02752","97","18901","156","Indiana University - Indianapolis","Sociology, Department of","Sociology - Articles-Focused","8","200.0000","33","162.0000","6","194.0000","5.5000","109.0000","857","95.0000","6","190.0000","1.0000","1.0000","0","158.0000","0","158.0000","0.0000","158.0000","11","113.0000","6","118.0000","5","178.0000","5","122.0000","7","15","0","40","38","0.6300","1.3200","26.0000","90.1200","0.6300","-0.2800","142.0000","44.2700","0.7500","-0.1700","158.0000","37.9400","4.1300","-0.0900","112.0000","56.1300","0.7500","-0.0500","147.0000","42.2900","107.1300","0.7200","40.0000","84.5900","25.9700","1.8300","11.0000","96.0500","0.0000","-0.9100","158.0000","37.9400","0.0000","-0.7800","158.0000","37.9400","0.0000","-0.4200","158.0000","37.9400","0.0000","-0.5800","158.0000","37.9400","1.3800","0.3300","70.0000","72.7300","0.7500","1.2000","29.0000","88.9300","-0.3000","140.0000","45.0600","-0.2100","-0.2500","-0.8000","-0.7400","-0.8300","0.1000","0.6422","-0.3200","-0.6800","-0.1700","-0.3400","-0.6100","-0.5700","-0.9200","53.7500","52.1700","25.3000","37.9400","23.7200","57.3100","100.0000","55.7300","30.0400","62.8500","37.9400","37.9400","36.3600","21.3400","253","4/1/2025 16:37","0","0","0.0000","0.0000","0.0000","102.0000","102.0000","102.0000","102.0000","102.0000","-0.6700","-0.6212","-0.5500","-0.5600","-0.6700","60.0800","60.0800","60.0800","60.0800","60.0800","0","8","48.6200","131.0000","-0.3400","1.0000","78.6600","55.0000","0.7200","5","53.3600","119.0000","-0.1700","0","98.0200","6.0000","-0.1400","0.0000","98.0200","6.0000","-0.1300","0","98.0200","6.0000","-0.1400","0.6300","93.2800","18.0000","1.4700","0.0000","98.0200","6.0000","-0.1300","0.0000","94.4700","15.0000","-0.2300","0","94.4700","15.0000","-0.1800","0.0000","94.4700","15.0000","-0.2200","0","94.4700","15.0000","-0.2200","0","0","0"
"AAD2023.06.02752","298","18928","156","University of Memphis","Sociology, Department of","Sociology - Articles-Focused","10","182.0000","28","176.0000","7","175.0000","4.0000","150.0000","404","140.0000","8","159.0000","1.0000","1.0000","0","158.0000","0","158.0000","0.0000","158.0000","1","214.0000","1","208.0000","3","201.0000","2","199.0000","7","15","0","40","38","0.2000","-0.9900","214.0000","15.8100","0.3000","-0.9400","203.0000","20.1600","0.7000","-0.4100","178.0000","30.0400","2.8000","-0.5500","163.0000","35.9700","0.8000","0.1900","127.0000","50.2000","40.4000","-0.3000","121.0000","52.5700","14.4300","0.3600","57.0000","77.8700","0.0000","-0.9100","158.0000","37.9400","0.0000","-0.7800","158.0000","37.9400","0.0000","-0.4200","158.0000","37.9400","0.0000","-0.5800","158.0000","37.9400","0.1000","-0.8900","223.0000","12.2500","0.1000","-1.2400","223.0000","12.2500","-0.3000","140.0000","45.0600","-0.9200","-0.9100","-0.5400","-0.7400","-0.7000","-0.4400","0.6422","-0.6800","-0.8700","-0.4600","-0.3400","-0.6100","-0.6400","-0.6600","18.1800","21.7400","37.5500","37.9400","31.2300","41.1100","100.0000","15.8100","20.9500","45.0600","37.9400","37.9400","30.8300","28.4600","253","4/1/2025 16:37","0","0","0.0000","0.0000","0.0000","102.0000","102.0000","102.0000","102.0000","102.0000","-0.6700","-0.6212","-0.5500","-0.5600","-0.6700","60.0800","60.0800","60.0800","60.0800","60.0800","0","9","52.9600","120.0000","-0.2400","0.9000","69.5700","78.0000","0.4900","3","35.9700","163.0000","-0.6300","0","98.0200","6.0000","-0.1400","0.0000","98.0200","6.0000","-0.1300","0","98.0200","6.0000","-0.1400","0.3000","38.3400","157.0000","-0.3000","0.0000","98.0200","6.0000","-0.1300","0.0000","94.4700","15.0000","-0.2300","0","94.4700","15.0000","-0.1800","0.0000","94.4700","15.0000","-0.2200","0","94.4700","15.0000","-0.2200","0","0","0"
"AAD2023.06.02752","70","18969","156","Florida Atlantic University","Sociology, Department of","Sociology - Articles-Focused","11","168.0000","24","187.0000","7","175.0000","3.4300","183.0000","287","165.0000","8","159.0000","0.8900","176.0000","1","109.0000","1","114.0000","151403.0000","127.0000","7","142.0000","3","164.0000","3","201.0000","3","165.0000","7","15","0","40","38","0.2700","-0.6000","181.0000","28.8500","0.2700","-1.0000","206.0000","18.9700","0.6400","-0.7300","200.0000","21.3400","2.1800","-0.7700","196.0000","22.9200","0.7300","-0.1600","157.0000","38.3400","26.0900","-0.5200","155.0000","39.1300","11.9600","0.0400","96.0000","62.4500","0.0900","-0.2300","122.0000","52.1700","0.0900","-0.3800","125.0000","50.9900","13763.9100","-0.3600","126.0000","50.5900","151403.0000","-0.2300","110.0000","56.9200","0.6400","-0.3800","136.0000","46.6400","0.2700","-0.5900","172.0000","32.4100","-0.5000","171.0000","32.8100","-0.6400","-0.6900","-0.5400","-0.4100","-0.7000","-0.6400","-0.2487","-0.4600","-0.8700","-0.5400","-0.3100","-0.4400","-0.6900","-0.5300","35.5700","35.1800","37.5500","57.3100","31.2300","28.0600","30.8300","44.2700","20.9500","35.1800","50.2000","55.3400","26.4800","33.9900","253","4/1/2025 16:37","3","2","1.5000","0.2700","0.1800","15.0000","35.0000","21.0000","10.0000","7.0000","1.4000","0.8300","1.1000","2.1900","2.7100","94.4700","86.5600","92.0900","96.4400","97.6300","0","7","43.8700","143.0000","-0.4500","0.6400","47.4300","134.0000","-0.1300","4","47.0400","135.0000","-0.4000","0","98.0200","6.0000","-0.1400","0.0000","98.0200","6.0000","-0.1300","0","98.0200","6.0000","-0.1400","0.3600","49.8000","128.0000","0.0400","0.0000","98.0200","6.0000","-0.1300","0.0000","94.4700","15.0000","-0.2300","0","94.4700","15.0000","-0.1800","0.0000","94.4700","15.0000","-0.2200","0","94.4700","15.0000","-0.2200","0","0","0"
"AAD2023.06.02752","362","18996","156","West Virginia University","Sociology and Anthropology, Department of","Sociology - Articles-Focused","14","116.0000","94","80.0000","14","88.0000","6.7100","61.0000","655","113.0000","14","84.0000","1.0000","1.0000","4","45.0000","5","57.0000","758457.0000","83.0000","19","82.0000","7","100.0000","23","37.0000","9","52.0000","7","15","0","40","38","0.6400","1.4100","21.0000","92.0900","1.6400","1.7800","17.0000","93.6800","1.0000","1.0800","1.0000","100.0000","6.7100","0.8100","50.0000","80.6300","1.0000","1.1500","1.0000","100.0000","46.7900","-0.2000","104.0000","59.2900","6.9700","-0.5900","189.0000","25.6900","0.2900","1.2300","32.0000","87.7500","0.3600","0.8000","41.0000","84.1900","54175.5000","-0.1700","82.0000","67.9800","151691.4000","-0.2300","109.0000","57.3100","1.3600","0.3100","72.0000","71.9400","0.5000","0.2600","99.0000","61.2600","0.3000","61.0000","76.2800","-0.0700","0.6400","0.2600","0.5600","0.2000","0.5300","0.6422","-0.0300","0.9900","-0.3000","-0.2200","0.2700","0.2500","-0.1500","60.8700","79.8400","67.1900","82.6100","65.6100","76.2800","100.0000","67.9800","85.7700","55.7300","67.5900","77.8700","68.7700","54.5500","253","4/1/2025 16:37","0","0","0.0000","0.0000","0.0000","102.0000","102.0000","102.0000","102.0000","102.0000","-0.6700","-0.6212","-0.5500","-0.5600","-0.6700","60.0800","60.0800","60.0800","60.0800","60.0800","0","19","81.0300","49.0000","0.7800","1.3600","93.2800","18.0000","1.5500","4","47.0400","135.0000","-0.4000","0","98.0200","6.0000","-0.1400","0.0000","98.0200","6.0000","-0.1300","0","98.0200","6.0000","-0.1400","0.2900","35.9700","163.0000","-0.3800","0.0000","98.0200","6.0000","-0.1300","0.0000","94.4700","15.0000","-0.2300","0","94.4700","15.0000","-0.1800","0.0000","94.4700","15.0000","-0.2200","0","94.4700","15.0000","-0.2200","0","0","0"
"AAD2023.06.02752","266","19058","156","University of Colorado Denver","Sociology, Department of","Sociology - Articles-Focused","5","236.0000","29","174.0000","5","207.0000","5.8000","90.0000","398","143.0000","5","202.0000","1.0000","1.0000","0","158.0000","0","158.0000","0.0000","158.0000","7","142.0000","3","164.0000","5","178.0000","3","165.0000","7","15","0","40","38","0.6000","1.1800","33.0000","87.3500","1.0000","0.4800","65.0000","74.7000","1.0000","1.0800","1.0000","100.0000","5.8000","0.5000","70.0000","72.7300","1.0000","1.1500","1.0000","100.0000","79.6000","0.3000","68.0000","73.5200","13.7200","0.2700","67.0000","73.9100","0.0000","-0.9100","158.0000","37.9400","0.0000","-0.7800","158.0000","37.9400","0.0000","-0.4200","158.0000","37.9400","0.0000","-0.5800","158.0000","37.9400","1.4000","0.3500","69.0000","73.1200","0.6000","0.6400","74.0000","71.1500","0.6000","21.0000","92.0900","-0.6400","-0.6900","-0.9300","-0.7400","-0.9600","0.2100","0.6422","-0.4600","-0.6800","-0.4700","-0.3400","-0.6100","-0.6300","-1.3000","35.5700","35.1800","20.5500","37.9400","18.5800","64.8200","100.0000","44.2700","30.0400","43.8700","37.9400","37.9400","31.6200","7.1100","253","4/1/2025 16:37","1","1","1.0000","0.2000","0.2000","43.0000","46.0000","65.0000","18.0000","3.0000","0.3700","0.3463","0.0000","1.4500","3.0500","83.4000","82.2100","74.7000","93.2800","99.2100","0","8","48.6200","131.0000","-0.3400","1.6000","97.2300","8.0000","2.1200","3","35.9700","163.0000","-0.6300","0","98.0200","6.0000","-0.1400","0.0000","98.0200","6.0000","-0.1300","0","98.0200","6.0000","-0.1400","0.6000","91.3000","23.0000","1.3300","0.0000","98.0200","6.0000","-0.1300","0.0000","94.4700","15.0000","-0.2300","0","94.4700","15.0000","-0.1800","0.0000","94.4700","15.0000","-0.2200","0","94.4700","15.0000","-0.2200","0","0","0"
"AAD2023.06.02752","319","19093","156","University of North Dakota, The","Sociology, Department of","Sociology - Articles-Focused","4","240.0000","14","211.0000","4","216.0000","3.5000","174.0000","108","203.0000","4","212.0000","1.0000","1.0000","1","109.0000","1","114.0000","229872.0000","116.0000","1","214.0000","1","208.0000","1","230.0000","1","223.0000","7","15","0","40","38","0.2500","-0.7200","186.0000","26.8800","0.2500","-1.0400","209.0000","17.7900","1.0000","1.0800","1.0000","100.0000","3.5000","-0.3100","134.0000","47.4300","1.0000","1.1500","1.0000","100.0000","27.0000","-0.5100","154.0000","39.5300","7.7100","-0.5000","177.0000","30.4300","0.2500","0.9600","45.0000","82.6100","0.2500","0.3300","71.0000","72.3300","57468.0000","-0.1500","79.0000","69.1700","229872.0000","-0.0500","81.0000","68.3800","0.2500","-0.7500","194.0000","23.7200","0.2500","-0.6800","179.0000","29.6400","0.2000","81.0000","68.3800","-0.9200","-1.1300","-1.0600","-0.4100","-1.0900","-0.6200","0.6422","-0.6800","-1.0500","-0.6600","-0.3000","-0.4400","-0.8300","-1.4300","18.1800","12.2500","16.6000","57.3100","15.0200","31.6200","100.0000","15.8100","9.4900","20.1600","54.5500","55.3400","17.0000","5.5300","253","4/1/2025 16:37","0","0","0.0000","0.0000","0.0000","102.0000","102.0000","102.0000","102.0000","102.0000","-0.6700","-0.6212","-0.5500","-0.5600","-0.6700","60.0800","60.0800","60.0800","60.0800","60.0800","0","3","24.5100","192.0000","-0.8500","0.7500","58.8900","105.0000","0.1400","2","26.0900","188.0000","-0.8600","0","98.0200","6.0000","-0.1400","0.0000","98.0200","6.0000","-0.1300","0","98.0200","6.0000","-0.1400","0.5000","81.4200","48.0000","0.7900","0.0000","98.0200","6.0000","-0.1300","0.0000","94.4700","15.0000","-0.2300","0","94.4700","15.0000","-0.1800","0.0000","94.4700","15.0000","-0.2200","0","94.4700","15.0000","-0.2200","0","0","0"
"AAD2023.06.02752","137","19289","156","Montana State University","Sociology and Anthropology, Department of","Sociology - Articles-Focused","14","116.0000","42","145.0000","12","113.0000","3.5000","174.0000","305","162.0000","14","84.0000","1.0000","1.0000","1","109.0000","1","114.0000","49371.0000","150.0000","9","127.0000","5","130.0000","2","214.0000","2","199.0000","7","15","0","40","38","0.1400","-1.3000","231.0000","9.0900","0.1400","-1.2600","236.0000","7.1100","0.8600","0.3700","122.0000","52.1700","3.0000","-0.4800","147.0000","42.2900","1.0000","1.1500","1.0000","100.0000","21.7900","-0.5900","171.0000","32.8100","7.2600","-0.5500","186.0000","26.8800","0.0700","-0.3800","137.0000","46.2500","0.0700","-0.4600","140.0000","45.0600","3526.5000","-0.4100","151.0000","40.7100","49371.0000","-0.4700","147.0000","42.2900","0.6400","-0.3700","133.0000","47.8300","0.3600","-0.2700","149.0000","41.5000","-0.2000","126.0000","50.5900","-0.3600","-0.9100","0.2600","-0.4100","-0.0500","-0.6200","0.6422","-0.3900","-0.9600","-0.5300","-0.3300","-0.4400","-0.4500","-0.1500","49.0100","21.7400","67.1900","57.3100","55.7300","31.6200","100.0000","50.2000","15.8100","36.3600","41.1100","55.3400","43.0800","54.5500","253","4/1/2025 16:37","2","1","2.0000","0.1400","0.0700","43.0000","16.0000","36.0000","37.0000","61.0000","0.3700","1.3138","0.5500","0.8800","0.6600","83.4000","94.0700","86.1700","85.7700","76.2800","0","3","24.5100","192.0000","-0.8500","0.2100","15.4200","215.0000","-1.1100","3","35.9700","163.0000","-0.6300","0","98.0200","6.0000","-0.1400","0.0000","98.0200","6.0000","-0.1300","0","98.0200","6.0000","-0.1400","0.2100","24.9000","191.0000","-0.7700","0.0000","98.0200","6.0000","-0.1300","0.0700","99.6000","2.0000","5.2100","1","99.2100","3.0000","2.0600","0.0700","98.8100","4.0000","4.1000","1","99.6000","2.0000","3.2500","0","0","0"
"AAD2023.06.02752","157","19321","156","Ohio University","Sociology and Anthropology, Department of","Sociology - Articles-Focused","19","63.0000","25","183.0000","10","139.0000","2.5000","216.0000","261","172.0000","11","123.0000","0.9200","159.0000","1","109.0000","1","114.0000","98740.0000","141.0000","9","127.0000","7","100.0000","15","70.0000","8","59.0000","7","15","0","40","38","0.4200","0.2100","100.0000","60.8700","0.7900","0.0500","107.0000","58.1000","0.5300","-1.2800","221.0000","13.0400","1.3200","-1.0700","227.0000","10.6700","0.5800","-0.8700","206.0000","18.9700","13.7400","-0.7100","200.0000","21.3400","10.4400","-0.1500","122.0000","52.1700","0.0500","-0.5200","154.0000","39.5300","0.0500","-0.5500","154.0000","39.5300","5196.8400","-0.4000","145.0000","43.0800","98740.0000","-0.3500","132.0000","48.2200","0.4700","-0.5400","154.0000","39.5300","0.3700","-0.2300","141.0000","44.6600","-0.7000","201.0000","20.9500","-0.0700","0.4200","-0.1400","-0.4100","-0.3100","-0.9700","-0.0260","-0.3900","0.2500","-0.5600","-0.3200","-0.4400","-0.6800","0.4900","60.8700","77.0800","51.7800","57.3100","45.4500","15.0200","37.5500","50.2000","72.7300","32.4100","44.6600","55.3400","28.0600","75.4900","253","4/1/2025 16:37","0","0","0.0000","0.0000","0.0000","102.0000","102.0000","102.0000","102.0000","102.0000","-0.6700","-0.6212","-0.5500","-0.5600","-0.6700","60.0800","60.0800","60.0800","60.0800","60.0800","0","14","68.7700","80.0000","0.2700","0.7400","56.5200","111.0000","0.1100","6","63.2400","94.0000","0.0600","0","98.0200","6.0000","-0.1400","0.0000","98.0200","6.0000","-0.1300","0","98.0200","6.0000","-0.1400","0.3200","39.9200","153.0000","-0.2200","0.0000","98.0200","6.0000","-0.1300","0.0000","94.4700","15.0000","-0.2300","0","94.4700","15.0000","-0.1800","0.0000","94.4700","15.0000","-0.2200","0","94.4700","15.0000","-0.2200","0","0","0"
"AAD2023.06.02752","46","19352","156","College of William & Mary, The","Sociology, Department of","Sociology - Articles-Focused","14","116.0000","37","158.0000","14","88.0000","2.6400","214.0000","218","182.0000","12","104.0000","0.8600","198.0000","0","158.0000","0","158.0000","0.0000","158.0000","14","96.0000","6","118.0000","10","119.0000","5","122.0000","7","15","0","40","38","0.3600","-0.1400","134.0000","47.4300","0.7100","-0.1000","123.0000","51.7800","1.0000","1.0800","1.0000","100.0000","2.6400","-0.6100","168.0000","33.9900","0.8600","0.4700","103.0000","59.6800","15.5700","-0.6800","194.0000","23.7200","5.8900","-0.7300","215.0000","15.4200","0.0000","-0.9100","158.0000","37.9400","0.0000","-0.7800","158.0000","37.9400","0.0000","-0.4200","158.0000","37.9400","0.0000","-0.5800","158.0000","37.9400","1.0000","-0.0300","95.0000","62.8500","0.4300","-0.0100","124.0000","51.3800","-0.4000","156.0000","38.7400","-0.2100","-0.2500","-0.0100","-0.7400","0.2000","-0.9200","-0.5033","-0.2100","-0.2200","-0.5800","-0.3400","-0.6100","-0.5200","-0.1500","53.7500","52.1700","59.2900","37.9400","65.6100","15.8100","22.1300","62.4500","53.3600","28.4600","37.9400","37.9400","37.9400","54.5500","253","4/1/2025 16:37","0","0","0.0000","0.0000","0.0000","102.0000","102.0000","102.0000","102.0000","102.0000","-0.6700","-0.6212","-0.5500","-0.5600","-0.6700","60.0800","60.0800","60.0800","60.0800","60.0800","0","6","39.9200","153.0000","-0.5500","0.4300","31.6200","174.0000","-0.6100","6","63.2400","94.0000","0.0600","0","98.0200","6.0000","-0.1400","0.0000","98.0200","6.0000","-0.1300","0","98.0200","6.0000","-0.1400","0.4300","66.4000","86.0000","0.4000","0.0000","98.0200","6.0000","-0.1300","0.0000","94.4700","15.0000","-0.2300","0","94.4700","15.0000","-0.1800","0.0000","94.4700","15.0000","-0.2200","0","94.4700","15.0000","-0.2200","0","0","0"
"AAD2023.06.02752","222","19420","156","Texas Tech University","Sociology, Anthropology, and Social Work, Department of","Sociology - Articles-Focused","22","40.0000","87","86.0000","18","52.0000","4.8300","118.0000","800","99.0000","16","64.0000","0.8900","176.0000","0","158.0000","0","158.0000","0.0000","158.0000","8","134.0000","6","118.0000","14","76.0000","6","90.0000","7","15","0","40","38","0.2700","-0.6000","181.0000","28.8500","0.6400","-0.2600","139.0000","45.4500","0.8200","0.1700","147.0000","42.2900","3.9500","-0.1500","121.0000","52.5700","0.7300","-0.1600","157.0000","38.3400","36.3600","-0.3600","130.0000","49.0100","9.2000","-0.3100","147.0000","42.2900","0.0000","-0.9100","158.0000","37.9400","0.0000","-0.7800","158.0000","37.9400","0.0000","-0.4200","158.0000","37.9400","0.0000","-0.5800","158.0000","37.9400","0.3600","-0.6400","177.0000","30.4300","0.2700","-0.5900","172.0000","32.4100","-0.1000","114.0000","55.3400","-0.2100","-0.0200","0.5200","-0.7400","0.7200","-0.1400","-0.2487","-0.4200","0.1500","-0.2100","-0.3400","-0.6100","0.1500","0.8700","53.7500","64.8200","75.1000","37.9400","79.8400","53.7500","30.8300","47.4300","70.3600","61.2600","37.9400","37.9400","66.4000","84.5900","253","4/1/2025 16:37","1","1","1.0000","0.0500","0.0500","43.0000","46.0000","65.0000","91.0000","84.0000","0.3700","0.3463","0.0000","-0.1000","0.1700","83.4000","82.2100","74.7000","64.4300","67.1900","0","17","76.2800","61.0000","0.5800","0.7700","59.2900","104.0000","0.1900","9","82.6100","45.0000","0.7600","0","98.0200","6.0000","-0.1400","0.0000","98.0200","6.0000","-0.1300","0","98.0200","6.0000","-0.1400","0.4100","60.8700","100.0000","0.2900","0.0000","98.0200","6.0000","-0.1300","0.0000","94.4700","15.0000","-0.2300","0","94.4700","15.0000","-0.1800","0.0000","94.4700","15.0000","-0.2200","0","94.4700","15.0000","-0.2200","0","0","0"
"AAD2023.06.02752","244","19446","156","University of Alabama at Birmingham, The","Sociology, Department of","Sociology - Articles-Focused","11","168.0000","107","64.0000","11","124.0000","9.7300","16.0000","1464","66.0000","11","123.0000","1.0000","1.0000","2","78.0000","2","86.0000","936254.0000","75.0000","4","171.0000","4","142.0000","2","214.0000","2","199.0000","7","15","0","40","38","0.1800","-1.0900","223.0000","12.2500","0.1800","-1.1800","230.0000","9.4900","1.0000","1.0800","1.0000","100.0000","9.7300","1.8700","13.0000","95.2600","1.0000","1.1500","1.0000","100.0000","133.0900","1.1200","28.0000","89.3300","13.6800","0.2600","68.0000","73.5200","0.1800","0.4500","71.0000","72.3300","0.1800","0.0300","89.0000","65.2200","85114.0000","-0.0200","57.0000","77.8700","468127.0000","0.5100","41.0000","84.1900","0.3600","-0.6400","177.0000","30.4300","0.3600","-0.2500","144.0000","43.4800","1.2000","1.0000","100.0000","-0.5000","-0.9100","-0.1400","-0.0900","-0.1800","1.6100","0.6422","-0.5700","-0.9600","0.2200","-0.1900","-0.2600","0.4200","-0.5300","44.2700","21.7400","51.7800","69.5700","51.3800","94.0700","100.0000","32.8100","15.8100","74.3100","70.7500","66.4000","75.1000","33.9900","253","4/1/2025 16:37","4","1","4.0000","0.3600","0.0900","43.0000","5.0000","11.0000","4.0000","38.0000","0.3700","3.2487","1.6600","3.1000","1.0200","83.4000","98.4200","96.0500","98.8100","85.3800","0","9","52.9600","120.0000","-0.2400","0.8200","62.4500","96.0000","0.3000","7","71.5400","73.0000","0.2900","0","98.0200","6.0000","-0.1400","0.0000","98.0200","6.0000","-0.1300","0","98.0200","6.0000","-0.1400","0.6400","94.4700","15.0000","1.5300","0.0000","98.0200","6.0000","-0.1300","0.0000","94.4700","15.0000","-0.2300","0","94.4700","15.0000","-0.1800","0.0000","94.4700","15.0000","-0.2200","0","94.4700","15.0000","-0.2200","0","0","0"
"AAD2023.06.02752","81","30074","156","Georgetown University","Sociology, Department of","Sociology - Articles-Focused","12","153.0000","23","190.0000","9","151.0000","2.5600","215.0000","325","156.0000","8","159.0000","0.8000","218.0000","0","158.0000","0","158.0000","0.0000","158.0000","30","49.0000","8","81.0000","14","76.0000","7","73.0000","7","15","0","40","38","0.5800","1.0900","37.0000","85.7700","1.1700","0.8200","49.0000","81.0300","0.7500","-0.1700","158.0000","37.9400","1.9200","-0.8600","206.0000","18.9700","0.6700","-0.4500","174.0000","31.6200","27.0800","-0.5100","153.0000","39.9200","14.1300","0.3200","62.0000","75.8900","0.0000","-0.9100","158.0000","37.9400","0.0000","-0.7800","158.0000","37.9400","0.0000","-0.4200","158.0000","37.9400","0.0000","-0.5800","158.0000","37.9400","2.5000","1.4000","23.0000","91.3000","0.6700","0.8900","54.0000","79.0500","-0.4000","156.0000","38.7400","0.0700","0.2000","-0.5400","-0.7400","-0.4400","-0.9500","-0.9614","0.3700","0.1500","-0.5200","-0.3400","-0.6100","-0.7100","-0.4100","68.3800","71.5400","37.5500","37.9400","40.7100","15.4200","14.2300","81.0300","70.3600","38.7400","37.9400","37.9400","25.3000","39.9200","253","4/1/2025 16:37","0","0","0.0000","0.0000","0.0000","102.0000","102.0000","102.0000","102.0000","102.0000","-0.6700","-0.6212","-0.5500","-0.5600","-0.6700","60.0800","60.0800","60.0800","60.0800","60.0800","0","10","56.1300","112.0000","-0.1400","0.8300","65.2200","89.0000","0.3300","4","47.0400","135.0000","-0.4000","0","98.0200","6.0000","-0.1400","0.0000","98.0200","6.0000","-0.1300","0","98.0200","6.0000","-0.1400","0.3300","45.0600","140.0000","-0.1200","0.0000","98.0200","6.0000","-0.1300","0.0000","94.4700","15.0000","-0.2300","0","94.4700","15.0000","-0.1800","0.0000","94.4700","15.0000","-0.2200","0","94.4700","15.0000","-0.2200","0","0","0"
"AAD2023.06.02752","285","30178","156","University of Louisiana at Monroe, The","Political Science and Sociology, Department of","Sociology - Articles-Focused","6","226.0000","6","235.0000","2","237.0000","3.0000","197.0000","32","235.0000","2","233.0000","1.0000","1.0000","0","158.0000","0","158.0000","0.0000","158.0000","0","230.0000","0","230.0000","6","161.0000","3","165.0000","7","15","0","40","38","0.5000","0.6400","59.0000","77.0800","1.0000","0.4800","65.0000","74.7000","0.3300","-2.2400","241.0000","5.1400","1.0000","-1.1800","233.0000","8.3000","0.3300","-2.0600","238.0000","6.3200","5.3300","-0.8400","231.0000","9.0900","5.3300","-0.8000","223.0000","12.2500","0.0000","-0.9100","158.0000","37.9400","0.0000","-0.7800","158.0000","37.9400","0.0000","-0.4200","158.0000","37.9400","0.0000","-0.5800","158.0000","37.9400","0.0000","-0.9900","230.0000","9.4900","0.0000","-1.6200","230.0000","9.4900","-1.0000","233.0000","8.3000","-1.0700","-0.6900","-1.3300","-0.7400","-1.3500","-0.7900","0.6422","-0.7100","-0.5900","-0.7100","-0.3400","-0.6100","-0.9400","-1.1700","9.4900","35.1800","8.3000","37.9400","6.7200","22.5300","100.0000","9.4900","36.7600","7.5100","37.9400","37.9400","7.5100","11.0700","253","4/1/2025 16:37","0","0","0.0000","0.0000","0.0000","102.0000","102.0000","102.0000","102.0000","102.0000","-0.6700","-0.6212","-0.5500","-0.5600","-0.6700","60.0800","60.0800","60.0800","60.0800","60.0800","0","6","39.9200","153.0000","-0.5500","1.0000","78.6600","55.0000","0.7200","4","47.0400","135.0000","-0.4000","0","98.0200","6.0000","-0.1400","0.0000","98.0200","6.0000","-0.1300","0","98.0200","6.0000","-0.1400","0.6700","97.6300","7.0000","1.7000","0.0000","98.0200","6.0000","-0.1300","0.0000","94.4700","15.0000","-0.2300","0","94.4700","15.0000","-0.1800","0.0000","94.4700","15.0000","-0.2200","0","94.4700","15.0000","-0.2200","0","0","0"
"AAD2023.06.02752","294","30253","156","University of Massachusetts Boston","Sociology, Department of","Sociology - Articles-Focused","12","153.0000","31","170.0000","10","139.0000","3.1000","194.0000","275","170.0000","10","137.0000","1.0000","1.0000","0","158.0000","0","158.0000","0.0000","158.0000","5","162.0000","4","142.0000","5","178.0000","4","150.0000","7","15","0","40","38","0.3300","-0.2700","141.0000","44.6600","0.4200","-0.7100","187.0000","26.4800","0.8300","0.2500","135.0000","47.0400","2.5800","-0.6300","170.0000","33.2000","0.8300","0.3500","112.0000","56.1300","22.9200","-0.5700","166.0000","34.7800","8.8700","-0.3500","151.0000","40.7100","0.0000","-0.9100","158.0000","37.9400","0.0000","-0.7800","158.0000","37.9400","0.0000","-0.4200","158.0000","37.9400","0.0000","-0.5800","158.0000","37.9400","0.4200","-0.5900","163.0000","35.9700","0.3300","-0.3600","153.0000","39.9200","-0.4000","156.0000","38.7400","-0.5000","-0.4700","-0.2700","-0.7400","-0.3100","-0.7600","0.6422","-0.5300","-0.6800","-0.5500","-0.3400","-0.6100","-0.6000","-0.4100","44.2700","41.1100","46.2500","37.9400","45.4500","23.7200","100.0000","36.3600","30.0400","33.2000","37.9400","37.9400","33.2000","39.9200","253","4/1/2025 16:37","0","0","0.0000","0.0000","0.0000","102.0000","102.0000","102.0000","102.0000","102.0000","-0.6700","-0.6212","-0.5500","-0.5600","-0.6700","60.0800","60.0800","60.0800","60.0800","60.0800","0","4","30.0400","178.0000","-0.7500","0.3300","25.6900","189.0000","-0.8300","4","47.0400","135.0000","-0.4000","0","98.0200","6.0000","-0.1400","0.0000","98.0200","6.0000","-0.1300","0","98.0200","6.0000","-0.1400","0.3300","45.0600","140.0000","-0.1200","0.0000","98.0200","6.0000","-0.1300","0.0000","94.4700","15.0000","-0.2300","0","94.4700","15.0000","-0.1800","0.0000","94.4700","15.0000","-0.2200","0","94.4700","15.0000","-0.2200","0","0","0"
"AAD2023.06.02752","315","30270","156","University of New Orleans, The","Sociology, Department of","Sociology - Articles-Focused","3","248.0000","6","235.0000","2","237.0000","3.0000","197.0000","74","215.0000","2","233.0000","1.0000","1.0000","1","109.0000","1","114.0000","221125.0000","118.0000","0","230.0000","0","230.0000","5","178.0000","2","199.0000","7","15","0","40","38","0.6700","1.5400","15.0000","94.4700","1.6700","1.8300","12.0000","95.6500","0.6700","-0.5800","187.0000","26.4800","2.0000","-0.8300","202.0000","20.5500","0.6700","-0.4500","174.0000","31.6200","24.6700","-0.5400","161.0000","36.7600","12.3300","0.0900","88.0000","65.6100","0.3300","1.5800","20.0000","92.4900","0.3300","0.7000","44.0000","83.0000","73708.3300","-0.0700","64.0000","75.1000","221125.0000","-0.0700","86.0000","66.4000","0.0000","-0.9900","230.0000","9.4900","0.0000","-1.6200","230.0000","9.4900","-0.6000","191.0000","24.9000","-1.0700","-0.9100","-1.3300","-0.4100","-1.3500","-0.7900","0.6422","-0.7100","-0.6800","-0.6800","-0.3000","-0.4400","-0.9400","-1.5500","9.4900","21.7400","8.3000","57.3100","6.7200","22.5300","100.0000","9.4900","30.0400","15.4200","53.7500","55.3400","7.5100","2.3700","253","4/1/2025 16:37","0","0","0.0000","0.0000","0.0000","102.0000","102.0000","102.0000","102.0000","102.0000","-0.6700","-0.6212","-0.5500","-0.5600","-0.6700","60.0800","60.0800","60.0800","60.0800","60.0800","0","3","24.5100","192.0000","-0.8500","1.0000","78.6600","55.0000","0.7200","2","26.0900","188.0000","-0.8600","0","98.0200","6.0000","-0.1400","0.0000","98.0200","6.0000","-0.1300","0","98.0200","6.0000","-0.1400","0.6700","97.6300","7.0000","1.7000","0.0000","98.0200","6.0000","-0.1300","0.0000","94.4700","15.0000","-0.2300","0","94.4700","15.0000","-0.1800","0.0000","94.4700","15.0000","-0.2200","0","94.4700","15.0000","-0.2200","0","0","0"
"AAD2023.06.02752","369","30355","156","Rutgers - Newark","Sociology and Anthropology, Department of","Sociology - Articles-Focused","13","133.0000","27","178.0000","9","151.0000","3.0000","197.0000","261","172.0000","7","172.0000","0.7800","233.0000","1","109.0000","1","114.0000","83352.0000","142.0000","17","85.0000","8","81.0000","17","61.0000","7","73.0000","7","15","0","40","38","0.5400","0.8500","51.0000","80.2400","1.3100","1.1000","40.0000","84.5900","0.6900","-0.4500","182.0000","28.4600","2.0800","-0.8100","200.0000","21.3400","0.5400","-1.0700","215.0000","15.4200","20.0800","-0.6100","178.0000","30.0400","9.6700","-0.2500","136.0000","46.6400","0.0800","-0.3400","132.0000","48.2200","0.0800","-0.4400","135.0000","47.0400","6411.6900","-0.3900","144.0000","43.4800","83352.0000","-0.3900","135.0000","47.0400","1.3100","0.2600","78.0000","69.5700","0.6200","0.7000","70.0000","72.7300","-0.7000","201.0000","20.9500","0.0700","0.2000","-0.6700","-0.4100","-0.4400","-0.7900","-1.1396","-0.1000","0.4300","-0.5600","-0.3200","-0.4400","-0.6500","-0.2800","68.3800","71.5400","32.4100","57.3100","40.7100","22.5300","8.3000","66.8000","76.2800","32.4100","44.2700","55.3400","30.0400","47.8300","253","4/1/2025 16:37","0","0","0.0000","0.0000","0.0000","102.0000","102.0000","102.0000","102.0000","102.0000","-0.6700","-0.6212","-0.5500","-0.5600","-0.6700","60.0800","60.0800","60.0800","60.0800","60.0800","0","8","48.6200","131.0000","-0.3400","0.6200","45.0600","140.0000","-0.1700","6","63.2400","94.0000","0.0600","0","98.0200","6.0000","-0.1400","0.0000","98.0200","6.0000","-0.1300","0","98.0200","6.0000","-0.1400","0.4600","72.7300","70.0000","0.5800","0.0000","98.0200","6.0000","-0.1300","0.0000","94.4700","15.0000","-0.2300","0","94.4700","15.0000","-0.1800","0.0000","94.4700","15.0000","-0.2200","0","94.4700","15.0000","-0.2200","0","0","0"
"AAD2023.06.02752","296","31795","156","University of Massachusetts Lowell","Sociology, Department of","Sociology - Articles-Focused","8","200.0000","26","181.0000","8","167.0000","3.2500","188.0000","242","177.0000","8","159.0000","1.0000","1.0000","0","158.0000","0","158.0000","0.0000","158.0000","0","230.0000","0","230.0000","4","192.0000","2","199.0000","7","15","0","40","38","0.2500","-0.7200","186.0000","26.8800","0.5000","-0.5400","162.0000","36.3600","1.0000","1.0800","1.0000","100.0000","3.2500","-0.4000","142.0000","44.2700","1.0000","1.1500","1.0000","100.0000","30.2500","-0.4600","144.0000","43.4800","9.3100","-0.2900","145.0000","43.0800","0.0000","-0.9100","158.0000","37.9400","0.0000","-0.7800","158.0000","37.9400","0.0000","-0.4200","158.0000","37.9400","0.0000","-0.5800","158.0000","37.9400","0.0000","-0.9900","230.0000","9.4900","0.0000","-1.6200","230.0000","9.4900","-0.1000","114.0000","55.3400","-1.0700","-0.9100","-0.5400","-0.7400","-0.5700","-0.7100","0.6422","-0.7100","-0.7700","-0.5700","-0.3400","-0.6100","-0.6700","-0.9200","9.4900","21.7400","37.5500","37.9400","34.3900","26.0900","100.0000","9.4900","24.5100","30.4300","37.9400","37.9400","28.8500","21.3400","253","4/1/2025 16:37","0","0","0.0000","0.0000","0.0000","102.0000","102.0000","102.0000","102.0000","102.0000","-0.6700","-0.6212","-0.5500","-0.5600","-0.6700","60.0800","60.0800","60.0800","60.0800","60.0800","0","2","16.6000","212.0000","-0.9600","0.2500","19.3700","205.0000","-1.0200","2","26.0900","188.0000","-0.8600","0","98.0200","6.0000","-0.1400","0.0000","98.0200","6.0000","-0.1300","0","98.0200","6.0000","-0.1400","0.2500","32.0200","173.0000","-0.5800","0.0000","98.0200","6.0000","-0.1300","0.0000","94.4700","15.0000","-0.2300","0","94.4700","15.0000","-0.1800","0.0000","94.4700","15.0000","-0.2200","0","94.4700","15.0000","-0.2200","0","0","0"
"AAD2023.06.02752","353","31978","156","Virginia Commonwealth University","Sociology, Department of","Sociology - Articles-Focused","7","217.0000","17","201.0000","7","175.0000","2.4300","222.0000","139","199.0000","7","172.0000","1.0000","1.0000","0","158.0000","0","158.0000","0.0000","158.0000","4","171.0000","3","164.0000","6","161.0000","3","165.0000","7","15","0","40","38","0.4300","0.2500","86.0000","66.4000","0.8600","0.1900","95.0000","62.8500","1.0000","1.0800","1.0000","100.0000","2.4300","-0.6800","182.0000","28.4600","1.0000","1.1500","1.0000","100.0000","19.8600","-0.6200","180.0000","29.2500","8.1800","-0.4400","169.0000","33.6000","0.0000","-0.9100","158.0000","37.9400","0.0000","-0.7800","158.0000","37.9400","0.0000","-0.4200","158.0000","37.9400","0.0000","-0.5800","158.0000","37.9400","0.5700","-0.4400","145.0000","43.0800","0.4300","-0.0100","124.0000","51.3800","-0.3000","140.0000","45.0600","-0.6400","-0.6900","-0.6700","-0.7400","-0.7000","-1.0000","0.6422","-0.5700","-0.5900","-0.6400","-0.3400","-0.6100","-0.7900","-1.0400","35.5700","35.1800","32.4100","37.9400","31.2300","12.6500","100.0000","32.8100","36.7600","21.7400","37.9400","37.9400","20.9500","14.6200","253","4/1/2025 16:37","0","0","0.0000","0.0000","0.0000","102.0000","102.0000","102.0000","102.0000","102.0000","-0.6700","-0.6212","-0.5500","-0.5600","-0.6700","60.0800","60.0800","60.0800","60.0800","60.0800","0","9","52.9600","120.0000","-0.2400","1.2900","91.3000","23.0000","1.3900","4","47.0400","135.0000","-0.4000","0","98.0200","6.0000","-0.1400","0.0000","98.0200","6.0000","-0.1300","0","98.0200","6.0000","-0.1400","0.5700","88.5400","30.0000","1.1800","0.0000","98.0200","6.0000","-0.1300","0.0000","94.4700","15.0000","-0.2300","0","94.4700","15.0000","-0.1800","0.0000","94.4700","15.0000","-0.2200","0","94.4700","15.0000","-0.2200","0","0","0"
"AAD2023.06.02752","284","32173","156","University of Louisiana at Lafayette","Sociology, Anthropology, and Human Development and Family Science, Department of","Sociology - Articles-Focused","12","153.0000","8","228.0000","4","216.0000","2.0000","233.0000","85","211.0000","7","172.0000","1.0000","1.0000","0","158.0000","0","158.0000","0.0000","158.0000","0","230.0000","0","230.0000","0","245.0000","0","245.0000","7","15","0","40","38","0.0000","-2.0800","245.0000","3.5600","0.0000","-1.5500","245.0000","3.5600","0.3300","-2.2400","241.0000","5.1400","0.6700","-1.3000","243.0000","4.3500","0.5800","-0.8500","203.0000","20.1600","7.0800","-0.8100","224.0000","11.8600","10.6300","-0.1300","119.0000","53.3600","0.0000","-0.9100","158.0000","37.9400","0.0000","-0.7800","158.0000","37.9400","0.0000","-0.4200","158.0000","37.9400","0.0000","-0.5800","158.0000","37.9400","0.0000","-0.9900","230.0000","9.4900","0.0000","-1.6200","230.0000","9.4900","-1.0000","233.0000","8.3000","-1.0700","-1.3500","-0.6700","-0.7400","-1.0900","-1.1500","0.6422","-0.7100","-1.1500","-0.6700","-0.3400","-0.6100","-0.9100","-0.4100","9.4900","3.5600","32.4100","37.9400","15.0200","8.3000","100.0000","9.4900","3.5600","17.0000","37.9400","37.9400","10.2800","39.9200","253","4/1/2025 16:37","1","1","1.0000","0.0800","0.0800","43.0000","46.0000","65.0000","60.0000","41.0000","0.3700","0.3463","0.0000","0.2800","0.8800","83.4000","82.2100","74.7000","76.6800","84.1900","0","3","24.5100","192.0000","-0.8500","0.2500","19.3700","205.0000","-1.0200","2","26.0900","188.0000","-0.8600","0","98.0200","6.0000","-0.1400","0.0000","98.0200","6.0000","-0.1300","0","98.0200","6.0000","-0.1400","0.1700","18.9700","206.0000","-1.0300","0.0000","98.0200","6.0000","-0.1300","0.0000","94.4700","15.0000","-0.2300","0","94.4700","15.0000","-0.1800","0.0000","94.4700","15.0000","-0.2200","0","94.4700","15.0000","-0.2200","0","0","0"
"AAD2023.06.02752","161","32201","156","Oregon State University","Sociology, Department of","Sociology - Articles-Focused","13","133.0000","69","107.0000","11","124.0000","6.2700","74.0000","1143","80.0000","12","104.0000","1.0000","1.0000","2","78.0000","2","86.0000","1216896.0000","63.0000","5","162.0000","4","142.0000","18","58.0000","10","42.0000","7","15","0","40","38","0.7700","2.1000","7.0000","97.6300","1.3800","1.2600","33.0000","87.3500","0.8500","0.3100","130.0000","49.0100","5.3100","0.3200","88.0000","65.6100","0.9200","0.7800","62.0000","75.8900","87.9200","0.4300","59.0000","77.0800","16.5700","0.6300","40.0000","84.5900","0.1500","0.2400","87.0000","66.0100","0.1500","-0.1000","98.0000","61.6600","93607.3800","0.0200","51.0000","80.2400","608448.0000","0.8400","29.0000","88.9300","0.3800","-0.6200","172.0000","32.4100","0.3100","-0.4600","163.0000","35.9700","0.1000","90.0000","64.8200","-0.5000","0.8600","-0.0100","-0.0900","-0.1800","0.3800","0.6422","-0.5300","0.5200","0.0200","-0.1400","-0.2600","-0.0900","-0.2800","44.2700","83.7900","59.2900","69.5700","51.3800","71.1500","100.0000","36.3600","77.4700","68.7700","75.4900","66.4000","58.1000","47.8300","253","4/1/2025 16:37","1","1","1.0000","0.0800","0.0800","43.0000","46.0000","65.0000","70.0000","52.0000","0.3700","0.3463","0.0000","0.2100","0.7600","83.4000","82.2100","74.7000","72.7300","79.8400","0","19","81.0300","49.0000","0.7800","1.4600","95.6500","12.0000","1.7900","7","71.5400","73.0000","0.2900","0","98.0200","6.0000","-0.1400","0.0000","98.0200","6.0000","-0.1300","0","98.0200","6.0000","-0.1400","0.5400","84.1900","41.0000","1.0000","0.0000","98.0200","6.0000","-0.1300","0.0000","94.4700","15.0000","-0.2300","0","94.4700","15.0000","-0.1800","0.0000","94.4700","15.0000","-0.2200","0","94.4700","15.0000","-0.2200","0","0","0"
"AAD2023.06.02752","283","32375","156","University of Kentucky","Sociology, Department of","Sociology - Articles-Focused","17","86.0000","134","43.0000","15","79.0000","8.9300","25.0000","1603","59.0000","15","75.0000","1.0000","1.0000","4","45.0000","6","49.0000","6597958.0000","20.0000","30","49.0000","12","48.0000","21","47.0000","11","32.0000","7","15","0","40","38","0.6500","1.4400","20.0000","92.4900","1.2400","0.9500","46.0000","82.2100","0.8800","0.4900","105.0000","58.8900","7.8800","1.2200","34.0000","86.9600","0.8800","0.5900","91.0000","64.4300","94.2900","0.5300","54.0000","79.0500","11.9600","0.0400","94.0000","63.2400","0.2400","0.8500","53.0000","79.4500","0.3500","0.7800","42.0000","83.7900","388115.1800","1.4100","14.0000","94.8600","1099659.6700","1.9900","11.0000","96.0500","1.7600","0.7000","48.0000","81.4200","0.7100","1.0400","48.0000","81.4200","0.5000","32.0000","87.7500","0.6400","1.0800","0.3900","0.5600","0.3300","1.3300","0.6422","0.3700","0.8000","0.3100","0.7200","0.4400","0.7800","0.2300","81.4200","87.7500","70.7500","82.6100","69.1700","90.5100","100.0000","81.0300","81.8200","77.0800","92.4900","81.0300","83.4000","66.4000","253","4/1/2025 16:37","3","2","1.5000","0.1800","0.1200","15.0000","35.0000","21.0000","25.0000","21.0000","1.4000","0.8300","1.1000","1.2200","1.5200","94.4700","86.5600","92.0900","90.5100","92.0900","0","21","85.7700","37.0000","0.9900","1.2400","88.9300","29.0000","1.2700","11","90.1200","26.0000","1.2200","0","98.0200","6.0000","-0.1400","0.0000","98.0200","6.0000","-0.1300","0","98.0200","6.0000","-0.1400","0.6500","95.2600","13.0000","1.5900","0.0000","98.0200","6.0000","-0.1300","0.0600","97.6300","7.0000","4.2500","1","99.2100","3.0000","2.0600","0.0600","97.6300","7.0000","3.3400","1","99.6000","2.0000","3.2500","0","0","0"
"AAD2023.06.02752","517","32858","156","University of California, Merced","Sociology Program","Sociology - Articles-Focused","18","71.0000","82","91.0000","14","88.0000","5.8600","87.0000","1516","65.0000","14","84.0000","1.0000","1.0000","3","62.0000","3","79.0000","783651.0000","82.0000","44","31.0000","10","64.0000","29","23.0000","14","20.0000","7","15","0","40","38","0.7800","2.1500","6.0000","98.0200","1.6100","1.7200","20.0000","92.4900","0.7800","-0.0300","155.0000","39.1300","4.5600","0.0600","104.0000","59.2900","0.7800","0.0800","137.0000","46.2500","84.2200","0.3700","61.0000","76.2800","18.4900","0.8700","30.0000","88.5400","0.1700","0.3300","79.0000","69.1700","0.1700","-0.0400","93.0000","63.6400","43536.1700","-0.2200","87.0000","66.0100","261217.0000","0.0300","74.0000","71.1500","2.4400","1.3500","26.0000","90.1200","0.5600","0.4700","85.0000","66.8000","0.1000","90.0000","64.8200","0.3500","1.7500","0.2600","0.2400","0.2000","0.2300","0.6422","0.8700","1.5400","0.2600","-0.2100","-0.0800","0.0800","0.3600","75.1000","92.4900","67.1900","75.8900","65.6100","66.0100","100.0000","88.1400","91.3000","74.7000","67.9800","69.1700","64.4300","72.3300","253","4/1/2025 16:37","0","0","0.0000","0.0000","0.0000","102.0000","102.0000","102.0000","102.0000","102.0000","-0.6700","-0.6212","-0.5500","-0.5600","-0.6700","60.0800","60.0800","60.0800","60.0800","60.0800","0","20","83.7900","42.0000","0.8900","1.1100","83.4000","43.0000","0.9800","9","82.6100","45.0000","0.7600","0","98.0200","6.0000","-0.1400","0.0000","98.0200","6.0000","-0.1300","0","98.0200","6.0000","-0.1400","0.5000","81.4200","48.0000","0.7900","0.0000","98.0200","6.0000","-0.1300","0.0000","94.4700","15.0000","-0.2300","0","94.4700","15.0000","-0.1800","0.0000","94.4700","15.0000","-0.2200","0","94.4700","15.0000","-0.2200","0","0","0"
"AAD2023.06.02752","181","32881","156","San Diego State University","Sociology, Department of","Sociology - Articles-Focused","12","153.0000","40","149.0000","8","167.0000","5.0000","115.0000","374","147.0000","8","159.0000","0.8900","176.0000","0","158.0000","0","158.0000","0.0000","158.0000","4","171.0000","3","164.0000","12","95.0000","5","122.0000","7","15","0","40","38","0.4200","0.1800","102.0000","60.0800","1.0000","0.4800","65.0000","74.7000","0.6700","-0.5800","187.0000","26.4800","3.3300","-0.3700","140.0000","45.0600","0.6700","-0.4500","174.0000","31.6200","31.1700","-0.4400","142.0000","44.2700","9.3500","-0.2900","143.0000","43.8700","0.0000","-0.9100","158.0000","37.9400","0.0000","-0.7800","158.0000","37.9400","0.0000","-0.4200","158.0000","37.9400","0.0000","-0.5800","158.0000","37.9400","0.3300","-0.6700","181.0000","28.8500","0.2500","-0.6800","179.0000","29.6400","-0.4000","156.0000","38.7400","-0.6400","-0.2500","-0.5400","-0.7400","-0.5700","-0.0800","-0.2487","-0.5700","-0.0300","-0.4800","-0.3400","-0.6100","-0.4800","-0.4100","35.5700","52.1700","37.5500","37.9400","34.3900","54.9400","30.8300","32.8100","62.8500","42.2900","37.9400","37.9400","41.5000","39.9200","253","4/1/2025 16:37","0","0","0.0000","0.0000","0.0000","102.0000","102.0000","102.0000","102.0000","102.0000","-0.6700","-0.6212","-0.5500","-0.5600","-0.6700","60.0800","60.0800","60.0800","60.0800","60.0800","0","8","48.6200","131.0000","-0.3400","0.6700","52.5700","121.0000","-0.0500","5","53.3600","119.0000","-0.1700","0","98.0200","6.0000","-0.1400","0.0000","98.0200","6.0000","-0.1300","0","98.0200","6.0000","-0.1400","0.4200","63.2400","94.0000","0.3300","0.0000","98.0200","6.0000","-0.1300","0.0000","94.4700","15.0000","-0.2300","0","94.4700","15.0000","-0.1800","0.0000","94.4700","15.0000","-0.2200","0","94.4700","15.0000","-0.2200","0","0","0"
"AAD2023.06.02752","69","32892","156","Florida A&M University","Sociology and Criminal Justice, Department of","Sociology - Articles-Focused","13","133.0000","7","232.0000","6","194.0000","1.1700","250.0000","21","244.0000","5","202.0000","0.8300","211.0000","0","158.0000","0","158.0000","0.0000","158.0000","3","180.0000","2","187.0000","2","214.0000","1","223.0000","7","15","0","40","38","0.0800","-1.6600","239.0000","5.9300","0.1500","-1.2400","233.0000","8.3000","0.4600","-1.6000","234.0000","7.9100","0.5400","-1.3400","246.0000","3.1600","0.3800","-1.8100","234.0000","7.9100","1.6200","-0.9000","248.0000","2.3700","3.0000","-1.1000","241.0000","5.1400","0.0000","-0.9100","158.0000","37.9400","0.0000","-0.7800","158.0000","37.9400","0.0000","-0.4200","158.0000","37.9400","0.0000","-0.5800","158.0000","37.9400","0.2300","-0.7700","203.0000","20.1600","0.1500","-1.0400","206.0000","18.9700","-1.2000","246.0000","3.1600","-0.7800","-1.1300","-0.9300","-0.7400","-0.8300","-1.4500","-0.6942","-0.6000","-0.9600","-0.7100","-0.3400","-0.6100","-0.9200","-0.2800","26.4800","12.2500","20.5500","37.9400","23.7200","1.5800","17.0000","29.2500","15.8100","3.9500","37.9400","37.9400","8.7000","47.8300","253","4/1/2025 16:37","0","0","0.0000","0.0000","0.0000","102.0000","102.0000","102.0000","102.0000","102.0000","-0.6700","-0.6212","-0.5500","-0.5600","-0.6700","60.0800","60.0800","60.0800","60.0800","60.0800","0","3","24.5100","192.0000","-0.8500","0.2300","17.0000","211.0000","-1.0700","2","26.0900","188.0000","-0.8600","0","98.0200","6.0000","-0.1400","0.0000","98.0200","6.0000","-0.1300","0","98.0200","6.0000","-0.1400","0.1500","15.0200","216.0000","-1.1000","0.0000","98.0200","6.0000","-0.1300","0.0000","94.4700","15.0000","-0.2300","0","94.4700","15.0000","-0.1800","0.0000","94.4700","15.0000","-0.2200","0","94.4700","15.0000","-0.2200","0","0","0"
"AAD2023.06.02752","295","33127","156","University of Massachusetts Dartmouth","Sociology and Anthropology, Department of","Sociology - Articles-Focused","6","226.0000","4","242.0000","3","227.0000","1.3300","248.0000","18","245.0000","2","233.0000","0.5000","247.0000","0","158.0000","0","158.0000","0.0000","158.0000","3","180.0000","3","164.0000","6","161.0000","2","199.0000","7","15","0","40","38","0.3300","-0.2700","141.0000","44.6600","1.0000","0.4800","65.0000","74.7000","0.5000","-1.4100","223.0000","12.2500","0.6700","-1.3000","243.0000","4.3500","0.3300","-2.0600","238.0000","6.3200","3.0000","-0.8800","244.0000","3.9500","4.5000","-0.9100","231.0000","9.0900","0.0000","-0.9100","158.0000","37.9400","0.0000","-0.7800","158.0000","37.9400","0.0000","-0.4200","158.0000","37.9400","0.0000","-0.5800","158.0000","37.9400","0.5000","-0.5100","151.0000","40.7100","0.5000","0.2600","99.0000","61.2600","-1.1000","243.0000","4.3500","-0.6400","-0.9100","-1.3300","-0.7400","-1.2200","-1.3900","-3.3668","-0.6000","-0.5900","-0.7100","-0.3400","-0.6100","-0.9600","-1.1700","35.5700","21.7400","8.3000","37.9400","10.6700","2.3700","2.7700","29.2500","36.7600","3.5600","37.9400","37.9400","4.7400","11.0700","253","4/1/2025 16:37","0","0","0.0000","0.0000","0.0000","102.0000","102.0000","102.0000","102.0000","102.0000","-0.6700","-0.6212","-0.5500","-0.5600","-0.6700","60.0800","60.0800","60.0800","60.0800","60.0800","0","3","24.5100","192.0000","-0.8500","0.5000","39.1300","155.0000","-0.4400","1","16.2100","213.0000","-1.1000","0","98.0200","6.0000","-0.1400","0.0000","98.0200","6.0000","-0.1300","0","98.0200","6.0000","-0.1400","0.1700","18.9700","206.0000","-1.0300","0.0000","98.0200","6.0000","-0.1300","0.0000","94.4700","15.0000","-0.2300","0","94.4700","15.0000","-0.1800","0.0000","94.4700","15.0000","-0.2200","0","94.4700","15.0000","-0.2200","0","0","0"
"AAD2023.06.02752","309","33151","156","University of Nebraska at Omaha","Sociology and Anthropology, Department of","Sociology - Articles-Focused","14","116.0000","44","142.0000","14","88.0000","3.1400","193.0000","293","163.0000","11","123.0000","0.7900","231.0000","0","158.0000","0","158.0000","0.0000","158.0000","1","214.0000","1","208.0000","1","230.0000","1","223.0000","7","15","0","40","38","0.0700","-1.6900","240.0000","5.5300","0.0700","-1.4100","242.0000","4.7400","1.0000","1.0800","1.0000","100.0000","3.1400","-0.4300","144.0000","43.4800","0.7900","0.1200","134.0000","47.4300","20.9300","-0.6000","174.0000","31.6200","6.6600","-0.6300","196.0000","22.9200","0.0000","-0.9100","158.0000","37.9400","0.0000","-0.7800","158.0000","37.9400","0.0000","-0.4200","158.0000","37.9400","0.0000","-0.5800","158.0000","37.9400","0.0700","-0.9200","228.0000","10.2800","0.0700","-1.3500","228.0000","10.2800","-0.3000","140.0000","45.0600","-0.9200","-1.1300","-0.1400","-0.7400","0.2000","-0.7400","-1.0760","-0.6800","-1.0500","-0.5400","-0.3400","-0.6100","-0.4300","-0.1500","18.1800","12.2500","51.7800","37.9400","65.6100","24.1100","9.0900","15.8100","9.4900","35.9700","37.9400","37.9400","44.2700","54.5500","253","4/1/2025 16:37","0","0","0.0000","0.0000","0.0000","102.0000","102.0000","102.0000","102.0000","102.0000","-0.6700","-0.6212","-0.5500","-0.5600","-0.6700","60.0800","60.0800","60.0800","60.0800","60.0800","0","3","24.5100","192.0000","-0.8500","0.2100","15.4200","215.0000","-1.1100","3","35.9700","163.0000","-0.6300","0","98.0200","6.0000","-0.1400","0.0000","98.0200","6.0000","-0.1300","0","98.0200","6.0000","-0.1400","0.2100","24.9000","191.0000","-0.7700","0.0000","98.0200","6.0000","-0.1300","0.0000","94.4700","15.0000","-0.2300","0","94.4700","15.0000","-0.1800","0.0000","94.4700","15.0000","-0.2200","0","94.4700","15.0000","-0.2200","0","0","0"
"AAD2023.06.02752","307","33312","156","University of Missouri - St. Louis","Sociology, Department of","Sociology - Articles-Focused","1","252.0000","4","242.0000","1","247.0000","4.0000","150.0000","25","236.0000","1","249.0000","1.0000","1.0000","0","158.0000","0","158.0000","0.0000","158.0000","0","230.0000","0","230.0000","0","245.0000","0","245.0000","7","15","0","40","38","0.0000","-2.0800","245.0000","3.5600","0.0000","-1.5500","245.0000","3.5600","1.0000","1.0800","1.0000","100.0000","4.0000","-0.1300","117.0000","54.1500","1.0000","1.1500","1.0000","100.0000","25.0000","-0.5400","158.0000","37.9400","6.2500","-0.6800","206.0000","18.9700","0.0000","-0.9100","158.0000","37.9400","0.0000","-0.7800","158.0000","37.9400","0.0000","-0.4200","158.0000","37.9400","0.0000","-0.5800","158.0000","37.9400","0.0000","-0.9900","230.0000","9.4900","0.0000","-1.6200","230.0000","9.4900","0.1000","90.0000","64.8200","-1.0700","-1.3500","-1.4600","-0.7400","-1.4800","-0.4400","0.6422","-0.7100","-1.1500","-0.7100","-0.3400","-0.6100","-0.9600","-1.8100","9.4900","3.5600","1.9800","37.9400","2.7700","41.1100","100.0000","9.4900","3.5600","7.1100","37.9400","37.9400","4.7400","0.7900","253","4/1/2025 16:37","0","0","0.0000","0.0000","0.0000","102.0000","102.0000","102.0000","102.0000","102.0000","-0.6700","-0.6212","-0.5500","-0.5600","-0.6700","60.0800","60.0800","60.0800","60.0800","60.0800","0","0","5.5300","240.0000","-1.1600","0.0000","5.5300","240.0000","-1.6100","0","5.5300","240.0000","-1.3300","0","98.0200","6.0000","-0.1400","0.0000","98.0200","6.0000","-0.1300","0","98.0200","6.0000","-0.1400","0.0000","5.5300","240.0000","-1.9400","0.0000","98.0200","6.0000","-0.1300","0.0000","94.4700","15.0000","-0.2300","0","94.4700","15.0000","-0.1800","0.0000","94.4700","15.0000","-0.2200","0","94.4700","15.0000","-0.2200","0","0","0"
"AAD2023.06.02752","358","33343","156","Washington University in St. Louis","Sociology, Department of","Sociology - Articles-Focused","12","153.0000","70","105.0000","11","124.0000","6.3600","72.0000","2150","38.0000","12","104.0000","1.0000","1.0000","3","62.0000","3","79.0000","719212.0000","84.0000","33","43.0000","11","57.0000","10","119.0000","6","90.0000","7","15","0","40","38","0.5000","0.6400","59.0000","77.0800","0.8300","0.1400","97.0000","62.0600","0.9200","0.6600","76.0000","70.3600","5.8300","0.5100","69.0000","73.1200","1.0000","1.1500","1.0000","100.0000","179.1700","1.8300","16.0000","94.0700","30.7100","2.4300","6.0000","98.0200","0.2500","0.9600","45.0000","82.6100","0.2500","0.3300","71.0000","72.3300","59934.3300","-0.1400","76.0000","70.3600","239737.3300","-0.0200","78.0000","69.5700","2.7500","1.6400","19.0000","92.8900","0.9200","1.8300","7.0000","97.6300","0.7000","13.0000","95.2600","0.5000","-0.0200","-0.0100","0.2400","-0.1800","0.4100","0.6422","0.4800","-0.2200","0.6700","-0.2200","-0.0800","-0.0800","-0.4100","77.8700","64.8200","59.2900","75.8900","51.3800","71.9400","100.0000","83.4000","53.3600","85.3800","67.1900","69.1700","58.8900","39.9200","253","4/1/2025 16:37","1","1","1.0000","0.0800","0.0800","43.0000","46.0000","65.0000","60.0000","41.0000","0.3700","0.3463","0.0000","0.2800","0.8800","83.4000","82.2100","74.7000","76.6800","84.1900","0","19","81.0300","49.0000","0.7800","1.5800","96.8400","9.0000","2.0800","7","71.5400","73.0000","0.2900","0","98.0200","6.0000","-0.1400","0.0000","98.0200","6.0000","-0.1300","0","98.0200","6.0000","-0.1400","0.5800","90.1200","26.0000","1.2400","0.0000","98.0200","6.0000","-0.1300","0.0000","94.4700","15.0000","-0.2300","0","94.4700","15.0000","-0.1800","0.0000","94.4700","15.0000","-0.2200","0","94.4700","15.0000","-0.2200","0","0","0"
"AAD2023.06.02752","557985","33703","156","University of Texas Rio Grande Valley","Sociology, Department of","Sociology - Articles-Focused","17","86.0000","35","160.0000","10","139.0000","3.5000","174.0000","377","146.0000","11","123.0000","0.9200","159.0000","0","158.0000","0","158.0000","0.0000","158.0000","1","214.0000","1","208.0000","5","178.0000","5","122.0000","7","15","0","40","38","0.2900","-0.4800","172.0000","32.4100","0.2900","-0.9500","205.0000","19.3700","0.5900","-0.9700","214.0000","15.8100","2.0600","-0.8100","201.0000","20.9500","0.6500","-0.5500","185.0000","27.2700","22.1800","-0.5800","170.0000","33.2000","10.7700","-0.1100","116.0000","54.5500","0.0000","-0.9100","158.0000","37.9400","0.0000","-0.7800","158.0000","37.9400","0.0000","-0.4200","158.0000","37.9400","0.0000","-0.5800","158.0000","37.9400","0.0600","-0.9300","229.0000","9.8800","0.0600","-1.4000","229.0000","9.8800","-0.5000","171.0000","32.8100","-0.9200","-0.2500","-0.1400","-0.7400","-0.3100","-0.6200","-0.0260","-0.6800","-0.6800","-0.4800","-0.3400","-0.6100","-0.5500","0.2300","18.1800","52.1700","51.7800","37.9400","45.4500","31.6200","37.5500","15.8100","30.0400","42.6900","37.9400","37.9400","37.1500","66.4000","253","4/1/2025 16:37","0","0","0.0000","0.0000","0.0000","102.0000","102.0000","102.0000","102.0000","102.0000","-0.6700","-0.6212","-0.5500","-0.5600","-0.6700","60.0800","60.0800","60.0800","60.0800","60.0800","0","1","11.4600","225.0000","-1.0600","0.0600","6.3200","238.0000","-1.4700","1","16.2100","213.0000","-1.1000","0","98.0200","6.0000","-0.1400","0.0000","98.0200","6.0000","-0.1300","0","98.0200","6.0000","-0.1400","0.0600","6.3200","238.0000","-1.6200","0.0000","98.0200","6.0000","-0.1300","0.0000","94.4700","15.0000","-0.2300","0","94.4700","15.0000","-0.1800","0.0000","94.4700","15.0000","-0.2200","0","94.4700","15.0000","-0.2200","0","0","0"
"AAD2023.06.02752","15","33858","156","Auburn University","Sociology, Anthropology and Social Work, Department of","Sociology - Articles-Focused","17","86.0000","42","145.0000","14","88.0000","3.0000","197.0000","255","174.0000","13","94.0000","0.8700","195.0000","0","158.0000","0","158.0000","0.0000","158.0000","2","202.0000","2","187.0000","8","142.0000","5","122.0000","7","15","0","40","38","0.2900","-0.4800","172.0000","32.4100","0.4700","-0.6000","169.0000","33.6000","0.8200","0.2000","143.0000","43.8700","2.4700","-0.6700","178.0000","30.0400","0.7600","0.0200","145.0000","43.0800","15.0000","-0.6900","196.0000","22.9200","6.0700","-0.7100","213.0000","16.2100","0.0000","-0.9100","158.0000","37.9400","0.0000","-0.7800","158.0000","37.9400","0.0000","-0.4200","158.0000","37.9400","0.0000","-0.5800","158.0000","37.9400","0.1200","-0.8800","222.0000","12.6500","0.1200","-1.1800","219.0000","13.8300","-0.5000","171.0000","32.8100","-0.7800","-0.2500","0.1200","-0.7400","0.2000","-0.7900","-0.4269","-0.6400","-0.4000","-0.5600","-0.3400","-0.6100","-0.4500","0.2300","26.4800","52.1700","63.2400","37.9400","65.6100","22.5300","23.3200","20.5500","44.2700","31.6200","37.9400","37.9400","43.0800","66.4000","253","4/1/2025 16:37","1","1","1.0000","0.0600","0.0600","43.0000","46.0000","65.0000","83.0000","72.0000","0.3700","0.3463","0.0000","0.0300","0.4200","83.4000","82.2100","74.7000","67.5900","71.9400","0","8","48.6200","131.0000","-0.3400","0.4700","33.2000","170.0000","-0.5100","5","53.3600","119.0000","-0.1700","0","98.0200","6.0000","-0.1400","0.0000","98.0200","6.0000","-0.1300","0","98.0200","6.0000","-0.1400","0.2900","36.7600","161.0000","-0.3400","0.0000","98.0200","6.0000","-0.1300","0.0000","94.4700","15.0000","-0.2300","0","94.4700","15.0000","-0.1800","0.0000","94.4700","15.0000","-0.2200","0","94.4700","15.0000","-0.2200","0","0","0"
"AAD2023.06.02752","513","34276","156","West Texas A&M University","Psychology, Sociology and Social Work, Department of","Sociology - Articles-Focused","10","182.0000","16","206.0000","5","207.0000","3.2000","190.0000","82","212.0000","4","212.0000","0.8000","218.0000","0","158.0000","0","158.0000","0.0000","158.0000","0","230.0000","0","230.0000","3","201.0000","1","223.0000","7","15","0","40","38","0.1000","-1.5400","237.0000","6.7200","0.3000","-0.9400","203.0000","20.1600","0.5000","-1.4100","223.0000","12.2500","1.6000","-0.9700","213.0000","16.2100","0.4000","-1.7400","232.0000","8.7000","8.2000","-0.8000","220.0000","13.4400","5.1300","-0.8300","226.0000","11.0700","0.0000","-0.9100","158.0000","37.9400","0.0000","-0.7800","158.0000","37.9400","0.0000","-0.4200","158.0000","37.9400","0.0000","-0.5800","158.0000","37.9400","0.0000","-0.9900","230.0000","9.4900","0.0000","-1.6200","230.0000","9.4900","-0.9000","220.0000","13.4400","-1.0700","-1.1300","-1.0600","-0.7400","-0.9600","-0.7200","-0.9614","-0.7100","-0.8700","-0.6700","-0.3400","-0.6100","-0.8000","-0.6600","9.4900","12.2500","16.6000","37.9400","18.5800","25.3000","14.2300","9.4900","20.9500","16.6000","37.9400","37.9400","18.9700","28.4600","253","4/1/2025 16:37","0","0","0.0000","0.0000","0.0000","102.0000","102.0000","102.0000","102.0000","102.0000","-0.6700","-0.6212","-0.5500","-0.5600","-0.6700","60.0800","60.0800","60.0800","60.0800","60.0800","0","0","5.5300","240.0000","-1.1600","0.0000","5.5300","240.0000","-1.6100","0","5.5300","240.0000","-1.3300","0","98.0200","6.0000","-0.1400","0.0000","98.0200","6.0000","-0.1300","0","98.0200","6.0000","-0.1400","0.0000","5.5300","240.0000","-1.9400","0.0000","98.0200","6.0000","-0.1300","0.0000","94.4700","15.0000","-0.2300","0","94.4700","15.0000","-0.1800","0.0000","94.4700","15.0000","-0.2200","0","94.4700","15.0000","-0.2200","0","0","0"
"AAD2023.06.02752","388","34432","156","Rochester Institute of Technology","Sociology and Anthropology, Department of","Sociology - Articles-Focused","13","133.0000","34","161.0000","8","167.0000","4.2500","138.0000","141","197.0000","6","190.0000","0.7500","237.0000","2","78.0000","2","86.0000","140551.0000","129.0000","10","120.0000","6","118.0000","7","151.0000","3","165.0000","7","15","0","40","38","0.2300","-0.8300","203.0000","20.1600","0.5400","-0.4600","159.0000","37.5500","0.6200","-0.8400","208.0000","18.1800","2.6200","-0.6200","169.0000","33.6000","0.4600","-1.4400","228.0000","10.2800","10.8500","-0.7600","210.0000","17.3900","4.1500","-0.9500","233.0000","8.3000","0.1500","0.2400","87.0000","66.0100","0.1500","-0.1000","98.0000","61.6600","10811.6200","-0.3700","132.0000","48.2200","70275.5000","-0.4200","138.0000","45.8500","0.7700","-0.2500","114.0000","55.3400","0.4600","0.1200","114.0000","55.3400","-0.7000","201.0000","20.9500","-0.2100","-0.6900","-0.8000","-0.0900","-0.5700","-0.3500","-1.3623","-0.3500","-0.5000","-0.6300","-0.3100","-0.2600","-0.5600","-0.2800","53.7500","35.1800","25.3000","69.5700","34.3900","45.8500","6.7200","52.9600","40.7100","22.5300","49.4100","66.4000","36.7600","47.8300","253","4/1/2025 16:37","1","1","1.0000","0.0800","0.0800","43.0000","46.0000","65.0000","70.0000","52.0000","0.3700","0.3463","0.0000","0.2100","0.7600","83.4000","82.2100","74.7000","72.7300","79.8400","0","11","58.5000","106.0000","-0.0400","0.8500","66.4000","86.0000","0.3600","7","71.5400","73.0000","0.2900","0","98.0200","6.0000","-0.1400","0.0000","98.0200","6.0000","-0.1300","0","98.0200","6.0000","-0.1400","0.5400","84.1900","41.0000","1.0000","0.0000","98.0200","6.0000","-0.1300","0.0000","94.4700","15.0000","-0.2300","0","94.4700","15.0000","-0.1800","0.0000","94.4700","15.0000","-0.2200","0","94.4700","15.0000","-0.2200","0","0","0"
"AAD2023.06.02752","151","34513","156","Northern Arizona University","Sociology, Department of","Sociology - Articles-Focused","13","133.0000","48","135.0000","12","113.0000","4.0000","150.0000","448","134.0000","8","159.0000","0.6700","242.0000","0","158.0000","0","158.0000","0.0000","158.0000","1","214.0000","1","208.0000","12","95.0000","5","122.0000","7","15","0","40","38","0.3800","0.0100","117.0000","54.1500","0.9200","0.3200","84.0000","67.1900","0.9200","0.6900","69.0000","73.1200","3.6900","-0.2400","130.0000","49.0100","0.6200","-0.7000","197.0000","22.5300","34.4600","-0.3900","135.0000","47.0400","9.3300","-0.2900","144.0000","43.4800","0.0000","-0.9100","158.0000","37.9400","0.0000","-0.7800","158.0000","37.9400","0.0000","-0.4200","158.0000","37.9400","0.0000","-0.5800","158.0000","37.9400","0.0800","-0.9200","226.0000","11.0700","0.0800","-1.3300","226.0000","11.0700","-0.5000","171.0000","32.8100","-0.9200","-0.2500","-0.5400","-0.7400","-0.0500","-0.4400","-2.0305","-0.6800","-0.0300","-0.4400","-0.3400","-0.6100","-0.3700","-0.2800","18.1800","52.1700","37.5500","37.9400","55.7300","41.1100","4.7400","15.8100","62.8500","47.4300","37.9400","37.9400","47.0400","47.8300","253","4/1/2025 16:37","0","0","0.0000","0.0000","0.0000","102.0000","102.0000","102.0000","102.0000","102.0000","-0.6700","-0.6212","-0.5500","-0.5600","-0.6700","60.0800","60.0800","60.0800","60.0800","60.0800","0","16","73.5200","68.0000","0.4800","1.2300","88.5400","30.0000","1.2600","6","63.2400","94.0000","0.0600","0","98.0200","6.0000","-0.1400","0.0000","98.0200","6.0000","-0.1300","0","98.0200","6.0000","-0.1400","0.4600","72.7300","70.0000","0.5800","0.0000","98.0200","6.0000","-0.1300","0.0000","94.4700","15.0000","-0.2300","0","94.4700","15.0000","-0.1800","0.0000","94.4700","15.0000","-0.2200","0","94.4700","15.0000","-0.2200","0","0","0"
"AAD2023.06.02752","59","34855","156","Drexel University","Sociology, Department of","Sociology - Articles-Focused","10","182.0000","56","123.0000","10","139.0000","5.6000","100.0000","914","91.0000","10","137.0000","1.0000","1.0000","3","62.0000","3","79.0000","891353.0000","79.0000","7","142.0000","5","130.0000","6","161.0000","5","122.0000","7","15","0","40","38","0.5000","0.6400","59.0000","77.0800","0.6000","-0.3300","146.0000","42.6900","1.0000","1.0800","1.0000","100.0000","5.6000","0.4300","76.0000","70.3600","1.0000","1.1500","1.0000","100.0000","91.4000","0.4800","56.0000","78.2600","16.3200","0.6000","44.0000","83.0000","0.3000","1.3300","30.0000","88.5400","0.3000","0.5500","61.0000","76.2800","89135.3000","0.0000","54.0000","79.0500","297117.6700","0.1100","67.0000","73.9100","0.7000","-0.3200","124.0000","51.3800","0.5000","0.2600","99.0000","61.2600","0.5000","32.0000","87.7500","-0.3600","-0.2500","-0.2700","0.2400","-0.3100","0.1400","0.6422","-0.4600","-0.5900","-0.1300","-0.1900","-0.0800","-0.2700","-0.6600","49.0100","52.1700","46.2500","75.8900","45.4500","60.8700","100.0000","44.2700","36.7600","64.4300","69.1700","69.1700","51.7800","28.4600","253","4/1/2025 16:37","0","0","0.0000","0.0000","0.0000","102.0000","102.0000","102.0000","102.0000","102.0000","-0.6700","-0.6212","-0.5500","-0.5600","-0.6700","60.0800","60.0800","60.0800","60.0800","60.0800","0","3","24.5100","192.0000","-0.8500","0.3000","20.9500","201.0000","-0.9100","3","35.9700","163.0000","-0.6300","0","98.0200","6.0000","-0.1400","0.0000","98.0200","6.0000","-0.1300","0","98.0200","6.0000","-0.1400","0.3000","38.3400","157.0000","-0.3000","0.0000","98.0200","6.0000","-0.1300","0.0000","94.4700","15.0000","-0.2300","0","94.4700","15.0000","-0.1800","0.0000","94.4700","15.0000","-0.2200","0","94.4700","15.0000","-0.2200","0","0","0"
"AAD2023.06.02752","193","34933","156","Southern Methodist University","Sociology, Department of","Sociology - Articles-Focused","4","240.0000","3","245.0000","2","237.0000","1.5000","242.0000","23","242.0000","2","233.0000","1.0000","1.0000","0","158.0000","0","158.0000","0.0000","158.0000","1","214.0000","1","208.0000","1","230.0000","1","223.0000","7","15","0","40","38","0.2500","-0.7200","186.0000","26.8800","0.2500","-1.0400","209.0000","17.7900","0.5000","-1.4100","223.0000","12.2500","0.7500","-1.2700","240.0000","5.5300","0.5000","-1.2500","217.0000","14.6200","5.7500","-0.8300","229.0000","9.8800","7.6700","-0.5000","178.0000","30.0400","0.0000","-0.9100","158.0000","37.9400","0.0000","-0.7800","158.0000","37.9400","0.0000","-0.4200","158.0000","37.9400","0.0000","-0.5800","158.0000","37.9400","0.2500","-0.7500","194.0000","23.7200","0.2500","-0.6800","179.0000","29.6400","-1.0000","233.0000","8.3000","-0.9200","-1.1300","-1.3300","-0.7400","-1.3500","-1.3300","0.6422","-0.6800","-1.0500","-0.7100","-0.3400","-0.6100","-0.9800","-1.4300","18.1800","12.2500","8.3000","37.9400","6.7200","4.7400","100.0000","15.8100","9.4900","4.7400","37.9400","37.9400","3.5600","5.5300","253","4/1/2025 16:37","0","0","0.0000","0.0000","0.0000","102.0000","102.0000","102.0000","102.0000","102.0000","-0.6700","-0.6212","-0.5500","-0.5600","-0.6700","60.0800","60.0800","60.0800","60.0800","60.0800","0","1","11.4600","225.0000","-1.0600","0.2500","19.3700","205.0000","-1.0200","1","16.2100","213.0000","-1.1000","0","98.0200","6.0000","-0.1400","0.0000","98.0200","6.0000","-0.1300","0","98.0200","6.0000","-0.1400","0.2500","32.0200","173.0000","-0.5800","0.0000","98.0200","6.0000","-0.1300","0.0000","94.4700","15.0000","-0.2300","0","94.4700","15.0000","-0.1800","0.0000","94.4700","15.0000","-0.2200","0","94.4700","15.0000","-0.2200","0","0","0"
"AAD2023.06.02752","41","34968","156","Clark Atlanta University","Sociology and Criminal Justice, Department of","Sociology - Articles-Focused","17","86.0000","8","228.0000","4","216.0000","2.0000","233.0000","59","223.0000","4","212.0000","1.0000","1.0000","0","158.0000","0","158.0000","0.0000","158.0000","0","230.0000","0","230.0000","1","230.0000","1","223.0000","7","15","0","40","38","0.0600","-1.7600","243.0000","4.3500","0.0600","-1.4300","243.0000","4.3500","0.2400","-2.7200","249.0000","1.9800","0.4700","-1.3700","248.0000","2.3700","0.2400","-2.5300","251.0000","1.1900","3.4700","-0.8700","240.0000","5.5300","7.3800","-0.5400","183.0000","28.0600","0.0000","-0.9100","158.0000","37.9400","0.0000","-0.7800","158.0000","37.9400","0.0000","-0.4200","158.0000","37.9400","0.0000","-0.5800","158.0000","37.9400","0.0000","-0.9900","230.0000","9.4900","0.0000","-1.6200","230.0000","9.4900","-1.2000","246.0000","3.1600","-1.0700","-1.1300","-1.0600","-0.7400","-1.0900","-1.1500","0.6422","-0.7100","-1.0500","-0.6900","-0.3400","-0.6100","-0.9100","0.2300","9.4900","12.2500","16.6000","37.9400","15.0200","8.3000","100.0000","9.4900","9.4900","12.2500","37.9400","37.9400","10.2800","66.4000","253","4/1/2025 16:37","0","0","0.0000","0.0000","0.0000","102.0000","102.0000","102.0000","102.0000","102.0000","-0.6700","-0.6212","-0.5500","-0.5600","-0.6700","60.0800","60.0800","60.0800","60.0800","60.0800","0","1","11.4600","225.0000","-1.0600","0.0600","6.3200","238.0000","-1.4700","1","16.2100","213.0000","-1.1000","0","98.0200","6.0000","-0.1400","0.0000","98.0200","6.0000","-0.1300","0","98.0200","6.0000","-0.1400","0.0600","6.3200","238.0000","-1.6200","0.0000","98.0200","6.0000","-0.1300","0.0000","94.4700","15.0000","-0.2300","0","94.4700","15.0000","-0.1800","0.0000","94.4700","15.0000","-0.2200","0","94.4700","15.0000","-0.2200","0","0","0"
"AAD2023.06.02752","36","35353","156","Catholic University of America, The","Sociology, Department of","Sociology - Articles-Focused","3","248.0000","22","191.0000","3","227.0000","7.3300","51.0000","153","193.0000","3","226.0000","1.0000","1.0000","0","158.0000","0","158.0000","0.0000","158.0000","1","214.0000","1","208.0000","3","201.0000","2","199.0000","7","15","0","40","38","0.6700","1.5400","15.0000","94.4700","1.0000","0.4800","65.0000","74.7000","1.0000","1.0800","1.0000","100.0000","7.3300","1.0300","40.0000","84.5900","1.0000","1.1500","1.0000","100.0000","51.0000","-0.1400","100.0000","60.8700","6.9500","-0.5900","192.0000","24.5100","0.0000","-0.9100","158.0000","37.9400","0.0000","-0.7800","158.0000","37.9400","0.0000","-0.4200","158.0000","37.9400","0.0000","-0.5800","158.0000","37.9400","0.3300","-0.6700","181.0000","28.8500","0.3300","-0.3600","153.0000","39.9200","0.3000","61.0000","76.2800","-0.9200","-0.9100","-1.1900","-0.7400","-1.2200","0.7600","0.6422","-0.6800","-0.8700","-0.6300","-0.3400","-0.6100","-0.7200","-1.5500","18.1800","21.7400","11.0700","37.9400","10.6700","80.2400","100.0000","15.8100","20.9500","24.1100","37.9400","37.9400","24.9000","2.3700","253","4/1/2025 16:37","0","0","0.0000","0.0000","0.0000","102.0000","102.0000","102.0000","102.0000","102.0000","-0.6700","-0.6212","-0.5500","-0.5600","-0.6700","60.0800","60.0800","60.0800","60.0800","60.0800","0","2","16.6000","212.0000","-0.9600","0.6700","52.5700","121.0000","-0.0500","2","26.0900","188.0000","-0.8600","0","98.0200","6.0000","-0.1400","0.0000","98.0200","6.0000","-0.1300","0","98.0200","6.0000","-0.1400","0.6700","97.6300","7.0000","1.7000","0.0000","98.0200","6.0000","-0.1300","0.0000","94.4700","15.0000","-0.2300","0","94.4700","15.0000","-0.1800","0.0000","94.4700","15.0000","-0.2200","0","94.4700","15.0000","-0.2200","0","0","0"
"AAD2023.06.02752","352","35419","156","Villanova University","Sociology and Criminology, Department of","Sociology - Articles-Focused","15","103.0000","43","143.0000","12","113.0000","3.5800","170.0000","414","137.0000","11","123.0000","0.9200","159.0000","0","158.0000","0","158.0000","0.0000","158.0000","6","153.0000","4","142.0000","7","151.0000","6","90.0000","7","15","0","40","38","0.4000","0.0900","108.0000","57.7100","0.4700","-0.6000","170.0000","33.2000","0.8000","0.0800","151.0000","40.7100","2.8700","-0.5300","159.0000","37.5500","0.7300","-0.1300","154.0000","39.5300","27.6000","-0.5000","150.0000","41.1100","9.6300","-0.2500","139.0000","45.4500","0.0000","-0.9100","158.0000","37.9400","0.0000","-0.7800","158.0000","37.9400","0.0000","-0.4200","158.0000","37.9400","0.0000","-0.5800","158.0000","37.9400","0.4000","-0.6100","165.0000","35.1800","0.2700","-0.6100","176.0000","30.8300","-0.2000","126.0000","50.5900","-0.5000","-0.0200","-0.1400","-0.7400","-0.0500","-0.5900","-0.0260","-0.5000","-0.5000","-0.4600","-0.3400","-0.6100","-0.4400","-0.0200","44.2700","64.8200","51.7800","37.9400","55.7300","33.2000","37.5500","39.9200","40.7100","46.2500","37.9400","37.9400","43.8700","59.6800","253","4/1/2025 16:37","0","0","0.0000","0.0000","0.0000","102.0000","102.0000","102.0000","102.0000","102.0000","-0.6700","-0.6212","-0.5500","-0.5600","-0.6700","60.0800","60.0800","60.0800","60.0800","60.0800","0","10","56.1300","112.0000","-0.1400","0.6700","52.5700","121.0000","-0.0500","5","53.3600","119.0000","-0.1700","0","98.0200","6.0000","-0.1400","0.0000","98.0200","6.0000","-0.1300","0","98.0200","6.0000","-0.1400","0.3300","45.0600","140.0000","-0.1200","0.0000","98.0200","6.0000","-0.1300","0.0000","94.4700","15.0000","-0.2300","0","94.4700","15.0000","-0.1800","0.0000","94.4700","15.0000","-0.2200","0","94.4700","15.0000","-0.2200","0","0","0"
"AAD2023.06.02752","271","35492","156","University of Denver","Sociology and Criminology, Department of","Sociology - Articles-Focused","11","168.0000","27","178.0000","10","139.0000","2.7000","212.0000","140","198.0000","10","137.0000","0.9100","164.0000","2","78.0000","2","86.0000","185910.0000","124.0000","16","88.0000","8","81.0000","8","142.0000","5","122.0000","7","15","0","40","38","0.4500","0.3900","81.0000","68.3800","0.7300","-0.0800","122.0000","52.1700","0.9100","0.6200","84.0000","67.1900","2.4500","-0.6700","181.0000","28.8500","0.9100","0.7200","76.0000","70.3600","12.7300","-0.7300","206.0000","18.9700","5.1900","-0.8200","225.0000","11.4600","0.1800","0.4500","71.0000","72.3300","0.1800","0.0300","89.0000","65.2200","16900.9100","-0.3400","118.0000","53.7500","92955.0000","-0.3700","134.0000","47.4300","1.4500","0.4000","65.0000","74.7000","0.7300","1.1200","40.0000","84.5900","-0.5000","171.0000","32.8100","0.0700","-0.2500","-0.2700","-0.0900","-0.3100","-0.9000","-0.0868","-0.1400","-0.4000","-0.6400","-0.3100","-0.2600","-0.6500","-0.5300","68.3800","52.1700","46.2500","69.5700","45.4500","16.6000","35.5700","65.6100","44.2700","22.1300","51.3800","66.4000","30.0400","33.9900","253","4/1/2025 16:37","0","0","0.0000","0.0000","0.0000","102.0000","102.0000","102.0000","102.0000","102.0000","-0.6700","-0.6212","-0.5500","-0.5600","-0.6700","60.0800","60.0800","60.0800","60.0800","60.0800","0","3","24.5100","192.0000","-0.8500","0.2700","20.1600","203.0000","-0.9700","1","16.2100","213.0000","-1.1000","0","98.0200","6.0000","-0.1400","0.0000","98.0200","6.0000","-0.1300","0","98.0200","6.0000","-0.1400","0.0900","7.5100","235.0000","-1.4500","0.0000","98.0200","6.0000","-0.1300","0.0000","94.4700","15.0000","-0.2300","0","94.4700","15.0000","-0.1800","0.0000","94.4700","15.0000","-0.2200","0","94.4700","15.0000","-0.2200","0","0","0"
"AAD2023.06.02752","135","35511","156","Middle Tennessee State University","Sociology and Anthropology, Department of","Sociology - Articles-Focused","19","63.0000","32","165.0000","11","124.0000","2.9100","207.0000","253","175.0000","12","104.0000","0.9200","152.0000","0","158.0000","0","158.0000","0.0000","158.0000","3","180.0000","2","187.0000","10","119.0000","8","59.0000","7","15","0","40","38","0.4200","0.2100","100.0000","60.8700","0.5300","-0.4800","160.0000","37.1500","0.5800","-1.0200","216.0000","15.0200","1.6800","-0.9400","210.0000","17.3900","0.6300","-0.6200","192.0000","24.5100","13.3200","-0.7200","203.0000","20.1600","7.9100","-0.4700","174.0000","31.6200","0.0000","-0.9100","158.0000","37.9400","0.0000","-0.7800","158.0000","37.9400","0.0000","-0.4200","158.0000","37.9400","0.0000","-0.5800","158.0000","37.9400","0.1600","-0.8400","215.0000","15.4200","0.1100","-1.2200","222.0000","12.6500","-0.7000","201.0000","20.9500","-0.7800","0.4200","-0.0100","-0.7400","-0.1800","-0.8300","0.0254","-0.6000","-0.2200","-0.5600","-0.3400","-0.6100","-0.5900","0.4900","26.4800","77.0800","59.2900","37.9400","51.3800","18.5800","40.3200","29.2500","53.3600","31.2300","37.9400","37.9400","35.1800","75.4900","253","4/1/2025 16:37","0","0","0.0000","0.0000","0.0000","102.0000","102.0000","102.0000","102.0000","102.0000","-0.6700","-0.6212","-0.5500","-0.5600","-0.6700","60.0800","60.0800","60.0800","60.0800","60.0800","0","19","81.0300","49.0000","0.7800","1.0000","78.6600","55.0000","0.7200","10","85.7700","37.0000","0.9900","0","98.0200","6.0000","-0.1400","0.0000","98.0200","6.0000","-0.1300","0","98.0200","6.0000","-0.1400","0.5300","82.6100","45.0000","0.9300","0.0000","98.0200","6.0000","-0.1300","0.0000","94.4700","15.0000","-0.2300","0","94.4700","15.0000","-0.1800","0.0000","94.4700","15.0000","-0.2200","0","94.4700","15.0000","-0.2200","0","0","0"
"AAD2023.06.02752","197","35580","156","St. John's University","Sociology and Anthropology, Department of","Sociology - Articles-Focused","11","168.0000","10","220.0000","3","227.0000","3.3300","185.0000","101","205.0000","6","190.0000","0.8600","198.0000","0","158.0000","0","158.0000","0.0000","158.0000","5","162.0000","4","142.0000","9","131.0000","6","90.0000","7","15","0","40","38","0.5500","0.8800","45.0000","82.6100","0.8200","0.1100","101.0000","60.4700","0.2700","-2.5400","247.0000","2.7700","0.9100","-1.2100","237.0000","6.7200","0.5500","-1.0400","214.0000","15.8100","9.1800","-0.7800","216.0000","15.0200","10.1000","-0.1900","128.0000","49.8000","0.0000","-0.9100","158.0000","37.9400","0.0000","-0.7800","158.0000","37.9400","0.0000","-0.4200","158.0000","37.9400","0.0000","-0.5800","158.0000","37.9400","0.4500","-0.5500","157.0000","38.3400","0.3600","-0.2500","144.0000","43.4800","-0.9000","220.0000","13.4400","-0.5000","-0.0200","-0.8000","-0.7400","-1.2200","-0.6800","-0.5033","-0.5300","-0.3100","-0.6600","-0.3400","-0.6100","-0.8800","-0.5300","44.2700","64.8200","25.3000","37.9400","10.6700","27.2700","22.1300","36.3600","48.6200","19.3700","37.9400","37.9400","13.4400","33.9900","253","4/1/2025 16:37","0","0","0.0000","0.0000","0.0000","102.0000","102.0000","102.0000","102.0000","102.0000","-0.6700","-0.6212","-0.5500","-0.5600","-0.6700","60.0800","60.0800","60.0800","60.0800","60.0800","0","3","24.5100","192.0000","-0.8500","0.2700","20.1600","203.0000","-0.9700","2","26.0900","188.0000","-0.8600","0","98.0200","6.0000","-0.1400","0.0000","98.0200","6.0000","-0.1300","0","98.0200","6.0000","-0.1400","0.1800","20.1600","203.0000","-0.9500","0.0000","98.0200","6.0000","-0.1300","0.0000","94.4700","15.0000","-0.2300","0","94.4700","15.0000","-0.1800","0.0000","94.4700","15.0000","-0.2200","0","94.4700","15.0000","-0.2200","0","0","0"
"AAD2023.06.02752","63","35632","156","East Tennessee State University","Sociology and Anthropology, Department of","Sociology - Articles-Focused","11","168.0000","46","137.0000","6","194.0000","7.6700","42.0000","500","123.0000","7","172.0000","1.0000","1.0000","0","158.0000","0","158.0000","0.0000","158.0000","7","142.0000","5","130.0000","12","95.0000","6","90.0000","7","15","0","40","38","0.5500","0.8800","45.0000","82.6100","1.0900","0.6600","57.0000","77.8700","0.5500","-1.1800","220.0000","13.4400","4.1800","-0.0700","111.0000","56.5200","0.6400","-0.6000","187.0000","26.4800","45.4500","-0.2200","108.0000","57.7100","10.8700","-0.1000","112.0000","56.1300","0.0000","-0.9100","158.0000","37.9400","0.0000","-0.7800","158.0000","37.9400","0.0000","-0.4200","158.0000","37.9400","0.0000","-0.5800","158.0000","37.9400","0.6400","-0.3800","136.0000","46.6400","0.4500","0.0900","116.0000","54.5500","-0.3000","140.0000","45.0600","-0.3600","-0.0200","-0.6700","-0.7400","-0.8300","0.8800","0.6422","-0.4600","-0.0300","-0.4000","-0.3400","-0.6100","-0.4000","-0.5300","49.0100","64.8200","32.4100","37.9400","23.7200","83.7900","100.0000","44.2700","62.8500","51.7800","37.9400","37.9400","46.2500","33.9900","253","4/1/2025 16:37","0","0","0.0000","0.0000","0.0000","102.0000","102.0000","102.0000","102.0000","102.0000","-0.6700","-0.6212","-0.5500","-0.5600","-0.6700","60.0800","60.0800","60.0800","60.0800","60.0800","0","4","30.0400","178.0000","-0.7500","0.3600","27.2700","185.0000","-0.7600","5","53.3600","119.0000","-0.1700","0","98.0200","6.0000","-0.1400","0.0000","98.0200","6.0000","-0.1300","0","98.0200","6.0000","-0.1400","0.4500","70.3600","76.0000","0.5400","0.0000","98.0200","6.0000","-0.1300","0.0000","94.4700","15.0000","-0.2300","0","94.4700","15.0000","-0.1800","0.0000","94.4700","15.0000","-0.2200","0","94.4700","15.0000","-0.2200","0","0","0"
"AAD2023.06.02752","333","35650","156","University of South Dakota, The","Anthropology and Sociology, Department of","Sociology - Articles-Focused","5","236.0000","12","216.0000","3","227.0000","4.0000","150.0000","150","196.0000","5","202.0000","1.0000","1.0000","1","109.0000","1","114.0000","111455.0000","136.0000","2","202.0000","2","187.0000","0","245.0000","0","245.0000","7","15","0","40","38","0.0000","-2.0800","245.0000","3.5600","0.0000","-1.5500","245.0000","3.5600","0.6000","-0.9100","210.0000","17.3900","2.4000","-0.6900","184.0000","27.6700","1.0000","1.1500","1.0000","100.0000","30.0000","-0.4600","146.0000","42.6900","12.5000","0.1100","85.0000","66.8000","0.2000","0.5800","61.0000","76.2800","0.2000","0.1100","84.0000","67.1900","22291.0000","-0.3200","107.0000","58.1000","111455.0000","-0.3200","127.0000","50.2000","0.4000","-0.6100","165.0000","35.1800","0.4000","-0.1100","130.0000","49.0100","-0.3000","140.0000","45.0600","-0.7800","-1.3500","-0.9300","-0.4100","-1.2200","-0.4400","0.6422","-0.6400","-1.1500","-0.6300","-0.3200","-0.4400","-0.8600","-1.3000","26.4800","3.5600","20.5500","57.3100","10.6700","41.1100","100.0000","20.5500","3.5600","22.9200","46.6400","55.3400","15.0200","7.1100","253","4/1/2025 16:37","0","0","0.0000","0.0000","0.0000","102.0000","102.0000","102.0000","102.0000","102.0000","-0.6700","-0.6212","-0.5500","-0.5600","-0.6700","60.0800","60.0800","60.0800","60.0800","60.0800","0","1","11.4600","225.0000","-1.0600","0.2000","14.2300","218.0000","-1.1400","1","16.2100","213.0000","-1.1000","0","98.0200","6.0000","-0.1400","0.0000","98.0200","6.0000","-0.1300","0","98.0200","6.0000","-0.1400","0.2000","22.5300","197.0000","-0.8500","0.0000","98.0200","6.0000","-0.1300","0.0000","94.4700","15.0000","-0.2300","0","94.4700","15.0000","-0.1800","0.0000","94.4700","15.0000","-0.2200","0","94.4700","15.0000","-0.2200","0","0","0"
"AAD2023.06.02752","219","35689","156","Texas Christian University","Sociology & Anthropology, Department of","Sociology - Articles-Focused","7","217.0000","10","220.0000","4","216.0000","2.5000","216.0000","62","221.0000","4","212.0000","0.8000","218.0000","0","158.0000","0","158.0000","0.0000","158.0000","0","230.0000","0","230.0000","5","178.0000","3","165.0000","7","15","0","40","38","0.4300","0.2500","86.0000","66.4000","0.7100","-0.1000","123.0000","51.7800","0.5700","-1.0500","217.0000","14.6200","1.4300","-1.0300","222.0000","12.6500","0.5700","-0.9100","208.0000","18.1800","8.8600","-0.7900","217.0000","14.6200","6.2000","-0.6900","208.0000","18.1800","0.0000","-0.9100","158.0000","37.9400","0.0000","-0.7800","158.0000","37.9400","0.0000","-0.4200","158.0000","37.9400","0.0000","-0.5800","158.0000","37.9400","0.0000","-0.9900","230.0000","9.4900","0.0000","-1.6200","230.0000","9.4900","-0.9000","220.0000","13.4400","-1.0700","-0.6900","-1.0600","-0.7400","-1.0900","-0.9700","-0.9614","-0.7100","-0.6800","-0.6900","-0.3400","-0.6100","-0.8800","-1.0400","9.4900","35.1800","16.6000","37.9400","15.0200","15.0200","14.2300","9.4900","30.0400","13.0400","37.9400","37.9400","13.4400","14.6200","253","4/1/2025 16:37","0","0","0.0000","0.0000","0.0000","102.0000","102.0000","102.0000","102.0000","102.0000","-0.6700","-0.6212","-0.5500","-0.5600","-0.6700","60.0800","60.0800","60.0800","60.0800","60.0800","0","9","52.9600","120.0000","-0.2400","1.2900","91.3000","23.0000","1.3900","2","26.0900","188.0000","-0.8600","0","98.0200","6.0000","-0.1400","0.0000","98.0200","6.0000","-0.1300","0","98.0200","6.0000","-0.1400","0.2900","35.9700","163.0000","-0.3800","0.0000","98.0200","6.0000","-0.1300","0.0000","94.4700","15.0000","-0.2300","0","94.4700","15.0000","-0.1800","0.0000","94.4700","15.0000","-0.2200","0","94.4700","15.0000","-0.2200","0","0","0"
"AAD2023.06.02752","155","35732","156","Oakland University","Sociology, Anthropology, Social Work and Criminal Justice, Department of","Sociology - Articles-Focused","22","40.0000","65","113.0000","20","34.0000","3.2500","188.0000","458","130.0000","18","49.0000","0.8600","198.0000","0","158.0000","0","158.0000","0.0000","158.0000","8","134.0000","5","130.0000","10","119.0000","5","122.0000","7","15","0","40","38","0.2300","-0.8400","208.0000","18.1800","0.4500","-0.6300","173.0000","32.0200","0.9100","0.6200","84.0000","67.1900","2.9500","-0.5000","150.0000","41.1100","0.8200","0.2800","121.0000","52.5700","20.8200","-0.6000","175.0000","31.2300","7.0500","-0.5800","188.0000","26.0900","0.0000","-0.9100","158.0000","37.9400","0.0000","-0.7800","158.0000","37.9400","0.0000","-0.4200","158.0000","37.9400","0.0000","-0.5800","158.0000","37.9400","0.3600","-0.6400","177.0000","30.4300","0.2300","-0.7600","188.0000","26.0900","-0.3000","140.0000","45.0600","-0.3600","-0.2500","0.7800","-0.7400","0.9800","-0.7100","-0.5033","-0.4200","-0.2200","-0.4300","-0.3400","-0.6100","-0.1400","0.8700","49.0100","52.1700","81.0300","37.9400","86.9600","26.0900","22.1300","47.4300","53.3600","49.0100","37.9400","37.9400","55.7300","84.5900","253","4/1/2025 16:37","0","0","0.0000","0.0000","0.0000","102.0000","102.0000","102.0000","102.0000","102.0000","-0.6700","-0.6212","-0.5500","-0.5600","-0.6700","60.0800","60.0800","60.0800","60.0800","60.0800","0","15","71.1500","74.0000","0.3700","0.6800","52.9600","120.0000","-0.0200","11","90.1200","26.0000","1.2200","0","98.0200","6.0000","-0.1400","0.0000","98.0200","6.0000","-0.1300","0","98.0200","6.0000","-0.1400","0.5000","81.4200","48.0000","0.7900","0.0000","98.0200","6.0000","-0.1300","0.0000","94.4700","15.0000","-0.2300","0","94.4700","15.0000","-0.1800","0.0000","94.4700","15.0000","-0.2200","0","94.4700","15.0000","-0.2200","0","0","0"
"AAD2023.06.02752","214","35788","156","Tennessee Technological University","Sociology and Political Science, Department of","Sociology - Articles-Focused","10","182.0000","19","198.0000","4","216.0000","4.7500","122.0000","55","225.0000","5","202.0000","1.0000","1.0000","1","109.0000","1","114.0000","75061.0000","145.0000","0","230.0000","0","230.0000","11","106.0000","3","165.0000","7","15","0","40","38","0.3000","-0.4500","168.0000","33.9900","1.1000","0.6800","56.0000","78.2600","0.4000","-1.9100","236.0000","7.1100","1.9000","-0.8700","207.0000","18.5800","0.5000","-1.2500","217.0000","14.6200","5.5000","-0.8400","230.0000","9.4900","2.8900","-1.1100","242.0000","4.7400","0.1000","-0.1700","114.0000","55.3400","0.1000","-0.3400","118.0000","53.7500","7506.1000","-0.3900","141.0000","44.6600","75061.0000","-0.4100","137.0000","46.2500","0.0000","-0.9900","230.0000","9.4900","0.0000","-1.6200","230.0000","9.4900","-0.9000","220.0000","13.4400","-1.0700","-0.6900","-0.9300","-0.4100","-1.0900","-0.1700","0.6422","-0.7100","-0.1300","-0.6900","-0.3200","-0.4400","-0.7600","-0.6600","9.4900","35.1800","20.5500","57.3100","15.0200","52.1700","100.0000","9.4900","58.5000","11.4600","43.0800","55.3400","22.1300","28.4600","253","4/1/2025 16:37","1","1","1.0000","0.1000","0.1000","43.0000","46.0000","65.0000","53.0000","30.0000","0.3700","0.3463","0.0000","0.4500","1.1900","83.4000","82.2100","74.7000","79.4500","88.5400","0","4","30.0400","178.0000","-0.7500","0.4000","30.0400","178.0000","-0.6800","1","16.2100","213.0000","-1.1000","0","98.0200","6.0000","-0.1400","0.0000","98.0200","6.0000","-0.1300","0","98.0200","6.0000","-0.1400","0.1000","8.7000","232.0000","-1.4000","0.0000","98.0200","6.0000","-0.1300","0.0000","94.4700","15.0000","-0.2300","0","94.4700","15.0000","-0.1800","0.0000","94.4700","15.0000","-0.2200","0","94.4700","15.0000","-0.2200","0","0","0"
"AAD2023.06.02752","18","35817","156","Barry University","Sociology and Criminology, Department of","Sociology - Articles-Focused","6","226.0000","7","232.0000","4","216.0000","1.7500","238.0000","51","226.0000","3","226.0000","0.7500","237.0000","0","158.0000","0","158.0000","0.0000","158.0000","0","230.0000","0","230.0000","12","95.0000","2","199.0000","7","15","0","40","38","0.3300","-0.2700","141.0000","44.6600","2.0000","2.5000","4.0000","98.8100","0.6700","-0.5800","187.0000","26.4800","1.1700","-1.1200","230.0000","9.4900","0.5000","-1.2500","217.0000","14.6200","8.5000","-0.7900","219.0000","13.8300","7.2900","-0.5500","185.0000","27.2700","0.0000","-0.9100","158.0000","37.9400","0.0000","-0.7800","158.0000","37.9400","0.0000","-0.4200","158.0000","37.9400","0.0000","-0.5800","158.0000","37.9400","0.0000","-0.9900","230.0000","9.4900","0.0000","-1.6200","230.0000","9.4900","-0.8000","207.0000","18.5800","-1.0700","-0.9100","-1.1900","-0.7400","-1.0900","-1.2400","-1.3623","-0.7100","-0.0300","-0.6900","-0.3400","-0.6100","-0.9200","-1.1700","9.4900","21.7400","11.0700","37.9400","15.0200","6.3200","6.7200","9.4900","62.8500","11.0700","37.9400","37.9400","8.7000","11.0700","253","4/1/2025 16:37","0","0","0.0000","0.0000","0.0000","102.0000","102.0000","102.0000","102.0000","102.0000","-0.6700","-0.6212","-0.5500","-0.5600","-0.6700","60.0800","60.0800","60.0800","60.0800","60.0800","0","3","24.5100","192.0000","-0.8500","0.5000","39.1300","155.0000","-0.4400","1","16.2100","213.0000","-1.1000","0","98.0200","6.0000","-0.1400","0.0000","98.0200","6.0000","-0.1300","0","98.0200","6.0000","-0.1400","0.1700","18.9700","206.0000","-1.0300","0.0000","98.0200","6.0000","-0.1300","0.0000","94.4700","15.0000","-0.2300","0","94.4700","15.0000","-0.1800","0.0000","94.4700","15.0000","-0.2200","0","94.4700","15.0000","-0.2200","0","0","0"
"AAD2023.06.02752","245","35827","156","University of Alabama in Huntsville, The","Sociology, Department of","Sociology - Articles-Focused","4","240.0000","25","183.0000","4","216.0000","6.2500","75.0000","167","190.0000","4","212.0000","1.0000","1.0000","1","109.0000","2","86.0000","75877.0000","143.0000","0","230.0000","0","230.0000","1","230.0000","1","223.0000","7","15","0","40","38","0.2500","-0.7200","186.0000","26.8800","0.2500","-1.0400","209.0000","17.7900","1.0000","1.0800","1.0000","100.0000","6.2500","0.6500","57.0000","77.8700","1.0000","1.1500","1.0000","100.0000","41.7500","-0.2800","118.0000","53.7500","6.6800","-0.6300","195.0000","23.3200","0.2500","0.9600","45.0000","82.6100","0.5000","1.4400","25.0000","90.5100","18969.2500","-0.3300","113.0000","55.7300","37938.5000","-0.4900","148.0000","41.9000","0.0000","-0.9900","230.0000","9.4900","0.0000","-1.6200","230.0000","9.4900","0.5000","32.0000","87.7500","-1.0700","-1.1300","-1.0600","-0.4100","-1.0900","0.3700","0.6422","-0.7100","-1.0500","-0.6200","-0.3200","-0.2600","-0.6800","-1.4300","9.4900","12.2500","16.6000","57.3100","15.0200","70.7500","100.0000","9.4900","9.4900","25.3000","43.8700","66.4000","28.0600","5.5300","253","4/1/2025 16:37","0","0","0.0000","0.0000","0.0000","102.0000","102.0000","102.0000","102.0000","102.0000","-0.6700","-0.6212","-0.5500","-0.5600","-0.6700","60.0800","60.0800","60.0800","60.0800","60.0800","0","0","5.5300","240.0000","-1.1600","0.0000","5.5300","240.0000","-1.6100","0","5.5300","240.0000","-1.3300","0","98.0200","6.0000","-0.1400","0.0000","98.0200","6.0000","-0.1300","0","98.0200","6.0000","-0.1400","0.0000","5.5300","240.0000","-1.9400","0.0000","98.0200","6.0000","-0.1300","0.0000","94.4700","15.0000","-0.2300","0","94.4700","15.0000","-0.1800","0.0000","94.4700","15.0000","-0.2200","0","94.4700","15.0000","-0.2200","0","0","0"
"AAD2023.06.02752","100","35842","156","Jackson State University","Criminal Justice and Sociology, Department of","Sociology - Articles-Focused","5","236.0000","1","251.0000","1","247.0000","1.0000","251.0000","0","253.0000","0","253.0000","0.0000","253.0000","1","109.0000","1","114.0000","105753.0000","137.0000","0","230.0000","0","230.0000","1","230.0000","1","223.0000","7","15","0","40","38","0.2000","-0.9900","214.0000","15.8100","0.2000","-1.1400","225.0000","11.4600","0.2000","-2.9000","250.0000","1.5800","0.2000","-1.4600","251.0000","1.1900","0.0000","-3.6600","253.0000","0.4000","0.0000","-0.9200","253.0000","0.4000","0.0000","-1.4800","252.0000","0.7900","0.2000","0.5800","61.0000","76.2800","0.2000","0.1100","84.0000","67.1900","21150.6000","-0.3200","109.0000","57.3100","105753.0000","-0.3400","128.0000","49.8000","0.0000","-0.9900","230.0000","9.4900","0.0000","-1.6200","230.0000","9.4900","-1.3000","250.0000","1.5800","-1.0700","-1.1300","-1.5900","-0.4100","-1.4800","-1.5100","-7.3759","-0.7100","-1.0500","-0.7300","-0.3200","-0.4400","-1.0000","-1.3000","9.4900","12.2500","0.4000","57.3100","2.7700","1.1900","0.4000","9.4900","9.4900","0.4000","46.2500","55.3400","1.1900","7.1100","253","4/1/2025 16:37","0","0","0.0000","0.0000","0.0000","102.0000","102.0000","102.0000","102.0000","102.0000","-0.6700","-0.6212","-0.5500","-0.5600","-0.6700","60.0800","60.0800","60.0800","60.0800","60.0800","0","2","16.6000","212.0000","-0.9600","0.4000","30.0400","178.0000","-0.6800","1","16.2100","213.0000","-1.1000","0","98.0200","6.0000","-0.1400","0.0000","98.0200","6.0000","-0.1300","0","98.0200","6.0000","-0.1400","0.2000","22.5300","197.0000","-0.8500","0.0000","98.0200","6.0000","-0.1300","0.0000","94.4700","15.0000","-0.2300","0","94.4700","15.0000","-0.1800","0.0000","94.4700","15.0000","-0.2200","0","94.4700","15.0000","-0.2200","0","0","0"
"AAD2023.06.02752","93","35873","156","Illinois State University","Sociology-Anthropology, Department of","Sociology - Articles-Focused","23","37.0000","66","111.0000","16","69.0000","4.1300","146.0000","685","110.0000","15","75.0000","0.8800","182.0000","0","158.0000","0","158.0000","0.0000","158.0000","15","91.0000","10","64.0000","10","119.0000","8","59.0000","7","15","0","40","38","0.3500","-0.1900","140.0000","45.0600","0.4300","-0.6700","178.0000","30.0400","0.7000","-0.4400","181.0000","28.8500","2.8700","-0.5300","158.0000","37.9400","0.6500","-0.5200","184.0000","27.6700","29.7800","-0.4600","147.0000","42.2900","10.3800","-0.1600","125.0000","50.9900","0.0000","-0.9100","158.0000","37.9400","0.0000","-0.7800","158.0000","37.9400","0.0000","-0.4200","158.0000","37.9400","0.0000","-0.5800","158.0000","37.9400","0.6500","-0.3600","132.0000","48.2200","0.4300","0.0200","123.0000","51.7800","-0.5000","171.0000","32.8100","0.3500","0.4200","0.3900","-0.7400","0.4600","-0.3900","-0.3011","-0.1700","-0.2200","-0.2800","-0.3400","-0.6100","-0.1300","1.0000","75.1000","77.0800","70.7500","37.9400","73.1200","42.6900","28.4600","64.4300","53.3600","56.9200","37.9400","37.9400","56.5200","85.7700","253","4/1/2025 16:37","0","0","0.0000","0.0000","0.0000","102.0000","102.0000","102.0000","102.0000","102.0000","-0.6700","-0.6212","-0.5500","-0.5600","-0.6700","60.0800","60.0800","60.0800","60.0800","60.0800","0","13","64.8200","90.0000","0.1700","0.5700","42.2900","147.0000","-0.2900","7","71.5400","73.0000","0.2900","0","98.0200","6.0000","-0.1400","0.0000","98.0200","6.0000","-0.1300","0","98.0200","6.0000","-0.1400","0.3000","38.7400","156.0000","-0.2800","0.0000","98.0200","6.0000","-0.1300","0.0000","94.4700","15.0000","-0.2300","0","94.4700","15.0000","-0.1800","0.0000","94.4700","15.0000","-0.2200","0","94.4700","15.0000","-0.2200","0","0","0"
"AAD2023.06.02752","322","35919","156","University of Northern Colorado","Sociology, Department of","Sociology - Articles-Focused","4","240.0000","9","224.0000","4","216.0000","2.2500","226.0000","76","214.0000","4","212.0000","1.0000","1.0000","0","158.0000","0","158.0000","0.0000","158.0000","0","230.0000","0","230.0000","1","230.0000","1","223.0000","7","15","0","40","38","0.2500","-0.7200","186.0000","26.8800","0.2500","-1.0400","209.0000","17.7900","1.0000","1.0800","1.0000","100.0000","2.2500","-0.7400","193.0000","24.1100","1.0000","1.1500","1.0000","100.0000","19.0000","-0.6300","182.0000","28.4600","8.4400","-0.4000","161.0000","36.7600","0.0000","-0.9100","158.0000","37.9400","0.0000","-0.7800","158.0000","37.9400","0.0000","-0.4200","158.0000","37.9400","0.0000","-0.5800","158.0000","37.9400","0.0000","-0.9900","230.0000","9.4900","0.0000","-1.6200","230.0000","9.4900","-0.2000","126.0000","50.5900","-1.0700","-1.1300","-1.0600","-0.7400","-1.0900","-1.0600","0.6422","-0.7100","-1.0500","-0.6800","-0.3400","-0.6100","-0.9000","-1.4300","9.4900","12.2500","16.6000","37.9400","15.0200","11.0700","100.0000","9.4900","9.4900","15.8100","37.9400","37.9400","11.8600","5.5300","253","4/1/2025 16:37","3","1","3.0000","0.7500","0.2500","43.0000","6.0000","21.0000","1.0000","1.0000","0.3700","2.2812","1.1000","6.9900","3.9800","83.4000","98.0200","92.0900","100.0000","100.0000","0","0","5.5300","240.0000","-1.1600","0.0000","5.5300","240.0000","-1.6100","0","5.5300","240.0000","-1.3300","0","98.0200","6.0000","-0.1400","0.0000","98.0200","6.0000","-0.1300","0","98.0200","6.0000","-0.1400","0.0000","5.5300","240.0000","-1.9400","0.0000","98.0200","6.0000","-0.1300","0.0000","94.4700","15.0000","-0.2300","0","94.4700","15.0000","-0.1800","0.0000","94.4700","15.0000","-0.2200","0","94.4700","15.0000","-0.2200","0","0","0"
"AAD2023.06.02752","91","35943","156","Idaho State University","Sociology, Social Work, and Criminology, Department of","Sociology - Articles-Focused","13","133.0000","72","101.0000","13","101.0000","5.5400","106.0000","551","121.0000","13","94.0000","1.0000","1.0000","1","109.0000","1","114.0000","149992.0000","128.0000","1","214.0000","1","208.0000","10","119.0000","3","165.0000","7","15","0","40","38","0.2300","-0.8300","203.0000","20.1600","0.7700","0.0100","111.0000","56.5200","1.0000","1.0800","1.0000","100.0000","5.5400","0.4000","78.0000","69.5700","1.0000","1.1500","1.0000","100.0000","42.3800","-0.2700","115.0000","54.9400","7.6500","-0.5100","180.0000","29.2500","0.0800","-0.3400","132.0000","48.2200","0.0800","-0.4400","135.0000","47.0400","11537.8500","-0.3700","129.0000","49.4100","149992.0000","-0.2300","112.0000","56.1300","0.0800","-0.9200","226.0000","11.0700","0.0800","-1.3300","226.0000","11.0700","0.1000","90.0000","64.8200","-0.9200","-0.6900","0.1200","-0.4100","0.0700","0.1100","0.6422","-0.6800","-0.2200","-0.3700","-0.3100","-0.4400","-0.0500","-0.2800","18.1800","35.1800","63.2400","57.3100","60.4700","58.5000","100.0000","15.8100","53.3600","52.5700","49.8000","55.3400","60.4700","47.8300","253","4/1/2025 16:37","0","0","0.0000","0.0000","0.0000","102.0000","102.0000","102.0000","102.0000","102.0000","-0.6700","-0.6212","-0.5500","-0.5600","-0.6700","60.0800","60.0800","60.0800","60.0800","60.0800","0","6","39.9200","153.0000","-0.5500","0.4600","32.8100","171.0000","-0.5300","5","53.3600","119.0000","-0.1700","0","98.0200","6.0000","-0.1400","0.0000","98.0200","6.0000","-0.1300","0","98.0200","6.0000","-0.1400","0.3800","55.7300","113.0000","0.1600","0.0000","98.0200","6.0000","-0.1300","0.0000","94.4700","15.0000","-0.2300","0","94.4700","15.0000","-0.1800","0.0000","94.4700","15.0000","-0.2200","0","94.4700","15.0000","-0.2200","0","0","0"
"AAD2023.06.02752","139","35964","156","Morgan State University","Sociology & Anthropology, Department of","Sociology - Articles-Focused","8","200.0000","10","220.0000","3","227.0000","3.3300","185.0000","25","236.0000","4","212.0000","1.0000","1.0000","1","109.0000","1","114.0000","256230.0000","112.0000","0","230.0000","0","230.0000","2","214.0000","2","199.0000","7","15","0","40","38","0.2500","-0.7200","186.0000","26.8800","0.2500","-1.0400","209.0000","17.7900","0.3800","-2.0300","238.0000","6.3200","1.2500","-1.0900","228.0000","10.2800","0.5000","-1.2500","217.0000","14.6200","3.1300","-0.8700","242.0000","4.7400","2.5000","-1.1600","245.0000","3.5600","0.1300","0.0200","101.0000","60.4700","0.1300","-0.2300","108.0000","57.7100","32028.7500","-0.2700","98.0000","61.6600","256230.0000","0.0200","75.0000","70.7500","0.0000","-0.9900","230.0000","9.4900","0.0000","-1.6200","230.0000","9.4900","-1.0000","233.0000","8.3000","-1.0700","-0.9100","-1.0600","-0.4100","-1.2200","-0.6800","0.6422","-0.7100","-0.9600","-0.7100","-0.3000","-0.4400","-0.8800","-0.9200","9.4900","21.7400","16.6000","57.3100","10.6700","27.2700","100.0000","9.4900","15.8100","7.1100","56.1300","55.3400","13.4400","21.3400","253","4/1/2025 16:37","0","0","0.0000","0.0000","0.0000","102.0000","102.0000","102.0000","102.0000","102.0000","-0.6700","-0.6212","-0.5500","-0.5600","-0.6700","60.0800","60.0800","60.0800","60.0800","60.0800","0","6","39.9200","153.0000","-0.5500","0.7500","58.8900","105.0000","0.1400","3","35.9700","163.0000","-0.6300","0","98.0200","6.0000","-0.1400","0.0000","98.0200","6.0000","-0.1300","0","98.0200","6.0000","-0.1400","0.3800","53.3600","119.0000","0.1000","0.0000","98.0200","6.0000","-0.1300","0.0000","94.4700","15.0000","-0.2300","0","94.4700","15.0000","-0.1800","0.0000","94.4700","15.0000","-0.2200","0","94.4700","15.0000","-0.2200","0","0","0"
"AAD2023.06.02752","61","35996","156","Duquesne University","Sociology, Department of","Sociology - Articles-Focused","7","217.0000","15","209.0000","5","207.0000","3.0000","197.0000","43","229.0000","4","212.0000","0.8000","218.0000","0","158.0000","0","158.0000","0.0000","158.0000","1","214.0000","1","208.0000","1","230.0000","1","223.0000","7","15","0","40","38","0.1400","-1.3000","231.0000","9.0900","0.1400","-1.2600","236.0000","7.1100","0.7100","-0.3400","173.0000","32.0200","2.1400","-0.7800","197.0000","22.5300","0.5700","-0.9100","208.0000","18.1800","6.1400","-0.8300","227.0000","10.6700","2.8700","-1.1100","243.0000","4.3500","0.0000","-0.9100","158.0000","37.9400","0.0000","-0.7800","158.0000","37.9400","0.0000","-0.4200","158.0000","37.9400","0.0000","-0.5800","158.0000","37.9400","0.1400","-0.8500","217.0000","14.6200","0.1400","-1.0800","209.0000","17.7900","-0.8000","207.0000","18.5800","-0.9200","-1.1300","-1.0600","-0.7400","-0.9600","-0.7900","-0.9614","-0.6800","-1.0500","-0.7000","-0.3400","-0.6100","-0.8200","-1.0400","18.1800","12.2500","16.6000","37.9400","18.5800","22.5300","14.2300","15.8100","9.4900","9.8800","37.9400","37.9400","17.7900","14.6200","253","4/1/2025 16:37","0","0","0.0000","0.0000","0.0000","102.0000","102.0000","102.0000","102.0000","102.0000","-0.6700","-0.6212","-0.5500","-0.5600","-0.6700","60.0800","60.0800","60.0800","60.0800","60.0800","0","1","11.4600","225.0000","-1.0600","0.1400","9.8800","229.0000","-1.2700","1","16.2100","213.0000","-1.1000","0","98.0200","6.0000","-0.1400","0.0000","98.0200","6.0000","-0.1300","0","98.0200","6.0000","-0.1400","0.1400","13.4400","220.0000","-1.1600","0.0000","98.0200","6.0000","-0.1300","0.0000","94.4700","15.0000","-0.2300","0","94.4700","15.0000","-0.1800","0.0000","94.4700","15.0000","-0.2200","0","94.4700","15.0000","-0.2200","0","0","0"
"AAD2023.06.02752","367","36015","156","Wright State University","Sociology and Anthropology, Department of","Sociology - Articles-Focused","7","217.0000","6","235.0000","4","216.0000","1.5000","242.0000","11","248.0000","2","233.0000","0.5000","247.0000","0","158.0000","0","158.0000","0.0000","158.0000","5","162.0000","3","164.0000","1","230.0000","1","223.0000","7","15","0","40","38","0.1400","-1.3000","231.0000","9.0900","0.1400","-1.2600","236.0000","7.1100","0.5700","-1.0500","217.0000","14.6200","0.8600","-1.2300","238.0000","6.3200","0.2900","-2.2900","246.0000","3.1600","1.5700","-0.9000","249.0000","1.9800","1.8300","-1.2500","248.0000","2.3700","0.0000","-0.9100","158.0000","37.9400","0.0000","-0.7800","158.0000","37.9400","0.0000","-0.4200","158.0000","37.9400","0.0000","-0.5800","158.0000","37.9400","0.7100","-0.3100","122.0000","52.1700","0.4300","-0.0100","124.0000","51.3800","-1.1000","243.0000","4.3500","-0.6400","-1.1300","-1.3300","-0.7400","-1.0900","-1.3300","-3.3668","-0.5300","-1.0500","-0.7200","-0.3400","-0.6100","-0.9400","-1.0400","35.5700","12.2500","8.3000","37.9400","15.0200","4.7400","2.7700","36.3600","9.4900","2.3700","37.9400","37.9400","7.5100","14.6200","253","4/1/2025 16:37","0","0","0.0000","0.0000","0.0000","102.0000","102.0000","102.0000","102.0000","102.0000","-0.6700","-0.6212","-0.5500","-0.5600","-0.6700","60.0800","60.0800","60.0800","60.0800","60.0800","0","2","16.6000","212.0000","-0.9600","0.2900","20.5500","202.0000","-0.9400","2","26.0900","188.0000","-0.8600","0","98.0200","6.0000","-0.1400","0.0000","98.0200","6.0000","-0.1300","0","98.0200","6.0000","-0.1400","0.2900","35.9700","163.0000","-0.3800","0.0000","98.0200","6.0000","-0.1300","0.0000","94.4700","15.0000","-0.2300","0","94.4700","15.0000","-0.1800","0.0000","94.4700","15.0000","-0.2200","0","94.4700","15.0000","-0.2200","0","0","0"
"AAD2023.06.02752","13","36127","156","Arkansas State University","Sociology and Criminology, Department of","Sociology - Articles-Focused","9","194.0000","19","198.0000","6","194.0000","3.1700","192.0000","407","138.0000","5","202.0000","0.8300","211.0000","0","158.0000","0","158.0000","0.0000","158.0000","2","202.0000","1","208.0000","2","214.0000","2","199.0000","7","15","0","40","38","0.2200","-0.8700","210.0000","17.3900","0.2200","-1.1000","221.0000","13.0400","0.6700","-0.5800","187.0000","26.4800","2.1100","-0.7900","199.0000","21.7400","0.5600","-0.9900","212.0000","16.6000","45.2200","-0.2300","109.0000","57.3100","21.4200","1.2500","17.0000","93.6800","0.0000","-0.9100","158.0000","37.9400","0.0000","-0.7800","158.0000","37.9400","0.0000","-0.4200","158.0000","37.9400","0.0000","-0.5800","158.0000","37.9400","0.2200","-0.7800","205.0000","19.3700","0.1100","-1.2000","220.0000","13.4400","-0.5000","171.0000","32.8100","-0.9200","-0.9100","-0.9300","-0.7400","-0.8300","-0.7300","-0.6942","-0.6400","-0.9600","-0.4600","-0.3400","-0.6100","-0.7600","-0.7900","18.1800","21.7400","20.5500","37.9400","23.7200","24.5100","17.0000","20.5500","15.8100","45.8500","37.9400","37.9400","22.1300","23.7200","253","4/1/2025 16:37","0","0","0.0000","0.0000","0.0000","102.0000","102.0000","102.0000","102.0000","102.0000","-0.6700","-0.6212","-0.5500","-0.5600","-0.6700","60.0800","60.0800","60.0800","60.0800","60.0800","0","5","34.3900","167.0000","-0.6500","0.5600","41.9000","148.0000","-0.3100","2","26.0900","188.0000","-0.8600","0","98.0200","6.0000","-0.1400","0.0000","98.0200","6.0000","-0.1300","0","98.0200","6.0000","-0.1400","0.2200","27.2700","185.0000","-0.7300","0.0000","98.0200","6.0000","-0.1300","0.0000","94.4700","15.0000","-0.2300","0","94.4700","15.0000","-0.1800","0.0000","94.4700","15.0000","-0.2200","0","94.4700","15.0000","-0.2200","0","0","0"
"AAD2023.06.02752","16","36164","156","Azusa Pacific University","Sociology, TESOL, and Modern Languages, Department of","Sociology - Articles-Focused","5","236.0000","0","253.0000","0","253.0000","0.0000","253.0000","3","251.0000","1","249.0000","1.0000","1.0000","1","109.0000","1","114.0000","51397.0000","149.0000","3","180.0000","1","208.0000","5","178.0000","2","199.0000","7","15","0","40","38","0.4000","0.0900","108.0000","57.7100","1.0000","0.4800","65.0000","74.7000","0.0000","-3.8900","253.0000","0.4000","0.0000","-1.5300","253.0000","0.4000","0.2000","-2.7000","252.0000","0.7900","0.6000","-0.9100","251.0000","1.1900","0.0000","-1.4800","252.0000","0.7900","0.2000","0.5800","61.0000","76.2800","0.2000","0.1100","84.0000","67.1900","10279.4000","-0.3700","133.0000","47.8300","51397.0000","-0.4600","146.0000","42.6900","0.6000","-0.4100","141.0000","44.6600","0.2000","-0.8700","194.0000","23.7200","-1.3000","250.0000","1.5800","-0.9200","-0.9100","-1.4600","-0.4100","-1.6100","-1.8700","0.6422","-0.6000","-0.6800","-0.7200","-0.3300","-0.4400","-1.0200","-1.3000","18.1800","21.7400","1.9800","57.3100","0.4000","0.4000","100.0000","29.2500","30.0400","1.1900","41.5000","55.3400","0.4000","7.1100","253","4/1/2025 16:37","0","0","0.0000","0.0000","0.0000","102.0000","102.0000","102.0000","102.0000","102.0000","-0.6700","-0.6212","-0.5500","-0.5600","-0.6700","60.0800","60.0800","60.0800","60.0800","60.0800","0","1","11.4600","225.0000","-1.0600","0.2000","14.2300","218.0000","-1.1400","1","16.2100","213.0000","-1.1000","0","98.0200","6.0000","-0.1400","0.0000","98.0200","6.0000","-0.1300","0","98.0200","6.0000","-0.1400","0.2000","22.5300","197.0000","-0.8500","0.0000","98.0200","6.0000","-0.1300","0.0000","94.4700","15.0000","-0.2300","0","94.4700","15.0000","-0.1800","0.0000","94.4700","15.0000","-0.2200","0","94.4700","15.0000","-0.2200","0","0","0"
"AAD2023.06.02752","377","36186","156","Boise State University","Sociology, Department of","Sociology - Articles-Focused","8","200.0000","17","201.0000","3","227.0000","5.6700","95.0000","60","222.0000","3","226.0000","1.0000","1.0000","0","158.0000","0","158.0000","0.0000","158.0000","1","214.0000","1","208.0000","2","214.0000","2","199.0000","7","15","0","40","38","0.2500","-0.7200","186.0000","26.8800","0.2500","-1.0400","209.0000","17.7900","0.3800","-2.0300","238.0000","6.3200","2.1300","-0.7900","198.0000","22.1300","0.3800","-1.8600","235.0000","7.5100","7.5000","-0.8100","222.0000","12.6500","3.5300","-1.0300","238.0000","6.3200","0.0000","-0.9100","158.0000","37.9400","0.0000","-0.7800","158.0000","37.9400","0.0000","-0.4200","158.0000","37.9400","0.0000","-0.5800","158.0000","37.9400","0.1300","-0.8700","220.0000","13.4400","0.1300","-1.1500","214.0000","15.8100","-0.8000","207.0000","18.5800","-0.9200","-0.9100","-1.1900","-0.7400","-1.2200","0.1600","0.6422","-0.6800","-0.9600","-0.6900","-0.3400","-0.6100","-0.7900","-0.9200","18.1800","21.7400","11.0700","37.9400","10.6700","62.8500","100.0000","15.8100","15.8100","12.6500","37.9400","37.9400","20.9500","21.3400","253","4/1/2025 16:37","0","0","0.0000","0.0000","0.0000","102.0000","102.0000","102.0000","102.0000","102.0000","-0.6700","-0.6212","-0.5500","-0.5600","-0.6700","60.0800","60.0800","60.0800","60.0800","60.0800","0","1","11.4600","225.0000","-1.0600","0.1300","8.7000","232.0000","-1.3100","1","16.2100","213.0000","-1.1000","0","98.0200","6.0000","-0.1400","0.0000","98.0200","6.0000","-0.1300","0","98.0200","6.0000","-0.1400","0.1300","11.0700","226.0000","-1.2600","0.0000","98.0200","6.0000","-0.1300","0.0000","94.4700","15.0000","-0.2300","0","94.4700","15.0000","-0.1800","0.0000","94.4700","15.0000","-0.2200","0","94.4700","15.0000","-0.2200","0","0","0"
"AAD2023.06.02752","42","36221","156","Clark University","Sociology, Department of","Sociology - Articles-Focused","6","226.0000","14","211.0000","4","216.0000","3.5000","174.0000","101","205.0000","3","226.0000","0.7500","237.0000","0","158.0000","0","158.0000","0.0000","158.0000","1","214.0000","1","208.0000","2","214.0000","2","199.0000","7","15","0","40","38","0.3300","-0.2700","141.0000","44.6600","0.3300","-0.8700","196.0000","22.9200","0.6700","-0.5800","187.0000","26.4800","2.3300","-0.7200","187.0000","26.4800","0.5000","-1.2500","217.0000","14.6200","16.8300","-0.6600","188.0000","26.0900","7.2100","-0.5600","187.0000","26.4800","0.0000","-0.9100","158.0000","37.9400","0.0000","-0.7800","158.0000","37.9400","0.0000","-0.4200","158.0000","37.9400","0.0000","-0.5800","158.0000","37.9400","0.1700","-0.8300","211.0000","17.0000","0.1700","-0.9900","200.0000","21.3400","-0.6000","191.0000","24.9000","-0.9200","-0.9100","-1.1900","-0.7400","-1.0900","-0.6200","-1.3623","-0.6800","-0.9600","-0.6600","-0.3400","-0.6100","-0.8300","-1.1700","18.1800","21.7400","11.0700","37.9400","15.0200","31.6200","6.7200","15.8100","15.8100","19.3700","37.9400","37.9400","17.0000","11.0700","253","4/1/2025 16:37","0","0","0.0000","0.0000","0.0000","102.0000","102.0000","102.0000","102.0000","102.0000","-0.6700","-0.6212","-0.5500","-0.5600","-0.6700","60.0800","60.0800","60.0800","60.0800","60.0800","0","3","24.5100","192.0000","-0.8500","0.5000","39.1300","155.0000","-0.4400","2","26.0900","188.0000","-0.8600","0","98.0200","6.0000","-0.1400","0.0000","98.0200","6.0000","-0.1300","0","98.0200","6.0000","-0.1400","0.3300","45.0600","140.0000","-0.1200","0.0000","98.0200","6.0000","-0.1300","0.0000","94.4700","15.0000","-0.2300","0","94.4700","15.0000","-0.1800","0.0000","94.4700","15.0000","-0.2200","0","94.4700","15.0000","-0.2200","0","0","0"
"AAD2023.06.02752","57","36253","156","DePaul University","Sociology, Department of","Sociology - Articles-Focused","9","194.0000","21","194.0000","6","194.0000","3.5000","174.0000","407","138.0000","5","202.0000","0.8300","211.0000","0","158.0000","0","158.0000","0.0000","158.0000","0","230.0000","0","230.0000","11","106.0000","6","90.0000","7","15","0","40","38","0.6700","1.5400","15.0000","94.4700","1.2200","0.9300","47.0000","81.8200","0.6700","-0.5800","187.0000","26.4800","2.3300","-0.7200","187.0000","26.4800","0.5600","-0.9900","212.0000","16.6000","45.2200","-0.2300","109.0000","57.3100","19.3800","0.9900","27.0000","89.7200","0.0000","-0.9100","158.0000","37.9400","0.0000","-0.7800","158.0000","37.9400","0.0000","-0.4200","158.0000","37.9400","0.0000","-0.5800","158.0000","37.9400","0.0000","-0.9900","230.0000","9.4900","0.0000","-1.6200","230.0000","9.4900","-0.8000","207.0000","18.5800","-1.0700","-0.0200","-0.9300","-0.7400","-0.8300","-0.6200","-0.6942","-0.7100","-0.1300","-0.4600","-0.3400","-0.6100","-0.7400","-0.7900","9.4900","64.8200","20.5500","37.9400","23.7200","31.6200","17.0000","9.4900","58.5000","45.8500","37.9400","37.9400","23.7200","23.7200","253","4/1/2025 16:37","0","0","0.0000","0.0000","0.0000","102.0000","102.0000","102.0000","102.0000","102.0000","-0.6700","-0.6212","-0.5500","-0.5600","-0.6700","60.0800","60.0800","60.0800","60.0800","60.0800","0","9","52.9600","120.0000","-0.2400","1.0000","78.6600","55.0000","0.7200","2","26.0900","188.0000","-0.8600","0","98.0200","6.0000","-0.1400","0.0000","98.0200","6.0000","-0.1300","0","98.0200","6.0000","-0.1400","0.2200","27.2700","185.0000","-0.7300","0.0000","98.0200","6.0000","-0.1300","0.0000","94.4700","15.0000","-0.2300","0","94.4700","15.0000","-0.1800","0.0000","94.4700","15.0000","-0.2200","0","94.4700","15.0000","-0.2200","0","0","0"
"AAD2023.06.02752","65","36280","156","Eastern Michigan University","Sociology, Anthropology, Criminology, Department of","Sociology - Articles-Focused","21","48.0000","52","127.0000","11","124.0000","4.7300","123.0000","452","133.0000","12","104.0000","1.0000","1.0000","2","78.0000","2","86.0000","5535324.0000","26.0000","13","99.0000","7","100.0000","19","53.0000","12","27.0000","7","15","0","40","38","0.5700","1.0300","39.0000","84.9800","0.9000","0.2800","87.0000","66.0100","0.5200","-1.2900","222.0000","12.6500","2.4800","-0.6700","177.0000","30.4300","0.5700","-0.9100","208.0000","18.1800","21.5200","-0.5900","172.0000","32.4100","8.6900","-0.3700","155.0000","39.1300","0.1000","-0.2000","121.0000","52.5700","0.1000","-0.3600","124.0000","51.3800","263586.8600","0.8200","25.0000","90.5100","2767662.0000","5.9000","2.0000","99.6000","0.6200","-0.4000","140.0000","45.0600","0.3300","-0.3600","153.0000","39.9200","-0.7000","201.0000","20.9500","-0.0700","1.3100","-0.0100","-0.0900","-0.1800","-0.1800","0.6422","-0.2400","0.6200","-0.4300","0.5500","-0.2600","-0.3200","0.7400","60.8700","89.7200","59.2900","69.5700","51.3800","51.7800","100.0000","61.2600","79.4500","47.8300","90.1200","66.4000","50.2000","81.4200","253","4/1/2025 16:37","0","0","0.0000","0.0000","0.0000","102.0000","102.0000","102.0000","102.0000","102.0000","-0.6700","-0.6212","-0.5500","-0.5600","-0.6700","60.0800","60.0800","60.0800","60.0800","60.0800","0","20","83.7900","42.0000","0.8900","0.9500","73.1200","69.0000","0.6100","6","63.2400","94.0000","0.0600","0","98.0200","6.0000","-0.1400","0.0000","98.0200","6.0000","-0.1300","0","98.0200","6.0000","-0.1400","0.2900","35.9700","163.0000","-0.3800","0.0000","98.0200","6.0000","-0.1300","0.0000","94.4700","15.0000","-0.2300","0","94.4700","15.0000","-0.1800","0.0000","94.4700","15.0000","-0.2200","0","94.4700","15.0000","-0.2200","0","0","0"
"AAD2023.06.02752","554573","36309","156","Georgia Southern University","Sociology and Anthropology, Department of","Sociology - Articles-Focused","16","96.0000","46","137.0000","11","124.0000","4.1800","141.0000","279","167.0000","11","123.0000","1.0000","1.0000","0","158.0000","0","158.0000","0.0000","158.0000","0","230.0000","0","230.0000","8","142.0000","5","122.0000","7","15","0","40","38","0.3100","-0.3800","165.0000","35.1800","0.5000","-0.5400","162.0000","36.3600","0.6900","-0.4800","186.0000","26.8800","2.8800","-0.5300","157.0000","38.3400","0.6900","-0.3500","171.0000","32.8100","17.4400","-0.6500","186.0000","26.8800","6.0700","-0.7100","214.0000","15.8100","0.0000","-0.9100","158.0000","37.9400","0.0000","-0.7800","158.0000","37.9400","0.0000","-0.4200","158.0000","37.9400","0.0000","-0.5800","158.0000","37.9400","0.0000","-0.9900","230.0000","9.4900","0.0000","-1.6200","230.0000","9.4900","-0.5000","171.0000","32.8100","-1.0700","-0.2500","-0.1400","-0.7400","-0.1800","-0.3700","0.6422","-0.7100","-0.4000","-0.5500","-0.3400","-0.6100","-0.4000","0.1000","9.4900","52.1700","51.7800","37.9400","51.3800","44.6600","100.0000","9.4900","44.2700","34.3900","37.9400","37.9400","46.2500","62.4500","253","4/1/2025 16:37","0","0","0.0000","0.0000","0.0000","102.0000","102.0000","102.0000","102.0000","102.0000","-0.6700","-0.6212","-0.5500","-0.5600","-0.6700","60.0800","60.0800","60.0800","60.0800","60.0800","0","4","30.0400","178.0000","-0.7500","0.2500","19.3700","205.0000","-1.0200","2","26.0900","188.0000","-0.8600","0","98.0200","6.0000","-0.1400","0.0000","98.0200","6.0000","-0.1300","0","98.0200","6.0000","-0.1400","0.1300","11.0700","226.0000","-1.2600","0.0000","98.0200","6.0000","-0.1300","0.0000","94.4700","15.0000","-0.2300","0","94.4700","15.0000","-0.1800","0.0000","94.4700","15.0000","-0.2200","0","94.4700","15.0000","-0.2200","0","0","0"
"AAD2023.06.02752","86","36348","156","Hampton University","Sociology, Department of","Sociology - Articles-Focused","6","226.0000","3","245.0000","2","237.0000","1.5000","242.0000","16","246.0000","2","233.0000","1.0000","1.0000","0","158.0000","0","158.0000","0.0000","158.0000","2","202.0000","1","208.0000","5","178.0000","2","199.0000","7","15","0","40","38","0.3300","-0.2700","141.0000","44.6600","0.8300","0.1400","97.0000","62.0600","0.3300","-2.2400","241.0000","5.1400","0.5000","-1.3600","247.0000","2.7700","0.3300","-2.0600","238.0000","6.3200","2.6700","-0.8800","245.0000","3.5600","5.3300","-0.8000","223.0000","12.2500","0.0000","-0.9100","158.0000","37.9400","0.0000","-0.7800","158.0000","37.9400","0.0000","-0.4200","158.0000","37.9400","0.0000","-0.5800","158.0000","37.9400","0.3300","-0.6700","181.0000","28.8500","0.1700","-0.9900","200.0000","21.3400","-1.2000","246.0000","3.1600","-0.9200","-0.9100","-1.3300","-0.7400","-1.3500","-1.3300","0.6422","-0.6400","-0.6800","-0.7200","-0.3400","-0.6100","-0.9800","-1.1700","18.1800","21.7400","8.3000","37.9400","6.7200","4.7400","100.0000","20.5500","30.0400","3.1600","37.9400","37.9400","3.5600","11.0700","253","4/1/2025 16:37","0","0","0.0000","0.0000","0.0000","102.0000","102.0000","102.0000","102.0000","102.0000","-0.6700","-0.6212","-0.5500","-0.5600","-0.6700","60.0800","60.0800","60.0800","60.0800","60.0800","0","1","11.4600","225.0000","-1.0600","0.1700","11.4600","225.0000","-1.2200","1","16.2100","213.0000","-1.1000","0","98.0200","6.0000","-0.1400","0.0000","98.0200","6.0000","-0.1300","0","98.0200","6.0000","-0.1400","0.1700","18.9700","206.0000","-1.0300","0.0000","98.0200","6.0000","-0.1300","0.0000","94.4700","15.0000","-0.2300","0","94.4700","15.0000","-0.1800","0.0000","94.4700","15.0000","-0.2200","0","94.4700","15.0000","-0.2200","0","0","0"
"AAD2023.06.02752","120","36437","156","Marshall University","Sociology and Anthropology, Department of","Sociology - Articles-Focused","8","200.0000","6","235.0000","5","207.0000","1.2000","249.0000","35","232.0000","4","212.0000","0.8000","218.0000","0","158.0000","0","158.0000","0.0000","158.0000","0","230.0000","0","230.0000","8","142.0000","3","165.0000","7","15","0","40","38","0.3800","-0.0400","123.0000","51.7800","1.0000","0.4800","65.0000","74.7000","0.6300","-0.7900","205.0000","19.3700","0.7500","-1.2700","240.0000","5.5300","0.5000","-1.2500","217.0000","14.6200","4.3800","-0.8600","234.0000","7.9100","5.8300","-0.7400","216.0000","15.0200","0.0000","-0.9100","158.0000","37.9400","0.0000","-0.7800","158.0000","37.9400","0.0000","-0.4200","158.0000","37.9400","0.0000","-0.5800","158.0000","37.9400","0.0000","-0.9900","230.0000","9.4900","0.0000","-1.6200","230.0000","9.4900","-1.0000","233.0000","8.3000","-1.0700","-0.6900","-1.0600","-0.7400","-0.9600","-1.4400","-0.9614","-0.7100","-0.4000","-0.7000","-0.3400","-0.6100","-0.9400","-0.9200","9.4900","35.1800","16.6000","37.9400","18.5800","1.9800","14.2300","9.4900","44.2700","8.7000","37.9400","37.9400","7.5100","21.3400","253","4/1/2025 16:37","1","1","1.0000","0.1300","0.1300","43.0000","46.0000","65.0000","40.0000","19.0000","0.3700","0.3463","0.0000","0.7000","1.6500","83.4000","82.2100","74.7000","84.5900","92.8900","0","5","34.3900","167.0000","-0.6500","0.6300","47.0400","135.0000","-0.1500","2","26.0900","188.0000","-0.8600","0","98.0200","6.0000","-0.1400","0.0000","98.0200","6.0000","-0.1300","0","98.0200","6.0000","-0.1400","0.2500","32.0200","173.0000","-0.5800","0.0000","98.0200","6.0000","-0.1300","0.0000","94.4700","15.0000","-0.2300","0","94.4700","15.0000","-0.1800","0.0000","94.4700","15.0000","-0.2200","0","94.4700","15.0000","-0.2200","0","0","0"
"AAD2023.06.02752","130","36462","156","Mercer University","Sociology, Department of","Sociology - Articles-Focused","4","240.0000","3","245.0000","2","237.0000","1.5000","242.0000","48","228.0000","2","233.0000","1.0000","1.0000","0","158.0000","0","158.0000","0.0000","158.0000","0","230.0000","0","230.0000","0","245.0000","0","245.0000","7","15","0","40","38","0.0000","-2.0800","245.0000","3.5600","0.0000","-1.5500","245.0000","3.5600","0.5000","-1.4100","223.0000","12.2500","0.7500","-1.2700","240.0000","5.5300","0.5000","-1.2500","217.0000","14.6200","12.0000","-0.7400","208.0000","18.1800","16.0000","0.5600","46.0000","82.2100","0.0000","-0.9100","158.0000","37.9400","0.0000","-0.7800","158.0000","37.9400","0.0000","-0.4200","158.0000","37.9400","0.0000","-0.5800","158.0000","37.9400","0.0000","-0.9900","230.0000","9.4900","0.0000","-1.6200","230.0000","9.4900","-0.9000","220.0000","13.4400","-1.0700","-1.3500","-1.3300","-0.7400","-1.3500","-1.3300","0.6422","-0.7100","-1.1500","-0.7000","-0.3400","-0.6100","-0.9800","-1.4300","9.4900","3.5600","8.3000","37.9400","6.7200","4.7400","100.0000","9.4900","3.5600","10.2800","37.9400","37.9400","3.5600","5.5300","253","4/1/2025 16:37","0","0","0.0000","0.0000","0.0000","102.0000","102.0000","102.0000","102.0000","102.0000","-0.6700","-0.6212","-0.5500","-0.5600","-0.6700","60.0800","60.0800","60.0800","60.0800","60.0800","0","2","16.6000","212.0000","-0.9600","0.5000","39.1300","155.0000","-0.4400","1","16.2100","213.0000","-1.1000","0","98.0200","6.0000","-0.1400","0.0000","98.0200","6.0000","-0.1300","0","98.0200","6.0000","-0.1400","0.2500","32.0200","173.0000","-0.5800","0.0000","98.0200","6.0000","-0.1300","0.0000","94.4700","15.0000","-0.2300","0","94.4700","15.0000","-0.1800","0.0000","94.4700","15.0000","-0.2200","0","94.4700","15.0000","-0.2200","0","0","0"
"AAD2023.06.02752","361","36890","156","Wesleyan University","Sociology, Department of","Sociology - Articles-Focused","8","200.0000","11","219.0000","5","207.0000","2.2000","228.0000","106","204.0000","5","202.0000","0.8300","211.0000","0","158.0000","0","158.0000","0.0000","158.0000","3","180.0000","1","208.0000","5","178.0000","3","165.0000","7","15","0","40","38","0.3800","-0.0400","123.0000","51.7800","0.6300","-0.2800","142.0000","44.2700","0.6300","-0.7900","205.0000","19.3700","1.3800","-1.0500","225.0000","11.4600","0.6300","-0.6500","193.0000","24.1100","13.2500","-0.7200","204.0000","19.7600","9.6400","-0.2500","137.0000","46.2500","0.0000","-0.9100","158.0000","37.9400","0.0000","-0.7800","158.0000","37.9400","0.0000","-0.4200","158.0000","37.9400","0.0000","-0.5800","158.0000","37.9400","0.3800","-0.6300","173.0000","32.0200","0.1300","-1.1500","214.0000","15.8100","-0.7000","201.0000","20.9500","-0.9200","-0.6900","-0.9300","-0.7400","-0.9600","-1.0800","-0.6942","-0.6000","-0.6800","-0.6600","-0.3400","-0.6100","-0.8700","-0.9200","18.1800","35.1800","20.5500","37.9400","18.5800","10.2800","17.0000","29.2500","30.0400","19.7600","37.9400","37.9400","13.8300","21.3400","253","4/1/2025 16:37","0","0","0.0000","0.0000","0.0000","102.0000","102.0000","102.0000","102.0000","102.0000","-0.6700","-0.6212","-0.5500","-0.5600","-0.6700","60.0800","60.0800","60.0800","60.0800","60.0800","0","1","11.4600","225.0000","-1.0600","0.1300","8.7000","232.0000","-1.3100","1","16.2100","213.0000","-1.1000","0","98.0200","6.0000","-0.1400","0.0000","98.0200","6.0000","-0.1300","0","98.0200","6.0000","-0.1400","0.1300","11.0700","226.0000","-1.2600","0.0000","98.0200","6.0000","-0.1300","0.0000","94.4700","15.0000","-0.2300","0","94.4700","15.0000","-0.1800","0.0000","94.4700","15.0000","-0.2200","0","94.4700","15.0000","-0.2200","0","0","0"
"AAD2023.06.02752","188","36927","156","Smith College","Sociology, Department of","Sociology - Articles-Focused","8","200.0000","12","216.0000","7","175.0000","1.7100","239.0000","25","236.0000","3","226.0000","0.4300","251.0000","0","158.0000","0","158.0000","0.0000","158.0000","12","105.0000","5","130.0000","15","70.0000","7","73.0000","7","15","0","40","38","0.8800","2.6700","2.0000","99.6000","1.8800","2.2500","6.0000","98.0200","0.8800","0.4500","107.0000","58.1000","1.5000","-1.0100","216.0000","15.0200","0.3800","-1.8600","235.0000","7.5100","3.1300","-0.8700","242.0000","4.7400","2.0800","-1.2100","247.0000","2.7700","0.0000","-0.9100","158.0000","37.9400","0.0000","-0.7800","158.0000","37.9400","0.0000","-0.4200","158.0000","37.9400","0.0000","-0.5800","158.0000","37.9400","1.5000","0.4500","61.0000","76.2800","0.6300","0.7300","69.0000","73.1200","-0.9000","220.0000","13.4400","-0.3600","0.2000","-1.1900","-0.7400","-0.7000","-1.2600","-3.9396","-0.2800","0.2500","-0.7100","-0.3400","-0.6100","-0.8600","-0.9200","49.0100","71.5400","11.0700","37.9400","31.2300","5.9300","1.1900","58.8900","72.7300","7.1100","37.9400","37.9400","15.0200","21.3400","253","4/1/2025 16:37","0","0","0.0000","0.0000","0.0000","102.0000","102.0000","102.0000","102.0000","102.0000","-0.6700","-0.6212","-0.5500","-0.5600","-0.6700","60.0800","60.0800","60.0800","60.0800","60.0800","0","5","34.3900","167.0000","-0.6500","0.6300","47.0400","135.0000","-0.1500","3","35.9700","163.0000","-0.6300","0","98.0200","6.0000","-0.1400","0.0000","98.0200","6.0000","-0.1300","0","98.0200","6.0000","-0.1400","0.3800","53.3600","119.0000","0.1000","0.0000","98.0200","6.0000","-0.1300","0.0000","94.4700","15.0000","-0.2300","0","94.4700","15.0000","-0.1800","0.0000","94.4700","15.0000","-0.2200","0","94.4700","15.0000","-0.2200","0","0","0"
"AAD2023.06.02752","331","37123","156","University of South Alabama","Sociology, Anthropology, and Social Work, Department of","Sociology - Articles-Focused","11","168.0000","26","181.0000","9","151.0000","2.8900","208.0000","165","191.0000","7","172.0000","0.7800","233.0000","2","78.0000","2","86.0000","423215.0000","101.0000","10","120.0000","4","142.0000","10","119.0000","6","90.0000","7","15","0","40","38","0.5500","0.8800","45.0000","82.6100","0.9100","0.2900","85.0000","66.8000","0.8200","0.1700","147.0000","42.2900","2.3600","-0.7100","186.0000","26.8800","0.6400","-0.6000","187.0000","26.4800","15.0000","-0.6900","196.0000","22.9200","6.3500","-0.6700","202.0000","20.5500","0.1800","0.4500","71.0000","72.3300","0.1800","0.0300","89.0000","65.2200","38474.0900","-0.2400","92.0000","64.0300","211607.5000","-0.0900","89.0000","65.2200","0.9100","-0.1200","104.0000","59.2900","0.3600","-0.2500","144.0000","43.4800","-0.6000","191.0000","24.9000","-0.5000","-0.0200","-0.6700","-0.0900","-0.4400","-0.8300","-1.1396","-0.3500","-0.2200","-0.6200","-0.2700","-0.2600","-0.6700","-0.5300","44.2700","64.8200","32.4100","69.5700","40.7100","18.1800","8.3000","52.9600","53.3600","24.9000","60.4700","66.4000","28.8500","33.9900","253","4/1/2025 16:37","0","0","0.0000","0.0000","0.0000","102.0000","102.0000","102.0000","102.0000","102.0000","-0.6700","-0.6212","-0.5500","-0.5600","-0.6700","60.0800","60.0800","60.0800","60.0800","60.0800","0","12","63.2400","94.0000","0.0700","1.0900","82.2100","46.0000","0.9300","6","63.2400","94.0000","0.0600","0","98.0200","6.0000","-0.1400","0.0000","98.0200","6.0000","-0.1300","0","98.0200","6.0000","-0.1400","0.5500","85.3800","38.0000","1.0400","0.0000","98.0200","6.0000","-0.1300","0.0000","94.4700","15.0000","-0.2300","0","94.4700","15.0000","-0.1800","0.0000","94.4700","15.0000","-0.2200","0","94.4700","15.0000","-0.2200","0","0","0"
"AAD2023.06.02752","147","37199","156","North Carolina Agricultural and Technical State University","Agribusiness, Applied Economics and Agriscience Education","Sociology - Articles-Focused","11","168.0000","72","101.0000","10","139.0000","7.2000","54.0000","463","129.0000","9","152.0000","0.9000","171.0000","7","19.0000","16","13.0000","9009738.0000","13.0000","6","153.0000","2","187.0000","4","192.0000","2","199.0000","7","15","0","40","38","0.1800","-1.0900","223.0000","12.2500","0.3600","-0.8100","194.0000","23.7200","0.9100","0.6200","84.0000","67.1900","6.5500","0.7600","53.0000","79.4500","0.8200","0.2800","121.0000","52.5700","42.0900","-0.2800","117.0000","54.1500","6.4300","-0.6600","201.0000","20.9500","0.6400","3.8500","1.0000","100.0000","1.4500","5.6700","1.0000","100.0000","819067.0900","3.4500","7.0000","97.6300","563108.6300","0.7400","32.0000","87.7500","0.5500","-0.4700","148.0000","41.9000","0.1800","-0.9300","198.0000","22.1300","-0.1000","114.0000","55.3400","-0.7800","-0.9100","-0.4000","1.5400","-0.3100","0.7100","-0.1596","-0.5000","-0.7700","-0.4300","1.1100","2.2000","-0.0500","-0.5300","26.4800","21.7400","40.3200","92.8900","45.4500","79.0500","32.8100","39.9200","24.5100","49.4100","95.2600","95.2600","60.4700","33.9900","253","4/1/2025 16:37","2","1","2.0000","0.1800","0.0900","43.0000","16.0000","36.0000","23.0000","38.0000","0.3700","1.3138","0.5500","1.2700","1.0200","83.4000","94.0700","86.1700","91.3000","85.3800","0","1","11.4600","225.0000","-1.0600","0.0900","7.1100","236.0000","-1.3900","1","16.2100","213.0000","-1.1000","0","98.0200","6.0000","-0.1400","0.0000","98.0200","6.0000","-0.1300","0","98.0200","6.0000","-0.1400","0.0900","7.5100","235.0000","-1.4500","0.0000","98.0200","6.0000","-0.1300","0.0000","94.4700","15.0000","-0.2300","0","94.4700","15.0000","-0.1800","0.0000","94.4700","15.0000","-0.2200","0","94.4700","15.0000","-0.2200","0","0","0"
"AAD2023.06.02752","147","37207","156","North Carolina Agricultural and Technical State University","Social Work and Sociology, Department of","Sociology - Articles-Focused","12","153.0000","32","165.0000","9","151.0000","3.5600","172.0000","114","202.0000","6","190.0000","0.6700","242.0000","2","78.0000","2","86.0000","642120.0000","89.0000","2","202.0000","2","187.0000","0","245.0000","0","245.0000","7","15","0","40","38","0.0000","-2.0800","245.0000","3.5600","0.0000","-1.5500","245.0000","3.5600","0.7500","-0.1700","158.0000","37.9400","2.6700","-0.6000","167.0000","34.3900","0.5000","-1.2500","217.0000","14.6200","9.5000","-0.7800","215.0000","15.4200","3.5600","-1.0300","237.0000","6.7200","0.1700","0.3300","79.0000","69.1700","0.1700","-0.0400","93.0000","63.6400","53510.0000","-0.1700","83.0000","67.5900","321060.0000","0.1700","64.0000","75.1000","0.1700","-0.8300","211.0000","17.0000","0.1700","-0.9900","200.0000","21.3400","-0.6000","191.0000","24.9000","-0.7800","-1.3500","-0.8000","-0.0900","-0.4400","-0.5900","-2.0305","-0.6400","-1.1500","-0.6500","-0.2300","-0.2600","-0.5900","-0.4100","26.4800","3.5600","25.3000","69.5700","40.7100","32.4100","4.7400","20.5500","3.5600","20.5500","65.2200","66.4000","35.1800","39.9200","253","4/1/2025 16:37","2","2","1.0000","0.1700","0.1700","15.0000","46.0000","36.0000","27.0000","8.0000","1.4000","0.3463","0.5500","1.1200","2.4300","94.4700","82.2100","86.1700","89.7200","97.2300","0","2","16.6000","212.0000","-0.9600","0.1700","11.4600","225.0000","-1.2200","2","26.0900","188.0000","-0.8600","0","98.0200","6.0000","-0.1400","0.0000","98.0200","6.0000","-0.1300","0","98.0200","6.0000","-0.1400","0.1700","18.9700","206.0000","-1.0300","0.0000","98.0200","6.0000","-0.1300","0.0000","94.4700","15.0000","-0.2300","0","94.4700","15.0000","-0.1800","0.0000","94.4700","15.0000","-0.2200","0","94.4700","15.0000","-0.2200","0","0","0"
"AAD2023.06.02752","187","37219","156","Seton Hall University","Sociology, Anthropology, Social Work and Criminal Justice, Department of","Sociology - Articles-Focused","11","168.0000","32","165.0000","7","175.0000","4.5700","128.0000","245","176.0000","7","172.0000","0.8800","185.0000","0","158.0000","0","158.0000","0.0000","158.0000","3","180.0000","3","164.0000","5","178.0000","4","150.0000","7","15","0","40","38","0.3600","-0.1000","132.0000","48.2200","0.4500","-0.6300","173.0000","32.0200","0.6400","-0.7300","200.0000","21.3400","2.9100","-0.5100","154.0000","39.5300","0.6400","-0.6000","187.0000","26.4800","22.2700","-0.5800","169.0000","33.6000","7.6600","-0.5000","179.0000","29.6400","0.0000","-0.9100","158.0000","37.9400","0.0000","-0.7800","158.0000","37.9400","0.0000","-0.4200","158.0000","37.9400","0.0000","-0.5800","158.0000","37.9400","0.2700","-0.7300","192.0000","24.5100","0.2700","-0.5900","172.0000","32.4100","-0.5000","171.0000","32.8100","-0.6400","-0.4700","-0.6700","-0.7400","-0.7000","-0.2300","-0.3601","-0.6000","-0.6800","-0.5700","-0.3400","-0.6100","-0.5900","-0.5300","35.5700","41.1100","32.4100","37.9400","31.2300","49.8000","27.2700","29.2500","30.0400","30.8300","37.9400","37.9400","35.1800","33.9900","253","4/1/2025 16:37","0","0","0.0000","0.0000","0.0000","102.0000","102.0000","102.0000","102.0000","102.0000","-0.6700","-0.6212","-0.5500","-0.5600","-0.6700","60.0800","60.0800","60.0800","60.0800","60.0800","0","2","16.6000","212.0000","-0.9600","0.1800","12.2500","223.0000","-1.1800","2","26.0900","188.0000","-0.8600","0","98.0200","6.0000","-0.1400","0.0000","98.0200","6.0000","-0.1300","0","98.0200","6.0000","-0.1400","0.1800","20.1600","203.0000","-0.9500","0.0000","98.0200","6.0000","-0.1300","0.0000","94.4700","15.0000","-0.2300","0","94.4700","15.0000","-0.1800","0.0000","94.4700","15.0000","-0.2200","0","94.4700","15.0000","-0.2200","0","0","0"
"AAD2023.06.02752","213","37258","156","Tennessee State University","Sociology, Department of","Sociology - Articles-Focused","8","200.0000","3","245.0000","2","237.0000","1.5000","242.0000","2","252.0000","2","233.0000","1.0000","1.0000","0","158.0000","0","158.0000","0.0000","158.0000","2","202.0000","1","208.0000","6","161.0000","3","165.0000","7","15","0","40","38","0.3800","-0.0400","123.0000","51.7800","0.7500","-0.0300","113.0000","55.7300","0.2500","-2.6500","248.0000","2.3700","0.3800","-1.4000","249.0000","1.9800","0.2500","-2.4600","248.0000","2.3700","0.2500","-0.9200","252.0000","0.7900","0.6700","-1.3900","250.0000","1.5800","0.0000","-0.9100","158.0000","37.9400","0.0000","-0.7800","158.0000","37.9400","0.0000","-0.4200","158.0000","37.9400","0.0000","-0.5800","158.0000","37.9400","0.2500","-0.7500","194.0000","23.7200","0.1300","-1.1500","214.0000","15.8100","-1.3000","250.0000","1.5800","-0.9200","-0.6900","-1.3300","-0.7400","-1.3500","-1.3300","0.6422","-0.6400","-0.5900","-0.7200","-0.3400","-0.6100","-0.9800","-0.9200","18.1800","35.1800","8.3000","37.9400","6.7200","4.7400","100.0000","20.5500","36.7600","0.7900","37.9400","37.9400","3.5600","21.3400","253","4/1/2025 16:37","0","0","0.0000","0.0000","0.0000","102.0000","102.0000","102.0000","102.0000","102.0000","-0.6700","-0.6212","-0.5500","-0.5600","-0.6700","60.0800","60.0800","60.0800","60.0800","60.0800","0","0","5.5300","240.0000","-1.1600","0.0000","5.5300","240.0000","-1.6100","0","5.5300","240.0000","-1.3300","0","98.0200","6.0000","-0.1400","0.0000","98.0200","6.0000","-0.1300","0","98.0200","6.0000","-0.1400","0.0000","5.5300","240.0000","-1.9400","0.0000","98.0200","6.0000","-0.1300","0.0000","94.4700","15.0000","-0.2300","0","94.4700","15.0000","-0.1800","0.0000","94.4700","15.0000","-0.2200","0","94.4700","15.0000","-0.2200","0","0","0"
"AAD2023.06.02752","397","37277","156","University of Arkansas at Little Rock","Sociology, Department of","Sociology - Articles-Focused","6","226.0000","5","239.0000","2","237.0000","2.5000","216.0000","24","241.0000","2","233.0000","1.0000","1.0000","0","158.0000","0","158.0000","0.0000","158.0000","2","202.0000","2","187.0000","0","245.0000","0","245.0000","7","15","0","40","38","0.0000","-2.0800","245.0000","3.5600","0.0000","-1.5500","245.0000","3.5600","0.3300","-2.2400","241.0000","5.1400","0.8300","-1.2400","239.0000","5.9300","0.3300","-2.0600","238.0000","6.3200","4.0000","-0.8600","238.0000","6.3200","4.8000","-0.8700","228.0000","10.2800","0.0000","-0.9100","158.0000","37.9400","0.0000","-0.7800","158.0000","37.9400","0.0000","-0.4200","158.0000","37.9400","0.0000","-0.5800","158.0000","37.9400","0.3300","-0.6700","181.0000","28.8500","0.3300","-0.3600","153.0000","39.9200","-1.0000","233.0000","8.3000","-0.7800","-1.3500","-1.3300","-0.7400","-1.3500","-0.9700","0.6422","-0.6400","-1.1500","-0.7100","-0.3400","-0.6100","-0.9500","-1.1700","26.4800","3.5600","8.3000","37.9400","6.7200","15.0200","100.0000","20.5500","3.5600","5.1400","37.9400","37.9400","5.9300","11.0700","253","4/1/2025 16:37","0","0","0.0000","0.0000","0.0000","102.0000","102.0000","102.0000","102.0000","102.0000","-0.6700","-0.6212","-0.5500","-0.5600","-0.6700","60.0800","60.0800","60.0800","60.0800","60.0800","0","0","5.5300","240.0000","-1.1600","0.0000","5.5300","240.0000","-1.6100","0","5.5300","240.0000","-1.3300","0","98.0200","6.0000","-0.1400","0.0000","98.0200","6.0000","-0.1300","0","98.0200","6.0000","-0.1400","0.0000","5.5300","240.0000","-1.9400","0.0000","98.0200","6.0000","-0.1300","0.0000","94.4700","15.0000","-0.2300","0","94.4700","15.0000","-0.1800","0.0000","94.4700","15.0000","-0.2200","0","94.4700","15.0000","-0.2200","0","0","0"
"AAD2023.06.02752","537171","37400","156","Rowan University","Sociology and Anthropolog, Department of","Sociology - Articles-Focused","15","103.0000","22","191.0000","6","194.0000","3.6700","165.0000","151","195.0000","5","202.0000","0.8300","211.0000","0","158.0000","0","158.0000","0.0000","158.0000","2","202.0000","2","187.0000","4","192.0000","3","165.0000","7","15","0","40","38","0.2000","-0.9900","214.0000","15.8100","0.2700","-1.0100","208.0000","18.1800","0.4000","-1.9100","236.0000","7.1100","1.4700","-1.0200","221.0000","13.0400","0.3300","-2.0600","238.0000","6.3200","10.0700","-0.7700","212.0000","16.6000","6.8600","-0.6100","193.0000","24.1100","0.0000","-0.9100","158.0000","37.9400","0.0000","-0.7800","158.0000","37.9400","0.0000","-0.4200","158.0000","37.9400","0.0000","-0.5800","158.0000","37.9400","0.1300","-0.8600","219.0000","13.8300","0.1300","-1.1200","212.0000","16.6000","-0.9000","220.0000","13.4400","-0.7800","-0.6900","-0.9300","-0.7400","-0.8300","-0.5500","-0.6942","-0.6400","-0.7700","-0.6300","-0.3400","-0.6100","-0.7200","-0.0200","26.4800","35.1800","20.5500","37.9400","23.7200","35.1800","17.0000","20.5500","24.5100","23.3200","37.9400","37.9400","24.9000","59.6800","253","4/1/2025 16:37","0","0","0.0000","0.0000","0.0000","102.0000","102.0000","102.0000","102.0000","102.0000","-0.6700","-0.6212","-0.5500","-0.5600","-0.6700","60.0800","60.0800","60.0800","60.0800","60.0800","0","5","34.3900","167.0000","-0.6500","0.3300","25.6900","189.0000","-0.8300","2","26.0900","188.0000","-0.8600","0","98.0200","6.0000","-0.1400","0.0000","98.0200","6.0000","-0.1300","0","98.0200","6.0000","-0.1400","0.1300","11.8600","224.0000","-1.2200","0.0000","98.0200","6.0000","-0.1300","0.0000","94.4700","15.0000","-0.2300","0","94.4700","15.0000","-0.1800","0.0000","94.4700","15.0000","-0.2200","0","94.4700","15.0000","-0.2200","0","0","0"
"AAD2023.06.02752","29","37465","156","Bryn Mawr College","Sociology, Department of","Sociology - Articles-Focused","6","226.0000","9","224.0000","5","207.0000","1.8000","237.0000","77","213.0000","4","212.0000","0.8000","218.0000","0","158.0000","0","158.0000","0.0000","158.0000","4","171.0000","3","164.0000","4","192.0000","3","165.0000","7","15","0","40","38","0.5000","0.6400","59.0000","77.0800","0.6700","-0.2000","135.0000","47.0400","0.8300","0.2500","135.0000","47.0400","1.5000","-1.0100","216.0000","15.0200","0.6700","-0.4500","174.0000","31.6200","12.8300","-0.7300","205.0000","19.3700","8.5600","-0.3900","158.0000","37.9400","0.0000","-0.9100","158.0000","37.9400","0.0000","-0.7800","158.0000","37.9400","0.0000","-0.4200","158.0000","37.9400","0.0000","-0.5800","158.0000","37.9400","0.6700","-0.3500","128.0000","49.8000","0.5000","0.2600","99.0000","61.2600","-0.6000","191.0000","24.9000","-0.6400","-0.6900","-1.0600","-0.7400","-0.9600","-1.2200","-0.9614","-0.5700","-0.7700","-0.6800","-0.3400","-0.6100","-0.9000","-1.1700","35.5700","35.1800","16.6000","37.9400","18.5800","6.7200","14.2300","32.8100","24.5100","16.2100","37.9400","37.9400","11.8600","11.0700","253","4/1/2025 16:37","0","0","0.0000","0.0000","0.0000","102.0000","102.0000","102.0000","102.0000","102.0000","-0.6700","-0.6212","-0.5500","-0.5600","-0.6700","60.0800","60.0800","60.0800","60.0800","60.0800","0","7","43.8700","143.0000","-0.4500","1.1700","84.9800","39.0000","1.1100","3","35.9700","163.0000","-0.6300","0","98.0200","6.0000","-0.1400","0.0000","98.0200","6.0000","-0.1300","0","98.0200","6.0000","-0.1400","0.5000","81.4200","48.0000","0.7900","0.0000","98.0200","6.0000","-0.1300","0.0000","94.4700","15.0000","-0.2300","0","94.4700","15.0000","-0.1800","0.0000","94.4700","15.0000","-0.2200","0","94.4700","15.0000","-0.2200","0","0","0"
"AAD2023.06.02752","383","37698","156","Hofstra University","Sociology, Department of","Sociology - Articles-Focused","6","226.0000","1","251.0000","1","247.0000","1.0000","251.0000","14","247.0000","2","233.0000","1.0000","1.0000","0","158.0000","0","158.0000","0.0000","158.0000","0","230.0000","0","230.0000","1","230.0000","1","223.0000","7","15","0","40","38","0.1700","-1.1700","226.0000","11.0700","0.1700","-1.2100","231.0000","9.0900","0.1700","-3.0600","251.0000","1.1900","0.1700","-1.4700","252.0000","0.7900","0.3300","-2.0600","238.0000","6.3200","2.3300","-0.8900","247.0000","2.7700","14.0000","0.3000","64.0000","75.1000","0.0000","-0.9100","158.0000","37.9400","0.0000","-0.7800","158.0000","37.9400","0.0000","-0.4200","158.0000","37.9400","0.0000","-0.5800","158.0000","37.9400","0.0000","-0.9900","230.0000","9.4900","0.0000","-1.6200","230.0000","9.4900","-1.3000","250.0000","1.5800","-1.0700","-1.1300","-1.3300","-0.7400","-1.4800","-1.5100","0.6422","-0.7100","-1.0500","-0.7200","-0.3400","-0.6100","-1.0000","-1.1700","9.4900","12.2500","8.3000","37.9400","2.7700","1.1900","100.0000","9.4900","9.4900","2.7700","37.9400","37.9400","1.1900","11.0700","253","4/1/2025 16:37","0","0","0.0000","0.0000","0.0000","102.0000","102.0000","102.0000","102.0000","102.0000","-0.6700","-0.6212","-0.5500","-0.5600","-0.6700","60.0800","60.0800","60.0800","60.0800","60.0800","0","0","5.5300","240.0000","-1.1600","0.0000","5.5300","240.0000","-1.6100","0","5.5300","240.0000","-1.3300","0","98.0200","6.0000","-0.1400","0.0000","98.0200","6.0000","-0.1300","0","98.0200","6.0000","-0.1400","0.0000","5.5300","240.0000","-1.9400","0.0000","98.0200","6.0000","-0.1300","0.0000","94.4700","15.0000","-0.2300","0","94.4700","15.0000","-0.1800","0.0000","94.4700","15.0000","-0.2200","0","94.4700","15.0000","-0.2200","0","0","0"
"AAD2023.06.02752","537172","37781","156","Montclair State University","Sociology, Departmet of","Sociology - Articles-Focused","8","200.0000","20","197.0000","7","175.0000","2.8600","209.0000","152","194.0000","6","190.0000","0.8600","198.0000","0","158.0000","0","158.0000","0.0000","158.0000","1","214.0000","1","208.0000","11","106.0000","4","150.0000","7","15","0","40","38","0.5000","0.6400","59.0000","77.0800","1.3800","1.2400","34.0000","86.9600","0.8800","0.4500","107.0000","58.1000","2.5000","-0.6600","175.0000","31.2300","0.7500","-0.0500","147.0000","42.2900","19.0000","-0.6300","182.0000","28.4600","7.6000","-0.5100","181.0000","28.8500","0.0000","-0.9100","158.0000","37.9400","0.0000","-0.7800","158.0000","37.9400","0.0000","-0.4200","158.0000","37.9400","0.0000","-0.5800","158.0000","37.9400","0.1300","-0.8700","220.0000","13.4400","0.1300","-1.1500","214.0000","15.8100","-0.5000","171.0000","32.8100","-0.9200","-0.4700","-0.8000","-0.7400","-0.7000","-0.8400","-0.5033","-0.6800","-0.1300","-0.6300","-0.3400","-0.6100","-0.7500","-0.9200","18.1800","41.1100","25.3000","37.9400","31.2300","17.7900","22.1300","15.8100","58.5000","23.7200","37.9400","37.9400","22.5300","21.3400","253","4/1/2025 16:37","0","0","0.0000","0.0000","0.0000","102.0000","102.0000","102.0000","102.0000","102.0000","-0.6700","-0.6212","-0.5500","-0.5600","-0.6700","60.0800","60.0800","60.0800","60.0800","60.0800","0","2","16.6000","212.0000","-0.9600","0.2500","19.3700","205.0000","-1.0200","2","26.0900","188.0000","-0.8600","0","98.0200","6.0000","-0.1400","0.0000","98.0200","6.0000","-0.1300","0","98.0200","6.0000","-0.1400","0.2500","32.0200","173.0000","-0.5800","0.0000","98.0200","6.0000","-0.1300","0.0000","94.4700","15.0000","-0.2300","0","94.4700","15.0000","-0.1800","0.0000","94.4700","15.0000","-0.2200","0","94.4700","15.0000","-0.2200","0","0","0"
"AAD2023.06.02752","537217","37894","156","California State University, Long Beach","Sociology, Department of","Sociology - Articles-Focused","22","40.0000","39","151.0000","16","69.0000","2.4400","221.0000","155","192.0000","15","75.0000","0.9400","146.0000","0","158.0000","0","158.0000","0.0000","158.0000","7","142.0000","4","142.0000","6","161.0000","4","150.0000","7","15","0","40","38","0.1800","-1.0900","223.0000","12.2500","0.2700","-1.0000","206.0000","18.9700","0.7300","-0.2800","167.0000","34.3900","1.7700","-0.9100","208.0000","18.1800","0.6800","-0.3800","172.0000","32.4100","7.0500","-0.8100","225.0000","11.4600","3.9700","-0.9700","235.0000","7.5100","0.0000","-0.9100","158.0000","37.9400","0.0000","-0.7800","158.0000","37.9400","0.0000","-0.4200","158.0000","37.9400","0.0000","-0.5800","158.0000","37.9400","0.3200","-0.6800","188.0000","26.0900","0.1800","-0.9300","198.0000","22.1300","-0.8000","207.0000","18.5800","-0.5000","-0.4700","0.3900","-0.7400","0.4600","-1.0000","0.1410","-0.4600","-0.5900","-0.6300","-0.3400","-0.6100","-0.4900","0.8700","44.2700","41.1100","70.7500","37.9400","73.1200","13.0400","42.6900","44.2700","36.7600","24.5100","37.9400","37.9400","40.7100","84.5900","253","4/1/2025 16:37","0","0","0.0000","0.0000","0.0000","102.0000","102.0000","102.0000","102.0000","102.0000","-0.6700","-0.6212","-0.5500","-0.5600","-0.6700","60.0800","60.0800","60.0800","60.0800","60.0800","0","4","30.0400","178.0000","-0.7500","0.1800","12.2500","223.0000","-1.1800","4","47.0400","135.0000","-0.4000","0","98.0200","6.0000","-0.1400","0.0000","98.0200","6.0000","-0.1300","0","98.0200","6.0000","-0.1400","0.1800","20.1600","203.0000","-0.9500","0.0000","98.0200","6.0000","-0.1300","0.0000","94.4700","15.0000","-0.2300","0","94.4700","15.0000","-0.1800","0.0000","94.4700","15.0000","-0.2200","0","94.4700","15.0000","-0.2200","0","0","0"
"AAD2023.06.02752","537881","37938","156","Kennesaw State University","Sociology and Criminal Justice, Department of","Sociology - Articles-Focused","27","22.0000","73","99.0000","20","34.0000","3.6500","168.0000","472","127.0000","16","64.0000","0.8000","218.0000","1","109.0000","1","114.0000","955140.0000","73.0000","8","134.0000","5","130.0000","16","66.0000","10","42.0000","7","15","0","40","38","0.3700","-0.0700","131.0000","48.6200","0.5900","-0.3500","149.0000","41.5000","0.7400","-0.2100","164.0000","35.5700","2.7000","-0.5900","166.0000","34.7800","0.5900","-0.8100","202.0000","20.5500","17.4800","-0.6500","185.0000","27.2700","6.4700","-0.6600","200.0000","21.3400","0.0400","-0.6400","157.0000","38.3400","0.0400","-0.6200","157.0000","38.3400","35375.5600","-0.2600","93.0000","63.6400","955140.0000","1.6500","15.0000","94.4700","0.3000","-0.7100","189.0000","25.6900","0.1900","-0.9200","197.0000","22.5300","-0.5000","171.0000","32.8100","-0.3600","0.8600","0.5200","-0.4100","0.9800","-0.5600","-0.9614","-0.4200","0.3400","-0.4200","-0.1800","-0.4400","-0.0400","1.5100","49.0100","83.7900","75.1000","57.3100","86.9600","33.9900","14.2300","47.4300","74.3100","50.2000","71.5400","55.3400","61.2600","91.7000","253","4/1/2025 16:37","1","1","1.0000","0.0400","0.0400","43.0000","46.0000","65.0000","97.0000","93.0000","0.3700","0.3463","0.0000","-0.1900","0.0200","83.4000","82.2100","74.7000","62.0600","63.6400","0","4","30.0400","178.0000","-0.7500","0.1500","10.2800","228.0000","-1.2600","4","47.0400","135.0000","-0.4000","0","98.0200","6.0000","-0.1400","0.0000","98.0200","6.0000","-0.1300","0","98.0200","6.0000","-0.1400","0.1500","13.8300","219.0000","-1.1300","0.0000","98.0200","6.0000","-0.1300","0.0000","94.4700","15.0000","-0.2300","0","94.4700","15.0000","-0.1800","0.0000","94.4700","15.0000","-0.2200","0","94.4700","15.0000","-0.2200","0","0","0"
"AAD2023.06.02752","52","38252","156","Creighton University","Cultural and Social Studies, Department of","Sociology - Articles-Focused","13","133.0000","13","214.0000","9","151.0000","1.4400","247.0000","64","220.0000","8","159.0000","0.8000","218.0000","0","158.0000","0","158.0000","0.0000","158.0000","3","180.0000","2","187.0000","9","131.0000","7","73.0000","7","15","0","40","38","0.5400","0.8500","51.0000","80.2400","0.6900","-0.1500","131.0000","48.6200","0.6900","-0.4500","182.0000","28.4600","1.0000","-1.1800","233.0000","8.3000","0.6200","-0.7000","197.0000","22.5300","4.9200","-0.8500","232.0000","8.7000","4.9200","-0.8500","227.0000","10.6700","0.0000","-0.9100","158.0000","37.9400","0.0000","-0.7800","158.0000","37.9400","0.0000","-0.4200","158.0000","37.9400","0.0000","-0.5800","158.0000","37.9400","0.2300","-0.7700","203.0000","20.1600","0.1500","-1.0400","206.0000","18.9700","-0.9000","220.0000","13.4400","-0.7800","0.2000","-0.5400","-0.7400","-0.4400","-1.3500","-0.9614","-0.6000","-0.3100","-0.6800","-0.3400","-0.6100","-0.8400","-0.2800","26.4800","71.5400","37.5500","37.9400","40.7100","2.7700","14.2300","29.2500","48.6200","13.4400","37.9400","37.9400","15.8100","47.8300","253","4/1/2025 16:37","0","0","0.0000","0.0000","0.0000","102.0000","102.0000","102.0000","102.0000","102.0000","-0.6700","-0.6212","-0.5500","-0.5600","-0.6700","60.0800","60.0800","60.0800","60.0800","60.0800","0","4","30.0400","178.0000","-0.7500","0.3100","22.1300","198.0000","-0.8900","3","35.9700","163.0000","-0.6300","0","98.0200","6.0000","-0.1400","0.0000","98.0200","6.0000","-0.1300","0","98.0200","6.0000","-0.1400","0.2300","28.8500","181.0000","-0.6800","0.0000","98.0200","6.0000","-0.1300","0.0000","94.4700","15.0000","-0.2300","0","94.4700","15.0000","-0.1800","0.0000","94.4700","15.0000","-0.2200","0","94.4700","15.0000","-0.2200","0","0","0"
"AAD2023.06.02752","180","38335","156","Sam Houston State University","Sociology, Department of","Sociology - Articles-Focused","14","116.0000","24","187.0000","11","124.0000","2.1800","229.0000","212","183.0000","12","104.0000","1.0000","1.0000","1","109.0000","1","114.0000","245808.0000","114.0000","3","180.0000","2","187.0000","3","201.0000","3","165.0000","7","15","0","40","38","0.2100","-0.9100","213.0000","16.2100","0.2100","-1.1200","224.0000","11.8600","0.7900","0.0100","153.0000","39.9200","1.7100","-0.9300","209.0000","17.7900","0.8600","0.4700","103.0000","59.6800","15.1400","-0.6900","195.0000","23.3200","8.8300","-0.3600","152.0000","40.3200","0.0700","-0.3800","137.0000","46.2500","0.0700","-0.4600","140.0000","45.0600","17557.7100","-0.3400","117.0000","54.1500","245808.0000","-0.0100","76.0000","70.3600","0.2100","-0.7800","207.0000","18.5800","0.1400","-1.0800","209.0000","17.7900","-0.4000","156.0000","38.7400","-0.7800","-0.6900","-0.0100","-0.4100","-0.1800","-1.0900","0.6422","-0.6000","-0.8700","-0.5900","-0.3000","-0.4400","-0.6900","-0.1500","26.4800","35.1800","59.2900","57.3100","51.3800","9.8800","100.0000","29.2500","20.9500","28.0600","55.3400","55.3400","26.4800","54.5500","253","4/1/2025 16:37","0","0","0.0000","0.0000","0.0000","102.0000","102.0000","102.0000","102.0000","102.0000","-0.6700","-0.6212","-0.5500","-0.5600","-0.6700","60.0800","60.0800","60.0800","60.0800","60.0800","0","3","24.5100","192.0000","-0.8500","0.2100","15.4200","215.0000","-1.1100","2","26.0900","188.0000","-0.8600","0","98.0200","6.0000","-0.1400","0.0000","98.0200","6.0000","-0.1300","0","98.0200","6.0000","-0.1400","0.1400","13.4400","220.0000","-1.1600","0.0000","98.0200","6.0000","-0.1300","0.0000","94.4700","15.0000","-0.2300","0","94.4700","15.0000","-0.1800","0.0000","94.4700","15.0000","-0.2200","0","94.4700","15.0000","-0.2200","0","0","0"
"AAD2023.06.02752","371","38504","156","Prairie View A&M University","Social Sciences, Division of","Sociology - Articles-Focused","30","11.0000","69","107.0000","15","79.0000","4.6000","127.0000","422","136.0000","9","152.0000","0.5000","247.0000","2","78.0000","2","86.0000","924655.0000","76.0000","5","162.0000","4","142.0000","17","61.0000","10","42.0000","7","15","0","40","38","0.3300","-0.2700","141.0000","44.6600","0.5700","-0.4000","157.0000","38.3400","0.5000","-1.4100","223.0000","12.2500","2.3000","-0.7300","190.0000","25.3000","0.3000","-2.2200","245.0000","3.5600","14.0700","-0.7100","199.0000","21.7400","6.1200","-0.7000","210.0000","17.3900","0.0700","-0.4200","143.0000","43.8700","0.0700","-0.4900","145.0000","43.0800","30821.8300","-0.2800","100.0000","60.8700","462327.5000","0.5000","43.0000","83.4000","0.1700","-0.8300","211.0000","17.0000","0.1300","-1.1200","212.0000","16.6000","-1.0000","233.0000","8.3000","-0.5000","0.8600","-0.4000","-0.0900","0.3300","-0.2200","-3.3668","-0.5300","0.4300","-0.4500","-0.1900","-0.2600","-0.0900","1.8900","44.2700","83.7900","40.3200","69.5700","69.1700","50.2000","2.7700","36.3600","76.2800","46.6400","70.3600","66.4000","58.1000","96.0500","253","4/1/2025 16:37","2","2","1.0000","0.0700","0.0700","15.0000","46.0000","36.0000","80.0000","68.0000","1.4000","0.3463","0.5500","0.1100","0.5700","94.4700","82.2100","86.1700","68.7700","73.5200","0","4","30.0400","178.0000","-0.7500","0.1300","9.0900","231.0000","-1.3000","4","47.0400","135.0000","-0.4000","0","98.0200","6.0000","-0.1400","0.0000","98.0200","6.0000","-0.1300","0","98.0200","6.0000","-0.1400","0.1300","11.8600","224.0000","-1.2200","0.0000","98.0200","6.0000","-0.1300","0.0000","94.4700","15.0000","-0.2300","0","94.4700","15.0000","-0.1800","0.0000","94.4700","15.0000","-0.2200","0","94.4700","15.0000","-0.2200","0","0","0"
"AAD2023.06.02752","521","38780","156","Delaware State University","Sociology and Criminal Justice, Department of","Sociology - Articles-Focused","8","200.0000","39","151.0000","7","175.0000","5.5700","103.0000","457","131.0000","7","172.0000","1.0000","1.0000","1","109.0000","1","114.0000","546606.0000","93.0000","0","230.0000","0","230.0000","2","214.0000","2","199.0000","7","15","0","40","38","0.2500","-0.7200","186.0000","26.8800","0.2500","-1.0400","209.0000","17.7900","0.8800","0.4500","107.0000","58.1000","4.8800","0.1700","100.0000","60.8700","0.8800","0.5500","93.0000","63.6400","57.1300","-0.0400","91.0000","64.4300","11.7200","0.0100","98.0000","61.6600","0.1300","0.0200","101.0000","60.4700","0.1300","-0.2300","108.0000","57.7100","68325.7500","-0.1000","72.0000","71.9400","546606.0000","0.7000","34.0000","86.9600","0.0000","-0.9900","230.0000","9.4900","0.0000","-1.6200","230.0000","9.4900","-0.1000","114.0000","55.3400","-1.0700","-0.9100","-0.6700","-0.4100","-0.7000","0.1300","0.6422","-0.7100","-0.9600","-0.4300","-0.2500","-0.4400","-0.4900","-0.9200","9.4900","21.7400","32.4100","57.3100","31.2300","59.6800","100.0000","9.4900","15.8100","48.6200","63.6400","55.3400","40.7100","21.3400","253","4/1/2025 16:37","0","0","0.0000","0.0000","0.0000","102.0000","102.0000","102.0000","102.0000","102.0000","-0.6700","-0.6212","-0.5500","-0.5600","-0.6700","60.0800","60.0800","60.0800","60.0800","60.0800","0","1","11.4600","225.0000","-1.0600","0.1300","8.7000","232.0000","-1.3100","1","16.2100","213.0000","-1.1000","0","98.0200","6.0000","-0.1400","0.0000","98.0200","6.0000","-0.1300","0","98.0200","6.0000","-0.1400","0.1300","11.0700","226.0000","-1.2600","0.0000","98.0200","6.0000","-0.1300","0.0000","94.4700","15.0000","-0.2300","0","94.4700","15.0000","-0.1800","0.0000","94.4700","15.0000","-0.2200","0","94.4700","15.0000","-0.2200","0","0","0"
"AAD2023.06.02752","525","38852","156","James Madison University","Sociology and Anthropology, Department of","Sociology - Articles-Focused","21","48.0000","31","170.0000","14","88.0000","2.2100","227.0000","342","151.0000","13","94.0000","0.7600","236.0000","0","158.0000","0","158.0000","0.0000","158.0000","10","120.0000","7","100.0000","11","106.0000","9","52.0000","7","15","0","40","38","0.4300","0.2500","86.0000","66.4000","0.5200","-0.4900","161.0000","36.7600","0.6700","-0.5800","187.0000","26.4800","1.4800","-1.0100","220.0000","13.4400","0.6200","-0.6800","196.0000","22.9200","16.2900","-0.6700","193.0000","24.1100","11.0300","-0.0800","109.0000","57.3100","0.0000","-0.9100","158.0000","37.9400","0.0000","-0.7800","158.0000","37.9400","0.0000","-0.4200","158.0000","37.9400","0.0000","-0.5800","158.0000","37.9400","0.4800","-0.5300","153.0000","39.9200","0.3300","-0.3600","153.0000","39.9200","-0.8000","207.0000","18.5800","-0.0700","0.6400","0.1200","-0.7400","0.2000","-1.0800","-1.2444","-0.3500","-0.1300","-0.5000","-0.3400","-0.6100","-0.6000","0.7400","60.8700","79.8400","63.2400","37.9400","65.6100","10.6700","7.1100","52.9600","58.5000","40.7100","37.9400","37.9400","33.2000","81.4200","253","4/1/2025 16:37","0","0","0.0000","0.0000","0.0000","102.0000","102.0000","102.0000","102.0000","102.0000","-0.6700","-0.6212","-0.5500","-0.5600","-0.6700","60.0800","60.0800","60.0800","60.0800","60.0800","0","0","5.5300","240.0000","-1.1600","0.0000","5.5300","240.0000","-1.6100","0","5.5300","240.0000","-1.3300","0","98.0200","6.0000","-0.1400","0.0000","98.0200","6.0000","-0.1300","0","98.0200","6.0000","-0.1400","0.0000","5.5300","240.0000","-1.9400","0.0000","98.0200","6.0000","-0.1300","0.0000","94.4700","15.0000","-0.2300","0","94.4700","15.0000","-0.1800","0.0000","94.4700","15.0000","-0.2200","0","94.4700","15.0000","-0.2200","0","0","0"
"AAD2023.06.02752","536253","38953","156","Chapman University","Sociology, Department of","Sociology - Articles-Focused","14","116.0000","38","154.0000","9","151.0000","4.2200","139.0000","313","161.0000","10","137.0000","1.0000","1.0000","1","109.0000","1","114.0000","156436.0000","126.0000","11","113.0000","5","130.0000","22","43.0000","6","90.0000","7","15","0","40","38","0.4300","0.2500","86.0000","66.4000","1.5700","1.6400","23.0000","91.3000","0.6400","-0.7000","197.0000","22.5300","2.7100","-0.5800","164.0000","35.5700","0.7100","-0.2200","163.0000","35.9700","22.3600","-0.5800","168.0000","33.9900","8.2400","-0.4300","167.0000","34.3900","0.0700","-0.3800","137.0000","46.2500","0.0700","-0.4600","140.0000","45.0600","11174.0000","-0.3700","130.0000","49.0100","156436.0000","-0.2200","106.0000","58.5000","0.7900","-0.2400","113.0000","55.7300","0.3600","-0.2700","149.0000","41.5000","-0.4000","156.0000","38.7400","-0.3600","-0.0200","-0.2700","-0.4100","-0.4400","-0.3600","0.6422","-0.3200","0.8900","-0.5200","-0.3100","-0.4400","-0.5100","-0.1500","49.0100","64.8200","46.2500","57.3100","40.7100","45.4500","100.0000","55.7300","83.4000","36.7600","50.5900","55.3400","39.5300","54.5500","253","4/1/2025 16:37","0","0","0.0000","0.0000","0.0000","102.0000","102.0000","102.0000","102.0000","102.0000","-0.6700","-0.6212","-0.5500","-0.5600","-0.6700","60.0800","60.0800","60.0800","60.0800","60.0800","0","8","48.6200","131.0000","-0.3400","0.5700","43.4800","144.0000","-0.2800","3","35.9700","163.0000","-0.6300","0","98.0200","6.0000","-0.1400","0.0000","98.0200","6.0000","-0.1300","0","98.0200","6.0000","-0.1400","0.2100","24.9000","191.0000","-0.7700","0.0000","98.0200","6.0000","-0.1300","0.0000","94.4700","15.0000","-0.2300","0","94.4700","15.0000","-0.1800","0.0000","94.4700","15.0000","-0.2200","0","94.4700","15.0000","-0.2200","0","0","0"
"AAD2023.06.02752","558968","39384","156","Washington State University - Vancouver","Social Science Unit","Sociology - Articles-Focused","4","240.0000","5","239.0000","3","227.0000","1.6700","240.0000","41","230.0000","1","249.0000","0.3300","252.0000","1","109.0000","1","114.0000","6000.0000","156.0000","12","105.0000","3","164.0000","3","201.0000","1","223.0000","7","15","0","40","38","0.2500","-0.7200","186.0000","26.8800","0.7500","-0.0300","113.0000","55.7300","0.7500","-0.1700","158.0000","37.9400","1.2500","-1.0900","228.0000","10.2800","0.2500","-2.4600","248.0000","2.3700","10.2500","-0.7700","211.0000","17.0000","8.2000","-0.4400","168.0000","33.9900","0.2500","0.9600","45.0000","82.6100","0.2500","0.3300","71.0000","72.3300","1500.0000","-0.4200","155.0000","39.1300","6000.0000","-0.5700","156.0000","38.7400","3.0000","1.8800","13.0000","95.2600","0.7500","1.2000","29.0000","88.9300","-0.8000","207.0000","18.5800","-0.6400","-1.1300","-1.4600","-0.4100","-1.2200","-1.2700","-4.7032","-0.2800","-0.8700","-0.7000","-0.3400","-0.4400","-0.9500","-1.4300","35.5700","12.2500","1.9800","57.3100","10.6700","5.5300","0.7900","58.8900","20.9500","9.4900","38.7400","55.3400","5.9300","5.5300","253","4/1/2025 16:37","0","0","0.0000","0.0000","0.0000","102.0000","102.0000","102.0000","102.0000","102.0000","-0.6700","-0.6212","-0.5500","-0.5600","-0.6700","60.0800","60.0800","60.0800","60.0800","60.0800","0","2","16.6000","212.0000","-0.9600","0.5000","39.1300","155.0000","-0.4400","1","16.2100","213.0000","-1.1000","0","98.0200","6.0000","-0.1400","0.0000","98.0200","6.0000","-0.1300","0","98.0200","6.0000","-0.1400","0.2500","32.0200","173.0000","-0.5800","0.0000","98.0200","6.0000","-0.1300","0.0000","94.4700","15.0000","-0.2300","0","94.4700","15.0000","-0.1800","0.0000","94.4700","15.0000","-0.2200","0","94.4700","15.0000","-0.2200","0","0","0"
"AAD2023.06.02752","558968","39385","156","Washington State University - Vancouver","Sociology Unit","Sociology - Articles-Focused","1","252.0000","4","242.0000","1","247.0000","4.0000","150.0000","25","236.0000","1","249.0000","1.0000","1.0000","0","158.0000","0","158.0000","0.0000","158.0000","0","230.0000","0","230.0000","0","245.0000","0","245.0000","7","15","0","40","38","0.0000","-2.0800","245.0000","3.5600","0.0000","-1.5500","245.0000","3.5600","1.0000","1.0800","1.0000","100.0000","4.0000","-0.1300","117.0000","54.1500","1.0000","1.1500","1.0000","100.0000","25.0000","-0.5400","158.0000","37.9400","6.2500","-0.6800","206.0000","18.9700","0.0000","-0.9100","158.0000","37.9400","0.0000","-0.7800","158.0000","37.9400","0.0000","-0.4200","158.0000","37.9400","0.0000","-0.5800","158.0000","37.9400","0.0000","-0.9900","230.0000","9.4900","0.0000","-1.6200","230.0000","9.4900","0.1000","90.0000","64.8200","-1.0700","-1.3500","-1.4600","-0.7400","-1.4800","-0.4400","0.6422","-0.7100","-1.1500","-0.7100","-0.3400","-0.6100","-0.9600","-1.8100","9.4900","3.5600","1.9800","37.9400","2.7700","41.1100","100.0000","9.4900","3.5600","7.1100","37.9400","37.9400","4.7400","0.7900","253","4/1/2025 16:37","0","0","0.0000","0.0000","0.0000","102.0000","102.0000","102.0000","102.0000","102.0000","-0.6700","-0.6212","-0.5500","-0.5600","-0.6700","60.0800","60.0800","60.0800","60.0800","60.0800","0","0","5.5300","240.0000","-1.1600","0.0000","5.5300","240.0000","-1.6100","0","5.5300","240.0000","-1.3300","0","98.0200","6.0000","-0.1400","0.0000","98.0200","6.0000","-0.1300","0","98.0200","6.0000","-0.1400","0.0000","5.5300","240.0000","-1.9400","0.0000","98.0200","6.0000","-0.1300","0.0000","94.4700","15.0000","-0.2300","0","94.4700","15.0000","-0.1800","0.0000","94.4700","15.0000","-0.2200","0","94.4700","15.0000","-0.2200","0","0","0"
"AAD2023.06.02752","559052","39427","156","University of Hawai'i at Hilo","Sociology, Department of","Sociology - Articles-Focused","3","248.0000","3","245.0000","1","247.0000","3.0000","197.0000","10","249.0000","2","233.0000","1.0000","1.0000","0","158.0000","0","158.0000","0.0000","158.0000","0","230.0000","0","230.0000","1","230.0000","1","223.0000","7","15","0","40","38","0.3300","-0.2700","141.0000","44.6600","0.3300","-0.8700","196.0000","22.9200","0.3300","-2.2400","241.0000","5.1400","1.0000","-1.1800","233.0000","8.3000","0.6700","-0.4500","174.0000","31.6200","3.3300","-0.8700","241.0000","5.1400","3.3300","-1.0500","239.0000","5.9300","0.0000","-0.9100","158.0000","37.9400","0.0000","-0.7800","158.0000","37.9400","0.0000","-0.4200","158.0000","37.9400","0.0000","-0.5800","158.0000","37.9400","0.0000","-0.9900","230.0000","9.4900","0.0000","-1.6200","230.0000","9.4900","-1.0000","233.0000","8.3000","-1.0700","-1.1300","-1.3300","-0.7400","-1.4800","-0.7900","0.6422","-0.7100","-1.0500","-0.7200","-0.3400","-0.6100","-0.9800","-1.5500","9.4900","12.2500","8.3000","37.9400","2.7700","22.5300","100.0000","9.4900","9.4900","1.9800","37.9400","37.9400","3.5600","2.3700","253","4/1/2025 16:37","0","0","0.0000","0.0000","0.0000","102.0000","102.0000","102.0000","102.0000","102.0000","-0.6700","-0.6212","-0.5500","-0.5600","-0.6700","60.0800","60.0800","60.0800","60.0800","60.0800","0","0","5.5300","240.0000","-1.1600","0.0000","5.5300","240.0000","-1.6100","0","5.5300","240.0000","-1.3300","0","98.0200","6.0000","-0.1400","0.0000","98.0200","6.0000","-0.1300","0","98.0200","6.0000","-0.1400","0.0000","5.5300","240.0000","-1.9400","0.0000","98.0200","6.0000","-0.1300","0.0000","94.4700","15.0000","-0.2300","0","94.4700","15.0000","-0.1800","0.0000","94.4700","15.0000","-0.2200","0","94.4700","15.0000","-0.2200","0","0","0"
"AAD2023.06.02752","264","39913","156","University of Colorado at Colorado Springs","Sociology, Department of","Sociology - Articles-Focused","8","200.0000","16","206.0000","5","207.0000","3.2000","190.0000","194","185.0000","5","202.0000","1.0000","1.0000","0","158.0000","0","158.0000","0.0000","158.0000","6","153.0000","3","164.0000","11","106.0000","3","165.0000","7","15","0","40","38","0.3800","-0.0400","123.0000","51.7800","1.3800","1.2400","34.0000","86.9600","0.6300","-0.7900","205.0000","19.3700","2.0000","-0.8300","202.0000","20.5500","0.6300","-0.6500","193.0000","24.1100","24.2500","-0.5500","164.0000","35.5700","12.1300","0.0600","90.0000","64.8200","0.0000","-0.9100","158.0000","37.9400","0.0000","-0.7800","158.0000","37.9400","0.0000","-0.4200","158.0000","37.9400","0.0000","-0.5800","158.0000","37.9400","0.7500","-0.2700","117.0000","54.1500","0.3800","-0.2100","138.0000","45.8500","-0.5000","171.0000","32.8100","-0.6400","-0.6900","-0.9300","-0.7400","-0.9600","-0.7200","0.6422","-0.5000","-0.1300","-0.6000","-0.3400","-0.6100","-0.8000","-0.9200","35.5700","35.1800","20.5500","37.9400","18.5800","25.3000","100.0000","39.9200","58.5000","27.2700","37.9400","37.9400","18.9700","21.3400","253","4/1/2025 16:37","0","0","0.0000","0.0000","0.0000","102.0000","102.0000","102.0000","102.0000","102.0000","-0.6700","-0.6212","-0.5500","-0.5600","-0.6700","60.0800","60.0800","60.0800","60.0800","60.0800","0","5","34.3900","167.0000","-0.6500","0.6300","47.0400","135.0000","-0.1500","4","47.0400","135.0000","-0.4000","0","98.0200","6.0000","-0.1400","0.0000","98.0200","6.0000","-0.1300","0","98.0200","6.0000","-0.1400","0.5000","81.4200","48.0000","0.7900","0.0000","98.0200","6.0000","-0.1300","0.0000","94.4700","15.0000","-0.2300","0","94.4700","15.0000","-0.1800","0.0000","94.4700","15.0000","-0.2200","0","94.4700","15.0000","-0.2200","0","0","0"
"AAD2023.06.02752","330","39948","156","University of San Diego","Sociology, Department of","Sociology - Articles-Focused","8","200.0000","5","239.0000","3","227.0000","1.6700","240.0000","51","226.0000","3","226.0000","1.0000","1.0000","0","158.0000","0","158.0000","0.0000","158.0000","3","180.0000","2","187.0000","9","131.0000","5","122.0000","7","15","0","40","38","0.6300","1.3200","26.0000","90.1200","1.1300","0.7300","54.0000","79.0500","0.3800","-2.0300","238.0000","6.3200","0.6300","-1.3100","245.0000","3.5600","0.3800","-1.8600","235.0000","7.5100","6.3800","-0.8200","226.0000","11.0700","10.2000","-0.1800","127.0000","50.2000","0.0000","-0.9100","158.0000","37.9400","0.0000","-0.7800","158.0000","37.9400","0.0000","-0.4200","158.0000","37.9400","0.0000","-0.5800","158.0000","37.9400","0.3800","-0.6300","173.0000","32.0200","0.2500","-0.6800","179.0000","29.6400","-1.1000","243.0000","4.3500","-0.7800","-0.2500","-1.1900","-0.7400","-1.2200","-1.2700","0.6422","-0.6000","-0.3100","-0.6900","-0.3400","-0.6100","-0.9500","-0.9200","26.4800","52.1700","11.0700","37.9400","10.6700","5.5300","100.0000","29.2500","48.6200","11.0700","37.9400","37.9400","5.9300","21.3400","253","4/1/2025 16:37","0","0","0.0000","0.0000","0.0000","102.0000","102.0000","102.0000","102.0000","102.0000","-0.6700","-0.6212","-0.5500","-0.5600","-0.6700","60.0800","60.0800","60.0800","60.0800","60.0800","0","2","16.6000","212.0000","-0.9600","0.2500","19.3700","205.0000","-1.0200","1","16.2100","213.0000","-1.1000","0","98.0200","6.0000","-0.1400","0.0000","98.0200","6.0000","-0.1300","0","98.0200","6.0000","-0.1400","0.1300","11.0700","226.0000","-1.2600","0.0000","98.0200","6.0000","-0.1300","0.0000","94.4700","15.0000","-0.2300","0","94.4700","15.0000","-0.1800","0.0000","94.4700","15.0000","-0.2200","0","94.4700","15.0000","-0.2200","0","0","0"
"AAD2023.06.02752","365","40003","156","Wichita State University","Sociology, Department of","Sociology - Articles-Focused","6","226.0000","10","220.0000","4","216.0000","2.5000","216.0000","101","205.0000","4","212.0000","1.0000","1.0000","0","158.0000","0","158.0000","0.0000","158.0000","2","202.0000","2","187.0000","1","230.0000","1","223.0000","7","15","0","40","38","0.1700","-1.1700","226.0000","11.0700","0.1700","-1.2100","231.0000","9.0900","0.6700","-0.5800","187.0000","26.4800","1.6700","-0.9500","211.0000","17.0000","0.6700","-0.4500","174.0000","31.6200","16.8300","-0.6600","188.0000","26.0900","10.1000","-0.1900","128.0000","49.8000","0.0000","-0.9100","158.0000","37.9400","0.0000","-0.7800","158.0000","37.9400","0.0000","-0.4200","158.0000","37.9400","0.0000","-0.5800","158.0000","37.9400","0.3300","-0.6700","181.0000","28.8500","0.3300","-0.3600","153.0000","39.9200","-0.6000","191.0000","24.9000","-0.7800","-1.1300","-1.0600","-0.7400","-1.0900","-0.9700","0.6422","-0.6400","-1.0500","-0.6600","-0.3400","-0.6100","-0.8800","-1.1700","26.4800","12.2500","16.6000","37.9400","15.0200","15.0200","100.0000","20.5500","9.4900","19.3700","37.9400","37.9400","13.4400","11.0700","253","4/1/2025 16:37","2","1","2.0000","0.3300","0.1700","43.0000","16.0000","36.0000","5.0000","8.0000","0.3700","1.3138","0.5500","2.8000","2.4300","83.4000","94.0700","86.1700","98.4200","97.2300","0","2","16.6000","212.0000","-0.9600","0.3300","25.6900","189.0000","-0.8300","1","16.2100","213.0000","-1.1000","0","98.0200","6.0000","-0.1400","0.0000","98.0200","6.0000","-0.1300","0","98.0200","6.0000","-0.1400","0.1700","18.9700","206.0000","-1.0300","0.0000","98.0200","6.0000","-0.1300","0.0000","94.4700","15.0000","-0.2300","0","94.4700","15.0000","-0.1800","0.0000","94.4700","15.0000","-0.2200","0","94.4700","15.0000","-0.2200","0","0","0"
"AAD2023.06.02752","395","40026","156","Texas Southern University","Sociology, Department of","Sociology - Articles-Focused","8","200.0000","2","250.0000","1","247.0000","2.0000","233.0000","33","234.0000","2","233.0000","0.6700","242.0000","0","158.0000","0","158.0000","0.0000","158.0000","4","171.0000","1","208.0000","6","161.0000","3","165.0000","7","15","0","40","38","0.3800","-0.0400","123.0000","51.7800","0.7500","-0.0300","113.0000","55.7300","0.1300","-3.2700","252.0000","0.7900","0.2500","-1.4400","250.0000","1.5800","0.2500","-2.4600","248.0000","2.3700","4.1300","-0.8600","236.0000","7.1100","16.5000","0.6200","41.0000","84.1900","0.0000","-0.9100","158.0000","37.9400","0.0000","-0.7800","158.0000","37.9400","0.0000","-0.4200","158.0000","37.9400","0.0000","-0.5800","158.0000","37.9400","0.5000","-0.5100","151.0000","40.7100","0.1300","-1.1500","214.0000","15.8100","-1.2000","246.0000","3.1600","-0.9200","-0.6900","-1.3300","-0.7400","-1.4800","-1.1500","-2.0305","-0.5700","-0.5900","-0.7000","-0.3400","-0.6100","-0.9900","-0.9200","18.1800","35.1800","8.3000","37.9400","2.7700","8.3000","4.7400","32.8100","36.7600","7.9100","37.9400","37.9400","1.5800","21.3400","253","4/1/2025 16:37","0","0","0.0000","0.0000","0.0000","102.0000","102.0000","102.0000","102.0000","102.0000","-0.6700","-0.6212","-0.5500","-0.5600","-0.6700","60.0800","60.0800","60.0800","60.0800","60.0800","0","3","24.5100","192.0000","-0.8500","0.3800","28.0600","183.0000","-0.7300","1","16.2100","213.0000","-1.1000","0","98.0200","6.0000","-0.1400","0.0000","98.0200","6.0000","-0.1300","0","98.0200","6.0000","-0.1400","0.1300","11.0700","226.0000","-1.2600","0.0000","98.0200","6.0000","-0.1300","0.0000","94.4700","15.0000","-0.2300","0","94.4700","15.0000","-0.1800","0.0000","94.4700","15.0000","-0.2200","0","94.4700","15.0000","-0.2200","0","0","0"
"AAD2023.06.02752","399","40056","156","University of North Carolina Wilmington","Sociology and Criminology, Department of","Sociology - Articles-Focused","18","71.0000","51","129.0000","13","101.0000","3.9200","159.0000","586","119.0000","14","84.0000","1.0000","1.0000","0","158.0000","0","158.0000","0.0000","158.0000","4","171.0000","2","187.0000","6","161.0000","4","150.0000","7","15","0","40","38","0.2200","-0.8700","210.0000","17.3900","0.3300","-0.8700","196.0000","22.9200","0.7200","-0.3000","170.0000","33.2000","2.8300","-0.5400","161.0000","36.7600","0.7800","0.0800","137.0000","46.2500","32.5600","-0.4200","138.0000","45.8500","11.4900","-0.0200","102.0000","60.0800","0.0000","-0.9100","158.0000","37.9400","0.0000","-0.7800","158.0000","37.9400","0.0000","-0.4200","158.0000","37.9400","0.0000","-0.5800","158.0000","37.9400","0.2200","-0.7800","205.0000","19.3700","0.1100","-1.2000","220.0000","13.4400","-0.5000","171.0000","32.8100","-0.7800","-0.4700","0.2600","-0.7400","0.0700","-0.4700","0.6422","-0.5700","-0.5900","-0.3500","-0.3400","-0.6100","-0.3300","0.3600","26.4800","41.1100","67.1900","37.9400","60.4700","37.5500","100.0000","32.8100","36.7600","53.3600","37.9400","37.9400","49.4100","72.3300","253","4/1/2025 16:37","0","0","0.0000","0.0000","0.0000","102.0000","102.0000","102.0000","102.0000","102.0000","-0.6700","-0.6212","-0.5500","-0.5600","-0.6700","60.0800","60.0800","60.0800","60.0800","60.0800","0","6","39.9200","153.0000","-0.5500","0.3300","25.6900","189.0000","-0.8300","4","47.0400","135.0000","-0.4000","0","98.0200","6.0000","-0.1400","0.0000","98.0200","6.0000","-0.1300","0","98.0200","6.0000","-0.1400","0.2200","27.2700","185.0000","-0.7300","0.0000","98.0200","6.0000","-0.1300","0.0000","94.4700","15.0000","-0.2300","0","94.4700","15.0000","-0.1800","0.0000","94.4700","15.0000","-0.2200","0","94.4700","15.0000","-0.2200","0","0","0"
"AAD2023.06.02752","558642","40460","156","Tarleton State University","Sociology, Division of","Sociology - Articles-Focused","3","248.0000","7","232.0000","3","227.0000","2.3300","225.0000","4","250.0000","2","233.0000","0.6700","242.0000","0","158.0000","0","158.0000","0.0000","158.0000","0","230.0000","0","230.0000","0","245.0000","0","245.0000","7","15","0","40","38","0.0000","-2.0800","245.0000","3.5600","0.0000","-1.5500","245.0000","3.5600","1.0000","1.0800","1.0000","100.0000","2.3300","-0.7200","187.0000","26.4800","0.6700","-0.4500","174.0000","31.6200","1.3300","-0.9000","250.0000","1.5800","0.5700","-1.4100","251.0000","1.1900","0.0000","-0.9100","158.0000","37.9400","0.0000","-0.7800","158.0000","37.9400","0.0000","-0.4200","158.0000","37.9400","0.0000","-0.5800","158.0000","37.9400","0.0000","-0.9900","230.0000","9.4900","0.0000","-1.6200","230.0000","9.4900","-0.8000","207.0000","18.5800","-1.0700","-1.3500","-1.3300","-0.7400","-1.2200","-1.0300","-2.0305","-0.7100","-1.1500","-0.7200","-0.3400","-0.6100","-0.9200","-1.5500","9.4900","3.5600","8.3000","37.9400","10.6700","11.4600","4.7400","9.4900","3.5600","1.5800","37.9400","37.9400","8.7000","2.3700","253","4/1/2025 16:37","0","0","0.0000","0.0000","0.0000","102.0000","102.0000","102.0000","102.0000","102.0000","-0.6700","-0.6212","-0.5500","-0.5600","-0.6700","60.0800","60.0800","60.0800","60.0800","60.0800","0","2","16.6000","212.0000","-0.9600","0.6700","52.5700","121.0000","-0.0500","3","35.9700","163.0000","-0.6300","0","98.0200","6.0000","-0.1400","0.0000","98.0200","6.0000","-0.1300","0","98.0200","6.0000","-0.1400","1.0000","100.0000","1.0000","3.5200","0.0000","98.0200","6.0000","-0.1300","0.0000","94.4700","15.0000","-0.2300","0","94.4700","15.0000","-0.1800","0.0000","94.4700","15.0000","-0.2200","0","94.4700","15.0000","-0.2200","0","0","0"
