"releasename","institutionid","unitid","comparisongroupid","institutionname","unitname","comparisongroupname","facultycount","facultycount_rank","articlecount","articlecount_rank","articlefacultycount","articlefacultycount_rank","articlecountperauthor","articlecountperauthor_rank","citationcount","citationcount_rank","citationfacultycount","citationfacultycount_rank","pctofauthorwithcitation","pctofauthorwithcitation_rank","grantfacultycount","grantfacultycount_rank","grantcount","grantcount_rank","grantdollars","grantdollars_rank","awardcount","awardcount_rank","awardfacultycount","awardfacultycount_rank","bookcount","bookcount_rank","bookfacultycount","bookfacultycount_rank","awardsweight","grantsweight","booksweight","citationsweight","articlesweight","pctoffacwithbook","pctoffacwithbook_zscore","pctoffacwithbook_rank","pctoffacwithbook_pct","bookcountperfaculty","bookcountperfaculty_zscore","bookcountperfaculty_rank","bookcountperfaculty_pct","pctoffacwitharticle","pctoffacwitharticle_zscore","pctoffacwitharticle_rank","pctoffacwitharticle_pct","articlecountperfaculty","articlecountperfaculty_zscore","articlecountperfaculty_rank","articlecountperfaculty_pct","pctoffacwithcitation","pctoffacwithcitation_zscore","pctoffacwithcitation_rank","pctoffacwithcitation_pct","citationcountperfaculty","citationcountperfaculty_zscore","citationcountperfaculty_rank","citationcountperfaculty_pct","citationcountperarticle","citationcountperarticle_zscore","citationcountperarticle_rank","citationcountperarticle_pct","pctoffacwithgrant","pctoffacwithgrant_zscore","pctoffacwithgrant_rank","pctoffacwithgrant_pct","grantcountperfaculty","grantcountperfaculty_zscore","grantcountperfaculty_rank","grantcountperfaculty_pct","grantdollarsperfaculty","grantdollarsperfaculty_zscore","grantdollarsperfaculty_rank","grantdollarsperfaculty_pct","dollarspergrant","dollarspergrant_zscore","dollarspergrant_rank","dollarspergrant_pct","awardcountperfaculty","awardcountperfaculty_zscore","awardcountperfaculty_rank","awardcountperfaculty_pct","pctoffacwithaward","pctoffacwithaward_zscore","pctoffacwithaward_rank","pctoffacwithaward_pct","sri","sri_rank","sri_pct","awardfacultycount_zscore","bookfacultycount_zscore","citationfacultycount_zscore","grantfacultycount_zscore","articlefacultycount_zscore","articlecountperauthor_zscore","pctofauthorwithcitation_zscore","awardcount_zscore","bookcount_zscore","citationcount_zscore","grantdollars_zscore","grantcount_zscore","articlecount_zscore","facultycount_zscore","awardfacultycount_pct","bookfacultycount_pct","citationfacultycount_pct","grantfacultycount_pct","articlefacultycount_pct","articlecountperauthor_pct","pctofauthorwithcitation_pct","awardcount_pct","bookcount_pct","citationcount_pct","grantdollars_pct","grantcount_pct","articlecount_pct","facultycount_pct","unitsincomparisongroup","createddate","confproccount","confprocfacultycount","confproccountperauthor","confproccountperfaculty","pctoffacwithconfproc","confprocfacultycount_rank","confproccountperauthor_rank","confproccount_rank","confproccountperfaculty_rank","pctoffacwithconfproc_rank","confprocfacultycount_zscore","confproccountperauthor_zscore","confproccount_zscore","confproccountperfaculty_zscore","pctoffacwithconfproc_zscore","confprocfacultycount_pct","confproccountperauthor_pct","confproccount_pct","confproccountperfaculty_pct","pctoffacwithconfproc_pct","confprocweight","chaptercount","chaptercount_pct","chaptercount_rank","chaptercount_zscore","chaptercountperfaculty","chaptercountperfaculty_pct","chaptercountperfaculty_rank","chaptercountperfaculty_zscore","chapterfacultycount","chapterfacultycount_pct","chapterfacultycount_rank","chapterfacultycount_zscore","patentcount","patentcount_pct","patentcount_rank","patentcount_zscore","patentcountperfaculty","patentcountperfaculty_pct","patentcountperfaculty_rank","patentcountperfaculty_zscore","patentfacultycount","patentfacultycount_pct","patentfacultycount_rank","patentfacultycount_zscore","pctoffacwithchapter","pctoffacwithchapter_pct","pctoffacwithchapter_rank","pctoffacwithchapter_zscore","pctoffacwithpatent","pctoffacwithpatent_pct","pctoffacwithpatent_rank","pctoffacwithpatent_zscore","pctoffacwithtrial","pctoffacwithtrial_pct","pctoffacwithtrial_rank","pctoffacwithtrial_zscore","trialcount","trialcount_pct","trialcount_rank","trialcount_zscore","trialcountperfaculty","trialcountperfaculty_pct","trialcountperfaculty_rank","trialcountperfaculty_zscore","trialfacultycount","trialfacultycount_pct","trialfacultycount_rank","trialfacultycount_zscore","chaptersweight","patentsweight","trialsweight"
"AAD2023.12.02810","103","113","161","Kansas State University","Statistics, Department of","Statistics","9","135.0000","93","102.0000","9","129.0000","10.3300","45.0000","1172","97.0000","9","127.0000","1.0000","1.0000","0","139.0000","0","139.0000","0.0000","139.0000","1","137.0000","1","131.0000","1","102.0000","1","98.0000","19","22","5","20","18","0.1100","-0.2000","84.0000","47.4700","0.1100","-0.4700","94.0000","41.1400","1.0000","0.9100","1.0000","100.0000","10.3300","0.6900","40.0000","75.3200","1.0000","0.9000","1.0000","100.0000","130.2200","-0.0900","55.0000","65.8200","12.6000","-0.1600","69.0000","56.9600","0.0000","-1.2900","139.0000","12.6600","0.0000","-1.0300","139.0000","12.6600","0.0000","-0.7600","139.0000","12.6600","0.0000","-1.0600","139.0000","12.6600","0.1100","-0.7300","136.0000","14.5600","0.1100","-1.0100","130.0000","18.3500","0.1000","59.0000","63.2900","-0.9400","-0.6700","-0.8300","-0.9900","-0.8600","0.5300","0.5749","-0.7300","-0.6300","-0.4100","-0.7200","-0.8700","-0.5400","-1.0200","17.7200","38.6100","20.2500","12.6600","18.9900","72.1500","100.0000","13.9200","36.0800","39.2400","12.6600","12.6600","36.0800","15.1900","158","10/21/2025 13:27","0","0","0.0000","0.0000","0.0000","139.0000","139.0000","139.0000","139.0000","139.0000","-1.0300","-1.1981","-0.6700","-0.7600","-1.3300","12.6600","12.6600","12.6600","12.6600","12.6600","11","2","57.5900","68.0000","-0.2800","0.2200","80.3800","32.0000","0.6900","2","62.0300","61.0000","-0.1900","0","69.6200","49.0000","-0.3500","0.0000","69.6200","49.0000","-0.3800","0","69.6200","49.0000","-0.5000","0.2200","86.0800","23.0000","1.1700","0.0000","69.6200","49.0000","-0.5200","0.0000","96.2000","7.0000","-0.1800","0","96.2000","7.0000","-0.1500","0.0000","96.2000","7.0000","-0.1800","0","96.2000","7.0000","-0.1700","5","0","0"
"AAD2023.12.02810","137","340","161","Montana State University","Mathematical Sciences, Department of","Statistics","30","23.0000","156","62.0000","28","20.0000","5.5700","120.0000","1421","88.0000","26","29.0000","0.9300","126.0000","11","36.0000","17","47.0000","4942848.0000","44.0000","13","72.0000","10","43.0000","3","71.0000","4","39.0000","19","22","5","20","18","0.1300","0.0100","70.0000","56.3300","0.1000","-0.5200","102.0000","36.0800","0.9300","0.4200","69.0000","56.9600","5.2000","-0.5900","109.0000","31.6500","0.8700","0.0000","92.0000","42.4100","47.3700","-0.4900","108.0000","32.2800","9.1100","-0.2700","102.0000","36.0800","0.3700","0.2700","60.0000","62.6600","0.5700","-0.0600","66.0000","58.8600","164761.6000","-0.0600","62.0000","61.3900","290755.7600","0.2100","51.0000","68.3500","0.4300","-0.4200","91.0000","43.0400","0.3300","-0.0600","67.0000","58.2300","-0.3000","99.0000","37.9700","0.3000","0.3200","0.7200","0.5500","0.8900","-0.7200","-0.3292","-0.2600","-0.3300","-0.3600","0.1500","0.1800","-0.0300","0.8200","73.4200","75.9500","82.2800","77.8500","87.9700","24.6800","20.8900","55.0600","55.7000","44.9400","72.7800","70.8900","61.3900","86.0800","158","10/21/2025 13:27","16","4","4.0000","0.5300","0.1300","70.0000","17.0000","38.0000","59.0000","100.0000","-0.1700","1.0833","0.1400","-0.0800","-0.5200","56.3300","89.8700","76.5800","63.2900","37.3400","11","3","68.3500","51.0000","-0.0300","0.1000","44.3000","89.0000","-0.3000","3","72.1500","45.0000","0.1900","2","87.9700","20.0000","0.0800","0.0700","79.1100","34.0000","0.0600","1","87.3400","21.0000","0.3800","0.1000","50.0000","80.0000","-0.1600","0.0300","74.0500","42.0000","0.2200","0.0000","96.2000","7.0000","-0.1800","0","96.2000","7.0000","-0.1500","0.0000","96.2000","7.0000","-0.1800","0","96.2000","7.0000","-0.1700","5","0","0"
"AAD2023.12.02810","148","444","161","North Carolina State University","Statistics, Department of","Statistics","30","23.0000","389","7.0000","28","20.0000","13.8900","16.0000","8182","16.0000","29","17.0000","1.0000","1.0000","16","18.0000","31","25.0000","8512410.0000","25.0000","47","16.0000","20","12.0000","8","28.0000","6","20.0000","19","22","5","20","18","0.2000","0.6600","34.0000","79.1100","0.2700","0.2400","49.0000","69.6200","0.9300","0.4200","69.0000","56.9600","12.9700","1.3500","15.0000","91.1400","0.9700","0.6700","48.0000","70.2500","272.7300","0.6000","21.0000","87.3400","21.0300","0.1000","27.0000","83.5400","0.5300","0.9800","32.0000","80.3800","1.0300","0.7400","35.0000","78.4800","283747.0000","0.4500","30.0000","81.6500","274593.8700","0.1400","55.0000","65.8200","1.5700","0.6900","23.0000","86.0800","0.6700","1.3600","17.0000","89.8700","0.6000","21.0000","87.3400","1.6800","0.9900","0.9900","1.2500","0.8900","1.4700","0.5749","1.0800","0.4400","1.0100","0.7800","1.0300","1.8500","0.8200","93.0400","87.9700","89.8700","89.2400","87.9700","90.5100","100.0000","90.5100","82.9100","90.5100","84.8100","84.8100","96.2000","86.0800","158","10/21/2025 13:27","13","7","1.8600","0.4300","0.2300","36.0000","74.0000","54.0000","68.0000","66.0000","0.4700","-0.1372","-0.0100","-0.2100","0.0800","77.8500","53.8000","66.4600","57.5900","58.8600","11","7","89.8700","17.0000","0.9500","0.2300","84.8100","25.0000","0.7800","6","92.4100","13.0000","1.3300","0","69.6200","49.0000","-0.3500","0.0000","69.6200","49.0000","-0.3800","0","69.6200","49.0000","-0.5000","0.2000","81.6500","30.0000","0.9300","0.0000","69.6200","49.0000","-0.5200","0.0000","96.2000","7.0000","-0.1800","0","96.2000","7.0000","-0.1500","0.0000","96.2000","7.0000","-0.1800","0","96.2000","7.0000","-0.1700","5","0","0"
"AAD2023.12.02810","155","470","161","Oakland University","Mathematics and Statistics, Department of","Statistics","27","35.0000","135","76.0000","22","43.0000","6.1400","109.0000","929","100.0000","20","51.0000","0.8700","139.0000","3","92.0000","3","109.0000","446022.0000","118.0000","3","116.0000","1","131.0000","6","44.0000","3","55.0000","19","22","5","20","18","0.1100","-0.2000","84.0000","47.4700","0.2200","0.0400","59.0000","63.2900","0.8100","-0.4500","118.0000","25.9500","5.0000","-0.6400","111.0000","30.3800","0.7400","-0.8400","133.0000","16.4600","34.4100","-0.5500","122.0000","23.4200","6.8800","-0.3400","119.0000","25.3200","0.1100","-0.8200","120.0000","24.6800","0.1100","-0.8400","130.0000","18.3500","16519.3300","-0.6900","127.0000","20.2500","148674.0000","-0.4100","98.0000","38.6100","0.1100","-0.7300","136.0000","14.5600","0.0400","-1.3300","147.0000","7.5900","-0.6000","125.0000","21.5200","-0.9400","-0.0100","0.1700","-0.5700","0.3400","-0.5700","-1.0761","-0.6500","0.1300","-0.4600","-0.6400","-0.6800","-0.2000","0.5600","17.7200","65.8200","68.3500","42.4100","73.4200","31.6500","12.6600","27.2200","72.7800","37.3400","25.9500","31.6500","52.5300","78.4800","158","10/21/2025 13:27","11","5","2.2000","0.4100","0.1900","50.0000","53.0000","60.0000","72.0000","82.0000","0.0400","0.0567","-0.1100","-0.2400","-0.2100","68.9900","67.0900","62.6600","55.0600","48.7300","11","4","77.2200","37.0000","0.2100","0.1500","58.2300","67.0000","0.0900","3","72.1500","45.0000","0.1900","0","69.6200","49.0000","-0.3500","0.0000","69.6200","49.0000","-0.3800","0","69.6200","49.0000","-0.5000","0.1100","53.8000","74.0000","-0.0400","0.0000","69.6200","49.0000","-0.5200","0.0000","96.2000","7.0000","-0.1800","0","96.2000","7.0000","-0.1500","0.0000","96.2000","7.0000","-0.1800","0","96.2000","7.0000","-0.1700","5","0","0"
"AAD2023.12.02810","158","525","161","Oklahoma State University","Statistics, Department of","Statistics","7","144.0000","53","130.0000","7","137.0000","7.5700","82.0000","638","115.0000","7","136.0000","1.0000","1.0000","0","139.0000","0","139.0000","0.0000","139.0000","0","148.0000","0","148.0000","1","102.0000","1","98.0000","19","22","5","20","18","0.1400","0.1100","64.0000","60.1300","0.1400","-0.3200","84.0000","47.4700","1.0000","0.9100","1.0000","100.0000","7.5700","0.0000","72.0000","55.0600","1.0000","0.9000","1.0000","100.0000","91.1400","-0.2800","67.0000","58.2300","12.0400","-0.1800","76.0000","52.5300","0.0000","-1.2900","139.0000","12.6600","0.0000","-1.0300","139.0000","12.6600","0.0000","-0.7600","139.0000","12.6600","0.0000","-1.0600","139.0000","12.6600","0.0000","-0.8400","148.0000","6.9600","0.0000","-1.4800","148.0000","6.9600","-0.1000","77.0000","51.9000","-1.0700","-0.6700","-1.0100","-0.9900","-1.0400","-0.1900","0.5749","-0.7700","-0.6300","-0.5200","-0.7200","-0.8700","-0.8700","-1.1900","6.9600","38.6100","14.5600","12.6600","13.9200","48.7300","100.0000","6.9600","36.0800","27.8500","12.6600","12.6600","18.3500","9.4900","158","10/21/2025 13:27","1","1","1.0000","0.1400","0.1400","118.0000","106.0000","120.0000","114.0000","96.0000","-0.8200","-0.6277","-0.6200","-0.5800","-0.4600","25.9500","33.5400","24.6800","28.4800","39.8700","11","0","22.1500","124.0000","-0.7700","0.0000","22.1500","124.0000","-1.1100","0","22.1500","124.0000","-0.9500","0","69.6200","49.0000","-0.3500","0.0000","69.6200","49.0000","-0.3800","0","69.6200","49.0000","-0.5000","0.0000","22.1500","124.0000","-1.2400","0.0000","69.6200","49.0000","-0.5200","0.0000","96.2000","7.0000","-0.1800","0","96.2000","7.0000","-0.1500","0.0000","96.2000","7.0000","-0.1800","0","96.2000","7.0000","-0.1700","5","0","0"
"AAD2023.12.02810","15","563","161","Auburn University","Mathematics and Statistics, Department of","Statistics","42","10.0000","339","13.0000","37","8.0000","9.1600","60.0000","1782","69.0000","36","9.0000","0.9500","108.0000","13","28.0000","22","38.0000","2714145.0000","62.0000","22","42.0000","13","30.0000","8","28.0000","5","28.0000","19","22","5","20","18","0.1200","-0.1200","80.0000","50.0000","0.1900","-0.1100","68.0000","57.5900","0.8800","0.0400","98.0000","38.6100","8.0700","0.1200","67.0000","58.2300","0.8600","-0.0600","99.0000","37.9700","42.4300","-0.5100","114.0000","28.4800","5.2600","-0.3900","138.0000","13.2900","0.3100","0.0300","67.0000","58.2300","0.5200","-0.1300","71.0000","55.7000","64622.5000","-0.4900","89.0000","44.3000","123370.2300","-0.5200","116.0000","27.2200","0.5200","-0.3300","84.0000","47.4700","0.3100","-0.1600","81.0000","49.3700","-0.1000","77.0000","51.9000","0.7100","0.6600","1.6300","0.8300","1.7200","0.2200","-0.0913","0.1000","0.4400","-0.2800","-0.2400","0.4800","1.4500","1.8700","81.6500","82.9100","94.9400","82.9100","95.5700","62.6600","32.2800","74.0500","82.9100","56.9600","61.3900","76.5800","92.4100","94.3000","158","10/21/2025 13:27","16","7","2.2900","0.3800","0.1700","36.0000","52.0000","38.0000","79.0000","89.0000","0.4700","0.1080","0.1400","-0.2800","-0.3200","77.8500","67.7200","76.5800","50.6300","44.3000","11","6","87.3400","21.0000","0.7100","0.1400","57.5900","68.0000","0.0500","5","89.2400","18.0000","0.9500","0","69.6200","49.0000","-0.3500","0.0000","69.6200","49.0000","-0.3800","0","69.6200","49.0000","-0.5000","0.1200","55.7000","71.0000","0.0500","0.0000","69.6200","49.0000","-0.5200","0.0000","96.2000","7.0000","-0.1800","0","96.2000","7.0000","-0.1500","0.0000","96.2000","7.0000","-0.1800","0","96.2000","7.0000","-0.1700","5","0","0"
"AAD2023.12.02810","161","611","161","Oregon State University","Statistics, Department of","Statistics","17","88.0000","155","63.0000","16","75.0000","9.6900","53.0000","2449","55.0000","15","80.0000","0.9400","115.0000","3","92.0000","5","91.0000","3135834.0000","58.0000","7","90.0000","5","82.0000","1","102.0000","1","98.0000","19","22","5","20","18","0.0600","-0.7100","115.0000","27.8500","0.0600","-0.7000","117.0000","26.5800","0.9400","0.4800","65.0000","59.4900","9.1200","0.3800","54.0000","66.4600","0.8800","0.1100","87.0000","45.5700","144.0600","-0.0200","52.0000","67.7200","15.8000","-0.0600","48.0000","70.2500","0.1800","-0.5400","98.0000","38.6100","0.2900","-0.5300","93.0000","41.7700","184460.8200","0.0300","55.0000","65.8200","627166.8000","1.6700","7.0000","96.2000","0.4100","-0.4400","96.0000","39.8700","0.2900","-0.2300","87.0000","45.5700","0.1000","59.0000","63.2900","-0.3900","-0.6700","-0.2800","-0.5700","-0.2100","0.3600","-0.2162","-0.4900","-0.6300","-0.1500","-0.1700","-0.5600","-0.0400","-0.3200","48.7300","38.6100","50.0000","42.4100","53.1600","67.0900","27.8500","43.6700","36.0800","65.8200","63.9200","43.0400","60.7600","44.9400","158","10/21/2025 13:27","3","2","1.5000","0.1800","0.1200","101.0000","88.0000","107.0000","110.0000","108.0000","-0.6000","-0.3425","-0.5200","-0.5400","-0.6200","36.7100","44.9400","32.9100","31.0100","32.2800","11","1","40.5100","95.0000","-0.5300","0.0600","32.2800","108.0000","-0.6300","2","62.0300","61.0000","-0.1900","0","69.6200","49.0000","-0.3500","0.0000","69.6200","49.0000","-0.3800","0","69.6200","49.0000","-0.5000","0.1200","55.0600","72.0000","0.0400","0.0000","69.6200","49.0000","-0.5200","0.0000","96.2000","7.0000","-0.1800","0","96.2000","7.0000","-0.1500","0.0000","96.2000","7.0000","-0.1800","0","96.2000","7.0000","-0.1700","5","0","0"
"AAD2023.12.02810","163","685","161","Pennsylvania State University - University Park","Statistics, Department of","Statistics","30","23.0000","333","15.0000","29","18.0000","11.4800","27.0000","4790","29.0000","29","17.0000","1.0000","1.0000","14","25.0000","25","32.0000","8033538.0000","28.0000","36","29.0000","15","22.0000","6","44.0000","3","55.0000","19","22","5","20","18","0.1000","-0.3100","95.0000","40.5100","0.2000","-0.0600","64.0000","60.1300","0.9700","0.6600","47.0000","70.8900","11.1000","0.8800","28.0000","82.9100","0.9700","0.6700","48.0000","70.2500","159.6700","0.0500","41.0000","74.6800","14.3800","-0.1100","56.0000","65.1900","0.4700","0.6900","43.0000","73.4200","0.8300","0.4000","44.0000","72.7800","267784.6000","0.3800","35.0000","78.4800","321341.5200","0.3400","37.0000","77.2200","1.2000","0.3300","40.0000","75.3200","0.5000","0.6500","41.0000","74.6800","0.5000","33.0000","79.7500","0.9900","-0.0100","0.9900","0.9700","0.9900","0.8300","0.5749","0.6400","0.1300","0.3300","0.7000","0.6700","1.4000","0.8200","86.7100","65.8200","89.8700","84.8100","89.2400","83.5400","100.0000","82.2800","72.7800","82.2800","82.9100","80.3800","91.1400","86.0800","158","10/21/2025 13:27","12","9","1.3300","0.4000","0.3000","21.0000","93.0000","57.0000","74.0000","45.0000","0.9000","-0.4395","-0.0600","-0.2500","0.4900","87.3400","41.7700","64.5600","53.8000","72.1500","11","8","93.6700","11.0000","1.2000","0.2700","89.2400","18.0000","1.0500","8","98.1000","4.0000","2.0900","15","96.8400","6.0000","2.8500","0.5000","98.1000","4.0000","2.8800","1","87.3400","21.0000","0.3800","0.2700","96.2000","7.0000","1.6500","0.0300","74.0500","42.0000","0.2200","0.0000","96.2000","7.0000","-0.1800","0","96.2000","7.0000","-0.1500","0.0000","96.2000","7.0000","-0.1800","0","96.2000","7.0000","-0.1700","5","0","0"
"AAD2023.12.02810","165","719","161","Portland State University","Mathematics and Statistics, Department of","Statistics","27","35.0000","135","76.0000","23","38.0000","5.8700","112.0000","1394","91.0000","23","38.0000","1.0000","1.0000","9","45.0000","16","49.0000","5408347.0000","41.0000","7","90.0000","5","82.0000","2","85.0000","2","74.0000","19","22","5","20","18","0.0700","-0.5600","109.0000","31.6500","0.0700","-0.6300","110.0000","31.0100","0.8500","-0.1700","106.0000","33.5400","5.0000","-0.6400","111.0000","30.3800","0.8500","-0.1000","104.0000","34.8100","51.6300","-0.4700","106.0000","33.5400","10.3300","-0.2300","89.0000","44.3000","0.3300","0.1300","65.0000","59.4900","0.5900","-0.0200","60.0000","62.6600","200309.1500","0.1000","49.0000","69.6200","338021.6900","0.4100","35.0000","78.4800","0.2600","-0.5900","108.0000","32.2800","0.1900","-0.6900","115.0000","27.8500","-0.3000","99.0000","37.9700","-0.3900","-0.3400","0.4500","0.2700","0.4300","-0.6400","0.5749","-0.4900","-0.4800","-0.3600","0.2300","0.1100","-0.2000","0.5600","48.7300","53.8000","76.5800","72.1500","76.5800","29.7500","100.0000","43.6700","46.8400","43.0400","74.6800","69.6200","52.5300","78.4800","158","10/21/2025 13:27","16","6","2.6700","0.5900","0.2200","42.0000","45.0000","38.0000","54.0000","68.0000","0.2600","0.3248","0.1400","0.0000","0.0200","74.0500","72.1500","76.5800","66.4600","57.5900","11","6","87.3400","21.0000","0.7100","0.2200","80.3800","32.0000","0.6900","2","62.0300","61.0000","-0.1900","0","69.6200","49.0000","-0.3500","0.0000","69.6200","49.0000","-0.3800","0","69.6200","49.0000","-0.5000","0.0700","37.9700","99.0000","-0.4400","0.0000","69.6200","49.0000","-0.5200","0.0000","96.2000","7.0000","-0.1800","0","96.2000","7.0000","-0.1500","0.0000","96.2000","7.0000","-0.1800","0","96.2000","7.0000","-0.1700","5","0","0"
"AAD2023.12.02810","172","806","161","Rice University","Statistics, Department of","Statistics","15","104.0000","212","47.0000","15","86.0000","14.1300","14.0000","3810","39.0000","15","80.0000","1.0000","1.0000","12","30.0000","32","23.0000","10139198.0000","19.0000","40","24.0000","11","38.0000","8","28.0000","5","28.0000","19","22","5","20","18","0.3300","1.9500","6.0000","96.8400","0.5300","1.4400","11.0000","93.6700","1.0000","0.9100","1.0000","100.0000","14.1300","1.6400","13.0000","92.4100","1.0000","0.9000","1.0000","100.0000","254.0000","0.5100","24.0000","85.4400","17.9700","0.0000","37.0000","77.2200","0.8000","2.1100","5.0000","97.4700","2.1300","2.6200","4.0000","98.1000","675946.5300","2.1300","7.0000","96.2000","316849.9400","0.3200","40.0000","75.3200","2.6700","1.7600","9.0000","94.9400","0.7300","1.6500","13.0000","92.4100","1.2000","4.0000","98.1000","0.4400","0.6600","-0.2800","0.6900","-0.3000","1.5300","0.5749","0.8000","0.4400","0.1300","1.0700","1.1000","0.4200","-0.4900","76.5800","82.9100","50.0000","81.6500","46.2000","91.7700","100.0000","85.4400","82.9100","75.9500","88.6100","86.0800","70.8900","34.8100","158","10/21/2025 13:27","89","9","9.8900","5.9300","0.6000","21.0000","1.0000","3.0000","1.0000","4.0000","0.9000","4.4427","3.8400","6.8200","2.3000","87.3400","100.0000","98.7300","100.0000","98.1000","11","3","68.3500","51.0000","-0.0300","0.2000","75.9500","39.0000","0.5100","2","62.0300","61.0000","-0.1900","2","87.9700","20.0000","0.0800","0.1300","87.9700","20.0000","0.4900","2","93.6700","11.0000","1.2500","0.1300","58.8600","66.0000","0.2000","0.1300","96.2000","7.0000","2.4600","0.0000","96.2000","7.0000","-0.1800","0","96.2000","7.0000","-0.1500","0.0000","96.2000","7.0000","-0.1800","0","96.2000","7.0000","-0.1700","5","0","0"
"AAD2023.12.02810","193","932","161","Southern Methodist University","Statistics and Data Science, Department of","Statistics","9","135.0000","69","117.0000","8","134.0000","8.6300","65.0000","379","127.0000","8","132.0000","1.0000","1.0000","2","107.0000","2","117.0000","176930.0000","130.0000","5","99.0000","2","117.0000","1","102.0000","1","98.0000","19","22","5","20","18","0.1100","-0.2000","84.0000","47.4700","0.1100","-0.4700","94.0000","41.1400","0.8900","0.1000","93.0000","41.7700","7.6700","0.0200","70.0000","56.3300","0.8900","0.1500","85.0000","46.8400","42.1100","-0.5100","115.0000","27.8500","5.4900","-0.3900","133.0000","16.4600","0.2200","-0.3400","80.0000","50.0000","0.2200","-0.6500","106.0000","33.5400","19658.8900","-0.6800","123.0000","22.7800","88465.0000","-0.6700","128.0000","19.6200","0.5600","-0.3000","78.0000","51.2700","0.2200","-0.5300","105.0000","34.1800","-0.1000","77.0000","51.9000","-0.8000","-0.6700","-0.9200","-0.7100","-0.9500","0.0800","0.5749","-0.5700","-0.6300","-0.5700","-0.6900","-0.7400","-0.7400","-1.0200","26.5800","38.6100","17.0900","32.9100","15.8200","59.4900","100.0000","37.9700","36.0800","20.2500","18.3500","26.5800","26.5800","15.1900","158","10/21/2025 13:27","1","1","1.0000","0.1100","0.1100","118.0000","106.0000","120.0000","122.0000","110.0000","-0.8200","-0.6277","-0.6200","-0.6200","-0.6500","25.9500","33.5400","24.6800","23.4200","31.0100","11","1","40.5100","95.0000","-0.5300","0.1100","48.7300","82.0000","-0.2100","1","43.6700","90.0000","-0.5700","0","69.6200","49.0000","-0.3500","0.0000","69.6200","49.0000","-0.3800","0","69.6200","49.0000","-0.5000","0.1100","53.8000","74.0000","-0.0400","0.0000","69.6200","49.0000","-0.5200","0.0000","96.2000","7.0000","-0.1800","0","96.2000","7.0000","-0.1500","0.0000","96.2000","7.0000","-0.1800","0","96.2000","7.0000","-0.1700","5","0","0"
"AAD2023.12.02810","215","1150","161","Texas A&M University","Statistics, Department of","Statistics","30","23.0000","284","24.0000","29","18.0000","9.7900","52.0000","4483","31.0000","29","17.0000","1.0000","1.0000","17","14.0000","38","13.0000","10578796.0000","17.0000","42","19.0000","15","22.0000","5","59.0000","3","55.0000","19","22","5","20","18","0.1000","-0.3100","95.0000","40.5100","0.1700","-0.2100","74.0000","53.8000","0.9700","0.6600","47.0000","70.8900","9.4700","0.4700","49.0000","69.6200","0.9700","0.6700","48.0000","70.2500","149.4300","0.0000","49.0000","69.6200","15.7900","-0.0600","50.0000","68.9900","0.5700","1.1200","21.0000","87.3400","1.2700","1.1400","26.0000","84.1800","352626.5300","0.7500","25.0000","84.8100","278389.3700","0.1500","54.0000","66.4600","1.4000","0.5300","29.0000","82.2800","0.5000","0.6500","41.0000","74.6800","0.6000","21.0000","87.3400","0.9900","-0.0100","0.9900","1.4000","0.9900","0.3900","0.5749","0.8800","-0.0200","0.2600","1.1500","1.4600","1.0000","0.8200","86.7100","65.8200","89.8700","91.7700","89.2400","67.7200","100.0000","88.6100","63.2900","81.0100","89.8700","92.4100","85.4400","86.0800","158","10/21/2025 13:27","17","11","1.5500","0.5700","0.3700","13.0000","87.0000","34.0000","57.0000","27.0000","1.3300","-0.3140","0.1900","-0.0400","0.8900","92.4100","45.5700","79.1100","64.5600","83.5400","11","6","87.3400","21.0000","0.7100","0.2000","75.9500","39.0000","0.5100","6","92.4100","13.0000","1.3300","0","69.6200","49.0000","-0.3500","0.0000","69.6200","49.0000","-0.3800","0","69.6200","49.0000","-0.5000","0.2000","81.6500","30.0000","0.9300","0.0000","69.6200","49.0000","-0.5200","0.0000","96.2000","7.0000","-0.1800","0","96.2000","7.0000","-0.1500","0.0000","96.2000","7.0000","-0.1800","0","96.2000","7.0000","-0.1700","5","0","0"
"AAD2023.12.02810","222","1184","161","Texas Tech University","Mathematics and Statistics, Department of","Statistics","43","8.0000","311","19.0000","39","7.0000","7.9700","75.0000","3120","45.0000","39","7.0000","0.9800","94.0000","10","39.0000","15","51.0000","1906000.0000","76.0000","28","35.0000","18","16.0000","22","6.0000","11","4.0000","19","22","5","20","18","0.2600","1.2000","21.0000","87.3400","0.5100","1.3400","12.0000","93.0400","0.9100","0.2300","87.0000","45.5700","7.2300","-0.0900","80.0000","50.0000","0.9100","0.2700","77.0000","51.9000","72.5600","-0.3600","83.0000","48.1000","10.0300","-0.2400","93.0000","41.7700","0.2300","-0.3000","79.0000","50.6300","0.3500","-0.4300","83.0000","48.1000","44325.5800","-0.5700","102.0000","36.0800","127066.6700","-0.5100","113.0000","29.1100","0.6500","-0.2100","70.0000","56.3300","0.4200","0.3000","58.0000","63.9200","-0.1000","77.0000","51.9000","1.4000","2.6500","1.9000","0.4100","1.9100","-0.0900","0.2585","0.3300","2.5700","-0.0100","-0.3900","0.0500","1.2200","1.9600","90.5100","98.1000","96.2000","75.9500","96.2000","53.1600","41.1400","78.4800","96.8400","72.1500","52.5300","68.3500","88.6100","95.5700","158","10/21/2025 13:27","27","11","2.4500","0.6300","0.2600","13.0000","48.0000","19.0000","48.0000","57.0000","1.3300","0.1993","0.7000","0.0400","0.2200","92.4100","70.2500","88.6100","70.2500","64.5600","11","10","96.2000","7.0000","1.7000","0.2300","84.1800","26.0000","0.7700","6","92.4100","13.0000","1.3300","0","69.6200","49.0000","-0.3500","0.0000","69.6200","49.0000","-0.3800","0","69.6200","49.0000","-0.5000","0.1400","60.1300","64.0000","0.2700","0.0000","69.6200","49.0000","-0.5200","0.0000","96.2000","7.0000","-0.1800","0","96.2000","7.0000","-0.1500","0.0000","96.2000","7.0000","-0.1800","0","96.2000","7.0000","-0.1700","5","0","0"
"AAD2023.12.02810","226","1273","161","University of Tennessee, The","Business Analytics and Statistics, Department of","Statistics","20","65.0000","116","89.0000","20","55.0000","5.8000","116.0000","2266","57.0000","20","51.0000","1.0000","1.0000","2","107.0000","2","117.0000","211008.0000","127.0000","10","80.0000","6","71.0000","2","85.0000","3","55.0000","19","22","5","20","18","0.1500","0.1800","59.0000","63.2900","0.1000","-0.5200","102.0000","36.0800","1.0000","0.9100","1.0000","100.0000","5.8000","-0.4400","103.0000","35.4400","1.0000","0.9000","1.0000","100.0000","113.3000","-0.1700","59.0000","63.2900","19.5300","0.0500","30.0000","81.6500","0.1000","-0.8600","125.0000","21.5200","0.1000","-0.8600","132.0000","17.0900","10550.4000","-0.7200","132.0000","17.0900","105504.0000","-0.6000","124.0000","22.1500","0.5000","-0.3500","86.0000","46.2000","0.3000","-0.2000","83.0000","48.1000","0.0000","67.0000","58.2300","-0.2500","-0.0100","0.1700","-0.7100","0.1600","-0.6600","0.5749","-0.3700","-0.4800","-0.1900","-0.6900","-0.7400","-0.3600","-0.0600","55.7000","65.8200","68.3500","32.9100","65.8200","27.2200","100.0000","50.0000","46.8400","64.5600","20.2500","26.5800","44.3000","59.4900","158","10/21/2025 13:27","19","5","3.8000","0.9500","0.2500","50.0000","20.0000","31.0000","31.0000","58.0000","0.0400","0.9693","0.2900","0.4500","0.1900","68.9900","87.9700","81.0100","81.0100","63.9200","11","2","57.5900","68.0000","-0.2800","0.1000","44.3000","89.0000","-0.3000","1","43.6700","90.0000","-0.5700","1","79.7500","33.0000","-0.1300","0.0500","77.8500","36.0000","-0.0500","1","87.3400","21.0000","0.3800","0.0500","30.3800","111.0000","-0.7000","0.0500","82.2800","29.0000","0.6000","0.0000","96.2000","7.0000","-0.1800","0","96.2000","7.0000","-0.1500","0.0000","96.2000","7.0000","-0.1800","0","96.2000","7.0000","-0.1700","5","0","0"
"AAD2023.12.02810","246","1517","161","University of Alaska Fairbanks","Mathematics and Statistics, Department of","Statistics","17","88.0000","57","129.0000","14","94.0000","4.0700","137.0000","364","130.0000","14","93.0000","1.0000","1.0000","6","70.0000","10","69.0000","2083277.0000","69.0000","2","127.0000","2","117.0000","0","129.0000","0","129.0000","19","22","5","20","18","0.0000","-1.2800","129.0000","18.9900","0.0000","-0.9700","129.0000","18.9900","0.8200","-0.3800","114.0000","28.4800","3.3500","-1.0600","133.0000","16.4600","0.8200","-0.2900","114.0000","28.4800","21.4100","-0.6100","135.0000","15.1900","6.3900","-0.3600","124.0000","22.1500","0.3500","0.2100","62.0000","61.3900","0.5900","-0.0200","61.0000","62.0300","122545.7100","-0.2400","67.0000","58.2300","208327.7000","-0.1500","76.0000","52.5300","0.1200","-0.7300","134.0000","15.8200","0.1200","-0.9800","128.0000","19.6200","-0.6000","125.0000","21.5200","-0.8000","-1.0100","-0.3700","-0.1500","-0.4000","-1.1100","0.5749","-0.6900","-0.7800","-0.5700","-0.3600","-0.2500","-0.8300","-0.3200","26.5800","18.9900","41.7700","56.3300","41.1400","13.9200","100.0000","20.2500","18.9900","18.3500","56.9600","56.9600","18.9900","44.9400","158","10/21/2025 13:27","2","2","1.0000","0.1200","0.1200","101.0000","106.0000","114.0000","121.0000","108.0000","-0.6000","-0.6277","-0.5700","-0.6100","-0.6200","36.7100","33.5400","28.4800","24.0500","32.2800","11","5","82.9100","28.0000","0.4600","0.2900","91.7700","14.0000","1.2700","5","89.2400","18.0000","0.9500","0","69.6200","49.0000","-0.3500","0.0000","69.6200","49.0000","-0.3800","0","69.6200","49.0000","-0.5000","0.2900","98.7300","3.0000","1.9400","0.0000","69.6200","49.0000","-0.5200","0.0000","96.2000","7.0000","-0.1800","0","96.2000","7.0000","-0.1500","0.0000","96.2000","7.0000","-0.1800","0","96.2000","7.0000","-0.1700","5","0","0"
"AAD2023.12.02810","251","1702","161","University of California, Berkeley","Statistics, Department of","Statistics","28","29.0000","408","6.0000","28","20.0000","14.5700","12.0000","17160","5.0000","28","23.0000","1.0000","1.0000","23","5.0000","56","4.0000","32814226.0000","1.0000","120","2.0000","23","5.0000","10","20.0000","7","13.0000","19","22","5","20","18","0.2500","1.1400","22.0000","86.7100","0.3600","0.6500","32.0000","80.3800","1.0000","0.9100","1.0000","100.0000","14.5700","1.7500","11.0000","93.6700","1.0000","0.9000","1.0000","100.0000","612.8600","2.2300","7.0000","96.2000","42.0600","0.7500","12.0000","93.0400","0.8200","2.2000","3.0000","98.7300","2.0000","2.3900","6.0000","96.8400","1171936.6400","4.2500","2.0000","99.3700","585968.3200","1.4900","8.0000","95.5700","4.2900","3.3500","3.0000","98.7300","0.8200","2.0200","5.0000","97.4700","1.4000","2.0000","99.3700","2.0900","1.3200","0.9000","2.2400","0.8900","1.6500","0.5749","3.9300","0.7400","2.8300","5.0800","2.5700","2.0000","0.6500","97.4700","92.4100","86.0800","97.4700","87.9700","93.0400","100.0000","99.3700","87.9700","97.4700","100.0000","98.1000","96.8400","82.2800","158","10/21/2025 13:27","58","16","3.6300","2.0700","0.5700","3.0000","24.0000","5.0000","7.0000","6.0000","2.4100","0.8723","2.2700","1.8800","2.1300","98.7300","85.4400","97.4700","96.2000","96.8400","11","8","93.6700","11.0000","1.2000","0.2900","91.1400","15.0000","1.2100","7","94.9400","9.0000","1.7100","6","93.6700","11.0000","0.9300","0.2100","93.6700","11.0000","1.0200","2","93.6700","11.0000","1.2500","0.2500","94.3000","10.0000","1.4700","0.0700","88.6100","19.0000","1.0700","0.0000","96.2000","7.0000","-0.1800","0","96.2000","7.0000","-0.1500","0.0000","96.2000","7.0000","-0.1800","0","96.2000","7.0000","-0.1700","5","0","0"
"AAD2023.12.02810","252","1747","161","University of California, Davis","Statistics, Department of","Statistics","26","38.0000","217","43.0000","26","29.0000","8.3500","68.0000","2450","54.0000","26","29.0000","1.0000","1.0000","16","18.0000","37","14.0000","6858469.0000","33.0000","42","19.0000","14","25.0000","10","20.0000","5","28.0000","19","22","5","20","18","0.1900","0.5900","39.0000","75.9500","0.3800","0.7700","28.0000","82.9100","1.0000","0.9100","1.0000","100.0000","8.3500","0.1900","61.0000","62.0300","1.0000","0.9000","1.0000","100.0000","94.2300","-0.2600","65.0000","59.4900","11.2900","-0.2000","78.0000","51.2700","0.6200","1.3300","16.0000","90.5100","1.4200","1.4000","21.0000","87.3400","263787.2700","0.3700","36.0000","77.8500","185364.0300","-0.2500","82.0000","48.7300","1.6200","0.7400","22.0000","86.7100","0.5400","0.8200","37.0000","77.2200","0.4000","39.0000","75.9500","0.8500","0.6600","0.7200","1.2500","0.7100","0.0100","0.5749","0.8800","0.7400","-0.1500","0.4900","1.4000","0.4600","0.4700","84.8100","82.9100","82.2800","89.2400","82.2800","57.5900","100.0000","88.6100","87.9700","66.4600","79.7500","91.7700","73.4200","76.5800","158","10/21/2025 13:27","16","5","3.2000","0.6200","0.1900","50.0000","32.0000","38.0000","49.0000","78.0000","0.0400","0.6271","0.1400","0.0200","-0.1600","68.9900","80.3800","76.5800","69.6200","51.2700","11","2","57.5900","68.0000","-0.2800","0.0800","37.3400","100.0000","-0.4900","2","62.0300","61.0000","-0.1900","0","69.6200","49.0000","-0.3500","0.0000","69.6200","49.0000","-0.3800","0","69.6200","49.0000","-0.5000","0.0800","41.1400","94.0000","-0.4100","0.0000","69.6200","49.0000","-0.5200","0.0000","96.2000","7.0000","-0.1800","0","96.2000","7.0000","-0.1500","0.0000","96.2000","7.0000","-0.1800","0","96.2000","7.0000","-0.1700","5","0","0"
"AAD2023.12.02810","254","1824","161","University of California, Los Angeles","Statistics and Data Science, Department of","Statistics","21","60.0000","262","29.0000","21","48.0000","12.4800","21.0000","6795","19.0000","21","46.0000","1.0000","1.0000","11","36.0000","33","22.0000","8525976.0000","24.0000","31","32.0000","13","30.0000","2","85.0000","2","74.0000","19","22","5","20","18","0.1000","-0.3500","99.0000","37.9700","0.1000","-0.5400","105.0000","34.1800","1.0000","0.9100","1.0000","100.0000","12.4800","1.2200","17.0000","89.8700","1.0000","0.9000","1.0000","100.0000","323.5700","0.8400","17.0000","89.8700","25.9400","0.2500","21.0000","87.3400","0.5200","0.9400","35.0000","78.4800","1.5700","1.6600","14.0000","91.7700","405998.8600","0.9800","21.0000","87.3400","258362.9100","0.0700","61.0000","62.0300","1.4800","0.6000","27.0000","83.5400","0.6200","1.1600","25.0000","84.8100","0.7000","16.0000","90.5100","0.7100","-0.3400","0.2600","0.5500","0.2500","1.1000","0.5749","0.4500","-0.4800","0.7300","0.7900","1.1600","0.8200","0.0300","81.6500","53.8000","71.5200","77.8500","70.2500","87.3400","100.0000","80.3800","46.8400","88.6100","85.4400","86.7100","82.2800","62.6600","158","10/21/2025 13:27","37","7","5.2900","1.7600","0.3300","36.0000","11.0000","13.0000","13.0000","36.0000","0.4700","1.8191","1.2000","1.4900","0.6900","77.8500","93.6700","92.4100","92.4100","77.8500","11","4","77.2200","37.0000","0.2100","0.1900","71.5200","46.0000","0.4300","3","72.1500","45.0000","0.1900","2","87.9700","20.0000","0.0800","0.1000","82.2800","29.0000","0.2400","1","87.3400","21.0000","0.3800","0.1400","65.1900","56.0000","0.3100","0.0500","79.7500","33.0000","0.5400","0.0000","96.2000","7.0000","-0.1800","0","96.2000","7.0000","-0.1500","0.0000","96.2000","7.0000","-0.1800","0","96.2000","7.0000","-0.1700","5","0","0"
"AAD2023.12.02810","255","1870","161","University of California, Riverside","Statistics, Department of","Statistics","15","104.0000","154","65.0000","14","94.0000","11.0000","33.0000","2205","60.0000","14","93.0000","0.9300","122.0000","6","70.0000","9","75.0000","5004249.0000","43.0000","22","42.0000","10","43.0000","5","59.0000","2","74.0000","19","22","5","20","18","0.1300","0.0100","70.0000","56.3300","0.3300","0.5400","35.0000","78.4800","0.9300","0.4200","69.0000","56.9600","10.2700","0.6700","42.0000","74.0500","0.9300","0.4500","66.0000","58.8600","147.0000","-0.0100","50.0000","68.9900","14.3200","-0.1100","58.0000","63.9200","0.4000","0.4100","52.0000","67.7200","0.6000","0.0000","58.0000","63.9200","333616.6000","0.6700","26.0000","84.1800","556027.6700","1.3600","9.0000","94.9400","1.4700","0.5900","28.0000","82.9100","0.6700","1.3600","17.0000","89.8700","0.6000","21.0000","87.3400","0.3000","-0.3400","-0.3700","-0.1500","-0.4000","0.7100","-0.2690","0.1000","-0.0200","-0.2000","0.1600","-0.3100","-0.0500","-0.4900","73.4200","53.8000","41.7700","56.3300","41.1400","79.7500","23.4200","74.0500","63.2900","62.6600","73.4200","53.1600","59.4900","34.8100","158","10/21/2025 13:27","2","4","0.5000","0.1300","0.2700","70.0000","137.0000","114.0000","117.0000","52.0000","-0.1700","-0.9129","-0.5700","-0.5900","0.2900","56.3300","13.9200","28.4800","26.5800","67.7200","11","5","82.9100","28.0000","0.4600","0.3300","94.3000","10.0000","1.5900","4","84.1800","26.0000","0.5700","0","69.6200","49.0000","-0.3500","0.0000","69.6200","49.0000","-0.3800","0","69.6200","49.0000","-0.5000","0.2700","96.2000","7.0000","1.6500","0.0000","69.6200","49.0000","-0.5200","0.0000","96.2000","7.0000","-0.1800","0","96.2000","7.0000","-0.1500","0.0000","96.2000","7.0000","-0.1800","0","96.2000","7.0000","-0.1700","5","0","0"
"AAD2023.12.02810","25","1951","161","Bowling Green State University","Mathematics and Statistics, Department of","Statistics","19","74.0000","78","111.0000","16","75.0000","4.8800","128.0000","391","126.0000","15","80.0000","0.9400","115.0000","2","107.0000","3","109.0000","1200189.0000","93.0000","3","116.0000","3","104.0000","3","71.0000","2","74.0000","19","22","5","20","18","0.1100","-0.2600","94.0000","41.1400","0.1600","-0.2500","80.0000","50.0000","0.8400","-0.2500","108.0000","32.2800","4.1100","-0.8700","127.0000","20.2500","0.7900","-0.5200","121.0000","24.0500","20.5800","-0.6100","138.0000","13.2900","5.0100","-0.4000","141.0000","11.3900","0.1100","-0.8400","124.0000","22.1500","0.1600","-0.7600","117.0000","26.5800","63167.8400","-0.4900","91.0000","43.0400","400063.0000","0.6800","24.0000","85.4400","0.1600","-0.6900","131.0000","17.7200","0.1600","-0.8100","122.0000","23.4200","-0.7000","129.0000","18.9900","-0.6600","-0.3400","-0.2800","-0.7100","-0.2100","-0.9000","-0.2162","-0.6500","-0.3300","-0.5700","-0.5100","-0.6800","-0.6600","-0.1400","34.8100","53.8000","50.0000","32.9100","53.1600","19.6200","27.8500","27.2200","55.7000","20.8900","41.7700","31.6500","30.3800","53.8000","158","10/21/2025 13:27","4","2","2.0000","0.2100","0.1100","101.0000","58.0000","97.0000","102.0000","117.0000","-0.6000","-0.0574","-0.4700","-0.4900","-0.6900","36.7100","63.9200","39.2400","36.0800","26.5800","11","0","22.1500","124.0000","-0.7700","0.0000","22.1500","124.0000","-1.1100","0","22.1500","124.0000","-0.9500","0","69.6200","49.0000","-0.3500","0.0000","69.6200","49.0000","-0.3800","0","69.6200","49.0000","-0.5000","0.0000","22.1500","124.0000","-1.2400","0.0000","69.6200","49.0000","-0.5200","0.0000","96.2000","7.0000","-0.1800","0","96.2000","7.0000","-0.1500","0.0000","96.2000","7.0000","-0.1800","0","96.2000","7.0000","-0.1700","5","0","0"
"AAD2023.12.02810","266","1994","161","University of Colorado Denver","Mathematical and Statistical Sciences, Department of","Statistics","18","78.0000","112","90.0000","15","86.0000","7.4700","86.0000","1177","96.0000","14","93.0000","0.8800","137.0000","9","45.0000","17","47.0000","3664646.0000","54.0000","12","74.0000","8","60.0000","7","37.0000","2","74.0000","19","22","5","20","18","0.1100","-0.2000","84.0000","47.4700","0.3900","0.7900","27.0000","83.5400","0.8300","-0.3100","110.0000","31.0100","6.2200","-0.3400","93.0000","41.7700","0.7800","-0.5900","123.0000","22.7800","65.3900","-0.4000","87.0000","45.5700","10.5100","-0.2300","88.0000","44.9400","0.5000","0.8400","39.0000","75.9500","0.9400","0.5800","40.0000","75.3200","203591.4400","0.1100","46.0000","71.5200","215567.4100","-0.1200","71.0000","55.7000","0.6700","-0.1900","65.0000","59.4900","0.4400","0.4100","50.0000","68.9900","0.0000","67.0000","58.2300","0.0300","-0.3400","-0.3700","0.2700","-0.3000","-0.2200","-1.0073","-0.3000","0.2800","-0.4100","-0.0800","0.1800","-0.3900","-0.2300","62.6600","53.8000","41.7700","72.1500","46.2000","46.2000","13.9200","53.8000","77.2200","39.8700","66.4600","70.8900","43.6700","51.2700","158","10/21/2025 13:27","56","8","7.0000","3.1100","0.4400","28.0000","4.0000","6.0000","3.0000","16.0000","0.6900","2.7944","2.1700","3.2100","1.3600","82.9100","98.1000","96.8400","98.7300","90.5100","11","1","40.5100","95.0000","-0.5300","0.0600","30.3800","111.0000","-0.6600","1","43.6700","90.0000","-0.5700","0","69.6200","49.0000","-0.3500","0.0000","69.6200","49.0000","-0.3800","0","69.6200","49.0000","-0.5000","0.0600","32.9100","107.0000","-0.6400","0.0000","69.6200","49.0000","-0.5200","0.0000","96.2000","7.0000","-0.1800","0","96.2000","7.0000","-0.1500","0.0000","96.2000","7.0000","-0.1800","0","96.2000","7.0000","-0.1700","5","0","0"
"AAD2023.12.02810","267","2051","161","University of Connecticut","Statistics, Department of","Statistics","20","65.0000","319","17.0000","20","55.0000","15.9500","8.0000","3169","43.0000","20","51.0000","1.0000","1.0000","8","54.0000","12","61.0000","1584390.0000","83.0000","37","26.0000","14","25.0000","13","13.0000","7","13.0000","19","22","5","20","18","0.3500","2.1100","5.0000","97.4700","0.6500","1.9700","9.0000","94.9400","1.0000","0.9100","1.0000","100.0000","15.9500","2.0900","7.0000","96.2000","1.0000","0.9000","1.0000","100.0000","158.4500","0.0500","43.0000","73.4200","9.9300","-0.2500","95.0000","40.5100","0.4000","0.4100","52.0000","67.7200","0.6000","0.0000","58.0000","63.9200","79219.5000","-0.4200","83.0000","48.1000","132032.5000","-0.4800","108.0000","32.2800","1.8500","0.9700","19.0000","88.6100","0.7000","1.5100","14.0000","91.7700","0.6000","21.0000","87.3400","0.8500","1.3200","0.1700","0.1300","0.1600","2.0100","0.5749","0.6800","1.2000","0.0000","-0.4400","-0.1300","1.2800","-0.0600","84.8100","92.4100","68.3500","66.4600","65.8200","95.5700","100.0000","84.1800","92.4100","73.4200","48.1000","62.0300","89.8700","59.4900","158","10/21/2025 13:27","6","5","1.2000","0.3000","0.2500","50.0000","103.0000","85.0000","87.0000","58.0000","0.0400","-0.5136","-0.3700","-0.3800","0.1900","68.9900","35.4400","46.8400","45.5700","63.9200","11","13","98.1000","4.0000","2.4400","0.6500","100.0000","1.0000","4.1600","8","98.1000","4.0000","2.0900","0","69.6200","49.0000","-0.3500","0.0000","69.6200","49.0000","-0.3800","0","69.6200","49.0000","-0.5000","0.4000","100.0000","1.0000","3.0900","0.0000","69.6200","49.0000","-0.5200","0.0000","96.2000","7.0000","-0.1800","0","96.2000","7.0000","-0.1500","0.0000","96.2000","7.0000","-0.1800","0","96.2000","7.0000","-0.1700","5","0","0"
"AAD2023.12.02810","273","2180","161","University of Florida","Statistics, Department of (LS)","Statistics","14","116.0000","149","70.0000","14","94.0000","10.6400","42.0000","1471","83.0000","14","93.0000","1.0000","1.0000","7","60.0000","8","79.0000","2340889.0000","66.0000","18","52.0000","11","38.0000","1","102.0000","1","98.0000","19","22","5","20","18","0.0700","-0.5800","110.0000","31.0100","0.0700","-0.6400","111.0000","30.3800","1.0000","0.9100","1.0000","100.0000","10.6400","0.7600","34.0000","79.1100","1.0000","0.9000","1.0000","100.0000","105.0700","-0.2100","61.0000","62.0300","9.8700","-0.2500","96.0000","39.8700","0.5000","0.8400","39.0000","75.9500","0.5700","-0.0500","65.0000","59.4900","167206.3600","-0.0500","61.0000","62.0300","292611.1300","0.2100","49.0000","69.6200","1.2900","0.4100","37.0000","77.2200","0.7900","1.8700","8.0000","95.5700","0.5000","33.0000","79.7500","0.4400","-0.6700","-0.3700","-0.0100","-0.4000","0.6100","0.5749","-0.0600","-0.6300","-0.3500","-0.3100","-0.3800","-0.0900","-0.5800","76.5800","38.6100","41.7700","62.6600","41.1400","74.0500","100.0000","67.7200","36.0800","48.1000","58.8600","50.6300","56.3300","27.2200","158","10/21/2025 13:27","3","1","3.0000","0.2100","0.0700","118.0000","33.0000","107.0000","101.0000","127.0000","-0.8200","0.5130","-0.5200","-0.4900","-0.9000","25.9500","79.7500","32.9100","36.7100","20.2500","11","2","57.5900","68.0000","-0.2800","0.1400","57.5900","68.0000","0.0500","2","62.0300","61.0000","-0.1900","0","69.6200","49.0000","-0.3500","0.0000","69.6200","49.0000","-0.3800","0","69.6200","49.0000","-0.5000","0.1400","65.1900","56.0000","0.3100","0.0000","69.6200","49.0000","-0.5200","0.0000","96.2000","7.0000","-0.1800","0","96.2000","7.0000","-0.1500","0.0000","96.2000","7.0000","-0.1800","0","96.2000","7.0000","-0.1700","5","0","0"
"AAD2023.12.02810","279","2292","161","University of Illinois Chicago","Mathematics, Statistics and Computer Science, Department of","Statistics","47","5.0000","342","12.0000","46","5.0000","7.4300","87.0000","2186","61.0000","45","5.0000","0.9800","93.0000","37","2.0000","78","2.0000","23523359.0000","3.0000","87","5.0000","36","2.0000","8","28.0000","7","13.0000","19","22","5","20","18","0.1500","0.1700","62.0000","61.3900","0.1700","-0.2000","73.0000","54.4300","0.9800","0.7500","45.0000","72.1500","7.2800","-0.0800","77.0000","51.9000","0.9600","0.6100","54.0000","66.4600","46.5100","-0.4900","109.0000","31.6500","6.3900","-0.3600","123.0000","22.7800","0.7900","2.0600","8.0000","95.5700","1.6600","1.8100","12.0000","93.0400","500497.0000","1.3800","15.0000","91.1400","301581.5300","0.2500","45.0000","72.1500","1.8500","0.9700","18.0000","89.2400","0.7700","1.7900","10.0000","94.3000","0.3000","47.0000","70.8900","3.8700","1.3200","2.4500","4.2000","2.5500","-0.2300","0.2997","2.6400","0.4400","-0.2000","3.4400","3.9100","1.4700","2.3100","99.3700","92.4100","97.4700","99.3700","97.4700","45.5700","41.7700","97.4700","82.9100","62.0300","98.7300","99.3700","93.0400","97.4700","158","10/21/2025 13:27","19","8","2.3800","0.4000","0.1700","28.0000","49.0000","31.0000","73.0000","88.0000","0.6900","0.1594","0.2900","-0.2500","-0.3000","82.9100","69.6200","81.0100","54.4300","44.9400","11","8","93.6700","11.0000","1.2000","0.1700","65.8200","55.0000","0.2700","8","98.1000","4.0000","2.0900","0","69.6200","49.0000","-0.3500","0.0000","69.6200","49.0000","-0.3800","0","69.6200","49.0000","-0.5000","0.1700","70.8900","47.0000","0.6000","0.0000","69.6200","49.0000","-0.5200","0.0000","96.2000","7.0000","-0.1800","0","96.2000","7.0000","-0.1500","0.0000","96.2000","7.0000","-0.1800","0","96.2000","7.0000","-0.1700","5","0","0"
"AAD2023.12.02810","281","2366","161","University of Iowa, The","Statistics and Actuarial Science, Department of","Statistics","15","104.0000","67","118.0000","13","105.0000","5.1500","122.0000","362","131.0000","13","105.0000","1.0000","1.0000","3","92.0000","4","98.0000","537651.0000","113.0000","21","46.0000","9","55.0000","4","64.0000","2","74.0000","19","22","5","20","18","0.1300","0.0100","70.0000","56.3300","0.2700","0.2400","49.0000","69.6200","0.8700","-0.0700","102.0000","36.0800","4.4700","-0.7800","121.0000","24.0500","0.8700","0.0000","92.0000","42.4100","24.1300","-0.6000","130.0000","18.3500","5.4000","-0.3900","135.0000","15.1900","0.2000","-0.4400","86.0000","46.2000","0.2700","-0.5700","98.0000","38.6100","35843.4000","-0.6100","108.0000","32.2800","134412.7500","-0.4700","105.0000","34.1800","1.4000","0.5300","29.0000","82.2800","0.6000","1.0800","30.0000","81.6500","-0.3000","99.0000","37.9700","0.1600","-0.3400","-0.4600","-0.5700","-0.4900","-0.8300","0.5749","0.0600","-0.1700","-0.5700","-0.6300","-0.6200","-0.7500","-0.4900","65.8200","53.8000","34.1800","42.4100","34.1800","23.4200","100.0000","71.5200","60.1300","17.7200","29.1100","38.6100","25.9500","34.8100","158","10/21/2025 13:27","1","1","1.0000","0.0700","0.0700","118.0000","106.0000","120.0000","128.0000","129.0000","-0.8200","-0.6277","-0.6200","-0.6800","-0.9200","25.9500","33.5400","24.6800","19.6200","18.9900","11","0","22.1500","124.0000","-0.7700","0.0000","22.1500","124.0000","-1.1100","0","22.1500","124.0000","-0.9500","0","69.6200","49.0000","-0.3500","0.0000","69.6200","49.0000","-0.3800","0","69.6200","49.0000","-0.5000","0.0000","22.1500","124.0000","-1.2400","0.0000","69.6200","49.0000","-0.5200","0.0000","96.2000","7.0000","-0.1800","0","96.2000","7.0000","-0.1500","0.0000","96.2000","7.0000","-0.1800","0","96.2000","7.0000","-0.1700","5","0","0"
"AAD2023.12.02810","284","2445","161","University of Louisiana at Lafayette","Mathematics, Department of","Statistics","23","50.0000","152","66.0000","21","48.0000","7.2400","91.0000","847","103.0000","19","58.0000","0.9000","132.0000","5","74.0000","7","82.0000","924608.0000","103.0000","7","90.0000","6","71.0000","3","71.0000","3","55.0000","19","22","5","20","18","0.1300","-0.0100","75.0000","53.1600","0.1300","-0.3800","88.0000","44.9400","0.9100","0.2700","81.0000","49.3700","6.6100","-0.2400","87.0000","45.5700","0.8300","-0.2700","113.0000","29.1100","36.8300","-0.5400","119.0000","25.3200","5.5700","-0.3800","131.0000","17.7200","0.2200","-0.3600","83.0000","48.1000","0.3000","-0.5100","89.0000","44.3000","40200.3500","-0.5900","104.0000","34.8100","132086.8600","-0.4800","107.0000","32.9100","0.3000","-0.5500","102.0000","36.0800","0.2600","-0.3700","94.0000","41.1400","-0.2000","88.0000","44.9400","-0.2500","-0.0100","0.0800","-0.2900","0.2500","-0.2800","-0.6306","-0.4900","-0.3300","-0.4700","-0.5600","-0.4400","-0.0700","0.2100","55.7000","65.8200","63.9200","53.8000","70.2500","43.0400","17.0900","43.6700","55.7000","35.4400","35.4400","48.7300","58.8600","68.9900","158","10/21/2025 13:27","3","3","1.0000","0.1300","0.1300","85.0000","106.0000","107.0000","119.0000","103.0000","-0.3900","-0.6277","-0.5200","-0.6000","-0.5400","46.8400","33.5400","32.9100","25.3200","35.4400","11","1","40.5100","95.0000","-0.5300","0.0400","25.9500","118.0000","-0.7600","1","43.6700","90.0000","-0.5700","0","69.6200","49.0000","-0.3500","0.0000","69.6200","49.0000","-0.3800","0","69.6200","49.0000","-0.5000","0.0400","26.5800","117.0000","-0.7700","0.0000","69.6200","49.0000","-0.5200","0.0000","96.2000","7.0000","-0.1800","0","96.2000","7.0000","-0.1500","0.0000","96.2000","7.0000","-0.1800","0","96.2000","7.0000","-0.1700","5","0","0"
"AAD2023.12.02810","293","2542","161","University of Massachusetts Amherst","Mathematics and Statistics, Department of","Statistics","52","4.0000","409","5.0000","50","4.0000","8.1800","73.0000","3963","38.0000","48","4.0000","0.9600","100.0000","26","3.0000","54","5.0000","9413154.0000","22.0000","55","13.0000","25","4.0000","14","11.0000","8","11.0000","19","22","5","20","18","0.1500","0.2100","55.0000","65.8200","0.2700","0.2500","47.0000","70.8900","0.9600","0.6300","52.0000","67.7200","7.8700","0.0700","68.0000","57.5900","0.9200","0.3800","71.0000","55.7000","76.2100","-0.3500","79.0000","50.6300","9.6900","-0.2500","97.0000","39.2400","0.5000","0.8400","39.0000","75.9500","1.0400","0.7500","34.0000","79.1100","181022.1900","0.0100","56.0000","65.1900","174317.6700","-0.3000","87.0000","45.5700","1.0600","0.1900","48.0000","70.2500","0.4800","0.5700","45.0000","72.1500","-0.1000","77.0000","51.9000","2.3600","1.6500","2.7200","2.6600","2.9200","-0.0300","0.0686","1.3900","1.3500","0.1600","0.9400","2.4400","2.0100","2.7500","98.1000","93.6700","98.1000","98.7300","98.1000","54.4300","37.3400","92.4100","93.6700","76.5800","86.7100","97.4700","97.4700","98.1000","158","10/21/2025 13:27","8","5","1.6000","0.1500","0.1000","50.0000","85.0000","73.0000","113.0000","118.0000","0.0400","-0.2855","-0.2700","-0.5700","-0.7500","68.9900","46.8400","54.4300","29.1100","25.9500","11","4","77.2200","37.0000","0.2100","0.0800","37.3400","100.0000","-0.4900","4","84.1800","26.0000","0.5700","0","69.6200","49.0000","-0.3500","0.0000","69.6200","49.0000","-0.3800","0","69.6200","49.0000","-0.5000","0.0800","41.1400","94.0000","-0.4100","0.0000","69.6200","49.0000","-0.5200","0.0000","96.2000","7.0000","-0.1800","0","96.2000","7.0000","-0.1500","0.0000","96.2000","7.0000","-0.1800","0","96.2000","7.0000","-0.1700","5","0","0"
"AAD2023.12.02810","311","2741","161","University of Nevada, Las Vegas","Mathematical Sciences, Department of","Statistics","30","23.0000","125","82.0000","21","48.0000","5.9500","110.0000","682","112.0000","19","58.0000","0.8600","142.0000","2","107.0000","3","109.0000","898960.0000","104.0000","5","99.0000","3","104.0000","4","64.0000","4","39.0000","19","22","5","20","18","0.1300","0.0100","70.0000","56.3300","0.1300","-0.3700","86.0000","46.2000","0.7000","-1.2800","142.0000","10.7600","4.1700","-0.8500","125.0000","21.5200","0.6300","-1.5600","148.0000","6.9600","22.7300","-0.6000","132.0000","17.0900","5.4600","-0.3900","134.0000","15.8200","0.0700","-1.0000","135.0000","15.1900","0.1000","-0.8600","132.0000","17.0900","29965.3300","-0.6300","113.0000","29.1100","299653.3300","0.2500","46.0000","71.5200","0.1700","-0.6800","123.0000","22.7800","0.1000","-1.0600","132.0000","17.0900","-0.8000","134.0000","15.8200","-0.6600","0.3200","0.0800","-0.7100","0.2500","-0.6200","-1.1512","-0.5700","-0.1700","-0.5100","-0.5600","-0.6800","-0.2800","0.8200","34.8100","75.9500","63.9200","32.9100","70.2500","31.0100","10.7600","37.9700","60.1300","29.7500","34.8100","31.6500","48.7300","86.0800","158","10/21/2025 13:27","4","4","1.0000","0.1300","0.1300","70.0000","106.0000","97.0000","117.0000","100.0000","-0.1700","-0.6277","-0.4700","-0.5900","-0.5200","56.3300","33.5400","39.2400","26.5800","37.3400","11","0","22.1500","124.0000","-0.7700","0.0000","22.1500","124.0000","-1.1100","0","22.1500","124.0000","-0.9500","0","69.6200","49.0000","-0.3500","0.0000","69.6200","49.0000","-0.3800","0","69.6200","49.0000","-0.5000","0.0000","22.1500","124.0000","-1.2400","0.0000","69.6200","49.0000","-0.5200","0.0000","96.2000","7.0000","-0.1800","0","96.2000","7.0000","-0.1500","0.0000","96.2000","7.0000","-0.1800","0","96.2000","7.0000","-0.1700","5","0","0"
"AAD2023.12.02810","314","2804","161","University of New Mexico, The","Mathematics and Statistics, Department of","Statistics","25","44.0000","130","78.0000","23","38.0000","5.6500","119.0000","1418","89.0000","22","39.0000","0.9200","129.0000","7","60.0000","9","75.0000","1171989.0000","95.0000","16","60.0000","7","66.0000","10","20.0000","5","28.0000","19","22","5","20","18","0.2000","0.6600","34.0000","79.1100","0.4000","0.8400","23.0000","86.0800","0.9200","0.3200","79.0000","50.6300","5.2000","-0.5900","109.0000","31.6500","0.8800","0.0900","89.0000","44.3000","56.7200","-0.4400","99.0000","37.9700","10.9100","-0.2200","83.0000","48.1000","0.2800","-0.1000","73.0000","54.4300","0.3600","-0.4100","81.0000","49.3700","46879.5600","-0.5600","98.0000","38.6100","130221.0000","-0.4900","110.0000","31.0100","0.6400","-0.2200","71.0000","55.7000","0.2800","-0.2900","91.0000","43.0400","-0.2000","88.0000","44.9400","-0.1100","0.6600","0.3600","-0.0100","0.4300","-0.7000","-0.4799","-0.1400","0.7400","-0.3600","-0.5200","-0.3100","-0.2400","0.3800","58.8600","82.9100","75.9500","62.6600","76.5800","25.3200","18.9900","62.6600","87.9700","44.3000","40.5100","53.1600","51.2700","72.7800","158","10/21/2025 13:27","15","7","2.1400","0.6000","0.2800","36.0000","56.0000","43.0000","51.0000","50.0000","0.4700","0.0225","0.0900","0.0000","0.3700","77.8500","65.1900","73.4200","68.3500","68.9900","11","2","57.5900","68.0000","-0.2800","0.0800","38.6100","98.0000","-0.4600","2","62.0300","61.0000","-0.1900","0","69.6200","49.0000","-0.3500","0.0000","69.6200","49.0000","-0.3800","0","69.6200","49.0000","-0.5000","0.0800","42.4100","92.0000","-0.3700","0.0000","69.6200","49.0000","-0.5200","0.0000","96.2000","7.0000","-0.1800","0","96.2000","7.0000","-0.1500","0.0000","96.2000","7.0000","-0.1800","0","96.2000","7.0000","-0.1700","5","0","0"
"AAD2023.12.02810","317","2837","161","University of North Carolina Charlotte","Mathematics and Statistics, Department of","Statistics","38","11.0000","270","27.0000","35","11.0000","7.7100","78.0000","1565","79.0000","34","11.0000","0.9400","109.0000","16","18.0000","22","38.0000","5806559.0000","40.0000","17","58.0000","9","55.0000","13","13.0000","9","6.0000","19","22","5","20","18","0.2400","1.0200","26.0000","84.1800","0.3400","0.5800","34.0000","79.1100","0.9200","0.3300","78.0000","51.2700","7.1100","-0.1200","81.0000","49.3700","0.8900","0.1900","83.0000","48.1000","41.1800","-0.5200","116.0000","27.2200","5.8000","-0.3800","129.0000","18.9900","0.4200","0.5000","46.0000","71.5200","0.5800","-0.0400","63.0000","60.7600","152804.1800","-0.1100","66.0000","58.8600","263934.5000","0.0900","58.0000","63.9200","0.4500","-0.4100","90.0000","43.6700","0.2400","-0.4700","102.0000","36.0800","-0.1000","77.0000","51.9000","0.1600","1.9900","1.4500","1.2500","1.5400","-0.1600","-0.1283","-0.1000","1.2000","-0.3300","0.3000","0.4800","0.8900","1.5200","65.8200","96.8400","93.6700","89.2400","93.6700","51.2700","31.6500","63.9200","92.4100","50.6300","75.3200","76.5800","83.5400","93.6700","158","10/21/2025 13:27","13","9","1.4400","0.3400","0.2400","21.0000","92.0000","54.0000","81.0000","65.0000","0.9000","-0.3768","-0.0100","-0.3200","0.1100","87.3400","42.4100","66.4600","49.3700","59.4900","11","8","93.6700","11.0000","1.2000","0.2100","77.8500","36.0000","0.6000","8","98.1000","4.0000","2.0900","0","69.6200","49.0000","-0.3500","0.0000","69.6200","49.0000","-0.3800","0","69.6200","49.0000","-0.5000","0.2100","82.9100","28.0000","1.0400","0.0000","69.6200","49.0000","-0.5200","0.0000","96.2000","7.0000","-0.1800","0","96.2000","7.0000","-0.1500","0.0000","96.2000","7.0000","-0.1800","0","96.2000","7.0000","-0.1700","5","0","0"
"AAD2023.12.02810","328","3022","161","University of Rhode Island","Computer Science and Statistics, Department of","Statistics","17","88.0000","84","105.0000","11","121.0000","7.6400","80.0000","1670","75.0000","14","93.0000","1.0000","1.0000","3","92.0000","4","98.0000","4204585.0000","49.0000","5","99.0000","5","82.0000","2","85.0000","2","74.0000","19","22","5","20","18","0.1200","-0.1400","81.0000","49.3700","0.1200","-0.4400","92.0000","42.4100","0.6500","-1.6700","146.0000","8.2300","4.9400","-0.6600","114.0000","28.4800","0.8200","-0.2900","114.0000","28.4800","98.2400","-0.2400","64.0000","60.1300","19.8800","0.0600","28.0000","82.9100","0.1800","-0.5400","98.0000","38.6100","0.2400","-0.6300","103.0000","35.4400","247328.5300","0.3000","40.0000","75.3200","1051146.2500","3.5100","3.0000","98.7300","0.2900","-0.5600","104.0000","34.8100","0.2900","-0.2300","87.0000","45.5700","-0.2000","88.0000","44.9400","-0.3900","-0.3400","-0.3700","-0.5700","-0.6700","-0.1800","0.5749","-0.5700","-0.4800","-0.3100","0.0200","-0.6200","-0.6200","-0.3200","48.7300","53.8000","41.7700","42.4100","24.0500","50.0000","100.0000","37.9700","46.8400","53.1600","69.6200","38.6100","34.1800","44.9400","158","10/21/2025 13:27","46","11","4.1800","2.7100","0.6500","13.0000","16.0000","8.0000","5.0000","2.0000","1.3300","1.1860","1.6600","2.6900","2.5900","92.4100","90.5100","95.5700","97.4700","99.3700","11","2","57.5900","68.0000","-0.2800","0.1200","50.0000","80.0000","-0.1600","1","43.6700","90.0000","-0.5700","0","69.6200","49.0000","-0.3500","0.0000","69.6200","49.0000","-0.3800","0","69.6200","49.0000","-0.5000","0.0600","34.1800","105.0000","-0.6000","0.0000","69.6200","49.0000","-0.5200","0.0000","96.2000","7.0000","-0.1800","0","96.2000","7.0000","-0.1500","0.0000","96.2000","7.0000","-0.1800","0","96.2000","7.0000","-0.1700","5","0","0"
"AAD2023.12.02810","332","3079","161","University of South Carolina","Statistics, Department of","Statistics","13","120.0000","96","101.0000","13","105.0000","7.3800","88.0000","826","105.0000","13","105.0000","1.0000","1.0000","2","107.0000","2","117.0000","424167.0000","120.0000","10","80.0000","4","93.0000","3","71.0000","1","98.0000","19","22","5","20","18","0.0800","-0.5300","108.0000","32.2800","0.2300","0.0700","56.0000","65.1900","1.0000","0.9100","1.0000","100.0000","7.3800","-0.0500","76.0000","52.5300","1.0000","0.9000","1.0000","100.0000","63.5400","-0.4100","90.0000","43.6700","8.6000","-0.2900","110.0000","31.0100","0.1500","-0.6300","107.0000","32.9100","0.1500","-0.7700","118.0000","25.9500","32628.2300","-0.6200","111.0000","30.3800","212083.5000","-0.1400","74.0000","53.8000","0.7700","-0.0900","57.0000","64.5600","0.3100","-0.1700","82.0000","48.7300","0.1000","59.0000","63.2900","-0.5200","-0.6700","-0.4600","-0.7100","-0.4900","-0.2400","0.5749","-0.3700","-0.3300","-0.4800","-0.6500","-0.7400","-0.5200","-0.6700","41.7700","38.6100","34.1800","32.9100","34.1800","44.9400","100.0000","50.0000","55.7000","34.1800","24.6800","26.5800","36.7100","24.6800","158","10/21/2025 13:27","0","0","0.0000","0.0000","0.0000","139.0000","139.0000","139.0000","139.0000","139.0000","-1.0300","-1.1981","-0.6700","-0.7600","-1.3300","12.6600","12.6600","12.6600","12.6600","12.6600","11","2","57.5900","68.0000","-0.2800","0.1500","60.7600","63.0000","0.1400","3","72.1500","45.0000","0.1900","0","69.6200","49.0000","-0.3500","0.0000","69.6200","49.0000","-0.3800","0","69.6200","49.0000","-0.5000","0.2300","88.6100","19.0000","1.2600","0.0000","69.6200","49.0000","-0.5200","0.0000","96.2000","7.0000","-0.1800","0","96.2000","7.0000","-0.1500","0.0000","96.2000","7.0000","-0.1800","0","96.2000","7.0000","-0.1700","5","0","0"
"AAD2023.12.02810","346","3293","161","University of Washington","Statistics, Department of","Statistics","16","96.0000","250","36.0000","16","75.0000","15.6300","10.0000","9299","14.0000","16","74.0000","1.0000","1.0000","14","25.0000","35","19.0000","18784871.0000","5.0000","49","15.0000","12","35.0000","7","37.0000","6","20.0000","19","22","5","20","18","0.3800","2.3500","4.0000","98.1000","0.4400","1.0100","21.0000","87.3400","1.0000","0.9100","1.0000","100.0000","15.6300","2.0100","8.0000","95.5700","1.0000","0.9000","1.0000","100.0000","581.1900","2.0800","9.0000","94.9400","37.2000","0.6000","14.0000","91.7700","0.8800","2.4300","1.0000","100.0000","2.1900","2.7100","3.0000","98.7300","1174054.4400","4.2600","1.0000","100.0000","536710.6000","1.2800","10.0000","94.3000","3.0600","2.1500","6.0000","96.8400","0.7500","1.7200","11.0000","93.6700","1.2000","4.0000","98.1000","0.5800","0.9900","-0.1900","0.9700","-0.2100","1.9200","0.5749","1.1500","0.2800","1.2400","2.6000","1.2800","0.7300","-0.4100","78.4800","87.9700","53.8000","84.8100","53.1600","94.3000","100.0000","91.1400","77.2200","91.7700","97.4700","88.6100","77.8500","39.8700","158","10/21/2025 13:27","12","2","6.0000","0.7500","0.1300","101.0000","7.0000","57.0000","38.0000","106.0000","-0.6000","2.2241","-0.0600","0.2000","-0.5700","36.7100","96.2000","64.5600","76.5800","33.5400","11","4","77.2200","37.0000","0.2100","0.2500","87.3400","21.0000","0.9200","4","84.1800","26.0000","0.5700","0","69.6200","49.0000","-0.3500","0.0000","69.6200","49.0000","-0.3800","0","69.6200","49.0000","-0.5000","0.2500","94.3000","10.0000","1.4700","0.0000","69.6200","49.0000","-0.5200","0.0000","96.2000","7.0000","-0.1800","0","96.2000","7.0000","-0.1500","0.0000","96.2000","7.0000","-0.1800","0","96.2000","7.0000","-0.1700","5","0","0"
"AAD2023.12.02810","349","3356","161","University of Wyoming","Mathematics and Statistics, Department of","Statistics","19","74.0000","120","85.0000","16","75.0000","7.5000","83.0000","1050","98.0000","16","74.0000","1.0000","1.0000","7","60.0000","10","69.0000","1225071.0000","92.0000","7","90.0000","6","71.0000","3","71.0000","4","39.0000","19","22","5","20","18","0.2100","0.7600","32.0000","80.3800","0.1600","-0.2500","80.0000","50.0000","0.8400","-0.2500","108.0000","32.2800","6.3200","-0.3200","90.0000","43.6700","0.8400","-0.1600","108.0000","32.2800","55.2600","-0.4500","104.0000","34.8100","8.7500","-0.2800","108.0000","32.2800","0.3700","0.2800","59.0000","63.2900","0.5300","-0.1300","69.0000","56.9600","64477.4200","-0.4900","90.0000","43.6700","122507.1000","-0.5300","119.0000","25.3200","0.3700","-0.4800","100.0000","37.3400","0.3200","-0.1400","78.0000","51.2700","-0.3000","99.0000","37.9700","-0.2500","0.3200","-0.1900","-0.0100","-0.2100","-0.2100","0.5749","-0.4900","-0.3300","-0.4300","-0.5100","-0.2500","-0.3200","-0.1400","55.7000","75.9500","53.8000","62.6600","53.1600","48.1000","100.0000","43.6700","55.7000","38.6100","42.4100","56.9600","46.8400","53.8000","158","10/21/2025 13:27","13","4","3.2500","0.6800","0.2100","70.0000","31.0000","54.0000","42.0000","72.0000","-0.1700","0.6556","-0.0100","0.1100","-0.0500","56.3300","81.0100","66.4600","74.0500","55.0600","11","0","22.1500","124.0000","-0.7700","0.0000","22.1500","124.0000","-1.1100","0","22.1500","124.0000","-0.9500","0","69.6200","49.0000","-0.3500","0.0000","69.6200","49.0000","-0.3800","0","69.6200","49.0000","-0.5000","0.0000","22.1500","124.0000","-1.2400","0.0000","69.6200","49.0000","-0.5200","0.0000","96.2000","7.0000","-0.1800","0","96.2000","7.0000","-0.1500","0.0000","96.2000","7.0000","-0.1800","0","96.2000","7.0000","-0.1700","5","0","0"
"AAD2023.12.02810","34","3387","161","Carnegie Mellon University","Statistics and Data Science, Department of","Statistics","31","22.0000","306","20.0000","30","16.0000","10.2000","48.0000","10354","10.0000","31","14.0000","1.0000","1.0000","16","18.0000","31","25.0000","13050169.0000","15.0000","80","8.0000","20","12.0000","4","64.0000","4","39.0000","19","22","5","20","18","0.1300","-0.0300","76.0000","52.5300","0.1300","-0.3800","89.0000","44.3000","0.9700","0.6700","46.0000","71.5200","9.8700","0.5700","45.0000","72.1500","1.0000","0.9000","1.0000","100.0000","334.0000","0.8900","15.0000","91.1400","33.8400","0.5000","15.0000","91.1400","0.5200","0.9000","38.0000","76.5800","1.0000","0.6800","36.0000","77.8500","420973.1900","1.0400","20.0000","87.9700","420973.1900","0.7700","22.0000","86.7100","2.5800","1.6800","10.0000","94.3000","0.6500","1.2700","22.0000","86.7100","0.8000","11.0000","93.6700","1.6800","0.3200","1.1800","1.2500","1.0800","0.5000","0.5749","2.3700","-0.1700","1.4500","1.5900","1.0300","1.1800","0.9100","93.0400","75.9500","91.7700","89.2400","90.5100","70.2500","100.0000","95.5700","60.1300","94.3000","91.1400","84.8100","87.9700","86.7100","158","10/21/2025 13:27","27","9","3.0000","0.8700","0.2900","21.0000","33.0000","19.0000","35.0000","49.0000","0.9000","0.5130","0.7000","0.3500","0.4300","87.3400","79.7500","88.6100","78.4800","69.6200","11","7","89.8700","17.0000","0.9500","0.2300","81.6500","30.0000","0.7200","4","84.1800","26.0000","0.5700","1","79.7500","33.0000","-0.1300","0.0300","70.8900","47.0000","-0.1700","1","87.3400","21.0000","0.3800","0.1300","57.5900","68.0000","0.1600","0.0300","72.1500","45.0000","0.2000","0.0000","96.2000","7.0000","-0.1800","0","96.2000","7.0000","-0.1500","0.0000","96.2000","7.0000","-0.1800","0","96.2000","7.0000","-0.1700","5","0","0"
"AAD2023.12.02810","363","3673","161","Western Michigan University","Statistics, Department of","Statistics","6","149.0000","12","153.0000","4","152.0000","3.0000","149.0000","48","157.0000","4","152.0000","1.0000","1.0000","0","139.0000","0","139.0000","0.0000","139.0000","0","148.0000","0","148.0000","0","129.0000","0","129.0000","19","22","5","20","18","0.0000","-1.2800","129.0000","18.9900","0.0000","-0.9700","129.0000","18.9900","0.6700","-1.5300","143.0000","10.1300","2.0000","-1.3900","148.0000","6.9600","0.6700","-1.3400","141.0000","11.3900","8.0000","-0.6700","150.0000","5.7000","4.0000","-0.4300","149.0000","6.3300","0.0000","-1.2900","139.0000","12.6600","0.0000","-1.0300","139.0000","12.6600","0.0000","-0.7600","139.0000","12.6600","0.0000","-1.0600","139.0000","12.6600","0.0000","-0.8400","148.0000","6.9600","0.0000","-1.4800","148.0000","6.9600","-1.0000","146.0000","8.2300","-1.0700","-1.0100","-1.2800","-0.9900","-1.3200","-1.4000","0.5749","-0.7700","-0.7800","-0.6300","-0.7200","-0.8700","-1.2000","-1.2800","6.9600","18.9900","4.4300","12.6600","4.4300","6.3300","100.0000","6.9600","18.9900","1.2700","12.6600","12.6600","3.8000","6.3300","158","10/21/2025 13:27","0","0","0.0000","0.0000","0.0000","139.0000","139.0000","139.0000","139.0000","139.0000","-1.0300","-1.1981","-0.6700","-0.7600","-1.3300","12.6600","12.6600","12.6600","12.6600","12.6600","11","0","22.1500","124.0000","-0.7700","0.0000","22.1500","124.0000","-1.1100","0","22.1500","124.0000","-0.9500","0","69.6200","49.0000","-0.3500","0.0000","69.6200","49.0000","-0.3800","0","69.6200","49.0000","-0.5000","0.0000","22.1500","124.0000","-1.2400","0.0000","69.6200","49.0000","-0.5200","0.0000","96.2000","7.0000","-0.1800","0","96.2000","7.0000","-0.1500","0.0000","96.2000","7.0000","-0.1800","0","96.2000","7.0000","-0.1700","5","0","0"
"AAD2023.12.02810","365","3682","161","Wichita State University","Mathematics and Statistics, Department of","Statistics","18","78.0000","75","114.0000","16","75.0000","4.6900","132.0000","252","138.0000","15","80.0000","0.9400","115.0000","3","92.0000","7","82.0000","926048.0000","102.0000","3","116.0000","3","104.0000","0","129.0000","0","129.0000","19","22","5","20","18","0.0000","-1.2800","129.0000","18.9900","0.0000","-0.9700","129.0000","18.9900","0.8900","0.1000","93.0000","41.7700","4.1700","-0.8500","125.0000","21.5200","0.8300","-0.2200","109.0000","31.6500","14.0000","-0.6500","144.0000","9.4900","3.3600","-0.4500","154.0000","3.1600","0.1700","-0.5800","101.0000","36.7100","0.3900","-0.3600","78.0000","51.2700","51447.1100","-0.5400","96.0000","39.8700","132292.5700","-0.4800","106.0000","33.5400","0.1700","-0.6800","123.0000","22.7800","0.1700","-0.7700","116.0000","27.2200","-0.7000","129.0000","18.9900","-0.6600","-1.0100","-0.2800","-0.5700","-0.2100","-0.9500","-0.2162","-0.6500","-0.7800","-0.5900","-0.5600","-0.4400","-0.6900","-0.2300","34.8100","18.9900","50.0000","42.4100","53.1600","17.0900","27.8500","27.2200","18.9900","13.2900","36.0800","48.7300","28.4800","51.2700","158","10/21/2025 13:27","0","0","0.0000","0.0000","0.0000","139.0000","139.0000","139.0000","139.0000","139.0000","-1.0300","-1.1981","-0.6700","-0.7600","-1.3300","12.6600","12.6600","12.6600","12.6600","12.6600","11","1","40.5100","95.0000","-0.5300","0.0600","30.3800","111.0000","-0.6600","1","43.6700","90.0000","-0.5700","0","69.6200","49.0000","-0.3500","0.0000","69.6200","49.0000","-0.3800","0","69.6200","49.0000","-0.5000","0.0600","32.9100","107.0000","-0.6400","0.0000","69.6200","49.0000","-0.5200","0.0000","96.2000","7.0000","-0.1800","0","96.2000","7.0000","-0.1500","0.0000","96.2000","7.0000","-0.1800","0","96.2000","7.0000","-0.1700","5","0","0"
"AAD2023.12.02810","368","3743","161","Yale University","Statistics and Data Science, Department of","Statistics","17","88.0000","140","72.0000","17","70.0000","8.2400","72.0000","8787","15.0000","17","68.0000","1.0000","1.0000","9","45.0000","18","44.0000","6387417.0000","36.0000","57","12.0000","14","25.0000","2","85.0000","2","74.0000","19","22","5","20","18","0.1200","-0.1400","81.0000","49.3700","0.1200","-0.4400","92.0000","42.4100","1.0000","0.9100","1.0000","100.0000","8.2400","0.1600","66.0000","58.8600","1.0000","0.9000","1.0000","100.0000","516.8800","1.7700","10.0000","94.3000","62.7600","1.4000","5.0000","97.4700","0.5300","0.9600","34.0000","79.1100","1.0600","0.7800","33.0000","79.7500","375730.4100","0.8500","22.0000","86.7100","354856.5000","0.4900","31.0000","81.0100","3.3500","2.4400","4.0000","98.1000","0.8200","2.0300","4.0000","98.1000","0.8000","11.0000","93.6700","0.8500","-0.3400","-0.1000","0.2700","-0.1200","-0.0200","0.5749","1.4700","-0.4800","1.1300","0.4100","0.2400","-0.1600","-0.3200","84.8100","53.8000","57.5900","72.1500","56.3300","55.0600","100.0000","93.0400","46.8400","91.1400","77.8500","72.7800","55.0600","44.9400","158","10/21/2025 13:27","25","13","1.9200","1.4700","0.7600","9.0000","69.0000","22.0000","15.0000","1.0000","1.7600","-0.1030","0.6000","1.1200","3.3000","94.9400","56.9600","86.7100","91.1400","100.0000","11","3","68.3500","51.0000","-0.0300","0.1800","68.9900","50.0000","0.3200","3","72.1500","45.0000","0.1900","2","87.9700","20.0000","0.0800","0.1200","86.0800","23.0000","0.3900","2","93.6700","11.0000","1.2500","0.1800","73.4200","43.0000","0.6700","0.1200","95.5700","8.0000","2.1100","0.0000","96.2000","7.0000","-0.1800","0","96.2000","7.0000","-0.1500","0.0000","96.2000","7.0000","-0.1800","0","96.2000","7.0000","-0.1700","5","0","0"
"AAD2023.12.02810","48","3911","161","Colorado State University","Statistics, Department of","Statistics","16","96.0000","190","53.0000","16","75.0000","11.8800","24.0000","2399","56.0000","16","74.0000","1.0000","1.0000","9","45.0000","18","44.0000","3313833.0000","57.0000","12","74.0000","6","71.0000","1","102.0000","1","98.0000","19","22","5","20","18","0.0600","-0.6700","112.0000","29.7500","0.0600","-0.6800","114.0000","28.4800","1.0000","0.9100","1.0000","100.0000","11.8800","1.0700","20.0000","87.9700","1.0000","0.9000","1.0000","100.0000","149.9400","0.0100","48.0000","70.2500","12.6300","-0.1600","68.0000","57.5900","0.5600","1.1000","23.0000","86.0800","1.1300","0.8900","31.0000","81.0100","207114.5600","0.1200","44.0000","72.7800","184101.8300","-0.2600","84.0000","47.4700","0.7500","-0.1100","58.0000","63.9200","0.3800","0.1200","64.0000","60.1300","0.5000","33.0000","79.7500","-0.2500","-0.6700","-0.1900","0.2700","-0.2100","0.9400","0.5749","-0.3000","-0.6300","-0.1600","-0.1400","0.2400","0.2400","-0.4100","55.7000","38.6100","53.8000","72.1500","53.1600","85.4400","100.0000","53.8000","36.0800","65.1900","64.5600","72.7800","67.0900","39.8700","158","10/21/2025 13:27","7","2","3.5000","0.4400","0.1300","101.0000","25.0000","79.0000","67.0000","106.0000","-0.6000","0.7982","-0.3200","-0.2000","-0.5700","36.7100","84.8100","50.6300","58.2300","33.5400","11","3","68.3500","51.0000","-0.0300","0.1900","70.8900","47.0000","0.4100","3","72.1500","45.0000","0.1900","0","69.6200","49.0000","-0.3500","0.0000","69.6200","49.0000","-0.3800","0","69.6200","49.0000","-0.5000","0.1900","75.3200","40.0000","0.7900","0.0000","69.6200","49.0000","-0.5200","0.0000","96.2000","7.0000","-0.1800","0","96.2000","7.0000","-0.1500","0.0000","96.2000","7.0000","-0.1800","0","96.2000","7.0000","-0.1700","5","0","0"
"AAD2023.12.02810","73","4172","161","Florida State University","Statistics, Department of","Statistics","25","44.0000","209","48.0000","25","33.0000","8.3600","66.0000","2117","63.0000","25","34.0000","1.0000","1.0000","9","45.0000","21","42.0000","4733356.0000","45.0000","18","52.0000","6","71.0000","4","64.0000","3","55.0000","19","22","5","20","18","0.1200","-0.1100","79.0000","50.6300","0.1600","-0.2400","78.0000","51.2700","1.0000","0.9100","1.0000","100.0000","8.3600","0.1900","59.0000","63.2900","1.0000","0.9000","1.0000","100.0000","84.6800","-0.3100","72.0000","55.0600","10.1300","-0.2400","92.0000","42.4100","0.3600","0.2400","61.0000","62.0300","0.8400","0.4100","43.0000","73.4200","189334.2400","0.0500","51.0000","68.3500","225397.9000","-0.0800","67.0000","58.2300","0.7200","-0.1400","61.0000","62.0300","0.2400","-0.4600","99.0000","37.9700","0.4000","39.0000","75.9500","-0.2500","-0.0100","0.6300","0.2700","0.6200","0.0100","0.5749","-0.0600","-0.1700","-0.2200","0.1100","0.4200","0.4000","0.3800","55.7000","65.8200","79.1100","72.1500","79.7500","58.8600","100.0000","67.7200","60.1300","60.7600","72.1500","74.0500","70.2500","72.7800","158","10/21/2025 13:27","30","8","3.7500","1.2000","0.3200","28.0000","22.0000","18.0000","20.0000","42.0000","0.6900","0.9408","0.8500","0.7700","0.6100","82.9100","86.7100","89.2400","87.9700","74.0500","11","5","82.9100","28.0000","0.4600","0.2000","75.9500","39.0000","0.5100","4","84.1800","26.0000","0.5700","11","94.9400","9.0000","2.0000","0.4400","96.8400","6.0000","2.4900","2","93.6700","11.0000","1.2500","0.1600","68.3500","51.0000","0.4900","0.0800","90.5100","16.0000","1.2700","0.0000","96.2000","7.0000","-0.1800","0","96.2000","7.0000","-0.1500","0.0000","96.2000","7.0000","-0.1800","0","96.2000","7.0000","-0.1700","5","0","0"
"AAD2023.12.02810","79","4202","161","George Mason University","Statistics, Department of","Statistics","20","65.0000","120","85.0000","16","75.0000","7.5000","83.0000","1496","82.0000","15","80.0000","0.9400","115.0000","4","78.0000","8","79.0000","2106079.0000","68.0000","14","68.0000","6","71.0000","3","71.0000","3","55.0000","19","22","5","20","18","0.1500","0.1800","59.0000","63.2900","0.1500","-0.2900","83.0000","48.1000","0.8000","-0.5500","121.0000","24.0500","6.0000","-0.3900","98.0000","38.6100","0.7500","-0.7800","129.0000","18.9900","74.8000","-0.3500","81.0000","49.3700","12.4700","-0.1700","70.0000","56.3300","0.2000","-0.4400","86.0000","46.2000","0.4000","-0.3500","76.0000","52.5300","105303.9500","-0.3100","71.0000","55.7000","263259.8800","0.0900","59.0000","63.2900","0.7000","-0.1600","64.0000","60.1300","0.3000","-0.2000","83.0000","48.1000","-0.2000","88.0000","44.9400","-0.2500","-0.0100","-0.2800","-0.4300","-0.2100","-0.2100","-0.2162","-0.2200","-0.3300","-0.3400","-0.3500","-0.3800","-0.3200","-0.0600","55.7000","65.8200","50.0000","51.2700","53.1600","48.1000","27.8500","57.5900","55.7000","48.7300","57.5900","50.6300","46.8400","59.4900","158","10/21/2025 13:27","4","3","1.3300","0.2000","0.1500","85.0000","93.0000","97.0000","104.0000","95.0000","-0.3900","-0.4395","-0.4700","-0.5100","-0.4200","46.8400","41.7700","39.2400","34.8100","40.5100","11","0","22.1500","124.0000","-0.7700","0.0000","22.1500","124.0000","-1.1100","0","22.1500","124.0000","-0.9500","0","69.6200","49.0000","-0.3500","0.0000","69.6200","49.0000","-0.3800","0","69.6200","49.0000","-0.5000","0.0000","22.1500","124.0000","-1.2400","0.0000","69.6200","49.0000","-0.5200","0.0000","96.2000","7.0000","-0.1800","0","96.2000","7.0000","-0.1500","0.0000","96.2000","7.0000","-0.1800","0","96.2000","7.0000","-0.1700","5","0","0"
"AAD2023.12.02810","83","4225","161","Georgia State University","Mathematics and Statistics, Department of","Statistics","23","50.0000","199","52.0000","21","48.0000","9.4800","57.0000","1760","71.0000","21","46.0000","0.9500","103.0000","12","30.0000","22","38.0000","3628084.0000","55.0000","6","96.0000","3","104.0000","6","44.0000","2","74.0000","19","22","5","20","18","0.0900","-0.4300","103.0000","35.4400","0.2600","0.2100","52.0000","67.7200","0.9100","0.2700","81.0000","49.3700","8.6500","0.2700","58.0000","63.9200","0.9100","0.3100","75.0000","53.1600","76.5200","-0.3500","78.0000","51.2700","8.8400","-0.2800","106.0000","33.5400","0.5200","0.9300","37.0000","77.2200","0.9600","0.6100","39.0000","75.9500","157742.7800","-0.0900","64.0000","60.1300","164912.9100","-0.3400","92.0000","42.4100","0.2600","-0.5900","107.0000","32.9100","0.1300","-0.9300","127.0000","20.2500","0.0000","67.0000","58.2300","-0.6600","-0.3400","0.2600","0.6900","0.2500","0.3100","-0.0005","-0.5300","0.1300","-0.2900","-0.0800","0.4800","0.3100","0.2100","34.8100","53.8000","71.5200","81.6500","70.2500","64.5600","35.4400","39.8700","72.7800","55.7000","65.8200","76.5800","67.7200","68.9900","158","10/21/2025 13:27","21","4","5.2500","0.9100","0.1700","70.0000","12.0000","26.0000","34.0000","87.0000","-0.1700","1.7963","0.3900","0.4000","-0.2700","56.3300","93.0400","84.1800","79.1100","45.5700","11","4","77.2200","37.0000","0.2100","0.1700","67.0900","53.0000","0.3000","4","84.1800","26.0000","0.5700","1","79.7500","33.0000","-0.1300","0.0400","74.6800","41.0000","-0.1000","1","87.3400","21.0000","0.3800","0.1700","72.1500","45.0000","0.6400","0.0400","77.8500","36.0000","0.4500","0.0000","96.2000","7.0000","-0.1800","0","96.2000","7.0000","-0.1500","0.0000","96.2000","7.0000","-0.1800","0","96.2000","7.0000","-0.1700","5","0","0"
"AAD2023.12.02810","87","4273","161","Harvard University","Statistics, Department of","Statistics","15","104.0000","273","26.0000","15","86.0000","18.2000","3.0000","10310","11.0000","15","80.0000","1.0000","1.0000","12","30.0000","35","19.0000","15326706.0000","11.0000","82","6.0000","13","30.0000","7","37.0000","4","39.0000","19","22","5","20","18","0.2700","1.3000","16.0000","90.5100","0.4700","1.1400","17.0000","89.8700","1.0000","0.9100","1.0000","100.0000","18.2000","2.6500","3.0000","98.7300","1.0000","0.9000","1.0000","100.0000","687.3300","2.5900","5.0000","97.4700","37.7700","0.6200","13.0000","92.4100","0.8000","2.1100","5.0000","97.4700","2.3300","2.9600","2.0000","99.3700","1021780.4000","3.6100","4.0000","98.1000","437905.8900","0.8500","20.0000","87.9700","5.4700","4.5000","2.0000","99.3700","0.8700","2.2200","2.0000","99.3700","1.3000","3.0000","98.7300","0.7100","0.3200","-0.2800","0.6900","-0.3000","2.6000","0.5749","2.4500","0.2800","1.4400","1.9900","1.2800","0.9100","-0.4900","81.6500","75.9500","50.0000","81.6500","46.2000","98.7300","100.0000","96.8400","77.2200","93.6700","93.6700","88.6100","84.1800","34.8100","158","10/21/2025 13:27","15","8","1.8800","1.0000","0.5300","28.0000","72.0000","43.0000","30.0000","10.0000","0.6900","-0.1258","0.0900","0.5200","1.9000","82.9100","55.0600","73.4200","81.6500","94.3000","11","7","89.8700","17.0000","0.9500","0.4700","98.1000","4.0000","2.6700","4","84.1800","26.0000","0.5700","1","79.7500","33.0000","-0.1300","0.0700","79.1100","34.0000","0.0600","1","87.3400","21.0000","0.3800","0.2700","96.2000","7.0000","1.6500","0.0700","86.0800","23.0000","0.9700","0.0000","96.2000","7.0000","-0.1800","0","96.2000","7.0000","-0.1500","0.0000","96.2000","7.0000","-0.1800","0","96.2000","7.0000","-0.1700","5","0","0"
"AAD2023.12.02810","136","4456","161","Mississippi State University","Mathematics and Statistics, Department of","Statistics","22","55.0000","163","60.0000","18","67.0000","9.0600","63.0000","1367","92.0000","19","58.0000","1.0000","1.0000","4","78.0000","6","87.0000","770836.0000","107.0000","5","99.0000","2","117.0000","0","129.0000","0","129.0000","19","22","5","20","18","0.0000","-1.2800","129.0000","18.9900","0.0000","-0.9700","129.0000","18.9900","0.8200","-0.4200","117.0000","26.5800","7.4100","-0.0400","75.0000","53.1600","0.8600","-0.0200","97.0000","39.2400","62.1400","-0.4100","93.0000","41.7700","8.3900","-0.3000","112.0000","29.7500","0.1800","-0.5200","95.0000","40.5100","0.2700","-0.5600","97.0000","39.2400","35038.0000","-0.6100","109.0000","31.6500","128472.6700","-0.5000","111.0000","30.3800","0.2300","-0.6200","116.0000","27.2200","0.0900","-1.1000","134.0000","15.8200","-0.5000","119.0000","25.3200","-0.8000","-1.0100","0.0800","-0.4300","-0.0300","0.2000","0.5749","-0.5700","-0.7800","-0.3700","-0.5900","-0.5000","0.0200","0.1200","26.5800","18.9900","63.9200","51.2700","58.2300","60.7600","100.0000","37.9700","18.9900","42.4100","32.9100","45.5700","62.6600","65.8200","158","10/21/2025 13:27","9","5","1.8000","0.4100","0.2300","50.0000","76.0000","69.0000","71.0000","67.0000","0.0400","-0.1714","-0.2200","-0.2400","0.0500","68.9900","52.5300","56.9600","55.7000","58.2300","11","1","40.5100","95.0000","-0.5300","0.0500","26.5800","117.0000","-0.7400","1","43.6700","90.0000","-0.5700","0","69.6200","49.0000","-0.3500","0.0000","69.6200","49.0000","-0.3800","0","69.6200","49.0000","-0.5000","0.0500","27.2200","116.0000","-0.7500","0.0000","69.6200","49.0000","-0.5200","0.0000","96.2000","7.0000","-0.1800","0","96.2000","7.0000","-0.1500","0.0000","96.2000","7.0000","-0.1800","0","96.2000","7.0000","-0.1700","5","0","0"
"AAD2023.12.02810","149","4535","161","North Dakota State University","Statistics, Department of","Statistics","5","154.0000","47","134.0000","5","145.0000","9.4000","59.0000","305","136.0000","5","144.0000","1.0000","1.0000","0","139.0000","0","139.0000","0.0000","139.0000","0","148.0000","0","148.0000","0","129.0000","0","129.0000","19","22","5","20","18","0.0000","-1.2800","129.0000","18.9900","0.0000","-0.9700","129.0000","18.9900","1.0000","0.9100","1.0000","100.0000","9.4000","0.4500","50.0000","68.9900","1.0000","0.9000","1.0000","100.0000","61.0000","-0.4200","95.0000","40.5100","6.4900","-0.3500","122.0000","23.4200","0.0000","-1.2900","139.0000","12.6600","0.0000","-1.0300","139.0000","12.6600","0.0000","-0.7600","139.0000","12.6600","0.0000","-1.0600","139.0000","12.6600","0.0000","-0.8400","148.0000","6.9600","0.0000","-1.4800","148.0000","6.9600","-0.1000","77.0000","51.9000","-1.0700","-1.0100","-1.1900","-0.9900","-1.2300","0.2900","0.5749","-0.7700","-0.7800","-0.5800","-0.7200","-0.8700","-0.9100","-1.3700","6.9600","18.9900","9.4900","12.6600","8.8600","63.2900","100.0000","6.9600","18.9900","14.5600","12.6600","12.6600","15.8200","3.1600","158","10/21/2025 13:27","1","1","1.0000","0.2000","0.2000","118.0000","106.0000","120.0000","104.0000","74.0000","-0.8200","-0.6277","-0.6200","-0.5100","-0.1200","25.9500","33.5400","24.6800","34.8100","53.8000","11","0","22.1500","124.0000","-0.7700","0.0000","22.1500","124.0000","-1.1100","0","22.1500","124.0000","-0.9500","0","69.6200","49.0000","-0.3500","0.0000","69.6200","49.0000","-0.3800","0","69.6200","49.0000","-0.5000","0.0000","22.1500","124.0000","-1.2400","0.0000","69.6200","49.0000","-0.5200","0.0000","96.2000","7.0000","-0.1800","0","96.2000","7.0000","-0.1500","0.0000","96.2000","7.0000","-0.1800","0","96.2000","7.0000","-0.1700","5","0","0"
"AAD2023.12.02810","253","4664","161","University of California, Irvine","Statistics, Department of","Statistics","13","120.0000","252","35.0000","13","105.0000","19.3800","1.0000","3763","40.0000","13","105.0000","1.0000","1.0000","7","60.0000","19","43.0000","7575831.0000","32.0000","27","37.0000","8","60.0000","2","85.0000","2","74.0000","19","22","5","20","18","0.1500","0.2100","55.0000","65.8200","0.1500","-0.2700","82.0000","48.7300","1.0000","0.9100","1.0000","100.0000","19.3800","2.9500","1.0000","100.0000","1.0000","0.9000","1.0000","100.0000","289.4600","0.6800","19.0000","88.6100","14.9300","-0.0900","54.0000","66.4600","0.5400","1.0000","30.0000","81.6500","1.4600","1.4700","18.0000","89.2400","582756.2300","1.7300","11.0000","93.6700","398727.9500","0.6800","25.0000","84.8100","2.0800","1.1900","14.0000","91.7700","0.6200","1.1400","27.0000","83.5400","1.0000","8.0000","95.5700","0.0300","-0.3400","-0.4600","-0.0100","-0.4900","2.9100","0.5749","0.2900","-0.4800","0.1200","0.6200","0.3000","0.7400","-0.6700","62.6600","53.8000","34.1800","62.6600","34.1800","100.0000","100.0000","77.2200","46.8400","75.3200","80.3800","73.4200","78.4800","24.6800","158","10/21/2025 13:27","4","2","2.0000","0.3100","0.1500","101.0000","58.0000","97.0000","86.0000","93.0000","-0.6000","-0.0574","-0.4700","-0.3700","-0.4000","36.7100","63.9200","39.2400","46.2000","41.7700","11","2","57.5900","68.0000","-0.2800","0.1500","60.7600","63.0000","0.1400","1","43.6700","90.0000","-0.5700","0","69.6200","49.0000","-0.3500","0.0000","69.6200","49.0000","-0.3800","0","69.6200","49.0000","-0.5000","0.0800","41.1400","94.0000","-0.4100","0.0000","69.6200","49.0000","-0.5200","0.0800","100.0000","1.0000","8.6000","1","99.3700","2.0000","2.1700","0.0800","100.0000","1.0000","7.8000","1","99.3700","2.0000","3.2300","5","0","0"
"AAD2023.12.02810","258","4703","161","University of California, Santa Barbara","Statistics and Applied Probability, Department of","Statistics","17","88.0000","177","55.0000","15","86.0000","11.8000","25.0000","2909","49.0000","15","80.0000","1.0000","1.0000","7","60.0000","12","61.0000","4644882.0000","46.0000","15","65.0000","10","43.0000","6","44.0000","4","39.0000","19","22","5","20","18","0.2400","1.0000","27.0000","83.5400","0.3500","0.6300","33.0000","79.7500","0.8800","0.0500","97.0000","39.2400","10.4100","0.7100","36.0000","77.8500","0.8800","0.1100","87.0000","45.5700","171.1200","0.1100","39.0000","75.9500","16.4400","-0.0400","44.0000","72.7800","0.4100","0.4600","49.0000","69.6200","0.7100","0.1800","52.0000","67.7200","273228.3500","0.4100","33.0000","79.7500","387073.5000","0.6300","28.0000","82.9100","0.8800","0.0200","54.0000","66.4600","0.5900","1.0300","33.0000","79.7500","0.4000","39.0000","75.9500","0.3000","0.3200","-0.2800","-0.0100","-0.3000","0.9200","0.5749","-0.1800","0.1300","-0.0600","0.1000","-0.1300","0.1400","-0.3200","73.4200","75.9500","50.0000","62.6600","46.2000","84.8100","100.0000","59.4900","72.7800","69.6200","71.5200","62.0300","65.8200","44.9400","158","10/21/2025 13:27","5","5","1.0000","0.2900","0.2900","50.0000","106.0000","90.0000","88.0000","48.0000","0.0400","-0.6277","-0.4200","-0.3900","0.4500","68.9900","33.5400","43.6700","44.9400","70.2500","11","2","57.5900","68.0000","-0.2800","0.1200","50.0000","80.0000","-0.1600","2","62.0300","61.0000","-0.1900","0","69.6200","49.0000","-0.3500","0.0000","69.6200","49.0000","-0.3800","0","69.6200","49.0000","-0.5000","0.1200","55.0600","72.0000","0.0400","0.0000","69.6200","49.0000","-0.5200","0.0000","96.2000","7.0000","-0.1800","0","96.2000","7.0000","-0.1500","0.0000","96.2000","7.0000","-0.1800","0","96.2000","7.0000","-0.1700","5","0","0"
"AAD2023.12.02810","261","4742","161","University of Chicago, The","Statistics, Department of","Statistics","28","29.0000","281","25.0000","28","20.0000","10.0400","49.0000","13328","7.0000","28","23.0000","1.0000","1.0000","21","9.0000","49","7.0000","17323230.0000","7.0000","82","6.0000","19","14.0000","6","44.0000","3","55.0000","19","22","5","20","18","0.1100","-0.2400","93.0000","41.7700","0.2100","0.0000","62.0000","61.3900","1.0000","0.9100","1.0000","100.0000","10.0400","0.6100","43.0000","73.4200","1.0000","0.9000","1.0000","100.0000","476.0000","1.5700","11.0000","93.6700","47.4300","0.9200","9.0000","94.9400","0.7500","1.9000","11.0000","93.6700","1.7500","1.9600","8.0000","95.5700","618686.7900","1.8900","8.0000","95.5700","353535.3100","0.4800","32.0000","80.3800","2.9300","2.0200","8.0000","95.5700","0.6800","1.4100","16.0000","90.5100","0.9000","10.0000","94.3000","1.5400","-0.0100","0.9000","1.9600","0.8900","0.4500","0.5749","2.4500","0.1300","2.0500","2.3400","2.1400","0.9800","0.6500","91.7700","65.8200","86.0800","94.9400","87.9700","69.6200","100.0000","96.8400","72.7800","96.2000","96.2000","96.2000","84.8100","82.2800","158","10/21/2025 13:27","17","10","1.7000","0.6100","0.3600","19.0000","81.0000","34.0000","50.0000","30.0000","1.1200","-0.2285","0.1900","0.0100","0.8300","88.6100","49.3700","79.1100","68.9900","81.6500","11","6","87.3400","21.0000","0.7100","0.2100","78.4800","35.0000","0.6300","4","84.1800","26.0000","0.5700","2","87.9700","20.0000","0.0800","0.0700","79.7500","33.0000","0.0900","2","93.6700","11.0000","1.2500","0.1400","65.1900","56.0000","0.3100","0.0700","88.6100","19.0000","1.0700","0.0000","96.2000","7.0000","-0.1800","0","96.2000","7.0000","-0.1500","0.0000","96.2000","7.0000","-0.1800","0","96.2000","7.0000","-0.1700","5","0","0"
"AAD2023.12.02810","274","4815","161","University of Georgia","Statistics, Department of","Statistics","20","65.0000","206","49.0000","20","55.0000","10.3000","46.0000","5241","25.0000","19","58.0000","0.9500","104.0000","7","60.0000","15","51.0000","4026063.0000","50.0000","22","42.0000","7","66.0000","2","85.0000","1","98.0000","19","22","5","20","18","0.0500","-0.7900","120.0000","24.6800","0.1000","-0.5200","102.0000","36.0800","1.0000","0.9100","1.0000","100.0000","10.3000","0.6800","41.0000","74.6800","0.9500","0.5600","61.0000","62.0300","262.0500","0.5500","22.0000","86.7100","25.4400","0.2400","22.0000","86.7100","0.3500","0.2000","63.0000","60.7600","0.7500","0.2500","48.0000","70.2500","201303.1500","0.1000","48.0000","70.2500","268404.2000","0.1100","57.0000","64.5600","1.1000","0.2300","44.0000","72.7800","0.3500","0.0100","66.0000","58.8600","0.3000","47.0000","70.8900","-0.1100","-0.6700","0.0800","-0.0100","0.1600","0.5200","-0.0580","0.1000","-0.4800","0.4200","-0.0100","0.0500","0.3700","-0.0600","58.8600","38.6100","63.9200","62.6600","65.8200","71.5200","34.8100","74.0500","46.8400","84.8100","68.9900","68.3500","69.6200","59.4900","158","10/21/2025 13:27","14","7","2.0000","0.7000","0.3500","36.0000","58.0000","50.0000","40.0000","34.0000","0.4700","-0.0574","0.0400","0.1300","0.7900","77.8500","63.9200","68.9900","75.3200","79.1100","11","0","22.1500","124.0000","-0.7700","0.0000","22.1500","124.0000","-1.1100","0","22.1500","124.0000","-0.9500","0","69.6200","49.0000","-0.3500","0.0000","69.6200","49.0000","-0.3800","0","69.6200","49.0000","-0.5000","0.0000","22.1500","124.0000","-1.2400","0.0000","69.6200","49.0000","-0.5200","0.0000","96.2000","7.0000","-0.1800","0","96.2000","7.0000","-0.1500","0.0000","96.2000","7.0000","-0.1800","0","96.2000","7.0000","-0.1700","5","0","0"
"AAD2023.12.02810","280","4888","161","University of Illinois at Urbana-Champaign","Statistics, Department of","Statistics","22","55.0000","206","49.0000","21","48.0000","9.8100","51.0000","3214","42.0000","21","46.0000","1.0000","1.0000","12","30.0000","22","38.0000","3737088.0000","53.0000","18","52.0000","10","43.0000","0","129.0000","0","129.0000","19","22","5","20","18","0.0000","-1.2800","129.0000","18.9900","0.0000","-0.9700","129.0000","18.9900","0.9500","0.5800","58.0000","63.9200","9.3600","0.4500","51.0000","68.3500","0.9500","0.5900","58.0000","63.9200","146.0900","-0.0100","51.0000","68.3500","15.6000","-0.0700","52.0000","67.7200","0.5500","1.0300","29.0000","82.2800","1.0000","0.6800","36.0000","77.8500","169867.6400","-0.0400","59.0000","63.2900","169867.6400","-0.3200","88.0000","44.9400","0.8200","-0.0400","56.0000","65.1900","0.4500","0.4600","47.0000","70.8900","0.5000","33.0000","79.7500","0.3000","-1.0100","0.2600","0.6900","0.2500","0.3900","0.5749","-0.0600","-0.7800","0.0100","-0.0600","0.4800","0.3700","0.1200","73.4200","18.9900","71.5200","81.6500","70.2500","68.3500","100.0000","67.7200","18.9900","74.0500","67.0900","76.5800","69.6200","65.8200","158","10/21/2025 13:27","24","9","2.6700","1.0900","0.4100","21.0000","45.0000","24.0000","24.0000","21.0000","0.9000","0.3248","0.5400","0.6300","1.1500","87.3400","72.1500","85.4400","85.4400","87.3400","11","3","68.3500","51.0000","-0.0300","0.1400","52.5300","76.0000","-0.0100","4","84.1800","26.0000","0.5700","0","69.6200","49.0000","-0.3500","0.0000","69.6200","49.0000","-0.3800","0","69.6200","49.0000","-0.5000","0.1800","74.6800","41.0000","0.7300","0.0000","69.6200","49.0000","-0.5200","0.0000","96.2000","7.0000","-0.1800","0","96.2000","7.0000","-0.1500","0.0000","96.2000","7.0000","-0.1800","0","96.2000","7.0000","-0.1700","5","0","0"
"AAD2023.12.02810","288","4909","161","University of Maryland, Baltimore County","Mathematics and Statistics, Department of","Statistics","26","38.0000","152","66.0000","24","35.0000","6.3300","105.0000","1548","80.0000","24","36.0000","0.9600","100.0000","10","39.0000","14","56.0000","2481288.0000","65.0000","11","78.0000","5","82.0000","1","102.0000","1","98.0000","19","22","5","20","18","0.0400","-0.9000","125.0000","21.5200","0.0400","-0.7900","126.0000","20.8900","0.9200","0.3500","77.0000","51.9000","5.8500","-0.4300","101.0000","36.7100","0.9200","0.3800","71.0000","55.7000","59.5400","-0.4300","97.0000","39.2400","10.1800","-0.2400","91.0000","43.0400","0.3800","0.3500","56.0000","65.1900","0.5400","-0.1100","68.0000","57.5900","95434.1500","-0.3500","74.0000","53.8000","177234.8600","-0.2900","86.0000","46.2000","0.4200","-0.4300","93.0000","41.7700","0.1900","-0.6600","113.0000","29.1100","-0.2000","88.0000","44.9400","-0.3900","-0.6700","0.5400","0.4100","0.5200","-0.5200","0.0686","-0.3300","-0.6300","-0.3300","-0.2800","-0.0100","-0.0700","0.4700","48.7300","38.6100","77.8500","75.9500","78.4800","34.1800","37.3400","51.2700","36.0800","50.0000","59.4900","65.1900","58.8600","76.5800","158","10/21/2025 13:27","10","5","2.0000","0.3800","0.1900","50.0000","58.0000","67.0000","78.0000","78.0000","0.0400","-0.0574","-0.1700","-0.2700","-0.1600","68.9900","63.9200","58.2300","51.2700","51.2700","11","4","77.2200","37.0000","0.2100","0.1500","60.7600","63.0000","0.1400","5","89.2400","18.0000","0.9500","0","69.6200","49.0000","-0.3500","0.0000","69.6200","49.0000","-0.3800","0","69.6200","49.0000","-0.5000","0.1900","77.8500","36.0000","0.8400","0.0000","69.6200","49.0000","-0.5200","0.0000","96.2000","7.0000","-0.1800","0","96.2000","7.0000","-0.1500","0.0000","96.2000","7.0000","-0.1800","0","96.2000","7.0000","-0.1700","5","0","0"
"AAD2023.12.02810","300","4990","161","University of Michigan","Statistics, Department of","Statistics","22","55.0000","200","51.0000","21","48.0000","9.5200","56.0000","5474","23.0000","21","46.0000","1.0000","1.0000","19","10.0000","36","16.0000","10524653.0000","18.0000","41","22.0000","18","16.0000","3","71.0000","3","55.0000","19","22","5","20","18","0.1400","0.0400","69.0000","56.9600","0.1400","-0.3500","85.0000","46.8400","0.9500","0.5800","58.0000","63.9200","9.0900","0.3800","55.0000","65.8200","0.9500","0.5900","58.0000","63.9200","248.8200","0.4800","26.0000","84.1800","27.3700","0.3000","19.0000","88.6100","0.8600","2.3800","2.0000","99.3700","1.6400","1.7700","13.0000","92.4100","478393.3200","1.2800","17.0000","89.8700","292351.4700","0.2100","50.0000","68.9900","1.8600","0.9800","17.0000","89.8700","0.8200","2.0100","6.0000","96.8400","0.7000","16.0000","90.5100","1.4000","-0.0100","0.2600","1.6800","0.2500","0.3200","0.5749","0.8400","-0.3300","0.4600","1.1400","1.3400","0.3200","0.1200","90.5100","65.8200","71.5200","94.3000","70.2500","65.1900","100.0000","86.7100","55.7000","86.0800","89.2400","90.5100","68.3500","65.8200","158","10/21/2025 13:27","12","6","2.0000","0.5500","0.2700","42.0000","58.0000","57.0000","58.0000","51.0000","0.2600","-0.0574","-0.0600","-0.0700","0.3200","74.0500","63.9200","64.5600","63.9200","68.3500","11","0","22.1500","124.0000","-0.7700","0.0000","22.1500","124.0000","-1.1100","0","22.1500","124.0000","-0.9500","1","79.7500","33.0000","-0.1300","0.0500","75.9500","39.0000","-0.0800","1","87.3400","21.0000","0.3800","0.0000","22.1500","124.0000","-1.2400","0.0500","79.1100","34.0000","0.4900","0.0000","96.2000","7.0000","-0.1800","0","96.2000","7.0000","-0.1500","0.0000","96.2000","7.0000","-0.1800","0","96.2000","7.0000","-0.1700","5","0","0"
"AAD2023.12.02810","301","5082","161","University of Minnesota, Twin Cities","Statistics, School of","Statistics","15","104.0000","136","75.0000","15","86.0000","9.0700","62.0000","1832","68.0000","15","80.0000","1.0000","1.0000","12","30.0000","23","36.0000","6769056.0000","34.0000","16","60.0000","6","71.0000","2","85.0000","2","74.0000","19","22","5","20","18","0.1300","0.0100","70.0000","56.3300","0.1300","-0.3700","86.0000","46.2000","1.0000","0.9100","1.0000","100.0000","9.0700","0.3700","56.0000","65.1900","1.0000","0.9000","1.0000","100.0000","122.1300","-0.1300","57.0000","64.5600","13.4700","-0.1400","63.0000","60.7600","0.8000","2.1100","5.0000","97.4700","1.5300","1.5900","17.0000","89.8700","451270.4000","1.1700","18.0000","89.2400","294306.7800","0.2200","47.0000","70.8900","1.0700","0.2000","47.0000","70.8900","0.4000","0.2200","59.0000","63.2900","0.6000","21.0000","87.3400","-0.2500","-0.3400","-0.2800","0.6900","-0.3000","0.2000","0.5749","-0.1400","-0.4800","-0.2700","0.4700","0.5400","-0.2000","-0.4900","55.7000","53.8000","50.0000","81.6500","46.2000","61.3900","100.0000","62.6600","46.8400","57.5900","79.1100","77.8500","53.1600","34.8100","158","10/21/2025 13:27","21","3","7.0000","1.4000","0.2000","85.0000","4.0000","26.0000","17.0000","74.0000","-0.3900","2.7944","0.3900","1.0300","-0.1200","46.8400","98.1000","84.1800","89.8700","53.8000","11","1","40.5100","95.0000","-0.5300","0.0700","34.1800","105.0000","-0.5700","1","43.6700","90.0000","-0.5700","0","69.6200","49.0000","-0.3500","0.0000","69.6200","49.0000","-0.3800","0","69.6200","49.0000","-0.5000","0.0700","36.0800","102.0000","-0.5200","0.0000","69.6200","49.0000","-0.5200","0.0000","96.2000","7.0000","-0.1800","0","96.2000","7.0000","-0.1500","0.0000","96.2000","7.0000","-0.1800","0","96.2000","7.0000","-0.1700","5","0","0"
"AAD2023.12.02810","316","5130","161","University of North Carolina at Chapel Hill","Statistics and Operations Research, Department of","Statistics","26","38.0000","248","37.0000","25","33.0000","9.9200","50.0000","6526","21.0000","26","29.0000","1.0000","1.0000","15","22.0000","35","19.0000","15918738.0000","9.0000","22","42.0000","11","38.0000","7","37.0000","5","28.0000","19","22","5","20","18","0.1900","0.5900","39.0000","75.9500","0.2700","0.2500","47.0000","70.8900","0.9600","0.6300","52.0000","67.7200","9.5400","0.4900","47.0000","70.8900","1.0000","0.9000","1.0000","100.0000","251.0000","0.4900","25.0000","84.8100","26.3100","0.2600","20.0000","87.9700","0.5800","1.1600","20.0000","87.9700","1.3500","1.2700","23.0000","86.0800","612259.1500","1.8600","9.0000","94.9400","454821.0900","0.9200","16.0000","90.5100","0.8500","-0.0200","55.0000","65.8200","0.4200","0.3200","57.0000","64.5600","0.6000","21.0000","87.3400","0.4400","0.6600","0.7200","1.1100","0.6200","0.4200","0.5749","0.1000","0.2800","0.6800","2.0900","1.2800","0.7100","0.4700","76.5800","82.9100","82.2800","86.7100","79.7500","68.9900","100.0000","74.0500","77.2200","87.3400","94.9400","88.6100","77.2200","76.5800","158","10/21/2025 13:27","17","13","1.3100","0.6500","0.5000","9.0000","100.0000","34.0000","46.0000","11.0000","1.7600","-0.4509","0.1900","0.0700","1.7000","94.9400","37.3400","79.1100","71.5200","93.6700","11","2","57.5900","68.0000","-0.2800","0.0800","37.3400","100.0000","-0.4900","2","62.0300","61.0000","-0.1900","5","93.0400","12.0000","0.7200","0.1900","92.4100","13.0000","0.8700","4","97.4700","5.0000","2.9900","0.0800","41.1400","94.0000","-0.4100","0.1500","96.8400","6.0000","2.9200","0.0000","96.2000","7.0000","-0.1800","0","96.2000","7.0000","-0.1500","0.0000","96.2000","7.0000","-0.1800","0","96.2000","7.0000","-0.1700","5","0","0"
"AAD2023.12.02810","326","5179","161","University of Pennsylvania","Statistics, Department of","Statistics","18","78.0000","302","21.0000","17","70.0000","17.7600","4.0000","7129","17.0000","17","68.0000","1.0000","1.0000","10","39.0000","30","27.0000","9127724.0000","23.0000","33","31.0000","12","35.0000","1","102.0000","1","98.0000","19","22","5","20","18","0.0600","-0.7400","117.0000","26.5800","0.0600","-0.7200","119.0000","25.3200","0.9400","0.5000","62.0000","61.3900","16.7800","2.3000","5.0000","97.4700","0.9400","0.5200","63.0000","60.7600","396.0600","1.1900","13.0000","92.4100","23.6100","0.1800","23.0000","86.0800","0.5600","1.0700","25.0000","84.8100","1.6700","1.8200","9.0000","94.9400","507095.7800","1.4100","13.0000","92.4100","304257.4700","0.2700","44.0000","72.7800","1.8300","0.9500","20.0000","87.9700","0.6700","1.3600","17.0000","89.8700","1.0000","8.0000","95.5700","0.5800","-0.6700","-0.1000","0.4100","-0.1200","2.4800","0.5749","0.5300","-0.6300","0.8000","0.8900","0.9700","1.1500","-0.2300","78.4800","38.6100","57.5900","75.9500","56.3300","98.1000","100.0000","81.0100","36.0800","89.8700","86.0800","83.5400","87.3400","51.2700","158","10/21/2025 13:27","14","8","1.7500","0.7800","0.4400","28.0000","77.0000","50.0000","37.0000","16.0000","0.6900","-0.1999","0.0400","0.2300","1.3600","82.9100","51.9000","68.9900","77.2200","90.5100","11","1","40.5100","95.0000","-0.5300","0.0600","30.3800","111.0000","-0.6600","1","43.6700","90.0000","-0.5700","2","87.9700","20.0000","0.0800","0.1100","85.4400","24.0000","0.3500","1","87.3400","21.0000","0.3800","0.0600","32.9100","107.0000","-0.6400","0.0600","83.5400","27.0000","0.7200","0.0000","96.2000","7.0000","-0.1800","0","96.2000","7.0000","-0.1500","0.0000","96.2000","7.0000","-0.1800","0","96.2000","7.0000","-0.1700","5","0","0"
"AAD2023.12.02810","327","5228","161","University of Pittsburgh","Statistics, Department of","Statistics","9","135.0000","118","87.0000","9","129.0000","13.1100","17.0000","1437","85.0000","9","127.0000","1.0000","1.0000","5","74.0000","10","69.0000","1393588.0000","86.0000","2","127.0000","2","117.0000","0","129.0000","0","129.0000","19","22","5","20","18","0.0000","-1.2800","129.0000","18.9900","0.0000","-0.9700","129.0000","18.9900","1.0000","0.9100","1.0000","100.0000","13.1100","1.3800","14.0000","91.7700","1.0000","0.9000","1.0000","100.0000","159.6700","0.0500","41.0000","74.6800","12.1800","-0.1800","74.0000","53.8000","0.5600","1.0700","25.0000","84.8100","1.1100","0.8700","32.0000","80.3800","154843.1100","-0.1000","65.0000","59.4900","139358.8000","-0.4500","100.0000","37.3400","0.2200","-0.6300","117.0000","26.5800","0.2200","-0.5300","105.0000","34.1800","0.5000","33.0000","79.7500","-0.8000","-1.0100","-0.8300","-0.2900","-0.8600","1.2600","0.5749","-0.6900","-0.7800","-0.3500","-0.4800","-0.2500","-0.3400","-1.0200","26.5800","18.9900","20.2500","53.8000","18.9900","89.8700","100.0000","20.2500","18.9900","46.8400","46.2000","56.9600","45.5700","15.1900","158","10/21/2025 13:27","4","2","2.0000","0.4400","0.2200","101.0000","58.0000","97.0000","66.0000","68.0000","-0.6000","-0.0574","-0.4700","-0.1900","0.0200","36.7100","63.9200","39.2400","58.8600","57.5900","11","0","22.1500","124.0000","-0.7700","0.0000","22.1500","124.0000","-1.1100","0","22.1500","124.0000","-0.9500","0","69.6200","49.0000","-0.3500","0.0000","69.6200","49.0000","-0.3800","0","69.6200","49.0000","-0.5000","0.0000","22.1500","124.0000","-1.2400","0.0000","69.6200","49.0000","-0.5200","0.0000","96.2000","7.0000","-0.1800","0","96.2000","7.0000","-0.1500","0.0000","96.2000","7.0000","-0.1800","0","96.2000","7.0000","-0.1700","5","0","0"
"AAD2023.12.02810","49","5503","161","Columbia University","Statistics, Department of","Statistics","32","18.0000","335","14.0000","32","13.0000","10.4700","44.0000","19157","4.0000","32","13.0000","1.0000","1.0000","18","11.0000","45","8.0000","14358679.0000","12.0000","96","4.0000","21","9.0000","8","28.0000","5","28.0000","19","22","5","20","18","0.1600","0.2400","54.0000","66.4600","0.2500","0.1600","53.0000","67.0900","1.0000","0.9100","1.0000","100.0000","10.4700","0.7200","35.0000","78.4800","1.0000","0.9000","1.0000","100.0000","598.6600","2.1600","8.0000","95.5700","57.1900","1.2300","6.0000","96.8400","0.5600","1.1000","23.0000","86.0800","1.4100","1.3700","22.0000","86.7100","448708.7200","1.1600","19.0000","88.6100","319081.7600","0.3300","39.0000","75.9500","3.0000","2.0900","7.0000","96.2000","0.6600","1.3200","20.0000","87.9700","0.6000","21.0000","87.3400","1.8100","0.6600","1.2700","1.5400","1.2600","0.5700","0.5749","2.9900","0.4400","3.2300","1.8200","1.8900","1.4100","1.0000","94.9400","82.9100","92.4100","93.6700","92.4100","72.7800","100.0000","98.1000","82.9100","98.1000","93.0400","95.5700","91.7700","89.2400","158","10/21/2025 13:27","27","8","3.3800","0.8400","0.2500","28.0000","28.0000","19.0000","36.0000","58.0000","0.6900","0.7297","0.7000","0.3200","0.1900","82.9100","82.9100","88.6100","77.8500","63.9200","11","4","77.2200","37.0000","0.2100","0.1300","51.2700","78.0000","-0.1000","3","72.1500","45.0000","0.1900","3","89.8700","17.0000","0.2900","0.0900","81.6500","30.0000","0.2300","1","87.3400","21.0000","0.3800","0.0900","47.4700","84.0000","-0.2200","0.0300","71.5200","46.0000","0.1800","0.0000","96.2000","7.0000","-0.1800","0","96.2000","7.0000","-0.1500","0.0000","96.2000","7.0000","-0.1800","0","96.2000","7.0000","-0.1700","5","0","0"
"AAD2023.12.02810","80","5570","161","George Washington University","Statistics, Department of","Statistics","17","88.0000","161","61.0000","17","70.0000","9.4700","58.0000","1463","84.0000","16","74.0000","0.9400","111.0000","4","78.0000","6","87.0000","485781.0000","115.0000","31","32.0000","11","38.0000","1","102.0000","1","98.0000","19","22","5","20","18","0.0600","-0.7100","115.0000","27.8500","0.0600","-0.7000","117.0000","26.5800","1.0000","0.9100","1.0000","100.0000","9.4700","0.4700","48.0000","70.2500","0.9400","0.5000","64.0000","60.1300","86.0600","-0.3000","71.0000","55.7000","9.0900","-0.2700","103.0000","35.4400","0.2400","-0.2900","78.0000","51.2700","0.3500","-0.4300","82.0000","48.7300","28575.3500","-0.6400","117.0000","26.5800","80963.5000","-0.7100","129.0000","18.9900","1.8200","0.9400","21.0000","87.3400","0.6500","1.2800","21.0000","87.3400","0.1000","59.0000","63.2900","0.4400","-0.6700","-0.1900","-0.4300","-0.1200","0.3100","-0.1697","0.4500","-0.6300","-0.3500","-0.6400","-0.5000","0.0100","-0.3200","76.5800","38.6100","53.8000","51.2700","56.3300","63.9200","30.3800","80.3800","36.0800","47.4700","27.8500","45.5700","62.0300","44.9400","158","10/21/2025 13:27","16","3","5.3300","0.9400","0.1800","85.0000","10.0000","38.0000","32.0000","85.0000","-0.3900","1.8419","0.1400","0.4400","-0.2600","46.8400","94.3000","76.5800","80.3800","46.8400","11","3","68.3500","51.0000","-0.0300","0.1800","68.9900","50.0000","0.3200","4","84.1800","26.0000","0.5700","0","69.6200","49.0000","-0.3500","0.0000","69.6200","49.0000","-0.3800","0","69.6200","49.0000","-0.5000","0.2400","89.2400","18.0000","1.3100","0.0000","69.6200","49.0000","-0.5200","0.0000","96.2000","7.0000","-0.1800","0","96.2000","7.0000","-0.1500","0.0000","96.2000","7.0000","-0.1800","0","96.2000","7.0000","-0.1700","5","0","0"
"AAD2023.12.02810","99","5723","161","Iowa State University","Statistics and Statistical Laboratory, Department of","Statistics","28","29.0000","260","31.0000","27","26.0000","9.6300","55.0000","2833","51.0000","27","27.0000","1.0000","1.0000","5","74.0000","9","75.0000","1838749.0000","77.0000","35","30.0000","14","25.0000","6","44.0000","6","20.0000","19","22","5","20","18","0.2100","0.8000","31.0000","81.0100","0.2100","0.0000","62.0000","61.3900","0.9600","0.6500","49.0000","69.6200","9.2900","0.4300","53.0000","67.0900","0.9600","0.6600","51.0000","68.3500","101.1800","-0.2300","63.0000","60.7600","10.9000","-0.2200","84.0000","47.4700","0.1800","-0.5300","97.0000","39.2400","0.3200","-0.4800","86.0000","46.2000","65669.6100","-0.4800","87.0000","45.5700","204305.4400","-0.1700","78.0000","51.2700","1.2500","0.3800","38.0000","76.5800","0.5000","0.6500","41.0000","74.6800","0.4000","39.0000","75.9500","0.8500","0.9900","0.8100","-0.2900","0.8000","0.3500","0.5749","0.6100","0.1300","-0.0700","-0.4000","-0.3100","0.8100","0.6500","84.8100","87.9700","83.5400","53.8000","84.1800","65.8200","100.0000","81.6500","72.7800","68.3500","51.9000","53.1600","81.0100","82.2800","158","10/21/2025 13:27","7","2","3.5000","0.2500","0.0700","101.0000","25.0000","79.0000","96.0000","127.0000","-0.6000","0.7982","-0.3200","-0.4400","-0.9000","36.7100","84.8100","50.6300","39.8700","20.2500","11","9","95.5700","8.0000","1.4500","0.3200","93.6700","11.0000","1.5000","7","94.9400","9.0000","1.7100","1","79.7500","33.0000","-0.1300","0.0400","72.7800","44.0000","-0.1500","1","87.3400","21.0000","0.3800","0.2500","94.3000","10.0000","1.4700","0.0400","75.9500","39.0000","0.2800","0.0000","96.2000","7.0000","-0.1800","0","96.2000","7.0000","-0.1500","0.0000","96.2000","7.0000","-0.1800","0","96.2000","7.0000","-0.1700","5","0","0"
"AAD2023.12.02810","20","5750","161","Baylor University","Statistical Sciences, Department of","Statistics","12","124.0000","80","109.0000","12","116.0000","6.6700","97.0000","759","108.0000","12","113.0000","1.0000","1.0000","2","107.0000","2","117.0000","1000437.0000","100.0000","5","99.0000","4","93.0000","2","85.0000","2","74.0000","19","22","5","20","18","0.1700","0.3400","51.0000","68.3500","0.1700","-0.2100","74.0000","53.8000","1.0000","0.9100","1.0000","100.0000","6.6700","-0.2300","85.0000","46.8400","1.0000","0.9000","1.0000","100.0000","63.2500","-0.4100","91.0000","43.0400","9.4900","-0.2600","98.0000","38.6100","0.1700","-0.5800","101.0000","36.7100","0.1700","-0.7400","111.0000","30.3800","83369.7500","-0.4100","78.0000","51.2700","500218.5000","1.1200","11.0000","93.6700","0.4200","-0.4400","94.0000","41.1400","0.3300","-0.0600","67.0000","58.2300","-0.1000","77.0000","51.9000","-0.5200","-0.3400","-0.5600","-0.7100","-0.5800","-0.4300","0.5749","-0.5700","-0.4800","-0.4900","-0.5500","-0.7400","-0.6500","-0.7600","41.7700","53.8000","29.1100","32.9100","27.2200","39.2400","100.0000","37.9700","46.8400","32.2800","37.3400","26.5800","31.6500","22.1500","158","10/21/2025 13:27","0","0","0.0000","0.0000","0.0000","139.0000","139.0000","139.0000","139.0000","139.0000","-1.0300","-1.1981","-0.6700","-0.7600","-1.3300","12.6600","12.6600","12.6600","12.6600","12.6600","11","2","57.5900","68.0000","-0.2800","0.1700","65.1900","56.0000","0.2400","3","72.1500","45.0000","0.1900","0","69.6200","49.0000","-0.3500","0.0000","69.6200","49.0000","-0.3800","0","69.6200","49.0000","-0.5000","0.2500","94.3000","10.0000","1.4700","0.0000","69.6200","49.0000","-0.5200","0.0000","96.2000","7.0000","-0.1800","0","96.2000","7.0000","-0.1500","0.0000","96.2000","7.0000","-0.1800","0","96.2000","7.0000","-0.1700","5","0","0"
"AAD2023.12.02810","45","5863","161","Cleveland State University","Mathematics and Statistics, Department of","Statistics","21","60.0000","118","87.0000","16","75.0000","7.3800","90.0000","5012","27.0000","15","80.0000","0.9400","115.0000","4","78.0000","5","91.0000","616221.0000","111.0000","3","116.0000","2","117.0000","9","25.0000","4","39.0000","19","22","5","20","18","0.1900","0.5700","41.0000","74.6800","0.4300","0.9700","22.0000","86.7100","0.7600","-0.8300","129.0000","18.9900","5.6200","-0.4900","104.0000","34.8100","0.7100","-1.0200","135.0000","15.1900","238.6700","0.4300","28.0000","82.9100","42.4700","0.7700","11.0000","93.6700","0.1900","-0.4800","92.0000","42.4100","0.2400","-0.6200","101.0000","36.7100","29343.8600","-0.6400","116.0000","27.2200","123244.2000","-0.5200","117.0000","26.5800","0.1400","-0.7000","132.0000","17.0900","0.1000","-1.0800","133.0000","16.4600","-0.4000","112.0000","29.7500","-0.8000","0.3200","-0.2800","-0.4300","-0.2100","-0.2400","-0.2162","-0.6500","0.5900","0.3700","-0.6100","-0.5600","-0.3400","0.0300","26.5800","75.9500","50.0000","51.2700","53.1600","43.6700","27.8500","27.2200","84.8100","83.5400","30.3800","43.0400","45.5700","62.6600","158","10/21/2025 13:27","1","1","1.0000","0.0500","0.0500","118.0000","106.0000","120.0000","137.0000","137.0000","-0.8200","-0.6277","-0.6200","-0.7000","-1.0400","25.9500","33.5400","24.6800","13.9200","13.9200","11","3","68.3500","51.0000","-0.0300","0.1400","57.5900","68.0000","0.0500","1","43.6700","90.0000","-0.5700","0","69.6200","49.0000","-0.3500","0.0000","69.6200","49.0000","-0.3800","0","69.6200","49.0000","-0.5000","0.0500","29.1100","113.0000","-0.7200","0.0000","69.6200","49.0000","-0.5200","0.0000","96.2000","7.0000","-0.1800","0","96.2000","7.0000","-0.1500","0.0000","96.2000","7.0000","-0.1800","0","96.2000","7.0000","-0.1700","5","0","0"
"AAD2023.12.02810","119","6283","161","Marquette University","Mathematical and Statistical Sciences, Department of","Statistics","16","96.0000","144","71.0000","14","94.0000","10.2900","47.0000","1748","72.0000","14","93.0000","0.9300","122.0000","4","78.0000","8","79.0000","1422941.0000","85.0000","4","109.0000","4","93.0000","12","15.0000","4","39.0000","19","22","5","20","18","0.2500","1.1400","22.0000","86.7100","0.7500","2.4200","5.0000","97.4700","0.8800","-0.0100","99.0000","37.9700","9.0000","0.3500","57.0000","64.5600","0.8800","0.0600","90.0000","43.6700","109.2500","-0.1900","60.0000","62.6600","12.1400","-0.1800","75.0000","53.1600","0.2500","-0.2300","75.0000","53.1600","0.5000","-0.1700","72.0000","55.0600","88933.8100","-0.3800","75.0000","53.1600","177867.6300","-0.2800","85.0000","46.8400","0.2500","-0.6000","109.0000","31.6500","0.2500","-0.4200","95.0000","40.5100","-0.2000","88.0000","44.9400","-0.5200","0.3200","-0.3700","-0.4300","-0.4000","0.5200","-0.2690","-0.6100","1.0500","-0.2900","-0.4700","-0.3800","-0.1300","-0.4100","41.7700","75.9500","41.7700","51.2700","41.1400","70.8900","23.4200","31.6500","91.1400","55.0600","46.8400","50.6300","55.7000","39.8700","158","10/21/2025 13:27","11","4","2.7500","0.6900","0.2500","70.0000","43.0000","60.0000","41.0000","58.0000","-0.1700","0.3704","-0.1100","0.1200","0.1900","56.3300","73.4200","62.6600","74.6800","63.9200","11","3","68.3500","51.0000","-0.0300","0.1900","70.8900","47.0000","0.4100","2","62.0300","61.0000","-0.1900","0","69.6200","49.0000","-0.3500","0.0000","69.6200","49.0000","-0.3800","0","69.6200","49.0000","-0.5000","0.1300","56.9600","69.0000","0.1100","0.0000","69.6200","49.0000","-0.5200","0.0000","96.2000","7.0000","-0.1800","0","96.2000","7.0000","-0.1500","0.0000","96.2000","7.0000","-0.1800","0","96.2000","7.0000","-0.1700","5","0","0"
"AAD2023.12.02810","132","6372","161","Michigan State University","Statistics and Probability, Department of","Statistics","21","60.0000","243","38.0000","20","55.0000","12.1500","22.0000","3446","41.0000","19","58.0000","0.9500","104.0000","11","36.0000","24","35.0000","5255408.0000","42.0000","19","51.0000","9","55.0000","6","44.0000","3","55.0000","19","22","5","20","18","0.1400","0.1100","64.0000","60.1300","0.2900","0.3200","44.0000","72.7800","0.9500","0.5600","60.0000","62.6600","11.5700","1.0000","22.0000","86.7100","0.9000","0.2600","80.0000","50.0000","164.1000","0.0800","40.0000","75.3200","14.1800","-0.1100","59.0000","63.2900","0.5200","0.9400","35.0000","78.4800","1.1400","0.9200","29.0000","82.2800","250257.5200","0.3100","39.0000","75.9500","218975.3300","-0.1100","70.0000","56.3300","0.9000","0.0400","52.0000","67.7200","0.4300","0.3500","53.0000","67.0900","0.4000","39.0000","75.9500","0.1600","-0.0100","0.0800","0.5500","0.1600","1.0100","-0.0580","-0.0200","0.1300","0.0500","0.2100","0.6100","0.6700","0.0300","65.8200","65.8200","63.9200","77.8500","65.8200","86.7100","34.8100","68.3500","72.7800","74.6800","74.0500","78.4800","76.5800","62.6600","158","10/21/2025 13:27","7","4","1.7500","0.3300","0.1900","70.0000","77.0000","79.0000","82.0000","80.0000","-0.1700","-0.1999","-0.3200","-0.3400","-0.1700","56.3300","51.9000","50.6300","48.7300","50.0000","11","1","40.5100","95.0000","-0.5300","0.0500","27.8500","115.0000","-0.7300","1","43.6700","90.0000","-0.5700","0","69.6200","49.0000","-0.3500","0.0000","69.6200","49.0000","-0.3800","0","69.6200","49.0000","-0.5000","0.0500","29.1100","113.0000","-0.7200","0.0000","69.6200","49.0000","-0.5200","0.0000","96.2000","7.0000","-0.1800","0","96.2000","7.0000","-0.1500","0.0000","96.2000","7.0000","-0.1800","0","96.2000","7.0000","-0.1700","5","0","0"
"AAD2023.12.02810","150","6467","161","Northeastern University","Mathematics, Department of","Statistics","36","13.0000","240","39.0000","32","13.0000","7.5000","83.0000","2704","52.0000","31","14.0000","0.9400","114.0000","17","14.0000","36","16.0000","6656131.0000","35.0000","27","37.0000","13","30.0000","12","15.0000","10","5.0000","19","22","5","20","18","0.2800","1.4100","14.0000","91.7700","0.3300","0.5400","35.0000","78.4800","0.8900","0.1000","93.0000","41.7700","6.6700","-0.2300","85.0000","46.8400","0.8600","-0.0300","98.0000","38.6100","75.1100","-0.3500","80.0000","50.0000","11.2700","-0.2100","79.0000","50.6300","0.4700","0.7200","42.0000","74.0500","1.0000","0.6800","36.0000","77.8500","184892.5300","0.0300","54.0000","66.4600","184892.5300","-0.2500","83.0000","48.1000","0.7500","-0.1100","58.0000","63.9200","0.3600","0.0600","65.0000","59.4900","0.0000","67.0000","58.2300","0.7100","2.3200","1.1800","1.4000","1.2600","-0.2100","-0.1922","0.2900","1.0500","-0.1000","0.4500","1.3400","0.6500","1.3500","81.6500","97.4700","91.7700","91.7700","92.4100","48.1000","28.4800","77.2200","91.1400","67.7200","78.4800","90.5100","75.9500","92.4100","158","10/21/2025 13:27","51","6","8.5000","1.4200","0.1700","42.0000","2.0000","7.0000","16.0000","89.0000","0.2600","3.6499","1.9100","1.0500","-0.3200","74.0500","99.3700","96.2000","90.5100","44.3000","11","5","82.9100","28.0000","0.4600","0.1400","53.1600","75.0000","0.0100","5","89.2400","18.0000","0.9500","4","91.1400","15.0000","0.5000","0.1100","85.4400","24.0000","0.3500","1","87.3400","21.0000","0.3800","0.1400","59.4900","65.0000","0.2600","0.0300","70.8900","47.0000","0.1000","0.0000","96.2000","7.0000","-0.1800","0","96.2000","7.0000","-0.1500","0.0000","96.2000","7.0000","-0.1800","0","96.2000","7.0000","-0.1700","5","0","0"
"AAD2023.12.02810","159","6548","161","Old Dominion University","Mathematics and Statistics, Department of","Statistics","24","48.0000","166","58.0000","20","55.0000","8.3000","70.0000","1436","86.0000","19","58.0000","0.9500","104.0000","9","45.0000","14","56.0000","1729774.0000","80.0000","9","86.0000","8","60.0000","8","28.0000","5","28.0000","19","22","5","20","18","0.2100","0.7400","33.0000","79.7500","0.3300","0.5400","35.0000","78.4800","0.8300","-0.3100","110.0000","31.0100","6.9200","-0.1700","82.0000","48.7300","0.7900","-0.5000","120.0000","24.6800","59.8300","-0.4300","96.0000","39.8700","8.6500","-0.2900","109.0000","31.6500","0.3800","0.3100","58.0000","63.9200","0.5800","-0.0300","62.0000","61.3900","72073.9200","-0.4500","86.0000","46.2000","123555.2900","-0.5200","115.0000","27.8500","0.3800","-0.4800","99.0000","37.9700","0.3300","-0.0600","67.0000","58.2300","-0.1000","77.0000","51.9000","0.0300","0.6600","0.0800","0.2700","0.1600","0.0000","-0.0580","-0.4100","0.4400","-0.3500","-0.4200","-0.0100","0.0500","0.3000","62.6600","82.9100","63.9200","72.1500","65.8200","56.3300","34.8100","46.2000","82.9100","46.2000","50.0000","65.1900","63.9200","70.2500","158","10/21/2025 13:27","11","5","2.2000","0.4600","0.2100","50.0000","53.0000","60.0000","65.0000","73.0000","0.0400","0.0567","-0.1100","-0.1800","-0.0700","68.9900","67.0900","62.6600","59.4900","54.4300","11","2","57.5900","68.0000","-0.2800","0.0800","39.8700","96.0000","-0.4400","2","62.0300","61.0000","-0.1900","1","79.7500","33.0000","-0.1300","0.0400","74.0500","42.0000","-0.1100","1","87.3400","21.0000","0.3800","0.0800","44.3000","89.0000","-0.3400","0.0400","77.2200","37.0000","0.4100","0.0000","96.2000","7.0000","-0.1800","0","96.2000","7.0000","-0.1500","0.0000","96.2000","7.0000","-0.1800","0","96.2000","7.0000","-0.1700","5","0","0"
"AAD2023.12.02810","177","6698","161","Rutgers - New Brunswick","Statistics, Department of","Statistics","28","29.0000","261","30.0000","27","26.0000","9.6700","54.0000","4357","35.0000","28","23.0000","1.0000","1.0000","22","7.0000","40","11.0000","7914944.0000","31.0000","38","25.0000","17","18.0000","5","59.0000","4","39.0000","19","22","5","20","18","0.1400","0.1100","64.0000","60.1300","0.1800","-0.1600","71.0000","55.7000","0.9600","0.6500","49.0000","69.6200","9.3200","0.4300","52.0000","67.7200","1.0000","0.9000","1.0000","100.0000","155.6100","0.0300","45.0000","72.1500","16.6900","-0.0400","41.0000","74.6800","0.7900","2.0500","9.0000","94.9400","1.4300","1.4100","20.0000","87.9700","282676.5700","0.4500","32.0000","80.3800","197873.6000","-0.2000","79.0000","50.6300","1.3600","0.4800","33.0000","79.7500","0.6100","1.1100","28.0000","82.9100","0.6000","21.0000","87.3400","1.2600","0.3200","0.9000","2.1000","0.8000","0.3600","0.5749","0.7200","-0.0200","0.2400","0.6800","1.5900","0.8200","0.6500","89.2400","75.9500","86.0800","96.2000","84.1800","66.4600","100.0000","84.8100","63.2900","78.4800","81.0100","93.6700","81.6500","82.2800","158","10/21/2025 13:27","8","4","2.0000","0.2900","0.1400","70.0000","58.0000","73.0000","89.0000","96.0000","-0.1700","-0.0574","-0.2700","-0.4000","-0.4600","56.3300","63.9200","54.4300","44.3000","39.8700","11","9","95.5700","8.0000","1.4500","0.3200","93.6700","11.0000","1.5000","8","98.1000","4.0000","2.0900","1","79.7500","33.0000","-0.1300","0.0400","72.7800","44.0000","-0.1500","1","87.3400","21.0000","0.3800","0.2900","98.1000","4.0000","1.8500","0.0400","75.9500","39.0000","0.2800","0.0400","98.1000","4.0000","3.9000","1","99.3700","2.0000","2.1700","0.0400","98.1000","4.0000","3.5200","1","99.3700","2.0000","3.2300","5","0","0"
"AAD2023.12.02810","205","6708","161","Stony Brook University, State University of New York","Applied Mathematics and Statistics, Department of","Statistics","27","35.0000","291","23.0000","26","29.0000","11.1900","30.0000","6600","20.0000","26","29.0000","1.0000","1.0000","15","22.0000","36","16.0000","13636653.0000","14.0000","18","52.0000","8","60.0000","6","44.0000","4","39.0000","19","22","5","20","18","0.1500","0.1600","63.0000","60.7600","0.2200","0.0400","59.0000","63.2900","0.9600","0.6400","51.0000","68.3500","10.7800","0.8000","31.0000","81.0100","0.9600","0.6500","53.0000","67.0900","244.4400","0.4600","27.0000","83.5400","22.6800","0.1500","24.0000","85.4400","0.5600","1.0700","25.0000","84.8100","1.3300","1.2500","24.0000","85.4400","505061.2200","1.4000","14.0000","91.7700","378795.9200","0.5900","29.0000","82.2800","0.6700","-0.1900","65.0000","59.4900","0.3000","-0.2200","85.0000","46.8400","0.6000","21.0000","87.3400","0.0300","0.3200","0.7200","1.1100","0.7100","0.7600","0.5749","-0.0600","0.1300","0.6900","1.6900","1.3400","1.0600","0.5600","62.6600","75.9500","82.2800","86.7100","82.2800","81.6500","100.0000","67.7200","72.7800","87.9700","91.7700","90.5100","86.0800","78.4800","158","10/21/2025 13:27","109","17","6.4100","4.0400","0.6300","2.0000","6.0000","2.0000","2.0000","3.0000","2.6200","2.4579","4.8600","4.3900","2.4800","99.3700","96.8400","99.3700","99.3700","98.7300","11","3","68.3500","51.0000","-0.0300","0.1100","48.7300","82.0000","-0.2100","2","62.0300","61.0000","-0.1900","4","91.1400","15.0000","0.5000","0.1500","90.5100","16.0000","0.5900","2","93.6700","11.0000","1.2500","0.0700","37.9700","99.0000","-0.4400","0.0700","89.2400","18.0000","1.1300","0.0000","96.2000","7.0000","-0.1800","0","96.2000","7.0000","-0.1500","0.0000","96.2000","7.0000","-0.1800","0","96.2000","7.0000","-0.1700","5","0","0"
"AAD2023.12.02810","212","6898","161","Temple University","Statistics, Operations, and Data Science, Department of","Statistics","19","74.0000","138","73.0000","18","67.0000","7.6700","79.0000","2933","46.0000","17","68.0000","0.9400","109.0000","6","70.0000","10","69.0000","4513350.0000","47.0000","45","17.0000","10","43.0000","7","37.0000","5","28.0000","19","22","5","20","18","0.2600","1.2700","18.0000","89.2400","0.3700","0.7000","31.0000","81.0100","0.9500","0.5200","61.0000","62.0300","7.2600","-0.0800","78.0000","51.2700","0.8900","0.1900","83.0000","48.1000","154.3700","0.0300","46.0000","71.5200","21.2500","0.1100","26.0000","84.1800","0.3200","0.0500","66.0000","58.8600","0.5300","-0.1300","69.0000","56.9600","237544.7400","0.2500","42.0000","74.0500","451335.0000","0.9000","17.0000","89.8700","2.3700","1.4700","11.0000","93.6700","0.5300","0.7600","40.0000","75.3200","0.1000","59.0000","63.2900","0.3000","0.6600","-0.1000","-0.1500","-0.0300","-0.1700","-0.1283","1.0000","0.2800","-0.0500","0.0700","-0.2500","-0.1800","-0.1400","73.4200","82.9100","57.5900","56.3300","58.2300","50.6300","31.6500","89.8700","77.2200","71.5200","70.8900","56.9600","54.4300","53.8000","158","10/21/2025 13:27","0","0","0.0000","0.0000","0.0000","139.0000","139.0000","139.0000","139.0000","139.0000","-1.0300","-1.1981","-0.6700","-0.7600","-1.3300","12.6600","12.6600","12.6600","12.6600","12.6600","11","4","77.2200","37.0000","0.2100","0.2100","77.8500","36.0000","0.6000","3","72.1500","45.0000","0.1900","2","87.9700","20.0000","0.0800","0.1100","82.9100","28.0000","0.3100","1","87.3400","21.0000","0.3800","0.1600","67.7200","52.0000","0.4700","0.0500","82.9100","28.0000","0.6500","0.0000","96.2000","7.0000","-0.1800","0","96.2000","7.0000","-0.1500","0.0000","96.2000","7.0000","-0.1800","0","96.2000","7.0000","-0.1700","5","0","0"
"AAD2023.12.02810","289","7769","161","University of Maryland, College Park","Mathematics, Department of","Statistics","57","3.0000","475","4.0000","52","2.0000","9.1300","61.0000","4998","28.0000","53","2.0000","0.9800","92.0000","39","1.0000","95","1.0000","20399891.0000","4.0000","113","3.0000","42","1.0000","25","5.0000","17","1.0000","19","22","5","20","18","0.3000","1.6100","11.0000","93.6700","0.4400","1.0100","20.0000","87.9700","0.9100","0.2700","84.0000","47.4700","8.3300","0.1900","62.0000","61.3900","0.9300","0.4300","70.0000","56.3300","87.6800","-0.2900","70.0000","56.3300","10.5200","-0.2300","87.0000","45.5700","0.6800","1.6200","14.0000","91.7700","1.6700","1.8200","9.0000","94.9400","357892.8200","0.7700","24.0000","85.4400","214735.6900","-0.1200","72.0000","55.0600","1.9800","1.1000","16.0000","90.5100","0.7400","1.6600","12.0000","93.0400","0.4000","39.0000","75.9500","4.7000","4.6400","3.1800","4.4800","3.1100","0.2200","0.3405","3.6600","3.0300","0.3700","2.8900","4.9600","2.5500","3.1900","100.0000","100.0000","99.3700","100.0000","99.3700","62.0300","42.4100","98.7300","97.4700","82.9100","98.1000","100.0000","98.1000","98.7300","158","10/21/2025 13:27","15","5","3.0000","0.2600","0.0900","50.0000","33.0000","43.0000","95.0000","123.0000","0.0400","0.5130","0.0900","-0.4300","-0.8000","68.9900","79.7500","73.4200","40.5100","22.7800","11","16","99.3700","2.0000","3.1800","0.2800","90.5100","16.0000","1.1600","13","99.3700","2.0000","3.9900","8","94.3000","10.0000","1.3600","0.1400","88.6100","19.0000","0.5400","2","93.6700","11.0000","1.2500","0.2300","87.3400","21.0000","1.2300","0.0400","74.6800","41.0000","0.2600","0.0000","96.2000","7.0000","-0.1800","0","96.2000","7.0000","-0.1500","0.0000","96.2000","7.0000","-0.1800","0","96.2000","7.0000","-0.1700","5","0","0"
"AAD2023.12.02810","306","7934","161","Missouri University of Science and Technology","Mathematics and Statistics, Department of","Statistics","15","104.0000","176","56.0000","14","94.0000","12.5700","20.0000","2252","58.0000","14","93.0000","0.9300","122.0000","4","78.0000","10","69.0000","1228067.0000","91.0000","10","80.0000","7","66.0000","4","64.0000","3","55.0000","19","22","5","20","18","0.2000","0.6600","34.0000","79.1100","0.2700","0.2400","49.0000","69.6200","0.9300","0.4200","69.0000","56.9600","11.7300","1.0400","21.0000","87.3400","0.9300","0.4500","66.0000","58.8600","150.1300","0.0100","47.0000","70.8900","12.8000","-0.1600","66.0000","58.8600","0.2700","-0.1500","74.0000","53.8000","0.6700","0.1100","55.0000","65.8200","81871.1300","-0.4100","81.0000","49.3700","122806.7000","-0.5200","118.0000","25.9500","0.6700","-0.1900","65.0000","59.4900","0.4700","0.5100","46.0000","71.5200","0.2000","52.0000","67.7200","-0.1100","-0.0100","-0.3700","-0.4300","-0.4000","1.1200","-0.2690","-0.3700","-0.1700","-0.1900","-0.5100","-0.2500","0.1300","-0.4900","58.8600","65.8200","41.7700","51.2700","41.1400","87.9700","23.4200","50.0000","60.1300","63.9200","43.0400","56.9600","65.1900","34.8100","158","10/21/2025 13:27","11","5","2.2000","0.7300","0.3300","50.0000","53.0000","60.0000","39.0000","36.0000","0.0400","0.0567","-0.1100","0.1700","0.6900","68.9900","67.0900","62.6600","75.9500","77.8500","11","0","22.1500","124.0000","-0.7700","0.0000","22.1500","124.0000","-1.1100","0","22.1500","124.0000","-0.9500","0","69.6200","49.0000","-0.3500","0.0000","69.6200","49.0000","-0.3800","0","69.6200","49.0000","-0.5000","0.0000","22.1500","124.0000","-1.2400","0.0000","69.6200","49.0000","-0.5200","0.0000","96.2000","7.0000","-0.1800","0","96.2000","7.0000","-0.1500","0.0000","96.2000","7.0000","-0.1800","0","96.2000","7.0000","-0.1700","5","0","0"
"AAD2023.12.02810","308","8034","161","University of Nebraska - Lincoln","Statistics, Department of","Statistics","11","130.0000","123","83.0000","11","121.0000","11.1800","31.0000","2157","62.0000","11","121.0000","1.0000","1.0000","2","107.0000","2","117.0000","1751641.0000","79.0000","12","74.0000","5","82.0000","1","102.0000","1","98.0000","19","22","5","20","18","0.0900","-0.4000","100.0000","37.3400","0.0900","-0.5600","106.0000","33.5400","1.0000","0.9100","1.0000","100.0000","11.1800","0.9000","27.0000","83.5400","1.0000","0.9000","1.0000","100.0000","196.0900","0.2300","34.0000","79.1100","17.5400","-0.0100","38.0000","76.5800","0.1800","-0.5200","95.0000","40.5100","0.1800","-0.7200","110.0000","31.0100","159240.0900","-0.0800","63.0000","60.7600","875820.5000","2.7500","5.0000","97.4700","1.0900","0.2200","46.0000","71.5200","0.4500","0.4600","47.0000","70.8900","0.4000","39.0000","75.9500","-0.3900","-0.6700","-0.6500","-0.7100","-0.6700","0.7500","0.5749","-0.3000","-0.6300","-0.2100","-0.4100","-0.7400","-0.3000","-0.8400","48.7300","38.6100","24.0500","32.9100","24.0500","81.0100","100.0000","53.8000","36.0800","61.3900","50.6300","26.5800","48.1000","18.3500","158","10/21/2025 13:27","2","2","1.0000","0.1800","0.1800","101.0000","106.0000","114.0000","108.0000","83.0000","-0.6000","-0.6277","-0.5700","-0.5300","-0.2300","36.7100","33.5400","28.4800","32.2800","48.1000","11","2","57.5900","68.0000","-0.2800","0.1800","69.6200","49.0000","0.3600","2","62.0300","61.0000","-0.1900","0","69.6200","49.0000","-0.3500","0.0000","69.6200","49.0000","-0.3800","0","69.6200","49.0000","-0.5000","0.1800","74.6800","41.0000","0.7300","0.0000","69.6200","49.0000","-0.5200","0.0000","96.2000","7.0000","-0.1800","0","96.2000","7.0000","-0.1500","0.0000","96.2000","7.0000","-0.1800","0","96.2000","7.0000","-0.1700","5","0","0"
"AAD2023.12.02810","341","8171","161","University of Toledo, The","Mathematics and Statistics, Department of","Statistics","17","88.0000","63","123.0000","13","105.0000","4.8500","129.0000","232","142.0000","12","113.0000","0.8600","143.0000","2","107.0000","2","117.0000","157400.0000","131.0000","4","109.0000","4","93.0000","0","129.0000","0","129.0000","19","22","5","20","18","0.0000","-1.2800","129.0000","18.9900","0.0000","-0.9700","129.0000","18.9900","0.7600","-0.8100","128.0000","19.6200","3.7100","-0.9700","130.0000","18.3500","0.7100","-1.0800","138.0000","13.2900","13.6500","-0.6500","146.0000","8.2300","3.6800","-0.4400","153.0000","3.8000","0.1200","-0.7900","117.0000","26.5800","0.1200","-0.8300","126.0000","20.8900","9258.8200","-0.7200","134.0000","15.8200","78700.0000","-0.7200","130.0000","18.3500","0.2400","-0.6100","114.0000","28.4800","0.2400","-0.4800","103.0000","35.4400","-0.7000","129.0000","18.9900","-0.5200","-1.0100","-0.5600","-0.7100","-0.4900","-0.9100","-1.2334","-0.6100","-0.7800","-0.6000","-0.7000","-0.7400","-0.7900","-0.3200","41.7700","18.9900","29.1100","32.9100","34.1800","18.9900","10.1300","31.6500","18.9900","10.7600","17.7200","26.5800","22.7800","44.9400","158","10/21/2025 13:27","1","1","1.0000","0.0600","0.0600","118.0000","106.0000","120.0000","131.0000","132.0000","-0.8200","-0.6277","-0.6200","-0.6900","-0.9700","25.9500","33.5400","24.6800","17.7200","17.0900","11","1","40.5100","95.0000","-0.5300","0.0600","32.2800","108.0000","-0.6300","1","43.6700","90.0000","-0.5700","0","69.6200","49.0000","-0.3500","0.0000","69.6200","49.0000","-0.3800","0","69.6200","49.0000","-0.5000","0.0600","34.1800","105.0000","-0.6000","0.0000","69.6200","49.0000","-0.5200","0.0000","96.2000","7.0000","-0.1800","0","96.2000","7.0000","-0.1500","0.0000","96.2000","7.0000","-0.1800","0","96.2000","7.0000","-0.1700","5","0","0"
"AAD2023.12.02810","344","8244","161","University of Vermont, The","Mathematics and Statistics, Department of","Statistics","22","55.0000","219","42.0000","20","55.0000","10.9500","35.0000","4214","37.0000","21","46.0000","1.0000","1.0000","9","45.0000","12","61.0000","2526189.0000","64.0000","14","68.0000","7","66.0000","2","85.0000","2","74.0000","19","22","5","20","18","0.0900","-0.4000","100.0000","37.3400","0.0900","-0.5600","106.0000","33.5400","0.9100","0.2400","85.0000","46.8400","9.9500","0.5900","44.0000","72.7800","0.9500","0.5900","58.0000","63.9200","191.5500","0.2100","36.0000","77.8500","19.2400","0.0400","31.0000","81.0100","0.4100","0.4500","51.0000","68.3500","0.5500","-0.1000","67.0000","58.2300","114826.7700","-0.2700","69.0000","56.9600","210515.7500","-0.1400","75.0000","53.1600","0.6400","-0.2200","73.0000","54.4300","0.3200","-0.1200","77.0000","51.9000","0.2000","52.0000","67.7200","-0.1100","-0.3400","0.2600","0.2700","0.1600","0.6900","0.5749","-0.2200","-0.4800","0.2100","-0.2800","-0.1300","0.4800","0.1200","58.8600","53.8000","71.5200","72.1500","65.8200","78.4800","100.0000","57.5900","46.8400","77.2200","60.1300","62.0300","74.0500","65.8200","158","10/21/2025 13:27","24","12","2.0000","1.0900","0.5500","12.0000","58.0000","24.0000","24.0000","9.0000","1.5500","-0.0574","0.5400","0.6300","1.9700","93.0400","63.9200","85.4400","85.4400","94.9400","11","6","87.3400","21.0000","0.7100","0.2700","89.8700","17.0000","1.1000","5","89.2400","18.0000","0.9500","1","79.7500","33.0000","-0.1300","0.0500","75.9500","39.0000","-0.0800","1","87.3400","21.0000","0.3800","0.2300","86.7100","22.0000","1.2200","0.0500","79.1100","34.0000","0.4900","0.0500","99.3700","2.0000","5.0100","1","99.3700","2.0000","2.1700","0.0500","98.7300","3.0000","4.5300","1","99.3700","2.0000","3.2300","5","0","0"
"AAD2023.12.02810","347","8425","161","University of Wisconsin - Madison","Statistics, Department of","Statistics","28","29.0000","318","18.0000","28","20.0000","11.3600","28.0000","5022","26.0000","27","27.0000","0.9600","98.0000","15","22.0000","32","23.0000","7925390.0000","30.0000","37","26.0000","17","18.0000","3","71.0000","1","98.0000","19","22","5","20","18","0.0400","-0.9300","127.0000","20.2500","0.1100","-0.4800","101.0000","36.7100","1.0000","0.9100","1.0000","100.0000","11.3600","0.9400","25.0000","84.8100","0.9600","0.6600","51.0000","68.3500","179.3600","0.1500","38.0000","76.5800","15.7900","-0.0600","49.0000","69.6200","0.5400","0.9900","31.0000","81.0100","1.1400","0.9200","29.0000","82.2800","283049.6400","0.4500","31.0000","81.0100","247668.4400","0.0200","62.0000","61.3900","1.3200","0.4500","36.0000","77.8500","0.6100","1.1100","28.0000","82.9100","0.6000","21.0000","87.3400","1.2600","-0.6700","0.8100","1.1100","0.8900","0.8000","0.1228","0.6800","-0.3300","0.3700","0.6800","1.1000","1.2800","0.6500","89.2400","38.6100","83.5400","86.7100","87.9700","82.9100","38.6100","84.1800","55.7000","84.1800","81.6500","86.0800","89.2400","82.2800","158","10/21/2025 13:27","5","5","1.0000","0.1800","0.1800","50.0000","106.0000","90.0000","109.0000","84.0000","0.0400","-0.6277","-0.4200","-0.5300","-0.2500","68.9900","33.5400","43.6700","31.6500","47.4700","11","1","40.5100","95.0000","-0.5300","0.0400","24.6800","120.0000","-0.8200","1","43.6700","90.0000","-0.5700","3","89.8700","17.0000","0.2900","0.1100","83.5400","27.0000","0.3200","2","93.6700","11.0000","1.2500","0.0400","25.3200","119.0000","-0.8500","0.0700","88.6100","19.0000","1.0700","0.0000","96.2000","7.0000","-0.1800","0","96.2000","7.0000","-0.1500","0.0000","96.2000","7.0000","-0.1800","0","96.2000","7.0000","-0.1700","5","0","0"
"AAD2023.12.02810","350","8471","161","Utah State University","Mathematics and Statistics, Department of","Statistics","32","18.0000","173","57.0000","28","20.0000","6.1800","108.0000","2004","64.0000","26","29.0000","0.9000","133.0000","8","54.0000","10","69.0000","1387294.0000","87.0000","15","65.0000","10","43.0000","2","85.0000","2","74.0000","19","22","5","20","18","0.0600","-0.6700","112.0000","29.7500","0.0600","-0.6800","114.0000","28.4800","0.8800","-0.0100","99.0000","37.9700","5.4100","-0.5400","107.0000","32.9100","0.8100","-0.3600","116.0000","27.2200","62.6300","-0.4100","92.0000","42.4100","11.5800","-0.2000","77.0000","51.9000","0.2500","-0.2300","75.0000","53.1600","0.3100","-0.4900","87.0000","45.5700","43352.9400","-0.5800","103.0000","35.4400","138729.4000","-0.4500","101.0000","36.7100","0.4700","-0.3800","88.0000","44.9400","0.3100","-0.1500","80.0000","50.0000","-0.4000","112.0000","29.7500","0.3000","-0.3400","0.7200","0.1300","0.8900","-0.5600","-0.7345","-0.1800","-0.4800","-0.2400","-0.4800","-0.2500","0.1000","1.0000","73.4200","53.8000","82.2800","66.4600","87.9700","32.2800","16.4600","59.4900","46.8400","60.1300","45.5700","56.9600","64.5600","89.2400","158","10/21/2025 13:27","9","3","3.0000","0.2800","0.0900","85.0000","33.0000","69.0000","92.0000","120.0000","-0.3900","0.5130","-0.2200","-0.4000","-0.7600","46.8400","79.7500","56.9600","42.4100","24.6800","11","1","40.5100","95.0000","-0.5300","0.0300","24.0500","121.0000","-0.8600","1","43.6700","90.0000","-0.5700","0","69.6200","49.0000","-0.3500","0.0000","69.6200","49.0000","-0.3800","0","69.6200","49.0000","-0.5000","0.0300","24.6800","120.0000","-0.9000","0.0000","69.6200","49.0000","-0.5200","0.0000","96.2000","7.0000","-0.1800","0","96.2000","7.0000","-0.1500","0.0000","96.2000","7.0000","-0.1800","0","96.2000","7.0000","-0.1700","5","0","0"
"AAD2023.12.02810","358","8606","161","Washington University in St. Louis","Mathematics and Statistics, Department of","Statistics","32","18.0000","265","28.0000","30","16.0000","8.8300","64.0000","1779","70.0000","29","17.0000","0.9700","97.0000","24","4.0000","61","3.0000","8296114.0000","27.0000","37","26.0000","17","18.0000","39","1.0000","9","6.0000","19","22","5","20","18","0.2800","1.4500","13.0000","92.4100","1.2200","4.5400","2.0000","99.3700","0.9400","0.4500","67.0000","58.2300","8.2800","0.1800","65.0000","59.4900","0.9100","0.2700","78.0000","51.2700","55.5900","-0.4500","103.0000","35.4400","6.7100","-0.3500","121.0000","24.0500","0.7500","1.9000","11.0000","93.6700","1.9100","2.2300","7.0000","96.2000","259253.5600","0.3500","37.0000","77.2200","136001.8700","-0.4700","103.0000","35.4400","1.1600","0.2900","41.0000","74.6800","0.5300","0.7900","39.0000","75.9500","0.1000","59.0000","63.2900","1.2600","1.9900","0.9900","2.3800","1.0800","0.1400","0.1530","0.6800","5.1700","-0.2800","0.7400","2.8700","0.8500","1.0000","89.2400","96.8400","89.8700","98.1000","90.5100","60.1300","39.2400","84.1800","100.0000","56.3300","83.5400","98.7300","82.9100","89.2400","158","10/21/2025 13:27","1","1","1.0000","0.0300","0.0300","118.0000","106.0000","120.0000","138.0000","138.0000","-0.8200","-0.6277","-0.6200","-0.7200","-1.1400","25.9500","33.5400","24.6800","13.2900","13.2900","11","5","82.9100","28.0000","0.4600","0.1600","61.3900","62.0000","0.1600","3","72.1500","45.0000","0.1900","0","69.6200","49.0000","-0.3500","0.0000","69.6200","49.0000","-0.3800","0","69.6200","49.0000","-0.5000","0.0900","47.4700","84.0000","-0.2200","0.0000","69.6200","49.0000","-0.5200","0.0300","97.4700","5.0000","3.3900","1","99.3700","2.0000","2.1700","0.0300","97.4700","5.0000","3.0600","1","99.3700","2.0000","3.2300","5","0","0"
"AAD2023.12.02810","198","8702","161","Stanford University","Statistics, Department of","Statistics","22","55.0000","374","9.0000","22","43.0000","17.0000","6.0000","29571","2.0000","22","39.0000","1.0000","1.0000","18","11.0000","52","6.0000","25073468.0000","2.0000","163","1.0000","21","9.0000","14","11.0000","9","6.0000","19","22","5","20","18","0.4100","2.6800","2.0000","99.3700","0.6400","1.9100","10.0000","94.3000","1.0000","0.9100","1.0000","100.0000","17.0000","2.3500","4.0000","98.1000","1.0000","0.9000","1.0000","100.0000","1344.1400","5.7400","1.0000","100.0000","79.0700","1.9100","4.0000","98.1000","0.8200","2.1900","4.0000","98.1000","2.3600","3.0100","1.0000","100.0000","1139703.0900","4.1100","3.0000","98.7300","482182.0800","1.0400","14.0000","91.7700","7.4100","6.4000","1.0000","100.0000","0.9500","2.5900","1.0000","100.0000","1.5000","1.0000","100.0000","1.8100","1.9900","0.3600","1.5400","0.3400","2.2900","0.5749","5.6200","1.3500","5.3400","3.7100","2.3200","1.7300","0.1200","94.9400","96.8400","75.9500","93.6700","73.4200","96.8400","100.0000","100.0000","93.6700","99.3700","99.3700","96.8400","94.9400","65.8200","158","10/21/2025 13:27","15","8","1.8800","0.6800","0.3600","28.0000","72.0000","43.0000","43.0000","29.0000","0.6900","-0.1258","0.0900","0.1100","0.8700","82.9100","55.0600","73.4200","73.4200","82.2800","11","5","82.9100","28.0000","0.4600","0.2300","82.2800","29.0000","0.7300","6","92.4100","13.0000","1.3300","23","99.3700","2.0000","4.5500","1.0500","99.3700","2.0000","6.4300","6","100.0000","1.0000","4.7300","0.2700","96.8400","6.0000","1.7100","0.2700","100.0000","1.0000","5.5800","0.0000","96.2000","7.0000","-0.1800","0","96.2000","7.0000","-0.1500","0.0000","96.2000","7.0000","-0.1800","0","96.2000","7.0000","-0.1700","5","0","0"
"AAD2023.12.02810","60","8802","161","Duke University","Statistical Sciences, Department of","Statistics","20","65.0000","330","16.0000","20","55.0000","16.5000","7.0000","5773","22.0000","20","51.0000","1.0000","1.0000","13","28.0000","42","10.0000","17998317.0000","6.0000","67","11.0000","17","18.0000","6","44.0000","3","55.0000","19","22","5","20","18","0.1500","0.1800","59.0000","63.2900","0.3000","0.3900","43.0000","73.4200","1.0000","0.9100","1.0000","100.0000","16.5000","2.2300","6.0000","96.8400","1.0000","0.9000","1.0000","100.0000","288.6500","0.6700","20.0000","87.9700","17.4900","-0.0100","39.0000","75.9500","0.6500","1.4700","15.0000","91.1400","2.1000","2.5600","5.0000","97.4700","899915.8500","3.0900","5.0000","97.4700","428531.3600","0.8100","21.0000","87.3400","3.3500","2.4300","5.0000","97.4700","0.8500","2.1500","3.0000","98.7300","1.2000","4.0000","98.1000","1.2600","-0.0100","0.1700","0.8300","0.1600","2.1500","0.5749","1.8600","0.1300","0.5200","2.4600","1.7100","1.3700","-0.0600","89.2400","65.8200","68.3500","82.9100","65.8200","96.2000","100.0000","93.6700","72.7800","86.7100","96.8400","94.3000","90.5100","59.4900","158","10/21/2025 13:27","21","11","1.9100","1.0500","0.5500","13.0000","70.0000","26.0000","29.0000","8.0000","1.3300","-0.1087","0.3900","0.5800","2.0000","92.4100","56.3300","84.1800","82.2800","95.5700","11","6","87.3400","21.0000","0.7100","0.3000","92.4100","13.0000","1.3200","4","84.1800","26.0000","0.5700","1","79.7500","33.0000","-0.1300","0.0500","77.8500","36.0000","-0.0500","1","87.3400","21.0000","0.3800","0.2000","81.6500","30.0000","0.9300","0.0500","82.2800","29.0000","0.6000","0.0000","96.2000","7.0000","-0.1800","0","96.2000","7.0000","-0.1500","0.0000","96.2000","7.0000","-0.1800","0","96.2000","7.0000","-0.1700","5","0","0"
"AAD2023.12.02810","102","8867","161","Johns Hopkins University","Applied Mathematics and Statistics, Department of","Statistics","18","78.0000","216","44.0000","18","67.0000","12.0000","23.0000","11942","9.0000","18","65.0000","1.0000","1.0000","10","39.0000","28","29.0000","13826863.0000","13.0000","27","37.0000","10","43.0000","3","71.0000","2","74.0000","19","22","5","20","18","0.1100","-0.2000","84.0000","47.4700","0.1700","-0.2100","74.0000","53.8000","1.0000","0.9100","1.0000","100.0000","12.0000","1.1000","18.0000","89.2400","1.0000","0.9000","1.0000","100.0000","663.4400","2.4700","6.0000","96.8400","55.2900","1.1700","7.0000","96.2000","0.5600","1.0700","25.0000","84.8100","1.5600","1.6300","15.0000","91.1400","768159.0600","2.5200","6.0000","96.8400","493816.5400","1.0900","13.0000","92.4100","1.5000","0.6200","26.0000","84.1800","0.5600","0.8900","35.0000","78.4800","0.7000","16.0000","90.5100","0.3000","-0.3400","-0.0100","0.4100","-0.0300","0.9700","0.5749","0.2900","-0.3300","1.7700","1.7200","0.8500","0.4500","-0.2300","73.4200","53.8000","59.4900","75.9500","58.2300","86.0800","100.0000","77.2200","55.7000","94.9400","92.4100","82.2800","72.7800","51.2700","158","10/21/2025 13:27","36","9","4.0000","2.0000","0.5000","21.0000","17.0000","15.0000","8.0000","11.0000","0.9000","1.0833","1.1500","1.7900","1.7000","87.3400","89.8700","91.1400","95.5700","93.6700","11","2","57.5900","68.0000","-0.2800","0.1100","48.7300","82.0000","-0.2100","2","62.0300","61.0000","-0.1900","3","89.8700","17.0000","0.2900","0.1700","91.7700","14.0000","0.7100","3","96.2000","7.0000","2.1200","0.1100","53.8000","74.0000","-0.0400","0.1700","99.3700","2.0000","3.2100","0.0000","96.2000","7.0000","-0.1800","0","96.2000","7.0000","-0.1500","0.0000","96.2000","7.0000","-0.1800","0","96.2000","7.0000","-0.1700","5","0","0"
"AAD2023.12.02810","114","8901","161","Loyola University Chicago","Mathematics and Statistics, Department of","Statistics","20","65.0000","77","112.0000","16","75.0000","4.8100","131.0000","491","119.0000","17","68.0000","1.0000","1.0000","3","92.0000","4","98.0000","259216.0000","125.0000","12","74.0000","4","93.0000","0","129.0000","0","129.0000","19","22","5","20","18","0.0000","-1.2800","129.0000","18.9900","0.0000","-0.9700","129.0000","18.9900","0.8000","-0.5500","121.0000","24.0500","3.8500","-0.9300","129.0000","18.9900","0.8500","-0.1100","105.0000","34.1800","24.5500","-0.6000","129.0000","18.9900","6.3800","-0.3600","125.0000","21.5200","0.1500","-0.6500","109.0000","31.6500","0.2000","-0.6900","107.0000","32.9100","12960.8000","-0.7100","130.0000","18.3500","64804.0000","-0.7800","135.0000","15.1900","0.6000","-0.2600","75.0000","53.1600","0.2000","-0.6300","107.0000","32.9100","-0.6000","125.0000","21.5200","-0.5200","-1.0100","-0.1000","-0.5700","-0.2100","-0.9200","0.5749","-0.3000","-0.7800","-0.5500","-0.6800","-0.6200","-0.6700","-0.0600","41.7700","18.9900","57.5900","42.4100","53.1600","17.7200","100.0000","53.8000","18.9900","25.3200","21.5200","38.6100","29.7500","59.4900","158","10/21/2025 13:27","1","1","1.0000","0.0500","0.0500","118.0000","106.0000","120.0000","135.0000","135.0000","-0.8200","-0.6277","-0.6200","-0.7000","-1.0200","25.9500","33.5400","24.6800","15.1900","15.1900","11","2","57.5900","68.0000","-0.2800","0.1000","44.3000","89.0000","-0.3000","3","72.1500","45.0000","0.1900","0","69.6200","49.0000","-0.3500","0.0000","69.6200","49.0000","-0.3800","0","69.6200","49.0000","-0.5000","0.1500","65.8200","55.0000","0.3900","0.0000","69.6200","49.0000","-0.5200","0.0000","96.2000","7.0000","-0.1800","0","96.2000","7.0000","-0.1500","0.0000","96.2000","7.0000","-0.1800","0","96.2000","7.0000","-0.1700","5","0","0"
"AAD2023.12.02810","153","9061","161","Northwestern University","Statistics, Department of","Statistics","14","116.0000","84","105.0000","13","105.0000","6.4600","102.0000","4429","33.0000","14","93.0000","1.0000","1.0000","4","78.0000","12","61.0000","8508408.0000","26.0000","30","34.0000","6","71.0000","12","15.0000","4","39.0000","19","22","5","20","18","0.2900","1.4900","12.0000","93.0400","0.8600","2.9000","4.0000","98.1000","0.9300","0.3900","76.0000","52.5300","6.0000","-0.3900","98.0000","38.6100","1.0000","0.9000","1.0000","100.0000","316.3600","0.8100","18.0000","89.2400","52.7300","1.0900","8.0000","95.5700","0.2900","-0.0700","70.0000","56.3300","0.8600","0.4400","42.0000","74.0500","607743.4300","1.8400","10.0000","94.3000","709034.0000","2.0300","6.0000","96.8400","2.1400","1.2500","13.0000","92.4100","0.4300","0.3500","53.0000","67.0900","0.3000","47.0000","70.8900","-0.2500","0.3200","-0.3700","-0.4300","-0.4900","-0.4900","0.5749","0.4100","1.0500","0.2500","0.7800","-0.1300","-0.6200","-0.5800","55.7000","75.9500","41.7700","51.2700","34.1800","36.0800","100.0000","79.1100","91.1400","79.7500","84.1800","62.0300","34.1800","27.2200","158","10/21/2025 13:27","38","5","7.6000","2.7100","0.3600","50.0000","3.0000","11.0000","4.0000","30.0000","0.0400","3.1366","1.2500","2.7100","0.8300","68.9900","98.7300","93.6700","98.1000","81.6500","11","2","57.5900","68.0000","-0.2800","0.1400","57.5900","68.0000","0.0500","2","62.0300","61.0000","-0.1900","2","87.9700","20.0000","0.0800","0.1400","89.2400","18.0000","0.5500","1","87.3400","21.0000","0.3800","0.1400","65.1900","56.0000","0.3100","0.0700","88.6100","19.0000","1.0700","0.0000","96.2000","7.0000","-0.1800","0","96.2000","7.0000","-0.1500","0.0000","96.2000","7.0000","-0.1800","0","96.2000","7.0000","-0.1700","5","0","0"
"AAD2023.12.02810","168","9115","161","Purdue University","Statistics, Department of","Statistics","34","16.0000","255","33.0000","32","13.0000","7.9700","76.0000","2868","50.0000","33","12.0000","1.0000","1.0000","14","25.0000","25","32.0000","6035222.0000","39.0000","45","17.0000","21","9.0000","17","10.0000","6","20.0000","19","22","5","20","18","0.1800","0.4300","49.0000","69.6200","0.5000","1.2900","13.0000","92.4100","0.9400","0.4800","65.0000","59.4900","7.5000","-0.0200","73.0000","54.4300","0.9700","0.7000","47.0000","70.8900","84.3500","-0.3100","73.0000","54.4300","11.2500","-0.2100","81.0000","49.3700","0.4100","0.4600","49.0000","69.6200","0.7400","0.2300","50.0000","68.9900","177506.5300","0.0000","57.0000","64.5600","241408.8800","-0.0100","64.0000","60.1300","1.3200","0.4500","35.0000","78.4800","0.6200","1.1500","26.0000","84.1800","0.2000","52.0000","67.7200","1.8100","0.9900","1.3600","0.9700","1.2600","-0.0900","0.5749","1.0000","1.8100","-0.0600","0.3400","0.6700","0.7700","1.1700","94.9400","87.9700","93.0400","84.8100","92.4100","52.5300","100.0000","89.8700","94.3000","68.9900","75.9500","80.3800","79.7500","90.5100","158","10/21/2025 13:27","38","14","2.7100","1.1200","0.4100","7.0000","44.0000","11.0000","23.0000","20.0000","1.9800","0.3476","1.2500","0.6700","1.1600","96.2000","72.7800","93.6700","86.0800","87.9700","11","2","57.5900","68.0000","-0.2800","0.0600","32.2800","108.0000","-0.6300","1","43.6700","90.0000","-0.5700","5","93.0400","12.0000","0.7200","0.1500","89.8700","17.0000","0.5800","3","96.2000","7.0000","2.1200","0.0300","23.4200","122.0000","-0.9200","0.0900","93.0400","12.0000","1.4500","0.0000","96.2000","7.0000","-0.1800","0","96.2000","7.0000","-0.1500","0.0000","96.2000","7.0000","-0.1800","0","96.2000","7.0000","-0.1700","5","0","0"
"AAD2023.12.02810","305","9462","161","University of Missouri - Kansas City, The","Mathematics and Statistics, Department of","Statistics","7","144.0000","44","137.0000","7","137.0000","6.2900","106.0000","234","141.0000","6","141.0000","0.8600","143.0000","2","107.0000","2","117.0000","144358.0000","132.0000","2","127.0000","1","131.0000","0","129.0000","0","129.0000","19","22","5","20","18","0.0000","-1.2800","129.0000","18.9900","0.0000","-0.9700","129.0000","18.9900","1.0000","0.9100","1.0000","100.0000","6.2900","-0.3200","91.0000","43.0400","0.8600","-0.0600","99.0000","37.9700","33.4300","-0.5500","125.0000","21.5200","5.3200","-0.3900","137.0000","13.9200","0.2900","-0.0700","70.0000","56.3300","0.2900","-0.5400","94.0000","41.1400","20622.5700","-0.6700","122.0000","23.4200","72179.0000","-0.7400","132.0000","17.0900","0.2900","-0.5600","105.0000","34.1800","0.1400","-0.8700","124.0000","22.1500","-0.3000","99.0000","37.9700","-0.9400","-1.0100","-1.1000","-0.7100","-1.0400","-0.5300","-1.2334","-0.6900","-0.7800","-0.6000","-0.7000","-0.7400","-0.9400","-1.1900","17.7200","18.9900","11.3900","32.9100","13.9200","33.5400","10.1300","20.2500","18.9900","11.3900","17.0900","26.5800","13.9200","9.4900","158","10/21/2025 13:27","0","0","0.0000","0.0000","0.0000","139.0000","139.0000","139.0000","139.0000","139.0000","-1.0300","-1.1981","-0.6700","-0.7600","-1.3300","12.6600","12.6600","12.6600","12.6600","12.6600","11","0","22.1500","124.0000","-0.7700","0.0000","22.1500","124.0000","-1.1100","0","22.1500","124.0000","-0.9500","0","69.6200","49.0000","-0.3500","0.0000","69.6200","49.0000","-0.3800","0","69.6200","49.0000","-0.5000","0.0000","22.1500","124.0000","-1.2400","0.0000","69.6200","49.0000","-0.5200","0.0000","96.2000","7.0000","-0.1800","0","96.2000","7.0000","-0.1500","0.0000","96.2000","7.0000","-0.1800","0","96.2000","7.0000","-0.1700","5","0","0"
"AAD2023.12.02810","334","9557","161","University of South Florida","Mathematics and Statistics, Department of","Statistics","35","14.0000","362","10.0000","33","12.0000","10.9700","34.0000","7100","18.0000","30","16.0000","0.8800","135.0000","10","39.0000","23","36.0000","3824342.0000","52.0000","18","52.0000","11","38.0000","31","2.0000","9","6.0000","19","22","5","20","18","0.2600","1.2100","20.0000","87.9700","0.8900","3.0300","3.0000","98.7300","0.9400","0.4900","64.0000","60.1300","10.3400","0.6900","39.0000","75.9500","0.8600","-0.0600","99.0000","37.9700","202.8600","0.2600","33.0000","79.7500","19.6100","0.0500","29.0000","82.2800","0.2900","-0.0700","70.0000","56.3300","0.6600","0.0900","56.0000","65.1900","109266.9100","-0.2900","70.0000","56.3300","166275.7400","-0.3400","91.0000","43.0400","0.5100","-0.3400","85.0000","46.8400","0.3100","-0.1400","79.0000","50.6300","-0.2000","88.0000","44.9400","0.4400","1.9900","1.0800","0.4100","1.3500","0.7000","-0.9143","-0.0600","3.9500","0.7900","-0.0500","0.5400","1.6300","1.2600","76.5800","96.8400","90.5100","75.9500","93.0400","79.1100","15.1900","67.7200","99.3700","89.2400","67.7200","77.8500","94.3000","91.7700","158","10/21/2025 13:27","37","11","3.3600","1.0600","0.3100","13.0000","29.0000","13.0000","27.0000","43.0000","1.3300","0.7183","1.2000","0.5900","0.5700","92.4100","82.2800","92.4100","83.5400","73.4200","11","7","89.8700","17.0000","0.9500","0.2000","75.9500","39.0000","0.5100","5","89.2400","18.0000","0.9500","13","96.2000","7.0000","2.4200","0.3700","95.5700","8.0000","2.0400","4","97.4700","5.0000","2.9900","0.1400","65.1900","56.0000","0.3100","0.1100","94.3000","10.0000","2.0300","0.0000","96.2000","7.0000","-0.1800","0","96.2000","7.0000","-0.1500","0.0000","96.2000","7.0000","-0.1800","0","96.2000","7.0000","-0.1700","5","0","0"
"AAD2023.12.02810","345","9675","161","University of Virginia","Statistics, Department of","Statistics","8","142.0000","61","124.0000","8","134.0000","7.6300","81.0000","655","114.0000","8","132.0000","1.0000","1.0000","2","107.0000","2","117.0000","255426.0000","126.0000","5","99.0000","2","117.0000","1","102.0000","1","98.0000","19","22","5","20","18","0.1300","-0.0700","77.0000","51.9000","0.1300","-0.4000","90.0000","43.6700","1.0000","0.9100","1.0000","100.0000","7.6300","0.0100","71.0000","55.7000","1.0000","0.9000","1.0000","100.0000","81.8800","-0.3200","74.0000","53.8000","10.7400","-0.2200","86.0000","46.2000","0.2500","-0.2300","75.0000","53.1600","0.2500","-0.6000","100.0000","37.3400","31928.2500","-0.6300","112.0000","29.7500","127713.0000","-0.5000","112.0000","29.7500","0.6300","-0.2300","74.0000","53.8000","0.2500","-0.4200","95.0000","40.5100","0.1000","59.0000","63.2900","-0.8000","-0.6700","-0.9200","-0.7100","-0.9500","-0.1800","0.5749","-0.5700","-0.6300","-0.5100","-0.6800","-0.7400","-0.8000","-1.1100","26.5800","38.6100","17.0900","32.9100","15.8200","49.3700","100.0000","37.9700","36.0800","28.4800","20.8900","26.5800","22.1500","10.7600","158","10/21/2025 13:27","0","0","0.0000","0.0000","0.0000","139.0000","139.0000","139.0000","139.0000","139.0000","-1.0300","-1.1981","-0.6700","-0.7600","-1.3300","12.6600","12.6600","12.6600","12.6600","12.6600","11","3","68.3500","51.0000","-0.0300","0.3800","94.9400","9.0000","1.9300","2","62.0300","61.0000","-0.1900","0","69.6200","49.0000","-0.3500","0.0000","69.6200","49.0000","-0.3800","0","69.6200","49.0000","-0.5000","0.2500","94.3000","10.0000","1.4700","0.0000","69.6200","49.0000","-0.5200","0.0000","96.2000","7.0000","-0.1800","0","96.2000","7.0000","-0.1500","0.0000","96.2000","7.0000","-0.1800","0","96.2000","7.0000","-0.1700","5","0","0"
"AAD2023.12.02810","2","9689","161","Air Force Institute of Technology","Mathematics and Statistics, Department of","Statistics","15","104.0000","67","118.0000","13","105.0000","5.1500","122.0000","346","132.0000","12","113.0000","0.9200","127.0000","1","127.0000","1","130.0000","101028.0000","134.0000","4","109.0000","2","117.0000","0","129.0000","0","129.0000","19","22","5","20","18","0.0000","-1.2800","129.0000","18.9900","0.0000","-0.9700","129.0000","18.9900","0.8700","-0.0700","102.0000","36.0800","4.4700","-0.7800","121.0000","24.0500","0.8000","-0.4400","118.0000","25.9500","23.0700","-0.6000","131.0000","17.7200","5.1600","-0.4000","140.0000","12.0300","0.0700","-1.0000","135.0000","15.1900","0.0700","-0.9100","136.0000","14.5600","6735.2000","-0.7300","136.0000","14.5600","101028.0000","-0.6200","125.0000","21.5200","0.2700","-0.5800","106.0000","33.5400","0.1300","-0.9100","126.0000","20.8900","-0.5000","119.0000","25.3200","-0.8000","-1.0100","-0.5600","-0.8500","-0.4900","-0.8300","-0.3988","-0.6100","-0.7800","-0.5700","-0.7100","-0.8000","-0.7500","-0.4900","26.5800","18.9900","29.1100","20.2500","34.1800","23.4200","20.2500","31.6500","18.9900","17.0900","15.8200","18.3500","25.9500","34.8100","158","10/21/2025 13:27","14","6","2.3300","0.9300","0.4000","42.0000","50.0000","50.0000","33.0000","22.0000","0.2600","0.1309","0.0400","0.4300","1.0900","74.0500","68.9900","68.9900","79.7500","86.7100","11","1","40.5100","95.0000","-0.5300","0.0700","34.1800","105.0000","-0.5700","1","43.6700","90.0000","-0.5700","0","69.6200","49.0000","-0.3500","0.0000","69.6200","49.0000","-0.3800","0","69.6200","49.0000","-0.5000","0.0700","36.0800","102.0000","-0.5200","0.0000","69.6200","49.0000","-0.5200","0.0000","96.2000","7.0000","-0.1800","0","96.2000","7.0000","-0.1500","0.0000","96.2000","7.0000","-0.1800","0","96.2000","7.0000","-0.1700","5","0","0"
"AAD2023.12.02810","24","9714","161","Boston University","Mathematics and Statistics, Department of","Statistics","45","6.0000","520","3.0000","37","8.0000","14.0500","15.0000","14598","6.0000","39","7.0000","0.9800","94.0000","18","11.0000","37","14.0000","16657940.0000","8.0000","70","10.0000","28","3.0000","21","7.0000","8","11.0000","19","22","5","20","18","0.1800","0.4400","48.0000","70.2500","0.4700","1.1400","17.0000","89.8700","0.8200","-0.3900","115.0000","27.8500","11.5600","0.9900","23.0000","86.0800","0.8700","0.0000","92.0000","42.4100","324.4000","0.8400","16.0000","90.5100","28.0700","0.3200","18.0000","89.2400","0.4000","0.4100","52.0000","67.7200","0.8200","0.3800","45.0000","72.1500","370176.4400","0.8200","23.0000","86.0800","450214.5900","0.9000","18.0000","89.2400","1.5600","0.6800","24.0000","85.4400","0.6200","1.1700","24.0000","85.4400","0.3000","47.0000","70.8900","2.7700","1.6500","1.9000","1.5400","1.7200","1.5100","0.2585","1.9800","2.4200","2.3100","2.2200","1.4000","2.9100","2.1400","98.7300","93.6700","96.2000","93.6700","95.5700","91.1400","41.1400","94.3000","96.2000","96.8400","95.5700","91.7700","98.7300","96.8400","158","10/21/2025 13:27","11","10","1.1000","0.2400","0.2200","19.0000","105.0000","60.0000","98.0000","68.0000","1.1200","-0.5707","-0.1100","-0.4500","0.0200","88.6100","34.1800","62.6600","38.6100","57.5900","11","1","40.5100","95.0000","-0.5300","0.0200","22.7800","123.0000","-0.9300","1","43.6700","90.0000","-0.5700","22","98.7300","3.0000","4.3400","0.4900","97.4700","5.0000","2.8100","3","96.2000","7.0000","2.1200","0.0200","22.7800","123.0000","-1.0000","0.0700","86.0800","23.0000","0.9700","0.0000","96.2000","7.0000","-0.1800","0","96.2000","7.0000","-0.1500","0.0000","96.2000","7.0000","-0.1800","0","96.2000","7.0000","-0.1700","5","0","0"
"AAD2023.12.02810","190","9810","161","South Dakota State University","Mathematics and Statistics, Department of","Statistics","17","88.0000","41","138.0000","8","134.0000","5.1300","124.0000","370","129.0000","9","127.0000","1.0000","1.0000","3","92.0000","4","98.0000","1768306.0000","78.0000","1","137.0000","1","131.0000","0","129.0000","0","129.0000","19","22","5","20","18","0.0000","-1.2800","129.0000","18.9900","0.0000","-0.9700","129.0000","18.9900","0.4700","-2.9600","156.0000","1.9000","2.4100","-1.2900","144.0000","9.4900","0.5300","-2.2600","152.0000","4.4300","21.7600","-0.6100","134.0000","15.8200","9.0200","-0.2800","104.0000","34.8100","0.1800","-0.5400","98.0000","38.6100","0.2400","-0.6300","103.0000","35.4400","104018.0000","-0.3200","72.0000","55.0600","442076.5000","0.8600","19.0000","88.6100","0.0600","-0.7900","146.0000","8.2300","0.0600","-1.2300","143.0000","10.1300","-0.8000","134.0000","15.8200","-0.9400","-1.0100","-0.8300","-0.5700","-0.9500","-0.8400","0.5749","-0.7300","-0.7800","-0.5700","-0.4100","-0.6200","-0.9600","-0.3200","17.7200","18.9900","20.2500","42.4100","15.8200","22.1500","100.0000","13.9200","18.9900","18.9900","51.2700","38.6100","13.2900","44.9400","158","10/21/2025 13:27","9","3","3.0000","0.5300","0.1800","85.0000","33.0000","69.0000","60.0000","85.0000","-0.3900","0.5130","-0.2200","-0.0900","-0.2600","46.8400","79.7500","56.9600","62.6600","46.8400","11","3","68.3500","51.0000","-0.0300","0.1800","68.9900","50.0000","0.3200","3","72.1500","45.0000","0.1900","0","69.6200","49.0000","-0.3500","0.0000","69.6200","49.0000","-0.3800","0","69.6200","49.0000","-0.5000","0.1800","73.4200","43.0000","0.6700","0.0000","69.6200","49.0000","-0.5200","0.0000","96.2000","7.0000","-0.1800","0","96.2000","7.0000","-0.1500","0.0000","96.2000","7.0000","-0.1800","0","96.2000","7.0000","-0.1700","5","0","0"
"AAD2023.12.02810","202","9853","161","University at Albany, State University of New York","Mathematics and Statistics, Department of","Statistics","26","38.0000","109","94.0000","22","43.0000","4.9500","126.0000","967","99.0000","22","39.0000","1.0000","1.0000","8","54.0000","13","59.0000","1935353.0000","75.0000","14","68.0000","10","43.0000","5","59.0000","3","55.0000","19","22","5","20","18","0.1200","-0.1600","83.0000","48.1000","0.1900","-0.1000","67.0000","58.2300","0.8500","-0.2200","107.0000","32.9100","4.1900","-0.8500","124.0000","22.1500","0.8500","-0.1400","107.0000","32.9100","37.1900","-0.5300","118.0000","25.9500","8.8700","-0.2800","105.0000","34.1800","0.3100","0.0200","68.0000","57.5900","0.5000","-0.1700","72.0000","55.0600","74436.6500","-0.4400","85.0000","46.8400","148873.3100","-0.4100","97.0000","39.2400","0.5400","-0.3200","80.0000","50.0000","0.3800","0.1600","63.0000","60.7600","-0.4000","112.0000","29.7500","0.3000","-0.0100","0.3600","0.1300","0.3400","-0.8800","0.5749","-0.2200","-0.0200","-0.4500","-0.3800","-0.0700","-0.4100","0.4700","73.4200","65.8200","75.9500","66.4600","73.4200","20.8900","100.0000","57.5900","63.2900","37.9700","53.1600","63.2900","41.1400","76.5800","158","10/21/2025 13:27","17","9","1.8900","0.6500","0.3500","21.0000","71.0000","34.0000","46.0000","35.0000","0.9000","-0.1201","0.1900","0.0700","0.7700","87.3400","55.7000","79.1100","71.5200","78.4800","11","6","87.3400","21.0000","0.7100","0.2300","83.5400","27.0000","0.7600","4","84.1800","26.0000","0.5700","1","79.7500","33.0000","-0.1300","0.0400","73.4200","43.0000","-0.1300","1","87.3400","21.0000","0.3800","0.1500","67.0900","53.0000","0.4300","0.0400","76.5800","38.0000","0.3400","0.0000","96.2000","7.0000","-0.1800","0","96.2000","7.0000","-0.1500","0.0000","96.2000","7.0000","-0.1800","0","96.2000","7.0000","-0.1700","5","0","0"
"AAD2023.12.02810","304","9981","161","University of Missouri","Statistics, Department of","Statistics","15","104.0000","221","41.0000","14","94.0000","15.7900","9.0000","1863","66.0000","15","80.0000","1.0000","1.0000","6","70.0000","12","61.0000","2547359.0000","63.0000","21","46.0000","8","60.0000","6","44.0000","5","28.0000","19","22","5","20","18","0.3300","1.9500","6.0000","96.8400","0.4000","0.8400","23.0000","86.0800","0.9300","0.4200","69.0000","56.9600","14.7300","1.7900","10.0000","94.3000","1.0000","0.9000","1.0000","100.0000","124.2000","-0.1200","56.0000","65.1900","8.4300","-0.2900","111.0000","30.3800","0.4000","0.4100","52.0000","67.7200","0.8000","0.3400","46.0000","71.5200","169823.9300","-0.0400","60.0000","62.6600","212279.9200","-0.1300","73.0000","54.4300","1.4000","0.5300","29.0000","82.2800","0.5300","0.7900","38.0000","76.5800","0.5000","33.0000","79.7500","0.0300","0.6600","-0.2800","-0.1500","-0.4000","1.9700","0.5749","0.0600","0.1300","-0.2700","-0.2700","-0.1300","0.4900","-0.4900","62.6600","82.9100","50.0000","56.3300","41.1400","94.9400","100.0000","71.5200","72.7800","58.8600","60.7600","62.0300","74.6800","34.8100","158","10/21/2025 13:27","4","2","2.0000","0.2700","0.1300","101.0000","58.0000","97.0000","94.0000","100.0000","-0.6000","-0.0574","-0.4700","-0.4200","-0.5200","36.7100","63.9200","39.2400","41.1400","37.3400","11","4","77.2200","37.0000","0.2100","0.2700","89.2400","18.0000","1.0500","3","72.1500","45.0000","0.1900","0","69.6200","49.0000","-0.3500","0.0000","69.6200","49.0000","-0.3800","0","69.6200","49.0000","-0.5000","0.2000","81.6500","30.0000","0.9300","0.0000","69.6200","49.0000","-0.5200","0.0000","96.2000","7.0000","-0.1800","0","96.2000","7.0000","-0.1500","0.0000","96.2000","7.0000","-0.1800","0","96.2000","7.0000","-0.1700","5","0","0"
"AAD2023.12.02810","354","10118","161","Virginia Polytechnic Institute and State University","Statistics, Department of","Statistics","23","50.0000","259","32.0000","23","38.0000","11.2600","29.0000","4743","30.0000","22","39.0000","0.9600","102.0000","8","54.0000","18","44.0000","4289592.0000","48.0000","28","35.0000","13","30.0000","7","37.0000","5","28.0000","19","22","5","20","18","0.2200","0.8300","30.0000","81.6500","0.3000","0.4100","41.0000","74.6800","1.0000","0.9100","1.0000","100.0000","11.2600","0.9200","26.0000","84.1800","0.9600","0.6000","55.0000","65.8200","206.2200","0.2800","31.0000","81.0100","18.3100","0.0100","35.0000","78.4800","0.3500","0.1900","64.0000","60.1300","0.7800","0.3100","47.0000","70.8900","186504.0000","0.0400","53.0000","67.0900","238310.6700","-0.0200","65.0000","59.4900","1.2200","0.3500","39.0000","75.9500","0.5700","0.9300","34.0000","79.1100","0.6000","21.0000","87.3400","0.7100","0.6600","0.3600","0.1300","0.4300","0.7800","0.0246","0.3300","0.2800","0.3200","0.0400","0.2400","0.8000","0.2100","81.6500","82.9100","75.9500","66.4600","76.5800","82.2800","36.0800","78.4800","77.2200","81.6500","70.2500","72.7800","80.3800","68.9900","158","10/21/2025 13:27","32","13","2.4600","1.3900","0.5700","9.0000","47.0000","17.0000","18.0000","7.0000","1.7600","0.2050","0.9500","1.0200","2.0900","94.9400","70.8900","89.8700","89.2400","96.2000","11","3","68.3500","51.0000","-0.0300","0.1300","51.9000","77.0000","-0.0500","2","62.0300","61.0000","-0.1900","2","87.9700","20.0000","0.0800","0.0900","81.0100","31.0000","0.1900","2","93.6700","11.0000","1.2500","0.0900","45.5700","87.0000","-0.3000","0.0900","92.4100","13.0000","1.4200","0.0000","96.2000","7.0000","-0.1800","0","96.2000","7.0000","-0.1500","0.0000","96.2000","7.0000","-0.1800","0","96.2000","7.0000","-0.1700","5","0","0"
"AAD2023.12.02810","156","10575","161","Ohio State University, The","Statistics, Department of","Statistics","24","48.0000","166","58.0000","23","38.0000","7.2200","92.0000","1663","76.0000","24","36.0000","1.0000","1.0000","10","39.0000","15","51.0000","2029049.0000","70.0000","24","41.0000","15","22.0000","3","71.0000","2","74.0000","19","22","5","20","18","0.0800","-0.4700","104.0000","34.8100","0.1300","-0.4000","90.0000","43.6700","0.9600","0.6000","56.0000","65.1900","6.9200","-0.1700","82.0000","48.7300","1.0000","0.9000","1.0000","100.0000","69.2900","-0.3800","84.0000","47.4700","10.0200","-0.2400","94.0000","41.1400","0.4200","0.4800","48.0000","70.2500","0.6300","0.0400","57.0000","64.5600","84543.7100","-0.4000","77.0000","51.9000","135269.9300","-0.4700","104.0000","34.8100","1.0000","0.1300","49.0000","69.6200","0.6300","1.1900","23.0000","86.0800","0.2000","52.0000","67.7200","0.9900","-0.3400","0.5400","0.4100","0.4300","-0.2900","0.5749","0.1700","-0.3300","-0.3100","-0.3600","0.0500","0.0500","0.3000","86.7100","53.8000","77.8500","75.9500","76.5800","42.4100","100.0000","74.6800","55.7000","52.5300","56.3300","68.3500","63.9200","70.2500","158","10/21/2025 13:27","8","4","2.0000","0.3300","0.1700","70.0000","58.0000","73.0000","82.0000","89.0000","-0.1700","-0.0574","-0.2700","-0.3400","-0.3200","56.3300","63.9200","54.4300","48.7300","44.3000","11","5","82.9100","28.0000","0.4600","0.2100","76.5800","38.0000","0.5800","5","89.2400","18.0000","0.9500","0","69.6200","49.0000","-0.3500","0.0000","69.6200","49.0000","-0.3800","0","69.6200","49.0000","-0.5000","0.2100","82.2800","29.0000","1.0200","0.0000","69.6200","49.0000","-0.5200","0.0000","96.2000","7.0000","-0.1800","0","96.2000","7.0000","-0.1500","0.0000","96.2000","7.0000","-0.1800","0","96.2000","7.0000","-0.1700","5","0","0"
"AAD2023.12.02810","270","10865","161","University of Delaware","Applied Economics and Statistics, Department of","Statistics","16","96.0000","100","99.0000","15","86.0000","6.6700","97.0000","1403","90.0000","15","80.0000","1.0000","1.0000","3","92.0000","5","91.0000","1937363.0000","74.0000","4","109.0000","3","104.0000","1","102.0000","1","98.0000","19","22","5","20","18","0.0600","-0.6700","112.0000","29.7500","0.0600","-0.6800","114.0000","28.4800","0.9400","0.4500","67.0000","58.2300","6.2500","-0.3300","92.0000","42.4100","0.9400","0.4800","65.0000","59.4900","87.6900","-0.2900","69.0000","56.9600","14.0300","-0.1200","60.0000","62.6600","0.1900","-0.4900","94.0000","41.1400","0.3100","-0.4900","87.0000","45.5700","121085.1900","-0.2400","68.0000","57.5900","387472.6000","0.6300","27.0000","83.5400","0.2500","-0.6000","109.0000","31.6500","0.1900","-0.6800","114.0000","28.4800","0.0000","67.0000","58.2300","-0.6600","-0.6700","-0.2800","-0.5700","-0.3000","-0.4300","0.5749","-0.6100","-0.6300","-0.3600","-0.3800","-0.5600","-0.4900","-0.4100","34.8100","38.6100","50.0000","42.4100","46.2000","39.2400","100.0000","31.6500","36.0800","43.6700","53.8000","43.0400","37.9700","39.8700","158","10/21/2025 13:27","5","4","1.2500","0.3100","0.2500","70.0000","101.0000","90.0000","85.0000","58.0000","-0.1700","-0.4851","-0.4200","-0.3600","0.1900","56.3300","36.7100","43.6700","46.8400","63.9200","11","1","40.5100","95.0000","-0.5300","0.0600","32.9100","107.0000","-0.6000","2","62.0300","61.0000","-0.1900","0","69.6200","49.0000","-0.3500","0.0000","69.6200","49.0000","-0.3800","0","69.6200","49.0000","-0.5000","0.1300","56.9600","69.0000","0.1100","0.0000","69.6200","49.0000","-0.5200","0.0000","96.2000","7.0000","-0.1800","0","96.2000","7.0000","-0.1500","0.0000","96.2000","7.0000","-0.1800","0","96.2000","7.0000","-0.1700","5","0","0"
"AAD2023.12.02810","109","11275","161","Louisiana State University","Experimental Statistics, Department of","Statistics","6","149.0000","76","113.0000","5","145.0000","15.2000","11.0000","1254","95.0000","5","144.0000","1.0000","1.0000","0","139.0000","0","139.0000","0.0000","139.0000","4","109.0000","2","117.0000","3","71.0000","2","74.0000","19","22","5","20","18","0.3300","1.9500","6.0000","96.8400","0.5000","1.2900","13.0000","92.4100","0.8300","-0.3100","110.0000","31.0100","12.6700","1.2700","16.0000","90.5100","0.8300","-0.2200","109.0000","31.6500","209.0000","0.2900","30.0000","81.6500","16.5000","-0.0400","42.0000","74.0500","0.0000","-1.2900","139.0000","12.6600","0.0000","-1.0300","139.0000","12.6600","0.0000","-0.7600","139.0000","12.6600","0.0000","-1.0600","139.0000","12.6600","0.6700","-0.1900","65.0000","59.4900","0.3300","-0.0600","67.0000","58.2300","0.2000","52.0000","67.7200","-0.8000","-0.3400","-1.1900","-0.9900","-1.2300","1.8100","0.5749","-0.6100","-0.3300","-0.3900","-0.7200","-0.8700","-0.6800","-1.2800","26.5800","53.8000","9.4900","12.6600","8.8600","93.6700","100.0000","31.6500","55.7000","40.5100","12.6600","12.6600","29.1100","6.3300","158","10/21/2025 13:27","0","0","0.0000","0.0000","0.0000","139.0000","139.0000","139.0000","139.0000","139.0000","-1.0300","-1.1981","-0.6700","-0.7600","-1.3300","12.6600","12.6600","12.6600","12.6600","12.6600","11","1","40.5100","95.0000","-0.5300","0.1700","65.1900","56.0000","0.2400","1","43.6700","90.0000","-0.5700","1","79.7500","33.0000","-0.1300","0.1700","91.7700","14.0000","0.7100","1","87.3400","21.0000","0.3800","0.1700","70.2500","48.0000","0.5700","0.1700","99.3700","2.0000","3.2100","0.0000","96.2000","7.0000","-0.1800","0","96.2000","7.0000","-0.1500","0.0000","96.2000","7.0000","-0.1800","0","96.2000","7.0000","-0.1700","5","0","0"
"AAD2023.12.02810","217","11533","161","Texas A&M Corpus Christi","Mathematics and Statistics, Department of","Statistics","15","104.0000","73","115.0000","11","121.0000","6.6400","99.0000","925","102.0000","13","105.0000","1.0000","1.0000","1","127.0000","1","130.0000","77090.0000","136.0000","1","137.0000","1","131.0000","0","129.0000","0","129.0000","19","22","5","20","18","0.0000","-1.2800","129.0000","18.9900","0.0000","-0.9700","129.0000","18.9900","0.7300","-1.0400","135.0000","15.1900","4.8700","-0.6800","115.0000","27.8500","0.8700","0.0000","92.0000","42.4100","61.6700","-0.4200","94.0000","41.1400","12.6700","-0.1600","67.0000","58.2300","0.0700","-1.0000","135.0000","15.1900","0.0700","-0.9100","136.0000","14.5600","5139.3300","-0.7400","137.0000","13.9200","77090.0000","-0.7200","131.0000","17.7200","0.0700","-0.7800","144.0000","9.4900","0.0700","-1.2000","140.0000","12.0300","-0.5000","119.0000","25.3200","-0.9400","-1.0100","-0.4600","-0.8500","-0.6700","-0.4400","0.5749","-0.7300","-0.7800","-0.4600","-0.7100","-0.8000","-0.7000","-0.4900","17.7200","18.9900","34.1800","20.2500","24.0500","37.9700","100.0000","13.9200","18.9900","36.0800","14.5600","18.3500","27.8500","34.8100","158","10/21/2025 13:27","6","5","1.2000","0.4000","0.3300","50.0000","103.0000","85.0000","74.0000","36.0000","0.0400","-0.5136","-0.3700","-0.2500","0.6900","68.9900","35.4400","46.8400","53.8000","77.8500","11","3","68.3500","51.0000","-0.0300","0.2000","75.9500","39.0000","0.5100","1","43.6700","90.0000","-0.5700","0","69.6200","49.0000","-0.3500","0.0000","69.6200","49.0000","-0.3800","0","69.6200","49.0000","-0.5000","0.0700","36.0800","102.0000","-0.5200","0.0000","69.6200","49.0000","-0.5200","0.0000","96.2000","7.0000","-0.1800","0","96.2000","7.0000","-0.1500","0.0000","96.2000","7.0000","-0.1800","0","96.2000","7.0000","-0.1700","5","0","0"
"AAD2023.12.02810","72","11848","161","Florida International University","Mathematics and Statistical Sciences, Department of","Statistics","33","17.0000","255","33.0000","24","35.0000","10.6300","43.0000","1848","67.0000","25","34.0000","1.0000","1.0000","4","78.0000","12","61.0000","2021952.0000","71.0000","18","52.0000","14","25.0000","10","20.0000","6","20.0000","19","22","5","20","18","0.1800","0.4800","46.0000","71.5200","0.3000","0.4000","42.0000","74.0500","0.7300","-1.0800","137.0000","13.9200","7.7300","0.0400","69.0000","56.9600","0.7600","-0.7300","128.0000","19.6200","56.0000","-0.4400","102.0000","36.0800","7.2500","-0.3300","117.0000","26.5800","0.1200","-0.7700","116.0000","27.2200","0.3600","-0.4100","80.0000","50.0000","61271.2700","-0.5000","93.0000","41.7700","168496.0000","-0.3300","90.0000","43.6700","0.5500","-0.3100","79.0000","50.6300","0.4200","0.3300","56.0000","65.1900","-0.3000","99.0000","37.9700","0.8500","0.9900","0.6300","-0.4300","0.5200","0.6100","0.5749","-0.0600","0.7400","-0.2700","-0.3700","-0.1300","0.7700","1.0800","84.8100","87.9700","79.1100","51.2700","78.4800","73.4200","100.0000","67.7200","87.9700","58.2300","55.7000","62.0300","79.7500","89.8700","158","10/21/2025 13:27","8","5","1.6000","0.2400","0.1500","50.0000","85.0000","73.0000","99.0000","94.0000","0.0400","-0.2855","-0.2700","-0.4500","-0.4100","68.9900","46.8400","54.4300","37.9700","41.1400","11","4","77.2200","37.0000","0.2100","0.1200","50.6300","79.0000","-0.1300","3","72.1500","45.0000","0.1900","0","69.6200","49.0000","-0.3500","0.0000","69.6200","49.0000","-0.3800","0","69.6200","49.0000","-0.5000","0.0900","46.2000","86.0000","-0.2500","0.0000","69.6200","49.0000","-0.5200","0.0000","96.2000","7.0000","-0.1800","0","96.2000","7.0000","-0.1500","0.0000","96.2000","7.0000","-0.1800","0","96.2000","7.0000","-0.1700","5","0","0"
"AAD2023.12.02810","242","12825","161","University of Akron, The","Statistics, Department of","Statistics","4","158.0000","12","153.0000","3","156.0000","4.0000","139.0000","55","155.0000","3","157.0000","1.0000","1.0000","0","139.0000","0","139.0000","0.0000","139.0000","0","148.0000","0","148.0000","1","102.0000","1","98.0000","19","22","5","20","18","0.2500","1.1400","22.0000","86.7100","0.2500","0.1600","53.0000","67.0900","0.7500","-0.9200","131.0000","17.7200","3.0000","-1.1400","138.0000","13.2900","0.7500","-0.7800","129.0000","18.9900","13.7500","-0.6500","145.0000","8.8600","4.5800","-0.4100","146.0000","8.2300","0.0000","-1.2900","139.0000","12.6600","0.0000","-1.0300","139.0000","12.6600","0.0000","-0.7600","139.0000","12.6600","0.0000","-1.0600","139.0000","12.6600","0.0000","-0.8400","148.0000","6.9600","0.0000","-1.4800","148.0000","6.9600","-0.8000","134.0000","15.8200","-1.0700","-0.6700","-1.3800","-0.9900","-1.4100","-1.1300","0.5749","-0.7700","-0.6300","-0.6300","-0.7200","-0.8700","-1.2000","-1.4600","6.9600","38.6100","1.2700","12.6600","1.9000","12.6600","100.0000","6.9600","36.0800","2.5300","12.6600","12.6600","3.8000","0.6300","158","10/21/2025 13:27","1","1","1.0000","0.2500","0.2500","118.0000","106.0000","120.0000","96.0000","58.0000","-0.8200","-0.6277","-0.6200","-0.4400","0.1900","25.9500","33.5400","24.6800","39.8700","63.9200","11","1","40.5100","95.0000","-0.5300","0.2500","87.3400","21.0000","0.9200","1","43.6700","90.0000","-0.5700","0","69.6200","49.0000","-0.3500","0.0000","69.6200","49.0000","-0.3800","0","69.6200","49.0000","-0.5000","0.2500","94.3000","10.0000","1.4700","0.0000","69.6200","49.0000","-0.5200","0.0000","96.2000","7.0000","-0.1800","0","96.2000","7.0000","-0.1500","0.0000","96.2000","7.0000","-0.1800","0","96.2000","7.0000","-0.1700","5","0","0"
"AAD2023.12.02810","152","13409","161","Northern Illinois University","Statistics and Actuarial Science, Department of","Statistics","5","154.0000","15","152.0000","5","145.0000","3.0000","149.0000","165","145.0000","5","144.0000","1.0000","1.0000","0","139.0000","0","139.0000","0.0000","139.0000","1","137.0000","1","131.0000","0","129.0000","0","129.0000","19","22","5","20","18","0.0000","-1.2800","129.0000","18.9900","0.0000","-0.9700","129.0000","18.9900","1.0000","0.9100","1.0000","100.0000","3.0000","-1.1400","138.0000","13.2900","1.0000","0.9000","1.0000","100.0000","33.0000","-0.5500","126.0000","20.8900","11.0000","-0.2100","82.0000","48.7300","0.0000","-1.2900","139.0000","12.6600","0.0000","-1.0300","139.0000","12.6600","0.0000","-0.7600","139.0000","12.6600","0.0000","-1.0600","139.0000","12.6600","0.2000","-0.6500","118.0000","25.9500","0.2000","-0.6300","107.0000","32.9100","-0.5000","119.0000","25.3200","-0.9400","-1.0100","-1.1900","-0.9900","-1.2300","-1.4000","0.5749","-0.7300","-0.7800","-0.6100","-0.7200","-0.8700","-1.1700","-1.3700","17.7200","18.9900","9.4900","12.6600","8.8600","6.3300","100.0000","13.9200","18.9900","8.8600","12.6600","12.6600","4.4300","3.1600","158","10/21/2025 13:27","0","0","0.0000","0.0000","0.0000","139.0000","139.0000","139.0000","139.0000","139.0000","-1.0300","-1.1981","-0.6700","-0.7600","-1.3300","12.6600","12.6600","12.6600","12.6600","12.6600","11","0","22.1500","124.0000","-0.7700","0.0000","22.1500","124.0000","-1.1100","0","22.1500","124.0000","-0.9500","0","69.6200","49.0000","-0.3500","0.0000","69.6200","49.0000","-0.3800","0","69.6200","49.0000","-0.5000","0.0000","22.1500","124.0000","-1.2400","0.0000","69.6200","49.0000","-0.5200","0.0000","96.2000","7.0000","-0.1800","0","96.2000","7.0000","-0.1500","0.0000","96.2000","7.0000","-0.1800","0","96.2000","7.0000","-0.1700","5","0","0"
"AAD2023.12.02810","96","13627","161","Indiana University - Bloomington","Statistics, Department of","Statistics","7","144.0000","32","144.0000","5","145.0000","6.4000","103.0000","396","125.0000","7","136.0000","1.0000","1.0000","1","127.0000","1","130.0000","1605005.0000","82.0000","3","116.0000","2","117.0000","0","129.0000","0","129.0000","19","22","5","20","18","0.0000","-1.2800","129.0000","18.9900","0.0000","-0.9700","129.0000","18.9900","0.7100","-1.1800","140.0000","12.0300","4.5700","-0.7500","118.0000","25.9500","1.0000","0.9000","1.0000","100.0000","56.5700","-0.4400","100.0000","37.3400","12.3800","-0.1700","71.0000","55.7000","0.1400","-0.6800","111.0000","30.3800","0.1400","-0.7800","120.0000","24.6800","229286.4300","0.2200","43.0000","73.4200","1605005.0000","5.9200","1.0000","100.0000","0.4300","-0.4200","92.0000","42.4100","0.2900","-0.2600","89.0000","44.3000","-0.3000","99.0000","37.9700","-0.8000","-1.0100","-1.0100","-0.8500","-1.2300","-0.5000","0.5749","-0.6500","-0.7800","-0.5600","-0.4400","-0.8000","-1.0400","-1.1900","26.5800","18.9900","14.5600","20.2500","8.8600","35.4400","100.0000","27.2200","18.9900","21.5200","48.7300","18.3500","9.4900","9.4900","158","10/21/2025 13:27","0","0","0.0000","0.0000","0.0000","139.0000","139.0000","139.0000","139.0000","139.0000","-1.0300","-1.1981","-0.6700","-0.7600","-1.3300","12.6600","12.6600","12.6600","12.6600","12.6600","11","1","40.5100","95.0000","-0.5300","0.1400","57.5900","68.0000","0.0500","1","43.6700","90.0000","-0.5700","0","69.6200","49.0000","-0.3500","0.0000","69.6200","49.0000","-0.3800","0","69.6200","49.0000","-0.5000","0.1400","65.1900","56.0000","0.3100","0.0000","69.6200","49.0000","-0.5200","0.0000","96.2000","7.0000","-0.1800","0","96.2000","7.0000","-0.1500","0.0000","96.2000","7.0000","-0.1800","0","96.2000","7.0000","-0.1700","5","0","0"
"AAD2023.12.02810","12","13955","161","Arizona State University","Mathematical and Statistical Sciences, School of","Statistics","58","2.0000","354","11.0000","52","2.0000","6.8100","95.0000","5410","24.0000","53","2.0000","0.9600","99.0000","22","7.0000","40","11.0000","11736729.0000","16.0000","41","22.0000","19","14.0000","10","20.0000","7","13.0000","19","22","5","20","18","0.1200","-0.1100","78.0000","51.2700","0.1700","-0.1900","72.0000","55.0600","0.9000","0.1500","91.0000","43.0400","6.1000","-0.3700","97.0000","39.2400","0.9100","0.3200","74.0000","53.8000","93.2800","-0.2700","66.0000","58.8600","15.2800","-0.0800","53.0000","67.0900","0.3800","0.3200","57.0000","64.5600","0.6900","0.1500","53.0000","67.0900","202357.4000","0.1000","47.0000","70.8900","293418.2300","0.2200","48.0000","70.2500","0.7100","-0.1500","63.0000","60.7600","0.3300","-0.0800","75.0000","53.1600","0.0000","67.0000","58.2300","1.5400","1.3200","3.1800","2.1000","3.1100","-0.3900","0.1061","0.8400","0.7400","0.4500","1.3500","1.5900","1.5700","3.2800","91.7700","92.4100","99.3700","96.2000","99.3700","40.5100","37.9700","86.7100","87.9700","85.4400","90.5100","93.6700","93.6700","99.3700","158","10/21/2025 13:27","25","15","1.6700","0.4300","0.2600","6.0000","82.0000","22.0000","69.0000","56.0000","2.1900","-0.2456","0.6000","-0.2100","0.2400","96.8400","48.7300","86.7100","56.9600","65.1900","11","13","98.1000","4.0000","2.4400","0.2200","81.0100","31.0000","0.7100","11","98.7300","3.0000","3.2300","12","95.5700","8.0000","2.2100","0.2100","93.0400","12.0000","0.9700","5","98.7300","3.0000","3.8600","0.1900","76.5800","38.0000","0.8100","0.0900","91.1400","15.0000","1.4100","0.0000","96.2000","7.0000","-0.1800","0","96.2000","7.0000","-0.1500","0.0000","96.2000","7.0000","-0.1800","0","96.2000","7.0000","-0.1700","5","0","0"
"AAD2023.12.02810","318","14277","161","University of North Carolina at Greensboro, The","Mathematics and Statistics, Department of","Statistics","19","74.0000","121","84.0000","17","70.0000","7.1200","93.0000","679","113.0000","18","65.0000","1.0000","1.0000","8","54.0000","13","59.0000","1646118.0000","81.0000","10","80.0000","5","82.0000","1","102.0000","1","98.0000","19","22","5","20","18","0.0500","-0.7700","119.0000","25.3200","0.0500","-0.7300","120.0000","24.6800","0.8900","0.1400","92.0000","42.4100","6.3700","-0.3000","89.0000","44.3000","0.9500","0.5400","62.0000","61.3900","35.7400","-0.5400","120.0000","24.6800","5.6100","-0.3800","130.0000","18.3500","0.4200","0.5000","46.0000","71.5200","0.6800","0.1400","54.0000","66.4600","86637.7900","-0.3900","76.0000","52.5300","126624.4600","-0.5100","114.0000","28.4800","0.5300","-0.3300","83.0000","48.1000","0.2600","-0.3600","93.0000","41.7700","-0.2000","88.0000","44.9400","-0.3900","-0.6700","-0.0100","0.1300","-0.1200","-0.3100","0.5749","-0.3700","-0.6300","-0.5100","-0.4300","-0.0700","-0.3200","-0.1400","48.7300","38.6100","59.4900","66.4600","56.3300","41.7700","100.0000","50.0000","36.0800","29.1100","49.3700","63.2900","47.4700","53.8000","158","10/21/2025 13:27","4","5","0.8000","0.2100","0.2600","50.0000","136.0000","97.0000","102.0000","55.0000","0.0400","-0.7418","-0.4700","-0.4900","0.2700","68.9900","14.5600","39.2400","36.0800","65.8200","11","3","68.3500","51.0000","-0.0300","0.1600","62.0300","61.0000","0.1700","1","43.6700","90.0000","-0.5700","0","69.6200","49.0000","-0.3500","0.0000","69.6200","49.0000","-0.3800","0","69.6200","49.0000","-0.5000","0.0500","31.0100","110.0000","-0.6700","0.0000","69.6200","49.0000","-0.5200","0.0000","96.2000","7.0000","-0.1800","0","96.2000","7.0000","-0.1500","0.0000","96.2000","7.0000","-0.1800","0","96.2000","7.0000","-0.1700","5","0","0"
"AAD2023.12.02810","353","14891","161","Virginia Commonwealth University","Statistical Sciences and Operations Research, Department of","Statistics","12","124.0000","87","103.0000","11","121.0000","7.9100","77.0000","1432","87.0000","11","121.0000","1.0000","1.0000","1","127.0000","2","117.0000","261146.0000","124.0000","5","99.0000","4","93.0000","0","129.0000","0","129.0000","19","22","5","20","18","0.0000","-1.2800","129.0000","18.9900","0.0000","-0.9700","129.0000","18.9900","0.9200","0.3000","80.0000","50.0000","7.2500","-0.0800","79.0000","50.6300","0.9200","0.3400","73.0000","54.4300","119.3300","-0.1400","58.0000","63.9200","16.4600","-0.0400","43.0000","73.4200","0.0800","-0.9300","130.0000","18.3500","0.1700","-0.7400","111.0000","30.3800","21762.1700","-0.6700","121.0000","24.0500","130573.0000","-0.4900","109.0000","31.6500","0.4200","-0.4400","94.0000","41.1400","0.3300","-0.0600","67.0000","58.2300","0.0000","67.0000","58.2300","-0.5200","-1.0100","-0.6500","-0.8500","-0.6700","-0.1100","0.5749","-0.5700","-0.7800","-0.3500","-0.6800","-0.7400","-0.5900","-0.7600","41.7700","18.9900","24.0500","20.2500","24.0500","51.9000","100.0000","37.9700","18.9900","45.5700","22.1500","26.5800","35.4400","22.1500","158","10/21/2025 13:27","7","4","1.7500","0.5800","0.3300","70.0000","77.0000","79.0000","55.0000","36.0000","-0.1700","-0.1999","-0.3200","-0.0200","0.6900","56.3300","51.9000","50.6300","65.8200","77.8500","11","0","22.1500","124.0000","-0.7700","0.0000","22.1500","124.0000","-1.1100","0","22.1500","124.0000","-0.9500","0","69.6200","49.0000","-0.3500","0.0000","69.6200","49.0000","-0.3800","0","69.6200","49.0000","-0.5000","0.0000","22.1500","124.0000","-1.2400","0.0000","69.6200","49.0000","-0.5200","0.0000","96.2000","7.0000","-0.1800","0","96.2000","7.0000","-0.1500","0.0000","96.2000","7.0000","-0.1800","0","96.2000","7.0000","-0.1700","5","0","0"
"AAD2023.12.02810","51","15385","161","Cornell University","Statistics and Data Science, Department of","Statistics","15","104.0000","179","54.0000","14","94.0000","12.7900","19.0000","2929","48.0000","14","93.0000","1.0000","1.0000","8","54.0000","25","32.0000","7998758.0000","29.0000","21","46.0000","12","35.0000","6","44.0000","4","39.0000","19","22","5","20","18","0.2700","1.3000","16.0000","90.5100","0.4000","0.8400","23.0000","86.0800","0.9300","0.4200","69.0000","56.9600","11.9300","1.0900","19.0000","88.6100","0.9300","0.4500","66.0000","58.8600","195.2700","0.2200","35.0000","78.4800","16.3600","-0.0500","45.0000","72.1500","0.5300","0.9800","32.0000","80.3800","1.6700","1.8200","9.0000","94.9400","533250.5300","1.5200","12.0000","93.0400","319950.3200","0.3300","38.0000","76.5800","1.4000","0.5300","29.0000","82.2800","0.8000","1.9300","7.0000","96.2000","0.8000","11.0000","93.6700","0.5800","0.3200","-0.3700","0.1300","-0.4000","1.1800","0.5749","0.0600","0.1300","-0.0500","0.6900","0.6700","0.1500","-0.4900","78.4800","75.9500","41.7700","66.4600","41.1400","88.6100","100.0000","71.5200","72.7800","70.2500","82.2800","80.3800","66.4600","34.8100","158","10/21/2025 13:27","5","4","1.2500","0.3300","0.2700","70.0000","101.0000","90.0000","82.0000","52.0000","-0.1700","-0.4851","-0.4200","-0.3400","0.2900","56.3300","36.7100","43.6700","48.7300","67.7200","11","3","68.3500","51.0000","-0.0300","0.2000","75.9500","39.0000","0.5100","3","72.1500","45.0000","0.1900","0","69.6200","49.0000","-0.3500","0.0000","69.6200","49.0000","-0.3800","0","69.6200","49.0000","-0.5000","0.2000","81.6500","30.0000","0.9300","0.0000","69.6200","49.0000","-0.5200","0.0000","96.2000","7.0000","-0.1800","0","96.2000","7.0000","-0.1500","0.0000","96.2000","7.0000","-0.1800","0","96.2000","7.0000","-0.1700","5","0","0"
"AAD2023.12.02810","312","17073","161","University of Nevada, Reno","Mathematics and Statistics, Department of","Statistics","23","50.0000","109","94.0000","22","43.0000","4.9500","126.0000","797","106.0000","22","39.0000","1.0000","1.0000","5","74.0000","7","82.0000","1075439.0000","98.0000","13","72.0000","10","43.0000","9","25.0000","6","20.0000","19","22","5","20","18","0.2600","1.2500","19.0000","88.6100","0.3900","0.8000","26.0000","84.1800","0.9600","0.5900","57.0000","64.5600","4.7400","-0.7100","117.0000","26.5800","0.9600","0.6000","55.0000","65.8200","34.6500","-0.5500","121.0000","24.0500","7.3100","-0.3300","116.0000","27.2200","0.2200","-0.3600","83.0000","48.1000","0.3000","-0.5100","89.0000","44.3000","46758.2200","-0.5600","99.0000","37.9700","153634.1400","-0.3900","95.0000","40.5100","0.5700","-0.2900","77.0000","51.9000","0.4300","0.3700","52.0000","67.7200","-0.3000","99.0000","37.9700","0.3000","0.9900","0.3600","-0.2900","0.3400","-0.8800","0.5749","-0.2600","0.5900","-0.4800","-0.5300","-0.4400","-0.4100","0.2100","73.4200","87.9700","75.9500","53.8000","73.4200","20.8900","100.0000","55.0600","84.8100","33.5400","38.6100","48.7300","41.1400","68.9900","158","10/21/2025 13:27","9","3","3.0000","0.3900","0.1300","85.0000","33.0000","69.0000","77.0000","103.0000","-0.3900","0.5130","-0.2200","-0.2600","-0.5400","46.8400","79.7500","56.9600","51.9000","35.4400","11","4","77.2200","37.0000","0.2100","0.1700","67.0900","53.0000","0.3000","4","84.1800","26.0000","0.5700","0","69.6200","49.0000","-0.3500","0.0000","69.6200","49.0000","-0.3800","0","69.6200","49.0000","-0.5000","0.1700","72.1500","45.0000","0.6400","0.0000","69.6200","49.0000","-0.5200","0.0000","96.2000","7.0000","-0.1800","0","96.2000","7.0000","-0.1500","0.0000","96.2000","7.0000","-0.1800","0","96.2000","7.0000","-0.1700","5","0","0"
"AAD2023.12.02810","143","17477","161","New Mexico State University","Economics, Applied Statistics and International Business, Department of","Statistics","18","78.0000","150","69.0000","14","94.0000","10.7100","40.0000","1317","93.0000","12","113.0000","0.8600","143.0000","0","139.0000","0","139.0000","0.0000","139.0000","2","127.0000","1","131.0000","0","129.0000","0","129.0000","19","22","5","20","18","0.0000","-1.2800","129.0000","18.9900","0.0000","-0.9700","129.0000","18.9900","0.7800","-0.7200","125.0000","21.5200","8.3300","0.1900","62.0000","61.3900","0.6700","-1.3400","141.0000","11.3900","73.1700","-0.3600","82.0000","48.7300","8.7800","-0.2800","107.0000","32.9100","0.0000","-1.2900","139.0000","12.6600","0.0000","-1.0300","139.0000","12.6600","0.0000","-0.7600","139.0000","12.6600","0.0000","-1.0600","139.0000","12.6600","0.1100","-0.7300","136.0000","14.5600","0.0600","-1.2500","144.0000","9.4900","-0.4000","112.0000","29.7500","-0.9400","-1.0100","-0.5600","-0.9900","-0.4000","0.6300","-1.2334","-0.6900","-0.7800","-0.3800","-0.7200","-0.8700","-0.0800","-0.2300","17.7200","18.9900","29.1100","12.6600","41.1400","75.3200","10.1300","20.2500","18.9900","41.7700","12.6600","12.6600","56.9600","51.2700","158","10/21/2025 13:27","2","2","1.0000","0.1100","0.1100","101.0000","106.0000","114.0000","122.0000","110.0000","-0.6000","-0.6277","-0.5700","-0.6200","-0.6500","36.7100","33.5400","28.4800","23.4200","31.0100","11","0","22.1500","124.0000","-0.7700","0.0000","22.1500","124.0000","-1.1100","0","22.1500","124.0000","-0.9500","0","69.6200","49.0000","-0.3500","0.0000","69.6200","49.0000","-0.3800","0","69.6200","49.0000","-0.5000","0.0000","22.1500","124.0000","-1.2400","0.0000","69.6200","49.0000","-0.5200","0.0000","96.2000","7.0000","-0.1800","0","96.2000","7.0000","-0.1500","0.0000","96.2000","7.0000","-0.1800","0","96.2000","7.0000","-0.1700","5","0","0"
"AAD2023.12.02810","131","18619","161","Miami University","Statistics, Department of","Statistics","11","130.0000","64","122.0000","10","125.0000","6.4000","103.0000","378","128.0000","10","124.0000","1.0000","1.0000","0","139.0000","0","139.0000","0.0000","139.0000","5","99.0000","5","82.0000","0","129.0000","0","129.0000","19","22","5","20","18","0.0000","-1.2800","129.0000","18.9900","0.0000","-0.9700","129.0000","18.9900","0.9100","0.2400","85.0000","46.8400","5.8200","-0.4400","102.0000","36.0800","0.9100","0.2900","76.0000","52.5300","34.3600","-0.5500","123.0000","22.7800","5.9100","-0.3700","128.0000","19.6200","0.0000","-1.2900","139.0000","12.6600","0.0000","-1.0300","139.0000","12.6600","0.0000","-0.7600","139.0000","12.6600","0.0000","-1.0600","139.0000","12.6600","0.4500","-0.4000","89.0000","44.3000","0.4500","0.4600","47.0000","70.8900","-0.2000","88.0000","44.9400","-0.3900","-1.0100","-0.7400","-0.9900","-0.7700","-0.5000","0.5749","-0.5700","-0.7800","-0.5700","-0.7200","-0.8700","-0.7800","-0.8400","48.7300","18.9900","22.1500","12.6600","21.5200","35.4400","100.0000","37.9700","18.9900","19.6200","12.6600","12.6600","23.4200","18.3500","158","10/21/2025 13:27","1","1","1.0000","0.0900","0.0900","118.0000","106.0000","120.0000","125.0000","122.0000","-0.8200","-0.6277","-0.6200","-0.6500","-0.7800","25.9500","33.5400","24.6800","21.5200","23.4200","11","0","22.1500","124.0000","-0.7700","0.0000","22.1500","124.0000","-1.1100","0","22.1500","124.0000","-0.9500","0","69.6200","49.0000","-0.3500","0.0000","69.6200","49.0000","-0.3800","0","69.6200","49.0000","-0.5000","0.0000","22.1500","124.0000","-1.2400","0.0000","69.6200","49.0000","-0.5200","0.0000","96.2000","7.0000","-0.1800","0","96.2000","7.0000","-0.1500","0.0000","96.2000","7.0000","-0.1800","0","96.2000","7.0000","-0.1700","5","0","0"
"AAD2023.12.02810","287","18855","161","University of Maine, The","Mathematics and Statistics, Department of","Statistics","18","78.0000","58","126.0000","13","105.0000","4.4600","134.0000","463","121.0000","14","93.0000","0.9300","122.0000","4","78.0000","9","75.0000","536809.0000","114.0000","3","116.0000","3","104.0000","2","85.0000","2","74.0000","19","22","5","20","18","0.1100","-0.2000","84.0000","47.4700","0.1100","-0.4700","94.0000","41.1400","0.7200","-1.1200","138.0000","13.2900","3.2200","-1.0900","135.0000","15.1900","0.7800","-0.5900","123.0000","22.7800","25.7200","-0.5900","128.0000","19.6200","7.9800","-0.3100","114.0000","28.4800","0.2200","-0.3400","80.0000","50.0000","0.5000","-0.1700","72.0000","55.0600","29822.7200","-0.6300","115.0000","27.8500","59645.4400","-0.8000","136.0000","14.5600","0.1700","-0.6800","123.0000","22.7800","0.1700","-0.7700","116.0000","27.2200","-0.8000","134.0000","15.8200","-0.6600","-0.3400","-0.3700","-0.4300","-0.4900","-1.0100","-0.2690","-0.6500","-0.4800","-0.5500","-0.6300","-0.3100","-0.8300","-0.2300","34.8100","53.8000","41.7700","51.2700","34.1800","15.8200","23.4200","27.2200","46.8400","24.0500","28.4800","53.1600","20.8900","51.2700","158","10/21/2025 13:27","1","1","1.0000","0.0600","0.0600","118.0000","106.0000","120.0000","132.0000","133.0000","-0.8200","-0.6277","-0.6200","-0.6900","-0.9900","25.9500","33.5400","24.6800","17.0900","16.4600","11","0","22.1500","124.0000","-0.7700","0.0000","22.1500","124.0000","-1.1100","0","22.1500","124.0000","-0.9500","0","69.6200","49.0000","-0.3500","0.0000","69.6200","49.0000","-0.3800","0","69.6200","49.0000","-0.5000","0.0000","22.1500","124.0000","-1.2400","0.0000","69.6200","49.0000","-0.5200","0.0000","96.2000","7.0000","-0.1800","0","96.2000","7.0000","-0.1500","0.0000","96.2000","7.0000","-0.1800","0","96.2000","7.0000","-0.1700","5","0","0"
"AAD2023.12.02810","362","18998","161","West Virginia University","Statistics, Department of","Statistics","5","154.0000","31","145.0000","5","145.0000","6.2000","107.0000","215","143.0000","5","144.0000","1.0000","1.0000","0","139.0000","0","139.0000","0.0000","139.0000","1","137.0000","1","131.0000","0","129.0000","0","129.0000","19","22","5","20","18","0.0000","-1.2800","129.0000","18.9900","0.0000","-0.9700","129.0000","18.9900","1.0000","0.9100","1.0000","100.0000","6.2000","-0.3400","94.0000","41.1400","1.0000","0.9000","1.0000","100.0000","43.0000","-0.5100","113.0000","29.1100","6.9400","-0.3400","118.0000","25.9500","0.0000","-1.2900","139.0000","12.6600","0.0000","-1.0300","139.0000","12.6600","0.0000","-0.7600","139.0000","12.6600","0.0000","-1.0600","139.0000","12.6600","0.2000","-0.6500","118.0000","25.9500","0.2000","-0.6300","107.0000","32.9100","-0.4000","112.0000","29.7500","-0.9400","-1.0100","-1.1900","-0.9900","-1.2300","-0.5500","0.5749","-0.7300","-0.7800","-0.6000","-0.7200","-0.8700","-1.0400","-1.3700","17.7200","18.9900","9.4900","12.6600","8.8600","32.9100","100.0000","13.9200","18.9900","10.1300","12.6600","12.6600","8.8600","3.1600","158","10/21/2025 13:27","1","1","1.0000","0.2000","0.2000","118.0000","106.0000","120.0000","104.0000","74.0000","-0.8200","-0.6277","-0.6200","-0.5100","-0.1200","25.9500","33.5400","24.6800","34.8100","53.8000","11","0","22.1500","124.0000","-0.7700","0.0000","22.1500","124.0000","-1.1100","0","22.1500","124.0000","-0.9500","0","69.6200","49.0000","-0.3500","0.0000","69.6200","49.0000","-0.3800","0","69.6200","49.0000","-0.5000","0.0000","22.1500","124.0000","-1.2400","0.0000","69.6200","49.0000","-0.5200","0.0000","96.2000","7.0000","-0.1800","0","96.2000","7.0000","-0.1500","0.0000","96.2000","7.0000","-0.1800","0","96.2000","7.0000","-0.1700","5","0","0"
"AAD2023.12.02810","260","19119","161","University of Central Florida","Statistics and Data Science, Department of","Statistics","13","120.0000","108","96.0000","13","105.0000","8.3100","69.0000","833","104.0000","13","105.0000","1.0000","1.0000","2","107.0000","3","109.0000","200167.0000","129.0000","3","116.0000","3","104.0000","0","129.0000","0","129.0000","19","22","5","20","18","0.0000","-1.2800","129.0000","18.9900","0.0000","-0.9700","129.0000","18.9900","1.0000","0.9100","1.0000","100.0000","8.3100","0.1800","64.0000","60.1300","1.0000","0.9000","1.0000","100.0000","64.0800","-0.4100","88.0000","44.9400","7.7100","-0.3200","115.0000","27.8500","0.1500","-0.6300","107.0000","32.9100","0.2300","-0.6300","105.0000","34.1800","15397.4600","-0.7000","129.0000","18.9900","66722.3300","-0.7700","134.0000","15.8200","0.2300","-0.6200","115.0000","27.8500","0.2300","-0.5000","104.0000","34.8100","0.0000","67.0000","58.2300","-0.6600","-1.0100","-0.4600","-0.7100","-0.4900","0.0000","0.5749","-0.6500","-0.7800","-0.4800","-0.6900","-0.6800","-0.4200","-0.6700","34.8100","18.9900","34.1800","32.9100","34.1800","56.9600","100.0000","27.2200","18.9900","34.8100","18.9900","31.6500","39.8700","24.6800","158","10/21/2025 13:27","15","5","3.0000","1.1500","0.3800","50.0000","33.0000","43.0000","22.0000","25.0000","0.0400","0.5130","0.0900","0.7100","1.0000","68.9900","79.7500","73.4200","86.7100","84.8100","11","2","57.5900","68.0000","-0.2800","0.1500","60.7600","63.0000","0.1400","2","62.0300","61.0000","-0.1900","0","69.6200","49.0000","-0.3500","0.0000","69.6200","49.0000","-0.3800","0","69.6200","49.0000","-0.5000","0.1500","67.0900","53.0000","0.4300","0.0000","69.6200","49.0000","-0.5200","0.0000","96.2000","7.0000","-0.1800","0","96.2000","7.0000","-0.1500","0.0000","96.2000","7.0000","-0.1800","0","96.2000","7.0000","-0.1700","5","0","0"
"AAD2023.12.02810","247","19594","161","University of Arizona, The","Statistics, GIDP","Statistics","37","12.0000","525","2.0000","37","8.0000","14.1900","13.0000","9485","13.0000","36","9.0000","0.9700","96.0000","17","14.0000","27","31.0000","10002752.0000","20.0000","50","14.0000","22","7.0000","9","25.0000","7","13.0000","19","22","5","20","18","0.1900","0.5500","42.0000","74.0500","0.2400","0.1300","55.0000","65.8200","1.0000","0.9100","1.0000","100.0000","14.1900","1.6500","12.0000","93.0400","0.9700","0.7200","46.0000","71.5200","256.3500","0.5200","23.0000","86.0800","18.0700","0.0100","36.0000","77.8500","0.4600","0.6600","44.0000","72.7800","0.7300","0.2200","51.0000","68.3500","270344.6500","0.3900","34.0000","79.1100","370472.3000","0.5500","30.0000","81.6500","1.3500","0.4800","34.0000","79.1100","0.5900","1.0600","32.0000","80.3800","0.6000","21.0000","87.3400","1.9500","1.3200","1.6300","1.4000","1.7200","1.5500","0.2328","1.1900","0.5900","1.2800","1.0500","0.7900","2.9500","1.4300","96.2000","92.4100","94.9400","91.7700","95.5700","92.4100","39.8700","91.7700","84.8100","92.4100","87.9700","81.0100","99.3700","93.0400","158","10/21/2025 13:27","39","14","2.7900","1.0500","0.3800","7.0000","42.0000","9.0000","28.0000","26.0000","1.9800","0.3932","1.3100","0.5800","0.9600","96.2000","74.0500","94.9400","82.9100","84.1800","11","15","98.7300","3.0000","2.9300","0.4100","95.5700","8.0000","2.1800","7","94.9400","9.0000","1.7100","1","79.7500","33.0000","-0.1300","0.0300","70.2500","48.0000","-0.2000","1","87.3400","21.0000","0.3800","0.1900","75.9500","39.0000","0.8100","0.0300","70.2500","48.0000","0.0800","0.0300","96.8400","6.0000","2.9000","1","99.3700","2.0000","2.1700","0.0300","96.8400","6.0000","2.6200","1","99.3700","2.0000","3.2300","5","0","0"
"AAD2023.12.02810","81","30070","161","Georgetown University","Mathematics and Statistics, Department of","Statistics","15","104.0000","112","90.0000","14","94.0000","8.0000","74.0000","1525","81.0000","13","105.0000","0.8700","141.0000","2","107.0000","2","117.0000","289137.0000","123.0000","8","88.0000","4","93.0000","3","71.0000","3","55.0000","19","22","5","20","18","0.2000","0.6600","34.0000","79.1100","0.2000","-0.0600","64.0000","60.1300","0.9300","0.4200","69.0000","56.9600","7.4700","-0.0300","74.0000","53.8000","0.8700","0.0000","92.0000","42.4100","101.6700","-0.2200","62.0000","61.3900","13.6200","-0.1300","62.0000","61.3900","0.1300","-0.7200","114.0000","28.4800","0.1300","-0.8000","123.0000","22.7800","19275.8000","-0.6800","125.0000","21.5200","144568.5000","-0.4300","99.0000","37.9700","0.5300","-0.3200","82.0000","48.7300","0.2700","-0.3400","92.0000","42.4100","-0.1000","77.0000","51.9000","-0.5200","-0.0100","-0.4600","-0.7100","-0.4000","-0.0800","-1.1128","-0.4500","-0.3300","-0.3400","-0.6700","-0.7400","-0.3900","-0.4900","41.7700","65.8200","34.1800","32.9100","41.1400","53.8000","11.3900","44.9400","55.7000","49.3700","22.7800","26.5800","43.6700","34.8100","158","10/21/2025 13:27","7","4","1.7500","0.4700","0.2700","70.0000","77.0000","79.0000","63.0000","52.0000","-0.1700","-0.1999","-0.3200","-0.1700","0.2900","56.3300","51.9000","50.6300","60.7600","67.7200","11","3","68.3500","51.0000","-0.0300","0.2000","75.9500","39.0000","0.5100","2","62.0300","61.0000","-0.1900","2","87.9700","20.0000","0.0800","0.1300","87.9700","20.0000","0.4900","1","87.3400","21.0000","0.3800","0.1300","58.8600","66.0000","0.2000","0.0700","86.0800","23.0000","0.9700","0.0000","96.2000","7.0000","-0.1800","0","96.2000","7.0000","-0.1500","0.0000","96.2000","7.0000","-0.1800","0","96.2000","7.0000","-0.1700","5","0","0"
"AAD2023.12.02810","229","30187","161","University of Texas at Austin, The","Statistics and Data Sciences, Department of","Statistics","13","120.0000","238","40.0000","13","105.0000","18.3100","2.0000","4445","32.0000","13","105.0000","1.0000","1.0000","9","45.0000","15","51.0000","6262339.0000","38.0000","26","40.0000","10","43.0000","4","64.0000","2","74.0000","19","22","5","20","18","0.1500","0.2100","55.0000","65.8200","0.3100","0.4200","40.0000","75.3200","1.0000","0.9100","1.0000","100.0000","18.3100","2.6800","2.0000","99.3700","1.0000","0.9000","1.0000","100.0000","341.9200","0.9300","14.0000","91.7700","18.6800","0.0300","33.0000","79.7500","0.6900","1.6500","13.0000","92.4100","1.1500","0.9400","28.0000","82.9100","481718.3800","1.3000","16.0000","90.5100","417489.2700","0.7600","23.0000","86.0800","2.0000","1.1100","15.0000","91.1400","0.7700","1.8000","9.0000","94.9400","1.2000","4.0000","98.1000","0.3000","-0.3400","-0.4600","0.2700","-0.4900","2.6300","0.5749","0.2500","-0.1700","0.2600","0.3800","0.0500","0.6300","-0.6700","73.4200","53.8000","34.1800","72.1500","34.1800","99.3700","100.0000","75.3200","60.1300","80.3800","76.5800","68.3500","75.3200","24.6800","158","10/21/2025 13:27","14","6","2.3300","1.0800","0.4600","42.0000","50.0000","50.0000","26.0000","15.0000","0.2600","0.1309","0.0400","0.6100","1.4700","74.0500","68.9900","68.9900","84.1800","91.1400","11","3","68.3500","51.0000","-0.0300","0.2300","83.5400","27.0000","0.7600","3","72.1500","45.0000","0.1900","0","69.6200","49.0000","-0.3500","0.0000","69.6200","49.0000","-0.3800","0","69.6200","49.0000","-0.5000","0.2300","88.6100","19.0000","1.2600","0.0000","69.6200","49.0000","-0.5200","0.0000","96.2000","7.0000","-0.1800","0","96.2000","7.0000","-0.1500","0.0000","96.2000","7.0000","-0.1800","0","96.2000","7.0000","-0.1700","5","0","0"
"AAD2023.12.02810","296","31802","161","University of Massachusetts Lowell","Mathematical and Statistics, Department of","Statistics","21","60.0000","85","104.0000","15","86.0000","5.6700","118.0000","413","124.0000","14","93.0000","0.8800","137.0000","3","92.0000","3","109.0000","408248.0000","121.0000","8","88.0000","5","82.0000","1","102.0000","1","98.0000","19","22","5","20","18","0.0500","-0.8100","123.0000","22.7800","0.0500","-0.7500","124.0000","22.1500","0.7100","-1.1800","140.0000","12.0300","4.0500","-0.8800","128.0000","19.6200","0.6700","-1.3400","141.0000","11.3900","19.6700","-0.6200","139.0000","12.6600","4.8600","-0.4100","143.0000","10.1300","0.1400","-0.6800","111.0000","30.3800","0.1400","-0.7800","120.0000","24.6800","19440.3800","-0.6800","124.0000","22.1500","136082.6700","-0.4700","102.0000","36.0800","0.3800","-0.4700","98.0000","38.6100","0.2400","-0.4700","100.0000","37.3400","-0.7000","129.0000","18.9900","-0.3900","-0.6700","-0.3700","-0.5700","-0.3000","-0.6900","-1.0073","-0.4500","-0.6300","-0.5600","-0.6500","-0.6800","-0.6100","0.0300","48.7300","38.6100","41.7700","42.4100","46.2000","25.9500","13.9200","44.9400","36.0800","22.1500","24.0500","31.6500","34.8100","62.6600","158","10/21/2025 13:27","6","2","3.0000","0.2900","0.1000","101.0000","33.0000","85.0000","89.0000","119.0000","-0.6000","0.5130","-0.3700","-0.4000","-0.7500","36.7100","79.7500","46.8400","44.3000","25.3200","11","2","57.5900","68.0000","-0.2800","0.1000","41.1400","94.0000","-0.3400","2","62.0300","61.0000","-0.1900","0","69.6200","49.0000","-0.3500","0.0000","69.6200","49.0000","-0.3800","0","69.6200","49.0000","-0.5000","0.1000","48.1000","83.0000","-0.2100","0.0000","69.6200","49.0000","-0.5200","0.0000","96.2000","7.0000","-0.1800","0","96.2000","7.0000","-0.1500","0.0000","96.2000","7.0000","-0.1800","0","96.2000","7.0000","-0.1700","5","0","0"
"AAD2023.12.02810","112","31998","161","Louisiana Tech University","Mathematics and Statistics, Department of","Statistics","5","154.0000","52","132.0000","4","152.0000","13.0000","18.0000","320","133.0000","4","152.0000","1.0000","1.0000","1","127.0000","1","130.0000","47682.0000","137.0000","0","148.0000","0","148.0000","0","129.0000","0","129.0000","19","22","5","20","18","0.0000","-1.2800","129.0000","18.9900","0.0000","-0.9700","129.0000","18.9900","0.8000","-0.5500","121.0000","24.0500","10.4000","0.7000","37.0000","77.2200","0.8000","-0.4400","118.0000","25.9500","64.0000","-0.4100","89.0000","44.3000","6.1500","-0.3700","126.0000","20.8900","0.2000","-0.4400","86.0000","46.2000","0.2000","-0.6900","107.0000","32.9100","9536.4000","-0.7200","133.0000","16.4600","47682.0000","-0.8500","137.0000","13.9200","0.0000","-0.8400","148.0000","6.9600","0.0000","-1.4800","148.0000","6.9600","-0.3000","99.0000","37.9700","-1.0700","-1.0100","-1.2800","-0.8500","-1.3200","1.2300","0.5749","-0.7700","-0.7800","-0.5800","-0.7200","-0.8000","-0.8700","-1.3700","6.9600","18.9900","4.4300","20.2500","4.4300","89.2400","100.0000","6.9600","18.9900","16.4600","13.9200","18.3500","17.0900","3.1600","158","10/21/2025 13:27","0","0","0.0000","0.0000","0.0000","139.0000","139.0000","139.0000","139.0000","139.0000","-1.0300","-1.1981","-0.6700","-0.7600","-1.3300","12.6600","12.6600","12.6600","12.6600","12.6600","11","0","22.1500","124.0000","-0.7700","0.0000","22.1500","124.0000","-1.1100","0","22.1500","124.0000","-0.9500","0","69.6200","49.0000","-0.3500","0.0000","69.6200","49.0000","-0.3800","0","69.6200","49.0000","-0.5000","0.0000","22.1500","124.0000","-1.2400","0.0000","69.6200","49.0000","-0.5200","0.0000","96.2000","7.0000","-0.1800","0","96.2000","7.0000","-0.1500","0.0000","96.2000","7.0000","-0.1800","0","96.2000","7.0000","-0.1700","5","0","0"
"AAD2023.12.02810","323","32156","161","University of Notre Dame","Applied and Computational Mathematics and Statistics, Department of","Statistics","20","65.0000","216","44.0000","20","55.0000","10.8000","37.0000","3121","44.0000","20","51.0000","1.0000","1.0000","12","30.0000","29","28.0000","6354701.0000","37.0000","20","49.0000","10","43.0000","1","102.0000","1","98.0000","19","22","5","20","18","0.0500","-0.7900","120.0000","24.6800","0.0500","-0.7400","121.0000","24.0500","1.0000","0.9100","1.0000","100.0000","10.8000","0.8000","30.0000","81.6500","1.0000","0.9000","1.0000","100.0000","156.0500","0.0400","44.0000","72.7800","14.4500","-0.1100","55.0000","65.8200","0.6000","1.2600","17.0000","89.8700","1.4500","1.4500","19.0000","88.6100","317735.0500","0.6000","29.0000","82.2800","219127.6200","-0.1100","69.0000","56.9600","1.0000","0.1300","49.0000","69.6200","0.5000","0.6500","41.0000","74.6800","0.8000","11.0000","93.6700","0.3000","-0.6700","0.1700","0.6900","0.1600","0.6500","0.5749","0.0200","-0.6300","-0.0100","0.4000","0.9100","0.4500","-0.0600","73.4200","38.6100","68.3500","81.6500","65.8200","77.2200","100.0000","69.6200","36.0800","72.7800","77.2200","82.9100","72.7800","59.4900","158","10/21/2025 13:27","39","8","4.8800","1.9500","0.4000","28.0000","13.0000","9.0000","10.0000","22.0000","0.6900","1.5853","1.3100","1.7300","1.0900","82.9100","92.4100","94.9400","94.3000","86.7100","11","1","40.5100","95.0000","-0.5300","0.0500","28.4800","114.0000","-0.7100","1","43.6700","90.0000","-0.5700","21","98.1000","4.0000","4.1300","1.0500","100.0000","1.0000","6.4600","1","87.3400","21.0000","0.3800","0.0500","30.3800","111.0000","-0.7000","0.0500","82.2800","29.0000","0.6000","0.0000","96.2000","7.0000","-0.1800","0","96.2000","7.0000","-0.1500","0.0000","96.2000","7.0000","-0.1800","0","96.2000","7.0000","-0.1700","5","0","0"
"AAD2023.12.02810","283","32377","161","University of Kentucky","Statistics, Department of","Statistics","14","116.0000","213","46.0000","12","116.0000","17.7500","5.0000","2932","47.0000","11","121.0000","0.9200","129.0000","3","92.0000","6","87.0000","2785585.0000","61.0000","7","90.0000","4","93.0000","1","102.0000","1","98.0000","19","22","5","20","18","0.0700","-0.5800","110.0000","31.0100","0.0700","-0.6400","111.0000","30.3800","0.8600","-0.1400","104.0000","34.8100","15.2100","1.9100","9.0000","94.9400","0.7900","-0.5400","122.0000","23.4200","209.4300","0.2900","29.0000","82.2800","13.7700","-0.1300","61.0000","62.0300","0.2100","-0.3800","85.0000","46.8400","0.4300","-0.3000","75.0000","53.1600","198970.3600","0.0900","50.0000","68.9900","464264.1700","0.9600","15.0000","91.1400","0.5000","-0.3500","86.0000","46.2000","0.2900","-0.2600","89.0000","44.3000","0.2000","52.0000","67.7200","-0.5200","-0.6700","-0.6500","-0.5700","-0.5800","2.4800","-0.4799","-0.4900","-0.6300","-0.0500","-0.2300","-0.5000","0.4300","-0.5800","41.7700","38.6100","24.0500","42.4100","27.2200","97.4700","18.9900","43.6700","36.0800","70.8900","62.0300","45.5700","71.5200","27.2200","158","10/21/2025 13:27","5","5","1.0000","0.3600","0.3600","50.0000","106.0000","90.0000","80.0000","30.0000","0.0400","-0.6277","-0.4200","-0.3100","0.8300","68.9900","33.5400","43.6700","50.0000","81.6500","11","1","40.5100","95.0000","-0.5300","0.0700","34.8100","104.0000","-0.5300","1","43.6700","90.0000","-0.5700","0","69.6200","49.0000","-0.3500","0.0000","69.6200","49.0000","-0.3800","0","69.6200","49.0000","-0.5000","0.0700","36.7100","101.0000","-0.4600","0.0000","69.6200","49.0000","-0.5200","0.0000","96.2000","7.0000","-0.1800","0","96.2000","7.0000","-0.1500","0.0000","96.2000","7.0000","-0.1800","0","96.2000","7.0000","-0.1700","5","0","0"
"AAD2023.12.02810","47","32394","161","Colorado School of Mines","Applied Mathematics and Statistics, Department of","Statistics","12","124.0000","128","81.0000","12","116.0000","10.6700","41.0000","2231","59.0000","12","113.0000","1.0000","1.0000","7","60.0000","16","49.0000","3011084.0000","59.0000","7","90.0000","4","93.0000","2","85.0000","2","74.0000","19","22","5","20","18","0.1700","0.3400","51.0000","68.3500","0.1700","-0.2100","74.0000","53.8000","1.0000","0.9100","1.0000","100.0000","10.6700","0.7700","33.0000","79.7500","1.0000","0.9000","1.0000","100.0000","185.9200","0.1800","37.0000","77.2200","17.4300","-0.0100","40.0000","75.3200","0.5800","1.1900","18.0000","89.2400","1.3300","1.2500","24.0000","85.4400","250923.6700","0.3100","38.0000","76.5800","188192.7500","-0.2400","80.0000","50.0000","0.5800","-0.2700","76.0000","52.5300","0.3300","-0.0600","67.0000","58.2300","0.7000","16.0000","90.5100","-0.5200","-0.3400","-0.5600","-0.0100","-0.5800","0.6200","0.5749","-0.4900","-0.4800","-0.1900","-0.1900","0.1100","-0.2600","-0.7600","41.7700","53.8000","29.1100","62.6600","27.2200","74.6800","100.0000","43.6700","46.8400","63.2900","63.2900","69.6200","49.3700","22.1500","158","10/21/2025 13:27","8","6","1.3300","0.6700","0.5000","42.0000","93.0000","73.0000","44.0000","11.0000","0.2600","-0.4395","-0.2700","0.0900","1.7000","74.0500","41.7700","54.4300","72.7800","93.6700","11","0","22.1500","124.0000","-0.7700","0.0000","22.1500","124.0000","-1.1100","0","22.1500","124.0000","-0.9500","0","69.6200","49.0000","-0.3500","0.0000","69.6200","49.0000","-0.3800","0","69.6200","49.0000","-0.5000","0.0000","22.1500","124.0000","-1.2400","0.0000","69.6200","49.0000","-0.5200","0.0000","96.2000","7.0000","-0.1800","0","96.2000","7.0000","-0.1500","0.0000","96.2000","7.0000","-0.1800","0","96.2000","7.0000","-0.1700","5","0","0"
"AAD2023.12.02810","8","32416","161","American University","Mathematics and Statistics, Department of","Statistics","16","96.0000","59","125.0000","14","94.0000","4.2100","135.0000","929","100.0000","12","113.0000","0.8600","143.0000","7","60.0000","12","61.0000","2798996.0000","60.0000","15","65.0000","4","93.0000","6","44.0000","4","39.0000","19","22","5","20","18","0.2500","1.1400","22.0000","86.7100","0.3800","0.7300","29.0000","82.2800","0.8800","-0.0100","99.0000","37.9700","3.6900","-0.9700","131.0000","17.7200","0.7500","-0.7800","129.0000","18.9900","58.0600","-0.4300","98.0000","38.6100","15.7500","-0.0700","51.0000","68.3500","0.4400","0.5700","45.0000","72.1500","0.7500","0.2500","48.0000","70.2500","174937.2500","-0.0100","58.0000","63.9200","233249.6700","-0.0400","66.0000","58.8600","0.9400","0.0700","51.0000","68.3500","0.2500","-0.4200","95.0000","40.5100","-0.4000","112.0000","29.7500","-0.5200","0.3200","-0.5600","-0.0100","-0.4000","-1.0800","-1.2334","-0.1800","0.1300","-0.4600","-0.2300","-0.1300","-0.8200","-0.4100","41.7700","75.9500","29.1100","62.6600","41.1400","15.1900","10.1300","59.4900","72.7800","37.3400","62.6600","62.0300","21.5200","39.8700","158","10/21/2025 13:27","19","5","3.8000","1.1900","0.3100","50.0000","20.0000","31.0000","21.0000","44.0000","0.0400","0.9693","0.2900","0.7600","0.5600","68.9900","87.9700","81.0100","87.3400","72.7800","11","4","77.2200","37.0000","0.2100","0.2500","87.3400","21.0000","0.9200","4","84.1800","26.0000","0.5700","2","87.9700","20.0000","0.0800","0.1300","86.7100","22.0000","0.4400","1","87.3400","21.0000","0.3800","0.2500","94.3000","10.0000","1.4700","0.0600","84.1800","26.0000","0.8800","0.0000","96.2000","7.0000","-0.1800","0","96.2000","7.0000","-0.1500","0.0000","96.2000","7.0000","-0.1800","0","96.2000","7.0000","-0.1700","5","0","0"
"AAD2023.12.02810","181","32935","161","San Diego State University","Mathematics and Statistics, Department of","Statistics","30","23.0000","295","22.0000","27","26.0000","10.9300","36.0000","4225","36.0000","28","23.0000","1.0000","1.0000","17","14.0000","28","29.0000","9586363.0000","21.0000","9","86.0000","6","71.0000","20","9.0000","9","6.0000","19","22","5","20","18","0.3000","1.6300","10.0000","94.3000","0.6700","2.0400","7.0000","96.2000","0.9000","0.1800","89.0000","44.3000","9.8300","0.5600","46.0000","71.5200","0.9300","0.4500","66.0000","58.8600","140.8300","-0.0400","53.0000","67.0900","14.3200","-0.1100","57.0000","64.5600","0.5700","1.1200","21.0000","87.3400","0.9300","0.5700","41.0000","74.6800","319545.4300","0.6100","28.0000","82.9100","342370.1100","0.4300","34.0000","79.1100","0.3000","-0.5500","103.0000","35.4400","0.2000","-0.6300","107.0000","32.9100","0.3000","47.0000","70.8900","-0.2500","1.9900","0.9000","1.4000","0.8000","0.6900","0.5749","-0.4100","2.2700","0.2100","0.9700","0.8500","1.0900","0.8200","55.7000","96.8400","86.0800","91.7700","84.1800","77.8500","100.0000","46.2000","94.9400","77.8500","87.3400","82.2800","86.7100","86.0800","158","10/21/2025 13:27","20","11","1.8200","0.6700","0.3700","13.0000","75.0000","30.0000","44.0000","27.0000","1.3300","-0.1600","0.3400","0.0900","0.8900","92.4100","53.1600","81.6500","72.7800","83.5400","11","8","93.6700","11.0000","1.2000","0.2700","89.2400","18.0000","1.0500","6","92.4100","13.0000","1.3300","1","79.7500","33.0000","-0.1300","0.0300","71.5200","46.0000","-0.1600","1","87.3400","21.0000","0.3800","0.2000","81.6500","30.0000","0.9300","0.0300","74.0500","42.0000","0.2200","0.0000","96.2000","7.0000","-0.1800","0","96.2000","7.0000","-0.1500","0.0000","96.2000","7.0000","-0.1800","0","96.2000","7.0000","-0.1700","5","0","0"
"AAD2023.12.02810","309","33147","161","University of Nebraska at Omaha","Mathematical and Statistical Sciences, Department of","Statistics","20","65.0000","67","118.0000","15","86.0000","4.4700","133.0000","319","134.0000","17","68.0000","0.9400","111.0000","3","92.0000","4","98.0000","1986826.0000","72.0000","2","127.0000","1","131.0000","1","102.0000","2","74.0000","19","22","5","20","18","0.1000","-0.3100","95.0000","40.5100","0.0500","-0.7400","121.0000","24.0500","0.7500","-0.9200","131.0000","17.7200","3.3500","-1.0600","134.0000","15.8200","0.8500","-0.1100","105.0000","34.1800","15.9500","-0.6400","143.0000","10.1300","4.7600","-0.4100","145.0000","8.8600","0.1500","-0.6500","109.0000","31.6500","0.2000","-0.6900","107.0000","32.9100","99341.3000","-0.3400","73.0000","54.4300","496706.5000","1.1000","12.0000","93.0400","0.1000","-0.7500","139.0000","12.6600","0.0500","-1.2700","146.0000","8.2300","-0.8000","134.0000","15.8200","-0.9400","-0.3400","-0.1000","-0.5700","-0.3000","-1.0100","-0.1697","-0.6900","-0.6300","-0.5800","-0.3700","-0.6200","-0.7500","-0.0600","17.7200","53.8000","57.5900","42.4100","46.2000","16.4600","30.3800","20.2500","36.0800","15.8200","55.0600","38.6100","25.9500","59.4900","158","10/21/2025 13:27","8","6","1.3300","0.4000","0.3000","42.0000","93.0000","73.0000","74.0000","45.0000","0.2600","-0.4395","-0.2700","-0.2500","0.4900","74.0500","41.7700","54.4300","53.8000","72.1500","11","2","57.5900","68.0000","-0.2800","0.1000","44.3000","89.0000","-0.3000","2","62.0300","61.0000","-0.1900","1","79.7500","33.0000","-0.1300","0.0500","77.8500","36.0000","-0.0500","1","87.3400","21.0000","0.3800","0.1000","50.0000","80.0000","-0.1600","0.0500","82.2800","29.0000","0.6000","0.0000","96.2000","7.0000","-0.1800","0","96.2000","7.0000","-0.1500","0.0000","96.2000","7.0000","-0.1800","0","96.2000","7.0000","-0.1700","5","0","0"
"AAD2023.12.02810","151","33643","161","Northern Arizona University","Mathematics and Statistics, Department of","Statistics","16","96.0000","58","126.0000","12","116.0000","4.8300","130.0000","1290","94.0000","13","105.0000","0.9200","127.0000","1","127.0000","1","130.0000","1048190.0000","99.0000","2","127.0000","1","131.0000","3","71.0000","3","55.0000","19","22","5","20","18","0.1900","0.5400","43.0000","73.4200","0.1900","-0.1200","69.0000","56.9600","0.7500","-0.9200","131.0000","17.7200","3.6300","-0.9900","132.0000","17.0900","0.8100","-0.3600","116.0000","27.2200","80.6300","-0.3300","75.0000","53.1600","22.2400","0.1400","25.0000","84.8100","0.0600","-1.0200","138.0000","13.2900","0.0600","-0.9200","138.0000","13.2900","65511.8800","-0.4800","88.0000","44.9400","1048190.0000","3.5000","4.0000","98.1000","0.1300","-0.7200","133.0000","16.4600","0.0600","-1.2200","141.0000","11.3900","-0.6000","125.0000","21.5200","-0.9400","-0.0100","-0.4600","-0.8500","-0.5800","-0.9200","-0.3988","-0.6900","-0.3300","-0.3800","-0.5400","-0.8000","-0.8300","-0.4100","17.7200","65.8200","34.1800","20.2500","27.2200","18.3500","20.2500","20.2500","55.7000","41.1400","37.9700","18.3500","20.8900","39.8700","158","10/21/2025 13:27","3","3","1.0000","0.1900","0.1900","85.0000","106.0000","107.0000","107.0000","81.0000","-0.3900","-0.6277","-0.5200","-0.5200","-0.1900","46.8400","33.5400","32.9100","32.9100","49.3700","11","0","22.1500","124.0000","-0.7700","0.0000","22.1500","124.0000","-1.1100","0","22.1500","124.0000","-0.9500","0","69.6200","49.0000","-0.3500","0.0000","69.6200","49.0000","-0.3800","0","69.6200","49.0000","-0.5000","0.0000","22.1500","124.0000","-1.2400","0.0000","69.6200","49.0000","-0.5200","0.0000","96.2000","7.0000","-0.1800","0","96.2000","7.0000","-0.1500","0.0000","96.2000","7.0000","-0.1800","0","96.2000","7.0000","-0.1700","5","0","0"
"AAD2023.12.02810","557985","33690","161","University of Texas Rio Grande Valley","Mathematical and Statistical Sciences, School of","Statistics","45","6.0000","376","8.0000","45","6.0000","8.3600","67.0000","2003","65.0000","45","5.0000","1.0000","1.0000","9","45.0000","12","61.0000","3421372.0000","56.0000","16","60.0000","9","55.0000","5","59.0000","4","39.0000","19","22","5","20","18","0.0900","-0.4200","102.0000","36.0800","0.1100","-0.4700","94.0000","41.1400","1.0000","0.9100","1.0000","100.0000","8.3600","0.1900","60.0000","62.6600","1.0000","0.9000","1.0000","100.0000","44.5100","-0.5000","112.0000","29.7500","5.3300","-0.3900","136.0000","14.5600","0.2000","-0.4400","86.0000","46.2000","0.2700","-0.5700","98.0000","38.6100","76030.4900","-0.4400","84.0000","47.4700","285114.3300","0.1800","53.0000","67.0900","0.3600","-0.5000","101.0000","36.7100","0.2000","-0.6300","107.0000","32.9100","-0.2000","88.0000","44.9400","0.1600","0.3200","2.4500","0.2700","2.4600","0.0100","0.5749","-0.1400","-0.0200","-0.2400","-0.1200","-0.1300","1.7500","2.1400","65.8200","75.9500","97.4700","72.1500","96.8400","58.2300","100.0000","62.6600","63.2900","59.4900","65.1900","62.0300","95.5700","96.8400","158","10/21/2025 13:27","21","16","1.3100","0.4700","0.3600","3.0000","99.0000","26.0000","63.0000","33.0000","2.4100","-0.4509","0.3900","-0.1700","0.8200","98.7300","37.9700","84.1800","60.7600","79.7500","11","5","82.9100","28.0000","0.4600","0.1100","48.7300","82.0000","-0.2100","5","89.2400","18.0000","0.9500","0","69.6200","49.0000","-0.3500","0.0000","69.6200","49.0000","-0.3800","0","69.6200","49.0000","-0.5000","0.1100","53.8000","74.0000","-0.0400","0.0000","69.6200","49.0000","-0.5200","0.0000","96.2000","7.0000","-0.1800","0","96.2000","7.0000","-0.1500","0.0000","96.2000","7.0000","-0.1800","0","96.2000","7.0000","-0.1700","5","0","0"
"AAD2023.12.02810","146","33750","161","New York University","Applied Statistics, Social Science, and Humanities, Department of","Statistics","25","44.0000","137","74.0000","24","35.0000","5.7100","117.0000","1694","73.0000","18","65.0000","0.7500","153.0000","4","78.0000","4","98.0000","1310829.0000","88.0000","16","60.0000","10","43.0000","31","2.0000","13","3.0000","19","22","5","20","18","0.5200","3.7600","1.0000","100.0000","1.2400","4.6300","1.0000","100.0000","0.9600","0.6200","55.0000","65.8200","5.4800","-0.5200","106.0000","33.5400","0.7200","-0.9800","134.0000","15.8200","67.7600","-0.3900","86.0000","46.2000","12.3700","-0.1700","72.0000","55.0600","0.1600","-0.6100","106.0000","33.5400","0.1600","-0.7600","115.0000","27.8500","52433.1600","-0.5400","94.0000","41.1400","327707.2500","0.3700","36.0000","77.8500","0.6400","-0.2200","71.0000","55.7000","0.4000","0.2200","59.0000","63.2900","-0.3000","99.0000","37.9700","0.3000","3.3100","-0.0100","-0.4300","0.5200","-0.6800","-2.5896","-0.1400","3.9500","-0.3000","-0.4900","-0.6200","-0.1900","0.3800","73.4200","98.7300","59.4900","51.2700","78.4800","26.5800","3.8000","62.6600","99.3700","54.4300","44.9400","38.6100","53.8000","72.7800","158","10/21/2025 13:27","15","5","3.0000","0.6000","0.2000","50.0000","33.0000","43.0000","51.0000","74.0000","0.0400","0.5130","0.0900","0.0000","-0.1200","68.9900","79.7500","73.4200","68.3500","53.8000","11","13","98.1000","4.0000","2.4400","0.5200","99.3700","2.0000","3.1100","7","94.9400","9.0000","1.7100","0","69.6200","49.0000","-0.3500","0.0000","69.6200","49.0000","-0.3800","0","69.6200","49.0000","-0.5000","0.2800","97.4700","5.0000","1.7900","0.0000","69.6200","49.0000","-0.5200","0.0000","96.2000","7.0000","-0.1800","0","96.2000","7.0000","-0.1500","0.0000","96.2000","7.0000","-0.1800","0","96.2000","7.0000","-0.1700","5","0","0"
"AAD2023.12.02810","74","33873","161","Fordham University","Strategy and Statistics Area","Statistics","7","144.0000","8","158.0000","4","152.0000","2.0000","157.0000","149","146.0000","5","144.0000","0.8300","150.0000","0","139.0000","0","139.0000","0.0000","139.0000","5","99.0000","3","104.0000","0","129.0000","0","129.0000","19","22","5","20","18","0.0000","-1.2800","129.0000","18.9900","0.0000","-0.9700","129.0000","18.9900","0.5700","-2.2200","151.0000","5.0600","1.1400","-1.6100","155.0000","2.5300","0.7100","-1.0200","135.0000","15.1900","21.2900","-0.6100","136.0000","14.5600","18.6300","0.0200","34.0000","79.1100","0.0000","-1.2900","139.0000","12.6600","0.0000","-1.0300","139.0000","12.6600","0.0000","-0.7600","139.0000","12.6600","0.0000","-1.0600","139.0000","12.6600","0.7100","-0.1400","62.0000","61.3900","0.4300","0.3500","53.0000","67.0900","-0.9000","141.0000","11.3900","-0.6600","-1.0100","-1.1900","-0.9900","-1.3200","-1.6600","-1.5348","-0.5700","-0.7800","-0.6100","-0.7200","-0.8700","-1.2300","-1.1900","34.8100","18.9900","9.4900","12.6600","4.4300","1.2700","5.7000","37.9700","18.9900","8.2300","12.6600","12.6600","0.6300","9.4900","158","10/21/2025 13:27","11","3","3.6700","1.5700","0.4300","85.0000","23.0000","60.0000","14.0000","19.0000","-0.3900","0.8951","-0.1100","1.2500","1.2700","46.8400","86.0800","62.6600","91.7700","88.6100","11","0","22.1500","124.0000","-0.7700","0.0000","22.1500","124.0000","-1.1100","0","22.1500","124.0000","-0.9500","0","69.6200","49.0000","-0.3500","0.0000","69.6200","49.0000","-0.3800","0","69.6200","49.0000","-0.5000","0.0000","22.1500","124.0000","-1.2400","0.0000","69.6200","49.0000","-0.5200","0.0000","96.2000","7.0000","-0.1800","0","96.2000","7.0000","-0.1500","0.0000","96.2000","7.0000","-0.1800","0","96.2000","7.0000","-0.1700","5","0","0"
"AAD2023.12.02810","322","34088","161","University of Northern Colorado","Applied Statistics and Research Methods, Department of","Statistics","7","144.0000","35","142.0000","6","140.0000","5.8300","114.0000","239","140.0000","6","141.0000","1.0000","1.0000","1","127.0000","1","130.0000","1307476.0000","89.0000","0","148.0000","0","148.0000","2","85.0000","1","98.0000","19","22","5","20","18","0.1400","0.1100","64.0000","60.1300","0.2900","0.3200","44.0000","72.7800","0.8600","-0.1400","104.0000","34.8100","5.0000","-0.6400","111.0000","30.3800","0.8600","-0.0600","99.0000","37.9700","34.1400","-0.5500","124.0000","22.1500","6.8300","-0.3400","120.0000","24.6800","0.1400","-0.6800","111.0000","30.3800","0.1400","-0.7800","120.0000","24.6800","186782.2900","0.0400","52.0000","67.7200","1307476.0000","4.6300","2.0000","99.3700","0.0000","-0.8400","148.0000","6.9600","0.0000","-1.4800","148.0000","6.9600","-0.5000","119.0000","25.3200","-1.0700","-0.6700","-1.1000","-0.8500","-1.1300","-0.6500","0.5749","-0.7700","-0.4800","-0.6000","-0.4900","-0.8000","-1.0100","-1.1900","6.9600","38.6100","11.3900","20.2500","12.0300","28.4800","100.0000","6.9600","46.8400","12.0300","44.3000","18.3500","10.7600","9.4900","158","10/21/2025 13:27","4","1","4.0000","0.5700","0.1400","118.0000","17.0000","97.0000","56.0000","96.0000","-0.8200","1.0833","-0.4700","-0.0300","-0.4600","25.9500","89.8700","39.2400","65.1900","39.8700","11","1","40.5100","95.0000","-0.5300","0.1400","57.5900","68.0000","0.0500","1","43.6700","90.0000","-0.5700","0","69.6200","49.0000","-0.3500","0.0000","69.6200","49.0000","-0.3800","0","69.6200","49.0000","-0.5000","0.1400","65.1900","56.0000","0.3100","0.0000","69.6200","49.0000","-0.5200","0.0000","96.2000","7.0000","-0.1800","0","96.2000","7.0000","-0.1500","0.0000","96.2000","7.0000","-0.1800","0","96.2000","7.0000","-0.1700","5","0","0"
"AAD2023.12.02810","25","34360","161","Bowling Green State University","Applied Statistics and Operations Research, Department of","Statistics","6","149.0000","27","146.0000","5","145.0000","5.4000","121.0000","246","139.0000","5","144.0000","1.0000","1.0000","0","139.0000","0","139.0000","0.0000","139.0000","1","137.0000","1","131.0000","0","129.0000","0","129.0000","19","22","5","20","18","0.0000","-1.2800","129.0000","18.9900","0.0000","-0.9700","129.0000","18.9900","0.8300","-0.3100","110.0000","31.0100","4.5000","-0.7700","119.0000","25.3200","0.8300","-0.2200","109.0000","31.6500","41.0000","-0.5200","117.0000","26.5800","9.1100","-0.2700","101.0000","36.7100","0.0000","-1.2900","139.0000","12.6600","0.0000","-1.0300","139.0000","12.6600","0.0000","-0.7600","139.0000","12.6600","0.0000","-1.0600","139.0000","12.6600","0.1700","-0.6800","123.0000","22.7800","0.1700","-0.7700","116.0000","27.2200","-0.5000","119.0000","25.3200","-0.9400","-1.0100","-1.1900","-0.9900","-1.2300","-0.7700","0.5749","-0.7300","-0.7800","-0.5900","-0.7200","-0.8700","-1.0800","-1.2800","17.7200","18.9900","9.4900","12.6600","8.8600","24.0500","100.0000","13.9200","18.9900","12.6600","12.6600","12.6600","8.2300","6.3300","158","10/21/2025 13:27","0","0","0.0000","0.0000","0.0000","139.0000","139.0000","139.0000","139.0000","139.0000","-1.0300","-1.1981","-0.6700","-0.7600","-1.3300","12.6600","12.6600","12.6600","12.6600","12.6600","11","1","40.5100","95.0000","-0.5300","0.1700","65.1900","56.0000","0.2400","1","43.6700","90.0000","-0.5700","0","69.6200","49.0000","-0.3500","0.0000","69.6200","49.0000","-0.3800","0","69.6200","49.0000","-0.5000","0.1700","70.2500","48.0000","0.5700","0.0000","69.6200","49.0000","-0.5200","0.0000","96.2000","7.0000","-0.1800","0","96.2000","7.0000","-0.1500","0.0000","96.2000","7.0000","-0.1800","0","96.2000","7.0000","-0.1700","5","0","0"
"AAD2023.12.02810","259","34558","161","University of California, Santa Cruz","Statistics, Department of","Statistics","9","135.0000","104","98.0000","9","129.0000","11.5600","26.0000","9709","12.0000","9","127.0000","1.0000","1.0000","7","60.0000","14","56.0000","2144417.0000","67.0000","14","68.0000","5","82.0000","2","85.0000","2","74.0000","19","22","5","20","18","0.2200","0.8700","28.0000","82.9100","0.2200","0.0400","59.0000","63.2900","1.0000","0.9100","1.0000","100.0000","11.5600","0.9900","23.0000","86.0800","1.0000","0.9000","1.0000","100.0000","1078.7800","4.4700","3.0000","98.7300","93.3600","2.3500","3.0000","98.7300","0.7800","2.0200","10.0000","94.3000","1.5600","1.6300","15.0000","91.1400","238268.5600","0.2600","41.0000","74.6800","153172.6400","-0.3900","96.0000","39.8700","1.5600","0.6800","24.0000","85.4400","0.5600","0.8900","35.0000","78.4800","0.8000","11.0000","93.6700","-0.3900","-0.3400","-0.8300","-0.0100","-0.8600","0.8500","0.5749","-0.2200","-0.4800","1.3200","-0.3400","-0.0100","-0.4500","-1.0200","48.7300","53.8000","20.2500","62.6600","18.9900","84.1800","100.0000","57.5900","46.8400","93.0400","58.2300","65.1900","38.6100","15.1900","158","10/21/2025 13:27","1","1","1.0000","0.1100","0.1100","118.0000","106.0000","120.0000","122.0000","110.0000","-0.8200","-0.6277","-0.6200","-0.6200","-0.6500","25.9500","33.5400","24.6800","23.4200","31.0100","11","0","22.1500","124.0000","-0.7700","0.0000","22.1500","124.0000","-1.1100","0","22.1500","124.0000","-0.9500","0","69.6200","49.0000","-0.3500","0.0000","69.6200","49.0000","-0.3800","0","69.6200","49.0000","-0.5000","0.0000","22.1500","124.0000","-1.2400","0.0000","69.6200","49.0000","-0.5200","0.0000","96.2000","7.0000","-0.1800","0","96.2000","7.0000","-0.1500","0.0000","96.2000","7.0000","-0.1800","0","96.2000","7.0000","-0.1700","5","0","0"
"AAD2023.12.02810","146","34573","161","New York University","Technology, Operations, and Statistics, Department of","Statistics","32","18.0000","152","66.0000","26","29.0000","5.8500","113.0000","4377","34.0000","29","17.0000","1.0000","1.0000","3","92.0000","4","98.0000","1258158.0000","90.0000","75","9.0000","22","7.0000","12","15.0000","7","13.0000","19","22","5","20","18","0.2200","0.8400","29.0000","82.2800","0.3800","0.7300","29.0000","82.2800","0.8100","-0.4600","119.0000","25.3200","4.7500","-0.7100","116.0000","27.2200","0.9100","0.2700","78.0000","51.2700","136.7800","-0.0600","54.0000","66.4600","28.8000","0.3400","17.0000","89.8700","0.0900","-0.8900","127.0000","20.2500","0.1300","-0.8200","124.0000","22.1500","39317.4400","-0.5900","105.0000","34.1800","314539.5000","0.3100","41.0000","74.6800","2.3400","1.4500","12.0000","93.0400","0.6900","1.4500","15.0000","91.1400","0.2000","52.0000","67.7200","1.9500","1.3200","0.9900","-0.5700","0.7100","-0.6500","0.5749","2.1700","1.0500","0.2400","-0.5000","-0.6200","-0.0700","1.0000","96.2000","92.4100","89.8700","42.4100","82.2800","29.1100","100.0000","94.9400","91.1400","79.1100","43.6700","38.6100","58.8600","89.2400","158","10/21/2025 13:27","67","16","4.1900","2.0900","0.5000","3.0000","15.0000","4.0000","6.0000","11.0000","2.4100","1.1917","2.7300","1.9100","1.7000","98.7300","91.1400","98.1000","96.8400","93.6700","11","1","40.5100","95.0000","-0.5300","0.0300","24.0500","121.0000","-0.8600","1","43.6700","90.0000","-0.5700","21","98.1000","4.0000","4.1300","0.6600","98.7300","3.0000","3.9000","5","98.7300","3.0000","3.8600","0.0300","24.6800","120.0000","-0.9000","0.1600","97.4700","5.0000","2.9700","0.0000","96.2000","7.0000","-0.1800","0","96.2000","7.0000","-0.1500","0.0000","96.2000","7.0000","-0.1800","0","96.2000","7.0000","-0.1700","5","0","0"
"AAD2023.12.02810","259","34772","161","University of California, Santa Cruz","Applied Mathematics, Department of","Statistics","12","124.0000","129","79.0000","12","116.0000","10.7500","39.0000","2456","53.0000","12","113.0000","1.0000","1.0000","7","60.0000","15","51.0000","3881213.0000","51.0000","3","116.0000","2","117.0000","0","129.0000","0","129.0000","19","22","5","20","18","0.0000","-1.2800","129.0000","18.9900","0.0000","-0.9700","129.0000","18.9900","1.0000","0.9100","1.0000","100.0000","10.7500","0.7900","32.0000","80.3800","1.0000","0.9000","1.0000","100.0000","204.6700","0.2700","32.0000","80.3800","19.0400","0.0400","32.0000","80.3800","0.5800","1.1900","18.0000","89.2400","1.2500","1.1100","27.0000","83.5400","323434.4200","0.6200","27.0000","83.5400","258747.5300","0.0700","60.0000","62.6600","0.2500","-0.6000","109.0000","31.6500","0.1700","-0.7700","116.0000","27.2200","0.7000","16.0000","90.5100","-0.8000","-1.0100","-0.5600","-0.0100","-0.5800","0.6400","0.5749","-0.6500","-0.7800","-0.1500","-0.0400","0.0500","-0.2500","-0.7600","26.5800","18.9900","29.1100","62.6600","27.2200","75.9500","100.0000","27.2200","18.9900","67.0900","68.3500","68.3500","50.6300","22.1500","158","10/21/2025 13:27","15","7","2.1400","1.2500","0.5800","36.0000","56.0000","43.0000","19.0000","5.0000","0.4700","0.0225","0.0900","0.8300","2.2000","77.8500","65.1900","73.4200","88.6100","97.4700","11","1","40.5100","95.0000","-0.5300","0.0800","39.8700","96.0000","-0.4400","1","43.6700","90.0000","-0.5700","0","69.6200","49.0000","-0.3500","0.0000","69.6200","49.0000","-0.3800","0","69.6200","49.0000","-0.5000","0.0800","44.3000","89.0000","-0.3400","0.0000","69.6200","49.0000","-0.5200","0.0000","96.2000","7.0000","-0.1800","0","96.2000","7.0000","-0.1500","0.0000","96.2000","7.0000","-0.1800","0","96.2000","7.0000","-0.1700","5","0","0"
"AAD2023.12.02810","27","34791","161","Brigham Young University","Statistics, Department of","Statistics","23","50.0000","155","63.0000","21","48.0000","7.3800","89.0000","1588","78.0000","22","39.0000","1.0000","1.0000","2","107.0000","7","82.0000","1181704.0000","94.0000","17","58.0000","9","55.0000","1","102.0000","1","98.0000","19","22","5","20","18","0.0400","-0.8600","124.0000","22.1500","0.0400","-0.7700","125.0000","21.5200","0.9100","0.2700","81.0000","49.3700","6.7400","-0.2100","84.0000","47.4700","0.9600","0.6000","55.0000","65.8200","69.0400","-0.3800","85.0000","46.8400","10.2500","-0.2400","90.0000","43.6700","0.0900","-0.9200","129.0000","18.9900","0.3000","-0.5100","89.0000","44.3000","51378.4300","-0.5400","97.0000","39.2400","168814.8600","-0.3200","89.0000","44.3000","0.7400","-0.1200","60.0000","62.6600","0.3900","0.1900","61.0000","62.0300","-0.1000","77.0000","51.9000","0.1600","-0.6700","0.3600","-0.7100","0.2500","-0.2400","0.5749","-0.1000","-0.6300","-0.3200","-0.5100","-0.4400","-0.0400","0.2100","65.8200","38.6100","75.9500","32.9100","70.2500","44.3000","100.0000","63.9200","36.0800","51.2700","41.1400","48.7300","60.7600","68.9900","158","10/21/2025 13:27","3","3","1.0000","0.1300","0.1300","85.0000","106.0000","107.0000","119.0000","103.0000","-0.3900","-0.6277","-0.5200","-0.6000","-0.5400","46.8400","33.5400","32.9100","25.3200","35.4400","11","2","57.5900","68.0000","-0.2800","0.0900","40.5100","95.0000","-0.4100","2","62.0300","61.0000","-0.1900","5","93.0400","12.0000","0.7200","0.2200","94.3000","10.0000","1.0400","2","93.6700","11.0000","1.2500","0.0900","45.5700","87.0000","-0.3000","0.0900","92.4100","13.0000","1.4200","0.0000","96.2000","7.0000","-0.1800","0","96.2000","7.0000","-0.1500","0.0000","96.2000","7.0000","-0.1800","0","96.2000","7.0000","-0.1700","5","0","0"
"AAD2023.12.02810","278","35307","161","University of Idaho","Mathematics and Statistical Science, Department of","Statistics","21","60.0000","129","79.0000","19","64.0000","6.7900","96.0000","1692","74.0000","19","58.0000","1.0000","1.0000","4","78.0000","5","91.0000","937794.0000","101.0000","5","99.0000","5","82.0000","6","44.0000","3","55.0000","19","22","5","20","18","0.1400","0.1100","64.0000","60.1300","0.2900","0.3200","44.0000","72.7800","0.9000","0.2100","88.0000","44.9400","6.1400","-0.3600","96.0000","39.8700","0.9000","0.2600","80.0000","50.0000","80.5700","-0.3300","76.0000","52.5300","13.1200","-0.1500","64.0000","60.1300","0.1900","-0.4800","92.0000","42.4100","0.2400","-0.6200","101.0000","36.7100","44656.8600","-0.5700","101.0000","36.7100","187558.8000","-0.2400","81.0000","49.3700","0.2400","-0.6100","113.0000","29.1100","0.2400","-0.4700","100.0000","37.3400","-0.3000","99.0000","37.9700","-0.3900","-0.0100","0.0800","-0.4300","0.0600","-0.4000","0.5749","-0.5700","0.1300","-0.3000","-0.5600","-0.5600","-0.2500","0.0300","48.7300","65.8200","63.9200","51.2700","60.1300","39.8700","100.0000","37.9700","72.7800","53.8000","36.7100","43.0400","50.6300","62.6600","158","10/21/2025 13:27","10","3","3.3300","0.4800","0.1400","85.0000","30.0000","67.0000","62.0000","96.0000","-0.3900","0.7012","-0.1700","-0.1500","-0.4600","46.8400","81.6500","58.2300","61.3900","39.8700","11","9","95.5700","8.0000","1.4500","0.4300","96.2000","7.0000","2.3600","4","84.1800","26.0000","0.5700","0","69.6200","49.0000","-0.3500","0.0000","69.6200","49.0000","-0.3800","0","69.6200","49.0000","-0.5000","0.1900","77.2200","37.0000","0.8200","0.0000","69.6200","49.0000","-0.5200","0.0000","96.2000","7.0000","-0.1800","0","96.2000","7.0000","-0.1500","0.0000","96.2000","7.0000","-0.1800","0","96.2000","7.0000","-0.1700","5","0","0"
"AAD2023.12.02810","352","35415","161","Villanova University","Mathematics and Statistics, Department of","Statistics","25","44.0000","80","109.0000","19","64.0000","4.2100","136.0000","473","120.0000","16","74.0000","0.8400","149.0000","2","107.0000","4","98.0000","436373.0000","119.0000","10","80.0000","8","60.0000","4","64.0000","2","74.0000","19","22","5","20","18","0.0800","-0.5000","107.0000","32.9100","0.1600","-0.2400","78.0000","51.2700","0.7600","-0.8500","130.0000","18.3500","3.2000","-1.0900","136.0000","14.5600","0.6400","-1.5200","147.0000","7.5900","18.9200","-0.6200","140.0000","12.0300","5.9100","-0.3700","127.0000","20.2500","0.0800","-0.9500","133.0000","16.4600","0.1600","-0.7600","115.0000","27.8500","17454.9200","-0.6900","126.0000","20.8900","109093.2500","-0.5800","122.0000","23.4200","0.4000","-0.4500","97.0000","39.2400","0.3200","-0.1200","76.0000","52.5300","-0.8000","134.0000","15.8200","0.0300","-0.3400","-0.1900","-0.7100","0.0600","-1.0800","-1.4237","-0.3700","-0.1700","-0.5500","-0.6500","-0.6200","-0.6500","0.3800","62.6600","53.8000","53.8000","32.9100","60.1300","14.5600","6.3300","50.0000","60.1300","24.6800","25.3200","38.6100","31.6500","72.7800","158","10/21/2025 13:27","7","2","3.5000","0.2800","0.0800","101.0000","25.0000","79.0000","93.0000","125.0000","-0.6000","0.7982","-0.3200","-0.4000","-0.8400","36.7100","84.8100","50.6300","41.7700","21.5200","11","2","57.5900","68.0000","-0.2800","0.0800","38.6100","98.0000","-0.4600","2","62.0300","61.0000","-0.1900","0","69.6200","49.0000","-0.3500","0.0000","69.6200","49.0000","-0.3800","0","69.6200","49.0000","-0.5000","0.0800","42.4100","92.0000","-0.3700","0.0000","69.6200","49.0000","-0.5200","0.0000","96.2000","7.0000","-0.1800","0","96.2000","7.0000","-0.1500","0.0000","96.2000","7.0000","-0.1800","0","96.2000","7.0000","-0.1700","5","0","0"
"AAD2023.12.02810","307","35426","161","University of Missouri - St. Louis","Math, Physics, Astronomy and Statistics, Department of","Statistics","9","135.0000","58","126.0000","7","137.0000","8.2900","71.0000","713","111.0000","7","136.0000","1.0000","1.0000","1","127.0000","3","109.0000","328216.0000","122.0000","10","80.0000","4","93.0000","1","102.0000","1","98.0000","19","22","5","20","18","0.1100","-0.2000","84.0000","47.4700","0.1100","-0.4700","94.0000","41.1400","0.7800","-0.7200","125.0000","21.5200","6.4400","-0.2800","88.0000","44.9400","0.7800","-0.5900","123.0000","22.7800","79.2200","-0.3300","77.0000","51.9000","12.2900","-0.1700","73.0000","54.4300","0.1100","-0.8200","120.0000","24.6800","0.3300","-0.4600","84.0000","47.4700","36468.4400","-0.6100","107.0000","32.9100","109405.3300","-0.5800","121.0000","24.0500","1.1100","0.2400","42.0000","74.0500","0.4400","0.4100","50.0000","68.9900","-0.2000","88.0000","44.9400","-0.5200","-0.6700","-1.0100","-0.8500","-1.0400","-0.0100","0.5749","-0.3700","-0.6300","-0.5000","-0.6700","-0.6800","-0.8300","-1.0200","41.7700","38.6100","14.5600","20.2500","13.9200","55.7000","100.0000","50.0000","36.0800","30.3800","23.4200","31.6500","20.8900","15.1900","158","10/21/2025 13:27","2","1","2.0000","0.2200","0.1100","118.0000","58.0000","114.0000","100.0000","110.0000","-0.8200","-0.0574","-0.5700","-0.4800","-0.6500","25.9500","63.9200","28.4800","37.3400","31.0100","11","1","40.5100","95.0000","-0.5300","0.1100","48.7300","82.0000","-0.2100","1","43.6700","90.0000","-0.5700","1","79.7500","33.0000","-0.1300","0.1100","85.4400","24.0000","0.3500","1","87.3400","21.0000","0.3800","0.1100","53.8000","74.0000","-0.0400","0.1100","93.6700","11.0000","1.9600","0.0000","96.2000","7.0000","-0.1800","0","96.2000","7.0000","-0.1500","0.0000","96.2000","7.0000","-0.1800","0","96.2000","7.0000","-0.1700","5","0","0"
"AAD2023.12.02810","63","35628","161","East Tennessee State University","Mathematics and Statistics, Department of","Statistics","16","96.0000","27","146.0000","10","125.0000","2.7000","155.0000","108","149.0000","8","132.0000","0.8000","151.0000","2","107.0000","2","117.0000","624030.0000","110.0000","0","148.0000","0","148.0000","8","28.0000","3","55.0000","19","22","5","20","18","0.1900","0.5400","43.0000","73.4200","0.5000","1.2900","13.0000","92.4100","0.6300","-1.8300","148.0000","6.9600","1.6900","-1.4700","153.0000","3.8000","0.5000","-2.4600","153.0000","3.8000","6.7500","-0.6800","153.0000","3.8000","4.0000","-0.4300","149.0000","6.3300","0.1300","-0.7600","115.0000","27.8500","0.1300","-0.8200","124.0000","22.1500","39001.8800","-0.5900","106.0000","33.5400","312015.0000","0.3000","43.0000","73.4200","0.0000","-0.8400","148.0000","6.9600","0.0000","-1.4800","148.0000","6.9600","-1.1000","152.0000","4.4300","-1.0700","-0.0100","-0.9200","-0.7100","-0.7700","-1.4800","-1.9567","-0.7700","0.4400","-0.6200","-0.6100","-0.7400","-1.0800","-0.4100","6.9600","65.8200","17.0900","32.9100","21.5200","2.5300","5.0600","6.9600","82.9100","6.3300","31.0100","26.5800","8.2300","39.8700","158","10/21/2025 13:27","1","1","1.0000","0.0600","0.0600","118.0000","106.0000","120.0000","129.0000","130.0000","-0.8200","-0.6277","-0.6200","-0.6800","-0.9500","25.9500","33.5400","24.6800","18.9900","18.3500","11","0","22.1500","124.0000","-0.7700","0.0000","22.1500","124.0000","-1.1100","0","22.1500","124.0000","-0.9500","0","69.6200","49.0000","-0.3500","0.0000","69.6200","49.0000","-0.3800","0","69.6200","49.0000","-0.5000","0.0000","22.1500","124.0000","-1.2400","0.0000","69.6200","49.0000","-0.5200","0.0000","96.2000","7.0000","-0.1800","0","96.2000","7.0000","-0.1500","0.0000","96.2000","7.0000","-0.1800","0","96.2000","7.0000","-0.1700","5","0","0"
"AAD2023.12.02810","37","35890","161","Central Michigan University","Statistics, Actuarial and Data Sciences, Department of","Statistics","9","135.0000","39","140.0000","6","140.0000","6.5000","101.0000","508","117.0000","7","136.0000","1.0000","1.0000","0","139.0000","0","139.0000","0.0000","139.0000","6","96.0000","3","104.0000","0","129.0000","0","129.0000","19","22","5","20","18","0.0000","-1.2800","129.0000","18.9900","0.0000","-0.9700","129.0000","18.9900","0.6700","-1.5300","143.0000","10.1300","4.3300","-0.8100","123.0000","22.7800","0.7800","-0.5900","123.0000","22.7800","56.4400","-0.4400","101.0000","36.7100","13.0300","-0.1500","65.0000","59.4900","0.0000","-1.2900","139.0000","12.6600","0.0000","-1.0300","139.0000","12.6600","0.0000","-0.7600","139.0000","12.6600","0.0000","-1.0600","139.0000","12.6600","0.6700","-0.1900","65.0000","59.4900","0.3300","-0.0600","67.0000","58.2300","-0.4000","112.0000","29.7500","-0.6600","-1.0100","-1.0100","-0.9900","-1.1300","-0.4800","0.5749","-0.5300","-0.7800","-0.5400","-0.7200","-0.8700","-0.9800","-1.0200","34.8100","18.9900","14.5600","12.6600","12.0300","36.7100","100.0000","39.8700","18.9900","26.5800","12.6600","12.6600","12.0300","15.1900","158","10/21/2025 13:27","0","0","0.0000","0.0000","0.0000","139.0000","139.0000","139.0000","139.0000","139.0000","-1.0300","-1.1981","-0.6700","-0.7600","-1.3300","12.6600","12.6600","12.6600","12.6600","12.6600","11","1","40.5100","95.0000","-0.5300","0.1100","48.7300","82.0000","-0.2100","2","62.0300","61.0000","-0.1900","0","69.6200","49.0000","-0.3500","0.0000","69.6200","49.0000","-0.3800","0","69.6200","49.0000","-0.5000","0.2200","86.0800","23.0000","1.1700","0.0000","69.6200","49.0000","-0.5200","0.0000","96.2000","7.0000","-0.1800","0","96.2000","7.0000","-0.1500","0.0000","96.2000","7.0000","-0.1800","0","96.2000","7.0000","-0.1700","5","0","0"
"AAD2023.12.02810","91","35959","161","Idaho State University","Mathematics and Statistics, Department of","Statistics","12","124.0000","34","143.0000","9","129.0000","3.7800","143.0000","92","152.0000","8","132.0000","0.8900","134.0000","1","127.0000","2","117.0000","625751.0000","109.0000","2","127.0000","1","131.0000","1","102.0000","1","98.0000","19","22","5","20","18","0.0800","-0.4700","104.0000","34.8100","0.0800","-0.5900","108.0000","32.2800","0.7500","-0.9200","131.0000","17.7200","2.8300","-1.1900","140.0000","12.0300","0.6700","-1.3400","141.0000","11.3900","7.6700","-0.6800","152.0000","4.4300","2.7100","-0.4700","156.0000","1.9000","0.0800","-0.9300","130.0000","18.3500","0.1700","-0.7400","111.0000","30.3800","52145.9200","-0.5400","95.0000","40.5100","312875.5000","0.3000","42.0000","74.0500","0.1700","-0.6800","123.0000","22.7800","0.0800","-1.1300","135.0000","15.1900","-1.0000","146.0000","8.2300","-0.9400","-0.6700","-0.9200","-0.8500","-0.8600","-1.1900","-0.8315","-0.6900","-0.6300","-0.6300","-0.6100","-0.7400","-1.0200","-0.7600","17.7200","38.6100","17.0900","20.2500","18.9900","10.1300","15.8200","20.2500","36.0800","4.4300","31.6500","26.5800","10.1300","22.1500","158","10/21/2025 13:27","5","3","1.6700","0.4200","0.2500","85.0000","82.0000","90.0000","70.0000","58.0000","-0.3900","-0.2456","-0.4200","-0.2300","0.1900","46.8400","48.7300","43.6700","56.3300","63.9200","11","0","22.1500","124.0000","-0.7700","0.0000","22.1500","124.0000","-1.1100","0","22.1500","124.0000","-0.9500","0","69.6200","49.0000","-0.3500","0.0000","69.6200","49.0000","-0.3800","0","69.6200","49.0000","-0.5000","0.0000","22.1500","124.0000","-1.2400","0.0000","69.6200","49.0000","-0.5200","0.0000","96.2000","7.0000","-0.1800","0","96.2000","7.0000","-0.1500","0.0000","96.2000","7.0000","-0.1800","0","96.2000","7.0000","-0.1700","5","0","0"
"AAD2023.12.02810","13","36141","161","Arkansas State University","Mathematics & Statistics, Department of","Statistics","10","132.0000","20","149.0000","6","140.0000","3.3300","146.0000","61","154.0000","7","136.0000","1.0000","1.0000","0","139.0000","0","139.0000","0.0000","139.0000","0","148.0000","0","148.0000","2","85.0000","1","98.0000","19","22","5","20","18","0.1000","-0.3100","95.0000","40.5100","0.2000","-0.0600","64.0000","60.1300","0.6000","-2.0100","150.0000","5.7000","2.0000","-1.3900","148.0000","6.9600","0.7000","-1.1200","139.0000","12.6600","6.1000","-0.6800","154.0000","3.1600","3.0500","-0.4600","155.0000","2.5300","0.0000","-1.2900","139.0000","12.6600","0.0000","-1.0300","139.0000","12.6600","0.0000","-0.7600","139.0000","12.6600","0.0000","-1.0600","139.0000","12.6600","0.0000","-0.8400","148.0000","6.9600","0.0000","-1.4800","148.0000","6.9600","-1.1000","152.0000","4.4300","-1.0700","-0.6700","-1.0100","-0.9900","-1.1300","-1.3100","0.5749","-0.7700","-0.4800","-0.6300","-0.7200","-0.8700","-1.1300","-0.9300","6.9600","38.6100","14.5600","12.6600","12.0300","8.2300","100.0000","6.9600","46.8400","3.1600","12.6600","12.6600","6.3300","17.0900","158","10/21/2025 13:27","0","0","0.0000","0.0000","0.0000","139.0000","139.0000","139.0000","139.0000","139.0000","-1.0300","-1.1981","-0.6700","-0.7600","-1.3300","12.6600","12.6600","12.6600","12.6600","12.6600","11","0","22.1500","124.0000","-0.7700","0.0000","22.1500","124.0000","-1.1100","0","22.1500","124.0000","-0.9500","0","69.6200","49.0000","-0.3500","0.0000","69.6200","49.0000","-0.3800","0","69.6200","49.0000","-0.5000","0.0000","22.1500","124.0000","-1.2400","0.0000","69.6200","49.0000","-0.5200","0.0000","96.2000","7.0000","-0.1800","0","96.2000","7.0000","-0.1500","0.0000","96.2000","7.0000","-0.1800","0","96.2000","7.0000","-0.1700","5","0","0"
"AAD2023.12.02810","16","36166","161","Azusa Pacific University","Mathematics, Physics, and Statistics, Department of","Statistics","9","135.0000","23","148.0000","6","140.0000","3.8300","142.0000","43","158.0000","4","152.0000","0.5700","157.0000","1","127.0000","1","130.0000","114280.0000","133.0000","0","148.0000","0","148.0000","1","102.0000","1","98.0000","19","22","5","20","18","0.1100","-0.2000","84.0000","47.4700","0.1100","-0.4700","94.0000","41.1400","0.6700","-1.5300","143.0000","10.1300","2.5600","-1.2600","142.0000","10.7600","0.4400","-2.8300","154.0000","3.1600","4.7800","-0.6900","157.0000","1.2700","1.8700","-0.5000","158.0000","0.6300","0.1100","-0.8200","120.0000","24.6800","0.1100","-0.8400","130.0000","18.3500","12697.7800","-0.7100","131.0000","17.7200","114280.0000","-0.5600","120.0000","24.6800","0.0000","-0.8400","148.0000","6.9600","0.0000","-1.4800","148.0000","6.9600","-1.1000","152.0000","4.4300","-1.0700","-0.6700","-1.2800","-0.8500","-1.1300","-1.1800","-4.8500","-0.7700","-0.6300","-0.6400","-0.7000","-0.8000","-1.1100","-1.0200","6.9600","38.6100","4.4300","20.2500","12.0300","10.7600","1.2700","6.9600","36.0800","0.6300","16.4600","18.3500","6.9600","15.1900","158","10/21/2025 13:27","0","0","0.0000","0.0000","0.0000","139.0000","139.0000","139.0000","139.0000","139.0000","-1.0300","-1.1981","-0.6700","-0.7600","-1.3300","12.6600","12.6600","12.6600","12.6600","12.6600","11","1","40.5100","95.0000","-0.5300","0.1100","48.7300","82.0000","-0.2100","1","43.6700","90.0000","-0.5700","0","69.6200","49.0000","-0.3500","0.0000","69.6200","49.0000","-0.3800","0","69.6200","49.0000","-0.5000","0.1100","53.8000","74.0000","-0.0400","0.0000","69.6200","49.0000","-0.5200","0.0000","96.2000","7.0000","-0.1800","0","96.2000","7.0000","-0.1500","0.0000","96.2000","7.0000","-0.1800","0","96.2000","7.0000","-0.1700","5","0","0"
"AAD2023.12.02810","188","36929","161","Smith College","Statistical & Data Sciences, Department of","Statistics","10","132.0000","45","135.0000","9","129.0000","5.0000","125.0000","507","118.0000","9","127.0000","1.0000","1.0000","2","107.0000","3","109.0000","807712.0000","106.0000","11","78.0000","6","71.0000","7","37.0000","4","39.0000","19","22","5","20","18","0.4000","2.5900","3.0000","98.7300","0.7000","2.1900","6.0000","96.8400","0.9000","0.1800","89.0000","44.3000","4.5000","-0.7700","119.0000","25.3200","0.9000","0.2300","82.0000","48.7300","50.7000","-0.4700","107.0000","32.9100","11.2700","-0.2100","79.0000","50.6300","0.2000","-0.4400","86.0000","46.2000","0.3000","-0.5200","92.0000","42.4100","80771.2000","-0.4200","82.0000","48.7300","269237.3300","0.1100","56.0000","65.1900","1.1000","0.2300","44.0000","72.7800","0.6000","1.0800","30.0000","81.6500","0.0000","67.0000","58.2300","-0.2500","0.3200","-0.8300","-0.7100","-0.8600","-0.8700","0.5749","-0.3300","0.2800","-0.5400","-0.5800","-0.6800","-0.9300","-0.9300","55.7000","75.9500","20.2500","32.9100","18.9900","21.5200","100.0000","51.2700","77.2200","25.9500","33.5400","31.6500","15.1900","17.0900","158","10/21/2025 13:27","6","4","1.5000","0.6000","0.4000","70.0000","88.0000","85.0000","51.0000","22.0000","-0.1700","-0.3425","-0.3700","0.0000","1.0900","56.3300","44.9400","46.8400","68.3500","86.7100","11","5","82.9100","28.0000","0.4600","0.5000","98.7300","3.0000","2.9400","4","84.1800","26.0000","0.5700","0","69.6200","49.0000","-0.3500","0.0000","69.6200","49.0000","-0.3800","0","69.6200","49.0000","-0.5000","0.4000","100.0000","1.0000","3.0900","0.0000","69.6200","49.0000","-0.5200","0.0000","96.2000","7.0000","-0.1800","0","96.2000","7.0000","-0.1500","0.0000","96.2000","7.0000","-0.1800","0","96.2000","7.0000","-0.1700","5","0","0"
"AAD2023.12.02810","331","37117","161","University of South Alabama","Mathematics and Statistics, Department of","Statistics","20","65.0000","105","97.0000","16","75.0000","6.5600","100.0000","437","123.0000","15","80.0000","0.9400","115.0000","2","107.0000","2","117.0000","449614.0000","117.0000","4","109.0000","3","104.0000","1","102.0000","1","98.0000","19","22","5","20","18","0.0500","-0.7900","120.0000","24.6800","0.0500","-0.7400","121.0000","24.0500","0.8000","-0.5500","121.0000","24.0500","5.2500","-0.5800","108.0000","32.2800","0.7500","-0.7800","129.0000","18.9900","21.8500","-0.6100","133.0000","16.4600","4.1600","-0.4300","148.0000","6.9600","0.1000","-0.8600","125.0000","21.5200","0.1000","-0.8600","132.0000","17.0900","22480.7000","-0.6700","120.0000","24.6800","224807.0000","-0.0800","68.0000","57.5900","0.2000","-0.6500","118.0000","25.9500","0.1500","-0.8400","123.0000","22.7800","-0.7000","129.0000","18.9900","-0.6600","-0.6700","-0.2800","-0.7100","-0.2100","-0.4600","-0.2162","-0.6100","-0.6300","-0.5600","-0.6400","-0.7400","-0.4500","-0.0600","34.8100","38.6100","50.0000","32.9100","53.1600","37.3400","27.8500","31.6500","36.0800","22.7800","26.5800","26.5800","39.2400","59.4900","158","10/21/2025 13:27","1","1","1.0000","0.0500","0.0500","118.0000","106.0000","120.0000","135.0000","135.0000","-0.8200","-0.6277","-0.6200","-0.7000","-1.0200","25.9500","33.5400","24.6800","15.1900","15.1900","11","2","57.5900","68.0000","-0.2800","0.1000","44.3000","89.0000","-0.3000","2","62.0300","61.0000","-0.1900","0","69.6200","49.0000","-0.3500","0.0000","69.6200","49.0000","-0.3800","0","69.6200","49.0000","-0.5000","0.1000","50.0000","80.0000","-0.1600","0.0000","69.6200","49.0000","-0.5200","0.0000","96.2000","7.0000","-0.1800","0","96.2000","7.0000","-0.1500","0.0000","96.2000","7.0000","-0.1800","0","96.2000","7.0000","-0.1700","5","0","0"
"AAD2023.12.02810","355","37147","161","Wake Forest University","Statistical Sciences, Department of","Statistics","10","132.0000","111","92.0000","10","125.0000","11.1000","32.0000","12403","8.0000","10","124.0000","1.0000","1.0000","2","107.0000","4","98.0000","832562.0000","105.0000","2","127.0000","2","117.0000","0","129.0000","0","129.0000","19","22","5","20","18","0.0000","-1.2800","129.0000","18.9900","0.0000","-0.9700","129.0000","18.9900","1.0000","0.9100","1.0000","100.0000","11.1000","0.8800","28.0000","82.9100","1.0000","0.9000","1.0000","100.0000","1240.3000","5.2400","2.0000","99.3700","111.7400","2.9300","2.0000","99.3700","0.2000","-0.4400","86.0000","46.2000","0.4000","-0.3500","76.0000","52.5300","83256.2000","-0.4100","79.0000","50.6300","208140.5000","-0.1500","77.0000","51.9000","0.2000","-0.6500","118.0000","25.9500","0.2000","-0.6300","107.0000","32.9100","0.1000","59.0000","63.2900","-0.8000","-1.0100","-0.7400","-0.7100","-0.7700","0.7300","0.5749","-0.6900","-0.7800","1.8700","-0.5800","-0.6200","-0.4000","-0.9300","26.5800","18.9900","22.1500","32.9100","21.5200","80.3800","100.0000","20.2500","18.9900","95.5700","34.1800","38.6100","42.4100","17.0900","158","10/21/2025 13:27","5","3","1.6700","0.5000","0.3000","85.0000","82.0000","90.0000","61.0000","45.0000","-0.3900","-0.2456","-0.4200","-0.1200","0.4900","46.8400","48.7300","43.6700","62.0300","72.1500","11","0","22.1500","124.0000","-0.7700","0.0000","22.1500","124.0000","-1.1100","0","22.1500","124.0000","-0.9500","0","69.6200","49.0000","-0.3500","0.0000","69.6200","49.0000","-0.3800","0","69.6200","49.0000","-0.5000","0.0000","22.1500","124.0000","-1.2400","0.0000","69.6200","49.0000","-0.5200","0.0000","96.2000","7.0000","-0.1800","0","96.2000","7.0000","-0.1500","0.0000","96.2000","7.0000","-0.1800","0","96.2000","7.0000","-0.1700","5","0","0"
"AAD2023.12.02810","317","37324","161","University of North Carolina Charlotte","Data Science, School of","Statistics","78","1.0000","807","1.0000","75","1.0000","10.7600","38.0000","35756","1.0000","78","1.0000","1.0000","1.0000","23","5.0000","45","8.0000","15900202.0000","10.0000","42","19.0000","23","5.0000","26","4.0000","14","2.0000","19","22","5","20","18","0.1800","0.4600","47.0000","70.8900","0.3300","0.5400","35.0000","78.4800","0.9600","0.6300","52.0000","67.7200","10.3500","0.6900","38.0000","76.5800","1.0000","0.9000","1.0000","100.0000","458.4100","1.4900","12.0000","93.0400","44.3100","0.8200","10.0000","94.3000","0.2900","-0.0400","69.0000","56.9600","0.5800","-0.0400","64.0000","60.1300","203848.7400","0.1100","45.0000","72.1500","353337.8200","0.4800","33.0000","79.7500","0.5400","-0.3200","80.0000","50.0000","0.2900","-0.2200","86.0000","46.2000","0.4000","39.0000","75.9500","2.0900","3.6500","5.4600","2.2400","5.2300","0.6400","0.5749","0.8800","3.1800","6.6000","2.0900","1.8900","5.2300","5.0300","97.4700","99.3700","100.0000","97.4700","100.0000","76.5800","100.0000","88.6100","98.1000","100.0000","94.3000","95.5700","100.0000","100.0000","158","10/21/2025 13:27","155","34","4.5600","1.9900","0.4400","1.0000","14.0000","1.0000","9.0000","18.0000","6.2800","1.4027","7.1900","1.7800","1.3100","100.0000","91.7700","100.0000","94.9400","89.2400","11","35","100.0000","1.0000","7.8700","0.4500","97.4700","5.0000","2.5300","17","100.0000","1.0000","5.5100","32","100.0000","1.0000","6.4700","0.4100","96.2000","7.0000","2.2900","6","100.0000","1.0000","4.7300","0.2200","83.5400","27.0000","1.1200","0.0800","89.8700","17.0000","1.2000","0.0400","98.7300","3.0000","4.2100","5","100.0000","1.0000","11.4100","0.0600","99.3700","2.0000","6.4700","3","100.0000","1.0000","10.0200","5","0","0"
"AAD2023.12.02810","66","37326","161","Emory University","Quantitative Theory and Methods, Department of","Statistics","18","78.0000","99","100.0000","17","70.0000","5.8200","115.0000","1616","77.0000","16","74.0000","0.9400","111.0000","4","78.0000","7","82.0000","1103788.0000","97.0000","20","49.0000","6","71.0000","12","15.0000","6","20.0000","19","22","5","20","18","0.3300","1.9500","6.0000","96.8400","0.6700","2.0400","7.0000","96.2000","0.9400","0.5000","62.0000","61.3900","5.5000","-0.5200","105.0000","34.1800","0.8900","0.1500","85.0000","46.8400","89.7800","-0.2800","68.0000","57.5900","16.3200","-0.0500","46.0000","71.5200","0.2200","-0.3400","80.0000","50.0000","0.3900","-0.3600","78.0000","51.2700","61321.5600","-0.5000","92.0000","42.4100","157684.0000","-0.3700","93.0000","41.7700","1.1100","0.2400","42.0000","74.0500","0.3300","-0.0600","67.0000","58.2300","0.0000","67.0000","58.2300","-0.2500","0.9900","-0.1900","-0.4300","-0.1200","-0.6500","-0.1697","0.0200","1.0500","-0.3200","-0.5300","-0.4400","-0.4900","-0.2300","55.7000","87.9700","53.8000","51.2700","56.3300","27.8500","30.3800","69.6200","91.1400","51.9000","39.2400","48.7300","37.3400","51.2700","158","10/21/2025 13:27","34","6","5.6700","1.8900","0.3300","42.0000","8.0000","16.0000","11.0000","36.0000","0.2600","2.0358","1.0500","1.6500","0.6900","74.0500","95.5700","90.5100","93.6700","77.8500","11","8","93.6700","11.0000","1.2000","0.4400","96.8400","6.0000","2.4900","4","84.1800","26.0000","0.5700","0","69.6200","49.0000","-0.3500","0.0000","69.6200","49.0000","-0.3800","0","69.6200","49.0000","-0.5000","0.2200","86.0800","23.0000","1.1700","0.0000","69.6200","49.0000","-0.5200","0.0000","96.2000","7.0000","-0.1800","0","96.2000","7.0000","-0.1500","0.0000","96.2000","7.0000","-0.1800","0","96.2000","7.0000","-0.1700","5","0","0"
"AAD2023.12.02810","65","37445","161","Eastern Michigan University","Mathematics and Statistics, Department of","Statistics","18","78.0000","40","139.0000","10","125.0000","4.0000","139.0000","94","151.0000","6","141.0000","0.5500","158.0000","2","107.0000","5","91.0000","483561.0000","116.0000","1","137.0000","1","131.0000","6","44.0000","1","98.0000","19","22","5","20","18","0.0600","-0.7400","117.0000","26.5800","0.3300","0.5400","35.0000","78.4800","0.5600","-2.3400","152.0000","4.4300","2.2200","-1.3400","145.0000","8.8600","0.3300","-3.5700","155.0000","2.5300","5.2200","-0.6900","156.0000","1.9000","2.3500","-0.4800","157.0000","1.2700","0.1100","-0.8200","120.0000","24.6800","0.2800","-0.5500","95.0000","40.5100","26864.5000","-0.6500","118.0000","25.9500","96712.2000","-0.6400","127.0000","20.2500","0.0600","-0.7900","147.0000","7.5900","0.0600","-1.2500","144.0000","9.4900","-1.0000","146.0000","8.2300","-0.9400","-0.6700","-1.1000","-0.7100","-0.7700","-1.1300","-5.1788","-0.7300","0.1300","-0.6300","-0.6400","-0.5600","-0.9700","-0.2300","17.7200","38.6100","11.3900","32.9100","21.5200","12.6600","0.6300","13.9200","72.7800","5.0600","27.2200","43.0400","12.6600","51.2700","158","10/21/2025 13:27","3","2","1.5000","0.1700","0.1100","101.0000","88.0000","107.0000","111.0000","110.0000","-0.6000","-0.3425","-0.5200","-0.5500","-0.6500","36.7100","44.9400","32.9100","30.3800","31.0100","11","0","22.1500","124.0000","-0.7700","0.0000","22.1500","124.0000","-1.1100","0","22.1500","124.0000","-0.9500","0","69.6200","49.0000","-0.3500","0.0000","69.6200","49.0000","-0.3800","0","69.6200","49.0000","-0.5000","0.0000","22.1500","124.0000","-1.2400","0.0000","69.6200","49.0000","-0.5200","0.0000","96.2000","7.0000","-0.1800","0","96.2000","7.0000","-0.1500","0.0000","96.2000","7.0000","-0.1800","0","96.2000","7.0000","-0.1700","5","0","0"
"AAD2023.12.02810","338","37622","161","University of the Incarnate Word","Mathematics and Statistics, Department of","Statistics","8","142.0000","16","151.0000","4","152.0000","4.0000","139.0000","146","147.0000","5","144.0000","1.0000","1.0000","0","139.0000","0","139.0000","0.0000","139.0000","0","148.0000","0","148.0000","0","129.0000","0","129.0000","19","22","5","20","18","0.0000","-1.2800","129.0000","18.9900","0.0000","-0.9700","129.0000","18.9900","0.5000","-2.7500","153.0000","3.8000","2.0000","-1.3900","148.0000","6.9600","0.6300","-1.6200","150.0000","5.7000","18.2500","-0.6300","141.0000","11.3900","9.1300","-0.2700","100.0000","37.3400","0.0000","-1.2900","139.0000","12.6600","0.0000","-1.0300","139.0000","12.6600","0.0000","-0.7600","139.0000","12.6600","0.0000","-1.0600","139.0000","12.6600","0.0000","-0.8400","148.0000","6.9600","0.0000","-1.4800","148.0000","6.9600","-0.9000","141.0000","11.3900","-1.0700","-1.0100","-1.1900","-0.9900","-1.3200","-1.1300","0.5749","-0.7700","-0.7800","-0.6100","-0.7200","-0.8700","-1.1700","-1.1100","6.9600","18.9900","9.4900","12.6600","4.4300","12.6600","100.0000","6.9600","18.9900","7.5900","12.6600","12.6600","5.0600","10.7600","158","10/21/2025 13:27","0","0","0.0000","0.0000","0.0000","139.0000","139.0000","139.0000","139.0000","139.0000","-1.0300","-1.1981","-0.6700","-0.7600","-1.3300","12.6600","12.6600","12.6600","12.6600","12.6600","11","2","57.5900","68.0000","-0.2800","0.2500","87.3400","21.0000","0.9200","2","62.0300","61.0000","-0.1900","0","69.6200","49.0000","-0.3500","0.0000","69.6200","49.0000","-0.3800","0","69.6200","49.0000","-0.5000","0.2500","94.3000","10.0000","1.4700","0.0000","69.6200","49.0000","-0.5200","0.0000","96.2000","7.0000","-0.1800","0","96.2000","7.0000","-0.1500","0.0000","96.2000","7.0000","-0.1800","0","96.2000","7.0000","-0.1700","5","0","0"
"AAD2023.12.02810","406","37728","161","University of Southern Maine","Mathematics and Statistics, Department of","Statistics","6","149.0000","11","156.0000","3","156.0000","3.6700","144.0000","53","156.0000","2","158.0000","0.6700","155.0000","0","139.0000","0","139.0000","0.0000","139.0000","1","137.0000","1","131.0000","0","129.0000","0","129.0000","19","22","5","20","18","0.0000","-1.2800","129.0000","18.9900","0.0000","-0.9700","129.0000","18.9900","0.5000","-2.7500","153.0000","3.8000","1.8300","-1.4400","152.0000","4.4300","0.3300","-3.5700","155.0000","2.5300","8.8300","-0.6700","148.0000","6.9600","4.8200","-0.4100","144.0000","9.4900","0.0000","-1.2900","139.0000","12.6600","0.0000","-1.0300","139.0000","12.6600","0.0000","-0.7600","139.0000","12.6600","0.0000","-1.0600","139.0000","12.6600","0.1700","-0.6800","123.0000","22.7800","0.1700","-0.7700","116.0000","27.2200","-1.1000","152.0000","4.4300","-0.9400","-1.0100","-1.4700","-0.9900","-1.4100","-1.2200","-3.6445","-0.7300","-0.7800","-0.6300","-0.7200","-0.8700","-1.2100","-1.2800","17.7200","18.9900","0.6300","12.6600","1.9000","9.4900","2.5300","13.9200","18.9900","1.9000","12.6600","12.6600","1.9000","6.3300","158","10/21/2025 13:27","1","1","1.0000","0.1700","0.1700","118.0000","106.0000","120.0000","111.0000","89.0000","-0.8200","-0.6277","-0.6200","-0.5500","-0.3200","25.9500","33.5400","24.6800","30.3800","44.3000","11","1","40.5100","95.0000","-0.5300","0.1700","65.1900","56.0000","0.2400","1","43.6700","90.0000","-0.5700","0","69.6200","49.0000","-0.3500","0.0000","69.6200","49.0000","-0.3800","0","69.6200","49.0000","-0.5000","0.1700","70.2500","48.0000","0.5700","0.0000","69.6200","49.0000","-0.5200","0.0000","96.2000","7.0000","-0.1800","0","96.2000","7.0000","-0.1500","0.0000","96.2000","7.0000","-0.1800","0","96.2000","7.0000","-0.1700","5","0","0"
"AAD2023.12.02810","537217","37882","161","California State University, Long Beach","Mathematics and Statistics, Department of","Statistics","35","14.0000","67","118.0000","22","43.0000","3.0500","147.0000","729","109.0000","22","39.0000","0.9200","129.0000","4","78.0000","4","98.0000","1154099.0000","96.0000","6","96.0000","5","82.0000","8","28.0000","6","20.0000","19","22","5","20","18","0.1700","0.3800","50.0000","68.9900","0.2300","0.0600","58.0000","63.9200","0.6300","-1.8100","147.0000","7.5900","1.9100","-1.4200","151.0000","5.0600","0.6300","-1.5900","149.0000","6.3300","20.8300","-0.6100","137.0000","13.9200","10.8800","-0.2200","85.0000","46.8400","0.1100","-0.8000","119.0000","25.3200","0.1100","-0.8300","129.0000","18.9900","32974.2600","-0.6200","110.0000","31.0100","288524.7500","0.2000","52.0000","67.7200","0.1700","-0.6800","122.0000","23.4200","0.1400","-0.8700","124.0000","22.1500","-1.0000","146.0000","8.2300","-0.3900","0.9900","0.3600","-0.4300","0.3400","-1.3800","-0.4799","-0.5300","0.4400","-0.5000","-0.5200","-0.6200","-0.7500","1.2600","48.7300","87.9700","75.9500","51.2700","73.4200","7.5900","18.9900","39.8700","82.9100","31.6500","39.8700","38.6100","25.9500","91.7700","158","10/21/2025 13:27","3","3","1.0000","0.0900","0.0900","85.0000","106.0000","107.0000","126.0000","124.0000","-0.3900","-0.6277","-0.5200","-0.6500","-0.8100","46.8400","33.5400","32.9100","20.8900","22.1500","11","0","22.1500","124.0000","-0.7700","0.0000","22.1500","124.0000","-1.1100","0","22.1500","124.0000","-0.9500","0","69.6200","49.0000","-0.3500","0.0000","69.6200","49.0000","-0.3800","0","69.6200","49.0000","-0.5000","0.0000","22.1500","124.0000","-1.2400","0.0000","69.6200","49.0000","-0.5200","0.0000","96.2000","7.0000","-0.1800","0","96.2000","7.0000","-0.1500","0.0000","96.2000","7.0000","-0.1800","0","96.2000","7.0000","-0.1700","5","0","0"
"AAD2023.12.02810","557699","38051","161","University of West Florida","Mathematics and Statistics, Department of","Statistics","14","116.0000","83","107.0000","14","94.0000","5.9300","111.0000","764","107.0000","12","113.0000","0.8600","143.0000","0","139.0000","0","139.0000","0.0000","139.0000","1","137.0000","1","131.0000","0","129.0000","0","129.0000","19","22","5","20","18","0.0000","-1.2800","129.0000","18.9900","0.0000","-0.9700","129.0000","18.9900","1.0000","0.9100","1.0000","100.0000","5.9300","-0.4100","100.0000","37.3400","0.8600","-0.0600","99.0000","37.9700","54.5700","-0.4500","105.0000","34.1800","9.2000","-0.2700","99.0000","37.9700","0.0000","-1.2900","139.0000","12.6600","0.0000","-1.0300","139.0000","12.6600","0.0000","-0.7600","139.0000","12.6600","0.0000","-1.0600","139.0000","12.6600","0.0700","-0.7700","142.0000","10.7600","0.0700","-1.1800","137.0000","13.9200","-0.3000","99.0000","37.9700","-0.9400","-1.0100","-0.5600","-0.9900","-0.4000","-0.6300","-1.2334","-0.7300","-0.7800","-0.4900","-0.7200","-0.8700","-0.6200","-0.5800","17.7200","18.9900","29.1100","12.6600","41.1400","30.3800","10.1300","13.9200","18.9900","32.9100","12.6600","12.6600","32.9100","27.2200","158","10/21/2025 13:27","4","3","1.3300","0.2900","0.2100","85.0000","93.0000","97.0000","89.0000","71.0000","-0.3900","-0.4395","-0.4700","-0.4000","-0.0300","46.8400","41.7700","39.2400","44.3000","55.7000","11","0","22.1500","124.0000","-0.7700","0.0000","22.1500","124.0000","-1.1100","0","22.1500","124.0000","-0.9500","0","69.6200","49.0000","-0.3500","0.0000","69.6200","49.0000","-0.3800","0","69.6200","49.0000","-0.5000","0.0000","22.1500","124.0000","-1.2400","0.0000","69.6200","49.0000","-0.5200","0.0000","96.2000","7.0000","-0.1800","0","96.2000","7.0000","-0.1500","0.0000","96.2000","7.0000","-0.1800","0","96.2000","7.0000","-0.1700","5","0","0"
"AAD2023.12.02810","557968","38070","161","University of Michigan, Dearborn","Mathematics and Statistics, Department of","Statistics","18","78.0000","37","141.0000","13","105.0000","2.8500","152.0000","145","148.0000","10","124.0000","0.6700","155.0000","3","92.0000","6","87.0000","1484158.0000","84.0000","3","116.0000","2","117.0000","2","85.0000","2","74.0000","19","22","5","20","18","0.1100","-0.2000","84.0000","47.4700","0.1100","-0.4700","94.0000","41.1400","0.7200","-1.1200","138.0000","13.2900","2.0600","-1.3800","146.0000","8.2300","0.5600","-2.0800","151.0000","5.0600","8.0600","-0.6700","149.0000","6.3300","3.9200","-0.4300","152.0000","4.4300","0.1700","-0.5800","101.0000","36.7100","0.3300","-0.4600","84.0000","47.4700","82453.2200","-0.4100","80.0000","50.0000","247359.6700","0.0200","63.0000","60.7600","0.1700","-0.6800","123.0000","22.7800","0.1100","-1.0100","130.0000","18.3500","-1.0000","146.0000","8.2300","-0.8000","-0.3400","-0.7400","-0.5700","-0.4900","-1.4400","-3.6445","-0.6500","-0.4800","-0.6200","-0.4600","-0.5000","-1.0000","-0.2300","26.5800","53.8000","22.1500","42.4100","34.1800","4.4300","2.5300","27.2200","46.8400","6.9600","47.4700","45.5700","11.3900","51.2700","158","10/21/2025 13:27","1","2","0.5000","0.0600","0.1100","101.0000","137.0000","120.0000","132.0000","110.0000","-0.6000","-0.9129","-0.6200","-0.6900","-0.6500","36.7100","13.9200","24.6800","17.0900","31.0100","11","0","22.1500","124.0000","-0.7700","0.0000","22.1500","124.0000","-1.1100","0","22.1500","124.0000","-0.9500","0","69.6200","49.0000","-0.3500","0.0000","69.6200","49.0000","-0.3800","0","69.6200","49.0000","-0.5000","0.0000","22.1500","124.0000","-1.2400","0.0000","69.6200","49.0000","-0.5200","0.0000","96.2000","7.0000","-0.1800","0","96.2000","7.0000","-0.1500","0.0000","96.2000","7.0000","-0.1800","0","96.2000","7.0000","-0.1700","5","0","0"
"AAD2023.12.02810","558793","38091","161","Coastal Carolina University","Mathematics and Statistics, Department of","Statistics","15","104.0000","17","150.0000","6","140.0000","2.8300","153.0000","88","153.0000","5","144.0000","0.7100","154.0000","0","139.0000","0","139.0000","0.0000","139.0000","0","148.0000","0","148.0000","1","102.0000","3","55.0000","19","22","5","20","18","0.2000","0.6600","34.0000","79.1100","0.0700","-0.6700","113.0000","29.1100","0.4000","-3.4800","158.0000","0.6300","1.1300","-1.6100","157.0000","1.2700","0.3300","-3.5700","155.0000","2.5300","5.8700","-0.6800","155.0000","2.5300","5.1800","-0.4000","139.0000","12.6600","0.0000","-1.2900","139.0000","12.6600","0.0000","-1.0300","139.0000","12.6600","0.0000","-0.7600","139.0000","12.6600","0.0000","-1.0600","139.0000","12.6600","0.0000","-0.8400","148.0000","6.9600","0.0000","-1.4800","148.0000","6.9600","-1.2000","157.0000","1.2700","-1.0700","-0.0100","-1.1900","-0.9900","-1.1300","-1.4400","-3.0417","-0.7700","-0.6300","-0.6300","-0.7200","-0.8700","-1.1600","-0.4900","6.9600","65.8200","9.4900","12.6600","12.0300","3.8000","3.1600","6.9600","36.0800","3.8000","12.6600","12.6600","5.7000","34.8100","158","10/21/2025 13:27","0","0","0.0000","0.0000","0.0000","139.0000","139.0000","139.0000","139.0000","139.0000","-1.0300","-1.1981","-0.6700","-0.7600","-1.3300","12.6600","12.6600","12.6600","12.6600","12.6600","11","0","22.1500","124.0000","-0.7700","0.0000","22.1500","124.0000","-1.1100","0","22.1500","124.0000","-0.9500","0","69.6200","49.0000","-0.3500","0.0000","69.6200","49.0000","-0.3800","0","69.6200","49.0000","-0.5000","0.0000","22.1500","124.0000","-1.2400","0.0000","69.6200","49.0000","-0.5200","0.0000","96.2000","7.0000","-0.1800","0","96.2000","7.0000","-0.1500","0.0000","96.2000","7.0000","-0.1800","0","96.2000","7.0000","-0.1700","5","0","0"
"AAD2023.12.02810","180","38326","161","Sam Houston State University","Mathematics and Statistics, Department of","Statistics","28","29.0000","70","116.0000","23","38.0000","3.0400","148.0000","306","135.0000","20","51.0000","0.8700","139.0000","0","139.0000","0","139.0000","0.0000","139.0000","2","127.0000","2","117.0000","1","102.0000","1","98.0000","19","22","5","20","18","0.0400","-0.9300","127.0000","20.2500","0.0400","-0.8100","128.0000","19.6200","0.8200","-0.4000","116.0000","27.2200","2.5000","-1.2700","143.0000","10.1300","0.7100","-1.0200","135.0000","15.1900","10.9300","-0.6600","147.0000","7.5900","4.3700","-0.4200","147.0000","7.5900","0.0000","-1.2900","139.0000","12.6600","0.0000","-1.0300","139.0000","12.6600","0.0000","-0.7600","139.0000","12.6600","0.0000","-1.0600","139.0000","12.6600","0.0700","-0.7700","142.0000","10.7600","0.0700","-1.1800","137.0000","13.9200","-0.9000","141.0000","11.3900","-0.8000","-0.6700","0.1700","-0.9900","0.4300","-1.3900","-1.0761","-0.6900","-0.6300","-0.5800","-0.7200","-0.8700","-0.7300","0.6500","26.5800","38.6100","68.3500","12.6600","76.5800","6.9600","12.6600","20.2500","36.0800","15.1900","12.6600","12.6600","27.2200","82.2800","158","10/21/2025 13:27","4","3","1.3300","0.1400","0.1100","85.0000","93.0000","97.0000","114.0000","116.0000","-0.3900","-0.4395","-0.4700","-0.5800","-0.6800","46.8400","41.7700","39.2400","28.4800","27.2200","11","4","77.2200","37.0000","0.2100","0.1400","57.5900","68.0000","0.0500","4","84.1800","26.0000","0.5700","0","69.6200","49.0000","-0.3500","0.0000","69.6200","49.0000","-0.3800","0","69.6200","49.0000","-0.5000","0.1400","65.1900","56.0000","0.3100","0.0000","69.6200","49.0000","-0.5200","0.0000","96.2000","7.0000","-0.1800","0","96.2000","7.0000","-0.1500","0.0000","96.2000","7.0000","-0.1800","0","96.2000","7.0000","-0.1700","5","0","0"
"AAD2023.12.02810","390","38599","161","Simmons University","Mathematics, Computing, and Statistics, Division of","Statistics","6","149.0000","9","157.0000","3","156.0000","3.0000","149.0000","273","137.0000","4","152.0000","1.0000","1.0000","1","127.0000","1","130.0000","97500.0000","135.0000","1","137.0000","1","131.0000","0","129.0000","0","129.0000","19","22","5","20","18","0.0000","-1.2800","129.0000","18.9900","0.0000","-0.9700","129.0000","18.9900","0.5000","-2.7500","153.0000","3.8000","1.5000","-1.5200","154.0000","3.1600","0.6700","-1.3400","141.0000","11.3900","45.5000","-0.4900","110.0000","31.0100","30.3300","0.3900","16.0000","90.5100","0.1700","-0.5800","101.0000","36.7100","0.1700","-0.7400","111.0000","30.3800","16250.0000","-0.6900","128.0000","19.6200","97500.0000","-0.6300","126.0000","20.8900","0.1700","-0.6800","123.0000","22.7800","0.1700","-0.7700","116.0000","27.2200","-0.9000","141.0000","11.3900","-0.9400","-1.0100","-1.2800","-0.8500","-1.4100","-1.4000","0.5749","-0.7300","-0.7800","-0.5900","-0.7100","-0.8000","-1.2200","-1.2800","17.7200","18.9900","4.4300","20.2500","1.9000","6.3300","100.0000","13.9200","18.9900","13.9200","15.1900","18.3500","1.2700","6.3300","158","10/21/2025 13:27","11","2","5.5000","1.8300","0.3300","101.0000","9.0000","60.0000","12.0000","36.0000","-0.6000","1.9389","-0.1100","1.5800","0.6900","36.7100","94.9400","62.6600","93.0400","77.8500","11","0","22.1500","124.0000","-0.7700","0.0000","22.1500","124.0000","-1.1100","0","22.1500","124.0000","-0.9500","2","87.9700","20.0000","0.0800","0.3300","94.9400","9.0000","1.7900","1","87.3400","21.0000","0.3800","0.0000","22.1500","124.0000","-1.2400","0.1700","99.3700","2.0000","3.2100","0.0000","96.2000","7.0000","-0.1800","0","96.2000","7.0000","-0.1500","0.0000","96.2000","7.0000","-0.1800","0","96.2000","7.0000","-0.1700","5","0","0"
"AAD2023.12.02810","525","38842","161","James Madison University","Mathematics and Statistics, Department of","Statistics","43","8.0000","49","133.0000","26","29.0000","1.8800","158.0000","196","144.0000","29","17.0000","0.8800","136.0000","4","78.0000","5","91.0000","1954265.0000","73.0000","4","109.0000","3","104.0000","21","7.0000","7","13.0000","19","22","5","20","18","0.1600","0.3000","53.0000","67.0900","0.4900","1.2400","16.0000","90.5100","0.6000","-1.9800","149.0000","6.3300","1.1400","-1.6100","156.0000","1.9000","0.6700","-1.2900","140.0000","12.0300","4.5600","-0.6900","158.0000","0.6300","4.0000","-0.4300","149.0000","6.3300","0.0900","-0.8900","128.0000","19.6200","0.1200","-0.8300","127.0000","20.2500","45448.0200","-0.5700","100.0000","37.3400","390853.0000","0.6400","26.0000","84.1800","0.0900","-0.7500","140.0000","12.0300","0.0700","-1.1900","139.0000","12.6600","-1.1000","152.0000","4.4300","-0.6600","1.3200","0.9900","-0.4300","0.7100","-1.6900","-0.9594","-0.6100","2.4200","-0.6000","-0.3800","-0.5600","-0.9000","1.9600","34.8100","92.4100","89.8700","51.2700","82.2800","0.6300","14.5600","31.6500","96.2000","9.4900","54.4300","43.0400","16.4600","95.5700","158","10/21/2025 13:27","6","4","1.5000","0.1400","0.0900","70.0000","88.0000","85.0000","116.0000","121.0000","-0.1700","-0.3425","-0.3700","-0.5800","-0.7600","56.3300","44.9400","46.8400","27.2200","24.0500","11","2","57.5900","68.0000","-0.2800","0.0500","27.2200","116.0000","-0.7300","2","62.0300","61.0000","-0.1900","0","69.6200","49.0000","-0.3500","0.0000","69.6200","49.0000","-0.3800","0","69.6200","49.0000","-0.5000","0.0500","27.8500","115.0000","-0.7300","0.0000","69.6200","49.0000","-0.5200","0.0000","96.2000","7.0000","-0.1800","0","96.2000","7.0000","-0.1500","0.0000","96.2000","7.0000","-0.1800","0","96.2000","7.0000","-0.1700","5","0","0"
"AAD2023.12.02810","534","38888","161","California State University, Sacramento","Math and Statistics, Department of","Statistics","26","38.0000","53","130.0000","19","64.0000","2.7900","154.0000","19495","3.0000","17","68.0000","0.8500","148.0000","3","92.0000","3","109.0000","210800.0000","128.0000","2","127.0000","2","117.0000","1","102.0000","1","98.0000","19","22","5","20","18","0.0400","-0.9000","125.0000","21.5200","0.0400","-0.7900","126.0000","20.8900","0.7300","-1.0600","136.0000","14.5600","2.0400","-1.3800","147.0000","7.5900","0.6500","-1.4200","146.0000","8.2300","749.8100","2.8900","4.0000","98.1000","367.8300","10.9100","1.0000","100.0000","0.1200","-0.8000","118.0000","25.9500","0.1200","-0.8300","128.0000","19.6200","8107.6900","-0.7300","135.0000","15.1900","70266.6700","-0.7500","133.0000","16.4600","0.0800","-0.7700","141.0000","11.3900","0.0800","-1.1600","136.0000","14.5600","-1.0000","146.0000","8.2300","-0.8000","-0.6700","-0.1000","-0.5700","0.0600","-1.4500","-1.3238","-0.6900","-0.6300","3.3000","-0.6900","-0.6800","-0.8700","0.4700","26.5800","38.6100","57.5900","42.4100","60.1300","3.1600","6.9600","20.2500","36.0800","98.7300","19.6200","31.6500","18.3500","76.5800","158","10/21/2025 13:27","0","0","0.0000","0.0000","0.0000","139.0000","139.0000","139.0000","139.0000","139.0000","-1.0300","-1.1981","-0.6700","-0.7600","-1.3300","12.6600","12.6600","12.6600","12.6600","12.6600","11","1","40.5100","95.0000","-0.5300","0.0400","25.3200","119.0000","-0.8000","1","43.6700","90.0000","-0.5700","0","69.6200","49.0000","-0.3500","0.0000","69.6200","49.0000","-0.3800","0","69.6200","49.0000","-0.5000","0.0400","25.9500","118.0000","-0.8200","0.0000","69.6200","49.0000","-0.5200","0.0000","96.2000","7.0000","-0.1800","0","96.2000","7.0000","-0.1500","0.0000","96.2000","7.0000","-0.1800","0","96.2000","7.0000","-0.1700","5","0","0"
"AAD2023.12.02810","537129","38972","161","Youngstown State University","Mathematics and Statistics, Department of","Statistics","12","124.0000","12","153.0000","5","145.0000","2.4000","156.0000","96","150.0000","4","152.0000","0.8000","151.0000","1","127.0000","1","130.0000","31108.0000","138.0000","3","116.0000","3","104.0000","1","102.0000","1","98.0000","19","22","5","20","18","0.0800","-0.4700","104.0000","34.8100","0.0800","-0.5900","108.0000","32.2800","0.4200","-3.3500","157.0000","1.2700","1.0000","-1.6400","158.0000","0.6300","0.3300","-3.5700","155.0000","2.5300","8.0000","-0.6700","150.0000","5.7000","8.0000","-0.3100","113.0000","29.1100","0.0800","-0.9300","130.0000","18.3500","0.0800","-0.8900","135.0000","15.1900","2592.3300","-0.7500","138.0000","13.2900","31108.0000","-0.9200","138.0000","13.2900","0.2500","-0.6000","109.0000","31.6500","0.2500","-0.4200","95.0000","40.5100","-1.2000","157.0000","1.2700","-0.6600","-0.6700","-1.2800","-0.8500","-1.2300","-1.5500","-1.9567","-0.6500","-0.6300","-0.6300","-0.7200","-0.8000","-1.2000","-0.7600","34.8100","38.6100","4.4300","20.2500","8.8600","1.9000","5.0600","27.2200","36.0800","5.7000","13.2900","18.3500","3.8000","22.1500","158","10/21/2025 13:27","0","0","0.0000","0.0000","0.0000","139.0000","139.0000","139.0000","139.0000","139.0000","-1.0300","-1.1981","-0.6700","-0.7600","-1.3300","12.6600","12.6600","12.6600","12.6600","12.6600","11","2","57.5900","68.0000","-0.2800","0.1700","65.1900","56.0000","0.2400","1","43.6700","90.0000","-0.5700","0","69.6200","49.0000","-0.3500","0.0000","69.6200","49.0000","-0.3800","0","69.6200","49.0000","-0.5000","0.0800","44.3000","89.0000","-0.3400","0.0000","69.6200","49.0000","-0.5200","0.0000","96.2000","7.0000","-0.1800","0","96.2000","7.0000","-0.1500","0.0000","96.2000","7.0000","-0.1800","0","96.2000","7.0000","-0.1700","5","0","0"
"AAD2023.12.02810","537919","39048","161","University of Minnesota - Duluth","Mathematics and Statistics, Department of","Statistics","18","78.0000","111","92.0000","16","75.0000","6.9400","94.0000","547","116.0000","15","80.0000","0.9400","115.0000","3","92.0000","5","91.0000","539304.0000","112.0000","16","60.0000","7","66.0000","8","28.0000","5","28.0000","19","22","5","20","18","0.2800","1.4100","14.0000","91.7700","0.4400","1.0400","19.0000","88.6100","0.8900","0.1000","93.0000","41.7700","6.1700","-0.3500","95.0000","40.5100","0.8300","-0.2200","109.0000","31.6500","30.3900","-0.5700","127.0000","20.2500","4.9300","-0.4000","142.0000","10.7600","0.1700","-0.5800","101.0000","36.7100","0.2800","-0.5500","95.0000","40.5100","29961.3300","-0.6300","114.0000","28.4800","107860.8000","-0.5900","123.0000","22.7800","0.8900","0.0300","53.0000","67.0900","0.3900","0.1800","62.0000","61.3900","-0.3000","99.0000","37.9700","-0.1100","0.6600","-0.2800","-0.5700","-0.2100","-0.3600","-0.2162","-0.1400","0.4400","-0.5300","-0.6300","-0.5600","-0.4000","-0.2300","58.8600","82.9100","50.0000","42.4100","53.1600","41.1400","27.8500","62.6600","82.9100","27.2200","29.7500","43.0400","42.4100","51.2700","158","10/21/2025 13:27","1","1","1.0000","0.0600","0.0600","118.0000","106.0000","120.0000","132.0000","133.0000","-0.8200","-0.6277","-0.6200","-0.6900","-0.9900","25.9500","33.5400","24.6800","17.0900","16.4600","11","4","77.2200","37.0000","0.2100","0.2200","80.3800","32.0000","0.6900","4","84.1800","26.0000","0.5700","0","69.6200","49.0000","-0.3500","0.0000","69.6200","49.0000","-0.3800","0","69.6200","49.0000","-0.5000","0.2200","86.0800","23.0000","1.1700","0.0000","69.6200","49.0000","-0.5200","0.0000","96.2000","7.0000","-0.1800","0","96.2000","7.0000","-0.1500","0.0000","96.2000","7.0000","-0.1800","0","96.2000","7.0000","-0.1700","5","0","0"
"AAD2023.12.02810","556862","39263","161","Southern Illinois University, Edwardsville","Mathematics and Statistics, Department of","Statistics","16","96.0000","45","135.0000","13","105.0000","3.4600","145.0000","717","110.0000","14","93.0000","1.0000","1.0000","0","139.0000","0","139.0000","0.0000","139.0000","1","137.0000","1","131.0000","3","71.0000","3","55.0000","19","22","5","20","18","0.1900","0.5400","43.0000","73.4200","0.1900","-0.1200","69.0000","56.9600","0.8100","-0.4600","119.0000","25.3200","2.8100","-1.1900","141.0000","11.3900","0.8800","0.0600","90.0000","43.6700","44.8100","-0.5000","111.0000","30.3800","15.9300","-0.0600","47.0000","70.8900","0.0000","-1.2900","139.0000","12.6600","0.0000","-1.0300","139.0000","12.6600","0.0000","-0.7600","139.0000","12.6600","0.0000","-1.0600","139.0000","12.6600","0.0600","-0.7800","145.0000","8.8600","0.0600","-1.2200","141.0000","11.3900","-0.8000","134.0000","15.8200","-0.9400","-0.0100","-0.3700","-0.9900","-0.4900","-1.2800","0.5749","-0.7300","-0.3300","-0.5000","-0.7200","-0.8700","-0.9300","-0.4100","17.7200","65.8200","41.7700","12.6600","34.1800","8.8600","100.0000","13.9200","55.7000","31.0100","12.6600","12.6600","15.1900","39.8700","158","10/21/2025 13:27","1","1","1.0000","0.0600","0.0600","118.0000","106.0000","120.0000","129.0000","130.0000","-0.8200","-0.6277","-0.6200","-0.6800","-0.9500","25.9500","33.5400","24.6800","18.9900","18.3500","11","0","22.1500","124.0000","-0.7700","0.0000","22.1500","124.0000","-1.1100","0","22.1500","124.0000","-0.9500","0","69.6200","49.0000","-0.3500","0.0000","69.6200","49.0000","-0.3800","0","69.6200","49.0000","-0.5000","0.0000","22.1500","124.0000","-1.2400","0.0000","69.6200","49.0000","-0.5200","0.0000","96.2000","7.0000","-0.1800","0","96.2000","7.0000","-0.1500","0.0000","96.2000","7.0000","-0.1800","0","96.2000","7.0000","-0.1700","5","0","0"
"AAD2023.12.02810","399","40048","161","University of North Carolina Wilmington","Mathematics & Statistics, Department of","Statistics","26","38.0000","81","108.0000","20","55.0000","4.0500","138.0000","451","122.0000","20","51.0000","0.9500","104.0000","2","107.0000","4","98.0000","627167.0000","108.0000","3","116.0000","3","104.0000","6","44.0000","4","39.0000","19","22","5","20","18","0.1500","0.2100","55.0000","65.8200","0.2300","0.0700","56.0000","65.1900","0.7700","-0.7800","127.0000","20.2500","3.1200","-1.1200","137.0000","13.9200","0.7700","-0.6500","127.0000","20.2500","17.3500","-0.6300","142.0000","10.7600","5.5700","-0.3800","132.0000","17.0900","0.0800","-0.9600","134.0000","15.8200","0.1500","-0.7700","118.0000","25.9500","24121.8100","-0.6600","119.0000","25.3200","156791.7500","-0.3800","94.0000","41.1400","0.1200","-0.7300","135.0000","15.1900","0.1200","-0.9900","129.0000","18.9900","-0.9000","141.0000","11.3900","-0.6600","0.3200","0.1700","-0.7100","0.1600","-1.1200","-0.0580","-0.6500","0.1300","-0.5500","-0.6100","-0.6200","-0.6400","0.4700","34.8100","75.9500","68.3500","32.9100","65.8200","13.2900","34.8100","27.2200","72.7800","23.4200","32.2800","38.6100","32.2800","76.5800","158","10/21/2025 13:27","2","2","1.0000","0.0800","0.0800","101.0000","106.0000","114.0000","127.0000","126.0000","-0.6000","-0.6277","-0.5700","-0.6600","-0.8600","36.7100","33.5400","28.4800","20.2500","20.8900","11","2","57.5900","68.0000","-0.2800","0.0800","37.3400","100.0000","-0.4900","2","62.0300","61.0000","-0.1900","2","87.9700","20.0000","0.0800","0.0800","80.3800","32.0000","0.1200","3","96.2000","7.0000","2.1200","0.0800","41.1400","94.0000","-0.4100","0.1200","94.9400","9.0000","2.0600","0.0000","96.2000","7.0000","-0.1800","0","96.2000","7.0000","-0.1500","0.0000","96.2000","7.0000","-0.1800","0","96.2000","7.0000","-0.1700","5","0","0"
