"releasename","institutionid","unitid","comparisongroupid","institutionname","unitname","comparisongroupname","facultycount","facultycount_rank","articlecount","articlecount_rank","articlefacultycount","articlefacultycount_rank","articlecountperauthor","articlecountperauthor_rank","citationcount","citationcount_rank","citationfacultycount","citationfacultycount_rank","pctofauthorwithcitation","pctofauthorwithcitation_rank","grantfacultycount","grantfacultycount_rank","grantcount","grantcount_rank","grantdollars","grantdollars_rank","awardcount","awardcount_rank","awardfacultycount","awardfacultycount_rank","bookcount","bookcount_rank","bookfacultycount","bookfacultycount_rank","awardsweight","grantsweight","booksweight","citationsweight","articlesweight","pctoffacwithbook","pctoffacwithbook_zscore","pctoffacwithbook_rank","pctoffacwithbook_pct","bookcountperfaculty","bookcountperfaculty_zscore","bookcountperfaculty_rank","bookcountperfaculty_pct","pctoffacwitharticle","pctoffacwitharticle_zscore","pctoffacwitharticle_rank","pctoffacwitharticle_pct","articlecountperfaculty","articlecountperfaculty_zscore","articlecountperfaculty_rank","articlecountperfaculty_pct","pctoffacwithcitation","pctoffacwithcitation_zscore","pctoffacwithcitation_rank","pctoffacwithcitation_pct","citationcountperfaculty","citationcountperfaculty_zscore","citationcountperfaculty_rank","citationcountperfaculty_pct","citationcountperarticle","citationcountperarticle_zscore","citationcountperarticle_rank","citationcountperarticle_pct","pctoffacwithgrant","pctoffacwithgrant_zscore","pctoffacwithgrant_rank","pctoffacwithgrant_pct","grantcountperfaculty","grantcountperfaculty_zscore","grantcountperfaculty_rank","grantcountperfaculty_pct","grantdollarsperfaculty","grantdollarsperfaculty_zscore","grantdollarsperfaculty_rank","grantdollarsperfaculty_pct","dollarspergrant","dollarspergrant_zscore","dollarspergrant_rank","dollarspergrant_pct","awardcountperfaculty","awardcountperfaculty_zscore","awardcountperfaculty_rank","awardcountperfaculty_pct","pctoffacwithaward","pctoffacwithaward_zscore","pctoffacwithaward_rank","pctoffacwithaward_pct","sri","sri_rank","sri_pct","awardfacultycount_zscore","bookfacultycount_zscore","citationfacultycount_zscore","grantfacultycount_zscore","articlefacultycount_zscore","articlecountperauthor_zscore","pctofauthorwithcitation_zscore","awardcount_zscore","bookcount_zscore","citationcount_zscore","grantdollars_zscore","grantcount_zscore","articlecount_zscore","facultycount_zscore","awardfacultycount_pct","bookfacultycount_pct","citationfacultycount_pct","grantfacultycount_pct","articlefacultycount_pct","articlecountperauthor_pct","pctofauthorwithcitation_pct","awardcount_pct","bookcount_pct","citationcount_pct","grantdollars_pct","grantcount_pct","articlecount_pct","facultycount_pct","unitsincomparisongroup","createddate","confproccount","confprocfacultycount","confproccountperauthor","confproccountperfaculty","pctoffacwithconfproc","confprocfacultycount_rank","confproccountperauthor_rank","confproccount_rank","confproccountperfaculty_rank","pctoffacwithconfproc_rank","confprocfacultycount_zscore","confproccountperauthor_zscore","confproccount_zscore","confproccountperfaculty_zscore","pctoffacwithconfproc_zscore","confprocfacultycount_pct","confproccountperauthor_pct","confproccount_pct","confproccountperfaculty_pct","pctoffacwithconfproc_pct","confprocweight","chaptercount","chaptercount_pct","chaptercount_rank","chaptercount_zscore","chaptercountperfaculty","chaptercountperfaculty_pct","chaptercountperfaculty_rank","chaptercountperfaculty_zscore","chapterfacultycount","chapterfacultycount_pct","chapterfacultycount_rank","chapterfacultycount_zscore","patentcount","patentcount_pct","patentcount_rank","patentcount_zscore","patentcountperfaculty","patentcountperfaculty_pct","patentcountperfaculty_rank","patentcountperfaculty_zscore","patentfacultycount","patentfacultycount_pct","patentfacultycount_rank","patentfacultycount_zscore","pctoffacwithchapter","pctoffacwithchapter_pct","pctoffacwithchapter_rank","pctoffacwithchapter_zscore","pctoffacwithpatent","pctoffacwithpatent_pct","pctoffacwithpatent_rank","pctoffacwithpatent_zscore","pctoffacwithtrial","pctoffacwithtrial_pct","pctoffacwithtrial_rank","pctoffacwithtrial_zscore","trialcount","trialcount_pct","trialcount_rank","trialcount_zscore","trialcountperfaculty","trialcountperfaculty_pct","trialcountperfaculty_rank","trialcountperfaculty_zscore","trialfacultycount","trialfacultycount_pct","trialfacultycount_rank","trialfacultycount_zscore","chaptersweight","patentsweight","trialsweight"
"AAD2023.09.02768","103","113","161","Kansas State University","Statistics, Department of","Statistics","9","134.0000","94","102.0000","9","128.0000","10.4400","44.0000","1172","97.0000","9","126.0000","1.0000","1.0000","0","138.0000","0","138.0000","0.0000","138.0000","1","136.0000","1","131.0000","1","102.0000","1","97.0000","19","22","5","20","18","0.1100","-0.1900","84.0000","47.1300","0.1100","-0.4700","94.0000","40.7600","1.0000","0.9000","1.0000","100.0000","10.4400","0.7100","35.0000","78.3400","1.0000","0.8800","1.0000","100.0000","130.2200","-0.0900","55.0000","65.6100","12.4700","-0.1700","69.0000","56.6900","0.0000","-1.2900","138.0000","12.7400","0.0000","-1.0400","138.0000","12.7400","0.0000","-0.7600","138.0000","12.7400","0.0000","-1.0600","138.0000","12.7400","0.1100","-0.7400","136.0000","14.0100","0.1100","-1.0200","130.0000","17.8300","0.1000","59.0000","63.0600","-0.9400","-0.6700","-0.8300","-0.9900","-0.8600","0.5600","0.5721","-0.7300","-0.6300","-0.4100","-0.7200","-0.8700","-0.5400","-1.0200","17.2000","38.8500","20.3800","12.7400","19.1100","72.6100","100.0000","14.0100","35.6700","38.8500","12.7400","12.7400","35.6700","15.2900","157","7/7/2025 11:42","0","0","0.0000","0.0000","0.0000","137.0000","137.0000","137.0000","137.0000","137.0000","-1.0200","-1.1890","-0.6700","-0.7600","-1.3100","13.3800","13.3800","13.3800","13.3800","13.3800","11","2","58.6000","66.0000","-0.2600","0.2200","82.1700","29.0000","0.7400","2","63.0600","59.0000","-0.1600","0","70.7000","47.0000","-0.3400","0.0000","70.7000","47.0000","-0.3700","0","70.7000","47.0000","-0.4800","0.2200","89.8100","17.0000","1.2600","0.0000","70.7000","47.0000","-0.5100","0.0000","96.1800","7.0000","-0.1800","0","96.1800","7.0000","-0.1500","0.0000","96.1800","7.0000","-0.1800","0","96.1800","7.0000","-0.1700","5","0","0"
"AAD2023.09.02768","137","340","161","Montana State University","Mathematical Sciences, Department of","Statistics","30","23.0000","155","62.0000","28","20.0000","5.5400","119.0000","1421","87.0000","26","29.0000","0.9300","125.0000","11","35.0000","17","47.0000","4997848.0000","45.0000","13","72.0000","10","43.0000","3","71.0000","4","39.0000","19","22","5","20","18","0.1300","0.0200","69.0000","56.6900","0.1000","-0.5200","102.0000","35.6700","0.9300","0.4100","69.0000","56.6900","5.1700","-0.6100","110.0000","30.5700","0.8700","0.0000","92.0000","42.0400","47.3700","-0.4900","109.0000","31.2100","9.1700","-0.2700","101.0000","36.3100","0.3700","0.2800","59.0000","63.0600","0.5700","-0.0500","63.0000","60.5100","166594.9300","-0.0500","61.0000","61.7800","293991.0600","0.2100","52.0000","67.5200","0.4300","-0.4200","91.0000","42.6800","0.3300","-0.0700","67.0000","57.9600","-0.3000","98.0000","38.2200","0.3000","0.3200","0.7200","0.5600","0.8900","-0.7300","-0.3293","-0.2600","-0.3300","-0.3600","0.1500","0.1900","-0.0400","0.8200","73.2500","75.8000","82.1700","78.3400","87.9000","24.8400","21.0200","54.7800","55.4100","45.2200","71.9700","70.7000","61.1500","85.9900","157","7/7/2025 11:42","16","4","4.0000","0.5300","0.1300","69.0000","17.0000","37.0000","58.0000","99.0000","-0.1600","1.0831","0.1400","-0.0800","-0.5100","56.6900","89.8100","77.0700","63.6900","37.5800","11","3","68.7900","50.0000","0.0000","0.1000","45.8600","86.0000","-0.2600","3","73.2500","43.0000","0.2500","2","87.9000","20.0000","0.0800","0.0700","80.2500","32.0000","0.0700","1","87.9000","20.0000","0.3900","0.1000","50.9600","78.0000","-0.1100","0.0300","75.1600","40.0000","0.2600","0.0000","96.1800","7.0000","-0.1800","0","96.1800","7.0000","-0.1500","0.0000","96.1800","7.0000","-0.1800","0","96.1800","7.0000","-0.1700","5","0","0"
"AAD2023.09.02768","148","444","161","North Carolina State University","Statistics, Department of","Statistics","30","23.0000","390","7.0000","28","20.0000","13.9300","16.0000","8171","16.0000","29","17.0000","1.0000","1.0000","16","18.0000","30","24.0000","9249720.0000","23.0000","47","16.0000","20","12.0000","8","28.0000","6","20.0000","19","22","5","20","18","0.2000","0.6600","34.0000","78.9800","0.2700","0.2400","49.0000","69.4300","0.9300","0.4100","69.0000","56.6900","13.0000","1.3500","15.0000","91.0800","0.9700","0.6600","49.0000","69.4300","272.3700","0.5900","21.0000","87.2600","20.9500","0.0900","28.0000","82.8000","0.5300","0.9900","29.0000","82.1700","1.0000","0.7000","35.0000","78.3400","308324.0000","0.5500","29.0000","82.1700","308324.0000","0.2700","44.0000","72.6100","1.5700","0.6900","23.0000","85.9900","0.6700","1.3600","17.0000","89.8100","0.6000","18.0000","89.1700","1.6700","0.9900","0.9900","1.2600","0.8900","1.4800","0.5721","1.0800","0.4400","1.0000","0.8900","0.9900","1.8600","0.8200","92.9900","87.9000","89.8100","89.1700","87.9000","90.4500","100.0000","90.4500","82.8000","90.4500","85.9900","85.3500","96.1800","85.9900","157","7/7/2025 11:42","13","7","1.8600","0.4300","0.2300","36.0000","74.0000","54.0000","68.0000","65.0000","0.4800","-0.1325","-0.0100","-0.2000","0.1000","77.7100","53.5000","66.2400","57.3200","59.2400","11","6","88.5400","19.0000","0.7700","0.2000","78.9800","34.0000","0.5600","5","89.8100","17.0000","1.0500","0","70.7000","47.0000","-0.3400","0.0000","70.7000","47.0000","-0.3700","0","70.7000","47.0000","-0.4800","0.1700","73.8900","42.0000","0.6400","0.0000","70.7000","47.0000","-0.5100","0.0000","96.1800","7.0000","-0.1800","0","96.1800","7.0000","-0.1500","0.0000","96.1800","7.0000","-0.1800","0","96.1800","7.0000","-0.1700","5","0","0"
"AAD2023.09.02768","155","470","161","Oakland University","Mathematics and Statistics, Department of","Statistics","27","35.0000","135","75.0000","22","43.0000","6.1400","108.0000","929","100.0000","20","51.0000","0.8700","138.0000","3","92.0000","3","108.0000","446022.0000","119.0000","3","116.0000","1","131.0000","6","44.0000","3","55.0000","19","22","5","20","18","0.1100","-0.1900","84.0000","47.1300","0.2200","0.0400","59.0000","63.0600","0.8100","-0.4500","119.0000","24.8400","5.0000","-0.6500","111.0000","29.9400","0.7400","-0.8400","132.0000","16.5600","34.4100","-0.5500","123.0000","22.2900","6.8800","-0.3400","119.0000","24.8400","0.1100","-0.8200","119.0000","24.8400","0.1100","-0.8400","129.0000","18.4700","16519.3300","-0.6900","126.0000","20.3800","148674.0000","-0.4200","97.0000","38.8500","0.1100","-0.7400","136.0000","14.0100","0.0400","-1.3400","146.0000","7.6400","-0.6000","125.0000","21.0200","-0.9400","-0.0100","0.1700","-0.5700","0.3400","-0.5700","-1.0739","-0.6500","0.1300","-0.4600","-0.6400","-0.6800","-0.2000","0.5600","17.2000","65.6100","68.1500","42.0400","73.2500","31.8500","12.7400","26.7500","72.6100","36.9400","24.8400","31.8500","52.8700","78.3400","157","7/7/2025 11:42","11","5","2.2000","0.4100","0.1900","48.0000","53.0000","60.0000","72.0000","81.0000","0.0500","0.0606","-0.1100","-0.2400","-0.1900","70.0600","66.8800","62.4200","54.7800","49.0400","11","4","78.3400","35.0000","0.2500","0.1500","59.2400","65.0000","0.1300","3","73.2500","43.0000","0.2500","0","70.7000","47.0000","-0.3400","0.0000","70.7000","47.0000","-0.3700","0","70.7000","47.0000","-0.4800","0.1100","54.1400","73.0000","0.0200","0.0000","70.7000","47.0000","-0.5100","0.0000","96.1800","7.0000","-0.1800","0","96.1800","7.0000","-0.1500","0.0000","96.1800","7.0000","-0.1800","0","96.1800","7.0000","-0.1700","5","0","0"
"AAD2023.09.02768","158","525","161","Oklahoma State University","Statistics, Department of","Statistics","7","143.0000","52","130.0000","7","136.0000","7.4300","85.0000","636","115.0000","7","135.0000","1.0000","1.0000","0","138.0000","0","138.0000","0.0000","138.0000","0","147.0000","0","147.0000","1","102.0000","1","97.0000","19","22","5","20","18","0.1400","0.1100","63.0000","60.5100","0.1400","-0.3200","83.0000","47.7700","1.0000","0.9000","1.0000","100.0000","7.4300","-0.0400","73.0000","54.1400","1.0000","0.8800","1.0000","100.0000","90.8600","-0.2800","67.0000","57.9600","12.2300","-0.1800","74.0000","53.5000","0.0000","-1.2900","138.0000","12.7400","0.0000","-1.0400","138.0000","12.7400","0.0000","-0.7600","138.0000","12.7400","0.0000","-1.0600","138.0000","12.7400","0.0000","-0.8500","147.0000","7.0100","0.0000","-1.5000","147.0000","7.0100","-0.1000","76.0000","52.2300","-1.0800","-0.6700","-1.0100","-0.9900","-1.0400","-0.2300","0.5721","-0.7700","-0.6300","-0.5200","-0.7200","-0.8700","-0.8800","-1.1900","7.0100","38.8500","14.6500","12.7400","14.0100","46.5000","100.0000","7.0100","35.6700","27.3900","12.7400","12.7400","17.8300","9.5500","157","7/7/2025 11:42","1","1","1.0000","0.1400","0.1400","117.0000","105.0000","119.0000","113.0000","94.0000","-0.8100","-0.6210","-0.6200","-0.5700","-0.4500","26.1100","33.7600","24.8400","28.6600","40.7600","11","0","22.9300","122.0000","-0.7800","0.0000","22.9300","122.0000","-1.0900","0","22.9300","122.0000","-0.9600","0","70.7000","47.0000","-0.3400","0.0000","70.7000","47.0000","-0.3700","0","70.7000","47.0000","-0.4800","0.0000","22.9300","122.0000","-1.2200","0.0000","70.7000","47.0000","-0.5100","0.0000","96.1800","7.0000","-0.1800","0","96.1800","7.0000","-0.1500","0.0000","96.1800","7.0000","-0.1800","0","96.1800","7.0000","-0.1700","5","0","0"
"AAD2023.09.02768","15","563","161","Auburn University","Mathematics and Statistics, Department of","Statistics","42","10.0000","337","13.0000","37","8.0000","9.1100","61.0000","1777","70.0000","36","9.0000","0.9500","108.0000","13","28.0000","22","37.0000","2714145.0000","61.0000","22","42.0000","13","30.0000","8","28.0000","5","28.0000","19","22","5","20","18","0.1200","-0.1200","80.0000","49.6800","0.1900","-0.1100","68.0000","57.3200","0.8800","0.0300","98.0000","38.2200","8.0200","0.1100","67.0000","57.9600","0.8600","-0.0700","99.0000","37.5800","42.3100","-0.5100","114.0000","28.0300","5.2700","-0.3900","138.0000","12.7400","0.3100","0.0300","67.0000","57.9600","0.5200","-0.1200","71.0000","55.4100","64622.5000","-0.4800","90.0000","43.3100","123370.2300","-0.5300","115.0000","27.3900","0.5200","-0.3300","84.0000","47.1300","0.3100","-0.1700","81.0000","49.0400","-0.2000","85.0000","46.5000","0.7100","0.6500","1.6300","0.8400","1.7200","0.2100","-0.0921","0.0900","0.4400","-0.2900","-0.2500","0.4900","1.4300","1.8700","81.5300","82.8000","94.9000","82.8000","95.5400","61.7800","31.8500","73.8900","82.8000","56.0500","61.7800","77.0700","92.3600","94.2700","157","7/7/2025 11:42","16","6","2.6700","0.3800","0.1400","41.0000","44.0000","37.0000","78.0000","94.0000","0.2700","0.3276","0.1400","-0.2700","-0.4500","74.5200","72.6100","77.0700","50.9600","40.7600","11","6","88.5400","19.0000","0.7700","0.1400","58.6000","66.0000","0.0900","5","89.8100","17.0000","1.0500","0","70.7000","47.0000","-0.3400","0.0000","70.7000","47.0000","-0.3700","0","70.7000","47.0000","-0.4800","0.1200","56.0500","70.0000","0.1000","0.0000","70.7000","47.0000","-0.5100","0.0000","96.1800","7.0000","-0.1800","0","96.1800","7.0000","-0.1500","0.0000","96.1800","7.0000","-0.1800","0","96.1800","7.0000","-0.1700","5","0","0"
"AAD2023.09.02768","161","611","161","Oregon State University","Statistics, Department of","Statistics","17","87.0000","154","64.0000","16","75.0000","9.6300","54.0000","2441","55.0000","15","79.0000","0.9400","114.0000","3","92.0000","5","91.0000","3737431.0000","53.0000","7","90.0000","5","82.0000","0","127.0000","0","127.0000","19","22","5","20","18","0.0000","-1.2600","127.0000","19.7500","0.0000","-0.9800","127.0000","19.7500","0.9400","0.4700","65.0000","59.2400","9.0600","0.3700","55.0000","65.6100","0.8800","0.1000","88.0000","44.5900","143.5900","-0.0300","52.0000","67.5200","15.8500","-0.0700","48.0000","70.0600","0.1800","-0.5400","98.0000","38.2200","0.2900","-0.5200","93.0000","41.4000","219848.8800","0.1700","44.0000","72.6100","747486.2000","2.1700","6.0000","96.8200","0.4100","-0.4400","96.0000","39.4900","0.2900","-0.2400","87.0000","45.2200","0.1000","59.0000","63.0600","-0.3900","-1.0000","-0.2800","-0.5700","-0.2100","0.3500","-0.2166","-0.4900","-0.7900","-0.1500","-0.0700","-0.5600","-0.0500","-0.3200","48.4100","19.7500","50.3200","42.0400","52.8700","66.2400","28.0300","43.3100","19.7500","65.6100","66.8800","42.6800","59.8700","45.2200","157","7/7/2025 11:42","3","2","1.5000","0.1800","0.1200","100.0000","86.0000","106.0000","109.0000","107.0000","-0.5900","-0.3370","-0.5200","-0.5300","-0.6000","36.9400","45.8600","33.1200","31.2100","32.4800","11","1","42.0400","92.0000","-0.5200","0.0600","33.7600","105.0000","-0.6000","2","63.0600","59.0000","-0.1600","0","70.7000","47.0000","-0.3400","0.0000","70.7000","47.0000","-0.3700","0","70.7000","47.0000","-0.4800","0.1200","55.4100","71.0000","0.0900","0.0000","70.7000","47.0000","-0.5100","0.0000","96.1800","7.0000","-0.1800","0","96.1800","7.0000","-0.1500","0.0000","96.1800","7.0000","-0.1800","0","96.1800","7.0000","-0.1700","5","0","0"
"AAD2023.09.02768","163","685","161","Pennsylvania State University - University Park","Statistics, Department of","Statistics","30","23.0000","335","15.0000","29","18.0000","11.5500","27.0000","4794","29.0000","29","17.0000","1.0000","1.0000","14","24.0000","24","34.0000","8008176.0000","29.0000","36","29.0000","15","22.0000","6","44.0000","3","55.0000","19","22","5","20","18","0.1000","-0.3000","95.0000","40.1300","0.2000","-0.0600","64.0000","59.8700","0.9700","0.6600","47.0000","70.7000","11.1700","0.8900","28.0000","82.8000","0.9700","0.6600","49.0000","69.4300","159.8000","0.0500","41.0000","74.5200","14.3100","-0.1100","58.0000","63.6900","0.4700","0.7100","42.0000","73.8900","0.8000","0.3600","42.0000","73.8900","266939.2000","0.3700","34.0000","78.9800","333674.0000","0.3800","36.0000","77.7100","1.2000","0.3300","40.0000","75.1600","0.5000","0.6500","41.0000","74.5200","0.5000","32.0000","80.2500","0.9800","-0.0100","0.9900","0.9800","0.9800","0.8500","0.5721","0.6400","0.1300","0.3200","0.6700","0.6200","1.4100","0.8200","86.6200","65.6100","89.8100","85.3500","89.1700","83.4400","100.0000","82.1700","72.6100","82.1700","82.1700","78.9800","91.0800","85.9900","157","7/7/2025 11:42","12","9","1.3300","0.4000","0.3000","21.0000","94.0000","57.0000","74.0000","44.0000","0.9100","-0.4335","-0.0600","-0.2500","0.5000","87.2600","40.7600","64.3300","53.5000","72.6100","11","8","94.9000","9.0000","1.2900","0.2700","91.0800","15.0000","1.1100","8","98.0900","4.0000","2.2600","15","96.8200","6.0000","2.8400","0.5000","98.0900","4.0000","2.9100","1","87.9000","20.0000","0.3900","0.2700","97.4500","5.0000","1.7500","0.0300","75.1600","40.0000","0.2600","0.0000","96.1800","7.0000","-0.1800","0","96.1800","7.0000","-0.1500","0.0000","96.1800","7.0000","-0.1800","0","96.1800","7.0000","-0.1700","5","0","0"
"AAD2023.09.02768","165","719","161","Portland State University","Mathematics and Statistics, Department of","Statistics","27","35.0000","135","75.0000","23","38.0000","5.8700","112.0000","1394","90.0000","23","38.0000","1.0000","1.0000","9","44.0000","15","50.0000","5072556.0000","43.0000","7","90.0000","5","82.0000","2","84.0000","2","73.0000","19","22","5","20","18","0.0700","-0.5500","108.0000","31.8500","0.0700","-0.6400","110.0000","30.5700","0.8500","-0.1800","107.0000","32.4800","5.0000","-0.6500","111.0000","29.9400","0.8500","-0.1000","104.0000","34.3900","51.6300","-0.4700","106.0000","33.1200","10.3300","-0.2400","89.0000","43.9500","0.3300","0.1400","64.0000","59.8700","0.5600","-0.0700","64.0000","59.8700","187872.4400","0.0400","52.0000","67.5200","338170.4000","0.4000","34.0000","78.9800","0.2600","-0.5900","108.0000","31.8500","0.1900","-0.7000","115.0000","27.3900","-0.3000","98.0000","38.2200","-0.3900","-0.3400","0.4400","0.2700","0.4300","-0.6400","0.5721","-0.4900","-0.4800","-0.3600","0.1600","0.0600","-0.2000","0.5600","48.4100","54.1400","76.4300","72.6100","76.4300","29.3000","100.0000","43.3100","47.1300","43.3100","73.2500","68.7900","52.8700","78.3400","157","7/7/2025 11:42","16","6","2.6700","0.5900","0.2200","41.0000","44.0000","37.0000","53.0000","67.0000","0.2700","0.3276","0.1400","0.0000","0.0300","74.5200","72.6100","77.0700","66.8800","57.9600","11","6","88.5400","19.0000","0.7700","0.2200","82.1700","29.0000","0.7400","2","63.0600","59.0000","-0.1600","0","70.7000","47.0000","-0.3400","0.0000","70.7000","47.0000","-0.3700","0","70.7000","47.0000","-0.4800","0.0700","39.4900","96.0000","-0.4000","0.0000","70.7000","47.0000","-0.5100","0.0000","96.1800","7.0000","-0.1800","0","96.1800","7.0000","-0.1500","0.0000","96.1800","7.0000","-0.1800","0","96.1800","7.0000","-0.1700","5","0","0"
"AAD2023.09.02768","172","806","161","Rice University","Statistics, Department of","Statistics","15","102.0000","212","46.0000","15","86.0000","14.1300","14.0000","3810","39.0000","15","79.0000","1.0000","1.0000","11","35.0000","30","24.0000","10434310.0000","19.0000","40","24.0000","11","38.0000","8","28.0000","5","28.0000","19","22","5","20","18","0.3300","1.9400","6.0000","96.8200","0.5300","1.4600","11.0000","93.6300","1.0000","0.9000","1.0000","100.0000","14.1300","1.6400","13.0000","92.3600","1.0000","0.8800","1.0000","100.0000","254.0000","0.5000","24.0000","85.3500","17.9700","0.0000","37.0000","77.0700","0.7300","1.8500","12.0000","92.9900","2.0000","2.4500","5.0000","97.4500","695620.6700","2.1900","7.0000","96.1800","347810.3300","0.4400","33.0000","79.6200","2.6700","1.7600","9.0000","94.9000","0.7300","1.6500","13.0000","92.3600","1.2000","4.0000","98.0900","0.4300","0.6500","-0.2800","0.5600","-0.3100","1.5300","0.5721","0.8000","0.4400","0.1200","1.0900","0.9900","0.4200","-0.4900","76.4300","82.8000","50.3200","78.3400","45.8600","91.7200","100.0000","85.3500","82.8000","75.8000","88.5400","85.3500","71.3400","35.6700","157","7/7/2025 11:42","89","9","9.8900","5.9300","0.6000","21.0000","1.0000","3.0000","1.0000","4.0000","0.9100","4.4287","3.8500","6.8200","2.3200","87.2600","100.0000","98.7300","100.0000","98.0900","11","3","68.7900","50.0000","0.0000","0.2000","78.9800","34.0000","0.5600","2","63.0600","59.0000","-0.1600","2","87.9000","20.0000","0.0800","0.1300","88.5400","19.0000","0.5100","2","93.6300","11.0000","1.2600","0.1300","59.2400","65.0000","0.2600","0.1300","96.8200","6.0000","2.5800","0.0000","96.1800","7.0000","-0.1800","0","96.1800","7.0000","-0.1500","0.0000","96.1800","7.0000","-0.1800","0","96.1800","7.0000","-0.1700","5","0","0"
"AAD2023.09.02768","193","932","161","Southern Methodist University","Statistical Science, Department of","Statistics","9","134.0000","67","117.0000","8","133.0000","8.3800","65.0000","378","128.0000","8","131.0000","1.0000","1.0000","2","106.0000","2","116.0000","176930.0000","129.0000","5","99.0000","2","117.0000","1","102.0000","1","97.0000","19","22","5","20","18","0.1100","-0.1900","84.0000","47.1300","0.1100","-0.4700","94.0000","40.7600","0.8900","0.0900","93.0000","41.4000","7.4400","-0.0400","71.0000","55.4100","0.8900","0.1400","86.0000","45.8600","42.0000","-0.5100","115.0000","27.3900","5.6400","-0.3800","130.0000","17.8300","0.2200","-0.3400","80.0000","49.6800","0.2200","-0.6500","106.0000","33.1200","19658.8900","-0.6700","123.0000","22.2900","88465.0000","-0.6800","128.0000","19.1100","0.5600","-0.3000","78.0000","50.9600","0.2200","-0.5400","105.0000","33.7600","-0.1000","76.0000","52.2300","-0.8000","-0.6700","-0.9200","-0.7100","-0.9500","0.0200","0.5721","-0.5700","-0.6300","-0.5700","-0.6800","-0.7400","-0.7500","-1.0200","26.1100","38.8500","17.2000","33.1200","15.9200","59.2400","100.0000","37.5800","35.6700","19.1100","18.4700","26.7500","26.1100","15.2900","157","7/7/2025 11:42","1","1","1.0000","0.1100","0.1100","117.0000","105.0000","119.0000","121.0000","109.0000","-0.8100","-0.6210","-0.6200","-0.6100","-0.6400","26.1100","33.7600","24.8400","23.5700","31.2100","11","0","22.9300","122.0000","-0.7800","0.0000","22.9300","122.0000","-1.0900","0","22.9300","122.0000","-0.9600","0","70.7000","47.0000","-0.3400","0.0000","70.7000","47.0000","-0.3700","0","70.7000","47.0000","-0.4800","0.0000","22.9300","122.0000","-1.2200","0.0000","70.7000","47.0000","-0.5100","0.0000","96.1800","7.0000","-0.1800","0","96.1800","7.0000","-0.1500","0.0000","96.1800","7.0000","-0.1800","0","96.1800","7.0000","-0.1700","5","0","0"
"AAD2023.09.02768","215","1150","161","Texas A&M University","Statistics, Department of","Statistics","30","23.0000","283","24.0000","29","18.0000","9.7600","52.0000","4481","31.0000","29","17.0000","1.0000","1.0000","17","14.0000","38","13.0000","10725578.0000","17.0000","42","19.0000","15","22.0000","5","59.0000","3","55.0000","19","22","5","20","18","0.1000","-0.3000","95.0000","40.1300","0.1700","-0.2200","73.0000","54.1400","0.9700","0.6600","47.0000","70.7000","9.4300","0.4600","49.0000","69.4300","0.9700","0.6600","49.0000","69.4300","149.3700","0.0000","49.0000","69.4300","15.8300","-0.0700","49.0000","69.4300","0.5700","1.1300","20.0000","87.9000","1.2700","1.1700","25.0000","84.7100","357519.2700","0.7600","25.0000","84.7100","282252.0500","0.1600","53.0000","66.8800","1.4000","0.5200","29.0000","82.1700","0.5000","0.6500","41.0000","74.5200","0.6000","18.0000","89.1700","0.9800","-0.0100","0.9900","1.4000","0.9800","0.3800","0.5721","0.8800","-0.0200","0.2600","1.1400","1.4800","0.9900","0.8200","86.6200","65.6100","89.8100","91.7200","89.1700","67.5200","100.0000","88.5400","63.0600","80.8900","89.8100","92.3600","85.3500","85.9900","157","7/7/2025 11:42","16","10","1.6000","0.5300","0.3300","17.0000","84.0000","37.0000","58.0000","35.0000","1.1300","-0.2802","0.1400","-0.0800","0.7000","89.8100","47.1300","77.0700","63.6900","78.3400","11","6","88.5400","19.0000","0.7700","0.2000","78.9800","34.0000","0.5600","6","94.9000","9.0000","1.4500","0","70.7000","47.0000","-0.3400","0.0000","70.7000","47.0000","-0.3700","0","70.7000","47.0000","-0.4800","0.2000","84.0800","26.0000","1.0100","0.0000","70.7000","47.0000","-0.5100","0.0000","96.1800","7.0000","-0.1800","0","96.1800","7.0000","-0.1500","0.0000","96.1800","7.0000","-0.1800","0","96.1800","7.0000","-0.1700","5","0","0"
"AAD2023.09.02768","222","1184","161","Texas Tech University","Mathematics and Statistics, Department of","Statistics","43","8.0000","312","19.0000","39","7.0000","8.0000","74.0000","3120","44.0000","39","7.0000","0.9800","94.0000","10","39.0000","15","50.0000","1882134.0000","77.0000","28","35.0000","18","16.0000","22","6.0000","11","4.0000","19","22","5","20","18","0.2600","1.2000","21.0000","87.2600","0.5100","1.3600","12.0000","92.9900","0.9100","0.2200","87.0000","45.2200","7.2600","-0.0800","78.0000","50.9600","0.9100","0.2600","78.0000","50.9600","72.5600","-0.3700","83.0000","47.7700","10.0000","-0.2500","94.0000","40.7600","0.2300","-0.3000","79.0000","50.3200","0.3500","-0.4300","83.0000","47.7700","43770.5600","-0.5700","101.0000","36.3100","125475.6000","-0.5200","113.0000","28.6600","0.6500","-0.2100","70.0000","56.0500","0.4200","0.3000","58.0000","63.6900","-0.1000","76.0000","52.2300","1.4000","2.6400","1.9000","0.4200","1.9000","-0.0800","0.2566","0.3300","2.5900","-0.0200","-0.3900","0.0600","1.2300","1.9500","90.4500","98.0900","96.1800","75.8000","96.1800","53.5000","40.7600","78.3400","96.8200","72.6100","51.5900","68.7900","88.5400","95.5400","157","7/7/2025 11:42","27","11","2.4500","0.6300","0.2600","13.0000","48.0000","19.0000","47.0000","56.0000","1.3400","0.2026","0.7000","0.0400","0.2300","92.3600","70.0600","88.5400","70.7000","64.9700","11","10","96.1800","7.0000","1.8000","0.2300","85.3500","24.0000","0.8300","6","94.9000","9.0000","1.4500","0","70.7000","47.0000","-0.3400","0.0000","70.7000","47.0000","-0.3700","0","70.7000","47.0000","-0.4800","0.1400","60.5100","63.0000","0.3300","0.0000","70.7000","47.0000","-0.5100","0.0000","96.1800","7.0000","-0.1800","0","96.1800","7.0000","-0.1500","0.0000","96.1800","7.0000","-0.1800","0","96.1800","7.0000","-0.1700","5","0","0"
"AAD2023.09.02768","226","1273","161","University of Tennessee, The","Business Analytics and Statistics, Department of","Statistics","20","65.0000","107","96.0000","20","55.0000","5.3500","121.0000","2258","57.0000","20","51.0000","1.0000","1.0000","2","106.0000","2","116.0000","211008.0000","126.0000","10","80.0000","6","71.0000","2","84.0000","3","55.0000","19","22","5","20","18","0.1500","0.1800","58.0000","63.6900","0.1000","-0.5200","102.0000","35.6700","1.0000","0.9000","1.0000","100.0000","5.3500","-0.5600","107.0000","32.4800","1.0000","0.8800","1.0000","100.0000","112.9000","-0.1700","59.0000","63.0600","21.1000","0.1000","27.0000","83.4400","0.1000","-0.8600","124.0000","21.6600","0.1000","-0.8600","131.0000","17.2000","10550.4000","-0.7100","131.0000","17.2000","105504.0000","-0.6100","123.0000","22.2900","0.5000","-0.3600","86.0000","45.8600","0.3000","-0.2100","83.0000","47.7700","-0.1000","76.0000","52.2300","-0.2500","-0.0100","0.1700","-0.7100","0.1500","-0.7800","0.5721","-0.3800","-0.4800","-0.1900","-0.6800","-0.7400","-0.4300","-0.0600","55.4100","65.6100","68.1500","33.1200","65.6100","23.5700","100.0000","49.6800","47.1300","64.3300","20.3800","26.7500","39.4900","59.2400","157","7/7/2025 11:42","18","5","3.6000","0.9000","0.2500","48.0000","24.0000","33.0000","34.0000","57.0000","0.0500","0.8559","0.2400","0.3900","0.2000","70.0600","85.3500","79.6200","78.9800","64.3300","11","2","58.6000","66.0000","-0.2600","0.1000","45.8600","86.0000","-0.2600","1","44.5900","88.0000","-0.5600","1","80.8900","31.0000","-0.1300","0.0500","78.9800","34.0000","-0.0400","1","87.9000","20.0000","0.3900","0.0500","31.8500","108.0000","-0.6700","0.0500","83.4400","27.0000","0.6500","0.0000","96.1800","7.0000","-0.1800","0","96.1800","7.0000","-0.1500","0.0000","96.1800","7.0000","-0.1800","0","96.1800","7.0000","-0.1700","5","0","0"
"AAD2023.09.02768","246","1517","161","University of Alaska Fairbanks","Mathematics and Statistics, Department of","Statistics","17","87.0000","57","128.0000","14","93.0000","4.0700","137.0000","364","130.0000","14","92.0000","1.0000","1.0000","6","69.0000","10","69.0000","2182760.0000","68.0000","2","127.0000","2","117.0000","0","127.0000","0","127.0000","19","22","5","20","18","0.0000","-1.2600","127.0000","19.7500","0.0000","-0.9800","127.0000","19.7500","0.8200","-0.3900","115.0000","27.3900","3.3500","-1.0600","133.0000","15.9200","0.8200","-0.2900","113.0000","28.6600","21.4100","-0.6100","135.0000","14.6500","6.3900","-0.3600","125.0000","21.0200","0.3500","0.2200","61.0000","61.7800","0.5900","-0.0100","60.0000","62.4200","128397.6500","-0.2100","67.0000","57.9600","218276.0000","-0.1200","75.0000","52.8700","0.1200","-0.7300","134.0000","15.2900","0.1200","-0.9900","128.0000","19.1100","-0.6000","125.0000","21.0200","-0.8000","-1.0000","-0.3700","-0.1500","-0.4000","-1.1100","0.5721","-0.6900","-0.7900","-0.5700","-0.3400","-0.2500","-0.8400","-0.3200","26.1100","19.7500","42.0400","56.6900","41.4000","13.3800","100.0000","19.7500","19.7500","17.8300","57.3200","56.6900","19.1100","45.2200","157","7/7/2025 11:42","2","2","1.0000","0.1200","0.1200","100.0000","105.0000","113.0000","120.0000","107.0000","-0.5900","-0.6210","-0.5700","-0.6100","-0.6000","36.9400","33.7600","28.6600","24.2000","32.4800","11","3","68.7900","50.0000","0.0000","0.1800","71.3400","46.0000","0.3700","3","73.2500","43.0000","0.2500","0","70.7000","47.0000","-0.3400","0.0000","70.7000","47.0000","-0.3700","0","70.7000","47.0000","-0.4800","0.1800","77.0700","37.0000","0.7500","0.0000","70.7000","47.0000","-0.5100","0.0000","96.1800","7.0000","-0.1800","0","96.1800","7.0000","-0.1500","0.0000","96.1800","7.0000","-0.1800","0","96.1800","7.0000","-0.1700","5","0","0"
"AAD2023.09.02768","251","1702","161","University of California, Berkeley","Statistics, Department of","Statistics","28","29.0000","406","6.0000","28","20.0000","14.5000","12.0000","17159","5.0000","28","23.0000","1.0000","1.0000","23","5.0000","56","4.0000","34083467.0000","1.0000","120","2.0000","23","5.0000","10","20.0000","7","13.0000","19","22","5","20","18","0.2500","1.1400","22.0000","86.6200","0.3600","0.6600","32.0000","80.2500","1.0000","0.9000","1.0000","100.0000","14.5000","1.7300","11.0000","93.6300","1.0000","0.8800","1.0000","100.0000","612.8200","2.2200","7.0000","96.1800","42.2600","0.7500","12.0000","92.9900","0.8200","2.2300","3.0000","98.7300","2.0000","2.4500","5.0000","97.4500","1217266.6800","4.4100","2.0000","99.3600","608633.3400","1.5700","7.0000","96.1800","4.2900","3.3500","3.0000","98.7300","0.8200","2.0200","5.0000","97.4500","1.3000","2.0000","99.3600","2.0800","1.3200","0.9000","2.2400","0.8900","1.6300","0.5721","3.9400","0.7500","2.8200","5.1800","2.6000","1.9800","0.6400","97.4500","92.3600","85.9900","97.4500","87.9000","92.9900","100.0000","99.3600","87.9000","97.4500","100.0000","98.0900","96.8200","82.1700","157","7/7/2025 11:42","58","16","3.6300","2.0700","0.5700","3.0000","22.0000","5.0000","7.0000","6.0000","2.4200","0.8729","2.2700","1.8900","2.1400","98.7300","86.6200","97.4500","96.1800","96.8200","11","8","94.9000","9.0000","1.2900","0.2900","92.9900","12.0000","1.2700","7","96.8200","6.0000","1.8600","6","93.6300","11.0000","0.9300","0.2100","94.2700","10.0000","1.0400","2","93.6300","11.0000","1.2600","0.2500","95.5400","8.0000","1.5700","0.0700","89.1700","18.0000","1.1500","0.0000","96.1800","7.0000","-0.1800","0","96.1800","7.0000","-0.1500","0.0000","96.1800","7.0000","-0.1800","0","96.1800","7.0000","-0.1700","5","0","0"
"AAD2023.09.02768","252","1747","161","University of California, Davis","Statistics, Department of","Statistics","26","38.0000","217","43.0000","26","29.0000","8.3500","66.0000","2450","54.0000","26","29.0000","1.0000","1.0000","16","18.0000","37","14.0000","6912685.0000","32.0000","42","19.0000","14","25.0000","10","20.0000","5","28.0000","19","22","5","20","18","0.1900","0.5900","39.0000","75.8000","0.3800","0.7800","28.0000","82.8000","1.0000","0.9000","1.0000","100.0000","8.3500","0.1900","60.0000","62.4200","1.0000","0.8800","1.0000","100.0000","94.2300","-0.2600","65.0000","59.2400","11.2900","-0.2100","78.0000","50.9600","0.6200","1.3400","16.0000","90.4500","1.4200","1.4400","19.0000","88.5400","265872.5000","0.3700","35.0000","78.3400","186829.3200","-0.2600","83.0000","47.7700","1.6200","0.7300","22.0000","86.6200","0.5400","0.8100","37.0000","77.0700","0.4000","39.0000","75.8000","0.8500","0.6500","0.7200","1.2600","0.7100","0.0100","0.5721","0.8800","0.7500","-0.1500","0.4800","1.4200","0.4600","0.4700","84.7100","82.8000","82.1700","89.1700","82.1700","58.6000","100.0000","88.5400","87.9000","66.2400","80.2500","91.7200","73.2500","76.4300","157","7/7/2025 11:42","16","5","3.2000","0.6200","0.1900","48.0000","32.0000","37.0000","48.0000","77.0000","0.0500","0.6287","0.1400","0.0300","-0.1500","70.0600","80.2500","77.0700","70.0600","51.5900","11","1","42.0400","92.0000","-0.5200","0.0400","26.7500","116.0000","-0.7700","1","44.5900","88.0000","-0.5600","0","70.7000","47.0000","-0.3400","0.0000","70.7000","47.0000","-0.3700","0","70.7000","47.0000","-0.4800","0.0400","27.3900","115.0000","-0.8000","0.0000","70.7000","47.0000","-0.5100","0.0000","96.1800","7.0000","-0.1800","0","96.1800","7.0000","-0.1500","0.0000","96.1800","7.0000","-0.1800","0","96.1800","7.0000","-0.1700","5","0","0"
"AAD2023.09.02768","254","1824","161","University of California, Los Angeles","Statistics and Data Science, Department of","Statistics","21","60.0000","262","29.0000","21","48.0000","12.4800","21.0000","6795","19.0000","21","46.0000","1.0000","1.0000","11","35.0000","33","21.0000","8689348.0000","24.0000","31","32.0000","13","30.0000","2","84.0000","2","73.0000","19","22","5","20","18","0.1000","-0.3500","98.0000","38.2200","0.1000","-0.5400","105.0000","33.7600","1.0000","0.9000","1.0000","100.0000","12.4800","1.2200","17.0000","89.8100","1.0000","0.8800","1.0000","100.0000","323.5700","0.8400","17.0000","89.8100","25.9400","0.2500","21.0000","87.2600","0.5200","0.9500","32.0000","80.2500","1.5700","1.7000","13.0000","92.3600","413778.4800","1.0000","20.0000","87.9000","263313.5800","0.0700","57.0000","64.3300","1.4800","0.6000","27.0000","83.4400","0.6200","1.1600","25.0000","84.7100","0.7000","15.0000","91.0800","0.7100","-0.3400","0.2600","0.5600","0.2500","1.0900","0.5721","0.4500","-0.4800","0.7300","0.7900","1.1700","0.8200","0.0300","81.5300","54.1400","71.3400","78.3400","70.0600","87.2600","100.0000","80.2500","47.1300","88.5400","85.3500","87.2600","82.1700","62.4200","157","7/7/2025 11:42","37","7","5.2900","1.7600","0.3300","36.0000","11.0000","11.0000","13.0000","35.0000","0.4800","1.8158","1.2100","1.4900","0.7000","77.7100","93.6300","93.6300","92.3600","78.3400","11","4","78.3400","35.0000","0.2500","0.1900","73.8900","42.0000","0.4800","3","73.2500","43.0000","0.2500","2","87.9000","20.0000","0.0800","0.1000","82.8000","28.0000","0.2600","1","87.9000","20.0000","0.3900","0.1400","64.9700","56.0000","0.3700","0.0500","81.5300","30.0000","0.6000","0.0000","96.1800","7.0000","-0.1800","0","96.1800","7.0000","-0.1500","0.0000","96.1800","7.0000","-0.1800","0","96.1800","7.0000","-0.1700","5","0","0"
"AAD2023.09.02768","255","1870","161","University of California, Riverside","Statistics, Department of","Statistics","15","102.0000","154","64.0000","14","93.0000","11.0000","33.0000","2205","59.0000","14","92.0000","0.9300","121.0000","6","69.0000","9","75.0000","5312429.0000","41.0000","22","42.0000","10","43.0000","5","59.0000","2","73.0000","19","22","5","20","18","0.1300","0.0200","69.0000","56.6900","0.3300","0.5500","35.0000","78.3400","0.9300","0.4100","69.0000","56.6900","10.2700","0.6700","40.0000","75.1600","0.9300","0.4400","67.0000","57.9600","147.0000","-0.0100","50.0000","68.7900","14.3200","-0.1100","57.0000","64.3300","0.4000","0.4200","51.0000","68.1500","0.6000","0.0100","58.0000","63.6900","354161.9300","0.7400","26.0000","84.0800","590269.8900","1.4900","9.0000","94.9000","1.4700","0.5900","28.0000","82.8000","0.6700","1.3600","17.0000","89.8100","0.6000","18.0000","89.1700","0.3000","-0.3400","-0.3700","-0.1500","-0.4000","0.7100","-0.2692","0.0900","-0.0200","-0.2000","0.2000","-0.3100","-0.0500","-0.4900","73.2500","54.1400","42.0400","56.6900","41.4000","79.6200","23.5700","73.8900","63.0600","63.0600","74.5200","52.8700","59.8700","35.6700","157","7/7/2025 11:42","2","4","0.5000","0.1300","0.2700","69.0000","135.0000","113.0000","116.0000","51.0000","-0.1600","-0.9050","-0.5700","-0.5900","0.3000","56.6900","14.6500","28.6600","26.7500","68.1500","11","5","83.4400","27.0000","0.5100","0.3300","94.2700","10.0000","1.6600","4","85.3500","24.0000","0.6500","0","70.7000","47.0000","-0.3400","0.0000","70.7000","47.0000","-0.3700","0","70.7000","47.0000","-0.4800","0.2700","97.4500","5.0000","1.7500","0.0000","70.7000","47.0000","-0.5100","0.0000","96.1800","7.0000","-0.1800","0","96.1800","7.0000","-0.1500","0.0000","96.1800","7.0000","-0.1800","0","96.1800","7.0000","-0.1700","5","0","0"
"AAD2023.09.02768","25","1951","161","Bowling Green State University","Mathematics and Statistics, Department of","Statistics","19","73.0000","78","110.0000","16","75.0000","4.8800","128.0000","391","127.0000","15","79.0000","0.9400","114.0000","2","106.0000","3","108.0000","1317512.0000","87.0000","3","116.0000","3","104.0000","3","71.0000","2","73.0000","19","22","5","20","18","0.1100","-0.2500","94.0000","40.7600","0.1600","-0.2600","79.0000","50.3200","0.8400","-0.2500","109.0000","31.2100","4.1100","-0.8700","127.0000","19.7500","0.7900","-0.5200","120.0000","24.2000","20.5800","-0.6200","138.0000","12.7400","5.0100","-0.4000","141.0000","10.8300","0.1100","-0.8400","123.0000","22.2900","0.1600","-0.7600","116.0000","26.7500","69342.7400","-0.4600","87.0000","45.2200","439170.6700","0.8400","19.0000","88.5400","0.1600","-0.6900","131.0000","17.2000","0.1600","-0.8200","122.0000","22.9300","-0.7000","128.0000","19.1100","-0.6700","-0.3400","-0.2800","-0.7100","-0.2100","-0.9000","-0.2166","-0.6500","-0.3300","-0.5700","-0.4900","-0.6800","-0.6700","-0.1400","34.3900","54.1400","50.3200","33.1200","52.8700","19.1100","28.0300","26.7500","55.4100","19.7500","45.2200","31.8500","30.5700","54.1400","157","7/7/2025 11:42","4","2","2.0000","0.2100","0.1100","100.0000","58.0000","96.0000","101.0000","115.0000","-0.5900","-0.0530","-0.4700","-0.4900","-0.6800","36.9400","63.6900","39.4900","36.3100","27.3900","11","0","22.9300","122.0000","-0.7800","0.0000","22.9300","122.0000","-1.0900","0","22.9300","122.0000","-0.9600","0","70.7000","47.0000","-0.3400","0.0000","70.7000","47.0000","-0.3700","0","70.7000","47.0000","-0.4800","0.0000","22.9300","122.0000","-1.2200","0.0000","70.7000","47.0000","-0.5100","0.0000","96.1800","7.0000","-0.1800","0","96.1800","7.0000","-0.1500","0.0000","96.1800","7.0000","-0.1800","0","96.1800","7.0000","-0.1700","5","0","0"
"AAD2023.09.02768","266","1994","161","University of Colorado Denver","Mathematical and Statistical Sciences, Department of","Statistics","18","77.0000","112","89.0000","15","86.0000","7.4700","84.0000","1177","96.0000","14","92.0000","0.8800","136.0000","9","44.0000","17","47.0000","3795162.0000","52.0000","12","74.0000","8","60.0000","7","37.0000","2","73.0000","19","22","5","20","18","0.1100","-0.1900","84.0000","47.1300","0.3900","0.8000","27.0000","83.4400","0.8300","-0.3200","111.0000","29.9400","6.2200","-0.3400","92.0000","42.0400","0.7800","-0.6000","122.0000","22.9300","65.3900","-0.4000","87.0000","45.2200","10.5100","-0.2300","87.0000","45.2200","0.5000","0.8500","37.0000","77.0700","0.9400","0.6100","40.0000","75.1600","210842.3300","0.1400","47.0000","70.7000","223244.8200","-0.1000","72.0000","54.7800","0.6700","-0.1900","65.0000","59.2400","0.4400","0.4100","50.0000","68.7900","0.0000","67.0000","57.9600","0.0200","-0.3400","-0.3700","0.2700","-0.3100","-0.2200","-1.0053","-0.3000","0.2900","-0.4100","-0.0600","0.1900","-0.3900","-0.2300","62.4200","54.1400","42.0400","72.6100","45.8600","47.1300","14.0100","53.5000","77.0700","39.4900","67.5200","70.7000","43.9500","51.5900","157","7/7/2025 11:42","56","8","7.0000","3.1100","0.4400","28.0000","4.0000","6.0000","3.0000","15.0000","0.7000","2.7871","2.1700","3.2100","1.3800","82.8000","98.0900","96.8200","98.7300","91.0800","11","1","42.0400","92.0000","-0.5200","0.0600","31.8500","108.0000","-0.6300","1","44.5900","88.0000","-0.5600","0","70.7000","47.0000","-0.3400","0.0000","70.7000","47.0000","-0.3700","0","70.7000","47.0000","-0.4800","0.0600","34.3900","104.0000","-0.6000","0.0000","70.7000","47.0000","-0.5100","0.0000","96.1800","7.0000","-0.1800","0","96.1800","7.0000","-0.1500","0.0000","96.1800","7.0000","-0.1800","0","96.1800","7.0000","-0.1700","5","0","0"
"AAD2023.09.02768","267","2051","161","University of Connecticut","Statistics, Department of","Statistics","20","65.0000","318","17.0000","20","55.0000","15.9000","8.0000","3166","43.0000","20","51.0000","1.0000","1.0000","8","52.0000","12","61.0000","1707485.0000","78.0000","37","25.0000","14","25.0000","13","13.0000","7","13.0000","19","22","5","20","18","0.3500","2.1000","5.0000","97.4500","0.6500","1.9900","9.0000","94.9000","1.0000","0.9000","1.0000","100.0000","15.9000","2.0800","7.0000","96.1800","1.0000","0.8800","1.0000","100.0000","158.3000","0.0400","43.0000","73.2500","9.9600","-0.2500","95.0000","40.1300","0.4000","0.4200","51.0000","68.1500","0.6000","0.0100","58.0000","63.6900","85374.2500","-0.4000","77.0000","51.5900","142290.4200","-0.4500","100.0000","36.9400","1.8500","0.9600","19.0000","88.5400","0.7000","1.5000","14.0000","91.7200","0.6000","18.0000","89.1700","0.8500","1.3200","0.1700","0.1300","0.1500","1.9900","0.5721","0.6800","1.2100","-0.0100","-0.4200","-0.1200","1.2700","-0.0600","84.7100","92.3600","68.1500","67.5200","65.6100","95.5400","100.0000","84.7100","92.3600","73.2500","50.9600","61.7800","89.8100","59.2400","157","7/7/2025 11:42","6","5","1.2000","0.3000","0.2500","48.0000","102.0000","83.0000","85.0000","57.0000","0.0500","-0.5074","-0.3600","-0.3700","0.2000","70.0600","35.6700","47.7700","46.5000","64.3300","11","13","98.0900","4.0000","2.5800","0.6500","100.0000","1.0000","4.2700","8","98.0900","4.0000","2.2600","0","70.7000","47.0000","-0.3400","0.0000","70.7000","47.0000","-0.3700","0","70.7000","47.0000","-0.4800","0.4000","100.0000","1.0000","3.2400","0.0000","70.7000","47.0000","-0.5100","0.0000","96.1800","7.0000","-0.1800","0","96.1800","7.0000","-0.1500","0.0000","96.1800","7.0000","-0.1800","0","96.1800","7.0000","-0.1700","5","0","0"
"AAD2023.09.02768","273","2180","161","University of Florida","Statistics, Department of (LS)","Statistics","14","115.0000","149","70.0000","14","93.0000","10.6400","40.0000","1471","83.0000","14","92.0000","1.0000","1.0000","7","60.0000","8","79.0000","2225956.0000","67.0000","18","52.0000","11","38.0000","1","102.0000","1","97.0000","19","22","5","20","18","0.0700","-0.5800","109.0000","31.2100","0.0700","-0.6500","111.0000","29.9400","1.0000","0.9000","1.0000","100.0000","10.6400","0.7600","32.0000","80.2500","1.0000","0.8800","1.0000","100.0000","105.0700","-0.2100","61.0000","61.7800","9.8700","-0.2500","96.0000","39.4900","0.5000","0.8500","37.0000","77.0700","0.5700","-0.0400","62.0000","61.1500","158996.8600","-0.0800","62.0000","61.1500","278244.5000","0.1400","54.0000","66.2400","1.2900","0.4100","37.0000","77.0700","0.7900","1.8700","8.0000","95.5400","0.5000","32.0000","80.2500","0.4300","-0.6700","-0.3700","-0.0100","-0.4000","0.6100","0.5721","-0.0600","-0.6300","-0.3500","-0.3300","-0.3700","-0.0900","-0.5800","76.4300","38.8500","42.0400","62.4200","41.4000","75.1600","100.0000","67.5200","35.6700","47.7700","57.9600","50.3200","56.0500","27.3900","157","7/7/2025 11:42","3","1","3.0000","0.2100","0.0700","117.0000","33.0000","106.0000","99.0000","125.0000","-0.8100","0.5151","-0.5200","-0.4800","-0.8800","26.1100","79.6200","33.1200","37.5800","21.0200","11","2","58.6000","66.0000","-0.2600","0.1400","58.6000","66.0000","0.0900","2","63.0600","59.0000","-0.1600","0","70.7000","47.0000","-0.3400","0.0000","70.7000","47.0000","-0.3700","0","70.7000","47.0000","-0.4800","0.1400","64.9700","56.0000","0.3700","0.0000","70.7000","47.0000","-0.5100","0.0000","96.1800","7.0000","-0.1800","0","96.1800","7.0000","-0.1500","0.0000","96.1800","7.0000","-0.1800","0","96.1800","7.0000","-0.1700","5","0","0"
"AAD2023.09.02768","279","2292","161","University of Illinois Chicago","Mathematics, Statistics and Computer Science, Department of","Statistics","47","5.0000","341","12.0000","46","5.0000","7.4100","86.0000","2186","60.0000","45","5.0000","0.9800","93.0000","37","2.0000","78","2.0000","24405217.0000","3.0000","87","5.0000","36","2.0000","8","28.0000","7","13.0000","19","22","5","20","18","0.1500","0.1700","61.0000","61.7800","0.1700","-0.2000","72.0000","54.7800","0.9800","0.7400","45.0000","71.9700","7.2600","-0.0800","79.0000","50.3200","0.9600","0.6000","55.0000","65.6100","46.5100","-0.4900","110.0000","30.5700","6.4100","-0.3600","124.0000","21.6600","0.7900","2.0800","7.0000","96.1800","1.6600","1.8500","10.0000","94.2700","519259.9400","1.4500","12.0000","92.9900","312887.4000","0.2900","41.0000","74.5200","1.8500","0.9600","18.0000","89.1700","0.7700","1.7900","10.0000","94.2700","0.3000","47.0000","70.7000","3.8700","1.3200","2.4400","4.2100","2.5400","-0.2400","0.2977","2.6500","0.4400","-0.2000","3.5100","3.9600","1.4600","2.3000","99.3600","92.3600","97.4500","99.3600","97.4500","45.8600","41.4000","97.4500","82.8000","62.4200","98.7300","99.3600","92.9900","97.4500","157","7/7/2025 11:42","19","8","2.3800","0.4000","0.1700","28.0000","49.0000","31.0000","73.0000","87.0000","0.7000","0.1629","0.2900","-0.2400","-0.2800","82.8000","69.4300","80.8900","54.1400","45.2200","11","7","91.7200","14.0000","1.0300","0.1500","59.8700","64.0000","0.1400","7","96.8200","6.0000","1.8600","0","70.7000","47.0000","-0.3400","0.0000","70.7000","47.0000","-0.3700","0","70.7000","47.0000","-0.4800","0.1500","65.6100","55.0000","0.4400","0.0000","70.7000","47.0000","-0.5100","0.0000","96.1800","7.0000","-0.1800","0","96.1800","7.0000","-0.1500","0.0000","96.1800","7.0000","-0.1800","0","96.1800","7.0000","-0.1700","5","0","0"
"AAD2023.09.02768","281","2366","161","University of Iowa, The","Statistics and Actuarial Science, Department of","Statistics","15","102.0000","67","117.0000","13","104.0000","5.1500","122.0000","362","131.0000","13","104.0000","1.0000","1.0000","3","92.0000","4","98.0000","537651.0000","112.0000","21","46.0000","9","55.0000","4","64.0000","2","73.0000","19","22","5","20","18","0.1300","0.0200","69.0000","56.6900","0.2700","0.2400","49.0000","69.4300","0.8700","-0.0700","102.0000","35.6700","4.4700","-0.7800","121.0000","23.5700","0.8700","0.0000","92.0000","42.0400","24.1300","-0.6000","130.0000","17.8300","5.4000","-0.3900","136.0000","14.0100","0.2000","-0.4400","86.0000","45.8600","0.2700","-0.5700","98.0000","38.2200","35843.4000","-0.6100","108.0000","31.8500","134412.7500","-0.4800","105.0000","33.7600","1.4000","0.5200","29.0000","82.1700","0.6000","1.0700","29.0000","82.1700","-0.3000","98.0000","38.2200","0.1600","-0.3400","-0.4600","-0.5700","-0.4900","-0.8300","0.5721","0.0500","-0.1700","-0.5700","-0.6200","-0.6200","-0.7500","-0.4900","65.6100","54.1400","34.3900","42.0400","34.3900","22.9300","100.0000","71.3400","59.8700","17.2000","29.3000","38.2200","26.1100","35.6700","157","7/7/2025 11:42","1","1","1.0000","0.0700","0.0700","117.0000","105.0000","119.0000","126.0000","127.0000","-0.8100","-0.6210","-0.6200","-0.6700","-0.9100","26.1100","33.7600","24.8400","20.3800","19.7500","11","0","22.9300","122.0000","-0.7800","0.0000","22.9300","122.0000","-1.0900","0","22.9300","122.0000","-0.9600","0","70.7000","47.0000","-0.3400","0.0000","70.7000","47.0000","-0.3700","0","70.7000","47.0000","-0.4800","0.0000","22.9300","122.0000","-1.2200","0.0000","70.7000","47.0000","-0.5100","0.0000","96.1800","7.0000","-0.1800","0","96.1800","7.0000","-0.1500","0.0000","96.1800","7.0000","-0.1800","0","96.1800","7.0000","-0.1700","5","0","0"
"AAD2023.09.02768","284","2445","161","University of Louisiana at Lafayette","Mathematics, Department of","Statistics","23","50.0000","152","66.0000","21","48.0000","7.2400","91.0000","847","103.0000","19","58.0000","0.9000","131.0000","5","74.0000","7","82.0000","924608.0000","103.0000","7","90.0000","6","71.0000","3","71.0000","3","55.0000","19","22","5","20","18","0.1300","-0.0100","75.0000","52.8700","0.1300","-0.3800","88.0000","44.5900","0.9100","0.2600","81.0000","49.0400","6.6100","-0.2400","86.0000","45.8600","0.8300","-0.2800","112.0000","29.3000","36.8300","-0.5400","119.0000","24.8400","5.5700","-0.3900","132.0000","16.5600","0.2200","-0.3600","83.0000","47.7700","0.3000","-0.5100","89.0000","43.9500","40200.3500","-0.5900","103.0000","35.0300","132086.8600","-0.4900","106.0000","33.1200","0.3000","-0.5500","102.0000","35.6700","0.2600","-0.3800","94.0000","40.7600","-0.2000","85.0000","46.5000","-0.2500","-0.0100","0.0800","-0.2900","0.2500","-0.2800","-0.6297","-0.4900","-0.3300","-0.4800","-0.5600","-0.4300","-0.0700","0.2100","55.4100","65.6100","63.6900","53.5000","70.0600","42.6800","17.2000","43.3100","55.4100","35.0300","35.0300","48.4100","58.6000","68.7900","157","7/7/2025 11:42","3","3","1.0000","0.1300","0.1300","84.0000","105.0000","106.0000","118.0000","102.0000","-0.3800","-0.6210","-0.5200","-0.5900","-0.5200","47.1300","33.7600","33.1200","25.4800","35.6700","11","1","42.0400","92.0000","-0.5200","0.0400","27.3900","115.0000","-0.7300","1","44.5900","88.0000","-0.5600","0","70.7000","47.0000","-0.3400","0.0000","70.7000","47.0000","-0.3700","0","70.7000","47.0000","-0.4800","0.0400","28.0300","114.0000","-0.7400","0.0000","70.7000","47.0000","-0.5100","0.0000","96.1800","7.0000","-0.1800","0","96.1800","7.0000","-0.1500","0.0000","96.1800","7.0000","-0.1800","0","96.1800","7.0000","-0.1700","5","0","0"
"AAD2023.09.02768","293","2542","161","University of Massachusetts Amherst","Mathematics and Statistics, Department of","Statistics","52","4.0000","407","5.0000","50","4.0000","8.1400","73.0000","3960","38.0000","48","4.0000","0.9600","100.0000","26","3.0000","54","5.0000","9837073.0000","21.0000","55","13.0000","25","4.0000","14","11.0000","8","11.0000","19","22","5","20","18","0.1500","0.2200","54.0000","66.2400","0.2700","0.2500","47.0000","70.7000","0.9600","0.6200","52.0000","67.5200","7.8300","0.0600","68.0000","57.3200","0.9200","0.3700","73.0000","54.1400","76.1500","-0.3500","79.0000","50.3200","9.7300","-0.2600","97.0000","38.8500","0.5000","0.8500","37.0000","77.0700","1.0400","0.7700","34.0000","78.9800","189174.4800","0.0400","51.0000","68.1500","182168.0200","-0.2800","86.0000","45.8600","1.0600","0.1900","48.0000","70.0600","0.4800","0.5600","45.0000","71.9700","-0.1000","76.0000","52.2300","2.3600","1.6500","2.7200","2.6600","2.9100","-0.0500","0.0673","1.3900","1.3600","0.1500","0.9900","2.4700","1.9900","2.7400","98.0900","93.6300","98.0900","98.7300","98.0900","54.1400","36.9400","92.3600","93.6300","76.4300","87.2600","97.4500","97.4500","98.0900","157","7/7/2025 11:42","8","5","1.6000","0.1500","0.1000","48.0000","84.0000","73.0000","112.0000","116.0000","0.0500","-0.2802","-0.2600","-0.5600","-0.7300","70.0600","47.1300","54.1400","29.3000","26.7500","11","4","78.3400","35.0000","0.2500","0.0800","38.8500","97.0000","-0.4500","4","85.3500","24.0000","0.6500","0","70.7000","47.0000","-0.3400","0.0000","70.7000","47.0000","-0.3700","0","70.7000","47.0000","-0.4800","0.0800","42.0400","92.0000","-0.3700","0.0000","70.7000","47.0000","-0.5100","0.0000","96.1800","7.0000","-0.1800","0","96.1800","7.0000","-0.1500","0.0000","96.1800","7.0000","-0.1800","0","96.1800","7.0000","-0.1700","5","0","0"
"AAD2023.09.02768","311","2741","161","University of Nevada, Las Vegas","Mathematical Sciences, Department of","Statistics","30","23.0000","125","81.0000","21","48.0000","5.9500","110.0000","682","112.0000","19","58.0000","0.8600","141.0000","2","106.0000","3","108.0000","898960.0000","104.0000","5","99.0000","3","104.0000","4","64.0000","4","39.0000","19","22","5","20","18","0.1300","0.0200","69.0000","56.6900","0.1300","-0.3700","85.0000","46.5000","0.7000","-1.2900","141.0000","10.8300","4.1700","-0.8600","124.0000","21.6600","0.6300","-1.5600","147.0000","7.0100","22.7300","-0.6100","132.0000","16.5600","5.4600","-0.3900","134.0000","15.2900","0.0700","-1.0100","134.0000","15.2900","0.1000","-0.8600","131.0000","17.2000","29965.3300","-0.6300","112.0000","29.3000","299653.3300","0.2300","47.0000","70.7000","0.1700","-0.6800","123.0000","22.2900","0.1000","-1.0700","132.0000","16.5600","-0.8000","135.0000","14.6500","-0.6700","0.3200","0.0800","-0.7100","0.2500","-0.6200","-1.1487","-0.5700","-0.1700","-0.5100","-0.5600","-0.6800","-0.2900","0.8200","34.3900","75.8000","63.6900","33.1200","70.0600","30.5700","10.8300","37.5800","59.8700","29.3000","34.3900","31.8500","49.0400","85.9900","157","7/7/2025 11:42","4","4","1.0000","0.1300","0.1300","69.0000","105.0000","96.0000","116.0000","99.0000","-0.1600","-0.6210","-0.4700","-0.5900","-0.5100","56.6900","33.7600","39.4900","26.7500","37.5800","11","0","22.9300","122.0000","-0.7800","0.0000","22.9300","122.0000","-1.0900","0","22.9300","122.0000","-0.9600","0","70.7000","47.0000","-0.3400","0.0000","70.7000","47.0000","-0.3700","0","70.7000","47.0000","-0.4800","0.0000","22.9300","122.0000","-1.2200","0.0000","70.7000","47.0000","-0.5100","0.0000","96.1800","7.0000","-0.1800","0","96.1800","7.0000","-0.1500","0.0000","96.1800","7.0000","-0.1800","0","96.1800","7.0000","-0.1700","5","0","0"
"AAD2023.09.02768","314","2804","161","University of New Mexico, The","Mathematics and Statistics, Department of","Statistics","25","44.0000","130","78.0000","23","38.0000","5.6500","118.0000","1418","88.0000","22","39.0000","0.9200","128.0000","7","60.0000","9","75.0000","1171989.0000","95.0000","16","60.0000","7","66.0000","10","20.0000","5","28.0000","19","22","5","20","18","0.2000","0.6600","34.0000","78.9800","0.4000","0.8500","23.0000","85.9900","0.9200","0.3100","79.0000","50.3200","5.2000","-0.6000","109.0000","31.2100","0.8800","0.0800","90.0000","43.3100","56.7200","-0.4400","99.0000","37.5800","10.9100","-0.2200","84.0000","47.1300","0.2800","-0.0900","73.0000","54.1400","0.3600","-0.4100","81.0000","49.0400","46879.5600","-0.5600","98.0000","38.2200","130221.0000","-0.5000","108.0000","31.8500","0.6400","-0.2200","71.0000","55.4100","0.2800","-0.3000","91.0000","42.6800","-0.2000","85.0000","46.5000","-0.1200","0.6500","0.3500","-0.0100","0.4300","-0.7000","-0.4795","-0.1400","0.7500","-0.3600","-0.5100","-0.3100","-0.2500","0.3800","58.6000","82.8000","75.8000","62.4200","76.4300","25.4800","19.1100","62.4200","87.9000","44.5900","40.1300","52.8700","50.9600","72.6100","157","7/7/2025 11:42","15","7","2.1400","0.6000","0.2800","36.0000","56.0000","43.0000","50.0000","49.0000","0.4800","0.0266","0.0900","0.0100","0.3800","77.7100","64.9700","73.2500","68.7900","69.4300","11","2","58.6000","66.0000","-0.2600","0.0800","40.1300","95.0000","-0.4300","2","63.0600","59.0000","-0.1600","0","70.7000","47.0000","-0.3400","0.0000","70.7000","47.0000","-0.3700","0","70.7000","47.0000","-0.4800","0.0800","43.3100","90.0000","-0.3300","0.0000","70.7000","47.0000","-0.5100","0.0000","96.1800","7.0000","-0.1800","0","96.1800","7.0000","-0.1500","0.0000","96.1800","7.0000","-0.1800","0","96.1800","7.0000","-0.1700","5","0","0"
"AAD2023.09.02768","317","2837","161","University of North Carolina Charlotte","Mathematics and Statistics, Department of","Statistics","38","11.0000","269","27.0000","35","11.0000","7.6900","79.0000","1565","79.0000","34","11.0000","0.9400","109.0000","15","21.0000","21","40.0000","5189050.0000","42.0000","17","57.0000","9","55.0000","13","13.0000","9","6.0000","19","22","5","20","18","0.2400","1.0200","26.0000","84.0800","0.3400","0.5900","34.0000","78.9800","0.9200","0.3200","78.0000","50.9600","7.0800","-0.1300","81.0000","49.0400","0.8900","0.1800","84.0000","47.1300","41.1800","-0.5200","116.0000","26.7500","5.8200","-0.3800","129.0000","18.4700","0.3900","0.4000","55.0000","65.6100","0.5500","-0.0700","65.0000","59.2400","136553.9500","-0.1800","66.0000","58.6000","247097.6200","0.0000","63.0000","60.5100","0.4500","-0.4100","90.0000","43.3100","0.2400","-0.4800","102.0000","35.6700","-0.2000","85.0000","46.5000","0.1600","1.9800","1.4400","1.1200","1.5300","-0.1600","-0.1290","-0.1000","1.2100","-0.3300","0.1800","0.4300","0.8800","1.5200","65.6100","96.8200","93.6300","87.2600","93.6300","50.3200","31.2100","64.3300","92.3600","50.3200","73.8900","75.1600","83.4400","93.6300","157","7/7/2025 11:42","13","9","1.4400","0.3400","0.2400","21.0000","91.0000","54.0000","80.0000","64.0000","0.9100","-0.3711","-0.0100","-0.3200","0.1200","87.2600","42.6800","66.2400","49.6800","59.8700","11","6","88.5400","19.0000","0.7700","0.1600","64.3300","57.0000","0.2100","6","94.9000","9.0000","1.4500","0","70.7000","47.0000","-0.3400","0.0000","70.7000","47.0000","-0.3700","0","70.7000","47.0000","-0.4800","0.1600","70.0600","48.0000","0.5400","0.0000","70.7000","47.0000","-0.5100","0.0000","96.1800","7.0000","-0.1800","0","96.1800","7.0000","-0.1500","0.0000","96.1800","7.0000","-0.1800","0","96.1800","7.0000","-0.1700","5","0","0"
"AAD2023.09.02768","328","3022","161","University of Rhode Island","Computer Science and Statistics, Department of","Statistics","17","87.0000","84","105.0000","11","120.0000","7.6400","80.0000","1670","75.0000","14","92.0000","1.0000","1.0000","3","92.0000","4","98.0000","4204585.0000","49.0000","5","99.0000","5","82.0000","2","84.0000","2","73.0000","19","22","5","20","18","0.1200","-0.1300","81.0000","49.0400","0.1200","-0.4400","92.0000","42.0400","0.6500","-1.6800","145.0000","8.2800","4.9400","-0.6600","114.0000","28.0300","0.8200","-0.2900","113.0000","28.6600","98.2400","-0.2400","64.0000","59.8700","19.8800","0.0600","29.0000","82.1700","0.1800","-0.5400","98.0000","38.2200","0.2400","-0.6300","103.0000","35.0300","247328.5300","0.2900","40.0000","75.1600","1051146.2500","3.4800","3.0000","98.7300","0.2900","-0.5600","104.0000","34.3900","0.2900","-0.2400","87.0000","45.2200","-0.2000","85.0000","46.5000","-0.3900","-0.3400","-0.3700","-0.5700","-0.6700","-0.1800","0.5721","-0.5700","-0.4800","-0.3100","0.0100","-0.6200","-0.6200","-0.3200","48.4100","54.1400","42.0400","42.0400","24.2000","49.6800","100.0000","37.5800","47.1300","52.8700","69.4300","38.2200","33.7600","45.2200","157","7/7/2025 11:42","46","11","4.1800","2.7100","0.6500","13.0000","16.0000","8.0000","5.0000","2.0000","1.3400","1.1853","1.6600","2.7000","2.6000","92.3600","90.4500","95.5400","97.4500","99.3600","11","2","58.6000","66.0000","-0.2600","0.1200","50.3200","79.0000","-0.1200","1","44.5900","88.0000","-0.5600","0","70.7000","47.0000","-0.3400","0.0000","70.7000","47.0000","-0.3700","0","70.7000","47.0000","-0.4800","0.0600","35.6700","102.0000","-0.5700","0.0000","70.7000","47.0000","-0.5100","0.0000","96.1800","7.0000","-0.1800","0","96.1800","7.0000","-0.1500","0.0000","96.1800","7.0000","-0.1800","0","96.1800","7.0000","-0.1700","5","0","0"
"AAD2023.09.02768","332","3079","161","University of South Carolina","Statistics, Department of","Statistics","13","119.0000","96","101.0000","13","104.0000","7.3800","87.0000","826","105.0000","13","104.0000","1.0000","1.0000","2","106.0000","2","116.0000","520116.0000","114.0000","10","80.0000","4","93.0000","3","71.0000","1","97.0000","19","22","5","20","18","0.0800","-0.5200","107.0000","32.4800","0.2300","0.0800","56.0000","64.9700","1.0000","0.9000","1.0000","100.0000","7.3800","-0.0500","75.0000","52.8700","1.0000","0.8800","1.0000","100.0000","63.5400","-0.4100","90.0000","43.3100","8.6000","-0.2900","109.0000","31.2100","0.1500","-0.6300","107.0000","32.4800","0.1500","-0.7700","117.0000","26.1100","40008.9200","-0.5900","104.0000","34.3900","260058.0000","0.0600","59.0000","63.0600","0.7700","-0.0900","57.0000","64.3300","0.3100","-0.1800","82.0000","48.4100","0.1000","59.0000","63.0600","-0.5300","-0.6700","-0.4600","-0.7100","-0.4900","-0.2500","0.5721","-0.3800","-0.3300","-0.4800","-0.6300","-0.7400","-0.5200","-0.6700","41.4000","38.8500","34.3900","33.1200","34.3900","45.2200","100.0000","49.6800","55.4100","33.7600","28.0300","26.7500","36.3100","24.8400","157","7/7/2025 11:42","0","0","0.0000","0.0000","0.0000","137.0000","137.0000","137.0000","137.0000","137.0000","-1.0200","-1.1890","-0.6700","-0.7600","-1.3100","13.3800","13.3800","13.3800","13.3800","13.3800","11","1","42.0400","92.0000","-0.5200","0.0800","38.8500","97.0000","-0.4500","2","63.0600","59.0000","-0.1600","0","70.7000","47.0000","-0.3400","0.0000","70.7000","47.0000","-0.3700","0","70.7000","47.0000","-0.4800","0.1500","68.7900","50.0000","0.4900","0.0000","70.7000","47.0000","-0.5100","0.0000","96.1800","7.0000","-0.1800","0","96.1800","7.0000","-0.1500","0.0000","96.1800","7.0000","-0.1800","0","96.1800","7.0000","-0.1700","5","0","0"
"AAD2023.09.02768","346","3293","161","University of Washington","Statistics, Department of","Statistics","16","95.0000","250","36.0000","16","75.0000","15.6300","10.0000","9299","14.0000","16","73.0000","1.0000","1.0000","14","24.0000","35","17.0000","20909500.0000","5.0000","49","15.0000","12","35.0000","7","37.0000","6","20.0000","19","22","5","20","18","0.3800","2.3400","4.0000","98.0900","0.4400","1.0200","21.0000","87.2600","1.0000","0.9000","1.0000","100.0000","15.6300","2.0100","8.0000","95.5400","1.0000","0.8800","1.0000","100.0000","581.1900","2.0700","9.0000","94.9000","37.2000","0.6000","14.0000","91.7200","0.8800","2.4500","1.0000","100.0000","2.1900","2.7700","3.0000","98.7300","1306843.7500","4.7900","1.0000","100.0000","597414.2900","1.5200","8.0000","95.5400","3.0600","2.1500","6.0000","96.8200","0.7500","1.7200","11.0000","93.6300","1.2000","4.0000","98.0900","0.5700","0.9900","-0.1900","0.9800","-0.2100","1.9200","0.5721","1.1500","0.2900","1.2300","2.9000","1.3000","0.7200","-0.4000","78.3400","87.9000","54.1400","85.3500","52.8700","94.2700","100.0000","91.0800","77.0700","91.7200","97.4500","89.8100","77.7100","40.1300","157","7/7/2025 11:42","12","2","6.0000","0.7500","0.1300","100.0000","7.0000","57.0000","38.0000","105.0000","-0.5900","2.2191","-0.0600","0.2000","-0.5600","36.9400","96.1800","64.3300","76.4300","33.7600","11","4","78.3400","35.0000","0.2500","0.2500","88.5400","19.0000","0.9700","4","85.3500","24.0000","0.6500","0","70.7000","47.0000","-0.3400","0.0000","70.7000","47.0000","-0.3700","0","70.7000","47.0000","-0.4800","0.2500","95.5400","8.0000","1.5700","0.0000","70.7000","47.0000","-0.5100","0.0000","96.1800","7.0000","-0.1800","0","96.1800","7.0000","-0.1500","0.0000","96.1800","7.0000","-0.1800","0","96.1800","7.0000","-0.1700","5","0","0"
"AAD2023.09.02768","349","3356","161","University of Wyoming","Mathematics and Statistics, Department of","Statistics","19","73.0000","120","85.0000","16","75.0000","7.5000","81.0000","1050","98.0000","16","73.0000","1.0000","1.0000","7","60.0000","10","69.0000","1256020.0000","90.0000","7","90.0000","6","71.0000","3","71.0000","4","39.0000","19","22","5","20","18","0.2100","0.7600","32.0000","80.2500","0.1600","-0.2600","79.0000","50.3200","0.8400","-0.2500","109.0000","31.2100","6.3200","-0.3200","90.0000","43.3100","0.8400","-0.1700","107.0000","32.4800","55.2600","-0.4500","104.0000","34.3900","8.7500","-0.2900","108.0000","31.8500","0.3700","0.2900","58.0000","63.6900","0.5300","-0.1200","69.0000","56.6900","66106.3200","-0.4800","88.0000","44.5900","125602.0000","-0.5200","112.0000","29.3000","0.3700","-0.4900","100.0000","36.9400","0.3200","-0.1400","78.0000","50.9600","-0.3000","98.0000","38.2200","-0.2500","0.3200","-0.1900","-0.0100","-0.2100","-0.2100","0.5721","-0.4900","-0.3300","-0.4300","-0.5000","-0.2500","-0.3300","-0.1400","55.4100","75.8000","54.1400","62.4200","52.8700","49.0400","100.0000","43.3100","55.4100","38.2200","43.3100","56.6900","46.5000","54.1400","157","7/7/2025 11:42","13","4","3.2500","0.6800","0.2100","69.0000","31.0000","54.0000","42.0000","71.0000","-0.1600","0.6571","-0.0100","0.1200","-0.0400","56.6900","80.8900","66.2400","73.8900","55.4100","11","0","22.9300","122.0000","-0.7800","0.0000","22.9300","122.0000","-1.0900","0","22.9300","122.0000","-0.9600","0","70.7000","47.0000","-0.3400","0.0000","70.7000","47.0000","-0.3700","0","70.7000","47.0000","-0.4800","0.0000","22.9300","122.0000","-1.2200","0.0000","70.7000","47.0000","-0.5100","0.0000","96.1800","7.0000","-0.1800","0","96.1800","7.0000","-0.1500","0.0000","96.1800","7.0000","-0.1800","0","96.1800","7.0000","-0.1700","5","0","0"
"AAD2023.09.02768","34","3387","161","Carnegie Mellon University","Statistics and Data Science, Department of","Statistics","31","22.0000","305","20.0000","30","16.0000","10.1700","48.0000","10356","10.0000","31","14.0000","1.0000","1.0000","16","18.0000","31","23.0000","13079336.0000","13.0000","80","8.0000","20","12.0000","4","64.0000","4","39.0000","19","22","5","20","18","0.1300","-0.0200","76.0000","52.2300","0.1300","-0.3900","89.0000","43.9500","0.9700","0.6600","46.0000","71.3400","9.8400","0.5600","45.0000","71.9700","1.0000","0.8800","1.0000","100.0000","334.0600","0.8900","15.0000","91.0800","33.9500","0.5000","15.0000","91.0800","0.5200","0.9200","36.0000","77.7100","1.0000","0.7000","35.0000","78.3400","421914.0600","1.0300","18.0000","89.1700","421914.0600","0.7600","21.0000","87.2600","2.5800","1.6800","10.0000","94.2700","0.6500","1.2700","22.0000","86.6200","0.8000","11.0000","93.6300","1.6700","0.3200","1.1700","1.2600","1.0700","0.4900","0.5721","2.3700","-0.1700","1.4500","1.5500","1.0500","1.1700","0.9100","92.9900","75.8000","91.7200","89.1700","90.4500","70.0600","100.0000","95.5400","59.8700","94.2700","92.3600","85.9900","87.9000","86.6200","157","7/7/2025 11:42","27","9","3.0000","0.8700","0.2900","21.0000","33.0000","19.0000","35.0000","47.0000","0.9100","0.5151","0.7000","0.3600","0.4400","87.2600","79.6200","88.5400","78.3400","70.7000","11","7","91.7200","14.0000","1.0300","0.2300","83.4400","27.0000","0.7700","4","85.3500","24.0000","0.6500","1","80.8900","31.0000","-0.1300","0.0300","71.9700","45.0000","-0.1500","1","87.9000","20.0000","0.3900","0.1300","57.9600","67.0000","0.2200","0.0300","73.2500","43.0000","0.2400","0.0000","96.1800","7.0000","-0.1800","0","96.1800","7.0000","-0.1500","0.0000","96.1800","7.0000","-0.1800","0","96.1800","7.0000","-0.1700","5","0","0"
"AAD2023.09.02768","363","3673","161","Western Michigan University","Statistics, Department of","Statistics","6","148.0000","12","152.0000","4","151.0000","3.0000","148.0000","48","156.0000","4","151.0000","1.0000","1.0000","0","138.0000","0","138.0000","0.0000","138.0000","0","147.0000","0","147.0000","0","127.0000","0","127.0000","19","22","5","20","18","0.0000","-1.2600","127.0000","19.7500","0.0000","-0.9800","127.0000","19.7500","0.6700","-1.5400","142.0000","10.1900","2.0000","-1.4000","147.0000","7.0100","0.6700","-1.3400","140.0000","11.4700","8.0000","-0.6800","149.0000","5.7300","4.0000","-0.4300","148.0000","6.3700","0.0000","-1.2900","138.0000","12.7400","0.0000","-1.0400","138.0000","12.7400","0.0000","-0.7600","138.0000","12.7400","0.0000","-1.0600","138.0000","12.7400","0.0000","-0.8500","147.0000","7.0100","0.0000","-1.5000","147.0000","7.0100","-1.0000","145.0000","8.2800","-1.0800","-1.0000","-1.2800","-0.9900","-1.3200","-1.4000","0.5721","-0.7700","-0.7900","-0.6400","-0.7200","-0.8700","-1.2000","-1.2800","7.0100","19.7500","4.4600","12.7400","4.4600","6.3700","100.0000","7.0100","19.7500","1.2700","12.7400","12.7400","3.8200","6.3700","157","7/7/2025 11:42","0","0","0.0000","0.0000","0.0000","137.0000","137.0000","137.0000","137.0000","137.0000","-1.0200","-1.1890","-0.6700","-0.7600","-1.3100","13.3800","13.3800","13.3800","13.3800","13.3800","11","0","22.9300","122.0000","-0.7800","0.0000","22.9300","122.0000","-1.0900","0","22.9300","122.0000","-0.9600","0","70.7000","47.0000","-0.3400","0.0000","70.7000","47.0000","-0.3700","0","70.7000","47.0000","-0.4800","0.0000","22.9300","122.0000","-1.2200","0.0000","70.7000","47.0000","-0.5100","0.0000","96.1800","7.0000","-0.1800","0","96.1800","7.0000","-0.1500","0.0000","96.1800","7.0000","-0.1800","0","96.1800","7.0000","-0.1700","5","0","0"
"AAD2023.09.02768","365","3682","161","Wichita State University","Mathematics and Statistics, Department of","Statistics","18","77.0000","75","114.0000","16","75.0000","4.6900","132.0000","252","137.0000","15","79.0000","0.9400","114.0000","3","92.0000","7","82.0000","996632.0000","101.0000","3","116.0000","3","104.0000","0","127.0000","0","127.0000","19","22","5","20","18","0.0000","-1.2600","127.0000","19.7500","0.0000","-0.9800","127.0000","19.7500","0.8900","0.0900","93.0000","41.4000","4.1700","-0.8600","124.0000","21.6600","0.8300","-0.2300","108.0000","31.8500","14.0000","-0.6500","143.0000","9.5500","3.3600","-0.4500","153.0000","3.1800","0.1700","-0.5800","101.0000","36.3100","0.3900","-0.3600","78.0000","50.9600","55368.4400","-0.5200","93.0000","41.4000","142376.0000","-0.4500","99.0000","37.5800","0.1700","-0.6800","123.0000","22.2900","0.1700","-0.7800","116.0000","26.7500","-0.7000","128.0000","19.1100","-0.6700","-1.0000","-0.2800","-0.5700","-0.2100","-0.9500","-0.2166","-0.6500","-0.7900","-0.6000","-0.5400","-0.4300","-0.6900","-0.2300","34.3900","19.7500","50.3200","42.0400","52.8700","16.5600","28.0300","26.7500","19.7500","13.3800","36.3100","48.4100","28.0300","51.5900","157","7/7/2025 11:42","0","0","0.0000","0.0000","0.0000","137.0000","137.0000","137.0000","137.0000","137.0000","-1.0200","-1.1890","-0.6700","-0.7600","-1.3100","13.3800","13.3800","13.3800","13.3800","13.3800","11","1","42.0400","92.0000","-0.5200","0.0600","31.8500","108.0000","-0.6300","1","44.5900","88.0000","-0.5600","0","70.7000","47.0000","-0.3400","0.0000","70.7000","47.0000","-0.3700","0","70.7000","47.0000","-0.4800","0.0600","34.3900","104.0000","-0.6000","0.0000","70.7000","47.0000","-0.5100","0.0000","96.1800","7.0000","-0.1800","0","96.1800","7.0000","-0.1500","0.0000","96.1800","7.0000","-0.1800","0","96.1800","7.0000","-0.1700","5","0","0"
"AAD2023.09.02768","368","3743","161","Yale University","Statistics and Data Science, Department of","Statistics","17","87.0000","140","72.0000","17","70.0000","8.2400","70.0000","8787","15.0000","17","68.0000","1.0000","1.0000","9","44.0000","18","44.0000","6387417.0000","36.0000","57","12.0000","14","25.0000","2","84.0000","2","73.0000","19","22","5","20","18","0.1200","-0.1300","81.0000","49.0400","0.1200","-0.4400","92.0000","42.0400","1.0000","0.9000","1.0000","100.0000","8.2400","0.1600","65.0000","59.2400","1.0000","0.8800","1.0000","100.0000","516.8800","1.7600","10.0000","94.2700","62.7600","1.3900","5.0000","97.4500","0.5300","0.9700","31.0000","80.8900","1.0600","0.8100","33.0000","79.6200","375730.4100","0.8400","23.0000","85.9900","354856.5000","0.4700","32.0000","80.2500","3.3500","2.4300","4.0000","98.0900","0.8200","2.0300","4.0000","98.0900","0.8000","11.0000","93.6300","0.8500","-0.3400","-0.1000","0.2700","-0.1200","-0.0200","0.5721","1.4700","-0.4800","1.1300","0.3900","0.2500","-0.1600","-0.3200","84.7100","54.1400","57.3200","72.6100","56.0500","56.0500","100.0000","92.9900","47.1300","91.0800","77.7100","72.6100","54.7800","45.2200","157","7/7/2025 11:42","25","13","1.9200","1.4700","0.7600","9.0000","69.0000","22.0000","15.0000","1.0000","1.7700","-0.0984","0.6000","1.1200","3.3100","94.9000","56.6900","86.6200","91.0800","100.0000","11","3","68.7900","50.0000","0.0000","0.1800","71.3400","46.0000","0.3700","3","73.2500","43.0000","0.2500","2","87.9000","20.0000","0.0800","0.1200","86.6200","22.0000","0.4100","2","93.6300","11.0000","1.2600","0.1800","77.0700","37.0000","0.7500","0.1200","96.1800","7.0000","2.2200","0.0000","96.1800","7.0000","-0.1800","0","96.1800","7.0000","-0.1500","0.0000","96.1800","7.0000","-0.1800","0","96.1800","7.0000","-0.1700","5","0","0"
"AAD2023.09.02768","48","3911","161","Colorado State University","Statistics, Department of","Statistics","16","95.0000","190","53.0000","16","75.0000","11.8800","24.0000","2399","56.0000","16","73.0000","1.0000","1.0000","9","44.0000","18","44.0000","3313833.0000","57.0000","12","74.0000","6","71.0000","1","102.0000","1","97.0000","19","22","5","20","18","0.0600","-0.6600","111.0000","29.9400","0.0600","-0.6900","114.0000","28.0300","1.0000","0.9000","1.0000","100.0000","11.8800","1.0700","20.0000","87.9000","1.0000","0.8800","1.0000","100.0000","149.9400","0.0000","48.0000","70.0600","12.6300","-0.1700","68.0000","57.3200","0.5600","1.1200","22.0000","86.6200","1.1300","0.9200","29.0000","82.1700","207114.5600","0.1200","48.0000","70.0600","184101.8300","-0.2700","85.0000","46.5000","0.7500","-0.1100","58.0000","63.6900","0.3800","0.1100","64.0000","59.8700","0.5000","32.0000","80.2500","-0.2500","-0.6700","-0.1900","0.2700","-0.2100","0.9400","0.5721","-0.3000","-0.6300","-0.1600","-0.1400","0.2500","0.2400","-0.4000","55.4100","38.8500","54.1400","72.6100","52.8700","85.3500","100.0000","53.5000","35.6700","64.9700","64.3300","72.6100","66.8800","40.1300","157","7/7/2025 11:42","7","2","3.5000","0.4400","0.1300","100.0000","26.0000","76.0000","67.0000","105.0000","-0.5900","0.7991","-0.3100","-0.2000","-0.5600","36.9400","84.0800","52.2300","57.9600","33.7600","11","3","68.7900","50.0000","0.0000","0.1900","73.2500","43.0000","0.4600","3","73.2500","43.0000","0.2500","0","70.7000","47.0000","-0.3400","0.0000","70.7000","47.0000","-0.3700","0","70.7000","47.0000","-0.4800","0.1900","78.9800","34.0000","0.8700","0.0000","70.7000","47.0000","-0.5100","0.0000","96.1800","7.0000","-0.1800","0","96.1800","7.0000","-0.1500","0.0000","96.1800","7.0000","-0.1800","0","96.1800","7.0000","-0.1700","5","0","0"
"AAD2023.09.02768","73","4172","161","Florida State University","Statistics, Department of","Statistics","25","44.0000","207","48.0000","25","33.0000","8.2800","69.0000","2117","62.0000","25","34.0000","1.0000","1.0000","9","44.0000","20","42.0000","4690574.0000","46.0000","18","52.0000","6","71.0000","4","64.0000","3","55.0000","19","22","5","20","18","0.1200","-0.1100","79.0000","50.3200","0.1600","-0.2500","77.0000","51.5900","1.0000","0.9000","1.0000","100.0000","8.2800","0.1700","64.0000","59.8700","1.0000","0.8800","1.0000","100.0000","84.6800","-0.3100","72.0000","54.7800","10.2300","-0.2400","91.0000","42.6800","0.3600","0.2500","60.0000","62.4200","0.8000","0.3600","42.0000","73.8900","187622.9600","0.0400","53.0000","66.8800","234528.7000","-0.0500","66.0000","58.6000","0.7200","-0.1400","61.0000","61.7800","0.2400","-0.4700","99.0000","37.5800","0.4000","39.0000","75.8000","-0.2500","-0.0100","0.6300","0.2700","0.6100","-0.0100","0.5721","-0.0600","-0.1700","-0.2200","0.1000","0.3700","0.3800","0.3800","55.4100","65.6100","78.9800","72.6100","79.6200","56.6900","100.0000","67.5200","59.8700","61.1500","71.3400","73.8900","70.0600","72.6100","157","7/7/2025 11:42","29","8","3.6300","1.1600","0.3200","28.0000","22.0000","17.0000","21.0000","42.0000","0.7000","0.8729","0.8000","0.7200","0.6200","82.8000","86.6200","89.8100","87.2600","73.8900","11","5","83.4400","27.0000","0.5100","0.2000","78.9800","34.0000","0.5600","4","85.3500","24.0000","0.6500","11","94.9000","9.0000","1.9900","0.4400","96.8200","6.0000","2.5200","2","93.6300","11.0000","1.2600","0.1600","70.7000","47.0000","0.5600","0.0800","91.0800","15.0000","1.3500","0.0000","96.1800","7.0000","-0.1800","0","96.1800","7.0000","-0.1500","0.0000","96.1800","7.0000","-0.1800","0","96.1800","7.0000","-0.1700","5","0","0"
"AAD2023.09.02768","79","4202","161","George Mason University","Statistics, Department of","Statistics","20","65.0000","120","85.0000","16","75.0000","7.5000","81.0000","1496","82.0000","15","79.0000","0.9400","114.0000","4","78.0000","8","79.0000","2136753.0000","70.0000","14","68.0000","6","71.0000","3","71.0000","3","55.0000","19","22","5","20","18","0.1500","0.1800","58.0000","63.6900","0.1500","-0.2900","82.0000","48.4100","0.8000","-0.5600","121.0000","23.5700","6.0000","-0.4000","98.0000","38.2200","0.7500","-0.7800","128.0000","19.1100","74.8000","-0.3600","81.0000","49.0400","12.4700","-0.1700","70.0000","56.0500","0.2000","-0.4400","86.0000","45.8600","0.4000","-0.3400","76.0000","52.2300","106837.6500","-0.3000","72.0000","54.7800","267094.1300","0.0900","56.0000","64.9700","0.7000","-0.1600","64.0000","59.8700","0.3000","-0.2100","83.0000","47.7700","-0.2000","85.0000","46.5000","-0.2500","-0.0100","-0.2800","-0.4300","-0.2100","-0.2100","-0.2166","-0.2200","-0.3300","-0.3400","-0.3500","-0.3700","-0.3300","-0.0600","55.4100","65.6100","50.3200","50.9600","52.8700","49.0400","28.0300","57.3200","55.4100","48.4100","56.0500","50.3200","46.5000","59.2400","157","7/7/2025 11:42","4","3","1.3300","0.2000","0.1500","84.0000","94.0000","96.0000","103.0000","93.0000","-0.3800","-0.4335","-0.4700","-0.5000","-0.4100","47.1300","40.7600","39.4900","35.0300","41.4000","11","0","22.9300","122.0000","-0.7800","0.0000","22.9300","122.0000","-1.0900","0","22.9300","122.0000","-0.9600","0","70.7000","47.0000","-0.3400","0.0000","70.7000","47.0000","-0.3700","0","70.7000","47.0000","-0.4800","0.0000","22.9300","122.0000","-1.2200","0.0000","70.7000","47.0000","-0.5100","0.0000","96.1800","7.0000","-0.1800","0","96.1800","7.0000","-0.1500","0.0000","96.1800","7.0000","-0.1800","0","96.1800","7.0000","-0.1700","5","0","0"
"AAD2023.09.02768","83","4225","161","Georgia State University","Mathematics and Statistics, Department of","Statistics","23","50.0000","199","52.0000","21","48.0000","9.4800","57.0000","1760","71.0000","21","46.0000","0.9500","103.0000","12","30.0000","22","37.0000","3628084.0000","56.0000","6","96.0000","3","104.0000","6","44.0000","2","73.0000","19","22","5","20","18","0.0900","-0.4300","102.0000","35.6700","0.2600","0.2200","52.0000","67.5200","0.9100","0.2600","81.0000","49.0400","8.6500","0.2700","58.0000","63.6900","0.9100","0.3000","77.0000","51.5900","76.5200","-0.3500","78.0000","50.9600","8.8400","-0.2800","106.0000","33.1200","0.5200","0.9400","34.0000","78.9800","0.9600","0.6300","39.0000","75.8000","157742.7800","-0.0900","63.0000","60.5100","164912.9100","-0.3500","91.0000","42.6800","0.2600","-0.5900","107.0000","32.4800","0.1300","-0.9400","127.0000","19.7500","0.0000","67.0000","57.9600","-0.6700","-0.3400","0.2600","0.7000","0.2500","0.3100","-0.0015","-0.5300","0.1300","-0.2900","-0.0900","0.4900","0.3100","0.2100","34.3900","54.1400","71.3400","81.5300","70.0600","64.3300","35.0300","39.4900","72.6100","55.4100","64.9700","77.0700","67.5200","68.7900","157","7/7/2025 11:42","21","4","5.2500","0.9100","0.1700","69.0000","12.0000","26.0000","33.0000","86.0000","-0.1600","1.7931","0.4000","0.4100","-0.2600","56.6900","92.9900","84.0800","79.6200","45.8600","11","4","78.3400","35.0000","0.2500","0.1700","68.7900","50.0000","0.3500","4","85.3500","24.0000","0.6500","1","80.8900","31.0000","-0.1300","0.0400","76.4300","38.0000","-0.0800","1","87.9000","20.0000","0.3900","0.1700","75.1600","40.0000","0.7200","0.0400","79.6200","33.0000","0.5000","0.0000","96.1800","7.0000","-0.1800","0","96.1800","7.0000","-0.1500","0.0000","96.1800","7.0000","-0.1800","0","96.1800","7.0000","-0.1700","5","0","0"
"AAD2023.09.02768","87","4273","161","Harvard University","Statistics, Department of","Statistics","15","102.0000","273","26.0000","15","86.0000","18.2000","3.0000","10310","11.0000","15","79.0000","1.0000","1.0000","12","30.0000","34","20.0000","14235151.0000","12.0000","82","6.0000","13","30.0000","7","37.0000","4","39.0000","19","22","5","20","18","0.2700","1.3000","16.0000","90.4500","0.4700","1.1600","17.0000","89.8100","1.0000","0.9000","1.0000","100.0000","18.2000","2.6500","3.0000","98.7300","1.0000","0.8800","1.0000","100.0000","687.3300","2.5800","5.0000","97.4500","37.7700","0.6200","13.0000","92.3600","0.8000","2.1300","5.0000","97.4500","2.2700","2.9100","2.0000","99.3600","949010.0700","3.2700","4.0000","98.0900","418680.9100","0.7500","24.0000","85.3500","5.4700","4.5000","2.0000","99.3600","0.8700","2.2200","2.0000","99.3600","1.3000","2.0000","99.3600","0.7100","0.3200","-0.2800","0.7000","-0.3100","2.6000","0.5721","2.4500","0.2900","1.4400","1.7500","1.2400","0.9100","-0.4900","81.5300","75.8000","50.3200","81.5300","45.8600","98.7300","100.0000","96.8200","77.0700","93.6300","92.9900","87.9000","84.0800","35.6700","157","7/7/2025 11:42","15","8","1.8800","1.0000","0.5300","28.0000","72.0000","43.0000","30.0000","10.0000","0.7000","-0.1211","0.0900","0.5200","1.9100","82.8000","54.7800","73.2500","81.5300","94.2700","11","7","91.7200","14.0000","1.0300","0.4700","98.0900","4.0000","2.7600","4","85.3500","24.0000","0.6500","1","80.8900","31.0000","-0.1300","0.0700","80.2500","32.0000","0.0700","1","87.9000","20.0000","0.3900","0.2700","97.4500","5.0000","1.7500","0.0700","87.2600","21.0000","1.0400","0.0000","96.1800","7.0000","-0.1800","0","96.1800","7.0000","-0.1500","0.0000","96.1800","7.0000","-0.1800","0","96.1800","7.0000","-0.1700","5","0","0"
"AAD2023.09.02768","136","4456","161","Mississippi State University","Mathematics and Statistics, Department of","Statistics","22","55.0000","163","59.0000","18","67.0000","9.0600","62.0000","1367","92.0000","19","58.0000","1.0000","1.0000","4","78.0000","6","87.0000","719162.0000","106.0000","5","99.0000","2","117.0000","0","127.0000","0","127.0000","19","22","5","20","18","0.0000","-1.2600","127.0000","19.7500","0.0000","-0.9800","127.0000","19.7500","0.8200","-0.4300","118.0000","25.4800","7.4100","-0.0400","74.0000","53.5000","0.8600","-0.0200","97.0000","38.8500","62.1400","-0.4200","92.0000","42.0400","8.3900","-0.3000","112.0000","29.3000","0.1800","-0.5100","95.0000","40.1300","0.2700","-0.5600","97.0000","38.8500","32689.1800","-0.6200","110.0000","30.5700","119860.3300","-0.5500","118.0000","25.4800","0.2300","-0.6200","116.0000","26.7500","0.0900","-1.1100","134.0000","15.2900","-0.5000","119.0000","24.8400","-0.8000","-1.0000","0.0800","-0.4300","-0.0300","0.2000","0.5721","-0.5700","-0.7900","-0.3700","-0.5900","-0.4900","0.0200","0.1200","26.1100","19.7500","63.6900","50.9600","57.9600","61.1500","100.0000","37.5800","19.7500","42.0400","33.1200","45.2200","63.0600","65.6100","157","7/7/2025 11:42","9","5","1.8000","0.4100","0.2300","48.0000","76.0000","69.0000","71.0000","66.0000","0.0500","-0.1666","-0.2100","-0.2300","0.0600","70.0600","52.2300","56.6900","55.4100","58.6000","11","1","42.0400","92.0000","-0.5200","0.0500","28.0300","114.0000","-0.7100","1","44.5900","88.0000","-0.5600","0","70.7000","47.0000","-0.3400","0.0000","70.7000","47.0000","-0.3700","0","70.7000","47.0000","-0.4800","0.0500","28.6600","113.0000","-0.7200","0.0000","70.7000","47.0000","-0.5100","0.0000","96.1800","7.0000","-0.1800","0","96.1800","7.0000","-0.1500","0.0000","96.1800","7.0000","-0.1800","0","96.1800","7.0000","-0.1700","5","0","0"
"AAD2023.09.02768","149","4535","161","North Dakota State University","Statistics, Department of","Statistics","5","153.0000","47","133.0000","5","144.0000","9.4000","59.0000","305","135.0000","5","143.0000","1.0000","1.0000","0","138.0000","0","138.0000","0.0000","138.0000","0","147.0000","0","147.0000","0","127.0000","0","127.0000","19","22","5","20","18","0.0000","-1.2600","127.0000","19.7500","0.0000","-0.9800","127.0000","19.7500","1.0000","0.9000","1.0000","100.0000","9.4000","0.4500","51.0000","68.1500","1.0000","0.8800","1.0000","100.0000","61.0000","-0.4200","95.0000","40.1300","6.4900","-0.3600","122.0000","22.9300","0.0000","-1.2900","138.0000","12.7400","0.0000","-1.0400","138.0000","12.7400","0.0000","-0.7600","138.0000","12.7400","0.0000","-1.0600","138.0000","12.7400","0.0000","-0.8500","147.0000","7.0100","0.0000","-1.5000","147.0000","7.0100","-0.1000","76.0000","52.2300","-1.0800","-1.0000","-1.1900","-0.9900","-1.2200","0.2900","0.5721","-0.7700","-0.7900","-0.5800","-0.7200","-0.8700","-0.9200","-1.3700","7.0100","19.7500","9.5500","12.7400","8.9200","63.0600","100.0000","7.0100","19.7500","14.6500","12.7400","12.7400","15.9200","3.1800","157","7/7/2025 11:42","1","1","1.0000","0.2000","0.2000","117.0000","105.0000","119.0000","103.0000","73.0000","-0.8100","-0.6210","-0.6200","-0.5000","-0.1000","26.1100","33.7600","24.8400","35.0300","54.1400","11","0","22.9300","122.0000","-0.7800","0.0000","22.9300","122.0000","-1.0900","0","22.9300","122.0000","-0.9600","0","70.7000","47.0000","-0.3400","0.0000","70.7000","47.0000","-0.3700","0","70.7000","47.0000","-0.4800","0.0000","22.9300","122.0000","-1.2200","0.0000","70.7000","47.0000","-0.5100","0.0000","96.1800","7.0000","-0.1800","0","96.1800","7.0000","-0.1500","0.0000","96.1800","7.0000","-0.1800","0","96.1800","7.0000","-0.1700","5","0","0"
"AAD2023.09.02768","253","4664","161","University of California, Irvine","Statistics, Department of","Statistics","13","119.0000","252","35.0000","13","104.0000","19.3800","1.0000","3763","40.0000","13","104.0000","1.0000","1.0000","7","60.0000","19","43.0000","7419427.0000","31.0000","27","37.0000","8","60.0000","2","84.0000","2","73.0000","19","22","5","20","18","0.1500","0.2200","54.0000","66.2400","0.1500","-0.2700","81.0000","49.0400","1.0000","0.9000","1.0000","100.0000","19.3800","2.9500","1.0000","100.0000","1.0000","0.8800","1.0000","100.0000","289.4600","0.6700","19.0000","88.5400","14.9300","-0.0900","54.0000","66.2400","0.5400","1.0100","27.0000","83.4400","1.4600","1.5100","16.0000","90.4500","570725.1500","1.6600","10.0000","94.2700","390496.1600","0.6200","26.0000","84.0800","2.0800","1.1900","14.0000","91.7200","0.6200","1.1400","27.0000","83.4400","1.0000","8.0000","95.5400","0.0200","-0.3400","-0.4600","-0.0100","-0.4900","2.9100","0.5721","0.2900","-0.4800","0.1100","0.5700","0.3100","0.7400","-0.6700","62.4200","54.1400","34.3900","62.4200","34.3900","100.0000","100.0000","77.0700","47.1300","75.1600","80.8900","73.2500","78.3400","24.8400","157","7/7/2025 11:42","4","2","2.0000","0.3100","0.1500","100.0000","58.0000","96.0000","84.0000","91.0000","-0.5900","-0.0530","-0.4700","-0.3600","-0.3800","36.9400","63.6900","39.4900","47.1300","42.6800","11","2","58.6000","66.0000","-0.2600","0.1500","62.4200","60.0000","0.1800","1","44.5900","88.0000","-0.5600","0","70.7000","47.0000","-0.3400","0.0000","70.7000","47.0000","-0.3700","0","70.7000","47.0000","-0.4800","0.0800","42.0400","92.0000","-0.3700","0.0000","70.7000","47.0000","-0.5100","0.0800","100.0000","1.0000","8.5700","1","99.3600","2.0000","2.1600","0.0800","100.0000","1.0000","7.7700","1","99.3600","2.0000","3.2200","5","0","0"
"AAD2023.09.02768","258","4703","161","University of California, Santa Barbara","Statistics and Applied Probability, Department of","Statistics","17","87.0000","177","55.0000","15","86.0000","11.8000","25.0000","2909","49.0000","15","79.0000","1.0000","1.0000","7","60.0000","12","61.0000","5058522.0000","44.0000","15","65.0000","10","43.0000","6","44.0000","4","39.0000","19","22","5","20","18","0.2400","1.0000","27.0000","83.4400","0.3500","0.6400","33.0000","79.6200","0.8800","0.0400","97.0000","38.8500","10.4100","0.7100","36.0000","77.7100","0.8800","0.1000","88.0000","44.5900","171.1200","0.1100","39.0000","75.8000","16.4400","-0.0500","44.0000","72.6100","0.4100","0.4700","48.0000","70.0600","0.7100","0.1900","51.0000","68.1500","297560.1200","0.5000","30.0000","81.5300","421543.5000","0.7600","22.0000","86.6200","0.8800","0.0200","54.0000","66.2400","0.5900","1.0200","32.0000","80.2500","0.4000","39.0000","75.8000","0.3000","0.3200","-0.2800","-0.0100","-0.3100","0.9200","0.5721","-0.1800","0.1300","-0.0600","0.1600","-0.1200","0.1300","-0.3200","73.2500","75.8000","50.3200","62.4200","45.8600","84.7100","100.0000","59.2400","72.6100","69.4300","72.6100","61.7800","65.6100","45.2200","157","7/7/2025 11:42","5","5","1.0000","0.2900","0.2900","48.0000","105.0000","89.0000","86.0000","46.0000","0.0500","-0.6210","-0.4200","-0.3800","0.4700","70.0600","33.7600","43.9500","45.8600","71.3400","11","2","58.6000","66.0000","-0.2600","0.1200","50.3200","79.0000","-0.1200","2","63.0600","59.0000","-0.1600","0","70.7000","47.0000","-0.3400","0.0000","70.7000","47.0000","-0.3700","0","70.7000","47.0000","-0.4800","0.1200","55.4100","71.0000","0.0900","0.0000","70.7000","47.0000","-0.5100","0.0000","96.1800","7.0000","-0.1800","0","96.1800","7.0000","-0.1500","0.0000","96.1800","7.0000","-0.1800","0","96.1800","7.0000","-0.1700","5","0","0"
"AAD2023.09.02768","261","4742","161","University of Chicago, The","Statistics, Department of","Statistics","28","29.0000","281","25.0000","28","20.0000","10.0400","49.0000","13328","7.0000","28","23.0000","1.0000","1.0000","21","9.0000","49","7.0000","17591704.0000","6.0000","82","6.0000","19","14.0000","6","44.0000","3","55.0000","19","22","5","20","18","0.1100","-0.2300","93.0000","41.4000","0.2100","0.0000","62.0000","61.1500","1.0000","0.9000","1.0000","100.0000","10.0400","0.6100","43.0000","73.2500","1.0000","0.8800","1.0000","100.0000","476.0000","1.5700","11.0000","93.6300","47.4300","0.9200","9.0000","94.9000","0.7500","1.9200","10.0000","94.2700","1.7500","2.0100","8.0000","95.5400","628275.1400","1.9100","8.0000","95.5400","359014.3700","0.4900","31.0000","80.8900","2.9300","2.0200","8.0000","95.5400","0.6800","1.4100","16.0000","90.4500","0.9000","10.0000","94.2700","1.5300","-0.0100","0.9000","1.9600","0.8900","0.4500","0.5721","2.4500","0.1300","2.0500","2.3300","2.1600","0.9700","0.6400","91.7200","65.6100","85.9900","94.9000","87.9000","69.4300","100.0000","96.8200","72.6100","96.1800","96.8200","96.1800","84.7100","82.1700","157","7/7/2025 11:42","17","10","1.7000","0.6100","0.3600","17.0000","80.0000","34.0000","49.0000","29.0000","1.1300","-0.2234","0.1900","0.0200","0.8500","89.8100","49.6800","78.9800","69.4300","82.1700","11","5","83.4400","27.0000","0.5100","0.1800","71.9700","45.0000","0.3800","3","73.2500","43.0000","0.2500","1","80.8900","31.0000","-0.1300","0.0400","74.5200","41.0000","-0.1300","1","87.9000","20.0000","0.3900","0.1100","51.5900","77.0000","-0.0300","0.0400","77.7100","36.0000","0.3200","0.0000","96.1800","7.0000","-0.1800","0","96.1800","7.0000","-0.1500","0.0000","96.1800","7.0000","-0.1800","0","96.1800","7.0000","-0.1700","5","0","0"
"AAD2023.09.02768","274","4815","161","University of Georgia","Statistics, Department of","Statistics","20","65.0000","205","50.0000","20","55.0000","10.2500","46.0000","5239","25.0000","19","58.0000","0.9500","104.0000","7","60.0000","15","50.0000","3936424.0000","50.0000","22","42.0000","7","66.0000","2","84.0000","1","97.0000","19","22","5","20","18","0.0500","-0.7800","118.0000","25.4800","0.1000","-0.5200","102.0000","35.6700","1.0000","0.9000","1.0000","100.0000","10.2500","0.6700","41.0000","74.5200","0.9500","0.5500","62.0000","61.1500","261.9500","0.5400","22.0000","86.6200","25.5600","0.2400","22.0000","86.6200","0.3500","0.2100","62.0000","61.1500","0.7500","0.2700","48.0000","70.0600","196821.2000","0.0800","50.0000","68.7900","262428.2700","0.0700","58.0000","63.6900","1.1000","0.2300","44.0000","72.6100","0.3500","0.0000","66.0000","58.6000","0.3000","47.0000","70.7000","-0.1200","-0.6700","0.0800","-0.0100","0.1500","0.5100","-0.0589","0.0900","-0.4800","0.4100","-0.0300","0.0600","0.3600","-0.0600","58.6000","38.8500","63.6900","62.4200","65.6100","71.3400","34.3900","73.8900","47.1300","84.7100","68.7900","68.7900","68.7900","59.2400","157","7/7/2025 11:42","14","7","2.0000","0.7000","0.3500","36.0000","58.0000","49.0000","40.0000","33.0000","0.4800","-0.0530","0.0400","0.1400","0.8000","77.7100","63.6900","69.4300","75.1600","79.6200","11","0","22.9300","122.0000","-0.7800","0.0000","22.9300","122.0000","-1.0900","0","22.9300","122.0000","-0.9600","0","70.7000","47.0000","-0.3400","0.0000","70.7000","47.0000","-0.3700","0","70.7000","47.0000","-0.4800","0.0000","22.9300","122.0000","-1.2200","0.0000","70.7000","47.0000","-0.5100","0.0000","96.1800","7.0000","-0.1800","0","96.1800","7.0000","-0.1500","0.0000","96.1800","7.0000","-0.1800","0","96.1800","7.0000","-0.1700","5","0","0"
"AAD2023.09.02768","280","4888","161","University of Illinois at Urbana-Champaign","Statistics, Department of","Statistics","22","55.0000","207","48.0000","21","48.0000","9.8600","51.0000","3214","42.0000","21","46.0000","1.0000","1.0000","12","30.0000","22","37.0000","3737088.0000","54.0000","17","57.0000","10","43.0000","0","127.0000","0","127.0000","19","22","5","20","18","0.0000","-1.2600","127.0000","19.7500","0.0000","-0.9800","127.0000","19.7500","0.9500","0.5700","58.0000","63.6900","9.4100","0.4600","50.0000","68.7900","0.9500","0.5800","59.0000","63.0600","146.0900","-0.0100","51.0000","68.1500","15.5300","-0.0800","52.0000","67.5200","0.5500","1.0400","26.0000","84.0800","1.0000","0.7000","35.0000","78.3400","169867.6400","-0.0400","58.0000","63.6900","169867.6400","-0.3300","89.0000","43.9500","0.7700","-0.0900","56.0000","64.9700","0.4500","0.4500","47.0000","70.7000","0.5000","32.0000","80.2500","0.3000","-1.0000","0.2600","0.7000","0.2500","0.4100","0.5721","-0.1000","-0.7900","0.0000","-0.0700","0.4900","0.3800","0.1200","73.2500","19.7500","71.3400","81.5300","70.0600","68.1500","100.0000","64.3300","19.7500","73.8900","66.2400","77.0700","70.0600","65.6100","157","7/7/2025 11:42","24","9","2.6700","1.0900","0.4100","21.0000","44.0000","24.0000","23.0000","21.0000","0.9100","0.3276","0.5500","0.6400","1.1600","87.2600","72.6100","85.3500","85.9900","87.2600","11","3","68.7900","50.0000","0.0000","0.1400","53.5000","74.0000","0.0400","4","85.3500","24.0000","0.6500","0","70.7000","47.0000","-0.3400","0.0000","70.7000","47.0000","-0.3700","0","70.7000","47.0000","-0.4800","0.1800","78.3400","35.0000","0.8100","0.0000","70.7000","47.0000","-0.5100","0.0000","96.1800","7.0000","-0.1800","0","96.1800","7.0000","-0.1500","0.0000","96.1800","7.0000","-0.1800","0","96.1800","7.0000","-0.1700","5","0","0"
"AAD2023.09.02768","288","4909","161","University of Maryland, Baltimore County","Mathematics and Statistics, Department of","Statistics","26","38.0000","152","66.0000","24","35.0000","6.3300","104.0000","1548","80.0000","24","36.0000","0.9600","100.0000","10","39.0000","14","55.0000","2500546.0000","65.0000","11","78.0000","5","82.0000","1","102.0000","1","97.0000","19","22","5","20","18","0.0400","-0.8900","123.0000","22.2900","0.0400","-0.8000","124.0000","21.6600","0.9200","0.3400","77.0000","51.5900","5.8500","-0.4400","101.0000","36.3100","0.9200","0.3700","73.0000","54.1400","59.5400","-0.4300","96.0000","39.4900","10.1800","-0.2400","92.0000","42.0400","0.3800","0.3500","56.0000","64.9700","0.5400","-0.1000","68.0000","57.3200","96174.8500","-0.3500","75.0000","52.8700","178610.4300","-0.2900","87.0000","45.2200","0.4200","-0.4300","93.0000","41.4000","0.1900","-0.6700","113.0000","28.6600","-0.2000","85.0000","46.5000","-0.3900","-0.6700","0.5400","0.4200","0.5200","-0.5200","0.0673","-0.3400","-0.6300","-0.3300","-0.2800","0.0000","-0.0700","0.4700","48.4100","38.8500","77.7100","75.8000","78.3400","34.3900","36.9400","50.9600","35.6700","49.6800","59.2400","65.6100","58.6000","76.4300","157","7/7/2025 11:42","10","5","2.0000","0.3800","0.1900","48.0000","58.0000","67.0000","77.0000","77.0000","0.0500","-0.0530","-0.1600","-0.2700","-0.1500","70.0600","63.6900","57.9600","51.5900","51.5900","11","4","78.3400","35.0000","0.2500","0.1500","62.4200","60.0000","0.1800","5","89.8100","17.0000","1.0500","0","70.7000","47.0000","-0.3400","0.0000","70.7000","47.0000","-0.3700","0","70.7000","47.0000","-0.4800","0.1900","80.8900","31.0000","0.9200","0.0000","70.7000","47.0000","-0.5100","0.0000","96.1800","7.0000","-0.1800","0","96.1800","7.0000","-0.1500","0.0000","96.1800","7.0000","-0.1800","0","96.1800","7.0000","-0.1700","5","0","0"
"AAD2023.09.02768","300","4990","161","University of Michigan","Statistics, Department of","Statistics","22","55.0000","200","51.0000","21","48.0000","9.5200","56.0000","5474","23.0000","21","46.0000","1.0000","1.0000","19","10.0000","36","15.0000","10722068.0000","18.0000","41","22.0000","18","16.0000","3","71.0000","3","55.0000","19","22","5","20","18","0.1400","0.0500","68.0000","57.3200","0.1400","-0.3500","84.0000","47.1300","0.9500","0.5700","58.0000","63.6900","9.0900","0.3800","54.0000","66.2400","0.9500","0.5800","59.0000","63.0600","248.8200","0.4800","26.0000","84.0800","27.3700","0.2900","19.0000","88.5400","0.8600","2.4100","2.0000","99.3600","1.6400","1.8100","12.0000","92.9900","487366.7300","1.3100","14.0000","91.7200","297835.2200","0.2200","50.0000","68.7900","1.8600","0.9800","17.0000","89.8100","0.8200","2.0100","6.0000","96.8200","0.7000","15.0000","91.0800","1.4000","-0.0100","0.2600","1.6800","0.2500","0.3200","0.5721","0.8400","-0.3300","0.4600","1.1400","1.3600","0.3200","0.1200","90.4500","65.6100","71.3400","94.2700","70.0600","64.9700","100.0000","86.6200","55.4100","85.9900","89.1700","91.0800","68.1500","65.6100","157","7/7/2025 11:42","12","6","2.0000","0.5500","0.2700","41.0000","58.0000","57.0000","57.0000","50.0000","0.2700","-0.0530","-0.0600","-0.0600","0.3400","74.5200","63.6900","64.3300","64.3300","68.7900","11","0","22.9300","122.0000","-0.7800","0.0000","22.9300","122.0000","-1.0900","0","22.9300","122.0000","-0.9600","1","80.8900","31.0000","-0.1300","0.0500","77.7100","36.0000","-0.0700","1","87.9000","20.0000","0.3900","0.0000","22.9300","122.0000","-1.2200","0.0500","80.8900","31.0000","0.5500","0.0000","96.1800","7.0000","-0.1800","0","96.1800","7.0000","-0.1500","0.0000","96.1800","7.0000","-0.1800","0","96.1800","7.0000","-0.1700","5","0","0"
"AAD2023.09.02768","301","5082","161","University of Minnesota, Twin Cities","Statistics, School of","Statistics","15","102.0000","135","75.0000","15","86.0000","9.0000","63.0000","1832","68.0000","15","79.0000","1.0000","1.0000","12","30.0000","21","40.0000","6258220.0000","37.0000","16","60.0000","6","71.0000","2","84.0000","2","73.0000","19","22","5","20","18","0.1300","0.0200","69.0000","56.6900","0.1300","-0.3700","85.0000","46.5000","1.0000","0.9000","1.0000","100.0000","9.0000","0.3500","56.0000","64.9700","1.0000","0.8800","1.0000","100.0000","122.1300","-0.1300","57.0000","64.3300","13.5700","-0.1400","63.0000","60.5100","0.8000","2.1300","5.0000","97.4500","1.4000","1.4000","21.0000","87.2600","417214.6700","1.0100","19.0000","88.5400","298010.4800","0.2300","49.0000","69.4300","1.0700","0.2000","47.0000","70.7000","0.4000","0.2200","59.0000","63.0600","0.6000","18.0000","89.1700","-0.2500","-0.3400","-0.2800","0.7000","-0.3100","0.1800","0.5721","-0.1400","-0.4800","-0.2800","0.3700","0.4300","-0.2000","-0.4900","55.4100","54.1400","50.3200","81.5300","45.8600","60.5100","100.0000","62.4200","47.1300","57.3200","77.0700","75.1600","52.8700","35.6700","157","7/7/2025 11:42","21","3","7.0000","1.4000","0.2000","84.0000","4.0000","26.0000","17.0000","73.0000","-0.3800","2.7871","0.4000","1.0300","-0.1000","47.1300","98.0900","84.0800","89.8100","54.1400","11","1","42.0400","92.0000","-0.5200","0.0700","35.6700","102.0000","-0.5400","1","44.5900","88.0000","-0.5600","0","70.7000","47.0000","-0.3400","0.0000","70.7000","47.0000","-0.3700","0","70.7000","47.0000","-0.4800","0.0700","37.5800","99.0000","-0.4800","0.0000","70.7000","47.0000","-0.5100","0.0000","96.1800","7.0000","-0.1800","0","96.1800","7.0000","-0.1500","0.0000","96.1800","7.0000","-0.1800","0","96.1800","7.0000","-0.1700","5","0","0"
"AAD2023.09.02768","316","5130","161","University of North Carolina at Chapel Hill","Statistics and Operations Research, Department of","Statistics","26","38.0000","248","37.0000","25","33.0000","9.9200","50.0000","6526","21.0000","26","29.0000","1.0000","1.0000","15","21.0000","35","17.0000","16121846.0000","10.0000","22","42.0000","11","38.0000","7","37.0000","5","28.0000","19","22","5","20","18","0.1900","0.5900","39.0000","75.8000","0.2700","0.2500","47.0000","70.7000","0.9600","0.6200","52.0000","67.5200","9.5400","0.4900","47.0000","70.7000","1.0000","0.8800","1.0000","100.0000","251.0000","0.4900","25.0000","84.7100","26.3100","0.2600","20.0000","87.9000","0.5800","1.1800","19.0000","88.5400","1.3500","1.3100","23.0000","85.9900","620071.0000","1.8700","9.0000","94.9000","460624.1700","0.9300","17.0000","89.8100","0.8500","-0.0200","55.0000","65.6100","0.4200","0.3200","57.0000","64.3300","0.6000","18.0000","89.1700","0.4300","0.6500","0.7200","1.1200","0.6100","0.4200","0.5721","0.0900","0.2900","0.6700","2.0700","1.3000","0.7100","0.4700","76.4300","82.8000","82.1700","87.2600","79.6200","68.7900","100.0000","73.8900","77.0700","87.2600","94.2700","89.8100","77.0700","76.4300","157","7/7/2025 11:42","17","13","1.3100","0.6500","0.5000","9.0000","99.0000","34.0000","45.0000","11.0000","1.7700","-0.4449","0.1900","0.0800","1.7100","94.9000","37.5800","78.9800","71.9700","93.6300","11","2","58.6000","66.0000","-0.2600","0.0800","38.8500","97.0000","-0.4500","2","63.0600","59.0000","-0.1600","5","92.9900","12.0000","0.7200","0.1900","92.9900","12.0000","0.9000","4","97.4500","5.0000","3.0100","0.0800","42.0400","92.0000","-0.3700","0.1500","97.4500","5.0000","3.0600","0.0000","96.1800","7.0000","-0.1800","0","96.1800","7.0000","-0.1500","0.0000","96.1800","7.0000","-0.1800","0","96.1800","7.0000","-0.1700","5","0","0"
"AAD2023.09.02768","326","5179","161","University of Pennsylvania","Statistics, Department of","Statistics","18","77.0000","302","21.0000","17","70.0000","17.7600","4.0000","7129","17.0000","17","68.0000","1.0000","1.0000","10","39.0000","27","29.0000","8458737.0000","25.0000","33","31.0000","12","35.0000","1","102.0000","1","97.0000","19","22","5","20","18","0.0600","-0.7300","115.0000","27.3900","0.0600","-0.7200","118.0000","25.4800","0.9400","0.4900","62.0000","61.1500","16.7800","2.3000","5.0000","97.4500","0.9400","0.5100","64.0000","59.8700","396.0600","1.1800","13.0000","92.3600","23.6100","0.1800","23.0000","85.9900","0.5600","1.0900","24.0000","85.3500","1.5000","1.5700","15.0000","91.0800","469929.8300","1.2400","16.0000","90.4500","313286.5600","0.2900","40.0000","75.1600","1.8300","0.9500","20.0000","87.9000","0.6700","1.3600","17.0000","89.8100","1.0000","8.0000","95.5400","0.5700","-0.6700","-0.1000","0.4200","-0.1200","2.4800","0.5721","0.5300","-0.6300","0.7900","0.7500","0.8000","1.1400","-0.2300","78.3400","38.8500","57.3200","75.8000","56.0500","98.0900","100.0000","80.8900","35.6700","89.8100","84.7100","82.1700","87.2600","51.5900","157","7/7/2025 11:42","14","8","1.7500","0.7800","0.4400","28.0000","77.0000","49.0000","37.0000","15.0000","0.7000","-0.1950","0.0400","0.2400","1.3800","82.8000","51.5900","69.4300","77.0700","91.0800","11","1","42.0400","92.0000","-0.5200","0.0600","31.8500","108.0000","-0.6300","1","44.5900","88.0000","-0.5600","2","87.9000","20.0000","0.0800","0.1100","85.9900","23.0000","0.3600","1","87.9000","20.0000","0.3900","0.0600","34.3900","104.0000","-0.6000","0.0600","84.7100","25.0000","0.7800","0.0000","96.1800","7.0000","-0.1800","0","96.1800","7.0000","-0.1500","0.0000","96.1800","7.0000","-0.1800","0","96.1800","7.0000","-0.1700","5","0","0"
"AAD2023.09.02768","327","5228","161","University of Pittsburgh","Statistics, Department of","Statistics","9","134.0000","118","87.0000","9","128.0000","13.1100","17.0000","1437","85.0000","9","126.0000","1.0000","1.0000","5","74.0000","10","69.0000","1393588.0000","85.0000","2","127.0000","2","117.0000","0","127.0000","0","127.0000","19","22","5","20","18","0.0000","-1.2600","127.0000","19.7500","0.0000","-0.9800","127.0000","19.7500","1.0000","0.9000","1.0000","100.0000","13.1100","1.3800","14.0000","91.7200","1.0000","0.8800","1.0000","100.0000","159.6700","0.0500","42.0000","73.8900","12.1800","-0.1800","75.0000","52.8700","0.5600","1.0900","24.0000","85.3500","1.1100","0.9000","30.0000","81.5300","154843.1100","-0.1000","64.0000","59.8700","139358.8000","-0.4600","101.0000","36.3100","0.2200","-0.6300","117.0000","26.1100","0.2200","-0.5400","105.0000","33.7600","0.5000","32.0000","80.2500","-0.8000","-1.0000","-0.8300","-0.2900","-0.8600","1.2600","0.5721","-0.6900","-0.7900","-0.3600","-0.4700","-0.2500","-0.3400","-1.0200","26.1100","19.7500","20.3800","53.5000","19.1100","89.8100","100.0000","19.7500","19.7500","46.5000","46.5000","56.6900","45.2200","15.2900","157","7/7/2025 11:42","4","2","2.0000","0.4400","0.2200","100.0000","58.0000","96.0000","66.0000","67.0000","-0.5900","-0.0530","-0.4700","-0.1900","0.0300","36.9400","63.6900","39.4900","58.6000","57.9600","11","0","22.9300","122.0000","-0.7800","0.0000","22.9300","122.0000","-1.0900","0","22.9300","122.0000","-0.9600","0","70.7000","47.0000","-0.3400","0.0000","70.7000","47.0000","-0.3700","0","70.7000","47.0000","-0.4800","0.0000","22.9300","122.0000","-1.2200","0.0000","70.7000","47.0000","-0.5100","0.0000","96.1800","7.0000","-0.1800","0","96.1800","7.0000","-0.1500","0.0000","96.1800","7.0000","-0.1800","0","96.1800","7.0000","-0.1700","5","0","0"
"AAD2023.09.02768","49","5503","161","Columbia University","Statistics, Department of","Statistics","32","18.0000","336","14.0000","32","13.0000","10.5000","43.0000","19162","4.0000","32","13.0000","1.0000","1.0000","18","11.0000","45","8.0000","15006273.0000","11.0000","95","4.0000","21","9.0000","8","28.0000","5","28.0000","19","22","5","20","18","0.1600","0.2400","53.0000","66.8800","0.2500","0.1700","53.0000","66.8800","1.0000","0.9000","1.0000","100.0000","10.5000","0.7300","34.0000","78.9800","1.0000","0.8800","1.0000","100.0000","598.8100","2.1600","8.0000","95.5400","57.0300","1.2100","6.0000","96.8200","0.5600","1.1200","22.0000","86.6200","1.4100","1.4100","20.0000","87.9000","468946.0300","1.2300","17.0000","89.8100","333472.7300","0.3800","37.0000","77.0700","2.9700","2.0600","7.0000","96.1800","0.6600","1.3200","20.0000","87.9000","0.6000","18.0000","89.1700","1.8100","0.6500","1.2600","1.5400","1.2600","0.5700","0.5721","2.9600","0.4400","3.2300","1.8800","1.9200","1.4200","0.9900","94.9000","82.8000","92.3600","93.6300","92.3600","73.2500","100.0000","98.0900","82.8000","98.0900","93.6300","95.5400","91.7200","89.1700","157","7/7/2025 11:42","27","8","3.3800","0.8400","0.2500","28.0000","29.0000","19.0000","36.0000","57.0000","0.7000","0.7309","0.7000","0.3200","0.2000","82.8000","82.1700","88.5400","77.7100","64.3300","11","4","78.3400","35.0000","0.2500","0.1300","52.2300","76.0000","-0.0600","3","73.2500","43.0000","0.2500","3","89.8100","17.0000","0.2900","0.0900","82.1700","29.0000","0.2500","1","87.9000","20.0000","0.3900","0.0900","49.0400","81.0000","-0.1800","0.0300","72.6100","44.0000","0.2200","0.0000","96.1800","7.0000","-0.1800","0","96.1800","7.0000","-0.1500","0.0000","96.1800","7.0000","-0.1800","0","96.1800","7.0000","-0.1700","5","0","0"
"AAD2023.09.02768","80","5570","161","George Washington University","Statistics, Department of","Statistics","17","87.0000","161","61.0000","17","70.0000","9.4700","58.0000","1463","84.0000","16","73.0000","0.9400","111.0000","4","78.0000","6","87.0000","485781.0000","115.0000","31","32.0000","11","38.0000","1","102.0000","1","97.0000","19","22","5","20","18","0.0600","-0.7000","114.0000","28.0300","0.0600","-0.7100","117.0000","26.1100","1.0000","0.9000","1.0000","100.0000","9.4700","0.4700","48.0000","70.0600","0.9400","0.4900","65.0000","59.2400","86.0600","-0.3000","71.0000","55.4100","9.0900","-0.2800","104.0000","34.3900","0.2400","-0.2800","78.0000","50.9600","0.3500","-0.4200","82.0000","48.4100","28575.3500","-0.6400","116.0000","26.7500","80963.5000","-0.7100","129.0000","18.4700","1.8200","0.9400","21.0000","87.2600","0.6500","1.2800","21.0000","87.2600","0.1000","59.0000","63.0600","0.4300","-0.6700","-0.1900","-0.4300","-0.1200","0.3000","-0.1702","0.4500","-0.6300","-0.3500","-0.6300","-0.4900","0.0100","-0.3200","76.4300","38.8500","54.1400","50.9600","56.0500","63.6900","29.9400","80.2500","35.6700","47.1300","27.3900","45.2200","61.7800","45.2200","157","7/7/2025 11:42","16","3","5.3300","0.9400","0.1800","84.0000","10.0000","37.0000","31.0000","84.0000","-0.3800","1.8385","0.1400","0.4400","-0.2500","47.1300","94.2700","77.0700","80.8900","47.1300","11","3","68.7900","50.0000","0.0000","0.1800","71.3400","46.0000","0.3700","4","85.3500","24.0000","0.6500","0","70.7000","47.0000","-0.3400","0.0000","70.7000","47.0000","-0.3700","0","70.7000","47.0000","-0.4800","0.2400","91.0800","15.0000","1.4000","0.0000","70.7000","47.0000","-0.5100","0.0000","96.1800","7.0000","-0.1800","0","96.1800","7.0000","-0.1500","0.0000","96.1800","7.0000","-0.1800","0","96.1800","7.0000","-0.1700","5","0","0"
"AAD2023.09.02768","99","5723","161","Iowa State University","Statistics and Statistical Laboratory, Department of","Statistics","28","29.0000","259","31.0000","27","26.0000","9.5900","55.0000","2827","51.0000","27","27.0000","1.0000","1.0000","5","74.0000","9","75.0000","2093235.0000","71.0000","35","30.0000","14","25.0000","6","44.0000","6","20.0000","19","22","5","20","18","0.2100","0.8000","31.0000","80.8900","0.2100","0.0000","62.0000","61.1500","0.9600","0.6400","49.0000","69.4300","9.2500","0.4200","53.0000","66.8800","0.9600","0.6500","52.0000","67.5200","100.9600","-0.2300","63.0000","60.5100","10.9200","-0.2200","83.0000","47.7700","0.1800","-0.5300","97.0000","38.8500","0.3200","-0.4800","86.0000","45.8600","74758.3900","-0.4400","85.0000","46.5000","232581.6700","-0.0600","68.0000","57.3200","1.2500","0.3800","38.0000","76.4300","0.5000","0.6500","41.0000","74.5200","0.4000","39.0000","75.8000","0.8500","0.9900","0.8100","-0.2900","0.8000","0.3400","0.5721","0.6000","0.1300","-0.0800","-0.3500","-0.3100","0.8000","0.6400","84.7100","87.9000","83.4400","53.5000","84.0800","65.6100","100.0000","81.5300","72.6100","68.1500","55.4100","52.8700","80.8900","82.1700","157","7/7/2025 11:42","7","2","3.5000","0.2500","0.0700","100.0000","26.0000","76.0000","94.0000","125.0000","-0.5900","0.7991","-0.3100","-0.4400","-0.8800","36.9400","84.0800","52.2300","40.7600","21.0200","11","8","94.9000","9.0000","1.2900","0.2900","92.9900","12.0000","1.2700","6","94.9000","9.0000","1.4500","1","80.8900","31.0000","-0.1300","0.0400","74.5200","41.0000","-0.1300","1","87.9000","20.0000","0.3900","0.2100","87.2600","21.0000","1.1700","0.0400","77.7100","36.0000","0.3200","0.0000","96.1800","7.0000","-0.1800","0","96.1800","7.0000","-0.1500","0.0000","96.1800","7.0000","-0.1800","0","96.1800","7.0000","-0.1700","5","0","0"
"AAD2023.09.02768","20","5750","161","Baylor University","Statistical Sciences, Department of","Statistics","12","123.0000","78","110.0000","12","115.0000","6.5000","100.0000","745","108.0000","12","112.0000","1.0000","1.0000","2","106.0000","2","116.0000","1000437.0000","100.0000","5","99.0000","4","93.0000","2","84.0000","2","73.0000","19","22","5","20","18","0.1700","0.3400","50.0000","68.7900","0.1700","-0.2200","73.0000","54.1400","1.0000","0.9000","1.0000","100.0000","6.5000","-0.2700","87.0000","45.2200","1.0000","0.8800","1.0000","100.0000","62.0800","-0.4200","93.0000","41.4000","9.5500","-0.2600","98.0000","38.2200","0.1700","-0.5800","101.0000","36.3100","0.1700","-0.7500","110.0000","30.5700","83369.7500","-0.4000","79.0000","50.3200","500218.5000","1.1000","13.0000","92.3600","0.4200","-0.4400","94.0000","40.7600","0.3300","-0.0700","67.0000","57.9600","-0.1000","76.0000","52.2300","-0.5300","-0.3400","-0.5600","-0.7100","-0.5800","-0.4800","0.5721","-0.5700","-0.4800","-0.5000","-0.5400","-0.7400","-0.6700","-0.7500","41.4000","54.1400","29.3000","33.1200","27.3900","36.9400","100.0000","37.5800","47.1300","31.8500","36.9400","26.7500","30.5700","22.2900","157","7/7/2025 11:42","0","0","0.0000","0.0000","0.0000","137.0000","137.0000","137.0000","137.0000","137.0000","-1.0200","-1.1890","-0.6700","-0.7600","-1.3100","13.3800","13.3800","13.3800","13.3800","13.3800","11","2","58.6000","66.0000","-0.2600","0.1700","67.5200","52.0000","0.2900","3","73.2500","43.0000","0.2500","0","70.7000","47.0000","-0.3400","0.0000","70.7000","47.0000","-0.3700","0","70.7000","47.0000","-0.4800","0.2500","95.5400","8.0000","1.5700","0.0000","70.7000","47.0000","-0.5100","0.0000","96.1800","7.0000","-0.1800","0","96.1800","7.0000","-0.1500","0.0000","96.1800","7.0000","-0.1800","0","96.1800","7.0000","-0.1700","5","0","0"
"AAD2023.09.02768","45","5863","161","Cleveland State University","Mathematics and Statistics, Department of","Statistics","21","60.0000","118","87.0000","16","75.0000","7.3800","89.0000","5012","27.0000","15","79.0000","0.9400","114.0000","4","78.0000","5","91.0000","616221.0000","110.0000","3","116.0000","2","117.0000","9","25.0000","4","39.0000","19","22","5","20","18","0.1900","0.5700","41.0000","74.5200","0.4300","0.9800","22.0000","86.6200","0.7600","-0.8400","129.0000","18.4700","5.6200","-0.4900","102.0000","35.6700","0.7100","-1.0200","134.0000","15.2900","238.6700","0.4300","28.0000","82.8000","42.4700","0.7600","11.0000","93.6300","0.1900","-0.4800","92.0000","42.0400","0.2400","-0.6200","101.0000","36.3100","29343.8600","-0.6300","115.0000","27.3900","123244.2000","-0.5300","116.0000","26.7500","0.1400","-0.7100","132.0000","16.5600","0.1000","-1.0900","133.0000","15.9200","-0.4000","109.0000","31.2100","-0.8000","0.3200","-0.2800","-0.4300","-0.2100","-0.2500","-0.2166","-0.6500","0.6000","0.3700","-0.6100","-0.5600","-0.3400","0.0300","26.1100","75.8000","50.3200","50.9600","52.8700","43.9500","28.0300","26.7500","84.7100","83.4400","30.5700","42.6800","45.2200","62.4200","157","7/7/2025 11:42","1","1","1.0000","0.0500","0.0500","117.0000","105.0000","119.0000","135.0000","135.0000","-0.8100","-0.6210","-0.6200","-0.7000","-1.0200","26.1100","33.7600","24.8400","14.6500","14.6500","11","3","68.7900","50.0000","0.0000","0.1400","58.6000","66.0000","0.0900","1","44.5900","88.0000","-0.5600","0","70.7000","47.0000","-0.3400","0.0000","70.7000","47.0000","-0.3700","0","70.7000","47.0000","-0.4800","0.0500","30.5700","110.0000","-0.6900","0.0000","70.7000","47.0000","-0.5100","0.0000","96.1800","7.0000","-0.1800","0","96.1800","7.0000","-0.1500","0.0000","96.1800","7.0000","-0.1800","0","96.1800","7.0000","-0.1700","5","0","0"
"AAD2023.09.02768","119","6283","161","Marquette University","Mathematical and Statistical Sciences, Department of","Statistics","16","95.0000","144","71.0000","14","93.0000","10.2900","45.0000","1748","72.0000","14","92.0000","0.9300","121.0000","4","78.0000","8","79.0000","1545806.0000","82.0000","4","109.0000","4","93.0000","12","15.0000","4","39.0000","19","22","5","20","18","0.2500","1.1400","22.0000","86.6200","0.7500","2.4500","5.0000","97.4500","0.8800","-0.0100","99.0000","37.5800","9.0000","0.3500","56.0000","64.9700","0.8800","0.0500","91.0000","42.6800","109.2500","-0.1900","60.0000","62.4200","12.1400","-0.1800","76.0000","52.2300","0.2500","-0.2200","75.0000","52.8700","0.5000","-0.1700","72.0000","54.7800","96612.8800","-0.3500","74.0000","53.5000","193225.7500","-0.2300","81.0000","49.0400","0.2500","-0.6000","109.0000","31.2100","0.2500","-0.4200","95.0000","40.1300","-0.2000","85.0000","46.5000","-0.5300","0.3200","-0.3700","-0.4300","-0.4000","0.5200","-0.2692","-0.6100","1.0600","-0.2900","-0.4500","-0.3700","-0.1300","-0.4000","41.4000","75.8000","42.0400","50.9600","41.4000","71.9700","23.5700","31.2100","91.0800","54.7800","48.4100","50.3200","55.4100","40.1300","157","7/7/2025 11:42","11","4","2.7500","0.6900","0.2500","69.0000","43.0000","60.0000","41.0000","57.0000","-0.1600","0.3730","-0.1100","0.1200","0.2000","56.6900","73.2500","62.4200","74.5200","64.3300","11","2","58.6000","66.0000","-0.2600","0.1300","52.2300","76.0000","-0.0600","2","63.0600","59.0000","-0.1600","0","70.7000","47.0000","-0.3400","0.0000","70.7000","47.0000","-0.3700","0","70.7000","47.0000","-0.4800","0.1300","57.3200","68.0000","0.1700","0.0000","70.7000","47.0000","-0.5100","0.0000","96.1800","7.0000","-0.1800","0","96.1800","7.0000","-0.1500","0.0000","96.1800","7.0000","-0.1800","0","96.1800","7.0000","-0.1700","5","0","0"
"AAD2023.09.02768","132","6372","161","Michigan State University","Statistics and Probability, Department of","Statistics","21","60.0000","242","38.0000","20","55.0000","12.1000","22.0000","3424","41.0000","19","58.0000","0.9500","104.0000","11","35.0000","24","34.0000","5337313.0000","40.0000","19","51.0000","9","55.0000","6","44.0000","3","55.0000","19","22","5","20","18","0.1400","0.1100","63.0000","60.5100","0.2900","0.3300","44.0000","72.6100","0.9500","0.5500","60.0000","62.4200","11.5200","0.9800","24.0000","85.3500","0.9000","0.2500","81.0000","49.0400","163.0500","0.0700","40.0000","75.1600","14.1500","-0.1200","60.0000","62.4200","0.5200","0.9500","32.0000","80.2500","1.1400","0.9500","28.0000","82.8000","254157.7600","0.3200","38.0000","76.4300","222388.0400","-0.1000","73.0000","54.1400","0.9000","0.0400","52.0000","67.5200","0.4300","0.3400","53.0000","66.8800","0.4000","39.0000","75.8000","0.1600","-0.0100","0.0800","0.5600","0.1500","1.0000","-0.0589","-0.0200","0.1300","0.0500","0.2100","0.6200","0.6600","0.0300","65.6100","65.6100","63.6900","78.3400","65.6100","86.6200","34.3900","68.1500","72.6100","74.5200","75.1600","78.9800","76.4300","62.4200","157","7/7/2025 11:42","6","4","1.5000","0.2900","0.1900","69.0000","86.0000","83.0000","87.0000","79.0000","-0.1600","-0.3370","-0.3600","-0.3900","-0.1600","56.6900","45.8600","47.7700","45.2200","50.3200","11","1","42.0400","92.0000","-0.5200","0.0500","29.3000","112.0000","-0.7000","1","44.5900","88.0000","-0.5600","0","70.7000","47.0000","-0.3400","0.0000","70.7000","47.0000","-0.3700","0","70.7000","47.0000","-0.4800","0.0500","30.5700","110.0000","-0.6900","0.0000","70.7000","47.0000","-0.5100","0.0000","96.1800","7.0000","-0.1800","0","96.1800","7.0000","-0.1500","0.0000","96.1800","7.0000","-0.1800","0","96.1800","7.0000","-0.1700","5","0","0"
"AAD2023.09.02768","150","6467","161","Northeastern University","Mathematics, Department of","Statistics","36","13.0000","240","39.0000","32","13.0000","7.5000","81.0000","2704","52.0000","31","14.0000","0.9400","113.0000","17","14.0000","36","15.0000","6656131.0000","33.0000","27","37.0000","13","30.0000","12","15.0000","10","5.0000","19","22","5","20","18","0.2800","1.4100","14.0000","91.7200","0.3300","0.5500","35.0000","78.3400","0.8900","0.0900","93.0000","41.4000","6.6700","-0.2300","85.0000","46.5000","0.8600","-0.0400","98.0000","38.2200","75.1100","-0.3600","80.0000","49.6800","11.2700","-0.2100","80.0000","49.6800","0.4700","0.7300","41.0000","74.5200","1.0000","0.7000","35.0000","78.3400","184892.5300","0.0300","55.0000","65.6100","184892.5300","-0.2600","84.0000","47.1300","0.7500","-0.1100","58.0000","63.6900","0.3600","0.0500","65.0000","59.2400","0.0000","67.0000","57.9600","0.7100","2.3100","1.1700","1.4000","1.2600","-0.2100","-0.1927","0.2900","1.0600","-0.1000","0.4400","1.3600","0.6400","1.3400","81.5300","97.4500","91.7200","91.7200","92.3600","49.0400","28.6600","77.0700","91.0800","67.5200","79.6200","91.0800","75.8000","92.3600","157","7/7/2025 11:42","51","6","8.5000","1.4200","0.1700","41.0000","2.0000","7.0000","16.0000","88.0000","0.2700","3.6391","1.9200","1.0500","-0.3000","74.5200","99.3600","96.1800","90.4500","44.5900","11","5","83.4400","27.0000","0.5100","0.1400","54.1400","73.0000","0.0600","5","89.8100","17.0000","1.0500","4","91.0800","15.0000","0.5100","0.1100","85.9900","23.0000","0.3600","1","87.9000","20.0000","0.3900","0.1400","59.8700","64.0000","0.3300","0.0300","71.9700","45.0000","0.1400","0.0000","96.1800","7.0000","-0.1800","0","96.1800","7.0000","-0.1500","0.0000","96.1800","7.0000","-0.1800","0","96.1800","7.0000","-0.1700","5","0","0"
"AAD2023.09.02768","159","6548","161","Old Dominion University","Mathematics and Statistics, Department of","Statistics","24","48.0000","163","59.0000","20","55.0000","8.1500","72.0000","1372","91.0000","19","58.0000","0.9500","104.0000","8","52.0000","13","57.0000","1441249.0000","84.0000","9","86.0000","8","60.0000","8","28.0000","5","28.0000","19","22","5","20","18","0.2100","0.7400","33.0000","79.6200","0.3300","0.5500","35.0000","78.3400","0.8300","-0.3200","111.0000","29.9400","6.7900","-0.2000","83.0000","47.7700","0.7900","-0.5000","119.0000","24.8400","57.1700","-0.4400","98.0000","38.2200","8.4200","-0.3000","110.0000","30.5700","0.3300","0.1400","64.0000","59.8700","0.5400","-0.0900","67.0000","57.9600","60052.0400","-0.5000","92.0000","42.0400","110865.3100","-0.5800","120.0000","24.2000","0.3800","-0.4800","99.0000","37.5800","0.3300","-0.0700","67.0000","57.9600","-0.2000","85.0000","46.5000","0.0200","0.6500","0.0800","0.1300","0.1500","-0.0400","-0.0589","-0.4200","0.4400","-0.3700","-0.4700","-0.0600","0.0200","0.2900","62.4200","82.8000","63.6900","67.5200","65.6100","54.7800","34.3900","45.8600","82.8000","42.6800","47.1300","64.3300","63.0600","70.0600","157","7/7/2025 11:42","11","5","2.2000","0.4600","0.2100","48.0000","53.0000","60.0000","65.0000","72.0000","0.0500","0.0606","-0.1100","-0.1700","-0.0500","70.0600","66.8800","62.4200","59.2400","54.7800","11","2","58.6000","66.0000","-0.2600","0.0800","41.4000","93.0000","-0.4000","2","63.0600","59.0000","-0.1600","1","80.8900","31.0000","-0.1300","0.0400","75.8000","39.0000","-0.0900","1","87.9000","20.0000","0.3900","0.0800","45.2200","87.0000","-0.2900","0.0400","78.9800","34.0000","0.4600","0.0000","96.1800","7.0000","-0.1800","0","96.1800","7.0000","-0.1500","0.0000","96.1800","7.0000","-0.1800","0","96.1800","7.0000","-0.1700","5","0","0"
"AAD2023.09.02768","177","6698","161","Rutgers - New Brunswick","Statistics, Department of","Statistics","28","29.0000","261","30.0000","27","26.0000","9.6700","53.0000","4357","35.0000","28","23.0000","1.0000","1.0000","22","7.0000","40","11.0000","8116266.0000","28.0000","37","25.0000","16","21.0000","5","59.0000","4","39.0000","19","22","5","20","18","0.1400","0.1100","63.0000","60.5100","0.1800","-0.1600","70.0000","56.0500","0.9600","0.6400","49.0000","69.4300","9.3200","0.4300","52.0000","67.5200","1.0000","0.8800","1.0000","100.0000","155.6100","0.0300","44.0000","72.6100","16.6900","-0.0400","41.0000","74.5200","0.7900","2.0700","8.0000","95.5400","1.4300","1.4500","18.0000","89.1700","289866.6400","0.4700","31.0000","80.8900","202906.6500","-0.1900","79.0000","50.3200","1.3200","0.4500","35.0000","78.3400","0.5700","0.9500","33.0000","79.6200","0.5000","32.0000","80.2500","1.1200","0.3200","0.9000","2.1000","0.8000","0.3600","0.5721","0.6800","-0.0200","0.2300","0.6900","1.6100","0.8100","0.6400","87.2600","75.8000","85.9900","96.1800","84.0800","66.8800","100.0000","84.7100","63.0600","78.3400","82.8000","93.6300","81.5300","82.1700","157","7/7/2025 11:42","8","4","2.0000","0.2900","0.1400","69.0000","58.0000","73.0000","87.0000","94.0000","-0.1600","-0.0530","-0.2600","-0.3900","-0.4500","56.6900","63.6900","54.1400","45.2200","40.7600","11","7","91.7200","14.0000","1.0300","0.2500","88.5400","19.0000","0.9700","6","94.9000","9.0000","1.4500","1","80.8900","31.0000","-0.1300","0.0400","74.5200","41.0000","-0.1300","1","87.9000","20.0000","0.3900","0.2100","87.2600","21.0000","1.1700","0.0400","77.7100","36.0000","0.3200","0.0400","98.0900","4.0000","3.8800","1","99.3600","2.0000","2.1600","0.0400","98.0900","4.0000","3.5100","1","99.3600","2.0000","3.2200","5","0","0"
"AAD2023.09.02768","205","6708","161","Stony Brook University, State University of New York","Applied Mathematics and Statistics, Department of","Statistics","27","35.0000","290","23.0000","26","29.0000","11.1500","31.0000","6600","20.0000","26","29.0000","1.0000","1.0000","14","24.0000","33","21.0000","12840898.0000","15.0000","18","52.0000","8","60.0000","6","44.0000","4","39.0000","19","22","5","20","18","0.1500","0.1600","62.0000","61.1500","0.2200","0.0400","59.0000","63.0600","0.9600","0.6300","51.0000","68.1500","10.7400","0.7900","31.0000","80.8900","0.9600","0.6400","54.0000","66.2400","244.4400","0.4600","27.0000","83.4400","22.7600","0.1500","24.0000","85.3500","0.5200","0.9300","35.0000","78.3400","1.2200","1.0900","26.0000","84.0800","475588.8100","1.2600","15.0000","91.0800","389118.1200","0.6200","28.0000","82.8000","0.6700","-0.1900","65.0000","59.2400","0.3000","-0.2300","85.0000","46.5000","0.6000","18.0000","89.1700","0.0200","0.3200","0.7200","0.9800","0.7100","0.7500","0.5721","-0.0600","0.1300","0.6900","1.5100","1.1700","1.0500","0.5600","62.4200","75.8000","82.1700","85.3500","82.1700","80.8900","100.0000","67.5200","72.6100","87.9000","91.0800","87.2600","85.9900","78.3400","157","7/7/2025 11:42","109","17","6.4100","4.0400","0.6300","2.0000","6.0000","2.0000","2.0000","3.0000","2.6300","2.4520","4.8600","4.4000","2.5000","99.3600","96.8200","99.3600","99.3600","98.7300","11","3","68.7900","50.0000","0.0000","0.1100","49.0400","81.0000","-0.1700","2","63.0600","59.0000","-0.1600","4","91.0800","15.0000","0.5100","0.1500","91.0800","15.0000","0.6100","2","93.6300","11.0000","1.2600","0.0700","39.4900","96.0000","-0.4000","0.0700","89.8100","17.0000","1.2100","0.0000","96.1800","7.0000","-0.1800","0","96.1800","7.0000","-0.1500","0.0000","96.1800","7.0000","-0.1800","0","96.1800","7.0000","-0.1700","5","0","0"
"AAD2023.09.02768","212","6898","161","Temple University","Statistics, Operations, and Data Science, Department of","Statistics","19","73.0000","139","73.0000","18","67.0000","7.7200","78.0000","2934","46.0000","17","68.0000","0.9400","109.0000","6","69.0000","10","69.0000","4513350.0000","47.0000","45","17.0000","10","43.0000","7","37.0000","5","28.0000","19","22","5","20","18","0.2600","1.2700","18.0000","89.1700","0.3700","0.7100","31.0000","80.8900","0.9500","0.5100","61.0000","61.7800","7.3200","-0.0700","77.0000","51.5900","0.8900","0.1800","84.0000","47.1300","154.4200","0.0300","45.0000","71.9700","21.1100","0.1000","26.0000","84.0800","0.3200","0.0600","66.0000","58.6000","0.5300","-0.1200","69.0000","56.6900","237544.7400","0.2500","42.0000","73.8900","451335.0000","0.8900","18.0000","89.1700","2.3700","1.4700","11.0000","93.6300","0.5300","0.7600","40.0000","75.1600","0.1000","59.0000","63.0600","0.3000","0.6500","-0.1000","-0.1500","-0.0300","-0.1600","-0.1290","1.0000","0.2900","-0.0500","0.0700","-0.2500","-0.1700","-0.1400","73.2500","82.8000","57.3200","56.6900","57.9600","50.9600","31.2100","89.8100","77.0700","71.3400","70.7000","56.6900","54.1400","54.1400","157","7/7/2025 11:42","0","0","0.0000","0.0000","0.0000","137.0000","137.0000","137.0000","137.0000","137.0000","-1.0200","-1.1890","-0.6700","-0.7600","-1.3100","13.3800","13.3800","13.3800","13.3800","13.3800","11","4","78.3400","35.0000","0.2500","0.2100","80.2500","32.0000","0.6500","3","73.2500","43.0000","0.2500","2","87.9000","20.0000","0.0800","0.1100","83.4400","27.0000","0.3200","1","87.9000","20.0000","0.3900","0.1600","70.0600","48.0000","0.5400","0.0500","84.0800","26.0000","0.7100","0.0000","96.1800","7.0000","-0.1800","0","96.1800","7.0000","-0.1500","0.0000","96.1800","7.0000","-0.1800","0","96.1800","7.0000","-0.1700","5","0","0"
"AAD2023.09.02768","289","7769","161","University of Maryland, College Park","Mathematics, Department of","Statistics","57","3.0000","476","4.0000","52","2.0000","9.1500","60.0000","4980","28.0000","53","2.0000","0.9800","92.0000","39","1.0000","94","1.0000","21010604.0000","4.0000","112","3.0000","42","1.0000","25","5.0000","17","1.0000","19","22","5","20","18","0.3000","1.6100","11.0000","93.6300","0.4400","1.0300","20.0000","87.9000","0.9100","0.2600","84.0000","47.1300","8.3500","0.1900","59.0000","63.0600","0.9300","0.4200","72.0000","54.7800","87.3700","-0.3000","70.0000","56.0500","10.4600","-0.2300","88.0000","44.5900","0.6800","1.6400","14.0000","91.7200","1.6500","1.8300","11.0000","93.6300","368607.0900","0.8100","24.0000","85.3500","223517.0600","-0.1000","71.0000","55.4100","1.9600","1.0800","16.0000","90.4500","0.7400","1.6600","12.0000","92.9900","0.4000","39.0000","75.8000","4.7000","4.6200","3.1700","4.4900","3.0900","0.2200","0.3384","3.6300","3.0600","0.3600","2.9200","4.9500","2.5500","3.1800","100.0000","100.0000","99.3600","100.0000","99.3600","62.4200","42.0400","98.7300","97.4500","82.8000","98.0900","100.0000","98.0900","98.7300","157","7/7/2025 11:42","14","5","2.8000","0.2500","0.0900","48.0000","41.0000","49.0000","96.0000","121.0000","0.0500","0.4014","0.0400","-0.4400","-0.7800","70.0600","74.5200","69.4300","39.4900","23.5700","11","15","99.3600","2.0000","3.0900","0.2600","89.1700","18.0000","1.0800","12","99.3600","2.0000","3.8700","8","94.2700","10.0000","1.3500","0.1400","89.1700","18.0000","0.5500","2","93.6300","11.0000","1.2600","0.2100","85.9900","23.0000","1.1300","0.0400","75.8000","39.0000","0.3000","0.0000","96.1800","7.0000","-0.1800","0","96.1800","7.0000","-0.1500","0.0000","96.1800","7.0000","-0.1800","0","96.1800","7.0000","-0.1700","5","0","0"
"AAD2023.09.02768","306","7934","161","Missouri University of Science and Technology","Mathematics and Statistics, Department of","Statistics","15","102.0000","176","56.0000","14","93.0000","12.5700","20.0000","2252","58.0000","14","92.0000","0.9300","121.0000","4","78.0000","10","69.0000","1245955.0000","91.0000","10","80.0000","7","66.0000","4","64.0000","3","55.0000","19","22","5","20","18","0.2000","0.6600","34.0000","78.9800","0.2700","0.2400","49.0000","69.4300","0.9300","0.4100","69.0000","56.6900","11.7300","1.0400","21.0000","87.2600","0.9300","0.4400","67.0000","57.9600","150.1300","0.0000","47.0000","70.7000","12.8000","-0.1600","66.0000","58.6000","0.2700","-0.1500","74.0000","53.5000","0.6700","0.1200","55.0000","65.6100","83063.6700","-0.4100","80.0000","49.6800","124595.5000","-0.5200","114.0000","28.0300","0.6700","-0.1900","65.0000","59.2400","0.4700","0.5000","46.0000","71.3400","0.2000","51.0000","68.1500","-0.1200","-0.0100","-0.3700","-0.4300","-0.4000","1.1200","-0.2692","-0.3800","-0.1700","-0.1900","-0.5000","-0.2500","0.1300","-0.4900","58.6000","65.6100","42.0400","50.9600","41.4000","87.9000","23.5700","49.6800","59.8700","63.6900","42.6800","56.6900","64.9700","35.6700","157","7/7/2025 11:42","11","5","2.2000","0.7300","0.3300","48.0000","53.0000","60.0000","39.0000","35.0000","0.0500","0.0606","-0.1100","0.1800","0.7000","70.0600","66.8800","62.4200","75.8000","78.3400","11","0","22.9300","122.0000","-0.7800","0.0000","22.9300","122.0000","-1.0900","0","22.9300","122.0000","-0.9600","0","70.7000","47.0000","-0.3400","0.0000","70.7000","47.0000","-0.3700","0","70.7000","47.0000","-0.4800","0.0000","22.9300","122.0000","-1.2200","0.0000","70.7000","47.0000","-0.5100","0.0000","96.1800","7.0000","-0.1800","0","96.1800","7.0000","-0.1500","0.0000","96.1800","7.0000","-0.1800","0","96.1800","7.0000","-0.1700","5","0","0"
"AAD2023.09.02768","308","8034","161","University of Nebraska - Lincoln","Statistics, Department of","Statistics","11","129.0000","123","82.0000","11","120.0000","11.1800","29.0000","2157","61.0000","11","120.0000","1.0000","1.0000","2","106.0000","2","116.0000","1695601.0000","79.0000","12","74.0000","5","82.0000","1","102.0000","1","97.0000","19","22","5","20","18","0.0900","-0.3900","99.0000","37.5800","0.0900","-0.5600","106.0000","33.1200","1.0000","0.9000","1.0000","100.0000","11.1800","0.9000","26.0000","84.0800","1.0000","0.8800","1.0000","100.0000","196.0900","0.2200","34.0000","78.9800","17.5400","-0.0100","38.0000","76.4300","0.1800","-0.5100","95.0000","40.1300","0.1800","-0.7200","109.0000","31.2100","154145.5500","-0.1000","65.0000","59.2400","847800.5000","2.6000","5.0000","97.4500","1.0900","0.2200","46.0000","71.3400","0.4500","0.4500","47.0000","70.7000","0.4000","39.0000","75.8000","-0.3900","-0.6700","-0.6500","-0.7100","-0.6700","0.7500","0.5721","-0.3000","-0.6300","-0.2100","-0.4200","-0.7400","-0.3000","-0.8400","48.4100","38.8500","24.2000","33.1200","24.2000","82.1700","100.0000","53.5000","35.6700","61.7800","50.3200","26.7500","48.4100","18.4700","157","7/7/2025 11:42","2","2","1.0000","0.1800","0.1800","100.0000","105.0000","113.0000","107.0000","82.0000","-0.5900","-0.6210","-0.5700","-0.5200","-0.2100","36.9400","33.7600","28.6600","32.4800","48.4100","11","2","58.6000","66.0000","-0.2600","0.1800","72.6100","44.0000","0.4100","2","63.0600","59.0000","-0.1600","0","70.7000","47.0000","-0.3400","0.0000","70.7000","47.0000","-0.3700","0","70.7000","47.0000","-0.4800","0.1800","78.3400","35.0000","0.8100","0.0000","70.7000","47.0000","-0.5100","0.0000","96.1800","7.0000","-0.1800","0","96.1800","7.0000","-0.1500","0.0000","96.1800","7.0000","-0.1800","0","96.1800","7.0000","-0.1700","5","0","0"
"AAD2023.09.02768","341","8171","161","University of Toledo, The","Mathematics and Statistics, Department of","Statistics","17","87.0000","63","121.0000","13","104.0000","4.8500","129.0000","232","141.0000","12","112.0000","0.8600","142.0000","2","106.0000","2","116.0000","157400.0000","130.0000","4","109.0000","4","93.0000","0","127.0000","0","127.0000","19","22","5","20","18","0.0000","-1.2600","127.0000","19.7500","0.0000","-0.9800","127.0000","19.7500","0.7600","-0.8200","128.0000","19.1100","3.7100","-0.9700","130.0000","17.8300","0.7100","-1.0800","137.0000","13.3800","13.6500","-0.6500","145.0000","8.2800","3.6800","-0.4400","152.0000","3.8200","0.1200","-0.7900","116.0000","26.7500","0.1200","-0.8300","125.0000","21.0200","9258.8200","-0.7200","133.0000","15.9200","78700.0000","-0.7200","130.0000","17.8300","0.2400","-0.6200","114.0000","28.0300","0.2400","-0.4900","103.0000","35.0300","-0.7000","128.0000","19.1100","-0.5300","-1.0000","-0.5600","-0.7100","-0.4900","-0.9100","-1.2306","-0.6100","-0.7900","-0.6000","-0.6900","-0.7400","-0.7900","-0.3200","41.4000","19.7500","29.3000","33.1200","34.3900","18.4700","10.1900","31.2100","19.7500","10.8300","17.8300","26.7500","23.5700","45.2200","157","7/7/2025 11:42","1","1","1.0000","0.0600","0.0600","117.0000","105.0000","119.0000","129.0000","130.0000","-0.8100","-0.6210","-0.6200","-0.6800","-0.9600","26.1100","33.7600","24.8400","18.4700","17.8300","11","1","42.0400","92.0000","-0.5200","0.0600","33.7600","105.0000","-0.6000","1","44.5900","88.0000","-0.5600","0","70.7000","47.0000","-0.3400","0.0000","70.7000","47.0000","-0.3700","0","70.7000","47.0000","-0.4800","0.0600","35.6700","102.0000","-0.5700","0.0000","70.7000","47.0000","-0.5100","0.0000","96.1800","7.0000","-0.1800","0","96.1800","7.0000","-0.1500","0.0000","96.1800","7.0000","-0.1800","0","96.1800","7.0000","-0.1700","5","0","0"
"AAD2023.09.02768","344","8244","161","University of Vermont, The","Mathematics and Statistics, Department of","Statistics","22","55.0000","219","42.0000","20","55.0000","10.9500","35.0000","4214","37.0000","21","46.0000","1.0000","1.0000","9","44.0000","12","61.0000","2526189.0000","64.0000","14","68.0000","7","66.0000","2","84.0000","2","73.0000","19","22","5","20","18","0.0900","-0.3900","99.0000","37.5800","0.0900","-0.5600","106.0000","33.1200","0.9100","0.2400","85.0000","46.5000","9.9500","0.5900","44.0000","72.6100","0.9500","0.5800","59.0000","63.0600","191.5500","0.2000","36.0000","77.7100","19.2400","0.0400","31.0000","80.8900","0.4100","0.4600","50.0000","68.7900","0.5500","-0.0900","66.0000","58.6000","114826.7700","-0.2700","70.0000","56.0500","210515.7500","-0.1500","77.0000","51.5900","0.6400","-0.2200","73.0000","54.1400","0.3200","-0.1300","77.0000","51.5900","0.2000","51.0000","68.1500","-0.1200","-0.3400","0.2600","0.2700","0.1500","0.6900","0.5721","-0.2200","-0.4800","0.2100","-0.2800","-0.1200","0.4700","0.1200","58.6000","54.1400","71.3400","72.6100","65.6100","78.3400","100.0000","57.3200","47.1300","77.0700","59.8700","61.7800","73.8900","65.6100","157","7/7/2025 11:42","24","12","2.0000","1.0900","0.5500","12.0000","58.0000","24.0000","23.0000","9.0000","1.5600","-0.0530","0.5500","0.6400","1.9900","92.9900","63.6900","85.3500","85.9900","94.9000","11","6","88.5400","19.0000","0.7700","0.2700","91.7200","14.0000","1.1600","5","89.8100","17.0000","1.0500","1","80.8900","31.0000","-0.1300","0.0500","77.7100","36.0000","-0.0700","1","87.9000","20.0000","0.3900","0.2300","90.4500","16.0000","1.3100","0.0500","80.8900","31.0000","0.5500","0.0500","99.3600","2.0000","4.9900","1","99.3600","2.0000","2.1600","0.0500","98.7300","3.0000","4.5200","1","99.3600","2.0000","3.2200","5","0","0"
"AAD2023.09.02768","347","8425","161","University of Wisconsin - Madison","Statistics, Department of","Statistics","28","29.0000","318","17.0000","28","20.0000","11.3600","28.0000","5022","26.0000","27","27.0000","0.9600","98.0000","15","21.0000","30","24.0000","7586741.0000","30.0000","37","25.0000","17","18.0000","3","71.0000","1","97.0000","19","22","5","20","18","0.0400","-0.9200","125.0000","21.0200","0.1100","-0.4900","101.0000","36.3100","1.0000","0.9000","1.0000","100.0000","11.3600","0.9400","25.0000","84.7100","0.9600","0.6500","52.0000","67.5200","179.3600","0.1400","37.0000","77.0700","15.7900","-0.0700","50.0000","68.7900","0.5400","1.0000","28.0000","82.8000","1.0700","0.8300","32.0000","80.2500","270955.0400","0.3900","33.0000","79.6200","252891.3700","0.0300","61.0000","61.7800","1.3200","0.4500","35.0000","78.3400","0.6100","1.1100","28.0000","82.8000","0.6000","18.0000","89.1700","1.2600","-0.6700","0.8100","1.1200","0.8900","0.8000","0.1214","0.6800","-0.3300","0.3700","0.6000","0.9900","1.2700","0.6400","89.1700","38.8500","83.4400","87.2600","87.9000","82.8000","38.2200","84.7100","55.4100","84.0800","81.5300","85.3500","89.8100","82.1700","157","7/7/2025 11:42","5","5","1.0000","0.1800","0.1800","48.0000","105.0000","89.0000","108.0000","83.0000","0.0500","-0.6210","-0.4200","-0.5300","-0.2300","70.0600","33.7600","43.9500","31.8500","47.7700","11","1","42.0400","92.0000","-0.5200","0.0400","25.4800","118.0000","-0.7900","1","44.5900","88.0000","-0.5600","3","89.8100","17.0000","0.2900","0.1100","84.0800","26.0000","0.3400","2","93.6300","11.0000","1.2600","0.0400","26.1100","117.0000","-0.8300","0.0700","89.1700","18.0000","1.1500","0.0000","96.1800","7.0000","-0.1800","0","96.1800","7.0000","-0.1500","0.0000","96.1800","7.0000","-0.1800","0","96.1800","7.0000","-0.1700","5","0","0"
"AAD2023.09.02768","350","8471","161","Utah State University","Mathematics and Statistics, Department of","Statistics","32","18.0000","173","57.0000","28","20.0000","6.1800","107.0000","2004","64.0000","26","29.0000","0.9000","132.0000","8","52.0000","10","69.0000","1387294.0000","86.0000","15","65.0000","10","43.0000","2","84.0000","2","73.0000","19","22","5","20","18","0.0600","-0.6600","111.0000","29.9400","0.0600","-0.6900","114.0000","28.0300","0.8800","-0.0100","99.0000","37.5800","5.4100","-0.5500","106.0000","33.1200","0.8100","-0.3700","115.0000","27.3900","62.6300","-0.4200","91.0000","42.6800","11.5800","-0.2000","77.0000","51.5900","0.2500","-0.2200","75.0000","52.8700","0.3100","-0.4900","87.0000","45.2200","43352.9400","-0.5700","102.0000","35.6700","138729.4000","-0.4600","102.0000","35.6700","0.4700","-0.3900","88.0000","44.5900","0.3100","-0.1600","80.0000","49.6800","-0.4000","109.0000","31.2100","0.3000","-0.3400","0.7200","0.1300","0.8900","-0.5600","-0.7333","-0.1800","-0.4800","-0.2400","-0.4700","-0.2500","0.1000","0.9900","73.2500","54.1400","82.1700","67.5200","87.9000","32.4800","16.5600","59.2400","47.1300","59.8700","45.8600","56.6900","64.3300","89.1700","157","7/7/2025 11:42","9","3","3.0000","0.2800","0.0900","84.0000","33.0000","69.0000","91.0000","118.0000","-0.3800","0.5151","-0.2100","-0.4000","-0.7500","47.1300","79.6200","56.6900","42.6800","25.4800","11","1","42.0400","92.0000","-0.5200","0.0300","24.8400","119.0000","-0.8300","1","44.5900","88.0000","-0.5600","0","70.7000","47.0000","-0.3400","0.0000","70.7000","47.0000","-0.3700","0","70.7000","47.0000","-0.4800","0.0300","25.4800","118.0000","-0.8800","0.0000","70.7000","47.0000","-0.5100","0.0000","96.1800","7.0000","-0.1800","0","96.1800","7.0000","-0.1500","0.0000","96.1800","7.0000","-0.1800","0","96.1800","7.0000","-0.1700","5","0","0"
"AAD2023.09.02768","358","8606","161","Washington University in St. Louis","Mathematics and Statistics, Department of","Statistics","32","18.0000","265","28.0000","30","16.0000","8.8300","64.0000","1779","69.0000","29","17.0000","0.9700","97.0000","24","4.0000","61","3.0000","8354548.0000","26.0000","37","25.0000","17","18.0000","39","1.0000","9","6.0000","19","22","5","20","18","0.2800","1.4400","13.0000","92.3600","1.2200","4.5900","1.0000","100.0000","0.9400","0.4400","67.0000","57.9600","8.2800","0.1700","63.0000","60.5100","0.9100","0.2600","79.0000","50.3200","55.5900","-0.4500","103.0000","35.0300","6.7100","-0.3500","121.0000","23.5700","0.7500","1.9200","10.0000","94.2700","1.9100","2.2800","7.0000","96.1800","261079.6300","0.3500","37.0000","77.0700","136959.8000","-0.4700","103.0000","35.0300","1.1600","0.2800","41.0000","74.5200","0.5300","0.7800","39.0000","75.8000","0.1000","59.0000","63.0600","1.2600","1.9800","0.9900","2.3800","1.0700","0.1400","0.1514","0.6800","5.2100","-0.2900","0.7300","2.9100","0.8500","0.9900","89.1700","96.8200","89.8100","98.0900","90.4500","59.8700","38.8500","84.7100","100.0000","56.6900","84.0800","98.7300","82.8000","89.1700","157","7/7/2025 11:42","1","1","1.0000","0.0300","0.0300","117.0000","105.0000","119.0000","136.0000","136.0000","-0.8100","-0.6210","-0.6200","-0.7200","-1.1200","26.1100","33.7600","24.8400","14.0100","14.0100","11","5","83.4400","27.0000","0.5100","0.1600","63.0600","59.0000","0.2000","3","73.2500","43.0000","0.2500","0","70.7000","47.0000","-0.3400","0.0000","70.7000","47.0000","-0.3700","0","70.7000","47.0000","-0.4800","0.0900","49.0400","81.0000","-0.1800","0.0000","70.7000","47.0000","-0.5100","0.0300","97.4500","5.0000","3.3700","1","99.3600","2.0000","2.1600","0.0300","97.4500","5.0000","3.0500","1","99.3600","2.0000","3.2200","5","0","0"
"AAD2023.09.02768","198","8702","161","Stanford University","Statistics, Department of","Statistics","22","55.0000","374","8.0000","22","43.0000","17.0000","6.0000","29571","2.0000","22","39.0000","1.0000","1.0000","18","11.0000","52","6.0000","25707358.0000","2.0000","163","1.0000","21","9.0000","14","11.0000","9","6.0000","19","22","5","20","18","0.4100","2.6700","2.0000","99.3600","0.6400","1.9300","10.0000","94.2700","1.0000","0.9000","1.0000","100.0000","17.0000","2.3500","4.0000","98.0900","1.0000","0.8800","1.0000","100.0000","1344.1400","5.7300","1.0000","100.0000","79.0700","1.9000","4.0000","98.0900","0.8200","2.2100","4.0000","98.0900","2.3600","3.0800","1.0000","100.0000","1168516.2700","4.2000","3.0000","98.7300","494372.2700","1.0700","14.0000","91.7200","7.4100","6.4000","1.0000","100.0000","0.9500","2.5900","1.0000","100.0000","1.5000","1.0000","100.0000","1.8100","1.9800","0.3500","1.5400","0.3400","2.2800","0.5721","5.6300","1.3600","5.3300","3.7300","2.3500","1.7300","0.1200","94.9000","96.8200","75.8000","93.6300","73.2500","96.8200","100.0000","100.0000","93.6300","99.3600","99.3600","96.8200","95.5400","65.6100","157","7/7/2025 11:42","15","8","1.8800","0.6800","0.3600","28.0000","72.0000","43.0000","43.0000","28.0000","0.7000","-0.1211","0.0900","0.1100","0.8900","82.8000","54.7800","73.2500","73.2500","82.8000","11","5","83.4400","27.0000","0.5100","0.2300","84.0800","26.0000","0.7900","6","94.9000","9.0000","1.4500","23","99.3600","2.0000","4.5400","1.0500","99.3600","2.0000","6.4900","6","100.0000","1.0000","4.7500","0.2700","98.0900","4.0000","1.8200","0.2700","100.0000","1.0000","5.8100","0.0000","96.1800","7.0000","-0.1800","0","96.1800","7.0000","-0.1500","0.0000","96.1800","7.0000","-0.1800","0","96.1800","7.0000","-0.1700","5","0","0"
"AAD2023.09.02768","60","8802","161","Duke University","Statistical Sciences, Department of","Statistics","20","65.0000","330","16.0000","20","55.0000","16.5000","7.0000","5773","22.0000","20","51.0000","1.0000","1.0000","13","28.0000","41","10.0000","17193336.0000","7.0000","66","11.0000","17","18.0000","6","44.0000","3","55.0000","19","22","5","20","18","0.1500","0.1800","58.0000","63.6900","0.3000","0.3900","43.0000","73.2500","1.0000","0.9000","1.0000","100.0000","16.5000","2.2300","6.0000","96.8200","1.0000","0.8800","1.0000","100.0000","288.6500","0.6700","20.0000","87.9000","17.4900","-0.0200","39.0000","75.8000","0.6500","1.4900","15.0000","91.0800","2.0500","2.5300","4.0000","98.0900","859666.8000","2.8900","5.0000","97.4500","419349.6600","0.7500","23.0000","85.9900","3.3000","2.3800","5.0000","97.4500","0.8500","2.1500","3.0000","98.7300","1.2000","4.0000","98.0900","1.2600","-0.0100","0.1700","0.8400","0.1500","2.1500","0.5721","1.8200","0.1300","0.5200","2.2600","1.6700","1.3700","-0.0600","89.1700","65.6100","68.1500","82.8000","65.6100","96.1800","100.0000","93.6300","72.6100","86.6200","96.1800","94.2700","90.4500","59.2400","157","7/7/2025 11:42","21","11","1.9100","1.0500","0.5500","13.0000","70.0000","26.0000","27.0000","8.0000","1.3400","-0.1041","0.4000","0.5800","2.0100","92.3600","56.0500","84.0800","83.4400","95.5400","11","6","88.5400","19.0000","0.7700","0.3000","93.6300","11.0000","1.3900","4","85.3500","24.0000","0.6500","1","80.8900","31.0000","-0.1300","0.0500","78.9800","34.0000","-0.0400","1","87.9000","20.0000","0.3900","0.2000","84.0800","26.0000","1.0100","0.0500","83.4400","27.0000","0.6500","0.0000","96.1800","7.0000","-0.1800","0","96.1800","7.0000","-0.1500","0.0000","96.1800","7.0000","-0.1800","0","96.1800","7.0000","-0.1700","5","0","0"
"AAD2023.09.02768","102","8867","161","Johns Hopkins University","Applied Mathematics and Statistics, Department of","Statistics","18","77.0000","216","44.0000","18","67.0000","12.0000","23.0000","11942","9.0000","18","65.0000","1.0000","1.0000","8","52.0000","25","31.0000","12939701.0000","14.0000","27","37.0000","10","43.0000","3","71.0000","2","73.0000","19","22","5","20","18","0.1100","-0.1900","84.0000","47.1300","0.1700","-0.2200","73.0000","54.1400","1.0000","0.9000","1.0000","100.0000","12.0000","1.1000","18.0000","89.1700","1.0000","0.8800","1.0000","100.0000","663.4400","2.4700","6.0000","96.8200","55.2900","1.1600","7.0000","96.1800","0.4400","0.6100","44.0000","72.6100","1.3900","1.3800","22.0000","86.6200","718872.2800","2.2900","6.0000","96.8200","517588.0400","1.1700","10.0000","94.2700","1.5000","0.6200","26.0000","84.0800","0.5600","0.8800","35.0000","78.3400","0.6000","18.0000","89.1700","0.3000","-0.3400","-0.0100","0.1300","-0.0300","0.9700","0.5721","0.2900","-0.3300","1.7700","1.5200","0.6800","0.4500","-0.2300","73.2500","54.1400","59.2400","67.5200","57.9600","85.9900","100.0000","77.0700","55.4100","94.9000","91.7200","80.8900","72.6100","51.5900","157","7/7/2025 11:42","36","9","4.0000","2.0000","0.5000","21.0000","17.0000","13.0000","8.0000","11.0000","0.9100","1.0831","1.1600","1.8000","1.7100","87.2600","89.8100","92.3600","95.5400","93.6300","11","2","58.6000","66.0000","-0.2600","0.1100","49.0400","81.0000","-0.1700","2","63.0600","59.0000","-0.1600","3","89.8100","17.0000","0.2900","0.1700","92.3600","13.0000","0.7300","3","96.1800","7.0000","2.1300","0.1100","54.1400","73.0000","0.0200","0.1700","99.3600","2.0000","3.3600","0.0000","96.1800","7.0000","-0.1800","0","96.1800","7.0000","-0.1500","0.0000","96.1800","7.0000","-0.1800","0","96.1800","7.0000","-0.1700","5","0","0"
"AAD2023.09.02768","114","8901","161","Loyola University Chicago","Mathematics and Statistics, Department of","Statistics","20","65.0000","77","112.0000","16","75.0000","4.8100","131.0000","491","119.0000","17","68.0000","1.0000","1.0000","3","92.0000","4","98.0000","259216.0000","123.0000","12","74.0000","4","93.0000","0","127.0000","0","127.0000","19","22","5","20","18","0.0000","-1.2600","127.0000","19.7500","0.0000","-0.9800","127.0000","19.7500","0.8000","-0.5600","121.0000","23.5700","3.8500","-0.9300","129.0000","18.4700","0.8500","-0.1200","105.0000","33.7600","24.5500","-0.6000","129.0000","18.4700","6.3800","-0.3600","126.0000","20.3800","0.1500","-0.6500","109.0000","31.2100","0.2000","-0.6900","107.0000","32.4800","12960.8000","-0.7000","129.0000","18.4700","64804.0000","-0.7800","134.0000","15.2900","0.6000","-0.2600","75.0000","52.8700","0.2000","-0.6400","107.0000","32.4800","-0.7000","128.0000","19.1100","-0.5300","-1.0000","-0.1000","-0.5700","-0.2100","-0.9200","0.5721","-0.3000","-0.7900","-0.5500","-0.6700","-0.6200","-0.6700","-0.0600","41.4000","19.7500","57.3200","42.0400","52.8700","17.2000","100.0000","53.5000","19.7500","24.8400","22.2900","38.2200","29.3000","59.2400","157","7/7/2025 11:42","1","1","1.0000","0.0500","0.0500","117.0000","105.0000","119.0000","133.0000","133.0000","-0.8100","-0.6210","-0.6200","-0.6900","-1.0100","26.1100","33.7600","24.8400","15.9200","15.9200","11","2","58.6000","66.0000","-0.2600","0.1000","45.8600","86.0000","-0.2600","3","73.2500","43.0000","0.2500","0","70.7000","47.0000","-0.3400","0.0000","70.7000","47.0000","-0.3700","0","70.7000","47.0000","-0.4800","0.1500","66.2400","54.0000","0.4500","0.0000","70.7000","47.0000","-0.5100","0.0000","96.1800","7.0000","-0.1800","0","96.1800","7.0000","-0.1500","0.0000","96.1800","7.0000","-0.1800","0","96.1800","7.0000","-0.1700","5","0","0"
"AAD2023.09.02768","153","9061","161","Northwestern University","Statistics, Department of","Statistics","14","115.0000","84","105.0000","13","104.0000","6.4600","102.0000","4429","33.0000","14","92.0000","1.0000","1.0000","4","78.0000","11","68.0000","5558976.0000","39.0000","30","34.0000","6","71.0000","12","15.0000","4","39.0000","19","22","5","20","18","0.2900","1.4900","12.0000","92.9900","0.8600","2.9400","4.0000","98.0900","0.9300","0.3800","76.0000","52.2300","6.0000","-0.4000","98.0000","38.2200","1.0000","0.8800","1.0000","100.0000","316.3600","0.8000","18.0000","89.1700","52.7300","1.0800","8.0000","95.5400","0.2900","-0.0700","70.0000","56.0500","0.7900","0.3300","45.0000","71.9700","397069.7100","0.9300","21.0000","87.2600","505361.4500","1.1200","12.0000","92.9900","2.1400","1.2500","13.0000","92.3600","0.4300","0.3400","53.0000","66.8800","0.2000","51.0000","68.1500","-0.2500","0.3200","-0.3700","-0.4300","-0.4900","-0.4900","0.5721","0.4100","1.0600","0.2500","0.2500","-0.1900","-0.6200","-0.5800","55.4100","75.8000","42.0400","50.9600","34.3900","35.6700","100.0000","78.9800","91.0800","79.6200","75.8000","57.3200","33.7600","27.3900","157","7/7/2025 11:42","38","5","7.6000","2.7100","0.3600","48.0000","3.0000","10.0000","4.0000","29.0000","0.0500","3.1279","1.2600","2.7100","0.8500","70.0600","98.7300","94.2700","98.0900","82.1700","11","2","58.6000","66.0000","-0.2600","0.1400","58.6000","66.0000","0.0900","2","63.0600","59.0000","-0.1600","2","87.9000","20.0000","0.0800","0.1400","89.8100","17.0000","0.5700","1","87.9000","20.0000","0.3900","0.1400","64.9700","56.0000","0.3700","0.0700","89.1700","18.0000","1.1500","0.0000","96.1800","7.0000","-0.1800","0","96.1800","7.0000","-0.1500","0.0000","96.1800","7.0000","-0.1800","0","96.1800","7.0000","-0.1700","5","0","0"
"AAD2023.09.02768","168","9115","161","Purdue University","Statistics, Department of","Statistics","34","16.0000","253","33.0000","32","13.0000","7.9100","76.0000","2851","50.0000","33","12.0000","1.0000","1.0000","14","24.0000","25","31.0000","5999332.0000","38.0000","45","17.0000","21","9.0000","17","10.0000","6","20.0000","19","22","5","20","18","0.1800","0.4300","48.0000","70.0600","0.5000","1.3100","13.0000","92.3600","0.9400","0.4700","65.0000","59.2400","7.4400","-0.0400","72.0000","54.7800","0.9700","0.6900","48.0000","70.0600","83.8500","-0.3100","73.0000","54.1400","11.2700","-0.2100","79.0000","50.3200","0.4100","0.4700","48.0000","70.0600","0.7400","0.2400","50.0000","68.7900","176450.9400","-0.0100","57.0000","64.3300","239973.2800","-0.0300","65.0000","59.2400","1.3200","0.4500","34.0000","78.9800","0.6200","1.1500","26.0000","84.0800","0.2000","51.0000","68.1500","1.8100","0.9900","1.3500","0.9800","1.2600","-0.1100","0.5721","1.0000","1.8300","-0.0700","0.3200","0.6800","0.7500","1.1700","94.9000","87.9000","92.9900","85.3500","92.3600","52.2300","100.0000","89.8100","94.2700","68.7900","76.4300","80.8900","79.6200","90.4500","157","7/7/2025 11:42","35","14","2.5000","1.0300","0.4100","7.0000","47.0000","15.0000","28.0000","20.0000","1.9900","0.2310","1.1100","0.5600","1.1800","96.1800","70.7000","91.0800","82.8000","87.9000","11","2","58.6000","66.0000","-0.2600","0.0600","33.7600","105.0000","-0.6000","1","44.5900","88.0000","-0.5600","5","92.9900","12.0000","0.7200","0.1500","90.4500","16.0000","0.6000","3","96.1800","7.0000","2.1300","0.0300","24.2000","120.0000","-0.9000","0.0900","93.6300","11.0000","1.5400","0.0000","96.1800","7.0000","-0.1800","0","96.1800","7.0000","-0.1500","0.0000","96.1800","7.0000","-0.1800","0","96.1800","7.0000","-0.1700","5","0","0"
"AAD2023.09.02768","305","9462","161","University of Missouri - Kansas City, The","Mathematics and Statistics, Department of","Statistics","7","143.0000","44","136.0000","7","136.0000","6.2900","105.0000","234","140.0000","6","140.0000","0.8600","142.0000","2","106.0000","2","116.0000","144358.0000","131.0000","2","127.0000","1","131.0000","0","127.0000","0","127.0000","19","22","5","20","18","0.0000","-1.2600","127.0000","19.7500","0.0000","-0.9800","127.0000","19.7500","1.0000","0.9000","1.0000","100.0000","6.2900","-0.3300","91.0000","42.6800","0.8600","-0.0700","99.0000","37.5800","33.4300","-0.5600","125.0000","21.0200","5.3200","-0.3900","137.0000","13.3800","0.2900","-0.0700","70.0000","56.0500","0.2900","-0.5400","94.0000","40.7600","20622.5700","-0.6700","121.0000","23.5700","72179.0000","-0.7500","131.0000","17.2000","0.2900","-0.5700","105.0000","33.7600","0.1400","-0.8800","124.0000","21.6600","-0.4000","109.0000","31.2100","-0.9400","-1.0000","-1.1000","-0.7100","-1.0400","-0.5300","-1.2306","-0.6900","-0.7900","-0.6000","-0.6900","-0.7400","-0.9400","-1.1900","17.2000","19.7500","11.4700","33.1200","14.0100","33.7600","10.1900","19.7500","19.7500","11.4700","17.2000","26.7500","14.0100","9.5500","157","7/7/2025 11:42","0","0","0.0000","0.0000","0.0000","137.0000","137.0000","137.0000","137.0000","137.0000","-1.0200","-1.1890","-0.6700","-0.7600","-1.3100","13.3800","13.3800","13.3800","13.3800","13.3800","11","0","22.9300","122.0000","-0.7800","0.0000","22.9300","122.0000","-1.0900","0","22.9300","122.0000","-0.9600","0","70.7000","47.0000","-0.3400","0.0000","70.7000","47.0000","-0.3700","0","70.7000","47.0000","-0.4800","0.0000","22.9300","122.0000","-1.2200","0.0000","70.7000","47.0000","-0.5100","0.0000","96.1800","7.0000","-0.1800","0","96.1800","7.0000","-0.1500","0.0000","96.1800","7.0000","-0.1800","0","96.1800","7.0000","-0.1700","5","0","0"
"AAD2023.09.02768","334","9557","161","University of South Florida","Mathematics and Statistics, Department of","Statistics","35","14.0000","362","10.0000","33","12.0000","10.9700","34.0000","7100","18.0000","30","16.0000","0.8800","134.0000","10","39.0000","23","36.0000","3916884.0000","51.0000","18","52.0000","11","38.0000","31","2.0000","9","6.0000","19","22","5","20","18","0.2600","1.2100","20.0000","87.9000","0.8900","3.0700","3.0000","98.7300","0.9400","0.4800","64.0000","59.8700","10.3400","0.6900","39.0000","75.8000","0.8600","-0.0700","99.0000","37.5800","202.8600","0.2600","33.0000","79.6200","19.6100","0.0500","30.0000","81.5300","0.2900","-0.0700","70.0000","56.0500","0.6600","0.1100","56.0000","64.9700","111910.9700","-0.2800","71.0000","55.4100","170299.3000","-0.3300","88.0000","44.5900","0.5100","-0.3400","85.0000","46.5000","0.3100","-0.1500","79.0000","50.3200","-0.2000","85.0000","46.5000","0.4300","1.9800","1.0800","0.4200","1.3500","0.7000","-0.9125","-0.0600","3.9800","0.7900","-0.0400","0.5600","1.6300","1.2600","76.4300","96.8200","90.4500","75.8000","92.9900","78.9800","15.2900","67.5200","99.3600","89.1700","68.1500","77.7100","94.2700","91.7200","157","7/7/2025 11:42","36","10","3.6000","1.0300","0.2900","17.0000","24.0000","13.0000","29.0000","48.0000","1.1300","0.8559","1.1600","0.5600","0.4200","89.8100","85.3500","92.3600","82.1700","70.0600","11","7","91.7200","14.0000","1.0300","0.2000","78.9800","34.0000","0.5600","5","89.8100","17.0000","1.0500","13","96.1800","7.0000","2.4200","0.3700","95.5400","8.0000","2.0700","4","97.4500","5.0000","3.0100","0.1400","64.9700","56.0000","0.3700","0.1100","94.9000","9.0000","2.1400","0.0000","96.1800","7.0000","-0.1800","0","96.1800","7.0000","-0.1500","0.0000","96.1800","7.0000","-0.1800","0","96.1800","7.0000","-0.1700","5","0","0"
"AAD2023.09.02768","345","9675","161","University of Virginia","Statistics, Department of","Statistics","8","141.0000","59","123.0000","8","133.0000","7.3800","89.0000","639","114.0000","8","131.0000","1.0000","1.0000","2","106.0000","2","116.0000","255426.0000","125.0000","5","99.0000","2","117.0000","1","102.0000","1","97.0000","19","22","5","20","18","0.1300","-0.0600","77.0000","51.5900","0.1300","-0.4100","90.0000","43.3100","1.0000","0.9000","1.0000","100.0000","7.3800","-0.0500","76.0000","52.2300","1.0000","0.8800","1.0000","100.0000","79.8800","-0.3300","76.0000","52.2300","10.8300","-0.2200","86.0000","45.8600","0.2500","-0.2200","75.0000","52.8700","0.2500","-0.6000","100.0000","36.9400","31928.2500","-0.6200","111.0000","29.9400","127713.0000","-0.5100","110.0000","30.5700","0.6300","-0.2400","74.0000","53.5000","0.2500","-0.4200","95.0000","40.1300","0.1000","59.0000","63.0600","-0.8000","-0.6700","-0.9200","-0.7100","-0.9500","-0.2500","0.5721","-0.5700","-0.6300","-0.5200","-0.6700","-0.7400","-0.8200","-1.1000","26.1100","38.8500","17.2000","33.1200","15.9200","43.9500","100.0000","37.5800","35.6700","28.0300","21.0200","26.7500","22.2900","10.8300","157","7/7/2025 11:42","0","0","0.0000","0.0000","0.0000","137.0000","137.0000","137.0000","137.0000","137.0000","-1.0200","-1.1890","-0.6700","-0.7600","-1.3100","13.3800","13.3800","13.3800","13.3800","13.3800","11","3","68.7900","50.0000","0.0000","0.3800","94.9000","9.0000","2.0000","2","63.0600","59.0000","-0.1600","0","70.7000","47.0000","-0.3400","0.0000","70.7000","47.0000","-0.3700","0","70.7000","47.0000","-0.4800","0.2500","95.5400","8.0000","1.5700","0.0000","70.7000","47.0000","-0.5100","0.0000","96.1800","7.0000","-0.1800","0","96.1800","7.0000","-0.1500","0.0000","96.1800","7.0000","-0.1800","0","96.1800","7.0000","-0.1700","5","0","0"
"AAD2023.09.02768","2","9689","161","Air Force Institute of Technology","Mathematics and Statistics, Department of","Statistics","15","102.0000","67","117.0000","13","104.0000","5.1500","122.0000","346","132.0000","12","112.0000","0.9200","126.0000","1","126.0000","1","129.0000","101028.0000","134.0000","4","109.0000","2","117.0000","0","127.0000","0","127.0000","19","22","5","20","18","0.0000","-1.2600","127.0000","19.7500","0.0000","-0.9800","127.0000","19.7500","0.8700","-0.0700","102.0000","35.6700","4.4700","-0.7800","121.0000","23.5700","0.8000","-0.4500","117.0000","26.1100","23.0700","-0.6000","131.0000","17.2000","5.1600","-0.4000","140.0000","11.4700","0.0700","-1.0100","134.0000","15.2900","0.0700","-0.9200","135.0000","14.6500","6735.2000","-0.7300","136.0000","14.0100","101028.0000","-0.6300","125.0000","21.0200","0.2700","-0.5900","106.0000","33.1200","0.1300","-0.9200","126.0000","20.3800","-0.5000","119.0000","24.8400","-0.8000","-1.0000","-0.5600","-0.8500","-0.4900","-0.8300","-0.3986","-0.6100","-0.7900","-0.5800","-0.7000","-0.8000","-0.7500","-0.4900","26.1100","19.7500","29.3000","20.3800","34.3900","22.9300","20.3800","31.2100","19.7500","16.5600","15.2900","18.4700","26.1100","35.6700","157","7/7/2025 11:42","14","6","2.3300","0.9300","0.4000","41.0000","50.0000","49.0000","32.0000","22.0000","0.2700","0.1345","0.0400","0.4300","1.1100","74.5200","68.7900","69.4300","80.2500","86.6200","11","1","42.0400","92.0000","-0.5200","0.0700","35.6700","102.0000","-0.5400","1","44.5900","88.0000","-0.5600","0","70.7000","47.0000","-0.3400","0.0000","70.7000","47.0000","-0.3700","0","70.7000","47.0000","-0.4800","0.0700","37.5800","99.0000","-0.4800","0.0000","70.7000","47.0000","-0.5100","0.0000","96.1800","7.0000","-0.1800","0","96.1800","7.0000","-0.1500","0.0000","96.1800","7.0000","-0.1800","0","96.1800","7.0000","-0.1700","5","0","0"
"AAD2023.09.02768","24","9714","161","Boston University","Mathematics and Statistics, Department of","Statistics","45","6.0000","520","3.0000","37","8.0000","14.0500","15.0000","14598","6.0000","39","7.0000","0.9800","94.0000","18","11.0000","35","17.0000","17021557.0000","9.0000","68","10.0000","28","3.0000","21","7.0000","8","11.0000","19","22","5","20","18","0.1800","0.4500","47.0000","70.7000","0.4700","1.1600","17.0000","89.8100","0.8200","-0.4000","116.0000","26.7500","11.5600","0.9900","22.0000","86.6200","0.8700","0.0000","92.0000","42.0400","324.4000","0.8400","16.0000","90.4500","28.0700","0.3100","18.0000","89.1700","0.4000","0.4200","51.0000","68.1500","0.7800","0.3200","47.0000","70.7000","378256.8200","0.8500","22.0000","86.6200","486330.2000","1.0400","16.0000","90.4500","1.5100","0.6300","25.0000","84.7100","0.6200","1.1700","24.0000","85.3500","0.3000","47.0000","70.7000","2.7700","1.6500","1.9000","1.5400","1.7200","1.5100","0.2566","1.9000","2.4400","2.3000","2.2300","1.3000","2.9100","2.1300","98.7300","93.6300","96.1800","93.6300","95.5400","91.0800","40.7600","94.2700","96.1800","96.8200","94.9000","89.8100","98.7300","96.8200","157","7/7/2025 11:42","11","10","1.1000","0.2400","0.2200","17.0000","104.0000","60.0000","97.0000","67.0000","1.1300","-0.5642","-0.1100","-0.4400","0.0300","89.8100","34.3900","62.4200","38.8500","57.9600","11","1","42.0400","92.0000","-0.5200","0.0200","23.5700","121.0000","-0.9100","1","44.5900","88.0000","-0.5600","22","98.7300","3.0000","4.3300","0.4900","97.4500","5.0000","2.8400","3","96.1800","7.0000","2.1300","0.0200","23.5700","121.0000","-0.9800","0.0700","87.2600","21.0000","1.0400","0.0000","96.1800","7.0000","-0.1800","0","96.1800","7.0000","-0.1500","0.0000","96.1800","7.0000","-0.1800","0","96.1800","7.0000","-0.1700","5","0","0"
"AAD2023.09.02768","190","9810","161","South Dakota State University","Mathematics and Statistics, Department of","Statistics","17","87.0000","40","137.0000","8","133.0000","5.0000","124.0000","370","129.0000","9","126.0000","1.0000","1.0000","3","92.0000","4","98.0000","1963538.0000","74.0000","1","136.0000","1","131.0000","0","127.0000","0","127.0000","19","22","5","20","18","0.0000","-1.2600","127.0000","19.7500","0.0000","-0.9800","127.0000","19.7500","0.4700","-2.9700","155.0000","1.9100","2.3500","-1.3100","143.0000","9.5500","0.5300","-2.2500","151.0000","4.4600","21.7600","-0.6100","134.0000","15.2900","9.2500","-0.2700","100.0000","36.9400","0.1800","-0.5400","98.0000","38.2200","0.2400","-0.6300","103.0000","35.0300","115502.2400","-0.2700","69.0000","56.6900","490884.5000","1.0600","15.0000","91.0800","0.0600","-0.7900","145.0000","8.2800","0.0600","-1.2400","143.0000","9.5500","-0.8000","135.0000","14.6500","-0.9400","-1.0000","-0.8300","-0.5700","-0.9500","-0.8700","0.5721","-0.7300","-0.7900","-0.5700","-0.3800","-0.6200","-0.9700","-0.3200","17.2000","19.7500","20.3800","42.0400","15.9200","21.6600","100.0000","14.0100","19.7500","18.4700","53.5000","38.2200","13.3800","45.2200","157","7/7/2025 11:42","9","3","3.0000","0.5300","0.1800","84.0000","33.0000","69.0000","60.0000","84.0000","-0.3800","0.5151","-0.2100","-0.0800","-0.2500","47.1300","79.6200","56.6900","62.4200","47.1300","11","3","68.7900","50.0000","0.0000","0.1800","71.3400","46.0000","0.3700","3","73.2500","43.0000","0.2500","0","70.7000","47.0000","-0.3400","0.0000","70.7000","47.0000","-0.3700","0","70.7000","47.0000","-0.4800","0.1800","77.0700","37.0000","0.7500","0.0000","70.7000","47.0000","-0.5100","0.0000","96.1800","7.0000","-0.1800","0","96.1800","7.0000","-0.1500","0.0000","96.1800","7.0000","-0.1800","0","96.1800","7.0000","-0.1700","5","0","0"
"AAD2023.09.02768","202","9853","161","University at Albany, State University of New York","Mathematics and Statistics, Department of","Statistics","26","38.0000","108","94.0000","22","43.0000","4.9100","127.0000","967","99.0000","22","39.0000","1.0000","1.0000","8","52.0000","13","57.0000","2039704.0000","72.0000","14","68.0000","10","43.0000","5","59.0000","3","55.0000","19","22","5","20","18","0.1200","-0.1500","83.0000","47.7700","0.1900","-0.1000","67.0000","57.9600","0.8500","-0.2200","108.0000","31.8500","4.1500","-0.8600","126.0000","20.3800","0.8500","-0.1400","106.0000","33.1200","37.1900","-0.5400","118.0000","25.4800","8.9500","-0.2800","105.0000","33.7600","0.3100","0.0300","68.0000","57.3200","0.5000","-0.1700","72.0000","54.7800","78450.1500","-0.4300","84.0000","47.1300","156900.3100","-0.3900","93.0000","41.4000","0.5400","-0.3200","80.0000","49.6800","0.3800","0.1500","63.0000","60.5100","-0.4000","109.0000","31.2100","0.3000","-0.0100","0.3500","0.1300","0.3400","-0.8900","0.5721","-0.2200","-0.0200","-0.4500","-0.3600","-0.0600","-0.4200","0.4700","73.2500","65.6100","75.8000","67.5200","73.2500","19.7500","100.0000","57.3200","63.0600","37.5800","54.7800","64.3300","40.7600","76.4300","157","7/7/2025 11:42","17","9","1.8900","0.6500","0.3500","21.0000","71.0000","34.0000","45.0000","34.0000","0.9100","-0.1154","0.1900","0.0800","0.7800","87.2600","55.4100","78.9800","71.9700","78.9800","11","6","88.5400","19.0000","0.7700","0.2300","84.7100","25.0000","0.8100","4","85.3500","24.0000","0.6500","1","80.8900","31.0000","-0.1300","0.0400","75.1600","40.0000","-0.1100","1","87.9000","20.0000","0.3900","0.1500","68.7900","50.0000","0.4900","0.0400","78.3400","35.0000","0.3800","0.0000","96.1800","7.0000","-0.1800","0","96.1800","7.0000","-0.1500","0.0000","96.1800","7.0000","-0.1800","0","96.1800","7.0000","-0.1700","5","0","0"
"AAD2023.09.02768","304","9981","161","University of Missouri","Statistics, Department of","Statistics","15","102.0000","222","41.0000","14","93.0000","15.8600","9.0000","1864","66.0000","15","79.0000","1.0000","1.0000","6","69.0000","12","61.0000","2547359.0000","63.0000","21","46.0000","8","60.0000","6","44.0000","5","28.0000","19","22","5","20","18","0.3300","1.9400","6.0000","96.8200","0.4000","0.8500","23.0000","85.9900","0.9300","0.4100","69.0000","56.6900","14.8000","1.8000","10.0000","94.2700","1.0000","0.8800","1.0000","100.0000","124.2700","-0.1200","56.0000","64.9700","8.4000","-0.3000","111.0000","29.9400","0.4000","0.4200","51.0000","68.1500","0.8000","0.3600","42.0000","73.8900","169823.9300","-0.0400","59.0000","63.0600","212279.9200","-0.1500","76.0000","52.2300","1.4000","0.5200","29.0000","82.1700","0.5300","0.7900","38.0000","76.4300","0.5000","32.0000","80.2500","0.0200","0.6500","-0.2800","-0.1500","-0.4000","1.9800","0.5721","0.0500","0.1300","-0.2700","-0.2700","-0.1200","0.5000","-0.4900","62.4200","82.8000","50.3200","56.6900","41.4000","94.9000","100.0000","71.3400","72.6100","58.6000","60.5100","61.7800","74.5200","35.6700","157","7/7/2025 11:42","4","2","2.0000","0.2700","0.1300","100.0000","58.0000","96.0000","93.0000","99.0000","-0.5900","-0.0530","-0.4700","-0.4200","-0.5100","36.9400","63.6900","39.4900","41.4000","37.5800","11","4","78.3400","35.0000","0.2500","0.2700","91.0800","15.0000","1.1100","3","73.2500","43.0000","0.2500","0","70.7000","47.0000","-0.3400","0.0000","70.7000","47.0000","-0.3700","0","70.7000","47.0000","-0.4800","0.2000","84.0800","26.0000","1.0100","0.0000","70.7000","47.0000","-0.5100","0.0000","96.1800","7.0000","-0.1800","0","96.1800","7.0000","-0.1500","0.0000","96.1800","7.0000","-0.1800","0","96.1800","7.0000","-0.1700","5","0","0"
"AAD2023.09.02768","354","10118","161","Virginia Polytechnic Institute and State University","Statistics, Department of","Statistics","23","50.0000","257","32.0000","23","38.0000","11.1700","30.0000","4738","30.0000","22","39.0000","0.9600","102.0000","8","52.0000","18","44.0000","4220602.0000","48.0000","28","35.0000","13","30.0000","7","37.0000","5","28.0000","19","22","5","20","18","0.2200","0.8300","30.0000","81.5300","0.3000","0.4100","41.0000","74.5200","1.0000","0.9000","1.0000","100.0000","11.1700","0.9000","27.0000","83.4400","0.9600","0.5900","56.0000","64.9700","206.0000","0.2700","31.0000","80.8900","18.4400","0.0100","35.0000","78.3400","0.3500","0.2000","63.0000","60.5100","0.7800","0.3300","46.0000","71.3400","183504.4300","0.0200","56.0000","64.9700","234477.8900","-0.0500","67.0000","57.9600","1.2200","0.3400","39.0000","75.8000","0.5700","0.9300","34.0000","78.9800","0.6000","18.0000","89.1700","0.7100","0.6500","0.3500","0.1300","0.4300","0.7500","0.0234","0.3300","0.2900","0.3100","0.0200","0.2500","0.7800","0.2100","81.5300","82.8000","75.8000","67.5200","76.4300","81.5300","35.6700","78.3400","77.0700","81.5300","70.0600","72.6100","80.2500","68.7900","157","7/7/2025 11:42","29","13","2.2300","1.2600","0.5700","9.0000","52.0000","17.0000","18.0000","7.0000","1.7700","0.0777","0.8000","0.8500","2.1100","94.9000","67.5200","89.8100","89.1700","96.1800","11","3","68.7900","50.0000","0.0000","0.1300","52.8700","75.0000","-0.0100","2","63.0600","59.0000","-0.1600","2","87.9000","20.0000","0.0800","0.0900","81.5300","30.0000","0.2000","2","93.6300","11.0000","1.2600","0.0900","46.5000","85.0000","-0.2500","0.0900","92.9900","12.0000","1.5100","0.0000","96.1800","7.0000","-0.1800","0","96.1800","7.0000","-0.1500","0.0000","96.1800","7.0000","-0.1800","0","96.1800","7.0000","-0.1700","5","0","0"
"AAD2023.09.02768","156","10575","161","Ohio State University, The","Statistics, Department of","Statistics","24","48.0000","166","58.0000","23","38.0000","7.2200","92.0000","1663","76.0000","24","36.0000","1.0000","1.0000","10","39.0000","15","50.0000","2029049.0000","73.0000","24","41.0000","15","22.0000","3","71.0000","2","73.0000","19","22","5","20","18","0.0800","-0.4600","103.0000","35.0300","0.1300","-0.4100","90.0000","43.3100","0.9600","0.5900","56.0000","64.9700","6.9200","-0.1700","82.0000","48.4100","1.0000","0.8800","1.0000","100.0000","69.2900","-0.3800","84.0000","47.1300","10.0200","-0.2500","93.0000","41.4000","0.4200","0.4900","47.0000","70.7000","0.6300","0.0500","57.0000","64.3300","84543.7100","-0.4000","78.0000","50.9600","135269.9300","-0.4800","104.0000","34.3900","1.0000","0.1300","49.0000","69.4300","0.6300","1.1800","23.0000","85.9900","0.2000","51.0000","68.1500","0.9800","-0.3400","0.5400","0.4200","0.4300","-0.2900","0.5721","0.1700","-0.3300","-0.3100","-0.3600","0.0600","0.0500","0.2900","86.6200","54.1400","77.7100","75.8000","76.4300","42.0400","100.0000","74.5200","55.4100","52.2300","54.1400","68.7900","63.6900","70.0600","157","7/7/2025 11:42","8","4","2.0000","0.3300","0.1700","69.0000","58.0000","73.0000","81.0000","88.0000","-0.1600","-0.0530","-0.2600","-0.3300","-0.3000","56.6900","63.6900","54.1400","49.0400","44.5900","11","5","83.4400","27.0000","0.5100","0.2100","79.6200","33.0000","0.6300","5","89.8100","17.0000","1.0500","0","70.7000","47.0000","-0.3400","0.0000","70.7000","47.0000","-0.3700","0","70.7000","47.0000","-0.4800","0.2100","85.3500","24.0000","1.1000","0.0000","70.7000","47.0000","-0.5100","0.0000","96.1800","7.0000","-0.1800","0","96.1800","7.0000","-0.1500","0.0000","96.1800","7.0000","-0.1800","0","96.1800","7.0000","-0.1700","5","0","0"
"AAD2023.09.02768","270","10865","161","University of Delaware","Applied Economics and Statistics, Department of","Statistics","16","95.0000","99","100.0000","15","86.0000","6.6000","98.0000","1403","89.0000","15","79.0000","1.0000","1.0000","3","92.0000","5","91.0000","1937363.0000","76.0000","4","109.0000","3","104.0000","1","102.0000","1","97.0000","19","22","5","20","18","0.0600","-0.6600","111.0000","29.9400","0.0600","-0.6900","114.0000","28.0300","0.9400","0.4400","67.0000","57.9600","6.1900","-0.3500","94.0000","40.7600","0.9400","0.4700","66.0000","58.6000","87.6900","-0.2900","69.0000","56.6900","14.1700","-0.1200","59.0000","63.0600","0.1900","-0.4900","94.0000","40.7600","0.3100","-0.4900","87.0000","45.2200","121085.1900","-0.2400","68.0000","57.3200","387472.6000","0.6100","29.0000","82.1700","0.2500","-0.6000","109.0000","31.2100","0.1900","-0.6900","114.0000","28.0300","0.0000","67.0000","57.9600","-0.6700","-0.6700","-0.2800","-0.5700","-0.3100","-0.4500","0.5721","-0.6100","-0.6300","-0.3600","-0.3800","-0.5600","-0.5000","-0.4000","34.3900","38.8500","50.3200","42.0400","45.8600","38.2200","100.0000","31.2100","35.6700","43.9500","52.2300","42.6800","36.9400","40.1300","157","7/7/2025 11:42","5","4","1.2500","0.3100","0.2500","69.0000","100.0000","89.0000","83.0000","57.0000","-0.1600","-0.4790","-0.4200","-0.3600","0.2000","56.6900","36.9400","43.9500","47.7700","64.3300","11","1","42.0400","92.0000","-0.5200","0.0600","34.3900","104.0000","-0.5700","2","63.0600","59.0000","-0.1600","0","70.7000","47.0000","-0.3400","0.0000","70.7000","47.0000","-0.3700","0","70.7000","47.0000","-0.4800","0.1300","57.3200","68.0000","0.1700","0.0000","70.7000","47.0000","-0.5100","0.0000","96.1800","7.0000","-0.1800","0","96.1800","7.0000","-0.1500","0.0000","96.1800","7.0000","-0.1800","0","96.1800","7.0000","-0.1700","5","0","0"
"AAD2023.09.02768","109","11275","161","Louisiana State University","Experimental Statistics, Department of","Statistics","6","148.0000","76","113.0000","5","144.0000","15.2000","11.0000","1254","95.0000","5","143.0000","1.0000","1.0000","0","138.0000","0","138.0000","0.0000","138.0000","4","109.0000","2","117.0000","3","71.0000","2","73.0000","19","22","5","20","18","0.3300","1.9400","6.0000","96.8200","0.5000","1.3100","13.0000","92.3600","0.8300","-0.3200","111.0000","29.9400","12.6700","1.2700","16.0000","90.4500","0.8300","-0.2300","108.0000","31.8500","209.0000","0.2900","30.0000","81.5300","16.5000","-0.0500","43.0000","73.2500","0.0000","-1.2900","138.0000","12.7400","0.0000","-1.0400","138.0000","12.7400","0.0000","-0.7600","138.0000","12.7400","0.0000","-1.0600","138.0000","12.7400","0.6700","-0.1900","65.0000","59.2400","0.3300","-0.0700","67.0000","57.9600","0.2000","51.0000","68.1500","-0.8000","-0.3400","-1.1900","-0.9900","-1.2200","1.8100","0.5721","-0.6100","-0.3300","-0.3900","-0.7200","-0.8700","-0.6800","-1.2800","26.1100","54.1400","9.5500","12.7400","8.9200","93.6300","100.0000","31.2100","55.4100","40.1300","12.7400","12.7400","28.6600","6.3700","157","7/7/2025 11:42","0","0","0.0000","0.0000","0.0000","137.0000","137.0000","137.0000","137.0000","137.0000","-1.0200","-1.1890","-0.6700","-0.7600","-1.3100","13.3800","13.3800","13.3800","13.3800","13.3800","11","1","42.0400","92.0000","-0.5200","0.1700","67.5200","52.0000","0.2900","1","44.5900","88.0000","-0.5600","1","80.8900","31.0000","-0.1300","0.1700","92.3600","13.0000","0.7300","1","87.9000","20.0000","0.3900","0.1700","73.8900","42.0000","0.6400","0.1700","99.3600","2.0000","3.3600","0.0000","96.1800","7.0000","-0.1800","0","96.1800","7.0000","-0.1500","0.0000","96.1800","7.0000","-0.1800","0","96.1800","7.0000","-0.1700","5","0","0"
"AAD2023.09.02768","217","11533","161","Texas A&M Corpus Christi","Mathematics and Statistics, Department of","Statistics","15","102.0000","73","115.0000","11","120.0000","6.6400","97.0000","925","102.0000","13","104.0000","1.0000","1.0000","1","126.0000","1","129.0000","117312.0000","132.0000","1","136.0000","1","131.0000","0","127.0000","0","127.0000","19","22","5","20","18","0.0000","-1.2600","127.0000","19.7500","0.0000","-0.9800","127.0000","19.7500","0.7300","-1.0500","134.0000","15.2900","4.8700","-0.6800","115.0000","27.3900","0.8700","0.0000","92.0000","42.0400","61.6700","-0.4200","94.0000","40.7600","12.6700","-0.1600","67.0000","57.9600","0.0700","-1.0100","134.0000","15.2900","0.0700","-0.9200","135.0000","14.6500","7820.8000","-0.7200","135.0000","14.6500","117312.0000","-0.5600","119.0000","24.8400","0.0700","-0.7800","143.0000","9.5500","0.0700","-1.2100","140.0000","11.4700","-0.5000","119.0000","24.8400","-0.9400","-1.0000","-0.4600","-0.8500","-0.6700","-0.4400","0.5721","-0.7300","-0.7900","-0.4600","-0.6900","-0.8000","-0.7100","-0.4900","17.2000","19.7500","34.3900","20.3800","24.2000","38.8500","100.0000","14.0100","19.7500","35.6700","16.5600","18.4700","27.3900","35.6700","157","7/7/2025 11:42","6","5","1.2000","0.4000","0.3300","48.0000","102.0000","83.0000","74.0000","35.0000","0.0500","-0.5074","-0.3600","-0.2500","0.7000","70.0600","35.6700","47.7700","53.5000","78.3400","11","3","68.7900","50.0000","0.0000","0.2000","78.9800","34.0000","0.5600","1","44.5900","88.0000","-0.5600","0","70.7000","47.0000","-0.3400","0.0000","70.7000","47.0000","-0.3700","0","70.7000","47.0000","-0.4800","0.0700","37.5800","99.0000","-0.4800","0.0000","70.7000","47.0000","-0.5100","0.0000","96.1800","7.0000","-0.1800","0","96.1800","7.0000","-0.1500","0.0000","96.1800","7.0000","-0.1800","0","96.1800","7.0000","-0.1700","5","0","0"
"AAD2023.09.02768","72","11848","161","Florida International University","Mathematics and Statistical Sciences, Department of","Statistics","33","17.0000","253","33.0000","24","35.0000","10.5400","42.0000","1846","67.0000","25","34.0000","1.0000","1.0000","4","78.0000","12","61.0000","2437047.0000","66.0000","18","52.0000","14","25.0000","10","20.0000","6","20.0000","19","22","5","20","18","0.1800","0.4900","45.0000","71.9700","0.3000","0.4100","42.0000","73.8900","0.7300","-1.0900","136.0000","14.0100","7.6700","0.0200","69.0000","56.6900","0.7600","-0.7300","127.0000","19.7500","55.9400","-0.4500","102.0000","35.6700","7.3000","-0.3300","117.0000","26.1100","0.1200","-0.7700","115.0000","27.3900","0.3600","-0.4000","80.0000","49.6800","73849.9100","-0.4400","86.0000","45.8600","203087.2500","-0.1900","78.0000","50.9600","0.5500","-0.3100","79.0000","50.3200","0.4200","0.3200","56.0000","64.9700","-0.3000","98.0000","38.2200","0.8500","0.9900","0.6300","-0.4300","0.5200","0.5900","0.5721","-0.0600","0.7500","-0.2700","-0.2900","-0.1200","0.7500","1.0800","84.7100","87.9000","78.9800","50.9600","78.3400","73.8900","100.0000","67.5200","87.9000","57.9600","58.6000","61.7800","79.6200","89.8100","157","7/7/2025 11:42","7","5","1.4000","0.2100","0.1500","48.0000","92.0000","76.0000","100.0000","92.0000","0.0500","-0.3938","-0.3100","-0.4900","-0.4000","70.0600","42.0400","52.2300","36.9400","42.0400","11","4","78.3400","35.0000","0.2500","0.1200","50.9600","78.0000","-0.0900","3","73.2500","43.0000","0.2500","0","70.7000","47.0000","-0.3400","0.0000","70.7000","47.0000","-0.3700","0","70.7000","47.0000","-0.4800","0.0900","47.7700","83.0000","-0.2100","0.0000","70.7000","47.0000","-0.5100","0.0000","96.1800","7.0000","-0.1800","0","96.1800","7.0000","-0.1500","0.0000","96.1800","7.0000","-0.1800","0","96.1800","7.0000","-0.1700","5","0","0"
"AAD2023.09.02768","242","12825","161","University of Akron, The","Statistics, Department of","Statistics","4","157.0000","12","152.0000","3","155.0000","4.0000","138.0000","55","154.0000","3","156.0000","1.0000","1.0000","0","138.0000","0","138.0000","0.0000","138.0000","0","147.0000","0","147.0000","1","102.0000","1","97.0000","19","22","5","20","18","0.2500","1.1400","22.0000","86.6200","0.2500","0.1700","53.0000","66.8800","0.7500","-0.9300","131.0000","17.2000","3.0000","-1.1500","137.0000","13.3800","0.7500","-0.7800","128.0000","19.1100","13.7500","-0.6500","144.0000","8.9200","4.5800","-0.4200","145.0000","8.2800","0.0000","-1.2900","138.0000","12.7400","0.0000","-1.0400","138.0000","12.7400","0.0000","-0.7600","138.0000","12.7400","0.0000","-1.0600","138.0000","12.7400","0.0000","-0.8500","147.0000","7.0100","0.0000","-1.5000","147.0000","7.0100","-0.8000","135.0000","14.6500","-1.0800","-0.6700","-1.3700","-0.9900","-1.4100","-1.1300","0.5721","-0.7700","-0.6300","-0.6400","-0.7200","-0.8700","-1.2000","-1.4500","7.0100","38.8500","1.2700","12.7400","1.9100","12.7400","100.0000","7.0100","35.6700","2.5500","12.7400","12.7400","3.8200","0.6400","157","7/7/2025 11:42","1","1","1.0000","0.2500","0.2500","117.0000","105.0000","119.0000","94.0000","57.0000","-0.8100","-0.6210","-0.6200","-0.4400","0.2000","26.1100","33.7600","24.8400","40.7600","64.3300","11","1","42.0400","92.0000","-0.5200","0.2500","88.5400","19.0000","0.9700","1","44.5900","88.0000","-0.5600","0","70.7000","47.0000","-0.3400","0.0000","70.7000","47.0000","-0.3700","0","70.7000","47.0000","-0.4800","0.2500","95.5400","8.0000","1.5700","0.0000","70.7000","47.0000","-0.5100","0.0000","96.1800","7.0000","-0.1800","0","96.1800","7.0000","-0.1500","0.0000","96.1800","7.0000","-0.1800","0","96.1800","7.0000","-0.1700","5","0","0"
"AAD2023.09.02768","152","13409","161","Northern Illinois University","Statistics and Actuarial Science, Department of","Statistics","5","153.0000","15","151.0000","5","144.0000","3.0000","148.0000","165","144.0000","5","143.0000","1.0000","1.0000","0","138.0000","0","138.0000","0.0000","138.0000","1","136.0000","1","131.0000","0","127.0000","0","127.0000","19","22","5","20","18","0.0000","-1.2600","127.0000","19.7500","0.0000","-0.9800","127.0000","19.7500","1.0000","0.9000","1.0000","100.0000","3.0000","-1.1500","137.0000","13.3800","1.0000","0.8800","1.0000","100.0000","33.0000","-0.5600","126.0000","20.3800","11.0000","-0.2200","82.0000","48.4100","0.0000","-1.2900","138.0000","12.7400","0.0000","-1.0400","138.0000","12.7400","0.0000","-0.7600","138.0000","12.7400","0.0000","-1.0600","138.0000","12.7400","0.2000","-0.6500","118.0000","25.4800","0.2000","-0.6400","107.0000","32.4800","-0.5000","119.0000","24.8400","-0.9400","-1.0000","-1.1900","-0.9900","-1.2200","-1.4000","0.5721","-0.7300","-0.7900","-0.6100","-0.7200","-0.8700","-1.1700","-1.3700","17.2000","19.7500","9.5500","12.7400","8.9200","6.3700","100.0000","14.0100","19.7500","8.9200","12.7400","12.7400","4.4600","3.1800","157","7/7/2025 11:42","0","0","0.0000","0.0000","0.0000","137.0000","137.0000","137.0000","137.0000","137.0000","-1.0200","-1.1890","-0.6700","-0.7600","-1.3100","13.3800","13.3800","13.3800","13.3800","13.3800","11","0","22.9300","122.0000","-0.7800","0.0000","22.9300","122.0000","-1.0900","0","22.9300","122.0000","-0.9600","0","70.7000","47.0000","-0.3400","0.0000","70.7000","47.0000","-0.3700","0","70.7000","47.0000","-0.4800","0.0000","22.9300","122.0000","-1.2200","0.0000","70.7000","47.0000","-0.5100","0.0000","96.1800","7.0000","-0.1800","0","96.1800","7.0000","-0.1500","0.0000","96.1800","7.0000","-0.1800","0","96.1800","7.0000","-0.1700","5","0","0"
"AAD2023.09.02768","96","13627","161","Indiana University - Bloomington","Statistics, Department of","Statistics","7","143.0000","32","143.0000","5","144.0000","6.4000","103.0000","396","125.0000","7","135.0000","1.0000","1.0000","1","126.0000","1","129.0000","1605005.0000","81.0000","3","116.0000","2","117.0000","0","127.0000","0","127.0000","19","22","5","20","18","0.0000","-1.2600","127.0000","19.7500","0.0000","-0.9800","127.0000","19.7500","0.7100","-1.1900","139.0000","12.1000","4.5700","-0.7500","118.0000","25.4800","1.0000","0.8800","1.0000","100.0000","56.5700","-0.4400","100.0000","36.9400","12.3800","-0.1700","71.0000","55.4100","0.1400","-0.6800","110.0000","30.5700","0.1400","-0.7900","119.0000","24.8400","229286.4300","0.2200","43.0000","73.2500","1605005.0000","5.8800","1.0000","100.0000","0.4300","-0.4300","92.0000","42.0400","0.2900","-0.2700","89.0000","43.9500","-0.3000","98.0000","38.2200","-0.8000","-1.0000","-1.0100","-0.8500","-1.2200","-0.5000","0.5721","-0.6500","-0.7900","-0.5700","-0.4400","-0.8000","-1.0400","-1.1900","26.1100","19.7500","14.6500","20.3800","8.9200","35.0300","100.0000","26.7500","19.7500","21.0200","49.0400","18.4700","9.5500","9.5500","157","7/7/2025 11:42","0","0","0.0000","0.0000","0.0000","137.0000","137.0000","137.0000","137.0000","137.0000","-1.0200","-1.1890","-0.6700","-0.7600","-1.3100","13.3800","13.3800","13.3800","13.3800","13.3800","11","1","42.0400","92.0000","-0.5200","0.1400","58.6000","66.0000","0.0900","1","44.5900","88.0000","-0.5600","0","70.7000","47.0000","-0.3400","0.0000","70.7000","47.0000","-0.3700","0","70.7000","47.0000","-0.4800","0.1400","64.9700","56.0000","0.3700","0.0000","70.7000","47.0000","-0.5100","0.0000","96.1800","7.0000","-0.1800","0","96.1800","7.0000","-0.1500","0.0000","96.1800","7.0000","-0.1800","0","96.1800","7.0000","-0.1700","5","0","0"
"AAD2023.09.02768","12","13955","161","Arizona State University","Mathematical and Statistical Sciences, School of","Statistics","58","2.0000","352","11.0000","52","2.0000","6.7700","96.0000","5410","24.0000","53","2.0000","0.9600","99.0000","22","7.0000","40","11.0000","11930088.0000","16.0000","41","22.0000","19","14.0000","10","20.0000","7","13.0000","19","22","5","20","18","0.1200","-0.1000","78.0000","50.9600","0.1700","-0.1900","71.0000","55.4100","0.9000","0.1400","91.0000","42.6800","6.0700","-0.3800","97.0000","38.8500","0.9100","0.3100","76.0000","52.2300","93.2800","-0.2700","66.0000","58.6000","15.3700","-0.0800","53.0000","66.8800","0.3800","0.3300","57.0000","64.3300","0.6900","0.1600","53.0000","66.8800","205691.1700","0.1100","49.0000","69.4300","298252.2000","0.2300","48.0000","70.0600","0.7100","-0.1500","63.0000","60.5100","0.3300","-0.0900","75.0000","52.8700","0.0000","67.0000","57.9600","1.5300","1.3200","3.1700","2.1000","3.0900","-0.4100","0.1047","0.8400","0.7500","0.4500","1.3500","1.6100","1.5500","3.2600","91.7200","92.3600","99.3600","96.1800","99.3600","39.4900","37.5800","86.6200","87.9000","85.3500","90.4500","93.6300","93.6300","99.3600","157","7/7/2025 11:42","25","15","1.6700","0.4300","0.2600","6.0000","81.0000","22.0000","69.0000","55.0000","2.2000","-0.2404","0.6000","-0.2100","0.2500","96.8200","49.0400","86.6200","56.6900","65.6100","11","13","98.0900","4.0000","2.5800","0.2200","82.8000","28.0000","0.7600","11","98.7300","3.0000","3.4700","12","95.5400","8.0000","2.2000","0.2100","93.6300","11.0000","0.9900","5","98.7300","3.0000","3.8800","0.1900","79.6200","33.0000","0.8900","0.0900","91.7200","14.0000","1.4900","0.0000","96.1800","7.0000","-0.1800","0","96.1800","7.0000","-0.1500","0.0000","96.1800","7.0000","-0.1800","0","96.1800","7.0000","-0.1700","5","0","0"
"AAD2023.09.02768","318","14277","161","University of North Carolina at Greensboro, The","Mathematics and Statistics, Department of","Statistics","19","73.0000","121","84.0000","17","70.0000","7.1200","93.0000","679","113.0000","18","65.0000","1.0000","1.0000","8","52.0000","13","57.0000","1646118.0000","80.0000","10","80.0000","5","82.0000","1","102.0000","1","97.0000","19","22","5","20","18","0.0500","-0.7600","117.0000","26.1100","0.0500","-0.7400","119.0000","24.8400","0.8900","0.1300","92.0000","42.0400","6.3700","-0.3000","89.0000","43.9500","0.9500","0.5300","63.0000","60.5100","35.7400","-0.5400","120.0000","24.2000","5.6100","-0.3800","131.0000","17.2000","0.4200","0.5100","46.0000","71.3400","0.6800","0.1500","54.0000","66.2400","86637.7900","-0.3900","76.0000","52.2300","126624.4600","-0.5200","111.0000","29.9400","0.5300","-0.3300","83.0000","47.7700","0.2600","-0.3700","93.0000","41.4000","-0.2000","85.0000","46.5000","-0.3900","-0.6700","-0.0100","0.1300","-0.1200","-0.3100","0.5721","-0.3800","-0.6300","-0.5100","-0.4300","-0.0600","-0.3200","-0.1400","48.4100","38.8500","59.2400","67.5200","56.0500","41.4000","100.0000","49.6800","35.6700","28.6600","49.6800","64.3300","47.1300","54.1400","157","7/7/2025 11:42","4","5","0.8000","0.2100","0.2600","48.0000","134.0000","96.0000","101.0000","54.0000","0.0500","-0.7346","-0.4700","-0.4900","0.2800","70.0600","15.2900","39.4900","36.3100","66.2400","11","3","68.7900","50.0000","0.0000","0.1600","64.3300","57.0000","0.2100","1","44.5900","88.0000","-0.5600","0","70.7000","47.0000","-0.3400","0.0000","70.7000","47.0000","-0.3700","0","70.7000","47.0000","-0.4800","0.0500","32.4800","107.0000","-0.6400","0.0000","70.7000","47.0000","-0.5100","0.0000","96.1800","7.0000","-0.1800","0","96.1800","7.0000","-0.1500","0.0000","96.1800","7.0000","-0.1800","0","96.1800","7.0000","-0.1700","5","0","0"
"AAD2023.09.02768","353","14891","161","Virginia Commonwealth University","Statistical Sciences and Operations Research, Department of","Statistics","12","123.0000","86","103.0000","11","120.0000","7.8200","77.0000","1433","86.0000","11","120.0000","1.0000","1.0000","1","126.0000","2","116.0000","261146.0000","122.0000","5","99.0000","4","93.0000","0","127.0000","0","127.0000","19","22","5","20","18","0.0000","-1.2600","127.0000","19.7500","0.0000","-0.9800","127.0000","19.7500","0.9200","0.2900","80.0000","49.6800","7.1700","-0.1100","80.0000","49.6800","0.9200","0.3300","75.0000","52.8700","119.4200","-0.1400","58.0000","63.6900","16.6600","-0.0400","42.0000","73.8900","0.0800","-0.9400","129.0000","18.4700","0.1700","-0.7500","110.0000","30.5700","21762.1700","-0.6700","120.0000","24.2000","130573.0000","-0.5000","107.0000","32.4800","0.4200","-0.4400","94.0000","40.7600","0.3300","-0.0700","67.0000","57.9600","0.0000","67.0000","57.9600","-0.5300","-1.0000","-0.6500","-0.8500","-0.6700","-0.1300","0.5721","-0.5700","-0.7900","-0.3600","-0.6700","-0.7400","-0.6000","-0.7500","41.4000","19.7500","24.2000","20.3800","24.2000","51.5900","100.0000","37.5800","19.7500","45.8600","22.9300","26.7500","35.0300","22.2900","157","7/7/2025 11:42","7","4","1.7500","0.5800","0.3300","69.0000","77.0000","76.0000","54.0000","35.0000","-0.1600","-0.1950","-0.3100","-0.0100","0.7000","56.6900","51.5900","52.2300","66.2400","78.3400","11","0","22.9300","122.0000","-0.7800","0.0000","22.9300","122.0000","-1.0900","0","22.9300","122.0000","-0.9600","0","70.7000","47.0000","-0.3400","0.0000","70.7000","47.0000","-0.3700","0","70.7000","47.0000","-0.4800","0.0000","22.9300","122.0000","-1.2200","0.0000","70.7000","47.0000","-0.5100","0.0000","96.1800","7.0000","-0.1800","0","96.1800","7.0000","-0.1500","0.0000","96.1800","7.0000","-0.1800","0","96.1800","7.0000","-0.1700","5","0","0"
"AAD2023.09.02768","51","15385","161","Cornell University","Statistics and Data Science, Department of","Statistics","15","102.0000","179","54.0000","14","93.0000","12.7900","19.0000","2929","48.0000","14","92.0000","1.0000","1.0000","8","52.0000","25","31.0000","8297002.0000","27.0000","21","46.0000","12","35.0000","6","44.0000","4","39.0000","19","22","5","20","18","0.2700","1.3000","16.0000","90.4500","0.4000","0.8500","23.0000","85.9900","0.9300","0.4100","69.0000","56.6900","11.9300","1.0900","19.0000","88.5400","0.9300","0.4400","67.0000","57.9600","195.2700","0.2200","35.0000","78.3400","16.3600","-0.0500","45.0000","71.9700","0.5300","0.9900","29.0000","82.1700","1.6700","1.8700","9.0000","94.9000","553133.4700","1.5900","11.0000","93.6300","331880.0800","0.3700","38.0000","76.4300","1.4000","0.5200","29.0000","82.1700","0.8000","1.9300","7.0000","96.1800","0.8000","11.0000","93.6300","0.5700","0.3200","-0.3700","0.1300","-0.4000","1.1800","0.5721","0.0500","0.1300","-0.0500","0.7200","0.6800","0.1500","-0.4900","78.3400","75.8000","42.0400","67.5200","41.4000","88.5400","100.0000","71.3400","72.6100","70.0600","83.4400","80.8900","66.2400","35.6700","157","7/7/2025 11:42","5","4","1.2500","0.3300","0.2700","69.0000","100.0000","89.0000","81.0000","51.0000","-0.1600","-0.4790","-0.4200","-0.3300","0.3000","56.6900","36.9400","43.9500","49.0400","68.1500","11","3","68.7900","50.0000","0.0000","0.2000","78.9800","34.0000","0.5600","3","73.2500","43.0000","0.2500","0","70.7000","47.0000","-0.3400","0.0000","70.7000","47.0000","-0.3700","0","70.7000","47.0000","-0.4800","0.2000","84.0800","26.0000","1.0100","0.0000","70.7000","47.0000","-0.5100","0.0000","96.1800","7.0000","-0.1800","0","96.1800","7.0000","-0.1500","0.0000","96.1800","7.0000","-0.1800","0","96.1800","7.0000","-0.1700","5","0","0"
"AAD2023.09.02768","312","17073","161","University of Nevada, Reno","Mathematics and Statistics, Department of","Statistics","23","50.0000","109","93.0000","22","43.0000","4.9500","126.0000","797","106.0000","22","39.0000","1.0000","1.0000","5","74.0000","7","82.0000","1075439.0000","97.0000","13","72.0000","10","43.0000","9","25.0000","6","20.0000","19","22","5","20","18","0.2600","1.2500","19.0000","88.5400","0.3900","0.8100","26.0000","84.0800","0.9600","0.5800","57.0000","64.3300","4.7400","-0.7100","116.0000","26.7500","0.9600","0.5900","56.0000","64.9700","34.6500","-0.5500","122.0000","22.9300","7.3100","-0.3300","116.0000","26.7500","0.2200","-0.3600","83.0000","47.7700","0.3000","-0.5100","89.0000","43.9500","46758.2200","-0.5600","99.0000","37.5800","153634.1400","-0.4000","95.0000","40.1300","0.5700","-0.2900","77.0000","51.5900","0.4300","0.3700","52.0000","67.5200","-0.3000","98.0000","38.2200","0.3000","0.9900","0.3500","-0.2900","0.3400","-0.8800","0.5721","-0.2600","0.6000","-0.4900","-0.5300","-0.4300","-0.4100","0.2100","73.2500","87.9000","75.8000","53.5000","73.2500","20.3800","100.0000","54.7800","84.7100","33.1200","38.8500","48.4100","41.4000","68.7900","157","7/7/2025 11:42","9","3","3.0000","0.3900","0.1300","84.0000","33.0000","69.0000","76.0000","102.0000","-0.3800","0.5151","-0.2100","-0.2600","-0.5200","47.1300","79.6200","56.6900","52.2300","35.6700","11","4","78.3400","35.0000","0.2500","0.1700","68.7900","50.0000","0.3500","4","85.3500","24.0000","0.6500","0","70.7000","47.0000","-0.3400","0.0000","70.7000","47.0000","-0.3700","0","70.7000","47.0000","-0.4800","0.1700","75.1600","40.0000","0.7200","0.0000","70.7000","47.0000","-0.5100","0.0000","96.1800","7.0000","-0.1800","0","96.1800","7.0000","-0.1500","0.0000","96.1800","7.0000","-0.1800","0","96.1800","7.0000","-0.1700","5","0","0"
"AAD2023.09.02768","143","17477","161","New Mexico State University","Economics, Applied Statistics and International Business, Department of","Statistics","18","77.0000","150","69.0000","14","93.0000","10.7100","39.0000","1317","93.0000","12","112.0000","0.8600","142.0000","0","138.0000","0","138.0000","0.0000","138.0000","2","127.0000","1","131.0000","0","127.0000","0","127.0000","19","22","5","20","18","0.0000","-1.2600","127.0000","19.7500","0.0000","-0.9800","127.0000","19.7500","0.7800","-0.7200","125.0000","21.0200","8.3300","0.1900","61.0000","61.7800","0.6700","-1.3400","140.0000","11.4700","73.1700","-0.3600","82.0000","48.4100","8.7800","-0.2900","107.0000","32.4800","0.0000","-1.2900","138.0000","12.7400","0.0000","-1.0400","138.0000","12.7400","0.0000","-0.7600","138.0000","12.7400","0.0000","-1.0600","138.0000","12.7400","0.1100","-0.7400","136.0000","14.0100","0.0600","-1.2600","144.0000","8.9200","-0.4000","109.0000","31.2100","-0.9400","-1.0000","-0.5600","-0.9900","-0.4000","0.6300","-1.2306","-0.6900","-0.7900","-0.3800","-0.7200","-0.8700","-0.0800","-0.2300","17.2000","19.7500","29.3000","12.7400","41.4000","75.8000","10.1900","19.7500","19.7500","41.4000","12.7400","12.7400","56.6900","51.5900","157","7/7/2025 11:42","2","2","1.0000","0.1100","0.1100","100.0000","105.0000","113.0000","121.0000","109.0000","-0.5900","-0.6210","-0.5700","-0.6100","-0.6400","36.9400","33.7600","28.6600","23.5700","31.2100","11","0","22.9300","122.0000","-0.7800","0.0000","22.9300","122.0000","-1.0900","0","22.9300","122.0000","-0.9600","0","70.7000","47.0000","-0.3400","0.0000","70.7000","47.0000","-0.3700","0","70.7000","47.0000","-0.4800","0.0000","22.9300","122.0000","-1.2200","0.0000","70.7000","47.0000","-0.5100","0.0000","96.1800","7.0000","-0.1800","0","96.1800","7.0000","-0.1500","0.0000","96.1800","7.0000","-0.1800","0","96.1800","7.0000","-0.1700","5","0","0"
"AAD2023.09.02768","131","18619","161","Miami University","Statistics, Department of","Statistics","11","129.0000","61","122.0000","10","124.0000","6.1000","109.0000","393","126.0000","11","120.0000","1.0000","1.0000","0","138.0000","0","138.0000","0.0000","138.0000","5","99.0000","5","82.0000","0","127.0000","0","127.0000","19","22","5","20","18","0.0000","-1.2600","127.0000","19.7500","0.0000","-0.9800","127.0000","19.7500","0.9100","0.2400","85.0000","46.5000","5.5500","-0.5100","104.0000","34.3900","1.0000","0.8800","1.0000","100.0000","35.7300","-0.5400","121.0000","23.5700","6.4400","-0.3600","123.0000","22.2900","0.0000","-1.2900","138.0000","12.7400","0.0000","-1.0400","138.0000","12.7400","0.0000","-0.7600","138.0000","12.7400","0.0000","-1.0600","138.0000","12.7400","0.4500","-0.4000","89.0000","43.9500","0.4500","0.4500","47.0000","70.7000","-0.2000","85.0000","46.5000","-0.3900","-1.0000","-0.6500","-0.9900","-0.7600","-0.5800","0.5721","-0.5700","-0.7900","-0.5700","-0.7200","-0.8700","-0.8000","-0.8400","48.4100","19.7500","24.2000","12.7400","21.6600","31.2100","100.0000","37.5800","19.7500","20.3800","12.7400","12.7400","22.9300","18.4700","157","7/7/2025 11:42","1","1","1.0000","0.0900","0.0900","117.0000","105.0000","119.0000","123.0000","120.0000","-0.8100","-0.6210","-0.6200","-0.6400","-0.7600","26.1100","33.7600","24.8400","22.2900","24.2000","11","0","22.9300","122.0000","-0.7800","0.0000","22.9300","122.0000","-1.0900","0","22.9300","122.0000","-0.9600","0","70.7000","47.0000","-0.3400","0.0000","70.7000","47.0000","-0.3700","0","70.7000","47.0000","-0.4800","0.0000","22.9300","122.0000","-1.2200","0.0000","70.7000","47.0000","-0.5100","0.0000","96.1800","7.0000","-0.1800","0","96.1800","7.0000","-0.1500","0.0000","96.1800","7.0000","-0.1800","0","96.1800","7.0000","-0.1700","5","0","0"
"AAD2023.09.02768","287","18855","161","University of Maine, The","Mathematics and Statistics, Department of","Statistics","18","77.0000","58","125.0000","13","104.0000","4.4600","133.0000","463","121.0000","14","92.0000","0.9300","121.0000","4","78.0000","9","75.0000","536809.0000","113.0000","3","116.0000","3","104.0000","2","84.0000","2","73.0000","19","22","5","20","18","0.1100","-0.1900","84.0000","47.1300","0.1100","-0.4700","94.0000","40.7600","0.7200","-1.1300","137.0000","13.3800","3.2200","-1.0900","134.0000","15.2900","0.7800","-0.6000","122.0000","22.9300","25.7200","-0.5900","128.0000","19.1100","7.9800","-0.3100","114.0000","28.0300","0.2200","-0.3400","80.0000","49.6800","0.5000","-0.1700","72.0000","54.7800","29822.7200","-0.6300","114.0000","28.0300","59645.4400","-0.8100","135.0000","14.6500","0.1700","-0.6800","123.0000","22.2900","0.1700","-0.7800","116.0000","26.7500","-0.8000","135.0000","14.6500","-0.6700","-0.3400","-0.3700","-0.4300","-0.4900","-1.0100","-0.2692","-0.6500","-0.4800","-0.5500","-0.6200","-0.3100","-0.8300","-0.2300","34.3900","54.1400","42.0400","50.9600","34.3900","15.9200","23.5700","26.7500","47.1300","23.5700","28.6600","52.8700","21.0200","51.5900","157","7/7/2025 11:42","1","1","1.0000","0.0600","0.0600","117.0000","105.0000","119.0000","130.0000","131.0000","-0.8100","-0.6210","-0.6200","-0.6900","-0.9800","26.1100","33.7600","24.8400","17.8300","17.2000","11","0","22.9300","122.0000","-0.7800","0.0000","22.9300","122.0000","-1.0900","0","22.9300","122.0000","-0.9600","0","70.7000","47.0000","-0.3400","0.0000","70.7000","47.0000","-0.3700","0","70.7000","47.0000","-0.4800","0.0000","22.9300","122.0000","-1.2200","0.0000","70.7000","47.0000","-0.5100","0.0000","96.1800","7.0000","-0.1800","0","96.1800","7.0000","-0.1500","0.0000","96.1800","7.0000","-0.1800","0","96.1800","7.0000","-0.1700","5","0","0"
"AAD2023.09.02768","362","18998","161","West Virginia University","Statistics, Department of","Statistics","5","153.0000","31","144.0000","5","144.0000","6.2000","106.0000","215","142.0000","5","143.0000","1.0000","1.0000","0","138.0000","0","138.0000","0.0000","138.0000","1","136.0000","1","131.0000","0","127.0000","0","127.0000","19","22","5","20","18","0.0000","-1.2600","127.0000","19.7500","0.0000","-0.9800","127.0000","19.7500","1.0000","0.9000","1.0000","100.0000","6.2000","-0.3500","93.0000","41.4000","1.0000","0.8800","1.0000","100.0000","43.0000","-0.5100","113.0000","28.6600","6.9400","-0.3400","118.0000","25.4800","0.0000","-1.2900","138.0000","12.7400","0.0000","-1.0400","138.0000","12.7400","0.0000","-0.7600","138.0000","12.7400","0.0000","-1.0600","138.0000","12.7400","0.2000","-0.6500","118.0000","25.4800","0.2000","-0.6400","107.0000","32.4800","-0.4000","109.0000","31.2100","-0.9400","-1.0000","-1.1900","-0.9900","-1.2200","-0.5600","0.5721","-0.7300","-0.7900","-0.6000","-0.7200","-0.8700","-1.0500","-1.3700","17.2000","19.7500","9.5500","12.7400","8.9200","33.1200","100.0000","14.0100","19.7500","10.1900","12.7400","12.7400","8.9200","3.1800","157","7/7/2025 11:42","1","1","1.0000","0.2000","0.2000","117.0000","105.0000","119.0000","103.0000","73.0000","-0.8100","-0.6210","-0.6200","-0.5000","-0.1000","26.1100","33.7600","24.8400","35.0300","54.1400","11","0","22.9300","122.0000","-0.7800","0.0000","22.9300","122.0000","-1.0900","0","22.9300","122.0000","-0.9600","0","70.7000","47.0000","-0.3400","0.0000","70.7000","47.0000","-0.3700","0","70.7000","47.0000","-0.4800","0.0000","22.9300","122.0000","-1.2200","0.0000","70.7000","47.0000","-0.5100","0.0000","96.1800","7.0000","-0.1800","0","96.1800","7.0000","-0.1500","0.0000","96.1800","7.0000","-0.1800","0","96.1800","7.0000","-0.1700","5","0","0"
"AAD2023.09.02768","260","19119","161","University of Central Florida","Statistics and Data Science, Department of","Statistics","13","119.0000","108","94.0000","13","104.0000","8.3100","67.0000","833","104.0000","13","104.0000","1.0000","1.0000","2","106.0000","3","108.0000","207115.0000","128.0000","3","116.0000","3","104.0000","0","127.0000","0","127.0000","19","22","5","20","18","0.0000","-1.2600","127.0000","19.7500","0.0000","-0.9800","127.0000","19.7500","1.0000","0.9000","1.0000","100.0000","8.3100","0.1800","62.0000","61.1500","1.0000","0.8800","1.0000","100.0000","64.0800","-0.4100","88.0000","44.5900","7.7100","-0.3200","115.0000","27.3900","0.1500","-0.6300","107.0000","32.4800","0.2300","-0.6400","105.0000","33.7600","15931.9200","-0.6900","128.0000","19.1100","69038.3300","-0.7700","133.0000","15.9200","0.2300","-0.6200","115.0000","27.3900","0.2300","-0.5100","104.0000","34.3900","0.0000","67.0000","57.9600","-0.6700","-1.0000","-0.4600","-0.7100","-0.4900","0.0000","0.5721","-0.6500","-0.7900","-0.4800","-0.6800","-0.6800","-0.4200","-0.6700","34.3900","19.7500","34.3900","33.1200","34.3900","57.9600","100.0000","26.7500","19.7500","34.3900","19.1100","31.8500","40.7600","24.8400","157","7/7/2025 11:42","15","5","3.0000","1.1500","0.3800","48.0000","33.0000","43.0000","22.0000","25.0000","0.0500","0.5151","0.0900","0.7200","1.0100","70.0600","79.6200","73.2500","86.6200","84.7100","11","2","58.6000","66.0000","-0.2600","0.1500","62.4200","60.0000","0.1800","2","63.0600","59.0000","-0.1600","0","70.7000","47.0000","-0.3400","0.0000","70.7000","47.0000","-0.3700","0","70.7000","47.0000","-0.4800","0.1500","68.7900","50.0000","0.4900","0.0000","70.7000","47.0000","-0.5100","0.0000","96.1800","7.0000","-0.1800","0","96.1800","7.0000","-0.1500","0.0000","96.1800","7.0000","-0.1800","0","96.1800","7.0000","-0.1700","5","0","0"
"AAD2023.09.02768","247","19594","161","University of Arizona, The","Statistics, GIDP","Statistics","37","12.0000","526","2.0000","37","8.0000","14.2200","13.0000","9485","13.0000","36","9.0000","0.9700","96.0000","17","14.0000","26","30.0000","10149086.0000","20.0000","50","14.0000","22","7.0000","9","25.0000","7","13.0000","19","22","5","20","18","0.1900","0.5600","42.0000","73.8900","0.2400","0.1300","55.0000","65.6100","1.0000","0.9000","1.0000","100.0000","14.2200","1.6600","12.0000","92.9900","0.9700","0.7000","47.0000","70.7000","256.3500","0.5100","23.0000","85.9900","18.0300","0.0000","36.0000","77.7100","0.4600","0.6800","43.0000","73.2500","0.7000","0.1900","52.0000","67.5200","274299.6200","0.4100","32.0000","80.2500","390349.4600","0.6200","27.0000","83.4400","1.3500","0.4800","33.0000","79.6200","0.5900","1.0500","31.0000","80.8900","0.6000","18.0000","89.1700","1.9500","1.3200","1.6300","1.4000","1.7200","1.5500","0.2310","1.1900","0.6000","1.2700","1.0400","0.7400","2.9500","1.4300","96.1800","92.3600","94.9000","91.7200","95.5400","92.3600","39.4900","91.7200","84.7100","92.3600","87.9000","81.5300","99.3600","92.9900","157","7/7/2025 11:42","39","14","2.7900","1.0500","0.3800","7.0000","42.0000","9.0000","26.0000","26.0000","1.9900","0.3958","1.3100","0.5900","0.9800","96.1800","73.8900","94.9000","84.0800","84.0800","11","14","98.7300","3.0000","2.8300","0.3800","95.5400","8.0000","2.0300","6","94.9000","9.0000","1.4500","1","80.8900","31.0000","-0.1300","0.0300","71.3400","46.0000","-0.1900","1","87.9000","20.0000","0.3900","0.1600","71.3400","46.0000","0.5900","0.0300","71.3400","46.0000","0.1200","0.0300","96.8200","6.0000","2.8900","1","99.3600","2.0000","2.1600","0.0300","96.8200","6.0000","2.6100","1","99.3600","2.0000","3.2200","5","0","0"
"AAD2023.09.02768","81","30070","161","Georgetown University","Mathematics and Statistics, Department of","Statistics","15","102.0000","112","89.0000","14","93.0000","8.0000","74.0000","1525","81.0000","13","104.0000","0.8700","140.0000","2","106.0000","2","116.0000","257567.0000","124.0000","8","88.0000","4","93.0000","3","71.0000","3","55.0000","19","22","5","20","18","0.2000","0.6600","34.0000","78.9800","0.2000","-0.0600","64.0000","59.8700","0.9300","0.4100","69.0000","56.6900","7.4700","-0.0300","70.0000","56.0500","0.8700","0.0000","92.0000","42.0400","101.6700","-0.2300","62.0000","61.1500","13.6200","-0.1400","62.0000","61.1500","0.1300","-0.7200","113.0000","28.6600","0.1300","-0.8000","122.0000","22.9300","17171.1300","-0.6900","125.0000","21.0200","128783.5000","-0.5100","109.0000","31.2100","0.5300","-0.3200","82.0000","48.4100","0.2700","-0.3500","92.0000","42.0400","-0.1000","76.0000","52.2300","-0.5300","-0.0100","-0.4600","-0.7100","-0.4000","-0.0800","-1.1105","-0.4600","-0.3300","-0.3400","-0.6700","-0.7400","-0.3900","-0.4900","41.4000","65.6100","34.3900","33.1200","41.4000","53.5000","11.4700","44.5900","55.4100","49.0400","21.6600","26.7500","43.9500","35.6700","157","7/7/2025 11:42","7","4","1.7500","0.4700","0.2700","69.0000","77.0000","76.0000","63.0000","51.0000","-0.1600","-0.1950","-0.3100","-0.1600","0.3000","56.6900","51.5900","52.2300","60.5100","68.1500","11","3","68.7900","50.0000","0.0000","0.2000","78.9800","34.0000","0.5600","2","63.0600","59.0000","-0.1600","2","87.9000","20.0000","0.0800","0.1300","88.5400","19.0000","0.5100","1","87.9000","20.0000","0.3900","0.1300","59.2400","65.0000","0.2600","0.0700","87.2600","21.0000","1.0400","0.0000","96.1800","7.0000","-0.1800","0","96.1800","7.0000","-0.1500","0.0000","96.1800","7.0000","-0.1800","0","96.1800","7.0000","-0.1700","5","0","0"
"AAD2023.09.02768","229","30187","161","University of Texas at Austin, The","Statistics and Data Sciences, Department of","Statistics","13","119.0000","238","40.0000","13","104.0000","18.3100","2.0000","4445","32.0000","13","104.0000","1.0000","1.0000","9","44.0000","15","50.0000","6486754.0000","34.0000","26","40.0000","10","43.0000","4","64.0000","2","73.0000","19","22","5","20","18","0.1500","0.2200","54.0000","66.2400","0.3100","0.4300","40.0000","75.1600","1.0000","0.9000","1.0000","100.0000","18.3100","2.6800","2.0000","99.3600","1.0000","0.8800","1.0000","100.0000","341.9200","0.9200","14.0000","91.7200","18.6800","0.0200","33.0000","79.6200","0.6900","1.6700","13.0000","92.3600","1.1500","0.9700","27.0000","83.4400","498981.0800","1.3600","13.0000","92.3600","432450.2700","0.8100","20.0000","87.9000","2.0000","1.1100","15.0000","91.0800","0.7700","1.8000","9.0000","94.9000","1.2000","4.0000","98.0900","0.3000","-0.3400","-0.4600","0.2700","-0.4900","2.6300","0.5721","0.2500","-0.1700","0.2500","0.4100","0.0600","0.6300","-0.6700","73.2500","54.1400","34.3900","72.6100","34.3900","99.3600","100.0000","75.1600","59.8700","80.2500","78.9800","68.7900","75.1600","24.8400","157","7/7/2025 11:42","14","6","2.3300","1.0800","0.4600","41.0000","50.0000","49.0000","25.0000","14.0000","0.2700","0.1345","0.0400","0.6200","1.4800","74.5200","68.7900","69.4300","84.7100","91.7200","11","2","58.6000","66.0000","-0.2600","0.1500","62.4200","60.0000","0.1800","2","63.0600","59.0000","-0.1600","0","70.7000","47.0000","-0.3400","0.0000","70.7000","47.0000","-0.3700","0","70.7000","47.0000","-0.4800","0.1500","68.7900","50.0000","0.4900","0.0000","70.7000","47.0000","-0.5100","0.0000","96.1800","7.0000","-0.1800","0","96.1800","7.0000","-0.1500","0.0000","96.1800","7.0000","-0.1800","0","96.1800","7.0000","-0.1700","5","0","0"
"AAD2023.09.02768","296","31802","161","University of Massachusetts Lowell","Mathematical and Statistics, Department of","Statistics","21","60.0000","85","104.0000","15","86.0000","5.6700","117.0000","413","124.0000","14","92.0000","0.8800","136.0000","3","92.0000","3","108.0000","429382.0000","120.0000","8","88.0000","5","82.0000","1","102.0000","1","97.0000","19","22","5","20","18","0.0500","-0.8100","121.0000","23.5700","0.0500","-0.7600","122.0000","22.9300","0.7100","-1.1900","139.0000","12.1000","4.0500","-0.8800","128.0000","19.1100","0.6700","-1.3400","140.0000","11.4700","19.6700","-0.6200","139.0000","12.1000","4.8600","-0.4100","143.0000","9.5500","0.1400","-0.6800","110.0000","30.5700","0.1400","-0.7900","119.0000","24.8400","20446.7600","-0.6700","122.0000","22.9300","143127.3300","-0.4400","98.0000","38.2200","0.3800","-0.4700","98.0000","38.2200","0.2400","-0.4800","100.0000","36.9400","-0.7000","128.0000","19.1100","-0.3900","-0.6700","-0.3700","-0.5700","-0.3100","-0.6900","-1.0053","-0.4600","-0.6300","-0.5600","-0.6400","-0.6800","-0.6100","0.0300","48.4100","38.8500","42.0400","42.0400","45.8600","26.1100","14.0100","44.5900","35.6700","21.6600","24.2000","31.8500","34.3900","62.4200","157","7/7/2025 11:42","6","2","3.0000","0.2900","0.1000","100.0000","33.0000","83.0000","87.0000","117.0000","-0.5900","0.5151","-0.3600","-0.3900","-0.7400","36.9400","79.6200","47.7700","45.2200","26.1100","11","2","58.6000","66.0000","-0.2600","0.1000","43.3100","90.0000","-0.3000","2","63.0600","59.0000","-0.1600","0","70.7000","47.0000","-0.3400","0.0000","70.7000","47.0000","-0.3700","0","70.7000","47.0000","-0.4800","0.1000","49.6800","80.0000","-0.1600","0.0000","70.7000","47.0000","-0.5100","0.0000","96.1800","7.0000","-0.1800","0","96.1800","7.0000","-0.1500","0.0000","96.1800","7.0000","-0.1800","0","96.1800","7.0000","-0.1700","5","0","0"
"AAD2023.09.02768","112","31998","161","Louisiana Tech University","Mathematics and Statistics, Department of","Statistics","5","153.0000","52","130.0000","4","151.0000","13.0000","18.0000","320","133.0000","4","151.0000","1.0000","1.0000","1","126.0000","1","129.0000","47682.0000","136.0000","0","147.0000","0","147.0000","0","127.0000","0","127.0000","19","22","5","20","18","0.0000","-1.2600","127.0000","19.7500","0.0000","-0.9800","127.0000","19.7500","0.8000","-0.5600","121.0000","23.5700","10.4000","0.7000","37.0000","77.0700","0.8000","-0.4500","117.0000","26.1100","64.0000","-0.4100","89.0000","43.9500","6.1500","-0.3700","127.0000","19.7500","0.2000","-0.4400","86.0000","45.8600","0.2000","-0.6900","107.0000","32.4800","9536.4000","-0.7200","132.0000","16.5600","47682.0000","-0.8600","136.0000","14.0100","0.0000","-0.8500","147.0000","7.0100","0.0000","-1.5000","147.0000","7.0100","-0.3000","98.0000","38.2200","-1.0800","-1.0000","-1.2800","-0.8500","-1.3200","1.2300","0.5721","-0.7700","-0.7900","-0.5800","-0.7100","-0.8000","-0.8800","-1.3700","7.0100","19.7500","4.4600","20.3800","4.4600","89.1700","100.0000","7.0100","19.7500","15.9200","14.0100","18.4700","17.8300","3.1800","157","7/7/2025 11:42","0","0","0.0000","0.0000","0.0000","137.0000","137.0000","137.0000","137.0000","137.0000","-1.0200","-1.1890","-0.6700","-0.7600","-1.3100","13.3800","13.3800","13.3800","13.3800","13.3800","11","0","22.9300","122.0000","-0.7800","0.0000","22.9300","122.0000","-1.0900","0","22.9300","122.0000","-0.9600","0","70.7000","47.0000","-0.3400","0.0000","70.7000","47.0000","-0.3700","0","70.7000","47.0000","-0.4800","0.0000","22.9300","122.0000","-1.2200","0.0000","70.7000","47.0000","-0.5100","0.0000","96.1800","7.0000","-0.1800","0","96.1800","7.0000","-0.1500","0.0000","96.1800","7.0000","-0.1800","0","96.1800","7.0000","-0.1700","5","0","0"
"AAD2023.09.02768","323","32156","161","University of Notre Dame","Applied and Computational Mathematics and Statistics, Department of","Statistics","20","65.0000","212","46.0000","20","55.0000","10.6000","41.0000","3073","45.0000","20","51.0000","1.0000","1.0000","12","30.0000","29","27.0000","6411185.0000","35.0000","20","49.0000","10","43.0000","1","102.0000","1","97.0000","19","22","5","20","18","0.0500","-0.7800","118.0000","25.4800","0.0500","-0.7500","120.0000","24.2000","1.0000","0.9000","1.0000","100.0000","10.6000","0.7500","33.0000","79.6200","1.0000","0.8800","1.0000","100.0000","153.6500","0.0200","46.0000","71.3400","14.5000","-0.1100","55.0000","65.6100","0.6000","1.2800","17.0000","89.8100","1.4500","1.4900","17.0000","89.8100","320559.2500","0.6000","27.0000","83.4400","221075.3400","-0.1100","74.0000","53.5000","1.0000","0.1300","49.0000","69.4300","0.5000","0.6500","41.0000","74.5200","0.7000","15.0000","91.0800","0.3000","-0.6700","0.1700","0.7000","0.1500","0.6000","0.5721","0.0200","-0.6300","-0.0300","0.3900","0.9300","0.4200","-0.0600","73.2500","38.8500","68.1500","81.5300","65.6100","74.5200","100.0000","69.4300","35.6700","71.9700","78.3400","83.4400","71.3400","59.2400","157","7/7/2025 11:42","37","8","4.6300","1.8500","0.4000","28.0000","13.0000","11.0000","11.0000","22.0000","0.7000","1.4409","1.2100","1.6000","1.1100","82.8000","92.3600","93.6300","93.6300","86.6200","11","1","42.0400","92.0000","-0.5200","0.0500","29.9400","111.0000","-0.6800","1","44.5900","88.0000","-0.5600","21","98.0900","4.0000","4.1100","1.0500","100.0000","1.0000","6.5200","1","87.9000","20.0000","0.3900","0.0500","31.8500","108.0000","-0.6700","0.0500","83.4400","27.0000","0.6500","0.0000","96.1800","7.0000","-0.1800","0","96.1800","7.0000","-0.1500","0.0000","96.1800","7.0000","-0.1800","0","96.1800","7.0000","-0.1700","5","0","0"
"AAD2023.09.02768","283","32377","161","University of Kentucky","Statistics, Department of","Statistics","14","115.0000","213","45.0000","12","115.0000","17.7500","5.0000","2932","47.0000","11","120.0000","0.9200","128.0000","3","92.0000","6","87.0000","3048186.0000","59.0000","7","90.0000","4","93.0000","1","102.0000","1","97.0000","19","22","5","20","18","0.0700","-0.5800","109.0000","31.2100","0.0700","-0.6500","111.0000","29.9400","0.8600","-0.1400","105.0000","33.7600","15.2100","1.9100","9.0000","94.9000","0.7900","-0.5400","121.0000","23.5700","209.4300","0.2900","29.0000","82.1700","13.7700","-0.1300","61.0000","61.7800","0.2100","-0.3700","85.0000","46.5000","0.4300","-0.2900","75.0000","52.8700","217727.5700","0.1700","46.0000","71.3400","508031.0000","1.1300","11.0000","93.6300","0.5000","-0.3600","86.0000","45.8600","0.2900","-0.2700","89.0000","43.9500","0.2000","51.0000","68.1500","-0.5300","-0.6700","-0.6500","-0.5700","-0.5800","2.4800","-0.4795","-0.4900","-0.6300","-0.0500","-0.1900","-0.4900","0.4300","-0.5800","41.4000","38.8500","24.2000","42.0400","27.3900","97.4500","19.1100","43.3100","35.6700","70.7000","63.0600","45.2200","71.9700","27.3900","157","7/7/2025 11:42","5","5","1.0000","0.3600","0.3600","48.0000","105.0000","89.0000","79.0000","29.0000","0.0500","-0.6210","-0.4200","-0.3000","0.8500","70.0600","33.7600","43.9500","50.3200","82.1700","11","1","42.0400","92.0000","-0.5200","0.0700","36.3100","101.0000","-0.5000","1","44.5900","88.0000","-0.5600","0","70.7000","47.0000","-0.3400","0.0000","70.7000","47.0000","-0.3700","0","70.7000","47.0000","-0.4800","0.0700","38.2200","98.0000","-0.4300","0.0000","70.7000","47.0000","-0.5100","0.0000","96.1800","7.0000","-0.1800","0","96.1800","7.0000","-0.1500","0.0000","96.1800","7.0000","-0.1800","0","96.1800","7.0000","-0.1700","5","0","0"
"AAD2023.09.02768","47","32394","161","Colorado School of Mines","Applied Mathematics and Statistics, Department of","Statistics","12","123.0000","123","82.0000","12","115.0000","10.2500","46.0000","2091","63.0000","12","112.0000","1.0000","1.0000","7","60.0000","16","49.0000","3011084.0000","60.0000","7","90.0000","4","93.0000","2","84.0000","2","73.0000","19","22","5","20","18","0.1700","0.3400","50.0000","68.7900","0.1700","-0.2200","73.0000","54.1400","1.0000","0.9000","1.0000","100.0000","10.2500","0.6700","41.0000","74.5200","1.0000","0.8800","1.0000","100.0000","174.2500","0.1200","38.0000","76.4300","17.0000","-0.0300","40.0000","75.1600","0.5800","1.2100","18.0000","89.1700","1.3300","1.2800","24.0000","85.3500","250923.6700","0.3100","39.0000","75.8000","188192.7500","-0.2500","82.0000","48.4100","0.5800","-0.2800","76.0000","52.2300","0.3300","-0.0700","67.0000","57.9600","0.6000","18.0000","89.1700","-0.5300","-0.3400","-0.5600","-0.0100","-0.5800","0.5100","0.5721","-0.4900","-0.4800","-0.2200","-0.1900","0.1200","-0.3000","-0.7500","41.4000","54.1400","29.3000","62.4200","27.3900","71.3400","100.0000","43.3100","47.1300","60.5100","62.4200","69.4300","48.4100","22.2900","157","7/7/2025 11:42","7","5","1.4000","0.5800","0.4200","48.0000","92.0000","76.0000","54.0000","19.0000","0.0500","-0.3938","-0.3100","-0.0100","1.2100","70.0600","42.0400","52.2300","66.2400","88.5400","11","0","22.9300","122.0000","-0.7800","0.0000","22.9300","122.0000","-1.0900","0","22.9300","122.0000","-0.9600","0","70.7000","47.0000","-0.3400","0.0000","70.7000","47.0000","-0.3700","0","70.7000","47.0000","-0.4800","0.0000","22.9300","122.0000","-1.2200","0.0000","70.7000","47.0000","-0.5100","0.0000","96.1800","7.0000","-0.1800","0","96.1800","7.0000","-0.1500","0.0000","96.1800","7.0000","-0.1800","0","96.1800","7.0000","-0.1700","5","0","0"
"AAD2023.09.02768","8","32416","161","American University","Mathematics and Statistics, Department of","Statistics","16","95.0000","59","123.0000","14","93.0000","4.2100","134.0000","929","100.0000","12","112.0000","0.8600","142.0000","7","60.0000","12","61.0000","2710518.0000","62.0000","15","65.0000","4","93.0000","6","44.0000","4","39.0000","19","22","5","20","18","0.2500","1.1400","22.0000","86.6200","0.3800","0.7400","29.0000","82.1700","0.8800","-0.0100","99.0000","37.5800","3.6900","-0.9700","131.0000","17.2000","0.7500","-0.7800","128.0000","19.1100","58.0600","-0.4400","97.0000","38.8500","15.7500","-0.0700","51.0000","68.1500","0.4400","0.5800","45.0000","71.9700","0.7500","0.2700","48.0000","70.0600","169407.3800","-0.0400","60.0000","62.4200","225876.5000","-0.0900","69.0000","56.6900","0.9400","0.0700","51.0000","68.1500","0.2500","-0.4200","95.0000","40.1300","-0.4000","109.0000","31.2100","-0.5300","0.3200","-0.5600","-0.0100","-0.4000","-1.0800","-1.2306","-0.1800","0.1300","-0.4600","-0.2500","-0.1200","-0.8200","-0.4000","41.4000","75.8000","29.3000","62.4200","41.4000","15.2900","10.1900","59.2400","72.6100","36.9400","61.1500","61.7800","22.2900","40.1300","157","7/7/2025 11:42","19","5","3.8000","1.1900","0.3100","48.0000","20.0000","31.0000","20.0000","43.0000","0.0500","0.9695","0.2900","0.7600","0.5800","70.0600","87.9000","80.8900","87.9000","73.2500","11","4","78.3400","35.0000","0.2500","0.2500","88.5400","19.0000","0.9700","4","85.3500","24.0000","0.6500","2","87.9000","20.0000","0.0800","0.1300","87.2600","21.0000","0.4500","1","87.9000","20.0000","0.3900","0.2500","95.5400","8.0000","1.5700","0.0600","85.3500","24.0000","0.9400","0.0000","96.1800","7.0000","-0.1800","0","96.1800","7.0000","-0.1500","0.0000","96.1800","7.0000","-0.1800","0","96.1800","7.0000","-0.1700","5","0","0"
"AAD2023.09.02768","181","32935","161","San Diego State University","Mathematics and Statistics, Department of","Statistics","30","23.0000","295","22.0000","27","26.0000","10.9300","36.0000","4225","36.0000","28","23.0000","1.0000","1.0000","17","14.0000","28","28.0000","9356026.0000","22.0000","9","86.0000","6","71.0000","20","9.0000","9","6.0000","19","22","5","20","18","0.3000","1.6200","10.0000","94.2700","0.6700","2.0700","7.0000","96.1800","0.9000","0.1700","89.0000","43.9500","9.8300","0.5600","46.0000","71.3400","0.9300","0.4400","67.0000","57.9600","140.8300","-0.0400","53.0000","66.8800","14.3200","-0.1100","56.0000","64.9700","0.5700","1.1300","20.0000","87.9000","0.9300","0.5900","41.0000","74.5200","311867.5300","0.5700","28.0000","82.8000","334143.7900","0.3800","35.0000","78.3400","0.3000","-0.5500","103.0000","35.0300","0.2000","-0.6400","107.0000","32.4800","0.3000","47.0000","70.7000","-0.2500","1.9800","0.9000","1.4000","0.8000","0.6900","0.5721","-0.4200","2.2900","0.2100","0.9000","0.8700","1.0900","0.8200","55.4100","96.8200","85.9900","91.7200","84.0800","77.7100","100.0000","45.8600","94.9000","77.7100","86.6200","82.8000","86.6200","85.9900","157","7/7/2025 11:42","20","11","1.8200","0.6700","0.3700","13.0000","75.0000","30.0000","44.0000","27.0000","1.3400","-0.1552","0.3500","0.0900","0.9000","92.3600","52.8700","81.5300","72.6100","83.4400","11","8","94.9000","9.0000","1.2900","0.2700","91.0800","15.0000","1.1100","6","94.9000","9.0000","1.4500","1","80.8900","31.0000","-0.1300","0.0300","72.6100","44.0000","-0.1500","1","87.9000","20.0000","0.3900","0.2000","84.0800","26.0000","1.0100","0.0300","75.1600","40.0000","0.2600","0.0000","96.1800","7.0000","-0.1800","0","96.1800","7.0000","-0.1500","0.0000","96.1800","7.0000","-0.1800","0","96.1800","7.0000","-0.1700","5","0","0"
"AAD2023.09.02768","151","33643","161","Northern Arizona University","Mathematics and Statistics, Department of","Statistics","16","95.0000","58","125.0000","12","115.0000","4.8300","130.0000","1290","94.0000","13","104.0000","0.9200","126.0000","1","126.0000","1","129.0000","1048190.0000","98.0000","2","127.0000","1","131.0000","3","71.0000","3","55.0000","19","22","5","20","18","0.1900","0.5400","43.0000","73.2500","0.1900","-0.1200","69.0000","56.6900","0.7500","-0.9300","131.0000","17.2000","3.6300","-0.9900","132.0000","16.5600","0.8100","-0.3700","115.0000","27.3900","80.6300","-0.3300","74.0000","53.5000","22.2400","0.1300","25.0000","84.7100","0.0600","-1.0200","137.0000","13.3800","0.0600","-0.9300","137.0000","13.3800","65511.8800","-0.4800","89.0000","43.9500","1048190.0000","3.4700","4.0000","98.0900","0.1300","-0.7200","133.0000","15.9200","0.0600","-1.2300","142.0000","10.1900","-0.6000","125.0000","21.0200","-0.9400","-0.0100","-0.4600","-0.8500","-0.5800","-0.9100","-0.3986","-0.6900","-0.3300","-0.3900","-0.5300","-0.8000","-0.8300","-0.4000","17.2000","65.6100","34.3900","20.3800","27.3900","17.8300","20.3800","19.7500","55.4100","40.7600","38.2200","18.4700","21.0200","40.1300","157","7/7/2025 11:42","3","3","1.0000","0.1900","0.1900","84.0000","105.0000","106.0000","106.0000","80.0000","-0.3800","-0.6210","-0.5200","-0.5200","-0.1800","47.1300","33.7600","33.1200","33.1200","49.6800","11","0","22.9300","122.0000","-0.7800","0.0000","22.9300","122.0000","-1.0900","0","22.9300","122.0000","-0.9600","0","70.7000","47.0000","-0.3400","0.0000","70.7000","47.0000","-0.3700","0","70.7000","47.0000","-0.4800","0.0000","22.9300","122.0000","-1.2200","0.0000","70.7000","47.0000","-0.5100","0.0000","96.1800","7.0000","-0.1800","0","96.1800","7.0000","-0.1500","0.0000","96.1800","7.0000","-0.1800","0","96.1800","7.0000","-0.1700","5","0","0"
"AAD2023.09.02768","557985","33690","161","University of Texas Rio Grande Valley","Mathematical and Statistical Sciences, School of","Statistics","45","6.0000","370","9.0000","45","6.0000","8.2200","71.0000","2003","65.0000","45","5.0000","1.0000","1.0000","9","44.0000","12","61.0000","3692060.0000","55.0000","16","60.0000","9","55.0000","5","59.0000","4","39.0000","19","22","5","20","18","0.0900","-0.4100","101.0000","36.3100","0.1100","-0.4700","94.0000","40.7600","1.0000","0.9000","1.0000","100.0000","8.2200","0.1600","66.0000","58.6000","1.0000","0.8800","1.0000","100.0000","44.5100","-0.5000","112.0000","29.3000","5.4100","-0.3900","135.0000","14.6500","0.2000","-0.4400","86.0000","45.8600","0.2700","-0.5700","98.0000","38.2200","82045.7800","-0.4100","82.0000","48.4100","307671.6700","0.2700","45.0000","71.9700","0.3600","-0.5000","101.0000","36.3100","0.2000","-0.6400","107.0000","32.4800","-0.3000","98.0000","38.2200","0.1600","0.3200","2.4400","0.2700","2.4500","-0.0200","0.5721","-0.1400","-0.0200","-0.2400","-0.0800","-0.1200","1.6900","2.1300","65.6100","75.8000","97.4500","72.6100","96.8200","55.4100","100.0000","62.4200","63.0600","59.2400","65.6100","61.7800","94.9000","96.8200","157","7/7/2025 11:42","21","16","1.3100","0.4700","0.3600","3.0000","98.0000","26.0000","63.0000","32.0000","2.4200","-0.4449","0.4000","-0.1600","0.8400","98.7300","38.2200","84.0800","60.5100","80.2500","11","4","78.3400","35.0000","0.2500","0.0900","42.6800","91.0000","-0.3600","4","85.3500","24.0000","0.6500","0","70.7000","47.0000","-0.3400","0.0000","70.7000","47.0000","-0.3700","0","70.7000","47.0000","-0.4800","0.0900","47.1300","84.0000","-0.2300","0.0000","70.7000","47.0000","-0.5100","0.0000","96.1800","7.0000","-0.1800","0","96.1800","7.0000","-0.1500","0.0000","96.1800","7.0000","-0.1800","0","96.1800","7.0000","-0.1700","5","0","0"
"AAD2023.09.02768","146","33750","161","New York University","Applied Statistics, Social Science, and Humanities, Department of","Statistics","25","44.0000","137","74.0000","24","35.0000","5.7100","116.0000","1694","73.0000","18","65.0000","0.7500","152.0000","4","78.0000","4","98.0000","1224749.0000","92.0000","16","60.0000","10","43.0000","28","3.0000","13","3.0000","19","22","5","20","18","0.5200","3.7400","1.0000","100.0000","1.1200","4.1400","2.0000","99.3600","0.9600","0.6100","55.0000","65.6100","5.4800","-0.5300","105.0000","33.7600","0.7200","-0.9800","133.0000","15.9200","67.7600","-0.3900","86.0000","45.8600","12.3700","-0.1700","72.0000","54.7800","0.1600","-0.6100","106.0000","33.1200","0.1600","-0.7600","114.0000","28.0300","48989.9600","-0.5500","96.0000","39.4900","306187.2500","0.2600","46.0000","71.3400","0.6400","-0.2200","71.0000","55.4100","0.4000","0.2200","59.0000","63.0600","-0.3000","98.0000","38.2200","0.3000","3.3000","-0.0100","-0.4300","0.5200","-0.6800","-2.5827","-0.1400","3.5200","-0.3000","-0.5000","-0.6200","-0.1900","0.3800","73.2500","98.7300","59.2400","50.9600","78.3400","26.7500","3.8200","62.4200","98.7300","54.1400","42.0400","38.2200","53.5000","72.6100","157","7/7/2025 11:42","15","5","3.0000","0.6000","0.2000","48.0000","33.0000","43.0000","50.0000","73.0000","0.0500","0.5151","0.0900","0.0100","-0.1000","70.0600","79.6200","73.2500","68.7900","54.1400","11","13","98.0900","4.0000","2.5800","0.5200","99.3600","2.0000","3.2000","7","96.8200","6.0000","1.8600","0","70.7000","47.0000","-0.3400","0.0000","70.7000","47.0000","-0.3700","0","70.7000","47.0000","-0.4800","0.2800","98.7300","3.0000","1.9000","0.0000","70.7000","47.0000","-0.5100","0.0000","96.1800","7.0000","-0.1800","0","96.1800","7.0000","-0.1500","0.0000","96.1800","7.0000","-0.1800","0","96.1800","7.0000","-0.1700","5","0","0"
"AAD2023.09.02768","74","33873","161","Fordham University","Strategy and Statistics Area","Statistics","7","143.0000","8","157.0000","4","151.0000","2.0000","156.0000","149","145.0000","5","143.0000","0.8300","149.0000","0","138.0000","0","138.0000","0.0000","138.0000","5","99.0000","3","104.0000","0","127.0000","0","127.0000","19","22","5","20","18","0.0000","-1.2600","127.0000","19.7500","0.0000","-0.9800","127.0000","19.7500","0.5700","-2.2300","150.0000","5.1000","1.1400","-1.6100","154.0000","2.5500","0.7100","-1.0200","134.0000","15.2900","21.2900","-0.6100","136.0000","14.0100","18.6300","0.0200","34.0000","78.9800","0.0000","-1.2900","138.0000","12.7400","0.0000","-1.0400","138.0000","12.7400","0.0000","-0.7600","138.0000","12.7400","0.0000","-1.0600","138.0000","12.7400","0.7100","-0.1500","62.0000","61.1500","0.4300","0.3400","53.0000","66.8800","-0.9000","140.0000","11.4700","-0.6700","-1.0000","-1.1900","-0.9900","-1.3200","-1.6600","-1.5311","-0.5700","-0.7900","-0.6200","-0.7200","-0.8700","-1.2300","-1.1900","34.3900","19.7500","9.5500","12.7400","4.4600","1.2700","5.7300","37.5800","19.7500","8.2800","12.7400","12.7400","0.6400","9.5500","157","7/7/2025 11:42","11","3","3.6700","1.5700","0.4300","84.0000","21.0000","60.0000","14.0000","18.0000","-0.3800","0.8956","-0.1100","1.2500","1.2800","47.1300","87.2600","62.4200","91.7200","89.1700","11","0","22.9300","122.0000","-0.7800","0.0000","22.9300","122.0000","-1.0900","0","22.9300","122.0000","-0.9600","0","70.7000","47.0000","-0.3400","0.0000","70.7000","47.0000","-0.3700","0","70.7000","47.0000","-0.4800","0.0000","22.9300","122.0000","-1.2200","0.0000","70.7000","47.0000","-0.5100","0.0000","96.1800","7.0000","-0.1800","0","96.1800","7.0000","-0.1500","0.0000","96.1800","7.0000","-0.1800","0","96.1800","7.0000","-0.1700","5","0","0"
"AAD2023.09.02768","322","34088","161","University of Northern Colorado","Applied Statistics and Research Methods, Department of","Statistics","7","143.0000","35","141.0000","6","139.0000","5.8300","114.0000","239","139.0000","6","140.0000","1.0000","1.0000","1","126.0000","1","129.0000","1307476.0000","88.0000","0","147.0000","0","147.0000","2","84.0000","1","97.0000","19","22","5","20","18","0.1400","0.1100","63.0000","60.5100","0.2900","0.3300","44.0000","72.6100","0.8600","-0.1400","105.0000","33.7600","5.0000","-0.6500","111.0000","29.9400","0.8600","-0.0700","99.0000","37.5800","34.1400","-0.5500","124.0000","21.6600","6.8300","-0.3500","120.0000","24.2000","0.1400","-0.6800","110.0000","30.5700","0.1400","-0.7900","119.0000","24.8400","186782.2900","0.0300","54.0000","66.2400","1307476.0000","4.5900","2.0000","99.3600","0.0000","-0.8500","147.0000","7.0100","0.0000","-1.5000","147.0000","7.0100","-0.5000","119.0000","24.8400","-1.0800","-0.6700","-1.1000","-0.8500","-1.1300","-0.6500","0.5721","-0.7700","-0.4800","-0.6000","-0.4900","-0.8000","-1.0100","-1.1900","7.0100","38.8500","11.4700","20.3800","12.1000","28.0300","100.0000","7.0100","47.1300","12.1000","44.5900","18.4700","10.8300","9.5500","157","7/7/2025 11:42","4","1","4.0000","0.5700","0.1400","117.0000","17.0000","96.0000","56.0000","94.0000","-0.8100","1.0831","-0.4700","-0.0300","-0.4500","26.1100","89.8100","39.4900","64.9700","40.7600","11","1","42.0400","92.0000","-0.5200","0.1400","58.6000","66.0000","0.0900","1","44.5900","88.0000","-0.5600","0","70.7000","47.0000","-0.3400","0.0000","70.7000","47.0000","-0.3700","0","70.7000","47.0000","-0.4800","0.1400","64.9700","56.0000","0.3700","0.0000","70.7000","47.0000","-0.5100","0.0000","96.1800","7.0000","-0.1800","0","96.1800","7.0000","-0.1500","0.0000","96.1800","7.0000","-0.1800","0","96.1800","7.0000","-0.1700","5","0","0"
"AAD2023.09.02768","25","34360","161","Bowling Green State University","Applied Statistics and Operations Research, Department of","Statistics","6","148.0000","27","145.0000","5","144.0000","5.4000","120.0000","246","138.0000","5","143.0000","1.0000","1.0000","0","138.0000","0","138.0000","0.0000","138.0000","1","136.0000","1","131.0000","0","127.0000","0","127.0000","19","22","5","20","18","0.0000","-1.2600","127.0000","19.7500","0.0000","-0.9800","127.0000","19.7500","0.8300","-0.3200","111.0000","29.9400","4.5000","-0.7700","119.0000","24.8400","0.8300","-0.2300","108.0000","31.8500","41.0000","-0.5200","117.0000","26.1100","9.1100","-0.2800","103.0000","35.0300","0.0000","-1.2900","138.0000","12.7400","0.0000","-1.0400","138.0000","12.7400","0.0000","-0.7600","138.0000","12.7400","0.0000","-1.0600","138.0000","12.7400","0.1700","-0.6800","123.0000","22.2900","0.1700","-0.7800","116.0000","26.7500","-0.5000","119.0000","24.8400","-0.9400","-1.0000","-1.1900","-0.9900","-1.2200","-0.7700","0.5721","-0.7300","-0.7900","-0.6000","-0.7200","-0.8700","-1.0800","-1.2800","17.2000","19.7500","9.5500","12.7400","8.9200","24.2000","100.0000","14.0100","19.7500","12.7400","12.7400","12.7400","8.2800","6.3700","157","7/7/2025 11:42","0","0","0.0000","0.0000","0.0000","137.0000","137.0000","137.0000","137.0000","137.0000","-1.0200","-1.1890","-0.6700","-0.7600","-1.3100","13.3800","13.3800","13.3800","13.3800","13.3800","11","1","42.0400","92.0000","-0.5200","0.1700","67.5200","52.0000","0.2900","1","44.5900","88.0000","-0.5600","0","70.7000","47.0000","-0.3400","0.0000","70.7000","47.0000","-0.3700","0","70.7000","47.0000","-0.4800","0.1700","73.8900","42.0000","0.6400","0.0000","70.7000","47.0000","-0.5100","0.0000","96.1800","7.0000","-0.1800","0","96.1800","7.0000","-0.1500","0.0000","96.1800","7.0000","-0.1800","0","96.1800","7.0000","-0.1700","5","0","0"
"AAD2023.09.02768","259","34558","161","University of California, Santa Cruz","Statistics, Department of","Statistics","9","134.0000","104","98.0000","9","128.0000","11.5600","26.0000","9708","12.0000","9","126.0000","1.0000","1.0000","7","60.0000","14","55.0000","2144417.0000","69.0000","14","68.0000","5","82.0000","2","84.0000","2","73.0000","19","22","5","20","18","0.2200","0.8700","28.0000","82.8000","0.2200","0.0400","59.0000","63.0600","1.0000","0.9000","1.0000","100.0000","11.5600","0.9900","22.0000","86.6200","1.0000","0.8800","1.0000","100.0000","1078.6700","4.4600","3.0000","98.7300","93.3500","2.3400","3.0000","98.7300","0.7800","2.0400","9.0000","94.9000","1.5600","1.6700","14.0000","91.7200","238268.5600","0.2500","41.0000","74.5200","153172.6400","-0.4000","96.0000","39.4900","1.5600","0.6800","24.0000","85.3500","0.5600","0.8800","35.0000","78.3400","0.8000","11.0000","93.6300","-0.3900","-0.3400","-0.8300","-0.0100","-0.8600","0.8500","0.5721","-0.2200","-0.4800","1.3200","-0.3400","0.0000","-0.4600","-1.0200","48.4100","54.1400","20.3800","62.4200","19.1100","84.0800","100.0000","57.3200","47.1300","92.9900","56.6900","65.6100","38.2200","15.2900","157","7/7/2025 11:42","0","0","0.0000","0.0000","0.0000","137.0000","137.0000","137.0000","137.0000","137.0000","-1.0200","-1.1890","-0.6700","-0.7600","-1.3100","13.3800","13.3800","13.3800","13.3800","13.3800","11","0","22.9300","122.0000","-0.7800","0.0000","22.9300","122.0000","-1.0900","0","22.9300","122.0000","-0.9600","0","70.7000","47.0000","-0.3400","0.0000","70.7000","47.0000","-0.3700","0","70.7000","47.0000","-0.4800","0.0000","22.9300","122.0000","-1.2200","0.0000","70.7000","47.0000","-0.5100","0.0000","96.1800","7.0000","-0.1800","0","96.1800","7.0000","-0.1500","0.0000","96.1800","7.0000","-0.1800","0","96.1800","7.0000","-0.1700","5","0","0"
"AAD2023.09.02768","146","34573","161","New York University","Technology, Operations, and Statistics, Department of","Statistics","32","18.0000","151","68.0000","26","29.0000","5.8100","115.0000","4374","34.0000","29","17.0000","1.0000","1.0000","3","92.0000","4","98.0000","1258158.0000","89.0000","74","9.0000","22","7.0000","12","15.0000","7","13.0000","19","22","5","20","18","0.2200","0.8400","29.0000","82.1700","0.3800","0.7400","29.0000","82.1700","0.8100","-0.4700","120.0000","24.2000","4.7200","-0.7200","117.0000","26.1100","0.9100","0.2600","79.0000","50.3200","136.6900","-0.0600","54.0000","66.2400","28.9700","0.3400","17.0000","89.8100","0.0900","-0.8900","126.0000","20.3800","0.1300","-0.8200","123.0000","22.2900","39317.4400","-0.5900","105.0000","33.7600","314539.5000","0.3000","39.0000","75.8000","2.3100","1.4200","12.0000","92.9900","0.6900","1.4500","15.0000","91.0800","0.2000","51.0000","68.1500","1.9500","1.3200","0.9900","-0.5700","0.7100","-0.6600","0.5721","2.1300","1.0600","0.2400","-0.5000","-0.6200","-0.0800","0.9900","96.1800","92.3600","89.8100","42.0400","82.1700","27.3900","100.0000","94.9000","91.0800","78.9800","43.9500","38.2200","57.3200","89.1700","157","7/7/2025 11:42","67","16","4.1900","2.0900","0.5000","3.0000","15.0000","4.0000","6.0000","11.0000","2.4200","1.1910","2.7300","1.9200","1.7100","98.7300","91.0800","98.0900","96.8200","93.6300","11","1","42.0400","92.0000","-0.5200","0.0300","24.8400","119.0000","-0.8300","1","44.5900","88.0000","-0.5600","21","98.0900","4.0000","4.1100","0.6600","98.7300","3.0000","3.9400","5","98.7300","3.0000","3.8800","0.0300","25.4800","118.0000","-0.8800","0.1600","98.0900","4.0000","3.1100","0.0000","96.1800","7.0000","-0.1800","0","96.1800","7.0000","-0.1500","0.0000","96.1800","7.0000","-0.1800","0","96.1800","7.0000","-0.1700","5","0","0"
"AAD2023.09.02768","259","34772","161","University of California, Santa Cruz","Applied Mathematics, Department of","Statistics","12","123.0000","129","79.0000","12","115.0000","10.7500","38.0000","2456","53.0000","12","112.0000","1.0000","1.0000","6","69.0000","13","57.0000","3143275.0000","58.0000","3","116.0000","2","117.0000","0","127.0000","0","127.0000","19","22","5","20","18","0.0000","-1.2600","127.0000","19.7500","0.0000","-0.9800","127.0000","19.7500","1.0000","0.9000","1.0000","100.0000","10.7500","0.7900","30.0000","81.5300","1.0000","0.8800","1.0000","100.0000","204.6700","0.2700","32.0000","80.2500","19.0400","0.0300","32.0000","80.2500","0.5000","0.8500","37.0000","77.0700","1.0800","0.8500","31.0000","80.8900","261939.5800","0.3500","36.0000","77.7100","241790.3800","-0.0200","64.0000","59.8700","0.2500","-0.6000","109.0000","31.2100","0.1700","-0.7800","116.0000","26.7500","0.6000","18.0000","89.1700","-0.8000","-1.0000","-0.5600","-0.1500","-0.5800","0.6400","0.5721","-0.6500","-0.7900","-0.1500","-0.1700","-0.0600","-0.2500","-0.7500","26.1100","19.7500","29.3000","56.6900","27.3900","76.4300","100.0000","26.7500","19.7500","66.8800","63.6900","64.3300","50.3200","22.2900","157","7/7/2025 11:42","15","7","2.1400","1.2500","0.5800","36.0000","56.0000","43.0000","19.0000","5.0000","0.4800","0.0266","0.0900","0.8400","2.2200","77.7100","64.9700","73.2500","88.5400","97.4500","11","1","42.0400","92.0000","-0.5200","0.0800","41.4000","93.0000","-0.4000","1","44.5900","88.0000","-0.5600","0","70.7000","47.0000","-0.3400","0.0000","70.7000","47.0000","-0.3700","0","70.7000","47.0000","-0.4800","0.0800","45.2200","87.0000","-0.2900","0.0000","70.7000","47.0000","-0.5100","0.0000","96.1800","7.0000","-0.1800","0","96.1800","7.0000","-0.1500","0.0000","96.1800","7.0000","-0.1800","0","96.1800","7.0000","-0.1700","5","0","0"
"AAD2023.09.02768","27","34791","161","Brigham Young University","Statistics, Department of","Statistics","23","50.0000","155","62.0000","21","48.0000","7.3800","88.0000","1588","78.0000","22","39.0000","1.0000","1.0000","2","106.0000","7","82.0000","1181704.0000","93.0000","17","57.0000","9","55.0000","1","102.0000","1","97.0000","19","22","5","20","18","0.0400","-0.8500","122.0000","22.9300","0.0400","-0.7800","123.0000","22.2900","0.9100","0.2600","81.0000","49.0400","6.7400","-0.2100","84.0000","47.1300","0.9600","0.5900","56.0000","64.9700","69.0400","-0.3800","85.0000","46.5000","10.2500","-0.2400","90.0000","43.3100","0.0900","-0.9200","128.0000","19.1100","0.3000","-0.5100","89.0000","43.9500","51378.4300","-0.5400","95.0000","40.1300","168814.8600","-0.3300","90.0000","43.3100","0.7400","-0.1200","60.0000","62.4200","0.3900","0.1800","61.0000","61.7800","-0.1000","76.0000","52.2300","0.1600","-0.6700","0.3500","-0.7100","0.2500","-0.2500","0.5721","-0.1000","-0.6300","-0.3300","-0.5100","-0.4300","-0.0400","0.2100","65.6100","38.8500","75.8000","33.1200","70.0600","44.5900","100.0000","64.3300","35.6700","50.9600","41.4000","48.4100","61.1500","68.7900","157","7/7/2025 11:42","3","3","1.0000","0.1300","0.1300","84.0000","105.0000","106.0000","118.0000","102.0000","-0.3800","-0.6210","-0.5200","-0.5900","-0.5200","47.1300","33.7600","33.1200","25.4800","35.6700","11","2","58.6000","66.0000","-0.2600","0.0900","42.0400","92.0000","-0.3700","2","63.0600","59.0000","-0.1600","5","92.9900","12.0000","0.7200","0.2200","94.9000","9.0000","1.0600","2","93.6300","11.0000","1.2600","0.0900","46.5000","85.0000","-0.2500","0.0900","92.9900","12.0000","1.5100","0.0000","96.1800","7.0000","-0.1800","0","96.1800","7.0000","-0.1500","0.0000","96.1800","7.0000","-0.1800","0","96.1800","7.0000","-0.1700","5","0","0"
"AAD2023.09.02768","278","35307","161","University of Idaho","Mathematics and Statistical Science, Department of","Statistics","21","60.0000","129","79.0000","19","64.0000","6.7900","95.0000","1692","74.0000","19","58.0000","1.0000","1.0000","4","78.0000","5","91.0000","985605.0000","102.0000","5","99.0000","5","82.0000","6","44.0000","3","55.0000","19","22","5","20","18","0.1400","0.1100","63.0000","60.5100","0.2900","0.3300","44.0000","72.6100","0.9000","0.2000","88.0000","44.5900","6.1400","-0.3600","96.0000","39.4900","0.9000","0.2500","81.0000","49.0400","80.5700","-0.3300","75.0000","52.8700","13.1200","-0.1500","64.0000","59.8700","0.1900","-0.4800","92.0000","42.0400","0.2400","-0.6200","101.0000","36.3100","46933.5700","-0.5600","97.0000","38.8500","197121.0000","-0.2100","80.0000","49.6800","0.2400","-0.6100","113.0000","28.6600","0.2400","-0.4800","100.0000","36.9400","-0.3000","98.0000","38.2200","-0.3900","-0.0100","0.0800","-0.4300","0.0600","-0.4000","0.5721","-0.5700","0.1300","-0.3000","-0.5400","-0.5600","-0.2500","0.0300","48.4100","65.6100","63.6900","50.9600","59.8700","40.1300","100.0000","37.5800","72.6100","53.5000","35.6700","42.6800","50.3200","62.4200","157","7/7/2025 11:42","10","3","3.3300","0.4800","0.1400","84.0000","30.0000","67.0000","62.0000","94.0000","-0.3800","0.7025","-0.1600","-0.1500","-0.4500","47.1300","81.5300","57.9600","61.1500","40.7600","11","9","95.5400","8.0000","1.5400","0.4300","96.8200","6.0000","2.4500","4","85.3500","24.0000","0.6500","0","70.7000","47.0000","-0.3400","0.0000","70.7000","47.0000","-0.3700","0","70.7000","47.0000","-0.4800","0.1900","80.2500","32.0000","0.9000","0.0000","70.7000","47.0000","-0.5100","0.0000","96.1800","7.0000","-0.1800","0","96.1800","7.0000","-0.1500","0.0000","96.1800","7.0000","-0.1800","0","96.1800","7.0000","-0.1700","5","0","0"
"AAD2023.09.02768","352","35415","161","Villanova University","Mathematics and Statistics, Department of","Statistics","25","44.0000","79","109.0000","19","64.0000","4.1600","135.0000","473","120.0000","16","73.0000","0.8400","148.0000","2","106.0000","4","98.0000","480131.0000","117.0000","10","80.0000","8","60.0000","4","64.0000","2","73.0000","19","22","5","20","18","0.0800","-0.4900","106.0000","33.1200","0.1600","-0.2500","77.0000","51.5900","0.7600","-0.8500","130.0000","17.8300","3.1600","-1.1100","135.0000","14.6500","0.6400","-1.5200","146.0000","7.6400","18.9200","-0.6200","140.0000","11.4700","5.9900","-0.3700","128.0000","19.1100","0.0800","-0.9500","132.0000","16.5600","0.1600","-0.7600","114.0000","28.0300","19205.2400","-0.6800","124.0000","21.6600","120032.7500","-0.5400","117.0000","26.1100","0.4000","-0.4600","97.0000","38.8500","0.3200","-0.1200","76.0000","52.2300","-0.8000","135.0000","14.6500","0.0200","-0.3400","-0.1900","-0.7100","0.0600","-1.0900","-1.4204","-0.3800","-0.1700","-0.5500","-0.6300","-0.6200","-0.6600","0.3800","62.4200","54.1400","54.1400","33.1200","59.8700","14.6500","6.3700","49.6800","59.8700","24.2000","26.1100","38.2200","31.2100","72.6100","157","7/7/2025 11:42","7","2","3.5000","0.2800","0.0800","100.0000","26.0000","76.0000","92.0000","123.0000","-0.5900","0.7991","-0.3100","-0.4000","-0.8300","36.9400","84.0800","52.2300","42.0400","22.2900","11","2","58.6000","66.0000","-0.2600","0.0800","40.1300","95.0000","-0.4300","2","63.0600","59.0000","-0.1600","0","70.7000","47.0000","-0.3400","0.0000","70.7000","47.0000","-0.3700","0","70.7000","47.0000","-0.4800","0.0800","43.3100","90.0000","-0.3300","0.0000","70.7000","47.0000","-0.5100","0.0000","96.1800","7.0000","-0.1800","0","96.1800","7.0000","-0.1500","0.0000","96.1800","7.0000","-0.1800","0","96.1800","7.0000","-0.1700","5","0","0"
"AAD2023.09.02768","307","35426","161","University of Missouri - St. Louis","Math, Physics, Astronomy and Statistics, Department of","Statistics","9","134.0000","58","125.0000","7","136.0000","8.2900","68.0000","713","111.0000","7","135.0000","1.0000","1.0000","1","126.0000","3","108.0000","328216.0000","121.0000","10","80.0000","4","93.0000","1","102.0000","1","97.0000","19","22","5","20","18","0.1100","-0.1900","84.0000","47.1300","0.1100","-0.4700","94.0000","40.7600","0.7800","-0.7200","125.0000","21.0200","6.4400","-0.2900","88.0000","44.5900","0.7800","-0.6000","122.0000","22.9300","79.2200","-0.3400","77.0000","51.5900","12.2900","-0.1800","73.0000","54.1400","0.1100","-0.8200","119.0000","24.8400","0.3300","-0.4600","84.0000","47.1300","36468.4400","-0.6000","107.0000","32.4800","109405.3300","-0.5900","121.0000","23.5700","1.1100","0.2400","42.0000","73.8900","0.4400","0.4100","50.0000","68.7900","-0.2000","85.0000","46.5000","-0.5300","-0.6700","-1.0100","-0.8500","-1.0400","-0.0100","0.5721","-0.3800","-0.6300","-0.5000","-0.6600","-0.6800","-0.8300","-1.0200","41.4000","38.8500","14.6500","20.3800","14.0100","57.3200","100.0000","49.6800","35.6700","29.9400","23.5700","31.8500","21.0200","15.2900","157","7/7/2025 11:42","2","1","2.0000","0.2200","0.1100","117.0000","58.0000","113.0000","98.0000","109.0000","-0.8100","-0.0530","-0.5700","-0.4700","-0.6400","26.1100","63.6900","28.6600","38.2200","31.2100","11","1","42.0400","92.0000","-0.5200","0.1100","49.0400","81.0000","-0.1700","1","44.5900","88.0000","-0.5600","1","80.8900","31.0000","-0.1300","0.1100","85.9900","23.0000","0.3600","1","87.9000","20.0000","0.3900","0.1100","54.1400","73.0000","0.0200","0.1100","94.2700","10.0000","2.0700","0.0000","96.1800","7.0000","-0.1800","0","96.1800","7.0000","-0.1500","0.0000","96.1800","7.0000","-0.1800","0","96.1800","7.0000","-0.1700","5","0","0"
"AAD2023.09.02768","63","35628","161","East Tennessee State University","Mathematics and Statistics, Department of","Statistics","16","95.0000","27","145.0000","10","124.0000","2.7000","154.0000","108","148.0000","8","131.0000","0.8000","150.0000","2","106.0000","2","116.0000","624030.0000","109.0000","0","147.0000","0","147.0000","8","28.0000","3","55.0000","19","22","5","20","18","0.1900","0.5400","43.0000","73.2500","0.5000","1.3100","13.0000","92.3600","0.6300","-1.8400","147.0000","7.0100","1.6900","-1.4700","152.0000","3.8200","0.5000","-2.4500","152.0000","3.8200","6.7500","-0.6800","152.0000","3.8200","4.0000","-0.4300","148.0000","6.3700","0.1300","-0.7600","114.0000","28.0300","0.1300","-0.8200","123.0000","22.2900","39001.8800","-0.5900","106.0000","33.1200","312015.0000","0.2900","43.0000","73.2500","0.0000","-0.8500","147.0000","7.0100","0.0000","-1.5000","147.0000","7.0100","-1.1000","150.0000","5.1000","-1.0800","-0.0100","-0.9200","-0.7100","-0.7600","-1.4700","-1.9517","-0.7700","0.4400","-0.6200","-0.6100","-0.7400","-1.0800","-0.4000","7.0100","65.6100","17.2000","33.1200","21.6600","2.5500","5.1000","7.0100","82.8000","6.3700","31.2100","26.7500","8.2800","40.1300","157","7/7/2025 11:42","1","1","1.0000","0.0600","0.0600","117.0000","105.0000","119.0000","128.0000","129.0000","-0.8100","-0.6210","-0.6200","-0.6800","-0.9300","26.1100","33.7600","24.8400","19.1100","18.4700","11","0","22.9300","122.0000","-0.7800","0.0000","22.9300","122.0000","-1.0900","0","22.9300","122.0000","-0.9600","0","70.7000","47.0000","-0.3400","0.0000","70.7000","47.0000","-0.3700","0","70.7000","47.0000","-0.4800","0.0000","22.9300","122.0000","-1.2200","0.0000","70.7000","47.0000","-0.5100","0.0000","96.1800","7.0000","-0.1800","0","96.1800","7.0000","-0.1500","0.0000","96.1800","7.0000","-0.1800","0","96.1800","7.0000","-0.1700","5","0","0"
"AAD2023.09.02768","37","35890","161","Central Michigan University","Statistics, Actuarial and Data Sciences, Department of","Statistics","9","134.0000","39","138.0000","6","139.0000","6.5000","100.0000","508","117.0000","7","135.0000","1.0000","1.0000","0","138.0000","0","138.0000","0.0000","138.0000","6","96.0000","3","104.0000","0","127.0000","0","127.0000","19","22","5","20","18","0.0000","-1.2600","127.0000","19.7500","0.0000","-0.9800","127.0000","19.7500","0.6700","-1.5400","142.0000","10.1900","4.3300","-0.8100","123.0000","22.2900","0.7800","-0.6000","122.0000","22.9300","56.4400","-0.4400","101.0000","36.3100","13.0300","-0.1500","65.0000","59.2400","0.0000","-1.2900","138.0000","12.7400","0.0000","-1.0400","138.0000","12.7400","0.0000","-0.7600","138.0000","12.7400","0.0000","-1.0600","138.0000","12.7400","0.6700","-0.1900","65.0000","59.2400","0.3300","-0.0700","67.0000","57.9600","-0.4000","109.0000","31.2100","-0.6700","-1.0000","-1.0100","-0.9900","-1.1300","-0.4800","0.5721","-0.5300","-0.7900","-0.5400","-0.7200","-0.8700","-0.9800","-1.0200","34.3900","19.7500","14.6500","12.7400","12.1000","36.9400","100.0000","39.4900","19.7500","26.1100","12.7400","12.7400","12.7400","15.2900","157","7/7/2025 11:42","0","0","0.0000","0.0000","0.0000","137.0000","137.0000","137.0000","137.0000","137.0000","-1.0200","-1.1890","-0.6700","-0.7600","-1.3100","13.3800","13.3800","13.3800","13.3800","13.3800","11","1","42.0400","92.0000","-0.5200","0.1100","49.0400","81.0000","-0.1700","2","63.0600","59.0000","-0.1600","0","70.7000","47.0000","-0.3400","0.0000","70.7000","47.0000","-0.3700","0","70.7000","47.0000","-0.4800","0.2200","89.8100","17.0000","1.2600","0.0000","70.7000","47.0000","-0.5100","0.0000","96.1800","7.0000","-0.1800","0","96.1800","7.0000","-0.1500","0.0000","96.1800","7.0000","-0.1800","0","96.1800","7.0000","-0.1700","5","0","0"
"AAD2023.09.02768","91","35959","161","Idaho State University","Mathematics and Statistics, Department of","Statistics","12","123.0000","34","142.0000","9","128.0000","3.7800","142.0000","92","151.0000","8","131.0000","0.8900","133.0000","1","126.0000","2","116.0000","625751.0000","108.0000","2","127.0000","1","131.0000","1","102.0000","1","97.0000","19","22","5","20","18","0.0800","-0.4600","103.0000","35.0300","0.0800","-0.6000","108.0000","31.8500","0.7500","-0.9300","131.0000","17.2000","2.8300","-1.1900","140.0000","11.4700","0.6700","-1.3400","140.0000","11.4700","7.6700","-0.6800","151.0000","4.4600","2.7100","-0.4700","155.0000","1.9100","0.0800","-0.9400","129.0000","18.4700","0.1700","-0.7500","110.0000","30.5700","52145.9200","-0.5400","94.0000","40.7600","312875.5000","0.2900","42.0000","73.8900","0.1700","-0.6800","123.0000","22.2900","0.0800","-1.1400","135.0000","14.6500","-1.0000","145.0000","8.2800","-0.9400","-0.6700","-0.9200","-0.8500","-0.8600","-1.1900","-0.8300","-0.6900","-0.6300","-0.6300","-0.6100","-0.7400","-1.0200","-0.7500","17.2000","38.8500","17.2000","20.3800","19.1100","10.1900","15.9200","19.7500","35.6700","4.4600","31.8500","26.7500","10.1900","22.2900","157","7/7/2025 11:42","5","3","1.6700","0.4200","0.2500","84.0000","81.0000","89.0000","70.0000","57.0000","-0.3800","-0.2404","-0.4200","-0.2200","0.2000","47.1300","49.0400","43.9500","56.0500","64.3300","11","0","22.9300","122.0000","-0.7800","0.0000","22.9300","122.0000","-1.0900","0","22.9300","122.0000","-0.9600","0","70.7000","47.0000","-0.3400","0.0000","70.7000","47.0000","-0.3700","0","70.7000","47.0000","-0.4800","0.0000","22.9300","122.0000","-1.2200","0.0000","70.7000","47.0000","-0.5100","0.0000","96.1800","7.0000","-0.1800","0","96.1800","7.0000","-0.1500","0.0000","96.1800","7.0000","-0.1800","0","96.1800","7.0000","-0.1700","5","0","0"
"AAD2023.09.02768","13","36141","161","Arkansas State University","Mathematics & Statistics, Department of","Statistics","10","131.0000","20","148.0000","6","139.0000","3.3300","145.0000","61","153.0000","7","135.0000","1.0000","1.0000","0","138.0000","0","138.0000","0.0000","138.0000","0","147.0000","0","147.0000","2","84.0000","1","97.0000","19","22","5","20","18","0.1000","-0.3000","95.0000","40.1300","0.2000","-0.0600","64.0000","59.8700","0.6000","-2.0200","149.0000","5.7300","2.0000","-1.4000","147.0000","7.0100","0.7000","-1.1200","138.0000","12.7400","6.1000","-0.6900","153.0000","3.1800","3.0500","-0.4600","154.0000","2.5500","0.0000","-1.2900","138.0000","12.7400","0.0000","-1.0400","138.0000","12.7400","0.0000","-0.7600","138.0000","12.7400","0.0000","-1.0600","138.0000","12.7400","0.0000","-0.8500","147.0000","7.0100","0.0000","-1.5000","147.0000","7.0100","-1.1000","150.0000","5.1000","-1.0800","-0.6700","-1.0100","-0.9900","-1.1300","-1.3100","0.5721","-0.7700","-0.4800","-0.6300","-0.7200","-0.8700","-1.1300","-0.9300","7.0100","38.8500","14.6500","12.7400","12.1000","8.2800","100.0000","7.0100","47.1300","3.1800","12.7400","12.7400","6.3700","17.2000","157","7/7/2025 11:42","0","0","0.0000","0.0000","0.0000","137.0000","137.0000","137.0000","137.0000","137.0000","-1.0200","-1.1890","-0.6700","-0.7600","-1.3100","13.3800","13.3800","13.3800","13.3800","13.3800","11","0","22.9300","122.0000","-0.7800","0.0000","22.9300","122.0000","-1.0900","0","22.9300","122.0000","-0.9600","0","70.7000","47.0000","-0.3400","0.0000","70.7000","47.0000","-0.3700","0","70.7000","47.0000","-0.4800","0.0000","22.9300","122.0000","-1.2200","0.0000","70.7000","47.0000","-0.5100","0.0000","96.1800","7.0000","-0.1800","0","96.1800","7.0000","-0.1500","0.0000","96.1800","7.0000","-0.1800","0","96.1800","7.0000","-0.1700","5","0","0"
"AAD2023.09.02768","16","36166","161","Azusa Pacific University","Mathematics, Physics, and Statistics, Department of","Statistics","9","134.0000","23","147.0000","6","139.0000","3.8300","141.0000","43","157.0000","4","151.0000","0.5700","156.0000","1","126.0000","1","129.0000","104343.0000","133.0000","0","147.0000","0","147.0000","1","102.0000","1","97.0000","19","22","5","20","18","0.1100","-0.1900","84.0000","47.1300","0.1100","-0.4700","94.0000","40.7600","0.6700","-1.5400","142.0000","10.1900","2.5600","-1.2600","141.0000","10.8300","0.4400","-2.8200","153.0000","3.1800","4.7800","-0.6900","156.0000","1.2700","1.8700","-0.5000","157.0000","0.6400","0.1100","-0.8200","119.0000","24.8400","0.1100","-0.8400","129.0000","18.4700","11593.6700","-0.7100","130.0000","17.8300","104343.0000","-0.6100","124.0000","21.6600","0.0000","-0.8500","147.0000","7.0100","0.0000","-1.5000","147.0000","7.0100","-1.1000","150.0000","5.1000","-1.0800","-0.6700","-1.2800","-0.8500","-1.1300","-1.1800","-4.8360","-0.7700","-0.6300","-0.6400","-0.7000","-0.8000","-1.1100","-1.0200","7.0100","38.8500","4.4600","20.3800","12.1000","10.8300","1.2700","7.0100","35.6700","0.6400","15.9200","18.4700","7.0100","15.2900","157","7/7/2025 11:42","0","0","0.0000","0.0000","0.0000","137.0000","137.0000","137.0000","137.0000","137.0000","-1.0200","-1.1890","-0.6700","-0.7600","-1.3100","13.3800","13.3800","13.3800","13.3800","13.3800","11","1","42.0400","92.0000","-0.5200","0.1100","49.0400","81.0000","-0.1700","1","44.5900","88.0000","-0.5600","0","70.7000","47.0000","-0.3400","0.0000","70.7000","47.0000","-0.3700","0","70.7000","47.0000","-0.4800","0.1100","54.1400","73.0000","0.0200","0.0000","70.7000","47.0000","-0.5100","0.0000","96.1800","7.0000","-0.1800","0","96.1800","7.0000","-0.1500","0.0000","96.1800","7.0000","-0.1800","0","96.1800","7.0000","-0.1700","5","0","0"
"AAD2023.09.02768","188","36929","161","Smith College","Statistical & Data Sciences, Department of","Statistics","10","131.0000","45","134.0000","9","128.0000","5.0000","124.0000","507","118.0000","9","126.0000","1.0000","1.0000","2","106.0000","3","108.0000","806528.0000","105.0000","11","78.0000","6","71.0000","7","37.0000","4","39.0000","19","22","5","20","18","0.4000","2.5900","3.0000","98.7300","0.7000","2.2200","6.0000","96.8200","0.9000","0.1700","89.0000","43.9500","4.5000","-0.7700","119.0000","24.8400","0.9000","0.2200","83.0000","47.7700","50.7000","-0.4700","107.0000","32.4800","11.2700","-0.2100","80.0000","49.6800","0.2000","-0.4400","86.0000","45.8600","0.3000","-0.5100","92.0000","42.0400","80652.8000","-0.4200","83.0000","47.7700","268842.6700","0.1000","55.0000","65.6100","1.1000","0.2300","44.0000","72.6100","0.6000","1.0700","29.0000","82.1700","0.0000","67.0000","57.9600","-0.2500","0.3200","-0.8300","-0.7100","-0.8600","-0.8700","0.5721","-0.3400","0.2900","-0.5400","-0.5800","-0.6800","-0.9300","-0.9300","55.4100","75.8000","20.3800","33.1200","19.1100","21.6600","100.0000","50.9600","77.0700","25.4800","33.7600","31.8500","15.2900","17.2000","157","7/7/2025 11:42","6","4","1.5000","0.6000","0.4000","69.0000","86.0000","83.0000","50.0000","22.0000","-0.1600","-0.3370","-0.3600","0.0100","1.1100","56.6900","45.8600","47.7700","68.7900","86.6200","11","5","83.4400","27.0000","0.5100","0.5000","98.7300","3.0000","3.0300","4","85.3500","24.0000","0.6500","0","70.7000","47.0000","-0.3400","0.0000","70.7000","47.0000","-0.3700","0","70.7000","47.0000","-0.4800","0.4000","100.0000","1.0000","3.2400","0.0000","70.7000","47.0000","-0.5100","0.0000","96.1800","7.0000","-0.1800","0","96.1800","7.0000","-0.1500","0.0000","96.1800","7.0000","-0.1800","0","96.1800","7.0000","-0.1700","5","0","0"
"AAD2023.09.02768","331","37117","161","University of South Alabama","Mathematics and Statistics, Department of","Statistics","20","65.0000","105","97.0000","16","75.0000","6.5600","99.0000","437","123.0000","15","79.0000","0.9400","114.0000","2","106.0000","2","116.0000","449614.0000","118.0000","4","109.0000","3","104.0000","1","102.0000","1","97.0000","19","22","5","20","18","0.0500","-0.7800","118.0000","25.4800","0.0500","-0.7500","120.0000","24.2000","0.8000","-0.5600","121.0000","23.5700","5.2500","-0.5800","108.0000","31.8500","0.7500","-0.7800","128.0000","19.1100","21.8500","-0.6100","133.0000","15.9200","4.1600","-0.4300","147.0000","7.0100","0.1000","-0.8600","124.0000","21.6600","0.1000","-0.8600","131.0000","17.2000","22480.7000","-0.6600","119.0000","24.8400","224807.0000","-0.0900","70.0000","56.0500","0.2000","-0.6500","118.0000","25.4800","0.1500","-0.8500","123.0000","22.2900","-0.7000","128.0000","19.1100","-0.6700","-0.6700","-0.2800","-0.7100","-0.2100","-0.4600","-0.2166","-0.6100","-0.6300","-0.5600","-0.6400","-0.7400","-0.4500","-0.0600","34.3900","38.8500","50.3200","33.1200","52.8700","37.5800","28.0300","31.2100","35.6700","22.2900","25.4800","26.7500","38.8500","59.2400","157","7/7/2025 11:42","1","1","1.0000","0.0500","0.0500","117.0000","105.0000","119.0000","133.0000","133.0000","-0.8100","-0.6210","-0.6200","-0.6900","-1.0100","26.1100","33.7600","24.8400","15.9200","15.9200","11","2","58.6000","66.0000","-0.2600","0.1000","45.8600","86.0000","-0.2600","2","63.0600","59.0000","-0.1600","0","70.7000","47.0000","-0.3400","0.0000","70.7000","47.0000","-0.3700","0","70.7000","47.0000","-0.4800","0.1000","50.9600","78.0000","-0.1100","0.0000","70.7000","47.0000","-0.5100","0.0000","96.1800","7.0000","-0.1800","0","96.1800","7.0000","-0.1500","0.0000","96.1800","7.0000","-0.1800","0","96.1800","7.0000","-0.1700","5","0","0"
"AAD2023.09.02768","355","37147","161","Wake Forest University","Statistical Sciences, Department of","Statistics","10","131.0000","111","91.0000","10","124.0000","11.1000","32.0000","12403","8.0000","10","124.0000","1.0000","1.0000","2","106.0000","4","98.0000","1022605.0000","99.0000","2","127.0000","2","117.0000","0","127.0000","0","127.0000","19","22","5","20","18","0.0000","-1.2600","127.0000","19.7500","0.0000","-0.9800","127.0000","19.7500","1.0000","0.9000","1.0000","100.0000","11.1000","0.8800","29.0000","82.1700","1.0000","0.8800","1.0000","100.0000","1240.3000","5.2300","2.0000","99.3600","111.7400","2.9100","2.0000","99.3600","0.2000","-0.4400","86.0000","45.8600","0.4000","-0.3400","76.0000","52.2300","102260.5000","-0.3200","73.0000","54.1400","255651.2500","0.0400","60.0000","62.4200","0.2000","-0.6500","118.0000","25.4800","0.2000","-0.6400","107.0000","32.4800","0.1000","59.0000","63.0600","-0.8000","-1.0000","-0.7400","-0.7100","-0.7600","0.7300","0.5721","-0.6900","-0.7900","1.8600","-0.5400","-0.6200","-0.4000","-0.9300","26.1100","19.7500","21.6600","33.1200","21.6600","80.2500","100.0000","19.7500","19.7500","95.5400","37.5800","38.2200","42.6800","17.2000","157","7/7/2025 11:42","5","3","1.6700","0.5000","0.3000","84.0000","81.0000","89.0000","61.0000","44.0000","-0.3800","-0.2404","-0.4200","-0.1200","0.5000","47.1300","49.0400","43.9500","61.7800","72.6100","11","0","22.9300","122.0000","-0.7800","0.0000","22.9300","122.0000","-1.0900","0","22.9300","122.0000","-0.9600","0","70.7000","47.0000","-0.3400","0.0000","70.7000","47.0000","-0.3700","0","70.7000","47.0000","-0.4800","0.0000","22.9300","122.0000","-1.2200","0.0000","70.7000","47.0000","-0.5100","0.0000","96.1800","7.0000","-0.1800","0","96.1800","7.0000","-0.1500","0.0000","96.1800","7.0000","-0.1800","0","96.1800","7.0000","-0.1700","5","0","0"
"AAD2023.09.02768","317","37324","161","University of North Carolina Charlotte","Data Science, School of","Statistics","78","1.0000","807","1.0000","75","1.0000","10.7600","37.0000","35756","1.0000","78","1.0000","1.0000","1.0000","23","5.0000","45","8.0000","17045973.0000","8.0000","42","19.0000","23","5.0000","26","4.0000","14","2.0000","19","22","5","20","18","0.1800","0.4600","46.0000","71.3400","0.3300","0.5500","35.0000","78.3400","0.9600","0.6200","52.0000","67.5200","10.3500","0.6900","38.0000","76.4300","1.0000","0.8800","1.0000","100.0000","458.4100","1.4800","12.0000","92.9900","44.3100","0.8200","10.0000","94.2700","0.2900","-0.0300","69.0000","56.6900","0.5800","-0.0300","61.0000","61.7800","218538.1200","0.1700","45.0000","71.9700","378799.4000","0.5700","30.0000","81.5300","0.5400","-0.3200","80.0000","49.6800","0.2900","-0.2300","86.0000","45.8600","0.4000","39.0000","75.8000","2.0800","3.6300","5.4400","2.2400","5.2100","0.6400","0.5721","0.8800","3.2100","6.5800","2.2300","1.9200","5.2300","5.0100","97.4500","99.3600","100.0000","97.4500","100.0000","77.0700","100.0000","88.5400","98.0900","100.0000","95.5400","95.5400","100.0000","100.0000","157","7/7/2025 11:42","155","34","4.5600","1.9900","0.4400","1.0000","14.0000","1.0000","9.0000","17.0000","6.2900","1.4012","7.1900","1.7800","1.3200","100.0000","91.7200","100.0000","94.9000","89.8100","11","33","100.0000","1.0000","7.7400","0.4200","96.1800","7.0000","2.4000","16","100.0000","1.0000","5.4800","32","100.0000","1.0000","6.4500","0.4100","96.1800","7.0000","2.3300","6","100.0000","1.0000","4.7500","0.2100","84.7100","25.0000","1.0700","0.0800","90.4500","16.0000","1.2700","0.0400","98.7300","3.0000","4.1900","5","100.0000","1.0000","11.3800","0.0600","99.3600","2.0000","6.4500","3","100.0000","1.0000","9.9900","5","0","0"
"AAD2023.09.02768","66","37326","161","Emory University","Quantitative Theory and Methods, Department of","Statistics","18","77.0000","100","99.0000","17","70.0000","5.8800","111.0000","1621","77.0000","16","73.0000","0.9400","111.0000","4","78.0000","7","82.0000","1103788.0000","96.0000","20","49.0000","6","71.0000","12","15.0000","6","20.0000","19","22","5","20","18","0.3300","1.9400","6.0000","96.8200","0.6700","2.0700","7.0000","96.1800","0.9400","0.4900","62.0000","61.1500","5.5600","-0.5100","103.0000","35.0300","0.8900","0.1400","86.0000","45.8600","90.0600","-0.2800","68.0000","57.3200","16.2100","-0.0500","46.0000","71.3400","0.2200","-0.3400","80.0000","49.6800","0.3900","-0.3600","78.0000","50.9600","61321.5600","-0.5000","91.0000","42.6800","157684.0000","-0.3800","92.0000","42.0400","1.1100","0.2400","42.0000","73.8900","0.3300","-0.0700","67.0000","57.9600","0.0000","67.0000","57.9600","-0.2500","0.9900","-0.1900","-0.4300","-0.1200","-0.6400","-0.1702","0.0200","1.0600","-0.3200","-0.5200","-0.4300","-0.4900","-0.2300","55.4100","87.9000","54.1400","50.9600","56.0500","29.9400","29.9400","69.4300","91.0800","51.5900","39.4900","48.4100","37.5800","51.5900","157","7/7/2025 11:42","34","6","5.6700","1.8900","0.3300","41.0000","8.0000","16.0000","10.0000","35.0000","0.2700","2.0317","1.0600","1.6500","0.7000","74.5200","95.5400","90.4500","94.2700","78.3400","11","8","94.9000","9.0000","1.2900","0.4400","97.4500","5.0000","2.5800","4","85.3500","24.0000","0.6500","0","70.7000","47.0000","-0.3400","0.0000","70.7000","47.0000","-0.3700","0","70.7000","47.0000","-0.4800","0.2200","89.8100","17.0000","1.2600","0.0000","70.7000","47.0000","-0.5100","0.0000","96.1800","7.0000","-0.1800","0","96.1800","7.0000","-0.1500","0.0000","96.1800","7.0000","-0.1800","0","96.1800","7.0000","-0.1700","5","0","0"
"AAD2023.09.02768","65","37445","161","Eastern Michigan University","Mathematics and Statistics, Department of","Statistics","18","77.0000","39","138.0000","10","124.0000","3.9000","140.0000","94","150.0000","6","140.0000","0.5500","157.0000","2","106.0000","5","91.0000","483561.0000","116.0000","1","136.0000","1","131.0000","6","44.0000","1","97.0000","19","22","5","20","18","0.0600","-0.7300","115.0000","27.3900","0.3300","0.5500","35.0000","78.3400","0.5600","-2.3500","151.0000","4.4600","2.1700","-1.3600","144.0000","8.9200","0.3300","-3.5600","154.0000","2.5500","5.2200","-0.6900","155.0000","1.9100","2.4100","-0.4800","156.0000","1.2700","0.1100","-0.8200","119.0000","24.8400","0.2800","-0.5500","95.0000","40.1300","26864.5000","-0.6400","117.0000","26.1100","96712.2000","-0.6500","127.0000","19.7500","0.0600","-0.7900","146.0000","7.6400","0.0600","-1.2600","144.0000","8.9200","-1.1000","150.0000","5.1000","-0.9400","-0.6700","-1.1000","-0.7100","-0.7600","-1.1600","-5.1638","-0.7300","0.1300","-0.6300","-0.6300","-0.5600","-0.9800","-0.2300","17.2000","38.8500","11.4700","33.1200","21.6600","11.4700","0.6400","14.0100","72.6100","5.1000","26.7500","42.6800","12.7400","51.5900","157","7/7/2025 11:42","3","2","1.5000","0.1700","0.1100","100.0000","86.0000","106.0000","110.0000","109.0000","-0.5900","-0.3370","-0.5200","-0.5400","-0.6400","36.9400","45.8600","33.1200","30.5700","31.2100","11","0","22.9300","122.0000","-0.7800","0.0000","22.9300","122.0000","-1.0900","0","22.9300","122.0000","-0.9600","0","70.7000","47.0000","-0.3400","0.0000","70.7000","47.0000","-0.3700","0","70.7000","47.0000","-0.4800","0.0000","22.9300","122.0000","-1.2200","0.0000","70.7000","47.0000","-0.5100","0.0000","96.1800","7.0000","-0.1800","0","96.1800","7.0000","-0.1500","0.0000","96.1800","7.0000","-0.1800","0","96.1800","7.0000","-0.1700","5","0","0"
"AAD2023.09.02768","338","37622","161","University of the Incarnate Word","Mathematics and Statistics, Department of","Statistics","8","141.0000","16","150.0000","4","151.0000","4.0000","138.0000","146","146.0000","5","143.0000","1.0000","1.0000","0","138.0000","0","138.0000","0.0000","138.0000","0","147.0000","0","147.0000","0","127.0000","0","127.0000","19","22","5","20","18","0.0000","-1.2600","127.0000","19.7500","0.0000","-0.9800","127.0000","19.7500","0.5000","-2.7500","152.0000","3.8200","2.0000","-1.4000","147.0000","7.0100","0.6300","-1.6200","149.0000","5.7300","18.2500","-0.6300","141.0000","10.8300","9.1300","-0.2700","102.0000","35.6700","0.0000","-1.2900","138.0000","12.7400","0.0000","-1.0400","138.0000","12.7400","0.0000","-0.7600","138.0000","12.7400","0.0000","-1.0600","138.0000","12.7400","0.0000","-0.8500","147.0000","7.0100","0.0000","-1.5000","147.0000","7.0100","-0.9000","140.0000","11.4700","-1.0800","-1.0000","-1.1900","-0.9900","-1.3200","-1.1300","0.5721","-0.7700","-0.7900","-0.6200","-0.7200","-0.8700","-1.1700","-1.1000","7.0100","19.7500","9.5500","12.7400","4.4600","12.7400","100.0000","7.0100","19.7500","7.6400","12.7400","12.7400","5.1000","10.8300","157","7/7/2025 11:42","0","0","0.0000","0.0000","0.0000","137.0000","137.0000","137.0000","137.0000","137.0000","-1.0200","-1.1890","-0.6700","-0.7600","-1.3100","13.3800","13.3800","13.3800","13.3800","13.3800","11","2","58.6000","66.0000","-0.2600","0.2500","88.5400","19.0000","0.9700","2","63.0600","59.0000","-0.1600","0","70.7000","47.0000","-0.3400","0.0000","70.7000","47.0000","-0.3700","0","70.7000","47.0000","-0.4800","0.2500","95.5400","8.0000","1.5700","0.0000","70.7000","47.0000","-0.5100","0.0000","96.1800","7.0000","-0.1800","0","96.1800","7.0000","-0.1500","0.0000","96.1800","7.0000","-0.1800","0","96.1800","7.0000","-0.1700","5","0","0"
"AAD2023.09.02768","406","37728","161","University of Southern Maine","Mathematics and Statistics, Department of","Statistics","6","148.0000","11","155.0000","3","155.0000","3.6700","143.0000","53","155.0000","2","157.0000","0.6700","154.0000","0","138.0000","0","138.0000","0.0000","138.0000","1","136.0000","1","131.0000","0","127.0000","0","127.0000","19","22","5","20","18","0.0000","-1.2600","127.0000","19.7500","0.0000","-0.9800","127.0000","19.7500","0.5000","-2.7500","152.0000","3.8200","1.8300","-1.4400","151.0000","4.4600","0.3300","-3.5600","154.0000","2.5500","8.8300","-0.6700","147.0000","7.0100","4.8200","-0.4100","144.0000","8.9200","0.0000","-1.2900","138.0000","12.7400","0.0000","-1.0400","138.0000","12.7400","0.0000","-0.7600","138.0000","12.7400","0.0000","-1.0600","138.0000","12.7400","0.1700","-0.6800","123.0000","22.2900","0.1700","-0.7800","116.0000","26.7500","-1.1000","150.0000","5.1000","-0.9400","-1.0000","-1.4600","-0.9900","-1.4100","-1.2200","-3.6342","-0.7300","-0.7900","-0.6400","-0.7200","-0.8700","-1.2100","-1.2800","17.2000","19.7500","0.6400","12.7400","1.9100","9.5500","2.5500","14.0100","19.7500","1.9100","12.7400","12.7400","1.9100","6.3700","157","7/7/2025 11:42","1","1","1.0000","0.1700","0.1700","117.0000","105.0000","119.0000","110.0000","88.0000","-0.8100","-0.6210","-0.6200","-0.5400","-0.3000","26.1100","33.7600","24.8400","30.5700","44.5900","11","1","42.0400","92.0000","-0.5200","0.1700","67.5200","52.0000","0.2900","1","44.5900","88.0000","-0.5600","0","70.7000","47.0000","-0.3400","0.0000","70.7000","47.0000","-0.3700","0","70.7000","47.0000","-0.4800","0.1700","73.8900","42.0000","0.6400","0.0000","70.7000","47.0000","-0.5100","0.0000","96.1800","7.0000","-0.1800","0","96.1800","7.0000","-0.1500","0.0000","96.1800","7.0000","-0.1800","0","96.1800","7.0000","-0.1700","5","0","0"
"AAD2023.09.02768","537217","37882","161","California State University, Long Beach","Mathematics and Statistics, Department of","Statistics","35","14.0000","67","117.0000","22","43.0000","3.0500","146.0000","729","109.0000","22","39.0000","0.9200","128.0000","4","78.0000","4","98.0000","1181085.0000","94.0000","6","96.0000","5","82.0000","8","28.0000","6","20.0000","19","22","5","20","18","0.1700","0.3900","49.0000","69.4300","0.2300","0.0700","58.0000","63.6900","0.6300","-1.8100","146.0000","7.6400","1.9100","-1.4200","150.0000","5.1000","0.6300","-1.5900","148.0000","6.3700","20.8300","-0.6200","137.0000","13.3800","10.8800","-0.2200","85.0000","46.5000","0.1100","-0.8000","118.0000","25.4800","0.1100","-0.8400","128.0000","19.1100","33745.2900","-0.6100","109.0000","31.2100","295271.2500","0.2100","51.0000","68.1500","0.1700","-0.6800","122.0000","22.9300","0.1400","-0.8800","124.0000","21.6600","-1.0000","145.0000","8.2800","-0.3900","0.9900","0.3500","-0.4300","0.3400","-1.3800","-0.4795","-0.5300","0.4400","-0.5000","-0.5100","-0.6200","-0.7500","1.2600","48.4100","87.9000","75.8000","50.9600","73.2500","7.6400","19.1100","39.4900","82.8000","31.2100","40.7600","38.2200","26.1100","91.7200","157","7/7/2025 11:42","3","3","1.0000","0.0900","0.0900","84.0000","105.0000","106.0000","124.0000","122.0000","-0.3800","-0.6210","-0.5200","-0.6500","-0.7900","47.1300","33.7600","33.1200","21.6600","22.9300","11","0","22.9300","122.0000","-0.7800","0.0000","22.9300","122.0000","-1.0900","0","22.9300","122.0000","-0.9600","0","70.7000","47.0000","-0.3400","0.0000","70.7000","47.0000","-0.3700","0","70.7000","47.0000","-0.4800","0.0000","22.9300","122.0000","-1.2200","0.0000","70.7000","47.0000","-0.5100","0.0000","96.1800","7.0000","-0.1800","0","96.1800","7.0000","-0.1500","0.0000","96.1800","7.0000","-0.1800","0","96.1800","7.0000","-0.1700","5","0","0"
"AAD2023.09.02768","557699","38051","161","University of West Florida","Mathematics and Statistics, Department of","Statistics","14","115.0000","82","107.0000","14","93.0000","5.8600","113.0000","764","107.0000","12","112.0000","0.8600","142.0000","0","138.0000","0","138.0000","0.0000","138.0000","1","136.0000","1","131.0000","0","127.0000","0","127.0000","19","22","5","20","18","0.0000","-1.2600","127.0000","19.7500","0.0000","-0.9800","127.0000","19.7500","1.0000","0.9000","1.0000","100.0000","5.8600","-0.4300","100.0000","36.9400","0.8600","-0.0700","99.0000","37.5800","54.5700","-0.4500","105.0000","33.7600","9.3200","-0.2700","99.0000","37.5800","0.0000","-1.2900","138.0000","12.7400","0.0000","-1.0400","138.0000","12.7400","0.0000","-0.7600","138.0000","12.7400","0.0000","-1.0600","138.0000","12.7400","0.0700","-0.7800","141.0000","10.8300","0.0700","-1.1900","137.0000","13.3800","-0.4000","109.0000","31.2100","-0.9400","-1.0000","-0.5600","-0.9900","-0.4000","-0.6400","-1.2306","-0.7300","-0.7900","-0.4900","-0.7200","-0.8700","-0.6300","-0.5800","17.2000","19.7500","29.3000","12.7400","41.4000","28.6600","10.1900","14.0100","19.7500","32.4800","12.7400","12.7400","32.4800","27.3900","157","7/7/2025 11:42","4","3","1.3300","0.2900","0.2100","84.0000","94.0000","96.0000","87.0000","70.0000","-0.3800","-0.4335","-0.4700","-0.3900","-0.0200","47.1300","40.7600","39.4900","45.2200","56.0500","11","0","22.9300","122.0000","-0.7800","0.0000","22.9300","122.0000","-1.0900","0","22.9300","122.0000","-0.9600","0","70.7000","47.0000","-0.3400","0.0000","70.7000","47.0000","-0.3700","0","70.7000","47.0000","-0.4800","0.0000","22.9300","122.0000","-1.2200","0.0000","70.7000","47.0000","-0.5100","0.0000","96.1800","7.0000","-0.1800","0","96.1800","7.0000","-0.1500","0.0000","96.1800","7.0000","-0.1800","0","96.1800","7.0000","-0.1700","5","0","0"
"AAD2023.09.02768","557968","38070","161","University of Michigan, Dearborn","Mathematics and Statistics, Department of","Statistics","18","77.0000","37","140.0000","13","104.0000","2.8500","151.0000","145","147.0000","10","124.0000","0.6700","154.0000","3","92.0000","6","87.0000","1484158.0000","83.0000","3","116.0000","2","117.0000","2","84.0000","2","73.0000","19","22","5","20","18","0.1100","-0.1900","84.0000","47.1300","0.1100","-0.4700","94.0000","40.7600","0.7200","-1.1300","137.0000","13.3800","2.0600","-1.3800","145.0000","8.2800","0.5600","-2.0800","150.0000","5.1000","8.0600","-0.6800","148.0000","6.3700","3.9200","-0.4400","151.0000","4.4600","0.1700","-0.5800","101.0000","36.3100","0.3300","-0.4600","84.0000","47.1300","82453.2200","-0.4100","81.0000","49.0400","247359.6700","0.0100","62.0000","61.1500","0.1700","-0.6800","123.0000","22.2900","0.1100","-1.0200","130.0000","17.8300","-1.0000","145.0000","8.2800","-0.8000","-0.3400","-0.7400","-0.5700","-0.4900","-1.4400","-3.6342","-0.6500","-0.4800","-0.6200","-0.4600","-0.4900","-1.0000","-0.2300","26.1100","54.1400","21.6600","42.0400","34.3900","4.4600","2.5500","26.7500","47.1300","7.0100","47.7700","45.2200","11.4700","51.5900","157","7/7/2025 11:42","1","2","0.5000","0.0600","0.1100","100.0000","135.0000","119.0000","130.0000","109.0000","-0.5900","-0.9050","-0.6200","-0.6900","-0.6400","36.9400","14.6500","24.8400","17.8300","31.2100","11","0","22.9300","122.0000","-0.7800","0.0000","22.9300","122.0000","-1.0900","0","22.9300","122.0000","-0.9600","0","70.7000","47.0000","-0.3400","0.0000","70.7000","47.0000","-0.3700","0","70.7000","47.0000","-0.4800","0.0000","22.9300","122.0000","-1.2200","0.0000","70.7000","47.0000","-0.5100","0.0000","96.1800","7.0000","-0.1800","0","96.1800","7.0000","-0.1500","0.0000","96.1800","7.0000","-0.1800","0","96.1800","7.0000","-0.1700","5","0","0"
"AAD2023.09.02768","558793","38091","161","Coastal Carolina University","Mathematics and Statistics, Department of","Statistics","15","102.0000","17","149.0000","6","139.0000","2.8300","152.0000","88","152.0000","5","143.0000","0.7100","153.0000","0","138.0000","0","138.0000","0.0000","138.0000","0","147.0000","0","147.0000","1","102.0000","3","55.0000","19","22","5","20","18","0.2000","0.6600","34.0000","78.9800","0.0700","-0.6700","113.0000","28.6600","0.4000","-3.4800","157.0000","0.6400","1.1300","-1.6100","156.0000","1.2700","0.3300","-3.5600","154.0000","2.5500","5.8700","-0.6900","154.0000","2.5500","5.1800","-0.4000","139.0000","12.1000","0.0000","-1.2900","138.0000","12.7400","0.0000","-1.0400","138.0000","12.7400","0.0000","-0.7600","138.0000","12.7400","0.0000","-1.0600","138.0000","12.7400","0.0000","-0.8500","147.0000","7.0100","0.0000","-1.5000","147.0000","7.0100","-1.2000","156.0000","1.2700","-1.0800","-0.0100","-1.1900","-0.9900","-1.1300","-1.4400","-3.0333","-0.7700","-0.6300","-0.6300","-0.7200","-0.8700","-1.1600","-0.4900","7.0100","65.6100","9.5500","12.7400","12.1000","3.8200","3.1800","7.0100","35.6700","3.8200","12.7400","12.7400","5.7300","35.6700","157","7/7/2025 11:42","0","0","0.0000","0.0000","0.0000","137.0000","137.0000","137.0000","137.0000","137.0000","-1.0200","-1.1890","-0.6700","-0.7600","-1.3100","13.3800","13.3800","13.3800","13.3800","13.3800","11","0","22.9300","122.0000","-0.7800","0.0000","22.9300","122.0000","-1.0900","0","22.9300","122.0000","-0.9600","0","70.7000","47.0000","-0.3400","0.0000","70.7000","47.0000","-0.3700","0","70.7000","47.0000","-0.4800","0.0000","22.9300","122.0000","-1.2200","0.0000","70.7000","47.0000","-0.5100","0.0000","96.1800","7.0000","-0.1800","0","96.1800","7.0000","-0.1500","0.0000","96.1800","7.0000","-0.1800","0","96.1800","7.0000","-0.1700","5","0","0"
"AAD2023.09.02768","180","38326","161","Sam Houston State University","Mathematics and Statistics, Department of","Statistics","28","29.0000","70","116.0000","23","38.0000","3.0400","147.0000","306","134.0000","20","51.0000","0.8700","138.0000","0","138.0000","0","138.0000","0.0000","138.0000","2","127.0000","2","117.0000","1","102.0000","1","97.0000","19","22","5","20","18","0.0400","-0.9200","125.0000","21.0200","0.0400","-0.8100","126.0000","20.3800","0.8200","-0.4100","117.0000","26.1100","2.5000","-1.2700","142.0000","10.1900","0.7100","-1.0200","134.0000","15.2900","10.9300","-0.6600","146.0000","7.6400","4.3700","-0.4200","146.0000","7.6400","0.0000","-1.2900","138.0000","12.7400","0.0000","-1.0400","138.0000","12.7400","0.0000","-0.7600","138.0000","12.7400","0.0000","-1.0600","138.0000","12.7400","0.0700","-0.7800","141.0000","10.8300","0.0700","-1.1900","137.0000","13.3800","-0.9000","140.0000","11.4700","-0.8000","-0.6700","0.1700","-0.9900","0.4300","-1.3900","-1.0739","-0.6900","-0.6300","-0.5800","-0.7200","-0.8700","-0.7300","0.6400","26.1100","38.8500","68.1500","12.7400","76.4300","7.0100","12.7400","19.7500","35.6700","15.2900","12.7400","12.7400","26.7500","82.1700","157","7/7/2025 11:42","4","3","1.3300","0.1400","0.1100","84.0000","94.0000","96.0000","113.0000","114.0000","-0.3800","-0.4335","-0.4700","-0.5700","-0.6600","47.1300","40.7600","39.4900","28.6600","28.0300","11","4","78.3400","35.0000","0.2500","0.1400","58.6000","66.0000","0.0900","4","85.3500","24.0000","0.6500","0","70.7000","47.0000","-0.3400","0.0000","70.7000","47.0000","-0.3700","0","70.7000","47.0000","-0.4800","0.1400","64.9700","56.0000","0.3700","0.0000","70.7000","47.0000","-0.5100","0.0000","96.1800","7.0000","-0.1800","0","96.1800","7.0000","-0.1500","0.0000","96.1800","7.0000","-0.1800","0","96.1800","7.0000","-0.1700","5","0","0"
"AAD2023.09.02768","390","38599","161","Simmons University","Mathematics, Computing, and Statistics, Division of","Statistics","6","148.0000","9","156.0000","3","155.0000","3.0000","148.0000","273","136.0000","4","151.0000","1.0000","1.0000","1","126.0000","1","129.0000","97500.0000","135.0000","1","136.0000","1","131.0000","0","127.0000","0","127.0000","19","22","5","20","18","0.0000","-1.2600","127.0000","19.7500","0.0000","-0.9800","127.0000","19.7500","0.5000","-2.7500","152.0000","3.8200","1.5000","-1.5200","153.0000","3.1800","0.6700","-1.3400","140.0000","11.4700","45.5000","-0.5000","111.0000","29.9400","30.3300","0.3800","16.0000","90.4500","0.1700","-0.5800","101.0000","36.3100","0.1700","-0.7500","110.0000","30.5700","16250.0000","-0.6900","127.0000","19.7500","97500.0000","-0.6400","126.0000","20.3800","0.1700","-0.6800","123.0000","22.2900","0.1700","-0.7800","116.0000","26.7500","-0.9000","140.0000","11.4700","-0.9400","-1.0000","-1.2800","-0.8500","-1.4100","-1.4000","0.5721","-0.7300","-0.7900","-0.5900","-0.7000","-0.8000","-1.2200","-1.2800","17.2000","19.7500","4.4600","20.3800","1.9100","6.3700","100.0000","14.0100","19.7500","14.0100","14.6500","18.4700","1.2700","6.3700","157","7/7/2025 11:42","11","2","5.5000","1.8300","0.3300","100.0000","9.0000","60.0000","12.0000","35.0000","-0.5900","1.9351","-0.1100","1.5800","0.7000","36.9400","94.9000","62.4200","92.9900","78.3400","11","0","22.9300","122.0000","-0.7800","0.0000","22.9300","122.0000","-1.0900","0","22.9300","122.0000","-0.9600","0","70.7000","47.0000","-0.3400","0.0000","70.7000","47.0000","-0.3700","0","70.7000","47.0000","-0.4800","0.0000","22.9300","122.0000","-1.2200","0.0000","70.7000","47.0000","-0.5100","0.0000","96.1800","7.0000","-0.1800","0","96.1800","7.0000","-0.1500","0.0000","96.1800","7.0000","-0.1800","0","96.1800","7.0000","-0.1700","5","0","0"
"AAD2023.09.02768","525","38842","161","James Madison University","Mathematics and Statistics, Department of","Statistics","43","8.0000","49","132.0000","26","29.0000","1.8800","157.0000","196","143.0000","29","17.0000","0.8800","135.0000","4","78.0000","5","91.0000","1954265.0000","75.0000","4","109.0000","3","104.0000","21","7.0000","7","13.0000","19","22","5","20","18","0.1600","0.3000","52.0000","67.5200","0.4900","1.2500","16.0000","90.4500","0.6000","-1.9900","148.0000","6.3700","1.1400","-1.6100","155.0000","1.9100","0.6700","-1.2900","139.0000","12.1000","4.5600","-0.6900","157.0000","0.6400","4.0000","-0.4300","148.0000","6.3700","0.0900","-0.8900","127.0000","19.7500","0.1200","-0.8300","126.0000","20.3800","45448.0200","-0.5700","100.0000","36.9400","390853.0000","0.6300","25.0000","84.7100","0.0900","-0.7600","139.0000","12.1000","0.0700","-1.2000","139.0000","12.1000","-1.1000","150.0000","5.1000","-0.6700","1.3200","0.9900","-0.4300","0.7100","-1.6900","-0.9575","-0.6100","2.4400","-0.6100","-0.3800","-0.5600","-0.9000","1.9500","34.3900","92.3600","89.8100","50.9600","82.1700","0.6400","14.6500","31.2100","96.1800","9.5500","52.8700","42.6800","16.5600","95.5400","157","7/7/2025 11:42","6","4","1.5000","0.1400","0.0900","69.0000","86.0000","83.0000","115.0000","119.0000","-0.1600","-0.3370","-0.3600","-0.5800","-0.7500","56.6900","45.8600","47.7700","27.3900","24.8400","11","2","58.6000","66.0000","-0.2600","0.0500","28.6600","113.0000","-0.7000","2","63.0600","59.0000","-0.1600","0","70.7000","47.0000","-0.3400","0.0000","70.7000","47.0000","-0.3700","0","70.7000","47.0000","-0.4800","0.0500","29.3000","112.0000","-0.7100","0.0000","70.7000","47.0000","-0.5100","0.0000","96.1800","7.0000","-0.1800","0","96.1800","7.0000","-0.1500","0.0000","96.1800","7.0000","-0.1800","0","96.1800","7.0000","-0.1700","5","0","0"
"AAD2023.09.02768","534","38888","161","California State University, Sacramento","Math and Statistics, Department of","Statistics","26","38.0000","53","129.0000","19","64.0000","2.7900","153.0000","19495","3.0000","17","68.0000","0.8500","147.0000","3","92.0000","3","108.0000","210800.0000","127.0000","2","127.0000","2","117.0000","1","102.0000","1","97.0000","19","22","5","20","18","0.0400","-0.8900","123.0000","22.2900","0.0400","-0.8000","124.0000","21.6600","0.7300","-1.0700","135.0000","14.6500","2.0400","-1.3900","146.0000","7.6400","0.6500","-1.4200","145.0000","8.2800","749.8100","2.8800","4.0000","98.0900","367.8300","10.8700","1.0000","100.0000","0.1200","-0.8000","117.0000","26.1100","0.1200","-0.8400","127.0000","19.7500","8107.6900","-0.7200","134.0000","15.2900","70266.6700","-0.7600","132.0000","16.5600","0.0800","-0.7700","140.0000","11.4700","0.0800","-1.1700","136.0000","14.0100","-1.0000","145.0000","8.2800","-0.8000","-0.6700","-0.1000","-0.5700","0.0600","-1.4500","-1.3208","-0.6900","-0.6300","3.2900","-0.6800","-0.6800","-0.8700","0.4700","26.1100","38.8500","57.3200","42.0400","59.8700","3.1800","7.0100","19.7500","35.6700","98.7300","19.7500","31.8500","18.4700","76.4300","157","7/7/2025 11:42","0","0","0.0000","0.0000","0.0000","137.0000","137.0000","137.0000","137.0000","137.0000","-1.0200","-1.1890","-0.6700","-0.7600","-1.3100","13.3800","13.3800","13.3800","13.3800","13.3800","11","1","42.0400","92.0000","-0.5200","0.0400","26.7500","116.0000","-0.7700","1","44.5900","88.0000","-0.5600","0","70.7000","47.0000","-0.3400","0.0000","70.7000","47.0000","-0.3700","0","70.7000","47.0000","-0.4800","0.0400","27.3900","115.0000","-0.8000","0.0000","70.7000","47.0000","-0.5100","0.0000","96.1800","7.0000","-0.1800","0","96.1800","7.0000","-0.1500","0.0000","96.1800","7.0000","-0.1800","0","96.1800","7.0000","-0.1700","5","0","0"
"AAD2023.09.02768","537129","38972","161","Youngstown State University","Mathematics and Statistics, Department of","Statistics","12","123.0000","12","152.0000","5","144.0000","2.4000","155.0000","96","149.0000","4","151.0000","0.8000","150.0000","1","126.0000","1","129.0000","31108.0000","137.0000","3","116.0000","3","104.0000","1","102.0000","1","97.0000","19","22","5","20","18","0.0800","-0.4600","103.0000","35.0300","0.0800","-0.6000","108.0000","31.8500","0.4200","-3.3600","156.0000","1.2700","1.0000","-1.6500","157.0000","0.6400","0.3300","-3.5600","154.0000","2.5500","8.0000","-0.6800","149.0000","5.7300","8.0000","-0.3100","113.0000","28.6600","0.0800","-0.9400","129.0000","18.4700","0.0800","-0.8900","134.0000","15.2900","2592.3300","-0.7500","137.0000","13.3800","31108.0000","-0.9300","137.0000","13.3800","0.2500","-0.6000","109.0000","31.2100","0.2500","-0.4200","95.0000","40.1300","-1.2000","156.0000","1.2700","-0.6700","-0.6700","-1.2800","-0.8500","-1.2200","-1.5500","-1.9517","-0.6500","-0.6300","-0.6300","-0.7100","-0.8000","-1.2000","-0.7500","34.3900","38.8500","4.4600","20.3800","8.9200","1.9100","5.1000","26.7500","35.6700","5.7300","13.3800","18.4700","3.8200","22.2900","157","7/7/2025 11:42","0","0","0.0000","0.0000","0.0000","137.0000","137.0000","137.0000","137.0000","137.0000","-1.0200","-1.1890","-0.6700","-0.7600","-1.3100","13.3800","13.3800","13.3800","13.3800","13.3800","11","2","58.6000","66.0000","-0.2600","0.1700","67.5200","52.0000","0.2900","1","44.5900","88.0000","-0.5600","0","70.7000","47.0000","-0.3400","0.0000","70.7000","47.0000","-0.3700","0","70.7000","47.0000","-0.4800","0.0800","45.2200","87.0000","-0.2900","0.0000","70.7000","47.0000","-0.5100","0.0000","96.1800","7.0000","-0.1800","0","96.1800","7.0000","-0.1500","0.0000","96.1800","7.0000","-0.1800","0","96.1800","7.0000","-0.1700","5","0","0"
"AAD2023.09.02768","537919","39048","161","University of Minnesota - Duluth","Mathematics and Statistics, Department of","Statistics","18","77.0000","111","91.0000","16","75.0000","6.9400","94.0000","547","116.0000","15","79.0000","0.9400","114.0000","3","92.0000","5","91.0000","539304.0000","111.0000","16","60.0000","7","66.0000","8","28.0000","5","28.0000","19","22","5","20","18","0.2800","1.4100","14.0000","91.7200","0.4400","1.0500","19.0000","88.5400","0.8900","0.0900","93.0000","41.4000","6.1700","-0.3600","95.0000","40.1300","0.8300","-0.2300","108.0000","31.8500","30.3900","-0.5700","127.0000","19.7500","4.9300","-0.4100","142.0000","10.1900","0.1700","-0.5800","101.0000","36.3100","0.2800","-0.5500","95.0000","40.1300","29961.3300","-0.6300","113.0000","28.6600","107860.8000","-0.6000","122.0000","22.9300","0.8900","0.0200","53.0000","66.8800","0.3900","0.1700","62.0000","61.1500","-0.4000","109.0000","31.2100","-0.1200","0.6500","-0.2800","-0.5700","-0.2100","-0.3600","-0.2166","-0.1400","0.4400","-0.5400","-0.6200","-0.5600","-0.4000","-0.2300","58.6000","82.8000","50.3200","42.0400","52.8700","40.7600","28.0300","62.4200","82.8000","26.7500","29.9400","42.6800","42.6800","51.5900","157","7/7/2025 11:42","1","1","1.0000","0.0600","0.0600","117.0000","105.0000","119.0000","130.0000","131.0000","-0.8100","-0.6210","-0.6200","-0.6900","-0.9800","26.1100","33.7600","24.8400","17.8300","17.2000","11","4","78.3400","35.0000","0.2500","0.2200","82.1700","29.0000","0.7400","4","85.3500","24.0000","0.6500","0","70.7000","47.0000","-0.3400","0.0000","70.7000","47.0000","-0.3700","0","70.7000","47.0000","-0.4800","0.2200","89.8100","17.0000","1.2600","0.0000","70.7000","47.0000","-0.5100","0.0000","96.1800","7.0000","-0.1800","0","96.1800","7.0000","-0.1500","0.0000","96.1800","7.0000","-0.1800","0","96.1800","7.0000","-0.1700","5","0","0"
"AAD2023.09.02768","556862","39263","161","Southern Illinois University, Edwardsville","Mathematics and Statistics, Department of","Statistics","15","102.0000","45","134.0000","13","104.0000","3.4600","144.0000","717","110.0000","14","92.0000","1.0000","1.0000","0","138.0000","0","138.0000","0.0000","138.0000","1","136.0000","1","131.0000","2","84.0000","2","73.0000","19","22","5","20","18","0.1300","0.0200","69.0000","56.6900","0.1300","-0.3700","85.0000","46.5000","0.8700","-0.0700","102.0000","35.6700","3.0000","-1.1500","137.0000","13.3800","0.9300","0.4400","67.0000","57.9600","47.8000","-0.4900","108.0000","31.8500","15.9300","-0.0600","47.0000","70.7000","0.0000","-1.2900","138.0000","12.7400","0.0000","-1.0400","138.0000","12.7400","0.0000","-0.7600","138.0000","12.7400","0.0000","-1.0600","138.0000","12.7400","0.0700","-0.7800","143.0000","9.5500","0.0700","-1.2100","140.0000","11.4700","-0.7000","128.0000","19.1100","-0.9400","-0.3400","-0.3700","-0.9900","-0.4900","-1.2700","0.5721","-0.7300","-0.4800","-0.5000","-0.7200","-0.8700","-0.9300","-0.4900","17.2000","54.1400","42.0400","12.7400","34.3900","8.9200","100.0000","14.0100","47.1300","30.5700","12.7400","12.7400","15.2900","35.6700","157","7/7/2025 11:42","1","1","1.0000","0.0700","0.0700","117.0000","105.0000","119.0000","126.0000","127.0000","-0.8100","-0.6210","-0.6200","-0.6700","-0.9100","26.1100","33.7600","24.8400","20.3800","19.7500","11","0","22.9300","122.0000","-0.7800","0.0000","22.9300","122.0000","-1.0900","0","22.9300","122.0000","-0.9600","0","70.7000","47.0000","-0.3400","0.0000","70.7000","47.0000","-0.3700","0","70.7000","47.0000","-0.4800","0.0000","22.9300","122.0000","-1.2200","0.0000","70.7000","47.0000","-0.5100","0.0000","96.1800","7.0000","-0.1800","0","96.1800","7.0000","-0.1500","0.0000","96.1800","7.0000","-0.1800","0","96.1800","7.0000","-0.1700","5","0","0"
"AAD2023.09.02768","399","40048","161","University of North Carolina Wilmington","Mathematics & Statistics, Department of","Statistics","26","38.0000","82","107.0000","20","55.0000","4.1000","136.0000","451","122.0000","20","51.0000","0.9500","104.0000","2","106.0000","4","98.0000","627167.0000","107.0000","3","116.0000","3","104.0000","6","44.0000","4","39.0000","19","22","5","20","18","0.1500","0.2200","54.0000","66.2400","0.2300","0.0800","56.0000","64.9700","0.7700","-0.7900","127.0000","19.7500","3.1500","-1.1100","136.0000","14.0100","0.7700","-0.6500","126.0000","20.3800","17.3500","-0.6300","142.0000","10.1900","5.5000","-0.3900","133.0000","15.9200","0.0800","-0.9600","133.0000","15.9200","0.1500","-0.7700","117.0000","26.1100","24121.8100","-0.6600","118.0000","25.4800","156791.7500","-0.3900","94.0000","40.7600","0.1200","-0.7300","135.0000","14.6500","0.1200","-1.0000","129.0000","18.4700","-0.9000","140.0000","11.4700","-0.6700","0.3200","0.1700","-0.7100","0.1500","-1.1100","-0.0589","-0.6500","0.1300","-0.5600","-0.6100","-0.6200","-0.6300","0.4700","34.3900","75.8000","68.1500","33.1200","65.6100","14.0100","34.3900","26.7500","72.6100","22.9300","32.4800","38.2200","32.4800","76.4300","157","7/7/2025 11:42","2","2","1.0000","0.0800","0.0800","100.0000","105.0000","113.0000","125.0000","124.0000","-0.5900","-0.6210","-0.5700","-0.6600","-0.8500","36.9400","33.7600","28.6600","21.0200","21.6600","11","2","58.6000","66.0000","-0.2600","0.0800","38.8500","97.0000","-0.4500","2","63.0600","59.0000","-0.1600","2","87.9000","20.0000","0.0800","0.0800","80.8900","31.0000","0.1400","3","96.1800","7.0000","2.1300","0.0800","42.0400","92.0000","-0.3700","0.1200","95.5400","8.0000","2.1700","0.0000","96.1800","7.0000","-0.1800","0","96.1800","7.0000","-0.1500","0.0000","96.1800","7.0000","-0.1800","0","96.1800","7.0000","-0.1700","5","0","0"
